ts,symbol,open,high,low,close,volume
2026-06-03T04:10:00.000Z,6E,1.1632499694824219,1.1632499694824219,1.1632499694824219,1.1632499694824219,0
2026-06-03T04:12:00.000Z,6E,1.1632499694824219,1.1632499694824219,1.1632499694824219,1.1632499694824219,8
2026-06-03T04:14:00.000Z,6E,1.1632000207901,1.1632499694824219,1.1632000207901,1.1632499694824219,5
2026-06-03T04:16:00.000Z,6E,1.1632000207901,1.1632000207901,1.1632000207901,1.1632000207901,3
2026-06-03T04:17:00.000Z,6E,1.1632499694824219,1.1632499694824219,1.1632499694824219,1.1632499694824219,17
2026-06-03T04:18:00.000Z,6E,1.1632499694824219,1.1632499694824219,1.1632499694824219,1.1632499694824219,2
2026-06-03T04:19:00.000Z,6E,1.1632499694824219,1.1632499694824219,1.1632499694824219,1.1632499694824219,3
2026-06-03T04:20:00.000Z,6E,1.1632499694824219,1.1632499694824219,1.1632499694824219,1.1632499694824219,5
2026-06-03T04:21:00.000Z,6E,1.1632000207901,1.1632000207901,1.1632000207901,1.1632000207901,4
2026-06-03T04:23:00.000Z,6E,1.1632000207901,1.1632000207901,1.1631499528884888,1.1631499528884888,38
2026-06-03T04:24:00.000Z,6E,1.1632000207901,1.1632000207901,1.1632000207901,1.1632000207901,2
2026-06-03T04:27:00.000Z,6E,1.1632000207901,1.1632000207901,1.1632000207901,1.1632000207901,1
2026-06-03T04:28:00.000Z,6E,1.1631499528884888,1.1631499528884888,1.163100004196167,1.163100004196167,35
2026-06-03T04:29:00.000Z,6E,1.1631499528884888,1.1631499528884888,1.1631499528884888,1.1631499528884888,4
2026-06-03T04:30:00.000Z,6E,1.163100004196167,1.1632000207901,1.163100004196167,1.1632000207901,15
2026-06-03T04:33:00.000Z,6E,1.1631499528884888,1.1631499528884888,1.1631499528884888,1.1631499528884888,2
2026-06-03T04:35:00.000Z,6E,1.1631499528884888,1.1631499528884888,1.1631499528884888,1.1631499528884888,1
2026-06-03T04:36:00.000Z,6E,1.1631499528884888,1.1631499528884888,1.1631499528884888,1.1631499528884888,1
2026-06-03T04:37:00.000Z,6E,1.1631499528884888,1.1631499528884888,1.1631499528884888,1.1631499528884888,12
2026-06-03T04:38:00.000Z,6E,1.1631499528884888,1.1631499528884888,1.1631499528884888,1.1631499528884888,18
2026-06-03T04:41:00.000Z,6E,1.1631499528884888,1.1631499528884888,1.1631499528884888,1.1631499528884888,12
2026-06-03T04:42:00.000Z,6E,1.1631499528884888,1.1631499528884888,1.1631499528884888,1.1631499528884888,11
2026-06-03T04:43:00.000Z,6E,1.1631499528884888,1.1631499528884888,1.1631499528884888,1.1631499528884888,1
2026-06-03T04:44:00.000Z,6E,1.1632000207901,1.1632000207901,1.1632000207901,1.1632000207901,15
2026-06-03T04:45:00.000Z,6E,1.1631499528884888,1.1631499528884888,1.1631499528884888,1.1631499528884888,7
2026-06-03T04:46:00.000Z,6E,1.1631499528884888,1.1631499528884888,1.1631499528884888,1.1631499528884888,13
2026-06-03T04:47:00.000Z,6E,1.1631499528884888,1.1631499528884888,1.1631499528884888,1.1631499528884888,2
2026-06-03T04:49:00.000Z,6E,1.1631499528884888,1.1631499528884888,1.163100004196167,1.163100004196167,14
2026-06-03T04:50:00.000Z,6E,1.163100004196167,1.163100004196167,1.163100004196167,1.163100004196167,14
2026-06-03T04:51:00.000Z,6E,1.163100004196167,1.163100004196167,1.1630500555038452,1.1630500555038452,26
2026-06-03T04:52:00.000Z,6E,1.1630500555038452,1.163100004196167,1.1630500555038452,1.163100004196167,9
2026-06-03T04:53:00.000Z,6E,1.1631499528884888,1.1631499528884888,1.1631499528884888,1.1631499528884888,15
2026-06-03T04:55:00.000Z,6E,1.1631499528884888,1.1631499528884888,1.1631499528884888,1.1631499528884888,7
2026-06-03T04:57:00.000Z,6E,1.1631499528884888,1.1632000207901,1.1631499528884888,1.1632000207901,21
2026-06-03T04:59:00.000Z,6E,1.1632000207901,1.1632000207901,1.1632000207901,1.1632000207901,7
2026-06-03T05:00:00.000Z,6E,1.1632499694824219,1.1632499694824219,1.1632000207901,1.1632000207901,23
2026-06-03T05:01:00.000Z,6E,1.1631499528884888,1.1631499528884888,1.163100004196167,1.163100004196167,8
2026-06-03T05:02:00.000Z,6E,1.1631499528884888,1.1631499528884888,1.1631499528884888,1.1631499528884888,36
2026-06-03T05:03:00.000Z,6E,1.1632000207901,1.1632000207901,1.1631499528884888,1.1631499528884888,27
2026-06-03T05:04:00.000Z,6E,1.1632000207901,1.1632000207901,1.1632000207901,1.1632000207901,1
2026-06-03T05:06:00.000Z,6E,1.1632499694824219,1.1632499694824219,1.1632499694824219,1.1632499694824219,1
2026-06-03T05:07:00.000Z,6E,1.1632499694824219,1.1632499694824219,1.1632499694824219,1.1632499694824219,12
2026-06-03T05:08:00.000Z,6E,1.1633000373840332,1.163349986076355,1.1633000373840332,1.1633000373840332,48
2026-06-03T05:09:00.000Z,6E,1.163349986076355,1.163349986076355,1.163349986076355,1.163349986076355,15
2026-06-03T05:12:00.000Z,6E,1.1633000373840332,1.1633000373840332,1.1633000373840332,1.1633000373840332,1
2026-06-03T05:14:00.000Z,6E,1.1632499694824219,1.1632499694824219,1.1632499694824219,1.1632499694824219,13
2026-06-03T05:15:00.000Z,6E,1.1633000373840332,1.163349986076355,1.1633000373840332,1.163349986076355,6
2026-06-03T05:16:00.000Z,6E,1.1633000373840332,1.1633000373840332,1.1633000373840332,1.1633000373840332,24
2026-06-03T05:17:00.000Z,6E,1.1633000373840332,1.1633000373840332,1.1633000373840332,1.1633000373840332,33
2026-06-03T05:19:00.000Z,6E,1.1632499694824219,1.1632499694824219,1.1632499694824219,1.1632499694824219,1
2026-06-03T05:20:00.000Z,6E,1.1632499694824219,1.1632499694824219,1.1632499694824219,1.1632499694824219,1
2026-06-03T05:21:00.000Z,6E,1.1632499694824219,1.1632499694824219,1.1632499694824219,1.1632499694824219,1
2026-06-03T05:23:00.000Z,6E,1.1631499528884888,1.1631499528884888,1.1631499528884888,1.1631499528884888,8
2026-06-03T05:24:00.000Z,6E,1.1631499528884888,1.1631499528884888,1.1631499528884888,1.1631499528884888,7
2026-06-03T05:26:00.000Z,6E,1.163100004196167,1.163100004196167,1.1630500555038452,1.1630500555038452,33
2026-06-03T05:27:00.000Z,6E,1.1629999876022339,1.1629999876022339,1.1628999710083008,1.1628999710083008,60
2026-06-03T05:28:00.000Z,6E,1.162850022315979,1.1628999710083008,1.1627999544143677,1.162850022315979,39
2026-06-03T05:29:00.000Z,6E,1.1628999710083008,1.1628999710083008,1.1627999544143677,1.1627999544143677,24
2026-06-03T05:30:00.000Z,6E,1.162850022315979,1.1628999710083008,1.1627999544143677,1.1627999544143677,40
2026-06-03T05:31:00.000Z,6E,1.1627999544143677,1.162850022315979,1.1627999544143677,1.162850022315979,50
2026-06-03T05:32:00.000Z,6E,1.1628999710083008,1.1628999710083008,1.162850022315979,1.1628999710083008,38
2026-06-03T05:33:00.000Z,6E,1.162850022315979,1.1628999710083008,1.1627999544143677,1.1628999710083008,36
2026-06-03T05:34:00.000Z,6E,1.1628999710083008,1.162950038909912,1.162850022315979,1.1628999710083008,23
2026-06-03T05:35:00.000Z,6E,1.1628999710083008,1.162950038909912,1.1628999710083008,1.162950038909912,18
2026-06-03T05:36:00.000Z,6E,1.1629999876022339,1.1629999876022339,1.162950038909912,1.162950038909912,17
2026-06-03T05:37:00.000Z,6E,1.162950038909912,1.1630500555038452,1.1628999710083008,1.1630500555038452,68
2026-06-03T05:38:00.000Z,6E,1.1630500555038452,1.1630500555038452,1.1628999710083008,1.1628999710083008,10
2026-06-03T05:39:00.000Z,6E,1.162950038909912,1.162950038909912,1.1628999710083008,1.1628999710083008,24
2026-06-03T05:40:00.000Z,6E,1.162950038909912,1.162950038909912,1.162950038909912,1.162950038909912,1
2026-06-03T05:41:00.000Z,6E,1.162950038909912,1.162950038909912,1.1628999710083008,1.1628999710083008,6
2026-06-03T05:42:00.000Z,6E,1.162950038909912,1.162950038909912,1.1628999710083008,1.1628999710083008,6
2026-06-03T05:43:00.000Z,6E,1.1628999710083008,1.162950038909912,1.1628999710083008,1.162950038909912,33
2026-06-03T05:44:00.000Z,6E,1.1628999710083008,1.162950038909912,1.162850022315979,1.162850022315979,16
2026-06-03T05:45:00.000Z,6E,1.162850022315979,1.162850022315979,1.162850022315979,1.162850022315979,13
2026-06-03T05:46:00.000Z,6E,1.1628999710083008,1.1628999710083008,1.1628999710083008,1.1628999710083008,12
2026-06-03T05:47:00.000Z,6E,1.162950038909912,1.162950038909912,1.1628999710083008,1.1628999710083008,12
2026-06-03T05:48:00.000Z,6E,1.162950038909912,1.162950038909912,1.1628999710083008,1.1628999710083008,10
2026-06-03T05:49:00.000Z,6E,1.1628999710083008,1.1629999876022339,1.1628999710083008,1.1629999876022339,61
2026-06-03T05:50:00.000Z,6E,1.162950038909912,1.162950038909912,1.1628999710083008,1.1628999710083008,9
2026-06-03T05:51:00.000Z,6E,1.162850022315979,1.162850022315979,1.1627999544143677,1.162850022315979,70
2026-06-03T05:52:00.000Z,6E,1.162850022315979,1.1628999710083008,1.162850022315979,1.1628999710083008,12
2026-06-03T05:53:00.000Z,6E,1.1628999710083008,1.1628999710083008,1.162850022315979,1.162850022315979,5
2026-06-03T05:54:00.000Z,6E,1.1628999710083008,1.1628999710083008,1.162850022315979,1.162850022315979,634
2026-06-03T05:55:00.000Z,6E,1.162850022315979,1.162850022315979,1.162750005722046,1.162750005722046,18
2026-06-03T05:56:00.000Z,6E,1.1627000570297241,1.1627000570297241,1.1627000570297241,1.1627000570297241,5
2026-06-03T05:57:00.000Z,6E,1.1627000570297241,1.1627000570297241,1.1626499891281128,1.1626499891281128,31
2026-06-03T05:58:00.000Z,6E,1.1626499891281128,1.1626499891281128,1.1625499725341797,1.1625499725341797,155
2026-06-03T05:59:00.000Z,6E,1.1625499725341797,1.1625499725341797,1.162500023841858,1.162500023841858,86
2026-06-03T06:00:00.000Z,6E,1.1625499725341797,1.162600040435791,1.162500023841858,1.1625499725341797,170
2026-06-03T06:01:00.000Z,6E,1.162600040435791,1.162600040435791,1.162500023841858,1.1625499725341797,62
2026-06-03T06:02:00.000Z,6E,1.162500023841858,1.1626499891281128,1.162500023841858,1.162600040435791,94
2026-06-03T06:03:00.000Z,6E,1.1627000570297241,1.162850022315979,1.1626499891281128,1.162850022315979,111
2026-06-03T06:04:00.000Z,6E,1.1627999544143677,1.1628999710083008,1.162750005722046,1.1627999544143677,263
2026-06-03T06:05:00.000Z,6E,1.1627999544143677,1.1627999544143677,1.1627000570297241,1.162750005722046,82
2026-06-03T06:06:00.000Z,6E,1.1627999544143677,1.162850022315979,1.1627000570297241,1.1627000570297241,48
2026-06-03T06:07:00.000Z,6E,1.162750005722046,1.162750005722046,1.162600040435791,1.1627000570297241,78
2026-06-03T06:08:00.000Z,6E,1.1627000570297241,1.1627000570297241,1.1626499891281128,1.1627000570297241,23
2026-06-03T06:09:00.000Z,6E,1.1627000570297241,1.162750005722046,1.1624499559402466,1.1624499559402466,50
2026-06-03T06:10:00.000Z,6E,1.1624000072479248,1.1624000072479248,1.16225004196167,1.1622999906539917,338
2026-06-03T06:11:00.000Z,6E,1.1622999906539917,1.1622999906539917,1.1621500253677368,1.1621500253677368,148
2026-06-03T06:12:00.000Z,6E,1.1620999574661255,1.1621999740600586,1.1620999574661255,1.1621500253677368,57
2026-06-03T06:13:00.000Z,6E,1.1620999574661255,1.1621500253677368,1.1620999574661255,1.1620999574661255,73
2026-06-03T06:14:00.000Z,6E,1.1620999574661255,1.162350058555603,1.1620999574661255,1.162350058555603,112
2026-06-03T06:15:00.000Z,6E,1.1624000072479248,1.1624000072479248,1.1622999906539917,1.162350058555603,96
2026-06-03T06:16:00.000Z,6E,1.1624000072479248,1.162500023841858,1.162350058555603,1.162350058555603,119
2026-06-03T06:17:00.000Z,6E,1.1622999906539917,1.1624499559402466,1.1622999906539917,1.1624499559402466,52
2026-06-03T06:18:00.000Z,6E,1.1624499559402466,1.1624499559402466,1.1624499559402466,1.1624499559402466,20
2026-06-03T06:19:00.000Z,6E,1.1624000072479248,1.1624000072479248,1.162350058555603,1.1624000072479248,13
2026-06-03T06:20:00.000Z,6E,1.1624499559402466,1.162500023841858,1.16225004196167,1.16225004196167,106
2026-06-03T06:21:00.000Z,6E,1.1622999906539917,1.1622999906539917,1.1621500253677368,1.1621500253677368,40
2026-06-03T06:22:00.000Z,6E,1.1621500253677368,1.1621500253677368,1.1620999574661255,1.1620999574661255,11
2026-06-03T06:23:00.000Z,6E,1.1620999574661255,1.1620999574661255,1.1619000434875488,1.1619499921798706,484
2026-06-03T06:24:00.000Z,6E,1.1619499921798706,1.1619499921798706,1.1619000434875488,1.1619499921798706,49
2026-06-03T06:25:00.000Z,6E,1.1619499921798706,1.1619999408721924,1.1619000434875488,1.1619999408721924,21
2026-06-03T06:26:00.000Z,6E,1.1619999408721924,1.1621999740600586,1.1619999408721924,1.1621999740600586,195
2026-06-03T06:27:00.000Z,6E,1.16225004196167,1.16225004196167,1.1621500253677368,1.16225004196167,156
2026-06-03T06:28:00.000Z,6E,1.16225004196167,1.16225004196167,1.1621500253677368,1.1621999740600586,79
2026-06-03T06:29:00.000Z,6E,1.16225004196167,1.162350058555603,1.1621999740600586,1.16225004196167,108
2026-06-03T06:30:00.000Z,6E,1.1621999740600586,1.1622999906539917,1.1621500253677368,1.16225004196167,122
2026-06-03T06:31:00.000Z,6E,1.1621999740600586,1.1624499559402466,1.1621500253677368,1.1624499559402466,190
2026-06-03T06:32:00.000Z,6E,1.1624499559402466,1.162500023841858,1.162350058555603,1.162350058555603,270
2026-06-03T06:33:00.000Z,6E,1.162350058555603,1.162350058555603,1.1621999740600586,1.1621999740600586,75
2026-06-03T06:34:00.000Z,6E,1.16225004196167,1.162350058555603,1.1621999740600586,1.1622999906539917,53
2026-06-03T06:35:00.000Z,6E,1.1622999906539917,1.1624000072479248,1.1622999906539917,1.162350058555603,25
2026-06-03T06:36:00.000Z,6E,1.162350058555603,1.1624499559402466,1.162350058555603,1.1624000072479248,53
2026-06-03T06:37:00.000Z,6E,1.1624000072479248,1.1624000072479248,1.1624000072479248,1.1624000072479248,28
2026-06-03T06:38:00.000Z,6E,1.162350058555603,1.1624000072479248,1.16225004196167,1.16225004196167,99
2026-06-03T06:39:00.000Z,6E,1.16225004196167,1.16225004196167,1.1621999740600586,1.16225004196167,16
2026-06-03T06:40:00.000Z,6E,1.16225004196167,1.1622999906539917,1.1621500253677368,1.1621500253677368,40
2026-06-03T06:41:00.000Z,6E,1.1621500253677368,1.1621500253677368,1.1620500087738037,1.1620500087738037,23
2026-06-03T06:42:00.000Z,6E,1.1620500087738037,1.16225004196167,1.1620500087738037,1.16225004196167,113
2026-06-03T06:43:00.000Z,6E,1.1621999740600586,1.1622999906539917,1.1620500087738037,1.1621999740600586,518
2026-06-03T06:44:00.000Z,6E,1.1621500253677368,1.1621500253677368,1.1619999408721924,1.1620500087738037,48
2026-06-03T06:45:00.000Z,6E,1.1620500087738037,1.1620500087738037,1.1619999408721924,1.1619999408721924,33
2026-06-03T06:46:00.000Z,6E,1.1619999408721924,1.1620999574661255,1.1619999408721924,1.1620500087738037,92
2026-06-03T06:47:00.000Z,6E,1.1620999574661255,1.1620999574661255,1.1619999408721924,1.1619999408721924,74
2026-06-03T06:48:00.000Z,6E,1.1620500087738037,1.1620999574661255,1.1620500087738037,1.1620999574661255,22
2026-06-03T06:49:00.000Z,6E,1.1620500087738037,1.1620500087738037,1.1619999408721924,1.1619999408721924,23
2026-06-03T06:50:00.000Z,6E,1.1619999408721924,1.1620500087738037,1.1619999408721924,1.1619999408721924,33
2026-06-03T06:51:00.000Z,6E,1.1619999408721924,1.1621500253677368,1.1619499921798706,1.1620500087738037,55
2026-06-03T06:52:00.000Z,6E,1.1620500087738037,1.1621500253677368,1.1620500087738037,1.1621500253677368,37
2026-06-03T06:53:00.000Z,6E,1.1621500253677368,1.1621500253677368,1.1621500253677368,1.1621500253677368,10
2026-06-03T06:54:00.000Z,6E,1.1621999740600586,1.16225004196167,1.1621500253677368,1.16225004196167,28
2026-06-03T06:55:00.000Z,6E,1.16225004196167,1.16225004196167,1.1621500253677368,1.1621999740600586,23
2026-06-03T06:56:00.000Z,6E,1.16225004196167,1.1622999906539917,1.1621999740600586,1.1621999740600586,41
2026-06-03T06:57:00.000Z,6E,1.1621999740600586,1.162350058555603,1.1621500253677368,1.162350058555603,68
2026-06-03T06:58:00.000Z,6E,1.162350058555603,1.162350058555603,1.16225004196167,1.1622999906539917,29
2026-06-03T06:59:00.000Z,6E,1.1622999906539917,1.1622999906539917,1.16225004196167,1.1622999906539917,86
2026-06-03T07:00:00.000Z,6E,1.1622999906539917,1.1622999906539917,1.1621500253677368,1.1621999740600586,225
2026-06-03T07:01:00.000Z,6E,1.1621999740600586,1.1621999740600586,1.1619499921798706,1.1620500087738037,175
2026-06-03T07:02:00.000Z,6E,1.1620500087738037,1.1620999574661255,1.1620500087738037,1.1620500087738037,77
2026-06-03T07:03:00.000Z,6E,1.1620500087738037,1.1621500253677368,1.1619999408721924,1.1619999408721924,64
2026-06-03T07:04:00.000Z,6E,1.1619999408721924,1.1620999574661255,1.1619999408721924,1.1620500087738037,93
2026-06-03T07:05:00.000Z,6E,1.1620500087738037,1.1621500253677368,1.1620500087738037,1.1620500087738037,70
2026-06-03T07:06:00.000Z,6E,1.1620500087738037,1.1621500253677368,1.1620500087738037,1.1621500253677368,31
2026-06-03T07:07:00.000Z,6E,1.1620999574661255,1.1621999740600586,1.1620999574661255,1.1620999574661255,103
2026-06-03T07:08:00.000Z,6E,1.1621500253677368,1.1621999740600586,1.1621500253677368,1.1621999740600586,61
2026-06-03T07:09:00.000Z,6E,1.1621500253677368,1.162350058555603,1.1621500253677368,1.1622999906539917,126
2026-06-03T07:10:00.000Z,6E,1.1622999906539917,1.162500023841858,1.1622999906539917,1.162500023841858,145
2026-06-03T07:11:00.000Z,6E,1.162500023841858,1.1625499725341797,1.162500023841858,1.1625499725341797,137
2026-06-03T07:12:00.000Z,6E,1.1625499725341797,1.1627000570297241,1.1625499725341797,1.1626499891281128,133
2026-06-03T07:13:00.000Z,6E,1.1627000570297241,1.1627000570297241,1.162600040435791,1.162600040435791,78
2026-06-03T07:14:00.000Z,6E,1.162600040435791,1.162600040435791,1.1624499559402466,1.162500023841858,64
2026-06-03T07:15:00.000Z,6E,1.1624499559402466,1.1625499725341797,1.1624499559402466,1.1625499725341797,40
2026-06-03T07:16:00.000Z,6E,1.1625499725341797,1.162600040435791,1.1625499725341797,1.1625499725341797,30
2026-06-03T07:17:00.000Z,6E,1.1625499725341797,1.1625499725341797,1.162500023841858,1.162500023841858,68
2026-06-03T07:18:00.000Z,6E,1.1624499559402466,1.1625499725341797,1.1624499559402466,1.1624499559402466,71
2026-06-03T07:19:00.000Z,6E,1.1624499559402466,1.1625499725341797,1.1624499559402466,1.162500023841858,44
2026-06-03T07:20:00.000Z,6E,1.1624499559402466,1.1624499559402466,1.1624000072479248,1.1624000072479248,11
2026-06-03T07:21:00.000Z,6E,1.1624000072479248,1.162500023841858,1.1624000072479248,1.162500023841858,28
2026-06-03T07:22:00.000Z,6E,1.1624499559402466,1.1625499725341797,1.1624000072479248,1.1624000072479248,41
2026-06-03T07:23:00.000Z,6E,1.1624000072479248,1.1624000072479248,1.16225004196167,1.16225004196167,38
2026-06-03T07:24:00.000Z,6E,1.1622999906539917,1.1622999906539917,1.1622999906539917,1.1622999906539917,14
2026-06-03T07:25:00.000Z,6E,1.1622999906539917,1.162350058555603,1.1622999906539917,1.162350058555603,9
2026-06-03T07:26:00.000Z,6E,1.162350058555603,1.162350058555603,1.1621999740600586,1.1621999740600586,47
2026-06-03T07:27:00.000Z,6E,1.1621999740600586,1.1621999740600586,1.1621999740600586,1.1621999740600586,9
2026-06-03T07:28:00.000Z,6E,1.1621999740600586,1.16225004196167,1.1621999740600586,1.1621999740600586,17
2026-06-03T07:29:00.000Z,6E,1.1621500253677368,1.1621500253677368,1.1620500087738037,1.1620500087738037,67
2026-06-03T07:30:00.000Z,6E,1.1619999408721924,1.1620500087738037,1.1619999408721924,1.1619999408721924,125
2026-06-03T07:31:00.000Z,6E,1.1619499921798706,1.1619999408721924,1.1619499921798706,1.1619999408721924,73
2026-06-03T07:32:00.000Z,6E,1.1620500087738037,1.1621500253677368,1.1620500087738037,1.1620999574661255,21
2026-06-03T07:33:00.000Z,6E,1.1620999574661255,1.1622999906539917,1.1620999574661255,1.16225004196167,488
2026-06-03T07:34:00.000Z,6E,1.1622999906539917,1.1627000570297241,1.1621999740600586,1.162600040435791,539
2026-06-03T07:35:00.000Z,6E,1.1627000570297241,1.163100004196167,1.1626499891281128,1.162750005722046,1273
2026-06-03T07:36:00.000Z,6E,1.1627000570297241,1.162750005722046,1.162500023841858,1.162500023841858,100
2026-06-03T07:37:00.000Z,6E,1.1625499725341797,1.162600040435791,1.1624499559402466,1.1624499559402466,106
2026-06-03T07:38:00.000Z,6E,1.1624000072479248,1.1625499725341797,1.1624000072479248,1.1625499725341797,35
2026-06-03T07:39:00.000Z,6E,1.1625499725341797,1.162600040435791,1.162500023841858,1.162600040435791,83
2026-06-03T07:40:00.000Z,6E,1.162500023841858,1.162500023841858,1.162350058555603,1.162350058555603,30
2026-06-03T07:41:00.000Z,6E,1.162350058555603,1.162350058555603,1.1622999906539917,1.162350058555603,115
2026-06-03T07:42:00.000Z,6E,1.162350058555603,1.1625499725341797,1.162350058555603,1.1625499725341797,56
2026-06-03T07:43:00.000Z,6E,1.162600040435791,1.1627999544143677,1.162600040435791,1.162750005722046,252
2026-06-03T07:44:00.000Z,6E,1.1627999544143677,1.1627999544143677,1.1626499891281128,1.1627999544143677,144
2026-06-03T07:45:00.000Z,6E,1.162850022315979,1.162850022315979,1.1627000570297241,1.162750005722046,274
2026-06-03T07:46:00.000Z,6E,1.1627000570297241,1.162750005722046,1.1627000570297241,1.1627000570297241,31
2026-06-03T07:47:00.000Z,6E,1.1626499891281128,1.1627999544143677,1.162600040435791,1.1627999544143677,56
2026-06-03T07:48:00.000Z,6E,1.162750005722046,1.162750005722046,1.162750005722046,1.162750005722046,41
2026-06-03T07:49:00.000Z,6E,1.162750005722046,1.1627999544143677,1.162750005722046,1.1627999544143677,55
2026-06-03T07:50:00.000Z,6E,1.162850022315979,1.162850022315979,1.162750005722046,1.162750005722046,96
2026-06-03T07:51:00.000Z,6E,1.162750005722046,1.162750005722046,1.1627000570297241,1.162750005722046,13
2026-06-03T07:52:00.000Z,6E,1.162750005722046,1.162750005722046,1.1627000570297241,1.162750005722046,108
2026-06-03T07:53:00.000Z,6E,1.1627000570297241,1.1627000570297241,1.1627000570297241,1.1627000570297241,85
2026-06-03T07:54:00.000Z,6E,1.162750005722046,1.162850022315979,1.162750005722046,1.162750005722046,82
2026-06-03T07:55:00.000Z,6E,1.1627000570297241,1.1627000570297241,1.1625499725341797,1.1625499725341797,166
2026-06-03T07:56:00.000Z,6E,1.162600040435791,1.162600040435791,1.1624499559402466,1.1625499725341797,194
2026-06-03T07:57:00.000Z,6E,1.1625499725341797,1.1625499725341797,1.1624499559402466,1.1624499559402466,37
2026-06-03T07:58:00.000Z,6E,1.1624499559402466,1.1624499559402466,1.16225004196167,1.16225004196167,81
2026-06-03T07:59:00.000Z,6E,1.1622999906539917,1.162350058555603,1.16225004196167,1.1622999906539917,82
2026-06-03T08:00:00.000Z,6E,1.1622999906539917,1.1622999906539917,1.1621999740600586,1.16225004196167,49
2026-06-03T08:01:00.000Z,6E,1.1621999740600586,1.1622999906539917,1.1621999740600586,1.1622999906539917,100
2026-06-03T08:02:00.000Z,6E,1.1622999906539917,1.1622999906539917,1.16225004196167,1.16225004196167,39
2026-06-03T08:03:00.000Z,6E,1.16225004196167,1.162350058555603,1.16225004196167,1.1622999906539917,66
2026-06-03T08:04:00.000Z,6E,1.1622999906539917,1.1622999906539917,1.1620999574661255,1.1621999740600586,139
2026-06-03T08:05:00.000Z,6E,1.1621999740600586,1.1621999740600586,1.1619999408721924,1.1621500253677368,340
2026-06-03T08:06:00.000Z,6E,1.1620999574661255,1.1620999574661255,1.1619999408721924,1.1620999574661255,73
2026-06-03T08:07:00.000Z,6E,1.1620500087738037,1.1620999574661255,1.1620500087738037,1.1620500087738037,46
2026-06-03T08:08:00.000Z,6E,1.1619999408721924,1.1620999574661255,1.1619999408721924,1.1620500087738037,42
2026-06-03T08:09:00.000Z,6E,1.1620999574661255,1.1621500253677368,1.1620999574661255,1.1621500253677368,23
2026-06-03T08:10:00.000Z,6E,1.1620999574661255,1.1620999574661255,1.1619999408721924,1.1619999408721924,60
2026-06-03T08:11:00.000Z,6E,1.1619999408721924,1.1619999408721924,1.1619499921798706,1.1619999408721924,83
2026-06-03T08:12:00.000Z,6E,1.1619499921798706,1.1620500087738037,1.1619499921798706,1.1619999408721924,42
2026-06-03T08:13:00.000Z,6E,1.1619499921798706,1.1619499921798706,1.1618499755859375,1.1619499921798706,44
2026-06-03T08:14:00.000Z,6E,1.1619000434875488,1.1619499921798706,1.1618000268936157,1.1618499755859375,84
2026-06-03T08:15:00.000Z,6E,1.1618499755859375,1.1618499755859375,1.1617000102996826,1.1617000102996826,160
2026-06-03T08:16:00.000Z,6E,1.1617000102996826,1.1617499589920044,1.1616499423980713,1.1616499423980713,148
2026-06-03T08:17:00.000Z,6E,1.1616499423980713,1.1618000268936157,1.1616499423980713,1.1618000268936157,76
2026-06-03T08:18:00.000Z,6E,1.1618000268936157,1.1619000434875488,1.1617499589920044,1.1619000434875488,35
2026-06-03T08:19:00.000Z,6E,1.1618000268936157,1.1619000434875488,1.1617499589920044,1.1619000434875488,114
2026-06-03T08:20:00.000Z,6E,1.1619000434875488,1.1619499921798706,1.1618499755859375,1.1619000434875488,112
2026-06-03T08:21:00.000Z,6E,1.1619000434875488,1.1619000434875488,1.1618499755859375,1.1619000434875488,40
2026-06-03T08:22:00.000Z,6E,1.1618499755859375,1.1619000434875488,1.1618000268936157,1.1618499755859375,90
2026-06-03T08:23:00.000Z,6E,1.1618499755859375,1.1619000434875488,1.1618000268936157,1.1618000268936157,33
2026-06-03T08:24:00.000Z,6E,1.1618000268936157,1.1618000268936157,1.1617000102996826,1.1617000102996826,38
2026-06-03T08:25:00.000Z,6E,1.1617000102996826,1.1618000268936157,1.1617000102996826,1.1617499589920044,56
2026-06-03T08:26:00.000Z,6E,1.1617499589920044,1.1618000268936157,1.1617499589920044,1.1618000268936157,45
2026-06-03T08:27:00.000Z,6E,1.1618000268936157,1.1619000434875488,1.1618000268936157,1.1619000434875488,135
2026-06-03T08:28:00.000Z,6E,1.1618499755859375,1.1618499755859375,1.1618499755859375,1.1618499755859375,83
2026-06-03T08:29:00.000Z,6E,1.1618499755859375,1.1619000434875488,1.1618499755859375,1.1618499755859375,16
2026-06-03T08:30:00.000Z,6E,1.1618499755859375,1.1619499921798706,1.1618499755859375,1.1619499921798706,345
2026-06-03T08:31:00.000Z,6E,1.1619499921798706,1.1621500253677368,1.1619499921798706,1.1620500087738037,283
2026-06-03T08:32:00.000Z,6E,1.1619999408721924,1.1619999408721924,1.1618499755859375,1.1618499755859375,107
2026-06-03T08:33:00.000Z,6E,1.1618000268936157,1.1618000268936157,1.1615999937057495,1.1617499589920044,534
2026-06-03T08:34:00.000Z,6E,1.1618000268936157,1.1618499755859375,1.1617499589920044,1.1617499589920044,34
2026-06-03T08:35:00.000Z,6E,1.1617499589920044,1.1617499589920044,1.1616499423980713,1.1617000102996826,121
2026-06-03T08:36:00.000Z,6E,1.1617000102996826,1.1617000102996826,1.1616499423980713,1.1616499423980713,16
2026-06-03T08:37:00.000Z,6E,1.1617000102996826,1.1617000102996826,1.1616499423980713,1.1616499423980713,82
2026-06-03T08:38:00.000Z,6E,1.1616499423980713,1.1616499423980713,1.1615999937057495,1.1615999937057495,167
2026-06-03T08:39:00.000Z,6E,1.1616499423980713,1.1616499423980713,1.1614500284194946,1.1614500284194946,263
2026-06-03T08:40:00.000Z,6E,1.1614500284194946,1.1614500284194946,1.1612499952316284,1.1613500118255615,264
2026-06-03T08:41:00.000Z,6E,1.1613500118255615,1.1613999605178833,1.1612999439239502,1.1613999605178833,185
2026-06-03T08:42:00.000Z,6E,1.1613999605178833,1.1613999605178833,1.1612499952316284,1.1612499952316284,44
2026-06-03T08:43:00.000Z,6E,1.1612000465393066,1.1612000465393066,1.1611499786376953,1.1612000465393066,104
2026-06-03T08:44:00.000Z,6E,1.1612000465393066,1.1612999439239502,1.1612000465393066,1.1612999439239502,21
2026-06-03T08:45:00.000Z,6E,1.1612999439239502,1.1613999605178833,1.1612499952316284,1.1613500118255615,91
2026-06-03T08:46:00.000Z,6E,1.1613500118255615,1.1613500118255615,1.1612999439239502,1.1613500118255615,33
2026-06-03T08:47:00.000Z,6E,1.1613999605178833,1.1614500284194946,1.1612999439239502,1.1614500284194946,42
2026-06-03T08:48:00.000Z,6E,1.1614500284194946,1.1614500284194946,1.1613500118255615,1.1613999605178833,25
2026-06-03T08:49:00.000Z,6E,1.1614500284194946,1.1615999937057495,1.1613999605178833,1.1615999937057495,116
2026-06-03T08:50:00.000Z,6E,1.1615999937057495,1.1617000102996826,1.1615500450134277,1.1615500450134277,195
2026-06-03T08:51:00.000Z,6E,1.1615999937057495,1.1615999937057495,1.1614500284194946,1.1614999771118164,79
2026-06-03T08:52:00.000Z,6E,1.1614999771118164,1.1615500450134277,1.1614500284194946,1.1615500450134277,57
2026-06-03T08:53:00.000Z,6E,1.1614999771118164,1.1615500450134277,1.1614500284194946,1.1615500450134277,46
2026-06-03T08:54:00.000Z,6E,1.1615999937057495,1.1615999937057495,1.1614999771118164,1.1615500450134277,88
2026-06-03T08:55:00.000Z,6E,1.1615500450134277,1.1615999937057495,1.1614999771118164,1.1614999771118164,45
2026-06-03T08:56:00.000Z,6E,1.1615999937057495,1.1615999937057495,1.1615500450134277,1.1615999937057495,41
2026-06-03T08:57:00.000Z,6E,1.1615500450134277,1.1616499423980713,1.1615500450134277,1.1615500450134277,46
2026-06-03T08:58:00.000Z,6E,1.1614999771118164,1.1615500450134277,1.1614999771118164,1.1615500450134277,19
2026-06-03T08:59:00.000Z,6E,1.1615500450134277,1.1615999937057495,1.1613999605178833,1.1614500284194946,44
2026-06-03T09:00:00.000Z,6E,1.1613999605178833,1.1615999937057495,1.1613999605178833,1.1615999937057495,86
2026-06-03T09:01:00.000Z,6E,1.1615999937057495,1.1619499921798706,1.1615999937057495,1.1619499921798706,269
2026-06-03T09:02:00.000Z,6E,1.1619499921798706,1.1619499921798706,1.1616499423980713,1.1616499423980713,163
2026-06-03T09:03:00.000Z,6E,1.1616499423980713,1.1617000102996826,1.1616499423980713,1.1616499423980713,123
2026-06-03T09:04:00.000Z,6E,1.1616499423980713,1.1618000268936157,1.1616499423980713,1.1617499589920044,79
2026-06-03T09:05:00.000Z,6E,1.1617000102996826,1.1618000268936157,1.1617000102996826,1.1618000268936157,58
2026-06-03T09:06:00.000Z,6E,1.1618000268936157,1.1618499755859375,1.1618000268936157,1.1618000268936157,33
2026-06-03T09:07:00.000Z,6E,1.1618000268936157,1.1619000434875488,1.1618000268936157,1.1619000434875488,27
2026-06-03T09:08:00.000Z,6E,1.1619000434875488,1.1619000434875488,1.1618000268936157,1.1618000268936157,75
2026-06-03T09:09:00.000Z,6E,1.1618499755859375,1.1619499921798706,1.1618499755859375,1.1619499921798706,19
2026-06-03T09:10:00.000Z,6E,1.1619000434875488,1.1619000434875488,1.1619000434875488,1.1619000434875488,26
2026-06-03T09:11:00.000Z,6E,1.1619000434875488,1.1619499921798706,1.1618499755859375,1.1619000434875488,35
2026-06-03T09:12:00.000Z,6E,1.1619000434875488,1.1619999408721924,1.1619000434875488,1.1619999408721924,30
2026-06-03T09:13:00.000Z,6E,1.1619499921798706,1.1619499921798706,1.1619000434875488,1.1619000434875488,65
2026-06-03T09:14:00.000Z,6E,1.1619000434875488,1.1619000434875488,1.1618499755859375,1.1618499755859375,83
2026-06-03T09:15:00.000Z,6E,1.1618000268936157,1.1619000434875488,1.1617499589920044,1.1618000268936157,71
2026-06-03T09:16:00.000Z,6E,1.1618499755859375,1.1618499755859375,1.1618000268936157,1.1618499755859375,27
2026-06-03T09:17:00.000Z,6E,1.1618000268936157,1.1618499755859375,1.1617499589920044,1.1618499755859375,23
2026-06-03T09:18:00.000Z,6E,1.1618499755859375,1.1619000434875488,1.1618499755859375,1.1619000434875488,13
2026-06-03T09:19:00.000Z,6E,1.1619000434875488,1.1620500087738037,1.1619000434875488,1.1620500087738037,13
2026-06-03T09:20:00.000Z,6E,1.1620500087738037,1.1621500253677368,1.1620500087738037,1.1621500253677368,127
2026-06-03T09:21:00.000Z,6E,1.1621500253677368,1.1621999740600586,1.1620999574661255,1.1621999740600586,131
2026-06-03T09:22:00.000Z,6E,1.1621999740600586,1.1621999740600586,1.1621500253677368,1.1621500253677368,68
2026-06-03T09:23:00.000Z,6E,1.1620999574661255,1.1621500253677368,1.1620999574661255,1.1621500253677368,33
2026-06-03T09:24:00.000Z,6E,1.1621500253677368,1.1621999740600586,1.1619999408721924,1.1620500087738037,156
2026-06-03T09:25:00.000Z,6E,1.1620500087738037,1.1620500087738037,1.1619999408721924,1.1620500087738037,59
2026-06-03T09:26:00.000Z,6E,1.1620500087738037,1.1620500087738037,1.1619999408721924,1.1620500087738037,56
2026-06-03T09:27:00.000Z,6E,1.1620999574661255,1.1620999574661255,1.1619499921798706,1.1619499921798706,65
2026-06-03T09:28:00.000Z,6E,1.1620500087738037,1.1620500087738037,1.1619999408721924,1.1619999408721924,40
2026-06-03T09:29:00.000Z,6E,1.1619999408721924,1.1619999408721924,1.1619000434875488,1.1619000434875488,35
2026-06-03T09:30:00.000Z,6E,1.1618499755859375,1.1619000434875488,1.1618000268936157,1.1619000434875488,35
2026-06-03T09:31:00.000Z,6E,1.1619000434875488,1.1619499921798706,1.1617499589920044,1.1617499589920044,94
2026-06-03T09:32:00.000Z,6E,1.1617000102996826,1.1617000102996826,1.1616499423980713,1.1616499423980713,64
2026-06-03T09:33:00.000Z,6E,1.1616499423980713,1.1616499423980713,1.1615999937057495,1.1616499423980713,12
2026-06-03T09:34:00.000Z,6E,1.1617000102996826,1.1617000102996826,1.1616499423980713,1.1616499423980713,8
2026-06-03T09:35:00.000Z,6E,1.1617000102996826,1.1617499589920044,1.1617000102996826,1.1617000102996826,9
2026-06-03T09:36:00.000Z,6E,1.1617000102996826,1.1617499589920044,1.1617000102996826,1.1617499589920044,50
2026-06-03T09:37:00.000Z,6E,1.1617499589920044,1.1618000268936157,1.1617000102996826,1.1618000268936157,52
2026-06-03T09:38:00.000Z,6E,1.1618000268936157,1.1618000268936157,1.1617499589920044,1.1618000268936157,17
2026-06-03T09:39:00.000Z,6E,1.1617499589920044,1.1619000434875488,1.1617000102996826,1.1618499755859375,32
2026-06-03T09:40:00.000Z,6E,1.1619000434875488,1.1619499921798706,1.1619000434875488,1.1619499921798706,19
2026-06-03T09:41:00.000Z,6E,1.1619999408721924,1.1619999408721924,1.1619499921798706,1.1619499921798706,22
2026-06-03T09:42:00.000Z,6E,1.1619499921798706,1.1619499921798706,1.1619499921798706,1.1619499921798706,14
2026-06-03T09:43:00.000Z,6E,1.1619499921798706,1.1620500087738037,1.1619499921798706,1.1619999408721924,79
2026-06-03T09:44:00.000Z,6E,1.1619999408721924,1.1620500087738037,1.1619999408721924,1.1620500087738037,48
2026-06-03T09:45:00.000Z,6E,1.1619999408721924,1.1620999574661255,1.1619499921798706,1.1620999574661255,213
2026-06-03T09:46:00.000Z,6E,1.1620999574661255,1.1621500253677368,1.1620999574661255,1.1621500253677368,30
2026-06-03T09:47:00.000Z,6E,1.1621500253677368,1.1621999740600586,1.1619999408721924,1.1619999408721924,115
2026-06-03T09:48:00.000Z,6E,1.1619999408721924,1.1619999408721924,1.1619000434875488,1.1619000434875488,83
2026-06-03T09:49:00.000Z,6E,1.1619000434875488,1.1619999408721924,1.1619000434875488,1.1619999408721924,67
2026-06-03T09:50:00.000Z,6E,1.1620500087738037,1.1620500087738037,1.1620500087738037,1.1620500087738037,18
2026-06-03T09:51:00.000Z,6E,1.1620500087738037,1.1620500087738037,1.1619000434875488,1.1619499921798706,73
2026-06-03T09:52:00.000Z,6E,1.1619499921798706,1.1619499921798706,1.1618499755859375,1.1618499755859375,88
2026-06-03T09:53:00.000Z,6E,1.1619000434875488,1.1619000434875488,1.1618499755859375,1.1619000434875488,74
2026-06-03T09:54:00.000Z,6E,1.1619000434875488,1.1619000434875488,1.1617499589920044,1.1617499589920044,47
2026-06-03T09:55:00.000Z,6E,1.1618000268936157,1.1618000268936157,1.1617000102996826,1.1617499589920044,15
2026-06-03T09:56:00.000Z,6E,1.1618000268936157,1.1618000268936157,1.1617499589920044,1.1617499589920044,43
2026-06-03T09:57:00.000Z,6E,1.1617499589920044,1.1618000268936157,1.1617000102996826,1.1618000268936157,18
2026-06-03T09:58:00.000Z,6E,1.1618499755859375,1.1619999408721924,1.1618499755859375,1.1619499921798706,106
2026-06-03T09:59:00.000Z,6E,1.1619499921798706,1.1619999408721924,1.1619000434875488,1.1619999408721924,34
2026-06-03T10:00:00.000Z,6E,1.1619999408721924,1.1620999574661255,1.1619499921798706,1.1620500087738037,157
2026-06-03T10:01:00.000Z,6E,1.1619999408721924,1.1620999574661255,1.1619999408721924,1.1619999408721924,184
2026-06-03T10:02:00.000Z,6E,1.1619999408721924,1.1620999574661255,1.1619999408721924,1.1619999408721924,74
2026-06-03T10:03:00.000Z,6E,1.1619999408721924,1.1620500087738037,1.1619000434875488,1.1619999408721924,66
2026-06-03T10:04:00.000Z,6E,1.1619999408721924,1.16225004196167,1.1619499921798706,1.16225004196167,54
2026-06-03T10:05:00.000Z,6E,1.1622999906539917,1.162950038909912,1.1622999906539917,1.162850022315979,894
2026-06-03T10:06:00.000Z,6E,1.1627999544143677,1.1628999710083008,1.1627000570297241,1.162750005722046,1387
2026-06-03T10:07:00.000Z,6E,1.1627000570297241,1.1628999710083008,1.162500023841858,1.162500023841858,450
2026-06-03T10:08:00.000Z,6E,1.162500023841858,1.1627999544143677,1.1624000072479248,1.1625499725341797,726
2026-06-03T10:09:00.000Z,6E,1.162600040435791,1.162600040435791,1.162350058555603,1.162350058555603,69
2026-06-03T10:10:00.000Z,6E,1.1624000072479248,1.162500023841858,1.1622999906539917,1.1622999906539917,173
2026-06-03T10:11:00.000Z,6E,1.16225004196167,1.162350058555603,1.16225004196167,1.1622999906539917,74
2026-06-03T10:12:00.000Z,6E,1.1622999906539917,1.1622999906539917,1.1620500087738037,1.1620500087738037,138
2026-06-03T10:13:00.000Z,6E,1.1620500087738037,1.1621500253677368,1.1620500087738037,1.1621500253677368,134
2026-06-03T10:14:00.000Z,6E,1.1621500253677368,1.1621999740600586,1.1620999574661255,1.1621999740600586,51
2026-06-03T10:15:00.000Z,6E,1.1621500253677368,1.16225004196167,1.1620999574661255,1.1621500253677368,42
2026-06-03T10:16:00.000Z,6E,1.1621999740600586,1.1621999740600586,1.1620999574661255,1.1621500253677368,26
2026-06-03T10:17:00.000Z,6E,1.1620999574661255,1.1621999740600586,1.1620999574661255,1.1621999740600586,40
2026-06-03T10:18:00.000Z,6E,1.1621500253677368,1.16225004196167,1.1621500253677368,1.1621999740600586,18
2026-06-03T10:19:00.000Z,6E,1.1621999740600586,1.1621999740600586,1.1621999740600586,1.1621999740600586,31
2026-06-03T10:20:00.000Z,6E,1.1621999740600586,1.1621999740600586,1.1620999574661255,1.1621500253677368,41
2026-06-03T10:21:00.000Z,6E,1.1621500253677368,1.1621999740600586,1.1620999574661255,1.1620999574661255,139
2026-06-03T10:22:00.000Z,6E,1.1621500253677368,1.1621999740600586,1.1620999574661255,1.1621999740600586,68
2026-06-03T10:23:00.000Z,6E,1.1621999740600586,1.1621999740600586,1.1620999574661255,1.1620999574661255,38
2026-06-03T10:24:00.000Z,6E,1.1621500253677368,1.1621500253677368,1.1619999408721924,1.1620500087738037,71
2026-06-03T10:25:00.000Z,6E,1.1620999574661255,1.1620999574661255,1.1620999574661255,1.1620999574661255,26
2026-06-03T10:26:00.000Z,6E,1.1620500087738037,1.1620999574661255,1.1619499921798706,1.1620999574661255,368
2026-06-03T10:27:00.000Z,6E,1.1620999574661255,1.1620999574661255,1.1620999574661255,1.1620999574661255,4
2026-06-03T10:28:00.000Z,6E,1.1620500087738037,1.16225004196167,1.1619999408721924,1.16225004196167,135
2026-06-03T10:29:00.000Z,6E,1.1621500253677368,1.16225004196167,1.1621500253677368,1.1621999740600586,5
2026-06-03T10:30:00.000Z,6E,1.1621500253677368,1.16225004196167,1.1620999574661255,1.16225004196167,67
2026-06-03T10:31:00.000Z,6E,1.1621999740600586,1.1621999740600586,1.1621999740600586,1.1621999740600586,6
2026-06-03T10:32:00.000Z,6E,1.1621999740600586,1.16225004196167,1.1621999740600586,1.16225004196167,19
2026-06-03T10:33:00.000Z,6E,1.1621999740600586,1.162350058555603,1.1621999740600586,1.16225004196167,76
2026-06-03T10:34:00.000Z,6E,1.1621999740600586,1.16225004196167,1.1621999740600586,1.1621999740600586,14
2026-06-03T10:35:00.000Z,6E,1.1621500253677368,1.16225004196167,1.1621500253677368,1.16225004196167,18
2026-06-03T10:36:00.000Z,6E,1.16225004196167,1.16225004196167,1.16225004196167,1.16225004196167,22
2026-06-03T10:37:00.000Z,6E,1.1622999906539917,1.1622999906539917,1.16225004196167,1.1622999906539917,16
2026-06-03T10:38:00.000Z,6E,1.1622999906539917,1.1624000072479248,1.1622999906539917,1.1624000072479248,43
2026-06-03T10:39:00.000Z,6E,1.162350058555603,1.1624000072479248,1.1622999906539917,1.1622999906539917,40
2026-06-03T10:40:00.000Z,6E,1.1622999906539917,1.162350058555603,1.1622999906539917,1.1622999906539917,42
2026-06-03T10:41:00.000Z,6E,1.1622999906539917,1.162350058555603,1.16225004196167,1.16225004196167,255
2026-06-03T10:42:00.000Z,6E,1.16225004196167,1.162350058555603,1.16225004196167,1.162350058555603,91
2026-06-03T10:43:00.000Z,6E,1.162350058555603,1.1624000072479248,1.162350058555603,1.1624000072479248,52
2026-06-03T10:44:00.000Z,6E,1.1624000072479248,1.1624000072479248,1.16225004196167,1.1622999906539917,59
2026-06-03T10:45:00.000Z,6E,1.16225004196167,1.162350058555603,1.16225004196167,1.16225004196167,57
2026-06-03T10:46:00.000Z,6E,1.1621999740600586,1.1621999740600586,1.1621999740600586,1.1621999740600586,6
2026-06-03T10:47:00.000Z,6E,1.1621999740600586,1.1621999740600586,1.1620999574661255,1.1621500253677368,134
2026-06-03T10:48:00.000Z,6E,1.1621500253677368,1.1621999740600586,1.1621500253677368,1.1621999740600586,28
2026-06-03T10:49:00.000Z,6E,1.1621500253677368,1.1621500253677368,1.1620999574661255,1.1621500253677368,22
2026-06-03T10:50:00.000Z,6E,1.1621500253677368,1.16225004196167,1.1620999574661255,1.1621999740600586,106
2026-06-03T10:51:00.000Z,6E,1.1621999740600586,1.1621999740600586,1.1621500253677368,1.1621999740600586,75
2026-06-03T10:52:00.000Z,6E,1.16225004196167,1.1622999906539917,1.16225004196167,1.1622999906539917,152
2026-06-03T10:53:00.000Z,6E,1.1622999906539917,1.162350058555603,1.16225004196167,1.16225004196167,143
2026-06-03T10:54:00.000Z,6E,1.1621999740600586,1.1622999906539917,1.1621999740600586,1.16225004196167,34
2026-06-03T10:55:00.000Z,6E,1.1622999906539917,1.1622999906539917,1.1621999740600586,1.1621999740600586,125
2026-06-03T10:56:00.000Z,6E,1.16225004196167,1.16225004196167,1.16225004196167,1.16225004196167,32
2026-06-03T10:57:00.000Z,6E,1.16225004196167,1.1622999906539917,1.16225004196167,1.16225004196167,47
2026-06-03T10:58:00.000Z,6E,1.16225004196167,1.16225004196167,1.1621999740600586,1.16225004196167,49
2026-06-03T10:59:00.000Z,6E,1.1621999740600586,1.16225004196167,1.1621999740600586,1.16225004196167,45
2026-06-03T11:00:00.000Z,6E,1.1622999906539917,1.1622999906539917,1.1621500253677368,1.1621500253677368,77
2026-06-03T11:01:00.000Z,6E,1.1621999740600586,1.16225004196167,1.1621500253677368,1.16225004196167,39
2026-06-03T11:02:00.000Z,6E,1.1621999740600586,1.16225004196167,1.1621999740600586,1.16225004196167,35
2026-06-03T11:03:00.000Z,6E,1.1622999906539917,1.162350058555603,1.1622999906539917,1.162350058555603,40
2026-06-03T11:04:00.000Z,6E,1.162350058555603,1.162350058555603,1.162350058555603,1.162350058555603,28
2026-06-03T11:05:00.000Z,6E,1.1622999906539917,1.162350058555603,1.16225004196167,1.16225004196167,46
2026-06-03T11:06:00.000Z,6E,1.1622999906539917,1.1622999906539917,1.1622999906539917,1.1622999906539917,15
2026-06-03T11:07:00.000Z,6E,1.162350058555603,1.1624499559402466,1.162350058555603,1.1624499559402466,50
2026-06-03T11:08:00.000Z,6E,1.1624499559402466,1.1624499559402466,1.1624000072479248,1.1624499559402466,39
2026-06-03T11:09:00.000Z,6E,1.162500023841858,1.162500023841858,1.1624000072479248,1.1624499559402466,145
2026-06-03T11:10:00.000Z,6E,1.1624499559402466,1.162500023841858,1.1624499559402466,1.1624499559402466,20
2026-06-03T11:11:00.000Z,6E,1.1624499559402466,1.1624499559402466,1.1622999906539917,1.162350058555603,80
2026-06-03T11:12:00.000Z,6E,1.162350058555603,1.1624499559402466,1.162350058555603,1.1624499559402466,55
2026-06-03T11:13:00.000Z,6E,1.1624499559402466,1.162500023841858,1.1624499559402466,1.162500023841858,37
2026-06-03T11:14:00.000Z,6E,1.162500023841858,1.1625499725341797,1.1624499559402466,1.1624499559402466,79
2026-06-03T11:15:00.000Z,6E,1.162500023841858,1.162500023841858,1.162500023841858,1.162500023841858,117
2026-06-03T11:16:00.000Z,6E,1.162500023841858,1.162500023841858,1.1624499559402466,1.1624499559402466,4
2026-06-03T11:17:00.000Z,6E,1.162500023841858,1.1625499725341797,1.1624499559402466,1.1624499559402466,112
2026-06-03T11:18:00.000Z,6E,1.1624499559402466,1.162500023841858,1.162350058555603,1.162500023841858,255
2026-06-03T11:19:00.000Z,6E,1.162500023841858,1.162500023841858,1.1624499559402466,1.162500023841858,15
2026-06-03T11:20:00.000Z,6E,1.1625499725341797,1.1625499725341797,1.162500023841858,1.162500023841858,36
2026-06-03T11:21:00.000Z,6E,1.1625499725341797,1.162600040435791,1.1625499725341797,1.162600040435791,50
2026-06-03T11:22:00.000Z,6E,1.162600040435791,1.162600040435791,1.162600040435791,1.162600040435791,27
2026-06-03T11:23:00.000Z,6E,1.162600040435791,1.162600040435791,1.162600040435791,1.162600040435791,29
2026-06-03T11:24:00.000Z,6E,1.162600040435791,1.1626499891281128,1.1625499725341797,1.1625499725341797,52
2026-06-03T11:25:00.000Z,6E,1.162600040435791,1.162600040435791,1.162600040435791,1.162600040435791,35
2026-06-03T11:26:00.000Z,6E,1.162600040435791,1.162600040435791,1.162600040435791,1.162600040435791,36
2026-06-03T11:27:00.000Z,6E,1.162600040435791,1.162600040435791,1.162600040435791,1.162600040435791,64
2026-06-03T11:28:00.000Z,6E,1.1626499891281128,1.1626499891281128,1.1625499725341797,1.1625499725341797,60
2026-06-03T11:29:00.000Z,6E,1.1625499725341797,1.1626499891281128,1.1625499725341797,1.1626499891281128,28
2026-06-03T11:30:00.000Z,6E,1.1626499891281128,1.162750005722046,1.1626499891281128,1.162750005722046,58
2026-06-03T11:31:00.000Z,6E,1.1627000570297241,1.1627000570297241,1.1626499891281128,1.1627000570297241,22
2026-06-03T11:32:00.000Z,6E,1.1627000570297241,1.1627000570297241,1.162600040435791,1.162600040435791,6
2026-06-03T11:33:00.000Z,6E,1.1626499891281128,1.1626499891281128,1.162600040435791,1.1626499891281128,28
2026-06-03T11:34:00.000Z,6E,1.1626499891281128,1.1627000570297241,1.1626499891281128,1.1627000570297241,30
2026-06-03T11:35:00.000Z,6E,1.1627000570297241,1.1627000570297241,1.1626499891281128,1.1627000570297241,186
2026-06-03T11:36:00.000Z,6E,1.1627000570297241,1.1627000570297241,1.162600040435791,1.1626499891281128,73
2026-06-03T11:37:00.000Z,6E,1.1626499891281128,1.1626499891281128,1.1626499891281128,1.1626499891281128,51
2026-06-03T11:38:00.000Z,6E,1.1626499891281128,1.1626499891281128,1.1625499725341797,1.1625499725341797,36
2026-06-03T11:39:00.000Z,6E,1.1625499725341797,1.162600040435791,1.162500023841858,1.162600040435791,57
2026-06-03T11:40:00.000Z,6E,1.162600040435791,1.1626499891281128,1.162600040435791,1.162600040435791,18
2026-06-03T11:41:00.000Z,6E,1.162600040435791,1.1626499891281128,1.1625499725341797,1.1625499725341797,43
2026-06-03T11:42:00.000Z,6E,1.162500023841858,1.162500023841858,1.1624499559402466,1.1624499559402466,45
2026-06-03T11:43:00.000Z,6E,1.162500023841858,1.162500023841858,1.1624499559402466,1.1624499559402466,34
2026-06-03T11:44:00.000Z,6E,1.1624000072479248,1.162500023841858,1.1624000072479248,1.1624499559402466,11
2026-06-03T11:45:00.000Z,6E,1.1624499559402466,1.1626499891281128,1.1624499559402466,1.1626499891281128,123
2026-06-03T11:46:00.000Z,6E,1.1626499891281128,1.1628999710083008,1.1626499891281128,1.162850022315979,116
2026-06-03T11:47:00.000Z,6E,1.1627999544143677,1.1627999544143677,1.162750005722046,1.1627999544143677,69
2026-06-03T11:48:00.000Z,6E,1.162750005722046,1.162750005722046,1.1626499891281128,1.1626499891281128,47
2026-06-03T11:49:00.000Z,6E,1.1626499891281128,1.1627000570297241,1.1626499891281128,1.1627000570297241,25
2026-06-03T11:50:00.000Z,6E,1.1627000570297241,1.162750005722046,1.1627000570297241,1.162750005722046,56
2026-06-03T11:51:00.000Z,6E,1.162750005722046,1.162850022315979,1.162750005722046,1.162850022315979,21
2026-06-03T11:52:00.000Z,6E,1.162850022315979,1.1628999710083008,1.1627999544143677,1.1627999544143677,33
2026-06-03T11:53:00.000Z,6E,1.1627999544143677,1.162850022315979,1.162750005722046,1.162750005722046,32
2026-06-03T11:54:00.000Z,6E,1.1627000570297241,1.162750005722046,1.1627000570297241,1.162750005722046,22
2026-06-03T11:55:00.000Z,6E,1.1627000570297241,1.162750005722046,1.162600040435791,1.162600040435791,200
2026-06-03T11:56:00.000Z,6E,1.162600040435791,1.162600040435791,1.1624000072479248,1.1624499559402466,167
2026-06-03T11:57:00.000Z,6E,1.1624499559402466,1.1624499559402466,1.1622999906539917,1.1622999906539917,310
2026-06-03T11:58:00.000Z,6E,1.162350058555603,1.1624499559402466,1.1622999906539917,1.1624499559402466,457
2026-06-03T11:59:00.000Z,6E,1.1624499559402466,1.162500023841858,1.162350058555603,1.1624499559402466,374
2026-06-03T12:00:00.000Z,6E,1.1624499559402466,1.162500023841858,1.1621999740600586,1.1622999906539917,366
2026-06-03T12:01:00.000Z,6E,1.1622999906539917,1.1622999906539917,1.1620500087738037,1.1621500253677368,814
2026-06-03T12:02:00.000Z,6E,1.1621500253677368,1.1621999740600586,1.1620500087738037,1.1621999740600586,156
2026-06-03T12:03:00.000Z,6E,1.16225004196167,1.1622999906539917,1.16225004196167,1.16225004196167,225
2026-06-03T12:04:00.000Z,6E,1.16225004196167,1.1622999906539917,1.16225004196167,1.1622999906539917,72
2026-06-03T12:05:00.000Z,6E,1.1622999906539917,1.162350058555603,1.1621999740600586,1.16225004196167,113
2026-06-03T12:06:00.000Z,6E,1.1621999740600586,1.1621999740600586,1.1620999574661255,1.1621500253677368,157
2026-06-03T12:07:00.000Z,6E,1.1621500253677368,1.1621500253677368,1.1621500253677368,1.1621500253677368,48
2026-06-03T12:08:00.000Z,6E,1.1621500253677368,1.1621500253677368,1.1620500087738037,1.1620999574661255,63
2026-06-03T12:09:00.000Z,6E,1.1620999574661255,1.1621500253677368,1.1619999408721924,1.1619999408721924,116
2026-06-03T12:10:00.000Z,6E,1.1620500087738037,1.1621500253677368,1.1619999408721924,1.1621500253677368,61
2026-06-03T12:11:00.000Z,6E,1.1621500253677368,1.1621500253677368,1.1620999574661255,1.1621500253677368,50
2026-06-03T12:12:00.000Z,6E,1.1620999574661255,1.1620999574661255,1.1620500087738037,1.1620500087738037,133
2026-06-03T12:13:00.000Z,6E,1.1619999408721924,1.1619999408721924,1.1618499755859375,1.1618499755859375,95
2026-06-03T12:14:00.000Z,6E,1.1619499921798706,1.1620999574661255,1.1619000434875488,1.1620500087738037,149
2026-06-03T12:15:00.000Z,6E,1.1620500087738037,1.1620500087738037,1.1618499755859375,1.1618499755859375,272
2026-06-03T12:16:00.000Z,6E,1.1618000268936157,1.1619000434875488,1.1618000268936157,1.1619000434875488,136
2026-06-03T12:17:00.000Z,6E,1.1619499921798706,1.1619999408721924,1.1619499921798706,1.1619999408721924,38
2026-06-03T12:18:00.000Z,6E,1.1619999408721924,1.1619999408721924,1.1619000434875488,1.1619000434875488,67
2026-06-03T12:19:00.000Z,6E,1.1619000434875488,1.1619000434875488,1.1617499589920044,1.1617499589920044,100
2026-06-03T12:20:00.000Z,6E,1.1617499589920044,1.1617499589920044,1.1616499423980713,1.1616499423980713,121
2026-06-03T12:21:00.000Z,6E,1.1617000102996826,1.1617499589920044,1.1616499423980713,1.1616499423980713,103
2026-06-03T12:22:00.000Z,6E,1.1616499423980713,1.1617000102996826,1.1615999937057495,1.1617000102996826,32
2026-06-03T12:23:00.000Z,6E,1.1617000102996826,1.1617000102996826,1.1615500450134277,1.1616499423980713,68
2026-06-03T12:24:00.000Z,6E,1.1617000102996826,1.1617499589920044,1.1616499423980713,1.1617499589920044,81
2026-06-03T12:25:00.000Z,6E,1.1617000102996826,1.1617499589920044,1.1617000102996826,1.1617000102996826,65
2026-06-03T12:26:00.000Z,6E,1.1616499423980713,1.1616499423980713,1.1615500450134277,1.1615500450134277,41
2026-06-03T12:27:00.000Z,6E,1.1615500450134277,1.1615999937057495,1.1614999771118164,1.1614999771118164,278
2026-06-03T12:28:00.000Z,6E,1.1615500450134277,1.1615500450134277,1.1613999605178833,1.1614500284194946,97
2026-06-03T12:29:00.000Z,6E,1.1614500284194946,1.1614999771118164,1.1612999439239502,1.1613500118255615,186
2026-06-03T12:30:00.000Z,6E,1.1612999439239502,1.1613500118255615,1.1611000299453735,1.1612999439239502,174
2026-06-03T12:31:00.000Z,6E,1.1612999439239502,1.1612999439239502,1.1610499620437622,1.1612000465393066,490
2026-06-03T12:32:00.000Z,6E,1.1612000465393066,1.1612000465393066,1.1610000133514404,1.1611000299453735,761
2026-06-03T12:33:00.000Z,6E,1.1610499620437622,1.1610499620437622,1.1607999801635742,1.1608500480651855,505
2026-06-03T12:34:00.000Z,6E,1.1608500480651855,1.1610000133514404,1.1608500480651855,1.1608500480651855,172
2026-06-03T12:35:00.000Z,6E,1.1608500480651855,1.1608500480651855,1.1606999635696411,1.1607500314712524,189
2026-06-03T12:36:00.000Z,6E,1.1606999635696411,1.1608500480651855,1.1606999635696411,1.1607999801635742,193
2026-06-03T12:37:00.000Z,6E,1.1607999801635742,1.1607999801635742,1.1606500148773193,1.1606999635696411,65
2026-06-03T12:38:00.000Z,6E,1.1606500148773193,1.1606500148773193,1.1603000164031982,1.1604499816894531,565
2026-06-03T12:39:00.000Z,6E,1.1604499816894531,1.160599946975708,1.1604000329971313,1.1605499982833862,425
2026-06-03T12:40:00.000Z,6E,1.1605499982833862,1.1606500148773193,1.1605000495910645,1.160599946975708,115
2026-06-03T12:41:00.000Z,6E,1.1606500148773193,1.1606500148773193,1.1605499982833862,1.1606500148773193,155
2026-06-03T12:42:00.000Z,6E,1.1606500148773193,1.1607500314712524,1.160599946975708,1.1606999635696411,152
2026-06-03T12:43:00.000Z,6E,1.1606500148773193,1.1610499620437622,1.1606500148773193,1.1610499620437622,507
2026-06-03T12:44:00.000Z,6E,1.1610499620437622,1.1611499786376953,1.1610000133514404,1.1611499786376953,259
2026-06-03T12:45:00.000Z,6E,1.1611499786376953,1.1611499786376953,1.1610000133514404,1.1610000133514404,101
2026-06-03T12:46:00.000Z,6E,1.160949945449829,1.1610499620437622,1.160949945449829,1.1610499620437622,78
2026-06-03T12:47:00.000Z,6E,1.1610000133514404,1.1610000133514404,1.1608999967575073,1.160949945449829,145
2026-06-03T12:48:00.000Z,6E,1.1608999967575073,1.1608999967575073,1.1607500314712524,1.1608500480651855,154
2026-06-03T12:49:00.000Z,6E,1.1608500480651855,1.1608500480651855,1.1607500314712524,1.1607500314712524,80
2026-06-03T12:50:00.000Z,6E,1.1606999635696411,1.1607500314712524,1.1606500148773193,1.1607500314712524,54
2026-06-03T12:51:00.000Z,6E,1.1607500314712524,1.1607500314712524,1.1605499982833862,1.1606500148773193,140
2026-06-03T12:52:00.000Z,6E,1.1606500148773193,1.1606500148773193,1.1604000329971313,1.1604499816894531,294
2026-06-03T12:53:00.000Z,6E,1.1605000495910645,1.1606999635696411,1.1605000495910645,1.1606999635696411,157
2026-06-03T12:54:00.000Z,6E,1.1606999635696411,1.1607500314712524,1.1605000495910645,1.1605499982833862,173
2026-06-03T12:55:00.000Z,6E,1.1605499982833862,1.1605499982833862,1.1604499816894531,1.1604499816894531,84
2026-06-03T12:56:00.000Z,6E,1.1604499816894531,1.1605000495910645,1.1604000329971313,1.1604499816894531,95
2026-06-03T12:57:00.000Z,6E,1.1604499816894531,1.160599946975708,1.1604000329971313,1.160599946975708,148
2026-06-03T12:58:00.000Z,6E,1.1605499982833862,1.1606500148773193,1.1605499982833862,1.1606500148773193,64
2026-06-03T12:59:00.000Z,6E,1.1606500148773193,1.1606999635696411,1.160599946975708,1.1606500148773193,84
2026-06-03T13:00:00.000Z,6E,1.1606999635696411,1.1606999635696411,1.160599946975708,1.1606500148773193,294
2026-06-03T13:01:00.000Z,6E,1.160599946975708,1.1606500148773193,1.1605499982833862,1.1605499982833862,175
2026-06-03T13:02:00.000Z,6E,1.1605499982833862,1.1606500148773193,1.1605499982833862,1.1606500148773193,167
2026-06-03T13:03:00.000Z,6E,1.1606500148773193,1.1608500480651855,1.160599946975708,1.1607999801635742,185
2026-06-03T13:04:00.000Z,6E,1.1607999801635742,1.1608500480651855,1.1607500314712524,1.1608500480651855,198
2026-06-03T13:05:00.000Z,6E,1.1607999801635742,1.1608500480651855,1.1607500314712524,1.1607999801635742,439
2026-06-03T13:06:00.000Z,6E,1.1607999801635742,1.1607999801635742,1.1606500148773193,1.1606999635696411,70
2026-06-03T13:07:00.000Z,6E,1.1607500314712524,1.160949945449829,1.1607500314712524,1.1608999967575073,133
2026-06-03T13:08:00.000Z,6E,1.1608999967575073,1.160949945449829,1.1607500314712524,1.1607999801635742,351
2026-06-03T13:09:00.000Z,6E,1.1607500314712524,1.1608500480651855,1.1607500314712524,1.1607999801635742,200
2026-06-03T13:10:00.000Z,6E,1.1607999801635742,1.160949945449829,1.1607999801635742,1.160949945449829,100
2026-06-03T13:11:00.000Z,6E,1.1608999967575073,1.160949945449829,1.1608500480651855,1.1608999967575073,155
2026-06-03T13:12:00.000Z,6E,1.1608999967575073,1.160949945449829,1.1608500480651855,1.160949945449829,41
2026-06-03T13:13:00.000Z,6E,1.160949945449829,1.1610000133514404,1.1608999967575073,1.1608999967575073,101
2026-06-03T13:14:00.000Z,6E,1.1608999967575073,1.160949945449829,1.1607500314712524,1.1607500314712524,97
2026-06-03T13:15:00.000Z,6E,1.1607999801635742,1.1608999967575073,1.1607999801635742,1.1607999801635742,144
2026-06-03T13:16:00.000Z,6E,1.1607999801635742,1.1608500480651855,1.1607500314712524,1.1607500314712524,99
2026-06-03T13:17:00.000Z,6E,1.1607500314712524,1.1607500314712524,1.1605000495910645,1.1605000495910645,432
2026-06-03T13:18:00.000Z,6E,1.1605000495910645,1.1605499982833862,1.1604000329971313,1.1604000329971313,167
2026-06-03T13:19:00.000Z,6E,1.1604000329971313,1.1605000495910645,1.1604000329971313,1.1604499816894531,783
2026-06-03T13:20:00.000Z,6E,1.1604499816894531,1.1604499816894531,1.16034996509552,1.16034996509552,195
2026-06-03T13:21:00.000Z,6E,1.1604000329971313,1.1606999635696411,1.16034996509552,1.1606500148773193,463
2026-06-03T13:22:00.000Z,6E,1.1606999635696411,1.1607999801635742,1.1606999635696411,1.1607500314712524,257
2026-06-03T13:23:00.000Z,6E,1.1607500314712524,1.1607999801635742,1.1606500148773193,1.1606999635696411,268
2026-06-03T13:24:00.000Z,6E,1.1606999635696411,1.1607500314712524,1.1605499982833862,1.1606500148773193,166
2026-06-03T13:25:00.000Z,6E,1.1606500148773193,1.1607500314712524,1.1606500148773193,1.1606500148773193,99
2026-06-03T13:26:00.000Z,6E,1.1606500148773193,1.1606999635696411,1.1605000495910645,1.1606999635696411,464
2026-06-03T13:27:00.000Z,6E,1.1606999635696411,1.1608500480651855,1.1606999635696411,1.1608500480651855,128
2026-06-03T13:28:00.000Z,6E,1.1608500480651855,1.1610499620437622,1.1608500480651855,1.1610499620437622,1370
2026-06-03T13:29:00.000Z,6E,1.1610499620437622,1.1611000299453735,1.1610000133514404,1.1610499620437622,82
2026-06-03T13:30:00.000Z,6E,1.1610499620437622,1.1612000465393066,1.1610499620437622,1.1611499786376953,686
2026-06-03T13:31:00.000Z,6E,1.1612000465393066,1.1612000465393066,1.1608999967575073,1.1610000133514404,351
2026-06-03T13:32:00.000Z,6E,1.1610499620437622,1.1611000299453735,1.1610000133514404,1.1611000299453735,123
2026-06-03T13:33:00.000Z,6E,1.1611499786376953,1.1611499786376953,1.160949945449829,1.160949945449829,192
2026-06-03T13:34:00.000Z,6E,1.160949945449829,1.1610000133514404,1.1608500480651855,1.160949945449829,456
2026-06-03T13:35:00.000Z,6E,1.1610000133514404,1.1611499786376953,1.160949945449829,1.1611499786376953,191
2026-06-03T13:36:00.000Z,6E,1.1611499786376953,1.1612499952316284,1.1611499786376953,1.1612499952316284,161
2026-06-03T13:37:00.000Z,6E,1.1612499952316284,1.1612999439239502,1.1610499620437622,1.1611000299453735,167
2026-06-03T13:38:00.000Z,6E,1.1611499786376953,1.1612000465393066,1.1611000299453735,1.1612000465393066,322
2026-06-03T13:39:00.000Z,6E,1.1611000299453735,1.1611000299453735,1.1610000133514404,1.1610499620437622,235
2026-06-03T13:40:00.000Z,6E,1.1611000299453735,1.1612499952316284,1.1611000299453735,1.1612499952316284,285
2026-06-03T13:41:00.000Z,6E,1.1612499952316284,1.1612499952316284,1.1611499786376953,1.1612000465393066,124
2026-06-03T13:42:00.000Z,6E,1.1612000465393066,1.1612000465393066,1.1610499620437622,1.1611000299453735,121
2026-06-03T13:43:00.000Z,6E,1.1611000299453735,1.1611499786376953,1.160949945449829,1.1611000299453735,178
2026-06-03T13:44:00.000Z,6E,1.1610499620437622,1.1610499620437622,1.1608999967575073,1.160949945449829,157
2026-06-03T13:45:00.000Z,6E,1.1608999967575073,1.1610499620437622,1.1608999967575073,1.1610499620437622,176
2026-06-03T13:46:00.000Z,6E,1.1610499620437622,1.1611000299453735,1.160949945449829,1.1610000133514404,482
2026-06-03T13:47:00.000Z,6E,1.1610499620437622,1.1610499620437622,1.1607999801635742,1.1607999801635742,157
2026-06-03T13:48:00.000Z,6E,1.1608500480651855,1.1608500480651855,1.1607500314712524,1.1607999801635742,164
2026-06-03T13:49:00.000Z,6E,1.1607999801635742,1.1607999801635742,1.1605499982833862,1.160599946975708,286
2026-06-03T13:50:00.000Z,6E,1.1606500148773193,1.1607500314712524,1.160599946975708,1.160599946975708,189
2026-06-03T13:51:00.000Z,6E,1.1605499982833862,1.1607500314712524,1.1605000495910645,1.1607500314712524,550
2026-06-03T13:52:00.000Z,6E,1.1607500314712524,1.1608999967575073,1.1606999635696411,1.1607500314712524,175
2026-06-03T13:53:00.000Z,6E,1.1607500314712524,1.1607500314712524,1.1606500148773193,1.1607500314712524,68
2026-06-03T13:54:00.000Z,6E,1.1607500314712524,1.1608500480651855,1.1607500314712524,1.1608500480651855,126
2026-06-03T13:55:00.000Z,6E,1.1608500480651855,1.160949945449829,1.1608500480651855,1.1608999967575073,116
2026-06-03T13:56:00.000Z,6E,1.160949945449829,1.160949945449829,1.1608999967575073,1.1608999967575073,62
2026-06-03T13:57:00.000Z,6E,1.160949945449829,1.1610000133514404,1.1608999967575073,1.1610000133514404,133
2026-06-03T13:58:00.000Z,6E,1.1610000133514404,1.1610000133514404,1.1608999967575073,1.1608999967575073,151
2026-06-03T13:59:00.000Z,6E,1.160949945449829,1.160949945449829,1.1608500480651855,1.1608999967575073,347
2026-06-03T14:00:00.000Z,6E,1.160949945449829,1.1613500118255615,1.160599946975708,1.1612000465393066,1235
2026-06-03T14:01:00.000Z,6E,1.1612000465393066,1.1612999439239502,1.1611499786376953,1.1612499952316284,248
2026-06-03T14:02:00.000Z,6E,1.1612000465393066,1.1612999439239502,1.1612000465393066,1.1612000465393066,300
2026-06-03T14:03:00.000Z,6E,1.1611499786376953,1.1611499786376953,1.1610499620437622,1.1610499620437622,362
2026-06-03T14:04:00.000Z,6E,1.1610499620437622,1.1610499620437622,1.1608999967575073,1.1610000133514404,240
2026-06-03T14:05:00.000Z,6E,1.160949945449829,1.160949945449829,1.1607999801635742,1.1607999801635742,61
2026-06-03T14:06:00.000Z,6E,1.1608500480651855,1.1608999967575073,1.1607999801635742,1.1608500480651855,164
2026-06-03T14:07:00.000Z,6E,1.1608999967575073,1.1608999967575073,1.1607500314712524,1.1608999967575073,432
2026-06-03T14:08:00.000Z,6E,1.160949945449829,1.160949945449829,1.1606500148773193,1.1606500148773193,153
2026-06-03T14:09:00.000Z,6E,1.1606999635696411,1.1607500314712524,1.1606500148773193,1.1606999635696411,149
2026-06-03T14:10:00.000Z,6E,1.1606500148773193,1.1610499620437622,1.1606500148773193,1.1610499620437622,273
2026-06-03T14:11:00.000Z,6E,1.1610499620437622,1.1610499620437622,1.160949945449829,1.160949945449829,77
2026-06-03T14:12:00.000Z,6E,1.160949945449829,1.1612000465393066,1.1608999967575073,1.1611000299453735,312
2026-06-03T14:13:00.000Z,6E,1.1612000465393066,1.1614500284194946,1.1612000465393066,1.1614500284194946,214
2026-06-03T14:14:00.000Z,6E,1.1613999605178833,1.1614999771118164,1.1612499952316284,1.1612999439239502,347
2026-06-03T14:15:00.000Z,6E,1.1612499952316284,1.1612999439239502,1.1610499620437622,1.1612000465393066,296
2026-06-03T14:16:00.000Z,6E,1.1611499786376953,1.1613999605178833,1.1611000299453735,1.1611000299453735,475
2026-06-03T14:17:00.000Z,6E,1.1611000299453735,1.1611499786376953,1.1610000133514404,1.1611000299453735,328
2026-06-03T14:18:00.000Z,6E,1.1611000299453735,1.1611000299453735,1.1608500480651855,1.1608500480651855,268
2026-06-03T14:19:00.000Z,6E,1.1608500480651855,1.1608500480651855,1.1605499982833862,1.1607500314712524,728
2026-06-03T14:20:00.000Z,6E,1.1607500314712524,1.1607999801635742,1.160599946975708,1.1607500314712524,358
2026-06-03T14:21:00.000Z,6E,1.1607500314712524,1.1608500480651855,1.1607500314712524,1.1607999801635742,79
2026-06-03T14:22:00.000Z,6E,1.1607999801635742,1.1608999967575073,1.1606999635696411,1.1608999967575073,318
2026-06-03T14:23:00.000Z,6E,1.1608500480651855,1.160949945449829,1.1608500480651855,1.1608999967575073,113
2026-06-03T14:24:00.000Z,6E,1.1608999967575073,1.160949945449829,1.1608500480651855,1.160949945449829,82
2026-06-03T14:25:00.000Z,6E,1.160949945449829,1.1610000133514404,1.1608999967575073,1.1610000133514404,86
2026-06-03T14:26:00.000Z,6E,1.1610499620437622,1.1611000299453735,1.160949945449829,1.160949945449829,347
2026-06-03T14:27:00.000Z,6E,1.1608999967575073,1.1610499620437622,1.1608999967575073,1.1610000133514404,221
2026-06-03T14:28:00.000Z,6E,1.1610000133514404,1.1610499620437622,1.160949945449829,1.1610499620437622,288
2026-06-03T14:29:00.000Z,6E,1.1610000133514404,1.1611000299453735,1.160949945449829,1.1610000133514404,214
2026-06-03T14:30:00.000Z,6E,1.1610000133514404,1.1610499620437622,1.1606999635696411,1.1606999635696411,346
2026-06-03T14:31:00.000Z,6E,1.1606999635696411,1.1607500314712524,1.1606500148773193,1.1606500148773193,188
2026-06-03T14:32:00.000Z,6E,1.1606500148773193,1.1606999635696411,1.160599946975708,1.1606500148773193,137
2026-06-03T14:33:00.000Z,6E,1.1606500148773193,1.1608500480651855,1.1606500148773193,1.1607999801635742,145
2026-06-03T14:34:00.000Z,6E,1.1607500314712524,1.1608500480651855,1.1606999635696411,1.1606999635696411,238
2026-06-03T14:35:00.000Z,6E,1.1607500314712524,1.1607500314712524,1.1606999635696411,1.1607500314712524,89
2026-06-03T14:36:00.000Z,6E,1.1606999635696411,1.1606999635696411,1.160599946975708,1.160599946975708,115
2026-06-03T14:37:00.000Z,6E,1.160599946975708,1.1606500148773193,1.1605499982833862,1.160599946975708,243
2026-06-03T14:38:00.000Z,6E,1.1605499982833862,1.1605499982833862,1.1605000495910645,1.1605499982833862,127
2026-06-03T14:39:00.000Z,6E,1.1605499982833862,1.1606999635696411,1.1605499982833862,1.1606500148773193,199
2026-06-03T14:40:00.000Z,6E,1.1606500148773193,1.1606500148773193,1.16034996509552,1.16034996509552,244
2026-06-03T14:41:00.000Z,6E,1.1603000164031982,1.1604499816894531,1.160249948501587,1.16034996509552,433
2026-06-03T14:42:00.000Z,6E,1.1604000329971313,1.1605000495910645,1.16034996509552,1.1604499816894531,156
2026-06-03T14:43:00.000Z,6E,1.1604499816894531,1.1605000495910645,1.1604499816894531,1.1604499816894531,220
2026-06-03T14:44:00.000Z,6E,1.1604499816894531,1.1604499816894531,1.160249948501587,1.1603000164031982,269
2026-06-03T14:45:00.000Z,6E,1.160249948501587,1.160249948501587,1.160099983215332,1.1601500511169434,365
2026-06-03T14:46:00.000Z,6E,1.160099983215332,1.1601999998092651,1.160099983215332,1.1601999998092651,192
2026-06-03T14:47:00.000Z,6E,1.160249948501587,1.1603000164031982,1.1601999998092651,1.1603000164031982,230
2026-06-03T14:48:00.000Z,6E,1.160249948501587,1.1603000164031982,1.1601999998092651,1.1601999998092651,91
2026-06-03T14:49:00.000Z,6E,1.1601500511169434,1.16034996509552,1.1601500511169434,1.16034996509552,136
2026-06-03T14:50:00.000Z,6E,1.1603000164031982,1.16034996509552,1.1603000164031982,1.1603000164031982,205
2026-06-03T14:51:00.000Z,6E,1.16034996509552,1.1608999967575073,1.1603000164031982,1.1607500314712524,1926
2026-06-03T14:52:00.000Z,6E,1.1606999635696411,1.160949945449829,1.1605499982833862,1.1608999967575073,1111
2026-06-03T14:53:00.000Z,6E,1.1608999967575073,1.1614500284194946,1.1608999967575073,1.1614500284194946,1835
2026-06-03T14:54:00.000Z,6E,1.1613999605178833,1.1614999771118164,1.1612999439239502,1.1613999605178833,1866
2026-06-03T14:55:00.000Z,6E,1.1613999605178833,1.1614500284194946,1.1612000465393066,1.1612000465393066,1672
2026-06-03T14:56:00.000Z,6E,1.1612000465393066,1.1613500118255615,1.1612000465393066,1.1612499952316284,1942
2026-06-03T14:57:00.000Z,6E,1.1612000465393066,1.1617499589920044,1.1610000133514404,1.1616499423980713,2049
2026-06-03T14:58:00.000Z,6E,1.1615999937057495,1.1618499755859375,1.1615999937057495,1.1618499755859375,1228
2026-06-03T14:59:00.000Z,6E,1.1618499755859375,1.1619000434875488,1.1617499589920044,1.1618499755859375,1453
2026-06-03T15:00:00.000Z,6E,1.1619000434875488,1.1619499921798706,1.1616499423980713,1.1616499423980713,1715
2026-06-03T15:01:00.000Z,6E,1.1616499423980713,1.1617499589920044,1.1615500450134277,1.1617000102996826,761
2026-06-03T15:02:00.000Z,6E,1.1617000102996826,1.1617499589920044,1.1614999771118164,1.1615500450134277,463
2026-06-03T15:03:00.000Z,6E,1.1615500450134277,1.1615999937057495,1.1614500284194946,1.1614500284194946,244
2026-06-03T15:04:00.000Z,6E,1.1614500284194946,1.1614999771118164,1.1612000465393066,1.1612499952316284,215
2026-06-03T15:05:00.000Z,6E,1.1612499952316284,1.1612999439239502,1.1611000299453735,1.1611499786376953,271
2026-06-03T15:06:00.000Z,6E,1.1611000299453735,1.1612000465393066,1.1610499620437622,1.1611000299453735,218
2026-06-03T15:07:00.000Z,6E,1.1610499620437622,1.1611000299453735,1.160949945449829,1.160949945449829,286
2026-06-03T15:08:00.000Z,6E,1.1610000133514404,1.1611000299453735,1.1610000133514404,1.1611000299453735,528
2026-06-03T15:09:00.000Z,6E,1.1611000299453735,1.1611499786376953,1.1610000133514404,1.1610000133514404,239
2026-06-03T15:10:00.000Z,6E,1.1610000133514404,1.1610499620437622,1.1608999967575073,1.160949945449829,478
2026-06-03T15:11:00.000Z,6E,1.1610000133514404,1.1611000299453735,1.1610000133514404,1.1610000133514404,165
2026-06-03T15:12:00.000Z,6E,1.1610000133514404,1.1611000299453735,1.160949945449829,1.160949945449829,125
2026-06-03T15:13:00.000Z,6E,1.1610000133514404,1.1612000465393066,1.1610000133514404,1.1612000465393066,229
2026-06-03T15:14:00.000Z,6E,1.1611499786376953,1.1613500118255615,1.1611499786376953,1.1613500118255615,236
2026-06-03T15:15:00.000Z,6E,1.1613999605178833,1.1614999771118164,1.1612999439239502,1.1613500118255615,264
2026-06-03T15:16:00.000Z,6E,1.1613500118255615,1.1615999937057495,1.1613500118255615,1.1615999937057495,179
2026-06-03T15:17:00.000Z,6E,1.1615500450134277,1.1616499423980713,1.1614999771118164,1.1616499423980713,263
2026-06-03T15:18:00.000Z,6E,1.1616499423980713,1.1617000102996826,1.1615999937057495,1.1616499423980713,122
2026-06-03T15:19:00.000Z,6E,1.1616499423980713,1.1618000268936157,1.1615500450134277,1.1615500450134277,136
2026-06-03T15:20:00.000Z,6E,1.1615500450134277,1.1615500450134277,1.1613999605178833,1.1613999605178833,67
2026-06-03T15:21:00.000Z,6E,1.1614500284194946,1.1614999771118164,1.1613999605178833,1.1614999771118164,191
2026-06-03T15:22:00.000Z,6E,1.1614999771118164,1.1614999771118164,1.1614500284194946,1.1614999771118164,124
2026-06-03T15:23:00.000Z,6E,1.1614999771118164,1.1615999937057495,1.1614999771118164,1.1614999771118164,99
2026-06-03T15:24:00.000Z,6E,1.1615500450134277,1.1615500450134277,1.1613500118255615,1.1613500118255615,180
2026-06-03T15:25:00.000Z,6E,1.1613999605178833,1.1614500284194946,1.1613500118255615,1.1613999605178833,169
2026-06-03T15:26:00.000Z,6E,1.1614500284194946,1.1614999771118164,1.1612999439239502,1.1613500118255615,210
2026-06-03T15:27:00.000Z,6E,1.1612999439239502,1.1613999605178833,1.1612999439239502,1.1613999605178833,198
2026-06-03T15:28:00.000Z,6E,1.1613500118255615,1.1613500118255615,1.1612000465393066,1.1612999439239502,517
2026-06-03T15:29:00.000Z,6E,1.1612999439239502,1.1613999605178833,1.1612499952316284,1.1613999605178833,155
2026-06-03T15:30:00.000Z,6E,1.1613500118255615,1.1613999605178833,1.1612999439239502,1.1613500118255615,126
2026-06-03T15:31:00.000Z,6E,1.1612999439239502,1.1612999439239502,1.1612000465393066,1.1612999439239502,79
2026-06-03T15:32:00.000Z,6E,1.1612499952316284,1.1613999605178833,1.1612499952316284,1.1613500118255615,207
2026-06-03T15:33:00.000Z,6E,1.1613500118255615,1.1614999771118164,1.1612999439239502,1.1614999771118164,198
2026-06-03T15:34:00.000Z,6E,1.1614999771118164,1.1615999937057495,1.1614500284194946,1.1615500450134277,93
2026-06-03T15:35:00.000Z,6E,1.1615500450134277,1.1615999937057495,1.1615500450134277,1.1615500450134277,67
2026-06-03T15:36:00.000Z,6E,1.1615999937057495,1.1617000102996826,1.1614999771118164,1.1614999771118164,153
2026-06-03T15:37:00.000Z,6E,1.1614999771118164,1.1615500450134277,1.1611499786376953,1.1612499952316284,349
2026-06-03T15:38:00.000Z,6E,1.1612999439239502,1.1614500284194946,1.1612499952316284,1.1614500284194946,161
2026-06-03T15:39:00.000Z,6E,1.1614500284194946,1.1614500284194946,1.1612000465393066,1.1612499952316284,103
2026-06-03T15:40:00.000Z,6E,1.1612000465393066,1.1612499952316284,1.1612000465393066,1.1612499952316284,109
2026-06-03T15:41:00.000Z,6E,1.1612499952316284,1.1612999439239502,1.1611000299453735,1.1611499786376953,165
2026-06-03T15:42:00.000Z,6E,1.1612000465393066,1.1612000465393066,1.1611000299453735,1.1611499786376953,45
2026-06-03T15:43:00.000Z,6E,1.1611000299453735,1.1612999439239502,1.1611000299453735,1.1612000465393066,142
2026-06-03T15:44:00.000Z,6E,1.1612499952316284,1.1612999439239502,1.1611499786376953,1.1612499952316284,144
2026-06-03T15:45:00.000Z,6E,1.1612999439239502,1.1613999605178833,1.1612000465393066,1.1612000465393066,103
2026-06-03T15:46:00.000Z,6E,1.1612000465393066,1.1612499952316284,1.1611499786376953,1.1612000465393066,98
2026-06-03T15:47:00.000Z,6E,1.1612000465393066,1.1612999439239502,1.1612000465393066,1.1612000465393066,74
2026-06-03T15:48:00.000Z,6E,1.1611499786376953,1.1612000465393066,1.1611000299453735,1.1611000299453735,15
2026-06-03T15:49:00.000Z,6E,1.1611000299453735,1.1612499952316284,1.1611000299453735,1.1612499952316284,142
2026-06-03T15:50:00.000Z,6E,1.1612000465393066,1.1612999439239502,1.1612000465393066,1.1612499952316284,103
2026-06-03T15:51:00.000Z,6E,1.1612499952316284,1.1612499952316284,1.1612000465393066,1.1612499952316284,72
2026-06-03T15:52:00.000Z,6E,1.1612499952316284,1.1612499952316284,1.1612499952316284,1.1612499952316284,31
2026-06-03T15:53:00.000Z,6E,1.1612000465393066,1.1612000465393066,1.1611499786376953,1.1612000465393066,152
2026-06-03T15:54:00.000Z,6E,1.1612499952316284,1.1612499952316284,1.1611000299453735,1.1611000299453735,120
2026-06-03T15:55:00.000Z,6E,1.1611000299453735,1.1612000465393066,1.1611000299453735,1.1612000465393066,65
2026-06-03T15:56:00.000Z,6E,1.1612000465393066,1.1612000465393066,1.1610499620437622,1.1611000299453735,73
2026-06-03T15:57:00.000Z,6E,1.1611000299453735,1.1611499786376953,1.1611000299453735,1.1611000299453735,35
2026-06-03T15:58:00.000Z,6E,1.1611000299453735,1.1611499786376953,1.1610000133514404,1.1610499620437622,91
2026-06-03T15:59:00.000Z,6E,1.1610499620437622,1.1611000299453735,1.1610499620437622,1.1611000299453735,61
2026-06-03T16:00:00.000Z,6E,1.1611499786376953,1.1611499786376953,1.1610499620437622,1.1610499620437622,85
2026-06-03T16:01:00.000Z,6E,1.1610000133514404,1.1610499620437622,1.1608999967575073,1.1608999967575073,160
2026-06-03T16:02:00.000Z,6E,1.1608999967575073,1.1608999967575073,1.1607999801635742,1.1607999801635742,178
2026-06-03T16:03:00.000Z,6E,1.1607500314712524,1.1608999967575073,1.1607500314712524,1.1608500480651855,379
2026-06-03T16:04:00.000Z,6E,1.1608500480651855,1.1608500480651855,1.1607999801635742,1.1607999801635742,31
2026-06-03T16:05:00.000Z,6E,1.1607999801635742,1.160949945449829,1.1607999801635742,1.1607999801635742,78
2026-06-03T16:06:00.000Z,6E,1.1607999801635742,1.1608500480651855,1.1607999801635742,1.1608500480651855,56
2026-06-03T16:07:00.000Z,6E,1.1608500480651855,1.1608500480651855,1.1604000329971313,1.1604000329971313,211
2026-06-03T16:08:00.000Z,6E,1.1604000329971313,1.1605499982833862,1.16034996509552,1.1605000495910645,235
2026-06-03T16:09:00.000Z,6E,1.1605499982833862,1.1605499982833862,1.1605000495910645,1.1605000495910645,57
2026-06-03T16:10:00.000Z,6E,1.1604499816894531,1.1605000495910645,1.16034996509552,1.1604000329971313,442
2026-06-03T16:11:00.000Z,6E,1.1604499816894531,1.1604499816894531,1.1604000329971313,1.1604000329971313,88
2026-06-03T16:12:00.000Z,6E,1.1604000329971313,1.1604499816894531,1.1604000329971313,1.1604499816894531,96
2026-06-03T16:13:00.000Z,6E,1.1604499816894531,1.1604499816894531,1.1604499816894531,1.1604499816894531,38
2026-06-03T16:14:00.000Z,6E,1.1604499816894531,1.1604499816894531,1.1604499816894531,1.1604499816894531,26
2026-06-03T16:15:00.000Z,6E,1.1605000495910645,1.1605000495910645,1.16034996509552,1.1604000329971313,75
2026-06-03T16:16:00.000Z,6E,1.1604000329971313,1.1604499816894531,1.1604000329971313,1.1604499816894531,104
2026-06-03T16:17:00.000Z,6E,1.1605000495910645,1.1605499982833862,1.1604499816894531,1.1604499816894531,345
2026-06-03T16:18:00.000Z,6E,1.1604000329971313,1.1604000329971313,1.160249948501587,1.1603000164031982,114
2026-06-03T16:19:00.000Z,6E,1.1603000164031982,1.16034996509552,1.160249948501587,1.160249948501587,100
2026-06-03T16:20:00.000Z,6E,1.1603000164031982,1.1603000164031982,1.160249948501587,1.160249948501587,205
2026-06-03T16:21:00.000Z,6E,1.160249948501587,1.1603000164031982,1.1601999998092651,1.1603000164031982,59
2026-06-03T16:22:00.000Z,6E,1.1603000164031982,1.1606500148773193,1.160249948501587,1.1605499982833862,227
2026-06-03T16:23:00.000Z,6E,1.1605499982833862,1.1605499982833862,1.1605000495910645,1.1605000495910645,43
2026-06-03T16:24:00.000Z,6E,1.1605000495910645,1.1605000495910645,1.1604499816894531,1.1605000495910645,38
2026-06-03T16:25:00.000Z,6E,1.1605499982833862,1.160599946975708,1.1605000495910645,1.1605499982833862,99
2026-06-03T16:26:00.000Z,6E,1.1605499982833862,1.1605499982833862,1.1605000495910645,1.1605499982833862,57
2026-06-03T16:27:00.000Z,6E,1.1605499982833862,1.1605499982833862,1.1604000329971313,1.1605000495910645,83
2026-06-03T16:28:00.000Z,6E,1.1605000495910645,1.1605000495910645,1.1604499816894531,1.1605000495910645,81
2026-06-03T16:29:00.000Z,6E,1.1604499816894531,1.1605499982833862,1.1604499816894531,1.1605499982833862,37
2026-06-03T16:30:00.000Z,6E,1.160599946975708,1.1606500148773193,1.1605000495910645,1.1605499982833862,67
2026-06-03T16:31:00.000Z,6E,1.1605000495910645,1.160599946975708,1.1605000495910645,1.1605499982833862,140
2026-06-03T16:32:00.000Z,6E,1.1605000495910645,1.1605000495910645,1.16034996509552,1.16034996509552,106
2026-06-03T16:33:00.000Z,6E,1.16034996509552,1.16034996509552,1.160249948501587,1.160249948501587,239
2026-06-03T16:34:00.000Z,6E,1.160249948501587,1.1603000164031982,1.1601500511169434,1.1601500511169434,159
2026-06-03T16:35:00.000Z,6E,1.1601999998092651,1.160249948501587,1.1601999998092651,1.160249948501587,58
2026-06-03T16:36:00.000Z,6E,1.1603000164031982,1.16034996509552,1.160249948501587,1.1603000164031982,430
2026-06-03T16:37:00.000Z,6E,1.1603000164031982,1.16034996509552,1.160249948501587,1.160249948501587,133
2026-06-03T16:38:00.000Z,6E,1.160249948501587,1.160249948501587,1.160249948501587,1.160249948501587,81
2026-06-03T16:39:00.000Z,6E,1.1601999998092651,1.1601999998092651,1.1601999998092651,1.1601999998092651,68
2026-06-03T16:40:00.000Z,6E,1.160249948501587,1.160249948501587,1.1601999998092651,1.1601999998092651,109
2026-06-03T16:41:00.000Z,6E,1.1601999998092651,1.1601999998092651,1.1601500511169434,1.1601500511169434,100
2026-06-03T16:42:00.000Z,6E,1.1601999998092651,1.1601999998092651,1.1601500511169434,1.1601999998092651,58
2026-06-03T16:43:00.000Z,6E,1.1601999998092651,1.160249948501587,1.1601500511169434,1.1601999998092651,169
2026-06-03T16:44:00.000Z,6E,1.1601999998092651,1.160249948501587,1.1601999998092651,1.160249948501587,120
2026-06-03T16:45:00.000Z,6E,1.1603000164031982,1.1604000329971313,1.1603000164031982,1.16034996509552,72
2026-06-03T16:46:00.000Z,6E,1.16034996509552,1.16034996509552,1.160249948501587,1.16034996509552,183
2026-06-03T16:47:00.000Z,6E,1.16034996509552,1.16034996509552,1.1603000164031982,1.1603000164031982,53
2026-06-03T16:48:00.000Z,6E,1.1603000164031982,1.1603000164031982,1.160249948501587,1.160249948501587,20
2026-06-03T16:49:00.000Z,6E,1.1603000164031982,1.1603000164031982,1.160249948501587,1.1603000164031982,76
2026-06-03T16:50:00.000Z,6E,1.160249948501587,1.16034996509552,1.160249948501587,1.16034996509552,64
2026-06-03T16:51:00.000Z,6E,1.16034996509552,1.1604499816894531,1.1603000164031982,1.1603000164031982,44
2026-06-03T16:52:00.000Z,6E,1.1603000164031982,1.1604000329971313,1.1601999998092651,1.1604000329971313,176
2026-06-03T16:53:00.000Z,6E,1.1604000329971313,1.1604499816894531,1.1603000164031982,1.16034996509552,241
2026-06-03T16:54:00.000Z,6E,1.1604000329971313,1.1605499982833862,1.16034996509552,1.1604000329971313,114
2026-06-03T16:55:00.000Z,6E,1.16034996509552,1.1605000495910645,1.16034996509552,1.1604499816894531,184
2026-06-03T16:56:00.000Z,6E,1.1605000495910645,1.1606500148773193,1.1605000495910645,1.1606500148773193,104
2026-06-03T16:57:00.000Z,6E,1.160599946975708,1.1607999801635742,1.160599946975708,1.1607500314712524,298
2026-06-03T16:58:00.000Z,6E,1.1606999635696411,1.1607500314712524,1.1606500148773193,1.1606500148773193,62
2026-06-03T16:59:00.000Z,6E,1.1606500148773193,1.1606999635696411,1.160599946975708,1.1606500148773193,110
2026-06-03T17:00:00.000Z,6E,1.1606999635696411,1.1606999635696411,1.160599946975708,1.1606500148773193,97
2026-06-03T17:01:00.000Z,6E,1.1606999635696411,1.1606999635696411,1.1606500148773193,1.1606999635696411,45
2026-06-03T17:02:00.000Z,6E,1.1606999635696411,1.1606999635696411,1.160599946975708,1.1606500148773193,66
2026-06-03T17:03:00.000Z,6E,1.1606999635696411,1.1606999635696411,1.1606500148773193,1.1606500148773193,40
2026-06-03T17:04:00.000Z,6E,1.160599946975708,1.1606500148773193,1.160599946975708,1.160599946975708,73
2026-06-03T17:05:00.000Z,6E,1.1605499982833862,1.160599946975708,1.1605499982833862,1.160599946975708,34
2026-06-03T17:06:00.000Z,6E,1.1605499982833862,1.1605499982833862,1.1604499816894531,1.1604499816894531,62
2026-06-03T17:07:00.000Z,6E,1.1605000495910645,1.1606999635696411,1.1605000495910645,1.1606999635696411,46
2026-06-03T17:08:00.000Z,6E,1.1606999635696411,1.1608999967575073,1.1606999635696411,1.1608500480651855,93
2026-06-03T17:09:00.000Z,6E,1.1608500480651855,1.1610000133514404,1.1608500480651855,1.1608999967575073,407
2026-06-03T17:10:00.000Z,6E,1.1608999967575073,1.1608999967575073,1.1607999801635742,1.1608500480651855,36
2026-06-03T17:11:00.000Z,6E,1.1607999801635742,1.1607999801635742,1.1607500314712524,1.1607500314712524,50
2026-06-03T17:12:00.000Z,6E,1.1607500314712524,1.1607999801635742,1.1606999635696411,1.1607500314712524,164
2026-06-03T17:13:00.000Z,6E,1.1607500314712524,1.1607500314712524,1.1605499982833862,1.1605499982833862,207
2026-06-03T17:14:00.000Z,6E,1.1605499982833862,1.1606500148773193,1.1605499982833862,1.1606500148773193,28
2026-06-03T17:15:00.000Z,6E,1.1606999635696411,1.1606999635696411,1.1606500148773193,1.1606999635696411,71
2026-06-03T17:16:00.000Z,6E,1.1606500148773193,1.1606500148773193,1.160599946975708,1.160599946975708,13
2026-06-03T17:17:00.000Z,6E,1.160599946975708,1.160599946975708,1.1605499982833862,1.160599946975708,54
2026-06-03T17:18:00.000Z,6E,1.160599946975708,1.160599946975708,1.160599946975708,1.160599946975708,13
2026-06-03T17:19:00.000Z,6E,1.1605499982833862,1.1605499982833862,1.1604499816894531,1.1604499816894531,85
2026-06-03T17:20:00.000Z,6E,1.1605000495910645,1.1605000495910645,1.1604499816894531,1.1605000495910645,50
2026-06-03T17:21:00.000Z,6E,1.1605000495910645,1.1605000495910645,1.1605000495910645,1.1605000495910645,7
2026-06-03T17:22:00.000Z,6E,1.1605000495910645,1.1605000495910645,1.1604499816894531,1.1604499816894531,30
2026-06-03T17:23:00.000Z,6E,1.1604499816894531,1.1604499816894531,1.1604499816894531,1.1604499816894531,17
2026-06-03T17:24:00.000Z,6E,1.1604499816894531,1.1604499816894531,1.1604499816894531,1.1604499816894531,19
2026-06-03T17:25:00.000Z,6E,1.1604499816894531,1.1604499816894531,1.1604499816894531,1.1604499816894531,6
2026-06-03T17:26:00.000Z,6E,1.1604499816894531,1.1604499816894531,1.1604000329971313,1.1604499816894531,22
2026-06-03T17:27:00.000Z,6E,1.1604499816894531,1.1604499816894531,1.1604499816894531,1.1604499816894531,1
2026-06-03T17:28:00.000Z,6E,1.1604000329971313,1.1604000329971313,1.16034996509552,1.16034996509552,19
2026-06-03T17:29:00.000Z,6E,1.16034996509552,1.1604499816894531,1.16034996509552,1.1604000329971313,135
2026-06-03T17:30:00.000Z,6E,1.16034996509552,1.16034996509552,1.16034996509552,1.16034996509552,66
2026-06-03T17:31:00.000Z,6E,1.16034996509552,1.16034996509552,1.16034996509552,1.16034996509552,48
2026-06-03T17:32:00.000Z,6E,1.16034996509552,1.1604000329971313,1.16034996509552,1.1604000329971313,50
2026-06-03T17:33:00.000Z,6E,1.1604000329971313,1.1605499982833862,1.1604000329971313,1.1605499982833862,54
2026-06-03T17:34:00.000Z,6E,1.160599946975708,1.160599946975708,1.1605499982833862,1.1605499982833862,14
2026-06-03T17:35:00.000Z,6E,1.1605499982833862,1.160599946975708,1.1605499982833862,1.160599946975708,28
2026-06-03T17:36:00.000Z,6E,1.160599946975708,1.160599946975708,1.1605499982833862,1.1605499982833862,27
2026-06-03T17:37:00.000Z,6E,1.1605499982833862,1.1605499982833862,1.1605499982833862,1.1605499982833862,88
2026-06-03T17:38:00.000Z,6E,1.1605000495910645,1.1605000495910645,1.1605000495910645,1.1605000495910645,2
2026-06-03T17:39:00.000Z,6E,1.1605499982833862,1.1605499982833862,1.1605000495910645,1.1605000495910645,5
2026-06-03T17:40:00.000Z,6E,1.1605499982833862,1.1605499982833862,1.1605499982833862,1.1605499982833862,4
2026-06-03T17:41:00.000Z,6E,1.1605499982833862,1.160599946975708,1.1605499982833862,1.160599946975708,15
2026-06-03T17:42:00.000Z,6E,1.1605499982833862,1.1606500148773193,1.1605499982833862,1.1605499982833862,115
2026-06-03T17:43:00.000Z,6E,1.1605000495910645,1.1605000495910645,1.1605000495910645,1.1605000495910645,27
2026-06-03T17:45:00.000Z,6E,1.1604499816894531,1.1604499816894531,1.1604499816894531,1.1604499816894531,222
2026-06-03T17:46:00.000Z,6E,1.1604000329971313,1.1604499816894531,1.1603000164031982,1.1603000164031982,347
2026-06-03T17:47:00.000Z,6E,1.16034996509552,1.1604499816894531,1.1603000164031982,1.1604000329971313,366
2026-06-03T17:48:00.000Z,6E,1.1604000329971313,1.1605499982833862,1.1604000329971313,1.1605000495910645,65
2026-06-03T17:49:00.000Z,6E,1.1605000495910645,1.1605000495910645,1.1604499816894531,1.1604499816894531,21
2026-06-03T17:50:00.000Z,6E,1.1604499816894531,1.1604499816894531,1.1604000329971313,1.1604499816894531,22
2026-06-03T17:51:00.000Z,6E,1.1604499816894531,1.1605499982833862,1.1604499816894531,1.1605000495910645,73
2026-06-03T17:52:00.000Z,6E,1.1605000495910645,1.1605000495910645,1.1605000495910645,1.1605000495910645,9
2026-06-03T17:53:00.000Z,6E,1.1605000495910645,1.1605499982833862,1.1605000495910645,1.1605499982833862,53
2026-06-03T17:54:00.000Z,6E,1.1605499982833862,1.1605499982833862,1.1604000329971313,1.1604000329971313,99
2026-06-03T17:55:00.000Z,6E,1.1604000329971313,1.1604499816894531,1.1604000329971313,1.1604499816894531,54
2026-06-03T17:56:00.000Z,6E,1.1604499816894531,1.1605000495910645,1.1604499816894531,1.1605000495910645,3
2026-06-03T17:57:00.000Z,6E,1.1605000495910645,1.1605000495910645,1.1605000495910645,1.1605000495910645,38
2026-06-03T17:58:00.000Z,6E,1.1604499816894531,1.1604499816894531,1.1604499816894531,1.1604499816894531,71
2026-06-03T17:59:00.000Z,6E,1.1605000495910645,1.1605000495910645,1.1604499816894531,1.1604499816894531,25
2026-06-03T18:00:00.000Z,6E,1.1605000495910645,1.1605000495910645,1.1604499816894531,1.1605000495910645,24
2026-06-03T18:01:00.000Z,6E,1.1605000495910645,1.1605499982833862,1.1605000495910645,1.1605000495910645,19
2026-06-03T18:02:00.000Z,6E,1.1605499982833862,1.1605499982833862,1.1605000495910645,1.1605000495910645,87
2026-06-03T18:03:00.000Z,6E,1.1605000495910645,1.160599946975708,1.1605000495910645,1.160599946975708,112
2026-06-03T18:04:00.000Z,6E,1.1605499982833862,1.1605499982833862,1.1605000495910645,1.1605000495910645,37
2026-06-03T18:05:00.000Z,6E,1.1605000495910645,1.1605000495910645,1.1604499816894531,1.1604499816894531,53
2026-06-03T18:06:00.000Z,6E,1.1604000329971313,1.1604000329971313,1.1604000329971313,1.1604000329971313,66
2026-06-03T18:07:00.000Z,6E,1.1604000329971313,1.1604000329971313,1.1604000329971313,1.1604000329971313,61
2026-06-03T18:08:00.000Z,6E,1.1604000329971313,1.1604000329971313,1.1604000329971313,1.1604000329971313,15
2026-06-03T18:09:00.000Z,6E,1.1604000329971313,1.1604000329971313,1.16034996509552,1.1604000329971313,66
2026-06-03T18:10:00.000Z,6E,1.1604000329971313,1.1604000329971313,1.1604000329971313,1.1604000329971313,18
2026-06-03T18:11:00.000Z,6E,1.1604000329971313,1.1604000329971313,1.16034996509552,1.16034996509552,64
2026-06-03T18:12:00.000Z,6E,1.16034996509552,1.16034996509552,1.1603000164031982,1.1603000164031982,39
2026-06-03T18:13:00.000Z,6E,1.160249948501587,1.1603000164031982,1.160249948501587,1.160249948501587,18
2026-06-03T18:14:00.000Z,6E,1.160249948501587,1.160249948501587,1.160249948501587,1.160249948501587,99
2026-06-03T18:15:00.000Z,6E,1.160249948501587,1.1603000164031982,1.160249948501587,1.1603000164031982,150
2026-06-03T18:16:00.000Z,6E,1.16034996509552,1.16034996509552,1.160249948501587,1.160249948501587,17
2026-06-03T18:17:00.000Z,6E,1.1603000164031982,1.1603000164031982,1.1603000164031982,1.1603000164031982,72
2026-06-03T18:18:00.000Z,6E,1.1603000164031982,1.16034996509552,1.1603000164031982,1.1603000164031982,65
2026-06-03T18:19:00.000Z,6E,1.1603000164031982,1.1603000164031982,1.1603000164031982,1.1603000164031982,51
2026-06-03T18:20:00.000Z,6E,1.1603000164031982,1.16034996509552,1.1601500511169434,1.160249948501587,1109
2026-06-03T18:21:00.000Z,6E,1.1603000164031982,1.1603000164031982,1.160249948501587,1.1603000164031982,43
2026-06-03T18:22:00.000Z,6E,1.16034996509552,1.16034996509552,1.1603000164031982,1.1603000164031982,56
2026-06-03T18:23:00.000Z,6E,1.16034996509552,1.16034996509552,1.1603000164031982,1.1603000164031982,2083
2026-06-03T18:24:00.000Z,6E,1.16034996509552,1.16034996509552,1.1603000164031982,1.16034996509552,553
2026-06-03T18:25:00.000Z,6E,1.16034996509552,1.16034996509552,1.16034996509552,1.16034996509552,38
2026-06-03T18:26:00.000Z,6E,1.16034996509552,1.1604499816894531,1.16034996509552,1.1604499816894531,2544
2026-06-03T18:27:00.000Z,6E,1.1604499816894531,1.1604499816894531,1.1604000329971313,1.1604000329971313,40
2026-06-03T18:28:00.000Z,6E,1.1604000329971313,1.1604000329971313,1.16034996509552,1.1604000329971313,70
2026-06-03T18:29:00.000Z,6E,1.1604000329971313,1.1604000329971313,1.1604000329971313,1.1604000329971313,5
2026-06-03T18:30:00.000Z,6E,1.1604000329971313,1.1604000329971313,1.1604000329971313,1.1604000329971313,10
2026-06-03T18:31:00.000Z,6E,1.1604000329971313,1.1604000329971313,1.16034996509552,1.1604000329971313,84
2026-06-03T18:32:00.000Z,6E,1.1604000329971313,1.1604000329971313,1.1604000329971313,1.1604000329971313,29
2026-06-03T18:33:00.000Z,6E,1.16034996509552,1.16034996509552,1.1603000164031982,1.16034996509552,131
2026-06-03T18:34:00.000Z,6E,1.16034996509552,1.16034996509552,1.1603000164031982,1.1603000164031982,52
2026-06-03T18:35:00.000Z,6E,1.1603000164031982,1.1603000164031982,1.1601999998092651,1.1601999998092651,84
2026-06-03T18:36:00.000Z,6E,1.160249948501587,1.1603000164031982,1.160249948501587,1.1603000164031982,107
2026-06-03T18:37:00.000Z,6E,1.16034996509552,1.16034996509552,1.1603000164031982,1.1603000164031982,49
2026-06-03T18:38:00.000Z,6E,1.1603000164031982,1.16034996509552,1.160249948501587,1.16034996509552,12
2026-06-03T18:39:00.000Z,6E,1.16034996509552,1.1604000329971313,1.16034996509552,1.16034996509552,25
2026-06-03T18:40:00.000Z,6E,1.1604000329971313,1.1604000329971313,1.1603000164031982,1.16034996509552,59
2026-06-03T18:41:00.000Z,6E,1.16034996509552,1.16034996509552,1.16034996509552,1.16034996509552,19
2026-06-03T18:42:00.000Z,6E,1.16034996509552,1.16034996509552,1.1603000164031982,1.16034996509552,18
2026-06-03T18:43:00.000Z,6E,1.16034996509552,1.16034996509552,1.16034996509552,1.16034996509552,19
2026-06-03T18:44:00.000Z,6E,1.1603000164031982,1.16034996509552,1.1603000164031982,1.16034996509552,18
2026-06-03T18:45:00.000Z,6E,1.16034996509552,1.1605000495910645,1.16034996509552,1.1605000495910645,65
2026-06-03T18:46:00.000Z,6E,1.1605000495910645,1.1605499982833862,1.1604499816894531,1.1604499816894531,84
2026-06-03T18:47:00.000Z,6E,1.1604499816894531,1.1605000495910645,1.1604499816894531,1.1605000495910645,46
2026-06-03T18:48:00.000Z,6E,1.1605000495910645,1.160599946975708,1.1605000495910645,1.1605499982833862,43
2026-06-03T18:49:00.000Z,6E,1.1605499982833862,1.160599946975708,1.1605000495910645,1.1605000495910645,27
2026-06-03T18:50:00.000Z,6E,1.1605000495910645,1.160599946975708,1.1605000495910645,1.1605499982833862,38
2026-06-03T18:51:00.000Z,6E,1.1605499982833862,1.160599946975708,1.1605000495910645,1.1605000495910645,16
2026-06-03T18:52:00.000Z,6E,1.1605499982833862,1.1605499982833862,1.1605000495910645,1.1605499982833862,13
2026-06-03T18:53:00.000Z,6E,1.1605499982833862,1.1605499982833862,1.1605499982833862,1.1605499982833862,9
2026-06-03T18:54:00.000Z,6E,1.1605499982833862,1.1606500148773193,1.1605499982833862,1.160599946975708,81
2026-06-03T18:55:00.000Z,6E,1.1605499982833862,1.160599946975708,1.1605499982833862,1.1605499982833862,51
2026-06-03T18:56:00.000Z,6E,1.160599946975708,1.160599946975708,1.1605000495910645,1.1605000495910645,34
2026-06-03T18:57:00.000Z,6E,1.1605499982833862,1.1605499982833862,1.1604499816894531,1.1604499816894531,103
2026-06-03T18:58:00.000Z,6E,1.1604499816894531,1.1605000495910645,1.1604000329971313,1.1604499816894531,275
2026-06-03T18:59:00.000Z,6E,1.1604499816894531,1.1605499982833862,1.1604499816894531,1.1605000495910645,893
2026-06-03T19:00:00.000Z,6E,1.1604499816894531,1.1605000495910645,1.1604499816894531,1.1604499816894531,405
2026-06-03T19:01:00.000Z,6E,1.1604499816894531,1.1605499982833862,1.1604499816894531,1.1605499982833862,192
2026-06-03T19:02:00.000Z,6E,1.1605000495910645,1.1605499982833862,1.1605000495910645,1.1605499982833862,12
2026-06-03T19:03:00.000Z,6E,1.160599946975708,1.160599946975708,1.1605499982833862,1.1605499982833862,7
2026-06-03T19:04:00.000Z,6E,1.160599946975708,1.1606500148773193,1.160599946975708,1.160599946975708,69
2026-06-03T19:05:00.000Z,6E,1.160599946975708,1.1606500148773193,1.1605000495910645,1.1605000495910645,287
2026-06-03T19:06:00.000Z,6E,1.1605000495910645,1.1605000495910645,1.1605000495910645,1.1605000495910645,25
2026-06-03T19:07:00.000Z,6E,1.1605000495910645,1.1605000495910645,1.1605000495910645,1.1605000495910645,1
2026-06-03T19:08:00.000Z,6E,1.1605499982833862,1.160599946975708,1.1605499982833862,1.1605499982833862,38
2026-06-03T19:09:00.000Z,6E,1.160599946975708,1.160599946975708,1.1605499982833862,1.1605499982833862,75
2026-06-03T19:10:00.000Z,6E,1.1605499982833862,1.160599946975708,1.1605499982833862,1.1605499982833862,66
2026-06-03T19:11:00.000Z,6E,1.1605000495910645,1.1605499982833862,1.1605000495910645,1.1605499982833862,4
2026-06-03T19:12:00.000Z,6E,1.1605499982833862,1.1605499982833862,1.1605000495910645,1.1605000495910645,60
2026-06-03T19:13:00.000Z,6E,1.1605000495910645,1.1605499982833862,1.1605000495910645,1.1605499982833862,38
2026-06-03T19:14:00.000Z,6E,1.1604499816894531,1.1605000495910645,1.1604499816894531,1.1604499816894531,35
2026-06-03T19:15:00.000Z,6E,1.1604499816894531,1.1605000495910645,1.1604000329971313,1.1604000329971313,24
2026-06-03T19:16:00.000Z,6E,1.1605000495910645,1.1605499982833862,1.1605000495910645,1.1605499982833862,71
2026-06-03T19:17:00.000Z,6E,1.1605499982833862,1.1607500314712524,1.1605499982833862,1.1606999635696411,633
2026-06-03T19:18:00.000Z,6E,1.1606999635696411,1.1607500314712524,1.160599946975708,1.160599946975708,149
2026-06-03T19:19:00.000Z,6E,1.160599946975708,1.1606500148773193,1.160599946975708,1.160599946975708,104
2026-06-03T19:20:00.000Z,6E,1.160599946975708,1.1606500148773193,1.160599946975708,1.1606500148773193,9
2026-06-03T19:21:00.000Z,6E,1.1606500148773193,1.1606500148773193,1.1605499982833862,1.1605499982833862,81
2026-06-03T19:22:00.000Z,6E,1.1605499982833862,1.160599946975708,1.1605499982833862,1.160599946975708,21
2026-06-03T19:23:00.000Z,6E,1.160599946975708,1.1606500148773193,1.160599946975708,1.160599946975708,122
2026-06-03T19:24:00.000Z,6E,1.1605499982833862,1.160599946975708,1.1605499982833862,1.1605499982833862,16
2026-06-03T19:25:00.000Z,6E,1.1605000495910645,1.1605499982833862,1.1604499816894531,1.1605000495910645,71
2026-06-03T19:26:00.000Z,6E,1.1605499982833862,1.1605499982833862,1.1605000495910645,1.1605000495910645,43
2026-06-03T19:27:00.000Z,6E,1.1605000495910645,1.1605000495910645,1.1604000329971313,1.1604000329971313,93
2026-06-03T19:28:00.000Z,6E,1.1604000329971313,1.1604000329971313,1.1604000329971313,1.1604000329971313,67
2026-06-03T19:29:00.000Z,6E,1.16034996509552,1.1604499816894531,1.16034996509552,1.1604499816894531,136
2026-06-03T19:30:00.000Z,6E,1.1604000329971313,1.1605000495910645,1.1604000329971313,1.1604499816894531,90
2026-06-03T19:31:00.000Z,6E,1.1604499816894531,1.1604499816894531,1.1604499816894531,1.1604499816894531,13
2026-06-03T19:32:00.000Z,6E,1.1604000329971313,1.1604499816894531,1.1604000329971313,1.1604499816894531,19
2026-06-03T19:33:00.000Z,6E,1.1604499816894531,1.1604499816894531,1.1604499816894531,1.1604499816894531,2
2026-06-03T19:34:00.000Z,6E,1.1604499816894531,1.1604499816894531,1.1604000329971313,1.1604000329971313,41
2026-06-03T19:35:00.000Z,6E,1.1604499816894531,1.1605000495910645,1.1604499816894531,1.1605000495910645,40
2026-06-03T19:36:00.000Z,6E,1.1605000495910645,1.1605499982833862,1.1605000495910645,1.1605499982833862,670
2026-06-03T19:37:00.000Z,6E,1.1605499982833862,1.1605499982833862,1.1605499982833862,1.1605499982833862,21
2026-06-03T19:38:00.000Z,6E,1.1605499982833862,1.160599946975708,1.1605000495910645,1.1605499982833862,66
2026-06-03T19:39:00.000Z,6E,1.1605000495910645,1.1605000495910645,1.1605000495910645,1.1605000495910645,1
2026-06-03T19:40:00.000Z,6E,1.1605499982833862,1.1605499982833862,1.1605000495910645,1.1605000495910645,60
2026-06-03T19:41:00.000Z,6E,1.1605499982833862,1.1605499982833862,1.1605499982833862,1.1605499982833862,6
2026-06-03T19:42:00.000Z,6E,1.1605000495910645,1.1605499982833862,1.1605000495910645,1.1605499982833862,4
2026-06-03T19:43:00.000Z,6E,1.1605000495910645,1.1605000495910645,1.1605000495910645,1.1605000495910645,20
2026-06-03T19:44:00.000Z,6E,1.1605000495910645,1.1605499982833862,1.1604499816894531,1.1604499816894531,24
2026-06-03T19:45:00.000Z,6E,1.1604499816894531,1.1604499816894531,1.1604499816894531,1.1604499816894531,44
2026-06-03T19:46:00.000Z,6E,1.1604499816894531,1.1604499816894531,1.1604499816894531,1.1604499816894531,16
2026-06-03T19:47:00.000Z,6E,1.1604499816894531,1.1604499816894531,1.1604000329971313,1.1604000329971313,50
2026-06-03T19:48:00.000Z,6E,1.1604499816894531,1.1605000495910645,1.1604499816894531,1.1605000495910645,84
2026-06-03T19:49:00.000Z,6E,1.1605000495910645,1.1605000495910645,1.1605000495910645,1.1605000495910645,4
2026-06-03T19:50:00.000Z,6E,1.1605000495910645,1.1605000495910645,1.1604499816894531,1.1605000495910645,54
2026-06-03T19:51:00.000Z,6E,1.1605000495910645,1.1605000495910645,1.1604499816894531,1.1604499816894531,4
2026-06-03T19:52:00.000Z,6E,1.1604499816894531,1.1605000495910645,1.1604000329971313,1.1604000329971313,55
2026-06-03T19:53:00.000Z,6E,1.1604000329971313,1.1604499816894531,1.1604000329971313,1.1604499816894531,35
2026-06-03T19:54:00.000Z,6E,1.1604499816894531,1.1604499816894531,1.1604499816894531,1.1604499816894531,6
2026-06-03T19:55:00.000Z,6E,1.1604000329971313,1.1605000495910645,1.1604000329971313,1.1605000495910645,15
2026-06-03T19:56:00.000Z,6E,1.1604499816894531,1.1605499982833862,1.1604499816894531,1.1605000495910645,84
2026-06-03T19:57:00.000Z,6E,1.1605000495910645,1.1605000495910645,1.1604499816894531,1.1604499816894531,41
2026-06-03T19:58:00.000Z,6E,1.1604000329971313,1.1604499816894531,1.1604000329971313,1.1604000329971313,38
2026-06-03T19:59:00.000Z,6E,1.1604000329971313,1.1605000495910645,1.16034996509552,1.1604499816894531,359
2026-06-03T20:00:00.000Z,6E,1.1604000329971313,1.1605499982833862,1.1604000329971313,1.1605000495910645,133
2026-06-03T20:01:00.000Z,6E,1.1605000495910645,1.1605499982833862,1.1604499816894531,1.1604499816894531,26
2026-06-03T20:02:00.000Z,6E,1.1605000495910645,1.1605499982833862,1.1604000329971313,1.1604499816894531,76
2026-06-03T20:03:00.000Z,6E,1.1604499816894531,1.1604499816894531,1.1604000329971313,1.1604499816894531,23
2026-06-03T20:04:00.000Z,6E,1.1604499816894531,1.1604499816894531,1.1604000329971313,1.1604499816894531,24
2026-06-03T20:05:00.000Z,6E,1.1604499816894531,1.1604499816894531,1.16034996509552,1.1604499816894531,84
2026-06-03T20:06:00.000Z,6E,1.1604499816894531,1.1605000495910645,1.1604000329971313,1.1605000495910645,20
2026-06-03T20:07:00.000Z,6E,1.1604499816894531,1.1604499816894531,1.1604499816894531,1.1604499816894531,2
2026-06-03T20:08:00.000Z,6E,1.1604499816894531,1.1605000495910645,1.1604499816894531,1.1605000495910645,5
2026-06-03T20:09:00.000Z,6E,1.1605000495910645,1.1605000495910645,1.1604499816894531,1.1605000495910645,27
2026-06-03T20:10:00.000Z,6E,1.1605000495910645,1.1605000495910645,1.1605000495910645,1.1605000495910645,6
2026-06-03T20:11:00.000Z,6E,1.1605000495910645,1.1605499982833862,1.1605000495910645,1.1605000495910645,19
2026-06-03T20:12:00.000Z,6E,1.1605000495910645,1.1605000495910645,1.1605000495910645,1.1605000495910645,5
2026-06-03T20:13:00.000Z,6E,1.1605499982833862,1.1605499982833862,1.1605000495910645,1.1605000495910645,63
2026-06-03T20:15:00.000Z,6E,1.1605000495910645,1.160599946975708,1.1604499816894531,1.1605499982833862,213
2026-06-03T20:16:00.000Z,6E,1.1605000495910645,1.1605499982833862,1.1605000495910645,1.1605499982833862,10
2026-06-03T20:17:00.000Z,6E,1.1605499982833862,1.160599946975708,1.1605499982833862,1.1605499982833862,7
2026-06-03T20:18:00.000Z,6E,1.1605499982833862,1.1605499982833862,1.1605000495910645,1.1605000495910645,4
2026-06-03T20:19:00.000Z,6E,1.1605000495910645,1.1605000495910645,1.1604499816894531,1.1604499816894531,5
2026-06-03T20:20:00.000Z,6E,1.1605000495910645,1.1605499982833862,1.1604499816894531,1.1605499982833862,36
2026-06-03T20:21:00.000Z,6E,1.1605499982833862,1.1605499982833862,1.1605499982833862,1.1605499982833862,3
2026-06-03T20:22:00.000Z,6E,1.1605499982833862,1.1605499982833862,1.1605000495910645,1.1605000495910645,6
2026-06-03T20:23:00.000Z,6E,1.1605499982833862,1.160599946975708,1.1605499982833862,1.160599946975708,86
2026-06-03T20:24:00.000Z,6E,1.160599946975708,1.160599946975708,1.1605000495910645,1.160599946975708,88
2026-06-03T20:25:00.000Z,6E,1.1606500148773193,1.1606500148773193,1.1606500148773193,1.1606500148773193,21
2026-06-03T20:26:00.000Z,6E,1.1606500148773193,1.1606999635696411,1.1606500148773193,1.1606999635696411,14
2026-06-03T20:27:00.000Z,6E,1.1606500148773193,1.1606999635696411,1.160599946975708,1.160599946975708,31
2026-06-03T20:28:00.000Z,6E,1.160599946975708,1.1606500148773193,1.1605499982833862,1.1605499982833862,11
2026-06-03T20:29:00.000Z,6E,1.160599946975708,1.1606500148773193,1.160599946975708,1.1606500148773193,28
2026-06-03T20:30:00.000Z,6E,1.160599946975708,1.1606500148773193,1.1605499982833862,1.1606500148773193,36
2026-06-03T20:31:00.000Z,6E,1.160599946975708,1.1606999635696411,1.160599946975708,1.1606999635696411,90
2026-06-03T20:32:00.000Z,6E,1.1606500148773193,1.1606500148773193,1.1606500148773193,1.1606500148773193,1
2026-06-03T20:33:00.000Z,6E,1.1606500148773193,1.1606500148773193,1.160599946975708,1.160599946975708,22
2026-06-03T20:34:00.000Z,6E,1.160599946975708,1.1606500148773193,1.1605499982833862,1.160599946975708,16
2026-06-03T20:35:00.000Z,6E,1.160599946975708,1.160599946975708,1.1605000495910645,1.1605000495910645,32
2026-06-03T20:36:00.000Z,6E,1.1605499982833862,1.1605499982833862,1.1605499982833862,1.1605499982833862,19
2026-06-03T20:37:00.000Z,6E,1.1605000495910645,1.1605499982833862,1.1604499816894531,1.1604499816894531,24
2026-06-03T20:38:00.000Z,6E,1.1605000495910645,1.1605000495910645,1.1604499816894531,1.1604499816894531,9
2026-06-03T20:39:00.000Z,6E,1.1605000495910645,1.1605000495910645,1.1604000329971313,1.1604000329971313,15
2026-06-03T20:40:00.000Z,6E,1.1604499816894531,1.1604499816894531,1.1604000329971313,1.1604499816894531,208
2026-06-03T20:41:00.000Z,6E,1.1605000495910645,1.1605000495910645,1.1604499816894531,1.1604499816894531,2
2026-06-03T20:42:00.000Z,6E,1.1605000495910645,1.1605000495910645,1.1604499816894531,1.1604499816894531,2
2026-06-03T20:43:00.000Z,6E,1.1604499816894531,1.1605000495910645,1.1604499816894531,1.1604499816894531,24
2026-06-03T20:44:00.000Z,6E,1.1604499816894531,1.1605000495910645,1.1604499816894531,1.1604499816894531,3
2026-06-03T20:45:00.000Z,6E,1.1605000495910645,1.1605000495910645,1.1604499816894531,1.1604499816894531,14
2026-06-03T20:46:00.000Z,6E,1.1604499816894531,1.1604499816894531,1.1604499816894531,1.1604499816894531,20
2026-06-03T20:47:00.000Z,6E,1.1604499816894531,1.1605000495910645,1.1604499816894531,1.1604499816894531,17
2026-06-03T20:48:00.000Z,6E,1.1605000495910645,1.1605000495910645,1.1604499816894531,1.1604499816894531,76
2026-06-03T20:49:00.000Z,6E,1.1604000329971313,1.1604000329971313,1.1604000329971313,1.1604000329971313,4
2026-06-03T20:50:00.000Z,6E,1.1604499816894531,1.1605000495910645,1.1604000329971313,1.1604499816894531,104
2026-06-03T20:51:00.000Z,6E,1.1604499816894531,1.1605499982833862,1.1604499816894531,1.1605000495910645,31
2026-06-03T20:52:00.000Z,6E,1.1605499982833862,1.1605499982833862,1.1605499982833862,1.1605499982833862,1
2026-06-03T20:53:00.000Z,6E,1.1605499982833862,1.1605499982833862,1.1605000495910645,1.1605000495910645,7
2026-06-03T20:54:00.000Z,6E,1.1605000495910645,1.1605000495910645,1.1605000495910645,1.1605000495910645,10
2026-06-03T20:55:00.000Z,6E,1.1605499982833862,1.160599946975708,1.1605499982833862,1.160599946975708,12
2026-06-03T20:56:00.000Z,6E,1.1605499982833862,1.1606500148773193,1.1605000495910645,1.1605499982833862,365
2026-06-03T20:57:00.000Z,6E,1.1604499816894531,1.1605000495910645,1.1604499816894531,1.1604499816894531,12
2026-06-03T20:58:00.000Z,6E,1.1604000329971313,1.1605000495910645,1.1604000329971313,1.1605000495910645,13
2026-06-03T20:59:00.000Z,6E,1.1605000495910645,1.1605499982833862,1.16034996509552,1.1605000495910645,74
2026-06-03T22:00:00.000Z,6E,1.1604000329971313,1.1605000495910645,1.1603000164031982,1.1603000164031982,0
2026-06-03T22:01:00.000Z,6E,1.16034996509552,1.1604000329971313,1.1603000164031982,1.1604000329971313,20
2026-06-03T22:02:00.000Z,6E,1.16034996509552,1.1604000329971313,1.16034996509552,1.16034996509552,25
2026-06-03T22:03:00.000Z,6E,1.16034996509552,1.16034996509552,1.1601500511169434,1.1601500511169434,53
2026-06-03T22:04:00.000Z,6E,1.1601999998092651,1.1601999998092651,1.160099983215332,1.160099983215332,234
2026-06-03T22:05:00.000Z,6E,1.160099983215332,1.160099983215332,1.1600500345230103,1.160099983215332,58
2026-06-03T22:06:00.000Z,6E,1.160099983215332,1.1601500511169434,1.1600500345230103,1.160099983215332,168
2026-06-03T22:07:00.000Z,6E,1.160099983215332,1.1601500511169434,1.1600500345230103,1.1600500345230103,15
2026-06-03T22:08:00.000Z,6E,1.160099983215332,1.160099983215332,1.160099983215332,1.160099983215332,32
2026-06-03T22:09:00.000Z,6E,1.1601500511169434,1.1601500511169434,1.160099983215332,1.1601500511169434,16
2026-06-03T22:10:00.000Z,6E,1.160099983215332,1.1601500511169434,1.160099983215332,1.1601500511169434,12
2026-06-03T22:11:00.000Z,6E,1.160099983215332,1.160099983215332,1.160099983215332,1.160099983215332,69
2026-06-03T22:12:00.000Z,6E,1.1600500345230103,1.1600500345230103,1.159999966621399,1.159999966621399,149
2026-06-03T22:13:00.000Z,6E,1.159999966621399,1.159999966621399,1.159999966621399,1.159999966621399,51
2026-06-03T22:14:00.000Z,6E,1.159999966621399,1.1600500345230103,1.159999966621399,1.1600500345230103,43
2026-06-03T22:15:00.000Z,6E,1.160099983215332,1.160099983215332,1.1600500345230103,1.1600500345230103,36
2026-06-03T22:16:00.000Z,6E,1.159999966621399,1.1600500345230103,1.1599500179290771,1.159999966621399,56
2026-06-03T22:17:00.000Z,6E,1.159999966621399,1.160099983215332,1.159999966621399,1.160099983215332,17
2026-06-03T22:18:00.000Z,6E,1.1601500511169434,1.1601500511169434,1.160099983215332,1.160099983215332,20
2026-06-03T22:19:00.000Z,6E,1.160099983215332,1.160099983215332,1.1600500345230103,1.1600500345230103,13
2026-06-03T22:20:00.000Z,6E,1.1601500511169434,1.1601500511169434,1.160099983215332,1.160099983215332,10
2026-06-03T22:21:00.000Z,6E,1.160099983215332,1.1601500511169434,1.160099983215332,1.1601500511169434,23
2026-06-03T22:22:00.000Z,6E,1.1601500511169434,1.1601999998092651,1.1601500511169434,1.1601500511169434,38
2026-06-03T22:23:00.000Z,6E,1.1601500511169434,1.1601500511169434,1.1601500511169434,1.1601500511169434,3
2026-06-03T22:24:00.000Z,6E,1.1601500511169434,1.1601999998092651,1.1601500511169434,1.1601500511169434,5
2026-06-03T22:25:00.000Z,6E,1.1601999998092651,1.1601999998092651,1.1601500511169434,1.1601500511169434,41
2026-06-03T22:26:00.000Z,6E,1.1601500511169434,1.1601500511169434,1.1601500511169434,1.1601500511169434,2
2026-06-03T22:27:00.000Z,6E,1.1601999998092651,1.1601999998092651,1.1601500511169434,1.1601500511169434,20
2026-06-03T22:28:00.000Z,6E,1.1601500511169434,1.1601500511169434,1.1601500511169434,1.1601500511169434,2
2026-06-03T22:29:00.000Z,6E,1.1601500511169434,1.1601999998092651,1.1601500511169434,1.1601500511169434,31
2026-06-03T22:30:00.000Z,6E,1.1601500511169434,1.160249948501587,1.1601500511169434,1.1601999998092651,87
2026-06-03T22:31:00.000Z,6E,1.160249948501587,1.1603000164031982,1.160249948501587,1.160249948501587,29
2026-06-03T22:32:00.000Z,6E,1.160249948501587,1.160249948501587,1.160249948501587,1.160249948501587,1
2026-06-03T22:33:00.000Z,6E,1.160249948501587,1.160249948501587,1.160249948501587,1.160249948501587,3
2026-06-03T22:34:00.000Z,6E,1.1603000164031982,1.16034996509552,1.1603000164031982,1.1603000164031982,37
2026-06-03T22:35:00.000Z,6E,1.1603000164031982,1.1603000164031982,1.1603000164031982,1.1603000164031982,3
2026-06-03T22:36:00.000Z,6E,1.16034996509552,1.16034996509552,1.1603000164031982,1.1603000164031982,22
2026-06-03T22:37:00.000Z,6E,1.16034996509552,1.16034996509552,1.1603000164031982,1.1603000164031982,2
2026-06-03T22:38:00.000Z,6E,1.1603000164031982,1.16034996509552,1.1603000164031982,1.16034996509552,7
2026-06-03T22:39:00.000Z,6E,1.1603000164031982,1.1603000164031982,1.1603000164031982,1.1603000164031982,5
2026-06-03T22:40:00.000Z,6E,1.1603000164031982,1.1603000164031982,1.160249948501587,1.160249948501587,8
2026-06-03T22:41:00.000Z,6E,1.160249948501587,1.160249948501587,1.160249948501587,1.160249948501587,3
2026-06-03T22:42:00.000Z,6E,1.160249948501587,1.160249948501587,1.1601999998092651,1.1601999998092651,10
2026-06-03T22:43:00.000Z,6E,1.1601999998092651,1.1601999998092651,1.1601999998092651,1.1601999998092651,8
2026-06-03T22:44:00.000Z,6E,1.1601999998092651,1.160249948501587,1.1601999998092651,1.160249948501587,8
2026-06-03T22:45:00.000Z,6E,1.1601999998092651,1.160249948501587,1.1601999998092651,1.160249948501587,32
2026-06-03T22:46:00.000Z,6E,1.160249948501587,1.160249948501587,1.1601999998092651,1.1601999998092651,3
2026-06-03T22:47:00.000Z,6E,1.1601999998092651,1.160249948501587,1.1601999998092651,1.160249948501587,10
2026-06-03T22:48:00.000Z,6E,1.160249948501587,1.160249948501587,1.160249948501587,1.160249948501587,8
2026-06-03T22:49:00.000Z,6E,1.160249948501587,1.160249948501587,1.1601999998092651,1.1601999998092651,6
2026-06-03T22:50:00.000Z,6E,1.1601999998092651,1.1601999998092651,1.1601500511169434,1.1601999998092651,35
2026-06-03T22:51:00.000Z,6E,1.160249948501587,1.160249948501587,1.1601999998092651,1.1601999998092651,22
2026-06-03T22:52:00.000Z,6E,1.160249948501587,1.160249948501587,1.160249948501587,1.160249948501587,4
2026-06-03T22:53:00.000Z,6E,1.160249948501587,1.1603000164031982,1.160249948501587,1.1603000164031982,3
2026-06-03T22:54:00.000Z,6E,1.160249948501587,1.1603000164031982,1.160249948501587,1.1603000164031982,5
2026-06-03T22:55:00.000Z,6E,1.160249948501587,1.16034996509552,1.160249948501587,1.1603000164031982,46
2026-06-03T22:56:00.000Z,6E,1.16034996509552,1.1611000299453735,1.16034996509552,1.1611000299453735,568
2026-06-03T22:57:00.000Z,6E,1.1610000133514404,1.1617000102996826,1.1610000133514404,1.1611000299453735,757
2026-06-03T22:58:00.000Z,6E,1.1610499620437622,1.1611000299453735,1.1608999967575073,1.160949945449829,172
2026-06-03T22:59:00.000Z,6E,1.160949945449829,1.1611000299453735,1.1608500480651855,1.1611000299453735,164
2026-06-03T23:00:00.000Z,6E,1.1610499620437622,1.1612999439239502,1.1610499620437622,1.1610499620437622,175
2026-06-03T23:01:00.000Z,6E,1.1610499620437622,1.1611000299453735,1.1610499620437622,1.1611000299453735,7
2026-06-03T23:02:00.000Z,6E,1.1611000299453735,1.1612000465393066,1.1610499620437622,1.1610499620437622,64
2026-06-03T23:03:00.000Z,6E,1.1611000299453735,1.1611499786376953,1.1610499620437622,1.1611000299453735,12
2026-06-03T23:04:00.000Z,6E,1.1610499620437622,1.1610499620437622,1.1610000133514404,1.1610499620437622,15
2026-06-03T23:05:00.000Z,6E,1.1610499620437622,1.1610499620437622,1.1610000133514404,1.1610000133514404,53
2026-06-03T23:06:00.000Z,6E,1.1610000133514404,1.1610000133514404,1.160949945449829,1.1610000133514404,25
2026-06-03T23:07:00.000Z,6E,1.160949945449829,1.160949945449829,1.1608500480651855,1.1608500480651855,39
2026-06-03T23:08:00.000Z,6E,1.1608500480651855,1.1608500480651855,1.1607999801635742,1.1607999801635742,28
2026-06-03T23:09:00.000Z,6E,1.1607999801635742,1.1607999801635742,1.1607999801635742,1.1607999801635742,4
2026-06-03T23:10:00.000Z,6E,1.1607999801635742,1.1608500480651855,1.1607999801635742,1.1608500480651855,131
2026-06-03T23:11:00.000Z,6E,1.1608500480651855,1.1608500480651855,1.1606999635696411,1.1606999635696411,38
2026-06-03T23:12:00.000Z,6E,1.1606500148773193,1.1606999635696411,1.1606500148773193,1.1606500148773193,5
2026-06-03T23:13:00.000Z,6E,1.1606500148773193,1.1607500314712524,1.1606500148773193,1.1607500314712524,179
2026-06-03T23:14:00.000Z,6E,1.1607500314712524,1.160949945449829,1.1607500314712524,1.160949945449829,176
2026-06-03T23:15:00.000Z,6E,1.1610000133514404,1.1610000133514404,1.1608999967575073,1.160949945449829,88
2026-06-03T23:16:00.000Z,6E,1.1610000133514404,1.1610000133514404,1.1608999967575073,1.1610000133514404,70
2026-06-03T23:17:00.000Z,6E,1.1610000133514404,1.1610000133514404,1.160949945449829,1.160949945449829,24
2026-06-03T23:18:00.000Z,6E,1.160949945449829,1.160949945449829,1.160949945449829,1.160949945449829,34
2026-06-03T23:19:00.000Z,6E,1.160949945449829,1.160949945449829,1.160949945449829,1.160949945449829,4
2026-06-03T23:20:00.000Z,6E,1.160949945449829,1.1610499620437622,1.1608999967575073,1.1610499620437622,59
2026-06-03T23:21:00.000Z,6E,1.1610000133514404,1.1610000133514404,1.160949945449829,1.160949945449829,22
2026-06-03T23:22:00.000Z,6E,1.1610000133514404,1.1610000133514404,1.160949945449829,1.160949945449829,24
2026-06-03T23:23:00.000Z,6E,1.160949945449829,1.1610000133514404,1.160949945449829,1.160949945449829,35
2026-06-03T23:24:00.000Z,6E,1.1610000133514404,1.1610000133514404,1.160949945449829,1.160949945449829,14
2026-06-03T23:25:00.000Z,6E,1.160949945449829,1.160949945449829,1.160949945449829,1.160949945449829,4
2026-06-03T23:26:00.000Z,6E,1.160949945449829,1.160949945449829,1.160949945449829,1.160949945449829,27
2026-06-03T23:27:00.000Z,6E,1.1608999967575073,1.1610499620437622,1.1608999967575073,1.1610000133514404,107
2026-06-03T23:28:00.000Z,6E,1.1610000133514404,1.1610499620437622,1.1610000133514404,1.1610499620437622,34
2026-06-03T23:29:00.000Z,6E,1.1610499620437622,1.1610499620437622,1.160949945449829,1.1610000133514404,66
2026-06-03T23:30:00.000Z,6E,1.1610000133514404,1.1610499620437622,1.160949945449829,1.1610000133514404,30
2026-06-03T23:31:00.000Z,6E,1.160949945449829,1.1610000133514404,1.160949945449829,1.1610000133514404,8
2026-06-03T23:32:00.000Z,6E,1.160949945449829,1.1610000133514404,1.160949945449829,1.1610000133514404,12
2026-06-03T23:33:00.000Z,6E,1.1610499620437622,1.1610499620437622,1.1610000133514404,1.1610000133514404,15
2026-06-03T23:34:00.000Z,6E,1.1610499620437622,1.1611499786376953,1.1610499620437622,1.1611499786376953,94
2026-06-03T23:35:00.000Z,6E,1.1611499786376953,1.1612000465393066,1.1611499786376953,1.1611499786376953,85
2026-06-03T23:36:00.000Z,6E,1.1611499786376953,1.1611499786376953,1.1611499786376953,1.1611499786376953,3
2026-06-03T23:37:00.000Z,6E,1.1611499786376953,1.1611499786376953,1.1611000299453735,1.1611499786376953,29
2026-06-03T23:38:00.000Z,6E,1.1611000299453735,1.1611499786376953,1.1611000299453735,1.1611499786376953,4
2026-06-03T23:39:00.000Z,6E,1.1611499786376953,1.1611499786376953,1.1611000299453735,1.1611499786376953,109
2026-06-03T23:40:00.000Z,6E,1.1611499786376953,1.1612000465393066,1.1611499786376953,1.1611499786376953,29
2026-06-03T23:41:00.000Z,6E,1.1611499786376953,1.1611499786376953,1.1611499786376953,1.1611499786376953,3
2026-06-03T23:42:00.000Z,6E,1.1612000465393066,1.1612000465393066,1.1612000465393066,1.1612000465393066,11
2026-06-03T23:43:00.000Z,6E,1.1612000465393066,1.1612000465393066,1.1611499786376953,1.1611499786376953,60
2026-06-03T23:44:00.000Z,6E,1.1611499786376953,1.1611499786376953,1.1611499786376953,1.1611499786376953,18
2026-06-03T23:45:00.000Z,6E,1.1612000465393066,1.1612999439239502,1.1612000465393066,1.1612999439239502,16
2026-06-03T23:46:00.000Z,6E,1.1612999439239502,1.1613500118255615,1.1612499952316284,1.1612499952316284,61
2026-06-03T23:47:00.000Z,6E,1.1612499952316284,1.1612499952316284,1.1612499952316284,1.1612499952316284,6
2026-06-03T23:48:00.000Z,6E,1.1612999439239502,1.1612999439239502,1.1612499952316284,1.1612999439239502,19
2026-06-03T23:49:00.000Z,6E,1.1612000465393066,1.1613999605178833,1.1612000465393066,1.1613999605178833,39
2026-06-03T23:50:00.000Z,6E,1.1612999439239502,1.1613999605178833,1.1612999439239502,1.1613999605178833,14
2026-06-03T23:51:00.000Z,6E,1.1613500118255615,1.1614999771118164,1.1613500118255615,1.1614999771118164,174
2026-06-03T23:52:00.000Z,6E,1.1614500284194946,1.1614999771118164,1.1614500284194946,1.1614999771118164,19
2026-06-03T23:53:00.000Z,6E,1.1614999771118164,1.1614999771118164,1.1614500284194946,1.1614500284194946,13
2026-06-03T23:54:00.000Z,6E,1.1614999771118164,1.1614999771118164,1.1614500284194946,1.1614999771118164,27
2026-06-03T23:55:00.000Z,6E,1.1614999771118164,1.1614999771118164,1.1614500284194946,1.1614500284194946,34
2026-06-03T23:56:00.000Z,6E,1.1614999771118164,1.1614999771118164,1.1614999771118164,1.1614999771118164,1
2026-06-03T23:57:00.000Z,6E,1.1614999771118164,1.1614999771118164,1.1614999771118164,1.1614999771118164,13
2026-06-03T23:58:00.000Z,6E,1.1615500450134277,1.1615500450134277,1.1614500284194946,1.1614500284194946,97
2026-06-03T23:59:00.000Z,6E,1.1614500284194946,1.1614500284194946,1.1613500118255615,1.1613500118255615,41
2026-06-04T00:00:00.000Z,6E,1.1613500118255615,1.1616499423980713,1.1612999439239502,1.1613999605178833,369
2026-06-04T00:01:00.000Z,6E,1.1613999605178833,1.1613999605178833,1.1612999439239502,1.1612999439239502,56
2026-06-04T00:02:00.000Z,6E,1.1613500118255615,1.1613999605178833,1.1613500118255615,1.1613500118255615,26
2026-06-04T00:03:00.000Z,6E,1.1613500118255615,1.1613500118255615,1.1612000465393066,1.1612999439239502,11
2026-06-04T00:04:00.000Z,6E,1.1612499952316284,1.1612999439239502,1.1612000465393066,1.1612999439239502,44
2026-06-04T00:05:00.000Z,6E,1.1612999439239502,1.1613500118255615,1.1612499952316284,1.1612999439239502,63
2026-06-04T00:06:00.000Z,6E,1.1612499952316284,1.1612499952316284,1.1612000465393066,1.1612499952316284,22
2026-06-04T00:07:00.000Z,6E,1.1612499952316284,1.1612499952316284,1.1611499786376953,1.1611499786376953,26
2026-06-04T00:08:00.000Z,6E,1.1611499786376953,1.1612000465393066,1.1611499786376953,1.1612000465393066,186
2026-06-04T00:09:00.000Z,6E,1.1611499786376953,1.1611499786376953,1.1610499620437622,1.1610499620437622,51
2026-06-04T00:10:00.000Z,6E,1.1610499620437622,1.1611000299453735,1.1610499620437622,1.1611000299453735,45
2026-06-04T00:11:00.000Z,6E,1.1611499786376953,1.1612999439239502,1.1611499786376953,1.1612499952316284,110
2026-06-04T00:12:00.000Z,6E,1.1612499952316284,1.1612999439239502,1.1612499952316284,1.1612999439239502,3
2026-06-04T00:13:00.000Z,6E,1.1612499952316284,1.1612999439239502,1.1612499952316284,1.1612499952316284,24
2026-06-04T00:14:00.000Z,6E,1.1612999439239502,1.1612999439239502,1.1612499952316284,1.1612999439239502,18
2026-06-04T00:15:00.000Z,6E,1.1613500118255615,1.1613500118255615,1.1612499952316284,1.1613500118255615,88
2026-06-04T00:16:00.000Z,6E,1.1614500284194946,1.1614500284194946,1.1613999605178833,1.1613999605178833,127
2026-06-04T00:17:00.000Z,6E,1.1614500284194946,1.1617000102996826,1.1614500284194946,1.1616499423980713,88
2026-06-04T00:18:00.000Z,6E,1.1615999937057495,1.1615999937057495,1.1615999937057495,1.1615999937057495,46
2026-06-04T00:19:00.000Z,6E,1.1615999937057495,1.1615999937057495,1.1615500450134277,1.1615999937057495,18
2026-06-04T00:20:00.000Z,6E,1.1615999937057495,1.1616499423980713,1.1615500450134277,1.1615500450134277,42
2026-06-04T00:21:00.000Z,6E,1.1615500450134277,1.1615500450134277,1.1614500284194946,1.1614500284194946,30
2026-06-04T00:22:00.000Z,6E,1.1614500284194946,1.1614999771118164,1.1614500284194946,1.1614500284194946,22
2026-06-04T00:23:00.000Z,6E,1.1614999771118164,1.1614999771118164,1.1614999771118164,1.1614999771118164,1
2026-06-04T00:24:00.000Z,6E,1.1614500284194946,1.1614999771118164,1.1614500284194946,1.1614999771118164,20
2026-06-04T00:25:00.000Z,6E,1.1614500284194946,1.1614500284194946,1.1613999605178833,1.1613999605178833,39
2026-06-04T00:26:00.000Z,6E,1.1614500284194946,1.1614500284194946,1.1614500284194946,1.1614500284194946,4
2026-06-04T00:27:00.000Z,6E,1.1613999605178833,1.1613999605178833,1.1613999605178833,1.1613999605178833,2
2026-06-04T00:28:00.000Z,6E,1.1613999605178833,1.1613999605178833,1.1613500118255615,1.1613999605178833,17
2026-06-04T00:29:00.000Z,6E,1.1613999605178833,1.1613999605178833,1.1613999605178833,1.1613999605178833,5
2026-06-04T00:30:00.000Z,6E,1.1613999605178833,1.1613999605178833,1.1612999439239502,1.1612999439239502,16
2026-06-04T00:31:00.000Z,6E,1.1612999439239502,1.1613999605178833,1.1612999439239502,1.1613999605178833,23
2026-06-04T00:32:00.000Z,6E,1.1613500118255615,1.1613500118255615,1.1613500118255615,1.1613500118255615,6
2026-06-04T00:33:00.000Z,6E,1.1613500118255615,1.1614500284194946,1.1613500118255615,1.1614500284194946,30
2026-06-04T00:34:00.000Z,6E,1.1614999771118164,1.1614999771118164,1.1614500284194946,1.1614999771118164,27
2026-06-04T00:35:00.000Z,6E,1.1614999771118164,1.1614999771118164,1.1614500284194946,1.1614500284194946,52
2026-06-04T00:36:00.000Z,6E,1.1614500284194946,1.1614999771118164,1.1614500284194946,1.1614999771118164,23
2026-06-04T00:37:00.000Z,6E,1.1614999771118164,1.1614999771118164,1.1614999771118164,1.1614999771118164,16
2026-06-04T00:38:00.000Z,6E,1.1614500284194946,1.1614500284194946,1.1613999605178833,1.1614500284194946,13
2026-06-04T00:39:00.000Z,6E,1.1613999605178833,1.1614999771118164,1.1613999605178833,1.1614500284194946,51
2026-06-04T00:40:00.000Z,6E,1.1613999605178833,1.1614500284194946,1.1613999605178833,1.1614500284194946,9
2026-06-04T00:41:00.000Z,6E,1.1614999771118164,1.1614999771118164,1.1614500284194946,1.1614500284194946,12
2026-06-04T00:42:00.000Z,6E,1.1614999771118164,1.1615500450134277,1.1614999771118164,1.1615500450134277,12
2026-06-04T00:43:00.000Z,6E,1.1615500450134277,1.1615999937057495,1.1615500450134277,1.1615999937057495,56
2026-06-04T00:44:00.000Z,6E,1.1616499423980713,1.1616499423980713,1.1615500450134277,1.1615999937057495,49
2026-06-04T00:45:00.000Z,6E,1.1615999937057495,1.1615999937057495,1.1615999937057495,1.1615999937057495,22
2026-06-04T00:46:00.000Z,6E,1.1615500450134277,1.1615500450134277,1.1614999771118164,1.1615500450134277,24
2026-06-04T00:47:00.000Z,6E,1.1614999771118164,1.1615999937057495,1.1614999771118164,1.1615500450134277,18
2026-06-04T00:48:00.000Z,6E,1.1614999771118164,1.1614999771118164,1.1614999771118164,1.1614999771118164,7
2026-06-04T00:49:00.000Z,6E,1.1614999771118164,1.1614999771118164,1.1614999771118164,1.1614999771118164,12
2026-06-04T00:50:00.000Z,6E,1.1614500284194946,1.1614999771118164,1.1614500284194946,1.1614999771118164,13
2026-06-04T00:51:00.000Z,6E,1.1613999605178833,1.1613999605178833,1.1613999605178833,1.1613999605178833,8
2026-06-04T00:52:00.000Z,6E,1.1613500118255615,1.1613999605178833,1.1613500118255615,1.1613999605178833,34
2026-06-04T00:53:00.000Z,6E,1.1613500118255615,1.1613999605178833,1.1613500118255615,1.1613500118255615,25
2026-06-04T00:54:00.000Z,6E,1.1612999439239502,1.1613500118255615,1.1612999439239502,1.1612999439239502,71
2026-06-04T00:55:00.000Z,6E,1.1612499952316284,1.1612499952316284,1.1611000299453735,1.1611000299453735,195
2026-06-04T00:56:00.000Z,6E,1.1611000299453735,1.1611000299453735,1.1610499620437622,1.1610499620437622,2
2026-06-04T00:57:00.000Z,6E,1.1611000299453735,1.1611000299453735,1.1611000299453735,1.1611000299453735,11
2026-06-04T00:58:00.000Z,6E,1.1611000299453735,1.1611000299453735,1.1611000299453735,1.1611000299453735,21
2026-06-04T00:59:00.000Z,6E,1.1611499786376953,1.1611499786376953,1.1611000299453735,1.1611499786376953,30
2026-06-04T01:00:00.000Z,6E,1.1611000299453735,1.1611000299453735,1.1608500480651855,1.160949945449829,140
2026-06-04T01:01:00.000Z,6E,1.160949945449829,1.1610000133514404,1.160949945449829,1.1610000133514404,28
2026-06-04T01:02:00.000Z,6E,1.1610000133514404,1.1610000133514404,1.1608999967575073,1.1608999967575073,55
2026-06-04T01:03:00.000Z,6E,1.160949945449829,1.1610499620437622,1.160949945449829,1.160949945449829,61
2026-06-04T01:04:00.000Z,6E,1.1608999967575073,1.1608999967575073,1.1608999967575073,1.1608999967575073,7
2026-06-04T01:05:00.000Z,6E,1.160949945449829,1.1610499620437622,1.160949945449829,1.1610499620437622,41
2026-06-04T01:06:00.000Z,6E,1.1611000299453735,1.1611000299453735,1.1610000133514404,1.1610499620437622,21
2026-06-04T01:07:00.000Z,6E,1.1610499620437622,1.1611000299453735,1.1610000133514404,1.1611000299453735,24
2026-06-04T01:08:00.000Z,6E,1.1611000299453735,1.1611499786376953,1.1611000299453735,1.1611499786376953,15
2026-06-04T01:09:00.000Z,6E,1.1611499786376953,1.1611499786376953,1.1611000299453735,1.1611499786376953,31
2026-06-04T01:10:00.000Z,6E,1.1611499786376953,1.1612000465393066,1.1611000299453735,1.1611499786376953,171
2026-06-04T01:11:00.000Z,6E,1.1611499786376953,1.1611499786376953,1.1611000299453735,1.1611499786376953,31
2026-06-04T01:12:00.000Z,6E,1.1611499786376953,1.1611499786376953,1.1611499786376953,1.1611499786376953,5
2026-06-04T01:13:00.000Z,6E,1.1611000299453735,1.1611499786376953,1.1611000299453735,1.1611499786376953,12
2026-06-04T01:14:00.000Z,6E,1.1612000465393066,1.1612000465393066,1.1611499786376953,1.1611499786376953,4
2026-06-04T01:15:00.000Z,6E,1.1611000299453735,1.1611000299453735,1.1610000133514404,1.1610000133514404,23
2026-06-04T01:16:00.000Z,6E,1.1610499620437622,1.1611000299453735,1.1610499620437622,1.1611000299453735,4
2026-06-04T01:17:00.000Z,6E,1.1611000299453735,1.1611000299453735,1.1611000299453735,1.1611000299453735,17
2026-06-04T01:18:00.000Z,6E,1.1611499786376953,1.1612000465393066,1.1611499786376953,1.1611499786376953,10
2026-06-04T01:20:00.000Z,6E,1.1612000465393066,1.1612999439239502,1.1612000465393066,1.1612499952316284,21
2026-06-04T01:21:00.000Z,6E,1.1612499952316284,1.1612499952316284,1.1612000465393066,1.1612000465393066,18
2026-06-04T01:22:00.000Z,6E,1.1612499952316284,1.1612999439239502,1.1612499952316284,1.1612999439239502,32
2026-06-04T01:23:00.000Z,6E,1.1613500118255615,1.1613500118255615,1.1612999439239502,1.1612999439239502,14
2026-06-04T01:24:00.000Z,6E,1.1612999439239502,1.1613500118255615,1.1612499952316284,1.1612499952316284,22
2026-06-04T01:25:00.000Z,6E,1.1612000465393066,1.1612000465393066,1.1612000465393066,1.1612000465393066,1
2026-06-04T01:26:00.000Z,6E,1.1612000465393066,1.1612000465393066,1.1612000465393066,1.1612000465393066,10
2026-06-04T01:27:00.000Z,6E,1.1612000465393066,1.1612000465393066,1.1612000465393066,1.1612000465393066,35
2026-06-04T01:28:00.000Z,6E,1.1612000465393066,1.1612499952316284,1.1612000465393066,1.1612499952316284,21
2026-06-04T01:29:00.000Z,6E,1.1612999439239502,1.1612999439239502,1.1612499952316284,1.1612499952316284,18
2026-06-04T01:30:00.000Z,6E,1.1612999439239502,1.1613500118255615,1.1612999439239502,1.1613500118255615,14
2026-06-04T01:31:00.000Z,6E,1.1613500118255615,1.1613500118255615,1.1612999439239502,1.1612999439239502,4
2026-06-04T01:32:00.000Z,6E,1.1612999439239502,1.1612999439239502,1.1612999439239502,1.1612999439239502,9
2026-06-04T01:33:00.000Z,6E,1.1612499952316284,1.1613500118255615,1.1612499952316284,1.1613500118255615,27
2026-06-04T01:34:00.000Z,6E,1.1612999439239502,1.1613500118255615,1.1612999439239502,1.1613500118255615,23
2026-06-04T01:35:00.000Z,6E,1.1612999439239502,1.1614500284194946,1.1612999439239502,1.1614500284194946,98
2026-06-04T01:36:00.000Z,6E,1.1614999771118164,1.1614999771118164,1.1613999605178833,1.1614500284194946,32
2026-06-04T01:37:00.000Z,6E,1.1614500284194946,1.1614500284194946,1.1613999605178833,1.1613999605178833,5
2026-06-04T01:38:00.000Z,6E,1.1613999605178833,1.1613999605178833,1.1613500118255615,1.1613999605178833,21
2026-06-04T01:39:00.000Z,6E,1.1613999605178833,1.1613999605178833,1.1613999605178833,1.1613999605178833,2
2026-06-04T01:40:00.000Z,6E,1.1613999605178833,1.1613999605178833,1.1613500118255615,1.1613500118255615,14
2026-06-04T01:41:00.000Z,6E,1.1613500118255615,1.1613500118255615,1.1612999439239502,1.1612999439239502,7
2026-06-04T01:42:00.000Z,6E,1.1612499952316284,1.1612999439239502,1.1612499952316284,1.1612999439239502,6
2026-06-04T01:43:00.000Z,6E,1.1612999439239502,1.1612999439239502,1.1612499952316284,1.1612499952316284,19
2026-06-04T01:44:00.000Z,6E,1.1612000465393066,1.1612499952316284,1.1612000465393066,1.1612499952316284,4
2026-06-04T01:45:00.000Z,6E,1.1612999439239502,1.1612999439239502,1.1612999439239502,1.1612999439239502,13
2026-06-04T01:46:00.000Z,6E,1.1612999439239502,1.1612999439239502,1.1612499952316284,1.1612499952316284,20
2026-06-04T01:47:00.000Z,6E,1.1612999439239502,1.1612999439239502,1.1612999439239502,1.1612999439239502,8
2026-06-04T01:48:00.000Z,6E,1.1612999439239502,1.1613500118255615,1.1612999439239502,1.1613500118255615,16
2026-06-04T01:49:00.000Z,6E,1.1613999605178833,1.1613999605178833,1.1613500118255615,1.1613500118255615,2
2026-06-04T01:50:00.000Z,6E,1.1613500118255615,1.1613500118255615,1.1612999439239502,1.1612999439239502,12
2026-06-04T01:51:00.000Z,6E,1.1612499952316284,1.1612999439239502,1.1612499952316284,1.1612499952316284,55
2026-06-04T01:52:00.000Z,6E,1.1612499952316284,1.1612499952316284,1.1612499952316284,1.1612499952316284,28
2026-06-04T01:53:00.000Z,6E,1.1612499952316284,1.1612499952316284,1.1612499952316284,1.1612499952316284,1
2026-06-04T01:54:00.000Z,6E,1.1612999439239502,1.1612999439239502,1.1612000465393066,1.1612999439239502,66
2026-06-04T01:55:00.000Z,6E,1.1612999439239502,1.1613500118255615,1.1612999439239502,1.1613500118255615,12
2026-06-04T01:56:00.000Z,6E,1.1613500118255615,1.1613500118255615,1.1613500118255615,1.1613500118255615,7
2026-06-04T01:57:00.000Z,6E,1.1613500118255615,1.1613500118255615,1.1613500118255615,1.1613500118255615,13
2026-06-04T01:58:00.000Z,6E,1.1613999605178833,1.1613999605178833,1.1613500118255615,1.1613500118255615,29
2026-06-04T01:59:00.000Z,6E,1.1613999605178833,1.1614999771118164,1.1613999605178833,1.1614500284194946,14
2026-06-04T02:00:00.000Z,6E,1.1614500284194946,1.1614500284194946,1.1613500118255615,1.1613500118255615,28
2026-06-04T02:01:00.000Z,6E,1.1613500118255615,1.1613500118255615,1.1613500118255615,1.1613500118255615,29
2026-06-04T02:02:00.000Z,6E,1.1613999605178833,1.1613999605178833,1.1613500118255615,1.1613500118255615,12
2026-06-04T02:03:00.000Z,6E,1.1613500118255615,1.1613500118255615,1.1613500118255615,1.1613500118255615,5
2026-06-04T02:04:00.000Z,6E,1.1613999605178833,1.1613999605178833,1.1613500118255615,1.1613500118255615,52
2026-06-04T02:05:00.000Z,6E,1.1613500118255615,1.1613999605178833,1.1613500118255615,1.1613999605178833,22
2026-06-04T02:06:00.000Z,6E,1.1613999605178833,1.1613999605178833,1.1613999605178833,1.1613999605178833,3
2026-06-04T02:07:00.000Z,6E,1.1614500284194946,1.1615500450134277,1.1614500284194946,1.1615500450134277,96
2026-06-04T02:08:00.000Z,6E,1.1615500450134277,1.1615500450134277,1.1614999771118164,1.1614999771118164,6
2026-06-04T02:09:00.000Z,6E,1.1614500284194946,1.1614500284194946,1.1613999605178833,1.1613999605178833,38
2026-06-04T02:10:00.000Z,6E,1.1613500118255615,1.1613500118255615,1.1613500118255615,1.1613500118255615,14
2026-06-04T02:11:00.000Z,6E,1.1613500118255615,1.1613500118255615,1.1613500118255615,1.1613500118255615,39
2026-06-04T02:12:00.000Z,6E,1.1613500118255615,1.1613500118255615,1.1612499952316284,1.1612999439239502,120
2026-06-04T02:13:00.000Z,6E,1.1612999439239502,1.1612999439239502,1.1612999439239502,1.1612999439239502,13
2026-06-04T02:14:00.000Z,6E,1.1612999439239502,1.1612999439239502,1.1612499952316284,1.1612499952316284,8
2026-06-04T02:15:00.000Z,6E,1.1612499952316284,1.1612499952316284,1.1611000299453735,1.1611499786376953,35
2026-06-04T02:16:00.000Z,6E,1.1611499786376953,1.1611499786376953,1.1611499786376953,1.1611499786376953,1
2026-06-04T02:17:00.000Z,6E,1.1612000465393066,1.1612000465393066,1.1612000465393066,1.1612000465393066,12
2026-06-04T02:18:00.000Z,6E,1.1612000465393066,1.1612000465393066,1.1612000465393066,1.1612000465393066,1
2026-06-04T02:19:00.000Z,6E,1.1611499786376953,1.1611499786376953,1.1611499786376953,1.1611499786376953,1
2026-06-04T02:20:00.000Z,6E,1.1612000465393066,1.1612499952316284,1.1612000465393066,1.1612499952316284,43
2026-06-04T02:22:00.000Z,6E,1.1612499952316284,1.1612499952316284,1.1612000465393066,1.1612000465393066,115
2026-06-04T02:23:00.000Z,6E,1.1612000465393066,1.1612000465393066,1.1612000465393066,1.1612000465393066,10
2026-06-04T02:24:00.000Z,6E,1.1612000465393066,1.1612000465393066,1.1612000465393066,1.1612000465393066,1
2026-06-04T02:25:00.000Z,6E,1.1612000465393066,1.1612000465393066,1.1612000465393066,1.1612000465393066,7
2026-06-04T02:26:00.000Z,6E,1.1612000465393066,1.1612499952316284,1.1612000465393066,1.1612499952316284,22
2026-06-04T02:27:00.000Z,6E,1.1612499952316284,1.1612499952316284,1.1612499952316284,1.1612499952316284,5
2026-06-04T02:28:00.000Z,6E,1.1612999439239502,1.1612999439239502,1.1612499952316284,1.1612499952316284,16
2026-06-04T02:29:00.000Z,6E,1.1612000465393066,1.1612499952316284,1.1612000465393066,1.1612499952316284,31
2026-06-04T02:30:00.000Z,6E,1.1612999439239502,1.1613500118255615,1.1612999439239502,1.1612999439239502,9
2026-06-04T02:31:00.000Z,6E,1.1612999439239502,1.1612999439239502,1.1612999439239502,1.1612999439239502,29
2026-06-04T02:32:00.000Z,6E,1.1612999439239502,1.1612999439239502,1.1612999439239502,1.1612999439239502,8
2026-06-04T02:33:00.000Z,6E,1.1612999439239502,1.1612999439239502,1.1612999439239502,1.1612999439239502,2
2026-06-04T02:35:00.000Z,6E,1.1612999439239502,1.1612999439239502,1.1612999439239502,1.1612999439239502,5
2026-06-04T02:36:00.000Z,6E,1.1612999439239502,1.1612999439239502,1.1612499952316284,1.1612999439239502,60
2026-06-04T02:37:00.000Z,6E,1.1612999439239502,1.1612999439239502,1.1612999439239502,1.1612999439239502,10
2026-06-04T02:38:00.000Z,6E,1.1612999439239502,1.1613500118255615,1.1612999439239502,1.1613500118255615,113
2026-06-04T02:39:00.000Z,6E,1.1613999605178833,1.1613999605178833,1.1613999605178833,1.1613999605178833,22
2026-06-04T02:40:00.000Z,6E,1.1613999605178833,1.1613999605178833,1.1613999605178833,1.1613999605178833,1
2026-06-04T02:41:00.000Z,6E,1.1614500284194946,1.1614500284194946,1.1613999605178833,1.1613999605178833,3
2026-06-04T02:42:00.000Z,6E,1.1613999605178833,1.1613999605178833,1.1613999605178833,1.1613999605178833,1
2026-06-04T02:43:00.000Z,6E,1.1614500284194946,1.1614500284194946,1.1613999605178833,1.1613999605178833,3
2026-06-04T02:45:00.000Z,6E,1.1614500284194946,1.1614500284194946,1.1614500284194946,1.1614500284194946,3
2026-06-04T02:46:00.000Z,6E,1.1614500284194946,1.1614500284194946,1.1614500284194946,1.1614500284194946,7
2026-06-04T02:48:00.000Z,6E,1.1614999771118164,1.1615500450134277,1.1614999771118164,1.1615500450134277,17
2026-06-04T02:49:00.000Z,6E,1.1615500450134277,1.1615500450134277,1.1615500450134277,1.1615500450134277,14
2026-06-04T02:50:00.000Z,6E,1.1615500450134277,1.1615500450134277,1.1615500450134277,1.1615500450134277,3
2026-06-04T02:51:00.000Z,6E,1.1615999937057495,1.1616499423980713,1.1615999937057495,1.1615999937057495,19
2026-06-04T02:52:00.000Z,6E,1.1615500450134277,1.1615999937057495,1.1614999771118164,1.1614999771118164,14
2026-06-04T02:53:00.000Z,6E,1.1614999771118164,1.1614999771118164,1.1614500284194946,1.1614500284194946,8
2026-06-04T02:54:00.000Z,6E,1.1614999771118164,1.1615500450134277,1.1614999771118164,1.1615500450134277,110
2026-06-04T02:55:00.000Z,6E,1.1615500450134277,1.1615500450134277,1.1614999771118164,1.1614999771118164,5
2026-06-04T02:56:00.000Z,6E,1.1615500450134277,1.1615500450134277,1.1615500450134277,1.1615500450134277,7
2026-06-04T02:57:00.000Z,6E,1.1615500450134277,1.1615500450134277,1.1614999771118164,1.1614999771118164,13
2026-06-04T02:58:00.000Z,6E,1.1614999771118164,1.1614999771118164,1.1614500284194946,1.1614500284194946,6
2026-06-04T02:59:00.000Z,6E,1.1614500284194946,1.1614999771118164,1.1614500284194946,1.1614999771118164,6
2026-06-04T03:00:00.000Z,6E,1.1614500284194946,1.1614500284194946,1.1613500118255615,1.1613500118255615,49
2026-06-04T03:01:00.000Z,6E,1.1613500118255615,1.1613999605178833,1.1613500118255615,1.1613999605178833,32
2026-06-04T03:02:00.000Z,6E,1.1613500118255615,1.1613500118255615,1.1612999439239502,1.1612999439239502,60
2026-06-04T03:03:00.000Z,6E,1.1612499952316284,1.1612499952316284,1.1612499952316284,1.1612499952316284,1
2026-06-04T03:04:00.000Z,6E,1.1612499952316284,1.1612999439239502,1.1612499952316284,1.1612999439239502,14
2026-06-04T03:05:00.000Z,6E,1.1613500118255615,1.1613500118255615,1.1613500118255615,1.1613500118255615,14
2026-06-04T03:06:00.000Z,6E,1.1613500118255615,1.1613500118255615,1.1613500118255615,1.1613500118255615,3
2026-06-04T03:07:00.000Z,6E,1.1612499952316284,1.1612499952316284,1.1612499952316284,1.1612499952316284,15
2026-06-04T03:08:00.000Z,6E,1.1612000465393066,1.1612000465393066,1.1611499786376953,1.1611499786376953,41
2026-06-04T03:09:00.000Z,6E,1.1611000299453735,1.1611000299453735,1.1611000299453735,1.1611000299453735,15
2026-06-04T03:10:00.000Z,6E,1.1611499786376953,1.1612000465393066,1.1611499786376953,1.1612000465393066,36
2026-06-04T03:11:00.000Z,6E,1.1611000299453735,1.1611000299453735,1.1610499620437622,1.1610499620437622,7
2026-06-04T03:12:00.000Z,6E,1.1610000133514404,1.1610000133514404,1.1610000133514404,1.1610000133514404,2
2026-06-04T03:13:00.000Z,6E,1.160949945449829,1.1610000133514404,1.160949945449829,1.160949945449829,38
2026-06-04T03:14:00.000Z,6E,1.1608999967575073,1.1608999967575073,1.1608500480651855,1.1608999967575073,124
2026-06-04T03:15:00.000Z,6E,1.160949945449829,1.1610000133514404,1.160949945449829,1.160949945449829,49
2026-06-04T03:16:00.000Z,6E,1.160949945449829,1.1610000133514404,1.160949945449829,1.1610000133514404,31
2026-06-04T03:17:00.000Z,6E,1.1610000133514404,1.1610000133514404,1.1610000133514404,1.1610000133514404,14
2026-06-04T03:18:00.000Z,6E,1.1610499620437622,1.1610499620437622,1.1610499620437622,1.1610499620437622,7
2026-06-04T03:19:00.000Z,6E,1.1610499620437622,1.1611000299453735,1.1610499620437622,1.1611000299453735,41
2026-06-04T03:20:00.000Z,6E,1.1611000299453735,1.1611000299453735,1.1610499620437622,1.1611000299453735,17
2026-06-04T03:21:00.000Z,6E,1.1611000299453735,1.1611000299453735,1.1610499620437622,1.1610499620437622,16
2026-06-04T03:22:00.000Z,6E,1.1610499620437622,1.1610499620437622,1.1610000133514404,1.1610000133514404,32
2026-06-04T03:23:00.000Z,6E,1.160949945449829,1.1610000133514404,1.160949945449829,1.1610000133514404,2
2026-06-04T03:24:00.000Z,6E,1.160949945449829,1.160949945449829,1.160949945449829,1.160949945449829,25
2026-06-04T03:25:00.000Z,6E,1.1608999967575073,1.1608999967575073,1.1608500480651855,1.1608500480651855,41
2026-06-04T03:26:00.000Z,6E,1.1607999801635742,1.1607999801635742,1.1607500314712524,1.1607500314712524,16
2026-06-04T03:27:00.000Z,6E,1.1606999635696411,1.1607999801635742,1.1606999635696411,1.1607500314712524,11
2026-06-04T03:28:00.000Z,6E,1.1607999801635742,1.1607999801635742,1.1607999801635742,1.1607999801635742,33
2026-06-04T03:29:00.000Z,6E,1.1607999801635742,1.1607999801635742,1.1607999801635742,1.1607999801635742,41
2026-06-04T03:30:00.000Z,6E,1.1608500480651855,1.1608500480651855,1.1607999801635742,1.1607999801635742,35
2026-06-04T03:31:00.000Z,6E,1.1607999801635742,1.1608999967575073,1.1607999801635742,1.1608999967575073,88
2026-06-04T03:32:00.000Z,6E,1.1608999967575073,1.1608999967575073,1.1608999967575073,1.1608999967575073,37
2026-06-04T03:33:00.000Z,6E,1.1608999967575073,1.1608999967575073,1.1608999967575073,1.1608999967575073,28
2026-06-04T03:34:00.000Z,6E,1.160949945449829,1.160949945449829,1.160949945449829,1.160949945449829,1
2026-06-04T03:35:00.000Z,6E,1.1608999967575073,1.1608999967575073,1.1608999967575073,1.1608999967575073,15
2026-06-04T03:36:00.000Z,6E,1.160949945449829,1.160949945449829,1.160949945449829,1.160949945449829,37
2026-06-04T03:37:00.000Z,6E,1.1608999967575073,1.1608999967575073,1.1608999967575073,1.1608999967575073,5
2026-06-04T03:38:00.000Z,6E,1.160949945449829,1.160949945449829,1.160949945449829,1.160949945449829,1
2026-06-04T03:39:00.000Z,6E,1.1608999967575073,1.1608999967575073,1.1608500480651855,1.1608500480651855,4
2026-06-04T03:40:00.000Z,6E,1.1608500480651855,1.1608500480651855,1.1607999801635742,1.1607999801635742,8
2026-06-04T03:41:00.000Z,6E,1.1607999801635742,1.1607999801635742,1.1607999801635742,1.1607999801635742,1
2026-06-04T03:42:00.000Z,6E,1.1607999801635742,1.1607999801635742,1.1607999801635742,1.1607999801635742,24
2026-06-04T03:45:00.000Z,6E,1.1607999801635742,1.1607999801635742,1.1607999801635742,1.1607999801635742,12
2026-06-04T03:46:00.000Z,6E,1.1607999801635742,1.1607999801635742,1.1607999801635742,1.1607999801635742,11
2026-06-04T03:48:00.000Z,6E,1.1607500314712524,1.1607999801635742,1.1607500314712524,1.1607999801635742,23
2026-06-04T03:49:00.000Z,6E,1.1607999801635742,1.1607999801635742,1.1607999801635742,1.1607999801635742,8
2026-06-04T03:50:00.000Z,6E,1.1608500480651855,1.160949945449829,1.1608500480651855,1.160949945449829,24
2026-06-04T03:51:00.000Z,6E,1.1608999967575073,1.1608999967575073,1.1608999967575073,1.1608999967575073,4
2026-06-04T03:52:00.000Z,6E,1.160949945449829,1.160949945449829,1.160949945449829,1.160949945449829,3
2026-06-04T03:53:00.000Z,6E,1.160949945449829,1.160949945449829,1.160949945449829,1.160949945449829,5
2026-06-04T03:54:00.000Z,6E,1.1610000133514404,1.1610000133514404,1.160949945449829,1.160949945449829,26
2026-06-04T03:55:00.000Z,6E,1.160949945449829,1.1610000133514404,1.160949945449829,1.1610000133514404,25
2026-06-04T03:56:00.000Z,6E,1.1610000133514404,1.1610000133514404,1.1610000133514404,1.1610000133514404,9
2026-06-04T03:57:00.000Z,6E,1.1610000133514404,1.1610499620437622,1.1610000133514404,1.1610499620437622,3
2026-06-04T03:58:00.000Z,6E,1.1610499620437622,1.1610499620437622,1.1610499620437622,1.1610499620437622,30
2026-06-04T04:09:00.000Z,6E,1.160949945449829,1.160949945449829,1.160949945449829,1.160949945449829,5
2026-06-04T04:10:00.000Z,6E,1.160949945449829,1.160949945449829,1.1608999967575073,1.1608999967575073,4
2026-06-04T04:11:00.000Z,6E,1.1610000133514404,1.1610000133514404,1.1610000133514404,1.1610000133514404,2
2026-06-04T04:12:00.000Z,6E,1.1608999967575073,1.1608999967575073,1.1608999967575073,1.1608999967575073,17
2026-06-04T04:13:00.000Z,6E,1.1608999967575073,1.1608999967575073,1.1608999967575073,1.1608999967575073,1
2026-06-04T04:15:00.000Z,6E,1.160949945449829,1.1610000133514404,1.160949945449829,1.1610000133514404,14
2026-06-04T04:16:00.000Z,6E,1.1610000133514404,1.1610000133514404,1.1610000133514404,1.1610000133514404,3
2026-06-04T04:17:00.000Z,6E,1.1610000133514404,1.1610000133514404,1.1610000133514404,1.1610000133514404,1
2026-06-04T04:18:00.000Z,6E,1.1610000133514404,1.1610000133514404,1.1610000133514404,1.1610000133514404,21
2026-06-04T04:19:00.000Z,6E,1.1610499620437622,1.1610499620437622,1.160949945449829,1.1610000133514404,16
2026-06-04T04:20:00.000Z,6E,1.1610499620437622,1.1610499620437622,1.1610499620437622,1.1610499620437622,13
2026-06-04T04:22:00.000Z,6E,1.1610000133514404,1.1610000133514404,1.1610000133514404,1.1610000133514404,1
2026-06-04T04:23:00.000Z,6E,1.1610000133514404,1.1610000133514404,1.1610000133514404,1.1610000133514404,15
2026-06-04T04:24:00.000Z,6E,1.1610000133514404,1.1610000133514404,1.1610000133514404,1.1610000133514404,1
2026-06-04T04:25:00.000Z,6E,1.1610000133514404,1.1610000133514404,1.1610000133514404,1.1610000133514404,10
2026-06-04T04:29:00.000Z,6E,1.1610499620437622,1.1610499620437622,1.1610499620437622,1.1610499620437622,22
2026-06-04T04:30:00.000Z,6E,1.1611000299453735,1.1611499786376953,1.1611000299453735,1.1611499786376953,61
2026-06-04T04:31:00.000Z,6E,1.1612000465393066,1.1612499952316284,1.1611499786376953,1.1612000465393066,24
2026-06-04T04:32:00.000Z,6E,1.1612000465393066,1.1612000465393066,1.1612000465393066,1.1612000465393066,1
2026-06-04T04:34:00.000Z,6E,1.1612000465393066,1.1618000268936157,1.1612000465393066,1.1613999605178833,538
2026-06-04T04:35:00.000Z,6E,1.1613500118255615,1.1614500284194946,1.1613500118255615,1.1614500284194946,48
2026-06-04T04:36:00.000Z,6E,1.1613999605178833,1.1614500284194946,1.1613999605178833,1.1614500284194946,24
2026-06-04T04:37:00.000Z,6E,1.1613999605178833,1.1613999605178833,1.1613999605178833,1.1613999605178833,8
2026-06-04T04:38:00.000Z,6E,1.1613500118255615,1.1613500118255615,1.1613500118255615,1.1613500118255615,7
2026-06-04T04:39:00.000Z,6E,1.1613500118255615,1.1613999605178833,1.1613500118255615,1.1613999605178833,23
2026-06-04T04:40:00.000Z,6E,1.1613999605178833,1.1614999771118164,1.1613500118255615,1.1614999771118164,50
2026-06-04T04:41:00.000Z,6E,1.1614500284194946,1.1614999771118164,1.1614500284194946,1.1614999771118164,12
2026-06-04T04:42:00.000Z,6E,1.1614999771118164,1.1614999771118164,1.1614999771118164,1.1614999771118164,3
2026-06-04T04:43:00.000Z,6E,1.1614500284194946,1.1615500450134277,1.1614500284194946,1.1615500450134277,3
2026-06-04T04:44:00.000Z,6E,1.1615500450134277,1.1615500450134277,1.1615500450134277,1.1615500450134277,10
2026-06-04T04:45:00.000Z,6E,1.1615999937057495,1.1617499589920044,1.1614999771118164,1.1614999771118164,1006
2026-06-04T04:46:00.000Z,6E,1.1614999771118164,1.1614999771118164,1.1614999771118164,1.1614999771118164,7
2026-06-04T04:47:00.000Z,6E,1.1614500284194946,1.1614500284194946,1.1614500284194946,1.1614500284194946,3
2026-06-04T04:49:00.000Z,6E,1.1614500284194946,1.1614999771118164,1.1614500284194946,1.1614500284194946,18
2026-06-04T04:50:00.000Z,6E,1.1614500284194946,1.1614500284194946,1.1614500284194946,1.1614500284194946,13
2026-06-04T04:51:00.000Z,6E,1.1613500118255615,1.1613500118255615,1.1613500118255615,1.1613500118255615,5
2026-06-04T04:53:00.000Z,6E,1.1613999605178833,1.1613999605178833,1.1613999605178833,1.1613999605178833,6
2026-06-04T04:54:00.000Z,6E,1.1613500118255615,1.1613500118255615,1.1613500118255615,1.1613500118255615,4
2026-06-04T04:55:00.000Z,6E,1.1613500118255615,1.1613999605178833,1.1613500118255615,1.1613999605178833,6
2026-06-04T04:56:00.000Z,6E,1.1614500284194946,1.1614500284194946,1.1613999605178833,1.1614500284194946,13
2026-06-04T04:57:00.000Z,6E,1.1613999605178833,1.1613999605178833,1.1613999605178833,1.1613999605178833,10
2026-06-04T04:58:00.000Z,6E,1.1613999605178833,1.1613999605178833,1.1613999605178833,1.1613999605178833,1
2026-06-04T04:59:00.000Z,6E,1.1614500284194946,1.1614500284194946,1.1614500284194946,1.1614500284194946,15
2026-06-04T05:00:00.000Z,6E,1.1614500284194946,1.1614999771118164,1.1614500284194946,1.1614500284194946,33
2026-06-04T05:01:00.000Z,6E,1.1614500284194946,1.1614500284194946,1.1614500284194946,1.1614500284194946,8
2026-06-04T05:02:00.000Z,6E,1.1614999771118164,1.1614999771118164,1.1614999771118164,1.1614999771118164,34
2026-06-04T05:03:00.000Z,6E,1.1614500284194946,1.1614500284194946,1.1614500284194946,1.1614500284194946,10
2026-06-04T05:04:00.000Z,6E,1.1613999605178833,1.1614500284194946,1.1613999605178833,1.1613999605178833,9
2026-06-04T05:05:00.000Z,6E,1.1613500118255615,1.1614500284194946,1.1613500118255615,1.1614500284194946,27
2026-06-04T05:06:00.000Z,6E,1.1614500284194946,1.1614500284194946,1.1614500284194946,1.1614500284194946,16
2026-06-04T05:07:00.000Z,6E,1.1613999605178833,1.1614500284194946,1.1613999605178833,1.1614500284194946,31
2026-06-04T05:08:00.000Z,6E,1.1614500284194946,1.1614500284194946,1.1613500118255615,1.1613999605178833,126
2026-06-04T05:09:00.000Z,6E,1.1613999605178833,1.1613999605178833,1.1613500118255615,1.1613500118255615,9
2026-06-04T05:10:00.000Z,6E,1.1612999439239502,1.1612999439239502,1.1612999439239502,1.1612999439239502,14
2026-06-04T05:11:00.000Z,6E,1.1612499952316284,1.1612499952316284,1.1612499952316284,1.1612499952316284,4
2026-06-04T05:12:00.000Z,6E,1.1612499952316284,1.1612499952316284,1.1612499952316284,1.1612499952316284,19
2026-06-04T05:13:00.000Z,6E,1.1612000465393066,1.1612999439239502,1.1612000465393066,1.1612999439239502,29
2026-06-04T05:15:00.000Z,6E,1.1612499952316284,1.1612999439239502,1.1612499952316284,1.1612999439239502,66
2026-06-04T05:16:00.000Z,6E,1.1612499952316284,1.1612999439239502,1.1612499952316284,1.1612999439239502,57
2026-06-04T05:17:00.000Z,6E,1.1613500118255615,1.1613999605178833,1.1613500118255615,1.1613999605178833,34
2026-06-04T05:18:00.000Z,6E,1.1613500118255615,1.1613500118255615,1.1612999439239502,1.1612999439239502,18
2026-06-04T05:20:00.000Z,6E,1.1612499952316284,1.1612499952316284,1.1612499952316284,1.1612499952316284,20
2026-06-04T05:21:00.000Z,6E,1.1612499952316284,1.1612499952316284,1.1612000465393066,1.1612000465393066,301
2026-06-04T05:22:00.000Z,6E,1.1611499786376953,1.1611499786376953,1.1611499786376953,1.1611499786376953,17
2026-06-04T05:23:00.000Z,6E,1.1611499786376953,1.1611499786376953,1.1611000299453735,1.1611000299453735,26
2026-06-04T05:24:00.000Z,6E,1.1611000299453735,1.1611000299453735,1.1611000299453735,1.1611000299453735,13
2026-06-04T05:25:00.000Z,6E,1.1610499620437622,1.1610499620437622,1.1610499620437622,1.1610499620437622,5
2026-06-04T05:27:00.000Z,6E,1.1610499620437622,1.1610499620437622,1.1610499620437622,1.1610499620437622,5
2026-06-04T05:29:00.000Z,6E,1.1611000299453735,1.1611000299453735,1.1610499620437622,1.1610499620437622,6
2026-06-04T05:30:00.000Z,6E,1.1611000299453735,1.1611000299453735,1.1611000299453735,1.1611000299453735,1
2026-06-04T05:31:00.000Z,6E,1.1611000299453735,1.1611000299453735,1.1611000299453735,1.1611000299453735,3
2026-06-04T05:32:00.000Z,6E,1.1611000299453735,1.1611000299453735,1.1610000133514404,1.1610000133514404,12
2026-06-04T05:33:00.000Z,6E,1.1610499620437622,1.1610499620437622,1.1610499620437622,1.1610499620437622,3
2026-06-04T05:34:00.000Z,6E,1.1611000299453735,1.1612000465393066,1.1610499620437622,1.1612000465393066,44
2026-06-04T05:35:00.000Z,6E,1.1611000299453735,1.1611000299453735,1.1611000299453735,1.1611000299453735,3
2026-06-04T05:36:00.000Z,6E,1.1611000299453735,1.1612000465393066,1.1611000299453735,1.1611499786376953,39
2026-06-04T05:37:00.000Z,6E,1.1611499786376953,1.1612499952316284,1.1611499786376953,1.1612499952316284,39
2026-06-04T05:38:00.000Z,6E,1.1612000465393066,1.1612000465393066,1.1612000465393066,1.1612000465393066,17
2026-06-04T05:39:00.000Z,6E,1.1612000465393066,1.1612000465393066,1.1611499786376953,1.1611499786376953,14
2026-06-04T05:40:00.000Z,6E,1.1611000299453735,1.1612499952316284,1.1611000299453735,1.1612000465393066,31
2026-06-04T05:41:00.000Z,6E,1.1612499952316284,1.1612999439239502,1.1612499952316284,1.1612999439239502,31
2026-06-04T05:42:00.000Z,6E,1.1613500118255615,1.1613500118255615,1.1612999439239502,1.1612999439239502,12
2026-06-04T05:43:00.000Z,6E,1.1612999439239502,1.1613500118255615,1.1612999439239502,1.1612999439239502,25
2026-06-04T05:44:00.000Z,6E,1.1612999439239502,1.1612999439239502,1.1612999439239502,1.1612999439239502,49
2026-06-04T05:45:00.000Z,6E,1.1612999439239502,1.1612999439239502,1.1612499952316284,1.1612499952316284,3
2026-06-04T05:46:00.000Z,6E,1.1612999439239502,1.1612999439239502,1.1612499952316284,1.1612499952316284,24
2026-06-04T05:48:00.000Z,6E,1.1612999439239502,1.1612999439239502,1.1612999439239502,1.1612999439239502,2
2026-06-04T05:50:00.000Z,6E,1.1612999439239502,1.1613500118255615,1.1612999439239502,1.1613500118255615,11
2026-06-04T05:51:00.000Z,6E,1.1613500118255615,1.1613999605178833,1.1612999439239502,1.1613999605178833,20
2026-06-04T05:52:00.000Z,6E,1.1613999605178833,1.1614500284194946,1.1613999605178833,1.1614500284194946,20
2026-06-04T05:53:00.000Z,6E,1.1614500284194946,1.1614500284194946,1.1614500284194946,1.1614500284194946,5
2026-06-04T05:54:00.000Z,6E,1.1614999771118164,1.1614999771118164,1.1613999605178833,1.1614999771118164,63
2026-06-04T05:55:00.000Z,6E,1.1614500284194946,1.1614500284194946,1.1614500284194946,1.1614500284194946,35
2026-06-04T05:56:00.000Z,6E,1.1614500284194946,1.1614500284194946,1.1613999605178833,1.1613999605178833,7
2026-06-04T05:57:00.000Z,6E,1.1613999605178833,1.1613999605178833,1.1613999605178833,1.1613999605178833,13
2026-06-04T05:58:00.000Z,6E,1.1613999605178833,1.1613999605178833,1.1613999605178833,1.1613999605178833,17
2026-06-04T05:59:00.000Z,6E,1.1613999605178833,1.1614500284194946,1.1613999605178833,1.1613999605178833,6
2026-06-04T06:00:00.000Z,6E,1.1614999771118164,1.1615500450134277,1.1613500118255615,1.1615500450134277,95
2026-06-04T06:01:00.000Z,6E,1.1614999771118164,1.1616499423980713,1.1614999771118164,1.1615999937057495,75
2026-06-04T06:02:00.000Z,6E,1.1615999937057495,1.1616499423980713,1.1615999937057495,1.1615999937057495,61
2026-06-04T06:03:00.000Z,6E,1.1617000102996826,1.1617000102996826,1.1616499423980713,1.1617000102996826,23
2026-06-04T06:04:00.000Z,6E,1.1615999937057495,1.1615999937057495,1.1614999771118164,1.1615500450134277,28
2026-06-04T06:05:00.000Z,6E,1.1615500450134277,1.1615999937057495,1.1614999771118164,1.1615500450134277,15
2026-06-04T06:06:00.000Z,6E,1.1614999771118164,1.1614999771118164,1.1614500284194946,1.1614999771118164,42
2026-06-04T06:07:00.000Z,6E,1.1614999771118164,1.1616499423980713,1.1614500284194946,1.1616499423980713,45
2026-06-04T06:08:00.000Z,6E,1.1616499423980713,1.1617000102996826,1.1615999937057495,1.1615999937057495,26
2026-06-04T06:09:00.000Z,6E,1.1616499423980713,1.1616499423980713,1.1615500450134277,1.1615999937057495,12
2026-06-04T06:10:00.000Z,6E,1.1615999937057495,1.1617000102996826,1.1615999937057495,1.1617000102996826,62
2026-06-04T06:11:00.000Z,6E,1.1615999937057495,1.1615999937057495,1.1615500450134277,1.1615999937057495,23
2026-06-04T06:12:00.000Z,6E,1.1616499423980713,1.1617000102996826,1.1616499423980713,1.1617000102996826,33
2026-06-04T06:13:00.000Z,6E,1.1616499423980713,1.1616499423980713,1.1615999937057495,1.1616499423980713,33
2026-06-04T06:14:00.000Z,6E,1.1615999937057495,1.1617000102996826,1.1615999937057495,1.1617000102996826,110
2026-06-04T06:15:00.000Z,6E,1.1616499423980713,1.1618000268936157,1.1616499423980713,1.1617499589920044,83
2026-06-04T06:16:00.000Z,6E,1.1617000102996826,1.1617000102996826,1.1615999937057495,1.1615999937057495,45
2026-06-04T06:17:00.000Z,6E,1.1615999937057495,1.1615999937057495,1.1615500450134277,1.1615500450134277,47
2026-06-04T06:18:00.000Z,6E,1.1615500450134277,1.1615999937057495,1.1615500450134277,1.1615999937057495,60
2026-06-04T06:19:00.000Z,6E,1.1615500450134277,1.1615500450134277,1.1614500284194946,1.1614999771118164,54
2026-06-04T06:20:00.000Z,6E,1.1614500284194946,1.1614500284194946,1.1613500118255615,1.1613500118255615,35
2026-06-04T06:21:00.000Z,6E,1.1613500118255615,1.1613500118255615,1.1612999439239502,1.1613500118255615,18
2026-06-04T06:22:00.000Z,6E,1.1613999605178833,1.1614500284194946,1.1612999439239502,1.1613500118255615,73
2026-06-04T06:23:00.000Z,6E,1.1612999439239502,1.1613500118255615,1.1612000465393066,1.1612000465393066,107
2026-06-04T06:24:00.000Z,6E,1.1612000465393066,1.1613500118255615,1.1612000465393066,1.1613500118255615,63
2026-06-04T06:25:00.000Z,6E,1.1612999439239502,1.1614500284194946,1.1612999439239502,1.1614500284194946,92
2026-06-04T06:26:00.000Z,6E,1.1613999605178833,1.1613999605178833,1.1613999605178833,1.1613999605178833,16
2026-06-04T06:27:00.000Z,6E,1.1613999605178833,1.1614500284194946,1.1613999605178833,1.1613999605178833,10
2026-06-04T06:28:00.000Z,6E,1.1614500284194946,1.1615999937057495,1.1614500284194946,1.1615999937057495,71
2026-06-04T06:29:00.000Z,6E,1.1615500450134277,1.1615500450134277,1.1615500450134277,1.1615500450134277,10
2026-06-04T06:30:00.000Z,6E,1.1614999771118164,1.1614999771118164,1.1613500118255615,1.1614500284194946,311
2026-06-04T06:31:00.000Z,6E,1.1614999771118164,1.1615500450134277,1.1613999605178833,1.1614999771118164,151
2026-06-04T06:32:00.000Z,6E,1.1614999771118164,1.1615999937057495,1.1614999771118164,1.1615999937057495,53
2026-06-04T06:33:00.000Z,6E,1.1616499423980713,1.1617499589920044,1.1615999937057495,1.1617000102996826,109
2026-06-04T06:34:00.000Z,6E,1.1616499423980713,1.1617000102996826,1.1616499423980713,1.1617000102996826,31
2026-06-04T06:35:00.000Z,6E,1.1617499589920044,1.1619000434875488,1.1617000102996826,1.1619000434875488,63
2026-06-04T06:36:00.000Z,6E,1.1619000434875488,1.1619499921798706,1.1618499755859375,1.1619499921798706,458
2026-06-04T06:37:00.000Z,6E,1.1619499921798706,1.1619499921798706,1.1619000434875488,1.1619000434875488,66
2026-06-04T06:38:00.000Z,6E,1.1618499755859375,1.1619499921798706,1.1618499755859375,1.1618499755859375,192
2026-06-04T06:39:00.000Z,6E,1.1618499755859375,1.1619000434875488,1.1618499755859375,1.1619000434875488,51
2026-06-04T06:40:00.000Z,6E,1.1619000434875488,1.1619499921798706,1.1618499755859375,1.1619000434875488,45
2026-06-04T06:41:00.000Z,6E,1.1618499755859375,1.1619000434875488,1.1618000268936157,1.1618000268936157,65
2026-06-04T06:42:00.000Z,6E,1.1618000268936157,1.1618499755859375,1.1618000268936157,1.1618000268936157,88
2026-06-04T06:43:00.000Z,6E,1.1618000268936157,1.1618000268936157,1.1617499589920044,1.1618000268936157,91
2026-06-04T06:44:00.000Z,6E,1.1618000268936157,1.1618499755859375,1.1617000102996826,1.1617499589920044,129
2026-06-04T06:45:00.000Z,6E,1.1617499589920044,1.1617499589920044,1.1617000102996826,1.1617000102996826,37
2026-06-04T06:46:00.000Z,6E,1.1616499423980713,1.1616499423980713,1.1614999771118164,1.1615500450134277,159
2026-06-04T06:47:00.000Z,6E,1.1615500450134277,1.1615500450134277,1.1613999605178833,1.1613999605178833,43
2026-06-04T06:48:00.000Z,6E,1.1613999605178833,1.1614500284194946,1.1613999605178833,1.1614500284194946,30
2026-06-04T06:49:00.000Z,6E,1.1613999605178833,1.1614500284194946,1.1613999605178833,1.1614500284194946,9
2026-06-04T06:50:00.000Z,6E,1.1614500284194946,1.1615999937057495,1.1614500284194946,1.1614500284194946,179
2026-06-04T06:51:00.000Z,6E,1.1614500284194946,1.1614500284194946,1.1613500118255615,1.1613500118255615,12
2026-06-04T06:52:00.000Z,6E,1.1613999605178833,1.1614500284194946,1.1613500118255615,1.1613999605178833,121
2026-06-04T06:53:00.000Z,6E,1.1614500284194946,1.1615999937057495,1.1614500284194946,1.1615999937057495,81
2026-06-04T06:54:00.000Z,6E,1.1615500450134277,1.1617000102996826,1.1615500450134277,1.1616499423980713,94
2026-06-04T06:55:00.000Z,6E,1.1616499423980713,1.1617000102996826,1.1615999937057495,1.1615999937057495,119
2026-06-04T06:56:00.000Z,6E,1.1615999937057495,1.1616499423980713,1.1615500450134277,1.1615500450134277,84
2026-06-04T06:57:00.000Z,6E,1.1614999771118164,1.1614999771118164,1.1612999439239502,1.1612999439239502,81
2026-06-04T06:58:00.000Z,6E,1.1612999439239502,1.1614999771118164,1.1612999439239502,1.1614999771118164,64
2026-06-04T06:59:00.000Z,6E,1.1614500284194946,1.1615500450134277,1.1614500284194946,1.1615500450134277,54
2026-06-04T07:00:00.000Z,6E,1.1615500450134277,1.1615500450134277,1.1613999605178833,1.1615500450134277,234
2026-06-04T07:01:00.000Z,6E,1.1615500450134277,1.1615999937057495,1.1614500284194946,1.1614500284194946,121
2026-06-04T07:02:00.000Z,6E,1.1614500284194946,1.1615999937057495,1.1614500284194946,1.1614999771118164,110
2026-06-04T07:03:00.000Z,6E,1.1615500450134277,1.1615999937057495,1.1614500284194946,1.1615500450134277,104
2026-06-04T07:04:00.000Z,6E,1.1615999937057495,1.1617000102996826,1.1615999937057495,1.1615999937057495,72
2026-06-04T07:05:00.000Z,6E,1.1615999937057495,1.1615999937057495,1.1614999771118164,1.1615500450134277,84
2026-06-04T07:06:00.000Z,6E,1.1615500450134277,1.1615500450134277,1.1614500284194946,1.1614999771118164,102
2026-06-04T07:07:00.000Z,6E,1.1614999771118164,1.1614999771118164,1.1614500284194946,1.1614999771118164,89
2026-06-04T07:08:00.000Z,6E,1.1614999771118164,1.1614999771118164,1.1614500284194946,1.1614999771118164,59
2026-06-04T07:09:00.000Z,6E,1.1614999771118164,1.1615500450134277,1.1614500284194946,1.1615500450134277,73
2026-06-04T07:10:00.000Z,6E,1.1614999771118164,1.1615500450134277,1.1614999771118164,1.1615500450134277,117
2026-06-04T07:11:00.000Z,6E,1.1615500450134277,1.1615500450134277,1.1614999771118164,1.1614999771118164,91
2026-06-04T07:12:00.000Z,6E,1.1615500450134277,1.1615999937057495,1.1614999771118164,1.1614999771118164,89
2026-06-04T07:13:00.000Z,6E,1.1615500450134277,1.1616499423980713,1.1614999771118164,1.1616499423980713,122
2026-06-04T07:14:00.000Z,6E,1.1615999937057495,1.1615999937057495,1.1614999771118164,1.1614999771118164,65
2026-06-04T07:15:00.000Z,6E,1.1615500450134277,1.1615999937057495,1.1615500450134277,1.1615999937057495,28
2026-06-04T07:16:00.000Z,6E,1.1615500450134277,1.1615999937057495,1.1615500450134277,1.1615999937057495,47
2026-06-04T07:17:00.000Z,6E,1.1615500450134277,1.1615999937057495,1.1615500450134277,1.1615500450134277,10
2026-06-04T07:18:00.000Z,6E,1.1614999771118164,1.1614999771118164,1.1614500284194946,1.1614999771118164,18
2026-06-04T07:19:00.000Z,6E,1.1615500450134277,1.1615999937057495,1.1615500450134277,1.1615999937057495,15
2026-06-04T07:20:00.000Z,6E,1.1615500450134277,1.1615500450134277,1.1612000465393066,1.1612000465393066,225
2026-06-04T07:21:00.000Z,6E,1.1612000465393066,1.1612499952316284,1.1611000299453735,1.1611000299453735,75
2026-06-04T07:22:00.000Z,6E,1.1611000299453735,1.1612999439239502,1.1611000299453735,1.1612999439239502,81
2026-06-04T07:23:00.000Z,6E,1.1612999439239502,1.1613500118255615,1.1612499952316284,1.1612499952316284,41
2026-06-04T07:24:00.000Z,6E,1.1612499952316284,1.1612499952316284,1.1612499952316284,1.1612499952316284,12
2026-06-04T07:25:00.000Z,6E,1.1612000465393066,1.1612000465393066,1.1611000299453735,1.1611000299453735,162
2026-06-04T07:26:00.000Z,6E,1.1611000299453735,1.1611000299453735,1.1610000133514404,1.1610000133514404,145
2026-06-04T07:27:00.000Z,6E,1.1610000133514404,1.1610000133514404,1.1608500480651855,1.1608999967575073,104
2026-06-04T07:28:00.000Z,6E,1.160949945449829,1.1611000299453735,1.160949945449829,1.1611000299453735,52
2026-06-04T07:29:00.000Z,6E,1.1611000299453735,1.1611499786376953,1.1611000299453735,1.1611499786376953,57
2026-06-04T07:30:00.000Z,6E,1.1611000299453735,1.1611499786376953,1.1610000133514404,1.1611499786376953,41
2026-06-04T07:31:00.000Z,6E,1.1612000465393066,1.1612000465393066,1.1611000299453735,1.1611499786376953,141
2026-06-04T07:32:00.000Z,6E,1.1611499786376953,1.1611499786376953,1.1611000299453735,1.1611000299453735,69
2026-06-04T07:33:00.000Z,6E,1.1611000299453735,1.1611499786376953,1.1610499620437622,1.1611000299453735,132
2026-06-04T07:34:00.000Z,6E,1.1610499620437622,1.1610499620437622,1.1610000133514404,1.1610000133514404,54
2026-06-04T07:35:00.000Z,6E,1.1610499620437622,1.1610499620437622,1.160949945449829,1.1610000133514404,89
2026-06-04T07:36:00.000Z,6E,1.1610000133514404,1.1610000133514404,1.1608999967575073,1.1608999967575073,133
2026-06-04T07:37:00.000Z,6E,1.1607999801635742,1.1607999801635742,1.1606500148773193,1.1607500314712524,157
2026-06-04T07:38:00.000Z,6E,1.1607999801635742,1.1608500480651855,1.1606999635696411,1.1606999635696411,129
2026-06-04T07:39:00.000Z,6E,1.1606500148773193,1.1607500314712524,1.1605499982833862,1.1605499982833862,271
2026-06-04T07:40:00.000Z,6E,1.1605499982833862,1.1605499982833862,1.1604000329971313,1.1604499816894531,201
2026-06-04T07:41:00.000Z,6E,1.1604000329971313,1.1604000329971313,1.16034996509552,1.16034996509552,149
2026-06-04T07:42:00.000Z,6E,1.16034996509552,1.1604499816894531,1.16034996509552,1.1604499816894531,179
2026-06-04T07:43:00.000Z,6E,1.1605000495910645,1.1605499982833862,1.1604499816894531,1.1604499816894531,166
2026-06-04T07:44:00.000Z,6E,1.1604499816894531,1.160599946975708,1.1604499816894531,1.160599946975708,188
2026-06-04T07:45:00.000Z,6E,1.160599946975708,1.1606500148773193,1.1605000495910645,1.1605000495910645,98
2026-06-04T07:46:00.000Z,6E,1.1605499982833862,1.160599946975708,1.1604499816894531,1.1605000495910645,42
2026-06-04T07:47:00.000Z,6E,1.1604499816894531,1.160599946975708,1.1604499816894531,1.1605499982833862,69
2026-06-04T07:48:00.000Z,6E,1.160599946975708,1.1606999635696411,1.160599946975708,1.1606500148773193,90
2026-06-04T07:49:00.000Z,6E,1.1606999635696411,1.1607500314712524,1.160599946975708,1.1607500314712524,120
2026-06-04T07:50:00.000Z,6E,1.1607500314712524,1.1607500314712524,1.1606500148773193,1.1606999635696411,36
2026-06-04T07:51:00.000Z,6E,1.1606999635696411,1.1607500314712524,1.1606500148773193,1.1606999635696411,75
2026-06-04T07:52:00.000Z,6E,1.1606999635696411,1.1607500314712524,1.1606500148773193,1.1606999635696411,51
2026-06-04T07:53:00.000Z,6E,1.1606999635696411,1.1607500314712524,1.1606999635696411,1.1606999635696411,75
2026-06-04T07:54:00.000Z,6E,1.1607500314712524,1.1607500314712524,1.1606500148773193,1.1606999635696411,62
2026-06-04T07:55:00.000Z,6E,1.1606500148773193,1.1607500314712524,1.1606500148773193,1.1607500314712524,75
2026-06-04T07:56:00.000Z,6E,1.1607500314712524,1.1607500314712524,1.1607500314712524,1.1607500314712524,2
2026-06-04T07:57:00.000Z,6E,1.1607999801635742,1.1608500480651855,1.1607500314712524,1.1607500314712524,152
2026-06-04T07:58:00.000Z,6E,1.1607500314712524,1.160949945449829,1.1607500314712524,1.1608999967575073,57
2026-06-04T07:59:00.000Z,6E,1.1608999967575073,1.160949945449829,1.1608500480651855,1.1608500480651855,15
2026-06-04T08:00:00.000Z,6E,1.1608500480651855,1.160949945449829,1.1607999801635742,1.1607999801635742,56
2026-06-04T08:01:00.000Z,6E,1.1608999967575073,1.1608999967575073,1.1608500480651855,1.1608500480651855,23
2026-06-04T08:02:00.000Z,6E,1.1608500480651855,1.1610000133514404,1.1608500480651855,1.1610000133514404,34
2026-06-04T08:03:00.000Z,6E,1.1610000133514404,1.1612499952316284,1.1610000133514404,1.1611499786376953,429
2026-06-04T08:04:00.000Z,6E,1.1612000465393066,1.1612000465393066,1.1611000299453735,1.1611499786376953,131
2026-06-04T08:05:00.000Z,6E,1.1612000465393066,1.1612000465393066,1.1610000133514404,1.1610499620437622,56
2026-06-04T08:06:00.000Z,6E,1.1610499620437622,1.1611499786376953,1.1610499620437622,1.1611000299453735,58
2026-06-04T08:07:00.000Z,6E,1.1611000299453735,1.1611499786376953,1.1610499620437622,1.1610499620437622,36
2026-06-04T08:08:00.000Z,6E,1.1611000299453735,1.1611499786376953,1.1610499620437622,1.1610499620437622,56
2026-06-04T08:09:00.000Z,6E,1.1610499620437622,1.1611000299453735,1.1610000133514404,1.1611000299453735,32
2026-06-04T08:10:00.000Z,6E,1.1610499620437622,1.1610499620437622,1.1610000133514404,1.1610499620437622,14
2026-06-04T08:11:00.000Z,6E,1.1610499620437622,1.1610499620437622,1.160949945449829,1.1610000133514404,61
2026-06-04T08:12:00.000Z,6E,1.1610000133514404,1.1610000133514404,1.1610000133514404,1.1610000133514404,6
2026-06-04T08:13:00.000Z,6E,1.1610000133514404,1.1610499620437622,1.160949945449829,1.1610000133514404,29
2026-06-04T08:14:00.000Z,6E,1.160949945449829,1.1610000133514404,1.160949945449829,1.1610000133514404,85
2026-06-04T08:15:00.000Z,6E,1.1610000133514404,1.1611499786376953,1.1610000133514404,1.1610000133514404,74
2026-06-04T08:16:00.000Z,6E,1.1610499620437622,1.1612000465393066,1.1610499620437622,1.1612000465393066,48
2026-06-04T08:17:00.000Z,6E,1.1611499786376953,1.1612000465393066,1.1610499620437622,1.1612000465393066,82
2026-06-04T08:18:00.000Z,6E,1.1612499952316284,1.1612999439239502,1.1612000465393066,1.1612499952316284,26
2026-06-04T08:19:00.000Z,6E,1.1612499952316284,1.1612999439239502,1.1612000465393066,1.1612499952316284,13
2026-06-04T08:20:00.000Z,6E,1.1612000465393066,1.1612000465393066,1.1611499786376953,1.1611499786376953,25
2026-06-04T08:21:00.000Z,6E,1.1611000299453735,1.1612499952316284,1.1611000299453735,1.1612000465393066,62
2026-06-04T08:22:00.000Z,6E,1.1612499952316284,1.1612499952316284,1.1612499952316284,1.1612499952316284,46
2026-06-04T08:23:00.000Z,6E,1.1612000465393066,1.1612000465393066,1.1611499786376953,1.1611499786376953,31
2026-06-04T08:24:00.000Z,6E,1.1611499786376953,1.1612999439239502,1.1611499786376953,1.1612999439239502,30
2026-06-04T08:25:00.000Z,6E,1.1613500118255615,1.1613500118255615,1.1612499952316284,1.1612999439239502,73
2026-06-04T08:26:00.000Z,6E,1.1612999439239502,1.1614500284194946,1.1612999439239502,1.1613500118255615,93
2026-06-04T08:27:00.000Z,6E,1.1613999605178833,1.1615999937057495,1.1613999605178833,1.1614999771118164,178
2026-06-04T08:28:00.000Z,6E,1.1614999771118164,1.1614999771118164,1.1613500118255615,1.1613500118255615,214
2026-06-04T08:29:00.000Z,6E,1.1613500118255615,1.1614999771118164,1.1613500118255615,1.1614999771118164,324
2026-06-04T08:30:00.000Z,6E,1.1615500450134277,1.1619000434875488,1.1613999605178833,1.1619000434875488,619
2026-06-04T08:31:00.000Z,6E,1.1618499755859375,1.1618499755859375,1.1613999605178833,1.1614500284194946,245
2026-06-04T08:32:00.000Z,6E,1.1614999771118164,1.1615999937057495,1.1614500284194946,1.1615999937057495,101
2026-06-04T08:33:00.000Z,6E,1.1615500450134277,1.1615999937057495,1.1615500450134277,1.1615999937057495,74
2026-06-04T08:34:00.000Z,6E,1.1615999937057495,1.1615999937057495,1.1614500284194946,1.1614500284194946,44
2026-06-04T08:35:00.000Z,6E,1.1615500450134277,1.1615500450134277,1.1614500284194946,1.1614500284194946,24
2026-06-04T08:36:00.000Z,6E,1.1614999771118164,1.1614999771118164,1.1613999605178833,1.1613999605178833,93
2026-06-04T08:37:00.000Z,6E,1.1614500284194946,1.1614500284194946,1.1612499952316284,1.1612499952316284,65
2026-06-04T08:38:00.000Z,6E,1.1612499952316284,1.1612999439239502,1.1611499786376953,1.1612499952316284,98
2026-06-04T08:39:00.000Z,6E,1.1612000465393066,1.1612499952316284,1.1611499786376953,1.1612000465393066,30
2026-06-04T08:40:00.000Z,6E,1.1612000465393066,1.1612499952316284,1.1612000465393066,1.1612499952316284,201
2026-06-04T08:41:00.000Z,6E,1.1612499952316284,1.1612999439239502,1.1612000465393066,1.1612999439239502,147
2026-06-04T08:42:00.000Z,6E,1.1612499952316284,1.1612499952316284,1.1611499786376953,1.1612000465393066,81
2026-06-04T08:43:00.000Z,6E,1.1612499952316284,1.1612999439239502,1.1612000465393066,1.1612000465393066,75
2026-06-04T08:44:00.000Z,6E,1.1612000465393066,1.1612499952316284,1.1612000465393066,1.1612000465393066,238
2026-06-04T08:45:00.000Z,6E,1.1612499952316284,1.1612499952316284,1.1612499952316284,1.1612499952316284,25
2026-06-04T08:46:00.000Z,6E,1.1612499952316284,1.1613500118255615,1.1612000465393066,1.1613500118255615,76
2026-06-04T08:47:00.000Z,6E,1.1613999605178833,1.1615500450134277,1.1613999605178833,1.1615500450134277,103
2026-06-04T08:48:00.000Z,6E,1.1614999771118164,1.1615500450134277,1.1613999605178833,1.1614999771118164,132
2026-06-04T08:49:00.000Z,6E,1.1614999771118164,1.1615500450134277,1.1613999605178833,1.1613999605178833,35
2026-06-04T08:50:00.000Z,6E,1.1614500284194946,1.1615500450134277,1.1614500284194946,1.1614999771118164,48
2026-06-04T08:51:00.000Z,6E,1.1614500284194946,1.1614999771118164,1.1614500284194946,1.1614999771118164,33
2026-06-04T08:52:00.000Z,6E,1.1614999771118164,1.1614999771118164,1.1613999605178833,1.1613999605178833,28
2026-06-04T08:53:00.000Z,6E,1.1613999605178833,1.1614500284194946,1.1613999605178833,1.1613999605178833,30
2026-06-04T08:54:00.000Z,6E,1.1614500284194946,1.1614999771118164,1.1613999605178833,1.1614500284194946,63
2026-06-04T08:55:00.000Z,6E,1.1614999771118164,1.1617000102996826,1.1614999771118164,1.1617000102996826,79
2026-06-04T08:56:00.000Z,6E,1.1617000102996826,1.1618000268936157,1.1616499423980713,1.1618000268936157,211
2026-06-04T08:57:00.000Z,6E,1.1618000268936157,1.1618000268936157,1.1617000102996826,1.1617499589920044,52
2026-06-04T08:58:00.000Z,6E,1.1617499589920044,1.1618000268936157,1.1617000102996826,1.1617499589920044,45
2026-06-04T08:59:00.000Z,6E,1.1617000102996826,1.1618499755859375,1.1617000102996826,1.1618000268936157,255
2026-06-04T09:00:00.000Z,6E,1.1618000268936157,1.1620500087738037,1.1617499589920044,1.1619000434875488,478
2026-06-04T09:01:00.000Z,6E,1.1619000434875488,1.1620500087738037,1.1619000434875488,1.1620500087738037,305
2026-06-04T09:02:00.000Z,6E,1.1620500087738037,1.1620500087738037,1.1619499921798706,1.1619999408721924,73
2026-06-04T09:03:00.000Z,6E,1.1619999408721924,1.1624000072479248,1.1619499921798706,1.1624000072479248,701
2026-06-04T09:04:00.000Z,6E,1.162350058555603,1.1624000072479248,1.1621999740600586,1.1622999906539917,231
2026-06-04T09:05:00.000Z,6E,1.16225004196167,1.162350058555603,1.1621999740600586,1.1621999740600586,129
2026-06-04T09:06:00.000Z,6E,1.16225004196167,1.162350058555603,1.16225004196167,1.1622999906539917,74
2026-06-04T09:07:00.000Z,6E,1.1622999906539917,1.162350058555603,1.16225004196167,1.16225004196167,76
2026-06-04T09:08:00.000Z,6E,1.162350058555603,1.1624499559402466,1.162350058555603,1.162350058555603,129
2026-06-04T09:09:00.000Z,6E,1.1622999906539917,1.1624000072479248,1.1622999906539917,1.162350058555603,193
2026-06-04T09:10:00.000Z,6E,1.162350058555603,1.162350058555603,1.1621999740600586,1.1622999906539917,90
2026-06-04T09:11:00.000Z,6E,1.162350058555603,1.1624499559402466,1.1622999906539917,1.1624499559402466,62
2026-06-04T09:12:00.000Z,6E,1.1624000072479248,1.1624499559402466,1.162350058555603,1.1624000072479248,119
2026-06-04T09:13:00.000Z,6E,1.162350058555603,1.1624499559402466,1.162350058555603,1.1624499559402466,55
2026-06-04T09:14:00.000Z,6E,1.1624000072479248,1.1624499559402466,1.1624000072479248,1.1624000072479248,52
2026-06-04T09:15:00.000Z,6E,1.162350058555603,1.1624000072479248,1.162350058555603,1.1624000072479248,52
2026-06-04T09:16:00.000Z,6E,1.162350058555603,1.1624000072479248,1.162350058555603,1.1624000072479248,108
2026-06-04T09:17:00.000Z,6E,1.1624000072479248,1.1624499559402466,1.1622999906539917,1.1624000072479248,148
2026-06-04T09:18:00.000Z,6E,1.162500023841858,1.1625499725341797,1.162500023841858,1.1625499725341797,93
2026-06-04T09:19:00.000Z,6E,1.1625499725341797,1.1626499891281128,1.1625499725341797,1.162600040435791,66
2026-06-04T09:20:00.000Z,6E,1.162600040435791,1.1626499891281128,1.162600040435791,1.1626499891281128,57
2026-06-04T09:21:00.000Z,6E,1.1626499891281128,1.1627000570297241,1.162600040435791,1.1626499891281128,215
2026-06-04T09:22:00.000Z,6E,1.1626499891281128,1.1626499891281128,1.162500023841858,1.162500023841858,43
2026-06-04T09:23:00.000Z,6E,1.162500023841858,1.1625499725341797,1.1624499559402466,1.162500023841858,126
2026-06-04T09:24:00.000Z,6E,1.162500023841858,1.1626499891281128,1.162500023841858,1.162600040435791,78
2026-06-04T09:25:00.000Z,6E,1.162600040435791,1.162600040435791,1.1625499725341797,1.1625499725341797,68
2026-06-04T09:26:00.000Z,6E,1.162500023841858,1.1625499725341797,1.1624499559402466,1.1625499725341797,64
2026-06-04T09:27:00.000Z,6E,1.162600040435791,1.1627000570297241,1.1625499725341797,1.1627000570297241,64
2026-06-04T09:28:00.000Z,6E,1.1626499891281128,1.162750005722046,1.1626499891281128,1.1626499891281128,281
2026-06-04T09:29:00.000Z,6E,1.162600040435791,1.162600040435791,1.1625499725341797,1.1625499725341797,68
2026-06-04T09:30:00.000Z,6E,1.1625499725341797,1.1625499725341797,1.1624000072479248,1.1625499725341797,215
2026-06-04T09:31:00.000Z,6E,1.1625499725341797,1.162600040435791,1.162500023841858,1.1625499725341797,71
2026-06-04T09:32:00.000Z,6E,1.162600040435791,1.1627000570297241,1.162600040435791,1.1627000570297241,60
2026-06-04T09:33:00.000Z,6E,1.162750005722046,1.1627999544143677,1.1627000570297241,1.1627999544143677,156
2026-06-04T09:34:00.000Z,6E,1.162750005722046,1.162950038909912,1.162750005722046,1.162750005722046,313
2026-06-04T09:35:00.000Z,6E,1.162750005722046,1.1628999710083008,1.162750005722046,1.1628999710083008,185
2026-06-04T09:36:00.000Z,6E,1.162850022315979,1.162850022315979,1.1627000570297241,1.1627000570297241,374
2026-06-04T09:37:00.000Z,6E,1.1627000570297241,1.1630500555038452,1.1627000570297241,1.1630500555038452,230
2026-06-04T09:38:00.000Z,6E,1.163100004196167,1.1632000207901,1.1629999876022339,1.1630500555038452,232
2026-06-04T09:39:00.000Z,6E,1.1630500555038452,1.1631499528884888,1.1630500555038452,1.1631499528884888,139
2026-06-04T09:40:00.000Z,6E,1.1632000207901,1.1632000207901,1.1630500555038452,1.1631499528884888,179
2026-06-04T09:41:00.000Z,6E,1.1631499528884888,1.1631499528884888,1.1631499528884888,1.1631499528884888,81
2026-06-04T09:42:00.000Z,6E,1.1631499528884888,1.1631499528884888,1.1631499528884888,1.1631499528884888,47
2026-06-04T09:43:00.000Z,6E,1.1632000207901,1.1632000207901,1.163100004196167,1.1631499528884888,136
2026-06-04T09:44:00.000Z,6E,1.1631499528884888,1.1632000207901,1.163100004196167,1.1631499528884888,73
2026-06-04T09:45:00.000Z,6E,1.1631499528884888,1.1632499694824219,1.163100004196167,1.1631499528884888,151
2026-06-04T09:46:00.000Z,6E,1.1632000207901,1.1632000207901,1.1630500555038452,1.1630500555038452,116
2026-06-04T09:47:00.000Z,6E,1.1630500555038452,1.1630500555038452,1.162950038909912,1.162950038909912,100
2026-06-04T09:48:00.000Z,6E,1.162950038909912,1.163100004196167,1.162950038909912,1.163100004196167,94
2026-06-04T09:49:00.000Z,6E,1.1631499528884888,1.1632000207901,1.163100004196167,1.1632000207901,92
2026-06-04T09:50:00.000Z,6E,1.1632000207901,1.1633000373840332,1.1632000207901,1.1632499694824219,124
2026-06-04T09:51:00.000Z,6E,1.1632499694824219,1.1632499694824219,1.1631499528884888,1.1632000207901,95
2026-06-04T09:52:00.000Z,6E,1.1632499694824219,1.1632499694824219,1.1631499528884888,1.1632000207901,117
2026-06-04T09:53:00.000Z,6E,1.1632000207901,1.1632499694824219,1.1632000207901,1.1632000207901,155
2026-06-04T09:54:00.000Z,6E,1.1632000207901,1.1633000373840332,1.1631499528884888,1.1632499694824219,146
2026-06-04T09:55:00.000Z,6E,1.1632499694824219,1.1632499694824219,1.1632000207901,1.1632000207901,181
2026-06-04T09:56:00.000Z,6E,1.1632000207901,1.1632499694824219,1.1631499528884888,1.1632000207901,52
2026-06-04T09:57:00.000Z,6E,1.1632499694824219,1.1632499694824219,1.163100004196167,1.163100004196167,163
2026-06-04T09:58:00.000Z,6E,1.1630500555038452,1.1630500555038452,1.1629999876022339,1.1630500555038452,269
2026-06-04T09:59:00.000Z,6E,1.1629999876022339,1.163100004196167,1.1629999876022339,1.1630500555038452,256
2026-06-04T10:00:00.000Z,6E,1.1630500555038452,1.1631499528884888,1.1629999876022339,1.1630500555038452,160
2026-06-04T10:01:00.000Z,6E,1.163100004196167,1.1631499528884888,1.163100004196167,1.1631499528884888,65
2026-06-04T10:02:00.000Z,6E,1.1631499528884888,1.1632499694824219,1.163100004196167,1.1632000207901,141
2026-06-04T10:03:00.000Z,6E,1.1632000207901,1.1632499694824219,1.1632000207901,1.1632000207901,79
2026-06-04T10:04:00.000Z,6E,1.1632000207901,1.163450002670288,1.1631499528884888,1.163450002670288,157
2026-06-04T10:05:00.000Z,6E,1.163450002670288,1.1635500192642212,1.1634000539779663,1.1634000539779663,181
2026-06-04T10:06:00.000Z,6E,1.163349986076355,1.1634000539779663,1.1633000373840332,1.163349986076355,61
2026-06-04T10:07:00.000Z,6E,1.163349986076355,1.1634000539779663,1.1633000373840332,1.163349986076355,77
2026-06-04T10:08:00.000Z,6E,1.163349986076355,1.163349986076355,1.1632499694824219,1.1632499694824219,31
2026-06-04T10:09:00.000Z,6E,1.1632499694824219,1.1633000373840332,1.1632000207901,1.1633000373840332,43
2026-06-04T10:10:00.000Z,6E,1.1633000373840332,1.1633000373840332,1.1632499694824219,1.1633000373840332,53
2026-06-04T10:11:00.000Z,6E,1.1633000373840332,1.1634999513626099,1.1633000373840332,1.1634999513626099,280
2026-06-04T10:12:00.000Z,6E,1.1634999513626099,1.1634999513626099,1.163450002670288,1.163450002670288,45
2026-06-04T10:13:00.000Z,6E,1.163450002670288,1.163450002670288,1.163349986076355,1.1634000539779663,39
2026-06-04T10:14:00.000Z,6E,1.1634000539779663,1.163450002670288,1.1633000373840332,1.163450002670288,187
2026-06-04T10:15:00.000Z,6E,1.1634999513626099,1.1634999513626099,1.1634999513626099,1.1634999513626099,7
2026-06-04T10:16:00.000Z,6E,1.163450002670288,1.1635500192642212,1.163450002670288,1.1635500192642212,106
2026-06-04T10:17:00.000Z,6E,1.163450002670288,1.1634999513626099,1.163450002670288,1.1634999513626099,42
2026-06-04T10:18:00.000Z,6E,1.1634999513626099,1.1635500192642212,1.163450002670288,1.163450002670288,144
2026-06-04T10:19:00.000Z,6E,1.163450002670288,1.1634999513626099,1.1634000539779663,1.163450002670288,52
2026-06-04T10:20:00.000Z,6E,1.163450002670288,1.163450002670288,1.1632499694824219,1.1633000373840332,128
2026-06-04T10:21:00.000Z,6E,1.163349986076355,1.163349986076355,1.1632499694824219,1.1632499694824219,84
2026-06-04T10:22:00.000Z,6E,1.1632499694824219,1.1632499694824219,1.163100004196167,1.1631499528884888,380
2026-06-04T10:23:00.000Z,6E,1.1631499528884888,1.1631499528884888,1.1631499528884888,1.1631499528884888,112
2026-06-04T10:24:00.000Z,6E,1.1632000207901,1.1633000373840332,1.1632000207901,1.1632000207901,124
2026-06-04T10:25:00.000Z,6E,1.1632499694824219,1.1633000373840332,1.1632000207901,1.1633000373840332,187
2026-06-04T10:26:00.000Z,6E,1.163349986076355,1.163349986076355,1.1631499528884888,1.1632000207901,251
2026-06-04T10:27:00.000Z,6E,1.1632000207901,1.163349986076355,1.1632000207901,1.163349986076355,71
2026-06-04T10:28:00.000Z,6E,1.1633000373840332,1.163349986076355,1.1632499694824219,1.163349986076355,52
2026-06-04T10:29:00.000Z,6E,1.1633000373840332,1.1634000539779663,1.1633000373840332,1.163349986076355,86
2026-06-04T10:30:00.000Z,6E,1.1634000539779663,1.163450002670288,1.1633000373840332,1.1633000373840332,188
2026-06-04T10:31:00.000Z,6E,1.163349986076355,1.163450002670288,1.163349986076355,1.163450002670288,126
2026-06-04T10:32:00.000Z,6E,1.1634999513626099,1.1635500192642212,1.1634999513626099,1.1634999513626099,43
2026-06-04T10:33:00.000Z,6E,1.163450002670288,1.1635500192642212,1.163450002670288,1.1635500192642212,73
2026-06-04T10:34:00.000Z,6E,1.1634999513626099,1.1637500524520874,1.1634999513626099,1.1636500358581543,162
2026-06-04T10:35:00.000Z,6E,1.163599967956543,1.1636500358581543,1.163599967956543,1.163599967956543,73
2026-06-04T10:36:00.000Z,6E,1.163599967956543,1.163699984550476,1.1635500192642212,1.163699984550476,135
2026-06-04T10:37:00.000Z,6E,1.1636500358581543,1.163699984550476,1.1636500358581543,1.163699984550476,82
2026-06-04T10:38:00.000Z,6E,1.163699984550476,1.163699984550476,1.1636500358581543,1.1636500358581543,62
2026-06-04T10:39:00.000Z,6E,1.163699984550476,1.1638000011444092,1.163599967956543,1.1638000011444092,292
2026-06-04T10:40:00.000Z,6E,1.1638000011444092,1.163849949836731,1.163599967956543,1.163599967956543,142
2026-06-04T10:41:00.000Z,6E,1.1636500358581543,1.163699984550476,1.1636500358581543,1.1636500358581543,102
2026-06-04T10:42:00.000Z,6E,1.163699984550476,1.1637500524520874,1.1636500358581543,1.163699984550476,80
2026-06-04T10:43:00.000Z,6E,1.1637500524520874,1.1638000011444092,1.163699984550476,1.1638000011444092,102
2026-06-04T10:44:00.000Z,6E,1.1637500524520874,1.1638000011444092,1.163699984550476,1.163699984550476,86
2026-06-04T10:45:00.000Z,6E,1.1637500524520874,1.163849949836731,1.1637500524520874,1.1638000011444092,92
2026-06-04T10:46:00.000Z,6E,1.1637500524520874,1.1638000011444092,1.1636500358581543,1.1637500524520874,136
2026-06-04T10:47:00.000Z,6E,1.1637500524520874,1.1638000011444092,1.1636500358581543,1.1637500524520874,331
2026-06-04T10:48:00.000Z,6E,1.163699984550476,1.1639000177383423,1.163699984550476,1.1637500524520874,454
2026-06-04T10:49:00.000Z,6E,1.1637500524520874,1.1637500524520874,1.163599967956543,1.163599967956543,144
2026-06-04T10:50:00.000Z,6E,1.163599967956543,1.163599967956543,1.163349986076355,1.163450002670288,267
2026-06-04T10:51:00.000Z,6E,1.163450002670288,1.163450002670288,1.1633000373840332,1.1634000539779663,249
2026-06-04T10:52:00.000Z,6E,1.163450002670288,1.1634999513626099,1.163349986076355,1.1634000539779663,371
2026-06-04T10:53:00.000Z,6E,1.163349986076355,1.1634000539779663,1.1633000373840332,1.1634000539779663,892
2026-06-04T10:54:00.000Z,6E,1.1634000539779663,1.1634999513626099,1.1634000539779663,1.1634999513626099,228
2026-06-04T10:55:00.000Z,6E,1.163450002670288,1.163599967956543,1.163450002670288,1.163599967956543,112
2026-06-04T10:56:00.000Z,6E,1.163599967956543,1.1637500524520874,1.1635500192642212,1.163599967956543,121
2026-06-04T10:57:00.000Z,6E,1.163599967956543,1.1636500358581543,1.1634999513626099,1.1634999513626099,157
2026-06-04T10:58:00.000Z,6E,1.163599967956543,1.163599967956543,1.1635500192642212,1.1635500192642212,42
2026-06-04T10:59:00.000Z,6E,1.1635500192642212,1.163599967956543,1.1634999513626099,1.1635500192642212,109
2026-06-04T11:00:00.000Z,6E,1.1635500192642212,1.1636500358581543,1.1634999513626099,1.1636500358581543,519
2026-06-04T11:01:00.000Z,6E,1.1636500358581543,1.163699984550476,1.163599967956543,1.163699984550476,147
2026-06-04T11:02:00.000Z,6E,1.163699984550476,1.1639000177383423,1.163699984550476,1.163849949836731,201
2026-06-04T11:03:00.000Z,6E,1.163849949836731,1.163949966430664,1.163849949836731,1.163949966430664,159
2026-06-04T11:04:00.000Z,6E,1.163949966430664,1.1640499830245972,1.1639000177383423,1.163949966430664,261
2026-06-04T11:05:00.000Z,6E,1.163949966430664,1.1640000343322754,1.1639000177383423,1.1639000177383423,68
2026-06-04T11:06:00.000Z,6E,1.1639000177383423,1.1640000343322754,1.1639000177383423,1.1640000343322754,61
2026-06-04T11:07:00.000Z,6E,1.163949966430664,1.163949966430664,1.163849949836731,1.1639000177383423,133
2026-06-04T11:08:00.000Z,6E,1.1639000177383423,1.1639000177383423,1.1637500524520874,1.1639000177383423,88
2026-06-04T11:09:00.000Z,6E,1.1639000177383423,1.1640499830245972,1.1639000177383423,1.1640499830245972,65
2026-06-04T11:10:00.000Z,6E,1.1640000343322754,1.1640499830245972,1.163949966430664,1.1640499830245972,161
2026-06-04T11:11:00.000Z,6E,1.1641000509262085,1.164199948310852,1.1640499830245972,1.1641000509262085,121
2026-06-04T11:12:00.000Z,6E,1.1641000509262085,1.1641000509262085,1.1640000343322754,1.1640499830245972,156
2026-06-04T11:13:00.000Z,6E,1.1640499830245972,1.1641000509262085,1.1640000343322754,1.1641000509262085,296
2026-06-04T11:14:00.000Z,6E,1.1641000509262085,1.1641000509262085,1.1640499830245972,1.1640499830245972,177
2026-06-04T11:15:00.000Z,6E,1.1640000343322754,1.1641000509262085,1.1640000343322754,1.1641000509262085,130
2026-06-04T11:16:00.000Z,6E,1.1641499996185303,1.1642500162124634,1.1641000509262085,1.1642500162124634,200
2026-06-04T11:17:00.000Z,6E,1.1642500162124634,1.1644500494003296,1.1642500162124634,1.1643500328063965,451
2026-06-04T11:18:00.000Z,6E,1.1643500328063965,1.1644500494003296,1.1643500328063965,1.1644500494003296,111
2026-06-04T11:19:00.000Z,6E,1.1643999814987183,1.1644999980926514,1.1643999814987183,1.1644999980926514,116
2026-06-04T11:20:00.000Z,6E,1.1644999980926514,1.1644999980926514,1.1643500328063965,1.1643999814987183,138
2026-06-04T11:21:00.000Z,6E,1.1643500328063965,1.1644500494003296,1.1643500328063965,1.1643999814987183,120
2026-06-04T11:22:00.000Z,6E,1.1643500328063965,1.1644999980926514,1.1643500328063965,1.1644500494003296,147
2026-06-04T11:23:00.000Z,6E,1.1644999980926514,1.1646499633789062,1.1644999980926514,1.1645499467849731,382
2026-06-04T11:24:00.000Z,6E,1.1645499467849731,1.1646000146865845,1.1644500494003296,1.1646000146865845,217
2026-06-04T11:25:00.000Z,6E,1.1646499633789062,1.1648499965667725,1.1646000146865845,1.1647000312805176,218
2026-06-04T11:26:00.000Z,6E,1.1647499799728394,1.1647499799728394,1.1646499633789062,1.1646499633789062,162
2026-06-04T11:27:00.000Z,6E,1.1646499633789062,1.1647000312805176,1.1644500494003296,1.1644999980926514,158
2026-06-04T11:28:00.000Z,6E,1.1644999980926514,1.1645499467849731,1.1644500494003296,1.1644500494003296,146
2026-06-04T11:29:00.000Z,6E,1.1644500494003296,1.1646000146865845,1.1644500494003296,1.1645499467849731,128
2026-06-04T11:30:00.000Z,6E,1.1646000146865845,1.1646499633789062,1.1643999814987183,1.1643999814987183,946
2026-06-04T11:31:00.000Z,6E,1.1643999814987183,1.1644500494003296,1.1643500328063965,1.1643500328063965,71
2026-06-04T11:32:00.000Z,6E,1.1643500328063965,1.1643500328063965,1.164199948310852,1.1642999649047852,201
2026-06-04T11:33:00.000Z,6E,1.1642999649047852,1.1643500328063965,1.164199948310852,1.1642999649047852,122
2026-06-04T11:34:00.000Z,6E,1.1642999649047852,1.1643999814987183,1.1642999649047852,1.1643500328063965,71
2026-06-04T11:35:00.000Z,6E,1.1642999649047852,1.1643500328063965,1.1642500162124634,1.1643500328063965,421
2026-06-04T11:36:00.000Z,6E,1.1642999649047852,1.1643999814987183,1.1642999649047852,1.1642999649047852,195
2026-06-04T11:37:00.000Z,6E,1.1643500328063965,1.1644999980926514,1.1643500328063965,1.1643999814987183,210
2026-06-04T11:38:00.000Z,6E,1.1643999814987183,1.1644500494003296,1.1643500328063965,1.1643500328063965,102
2026-06-04T11:39:00.000Z,6E,1.1643999814987183,1.1645499467849731,1.1643999814987183,1.1644999980926514,105
2026-06-04T11:40:00.000Z,6E,1.1644999980926514,1.1644999980926514,1.1643500328063965,1.1643999814987183,77
2026-06-04T11:41:00.000Z,6E,1.1644500494003296,1.1646000146865845,1.1644500494003296,1.1646000146865845,129
2026-06-04T11:42:00.000Z,6E,1.1646000146865845,1.1646499633789062,1.1645499467849731,1.1646000146865845,131
2026-06-04T11:43:00.000Z,6E,1.1645499467849731,1.1646000146865845,1.1645499467849731,1.1645499467849731,61
2026-06-04T11:44:00.000Z,6E,1.1646000146865845,1.1649500131607056,1.1646000146865845,1.1648999452590942,339
2026-06-04T11:45:00.000Z,6E,1.1648499965667725,1.1649500131607056,1.1648000478744507,1.1648000478744507,177
2026-06-04T11:46:00.000Z,6E,1.1648499965667725,1.1649500131607056,1.1648000478744507,1.1648999452590942,138
2026-06-04T11:47:00.000Z,6E,1.1648999452590942,1.1648999452590942,1.1648000478744507,1.1648000478744507,54
2026-06-04T11:48:00.000Z,6E,1.1647499799728394,1.1648000478744507,1.1646000146865845,1.1646499633789062,328
2026-06-04T11:49:00.000Z,6E,1.1646499633789062,1.1650500297546387,1.1646499633789062,1.1648499965667725,586
2026-06-04T11:50:00.000Z,6E,1.1648499965667725,1.1649500131607056,1.1648499965667725,1.1648999452590942,132
2026-06-04T11:51:00.000Z,6E,1.1648999452590942,1.1649500131607056,1.1648499965667725,1.1649500131607056,109
2026-06-04T11:52:00.000Z,6E,1.1648999452590942,1.1649500131607056,1.1648999452590942,1.1649500131607056,79
2026-06-04T11:53:00.000Z,6E,1.1648999452590942,1.1649500131607056,1.1648000478744507,1.1648000478744507,120
2026-06-04T11:54:00.000Z,6E,1.1648499965667725,1.1648999452590942,1.1648000478744507,1.1648499965667725,59
2026-06-04T11:55:00.000Z,6E,1.1648499965667725,1.1648499965667725,1.1647499799728394,1.1647499799728394,141
2026-06-04T11:56:00.000Z,6E,1.1647000312805176,1.1647000312805176,1.1646000146865845,1.1647000312805176,210
2026-06-04T11:57:00.000Z,6E,1.1647000312805176,1.1648000478744507,1.1646499633789062,1.1647499799728394,250
2026-06-04T11:58:00.000Z,6E,1.1647499799728394,1.1648000478744507,1.1646499633789062,1.1647499799728394,370
2026-06-04T11:59:00.000Z,6E,1.1647499799728394,1.1647499799728394,1.1646000146865845,1.1647499799728394,3471
2026-06-04T12:00:00.000Z,6E,1.1646499633789062,1.1649999618530273,1.1646499633789062,1.1648499965667725,534
2026-06-04T12:01:00.000Z,6E,1.1648000478744507,1.1648000478744507,1.1647000312805176,1.1647499799728394,159
2026-06-04T12:02:00.000Z,6E,1.1647499799728394,1.1648499965667725,1.1647499799728394,1.1648499965667725,172
2026-06-04T12:03:00.000Z,6E,1.1648499965667725,1.1648499965667725,1.1647499799728394,1.1648000478744507,175
2026-06-04T12:04:00.000Z,6E,1.1647499799728394,1.1647499799728394,1.1645499467849731,1.1646499633789062,90
2026-06-04T12:05:00.000Z,6E,1.1646499633789062,1.1646499633789062,1.1644500494003296,1.1644999980926514,231
2026-06-04T12:06:00.000Z,6E,1.1644999980926514,1.1647000312805176,1.1644500494003296,1.1647000312805176,193
2026-06-04T12:07:00.000Z,6E,1.1647000312805176,1.1648000478744507,1.1646499633789062,1.1647499799728394,194
2026-06-04T12:08:00.000Z,6E,1.1647000312805176,1.1647000312805176,1.1645499467849731,1.1646000146865845,245
2026-06-04T12:09:00.000Z,6E,1.1646000146865845,1.1646000146865845,1.1642999649047852,1.1644500494003296,851
2026-06-04T12:10:00.000Z,6E,1.1644500494003296,1.1645499467849731,1.1644500494003296,1.1645499467849731,99
2026-06-04T12:11:00.000Z,6E,1.1644999980926514,1.1644999980926514,1.163949966430664,1.1640499830245972,1747
2026-06-04T12:12:00.000Z,6E,1.1641000509262085,1.1642999649047852,1.1641000509262085,1.1642999649047852,235
2026-06-04T12:13:00.000Z,6E,1.1642999649047852,1.1643999814987183,1.1642999649047852,1.1643999814987183,98
2026-06-04T12:14:00.000Z,6E,1.1643999814987183,1.1643999814987183,1.1642500162124634,1.1642500162124634,65
2026-06-04T12:15:00.000Z,6E,1.1642999649047852,1.1643500328063965,1.164199948310852,1.164199948310852,150
2026-06-04T12:16:00.000Z,6E,1.164199948310852,1.1643500328063965,1.164199948310852,1.1643500328063965,267
2026-06-04T12:17:00.000Z,6E,1.1643500328063965,1.1643999814987183,1.1642999649047852,1.1642999649047852,144
2026-06-04T12:18:00.000Z,6E,1.1642999649047852,1.1642999649047852,1.1642500162124634,1.1642500162124634,13
2026-06-04T12:19:00.000Z,6E,1.1642500162124634,1.1642999649047852,1.164199948310852,1.164199948310852,117
2026-06-04T12:20:00.000Z,6E,1.1642500162124634,1.1642500162124634,1.1641499996185303,1.164199948310852,145
2026-06-04T12:21:00.000Z,6E,1.164199948310852,1.1642999649047852,1.164199948310852,1.1642999649047852,53
2026-06-04T12:22:00.000Z,6E,1.1642500162124634,1.1642999649047852,1.164199948310852,1.1642999649047852,144
2026-06-04T12:23:00.000Z,6E,1.1642999649047852,1.1644500494003296,1.1642999649047852,1.1644500494003296,68
2026-06-04T12:24:00.000Z,6E,1.1643999814987183,1.1645499467849731,1.1643500328063965,1.1643999814987183,343
2026-06-04T12:25:00.000Z,6E,1.1643500328063965,1.1643500328063965,1.1642999649047852,1.1642999649047852,92
2026-06-04T12:26:00.000Z,6E,1.1643999814987183,1.1644500494003296,1.1643999814987183,1.1644500494003296,80
2026-06-04T12:27:00.000Z,6E,1.1643999814987183,1.1643999814987183,1.1643500328063965,1.1643500328063965,172
2026-06-04T12:28:00.000Z,6E,1.1643999814987183,1.1644500494003296,1.1643500328063965,1.1643999814987183,52
2026-06-04T12:29:00.000Z,6E,1.1643500328063965,1.1643999814987183,1.1642999649047852,1.1642999649047852,178
2026-06-04T12:30:00.000Z,6E,1.1643999814987183,1.1646000146865845,1.1643500328063965,1.1644999980926514,358
2026-06-04T12:31:00.000Z,6E,1.1644500494003296,1.1646000146865845,1.1643500328063965,1.1645499467849731,119
2026-06-04T12:32:00.000Z,6E,1.1646000146865845,1.1646000146865845,1.1644500494003296,1.1646000146865845,115
2026-06-04T12:33:00.000Z,6E,1.1645499467849731,1.1646000146865845,1.1644500494003296,1.1644999980926514,92
2026-06-04T12:34:00.000Z,6E,1.1645499467849731,1.1646000146865845,1.1645499467849731,1.1646000146865845,39
2026-06-04T12:35:00.000Z,6E,1.1646000146865845,1.1646000146865845,1.1644999980926514,1.1644999980926514,74
2026-06-04T12:36:00.000Z,6E,1.1645499467849731,1.1646499633789062,1.1644999980926514,1.1645499467849731,468
2026-06-04T12:37:00.000Z,6E,1.1645499467849731,1.1646000146865845,1.1644999980926514,1.1645499467849731,257
2026-06-04T12:38:00.000Z,6E,1.1645499467849731,1.1645499467849731,1.1644500494003296,1.1644999980926514,135
2026-06-04T12:39:00.000Z,6E,1.1644999980926514,1.1645499467849731,1.1644999980926514,1.1645499467849731,125
2026-06-04T12:40:00.000Z,6E,1.1645499467849731,1.1645499467849731,1.1644500494003296,1.1644500494003296,205
2026-06-04T12:41:00.000Z,6E,1.1643999814987183,1.1644500494003296,1.1643999814987183,1.1643999814987183,228
2026-06-04T12:42:00.000Z,6E,1.1643500328063965,1.1644500494003296,1.1642999649047852,1.1643999814987183,200
2026-06-04T12:43:00.000Z,6E,1.1643999814987183,1.1644500494003296,1.1643500328063965,1.1643500328063965,242
2026-06-04T12:44:00.000Z,6E,1.1643500328063965,1.1645499467849731,1.1643500328063965,1.1644999980926514,236
2026-06-04T12:45:00.000Z,6E,1.1644999980926514,1.1644999980926514,1.1643500328063965,1.1643999814987183,175
2026-06-04T12:46:00.000Z,6E,1.1644500494003296,1.1644500494003296,1.1643500328063965,1.1643999814987183,181
2026-06-04T12:47:00.000Z,6E,1.1643500328063965,1.1644999980926514,1.1643500328063965,1.1644500494003296,187
2026-06-04T12:48:00.000Z,6E,1.1644500494003296,1.1645499467849731,1.1644500494003296,1.1645499467849731,661
2026-06-04T12:49:00.000Z,6E,1.1644999980926514,1.1646000146865845,1.1644500494003296,1.1645499467849731,209
2026-06-04T12:50:00.000Z,6E,1.1645499467849731,1.1647000312805176,1.1644999980926514,1.1646000146865845,417
2026-06-04T12:51:00.000Z,6E,1.1646499633789062,1.1646499633789062,1.1644999980926514,1.1646000146865845,197
2026-06-04T12:52:00.000Z,6E,1.1646000146865845,1.1646000146865845,1.1644999980926514,1.1645499467849731,169
2026-06-04T12:53:00.000Z,6E,1.1645499467849731,1.1648000478744507,1.1644999980926514,1.1647000312805176,904
2026-06-04T12:54:00.000Z,6E,1.1646499633789062,1.1648499965667725,1.1646499633789062,1.1648000478744507,693
2026-06-04T12:55:00.000Z,6E,1.1648000478744507,1.1648000478744507,1.1646499633789062,1.1646499633789062,204
2026-06-04T12:56:00.000Z,6E,1.1647000312805176,1.1648000478744507,1.1646000146865845,1.1646000146865845,151
2026-06-04T12:57:00.000Z,6E,1.1646499633789062,1.1647000312805176,1.1644999980926514,1.1644999980926514,230
2026-06-04T12:58:00.000Z,6E,1.1644500494003296,1.1644500494003296,1.1642500162124634,1.1643999814987183,395
2026-06-04T12:59:00.000Z,6E,1.1643500328063965,1.1643500328063965,1.164199948310852,1.164199948310852,304
2026-06-04T13:00:00.000Z,6E,1.1641499996185303,1.1642500162124634,1.1641000509262085,1.164199948310852,323
2026-06-04T13:01:00.000Z,6E,1.164199948310852,1.1642500162124634,1.1641499996185303,1.164199948310852,224
2026-06-04T13:02:00.000Z,6E,1.1642500162124634,1.1643500328063965,1.164199948310852,1.1642999649047852,200
2026-06-04T13:03:00.000Z,6E,1.1642999649047852,1.1642999649047852,1.1641000509262085,1.1641000509262085,65
2026-06-04T13:04:00.000Z,6E,1.1641499996185303,1.1643500328063965,1.1641499996185303,1.1643500328063965,191
2026-06-04T13:05:00.000Z,6E,1.1643500328063965,1.1644500494003296,1.1643500328063965,1.1643999814987183,111
2026-06-04T13:06:00.000Z,6E,1.1643500328063965,1.1643500328063965,1.164199948310852,1.1642999649047852,191
2026-06-04T13:07:00.000Z,6E,1.1642999649047852,1.1644999980926514,1.1642999649047852,1.1644999980926514,66
2026-06-04T13:08:00.000Z,6E,1.1644500494003296,1.1644500494003296,1.1642999649047852,1.1642999649047852,83
2026-06-04T13:09:00.000Z,6E,1.1642999649047852,1.1643500328063965,1.1642500162124634,1.1643500328063965,65
2026-06-04T13:10:00.000Z,6E,1.1643500328063965,1.1643500328063965,1.164199948310852,1.164199948310852,73
2026-06-04T13:11:00.000Z,6E,1.1641499996185303,1.164199948310852,1.1641499996185303,1.1641499996185303,68
2026-06-04T13:12:00.000Z,6E,1.1641499996185303,1.1641499996185303,1.1640000343322754,1.1640499830245972,141
2026-06-04T13:13:00.000Z,6E,1.1641000509262085,1.1641000509262085,1.1640000343322754,1.1640000343322754,221
2026-06-04T13:14:00.000Z,6E,1.1640499830245972,1.1641000509262085,1.1639000177383423,1.163949966430664,275
2026-06-04T13:15:00.000Z,6E,1.163949966430664,1.1640000343322754,1.163949966430664,1.1640000343322754,223
2026-06-04T13:16:00.000Z,6E,1.163949966430664,1.1641000509262085,1.1639000177383423,1.1641000509262085,223
2026-06-04T13:17:00.000Z,6E,1.1641499996185303,1.1641499996185303,1.1640499830245972,1.1640499830245972,63
2026-06-04T13:18:00.000Z,6E,1.1640499830245972,1.1641499996185303,1.1640499830245972,1.1641499996185303,98
2026-06-04T13:19:00.000Z,6E,1.1641499996185303,1.1642999649047852,1.1641499996185303,1.164199948310852,254
2026-06-04T13:20:00.000Z,6E,1.164199948310852,1.1642999649047852,1.1640499830245972,1.1642500162124634,257
2026-06-04T13:21:00.000Z,6E,1.1642500162124634,1.1642500162124634,1.1641499996185303,1.1641499996185303,69
2026-06-04T13:22:00.000Z,6E,1.164199948310852,1.1642500162124634,1.164199948310852,1.164199948310852,23
2026-06-04T13:23:00.000Z,6E,1.1641499996185303,1.164199948310852,1.1641499996185303,1.1641499996185303,40
2026-06-04T13:24:00.000Z,6E,1.1641499996185303,1.1641499996185303,1.1640499830245972,1.1641000509262085,95
2026-06-04T13:25:00.000Z,6E,1.1641000509262085,1.1641000509262085,1.1640000343322754,1.1640000343322754,34
2026-06-04T13:26:00.000Z,6E,1.163949966430664,1.163949966430664,1.1639000177383423,1.1639000177383423,255
2026-06-04T13:27:00.000Z,6E,1.1639000177383423,1.163949966430664,1.1639000177383423,1.163949966430664,80
2026-06-04T13:28:00.000Z,6E,1.163949966430664,1.1640000343322754,1.1639000177383423,1.163949966430664,137
2026-06-04T13:29:00.000Z,6E,1.1640000343322754,1.1641499996185303,1.1640000343322754,1.1641000509262085,159
2026-06-04T13:30:00.000Z,6E,1.1641499996185303,1.164199948310852,1.1641000509262085,1.1641499996185303,160
2026-06-04T13:31:00.000Z,6E,1.1641000509262085,1.1641000509262085,1.1640000343322754,1.1640499830245972,121
2026-06-04T13:32:00.000Z,6E,1.1640499830245972,1.1641499996185303,1.1640499830245972,1.1641000509262085,110
2026-06-04T13:33:00.000Z,6E,1.1641499996185303,1.1642999649047852,1.1641000509262085,1.1642500162124634,177
2026-06-04T13:34:00.000Z,6E,1.164199948310852,1.164199948310852,1.1641499996185303,1.164199948310852,154
2026-06-04T13:35:00.000Z,6E,1.164199948310852,1.1642999649047852,1.1641499996185303,1.164199948310852,398
2026-06-04T13:36:00.000Z,6E,1.164199948310852,1.1642999649047852,1.164199948310852,1.164199948310852,177
2026-06-04T13:37:00.000Z,6E,1.1642500162124634,1.1642999649047852,1.164199948310852,1.164199948310852,97
2026-06-04T13:38:00.000Z,6E,1.164199948310852,1.1642500162124634,1.1641499996185303,1.164199948310852,88
2026-06-04T13:39:00.000Z,6E,1.1642500162124634,1.1642999649047852,1.164199948310852,1.1642999649047852,59
2026-06-04T13:40:00.000Z,6E,1.1642999649047852,1.1643500328063965,1.1642500162124634,1.1642500162124634,151
2026-06-04T13:41:00.000Z,6E,1.164199948310852,1.1642999649047852,1.1641499996185303,1.164199948310852,174
2026-06-04T13:42:00.000Z,6E,1.164199948310852,1.164199948310852,1.1641000509262085,1.1641000509262085,147
2026-06-04T13:43:00.000Z,6E,1.1641000509262085,1.1642500162124634,1.1641000509262085,1.164199948310852,136
2026-06-04T13:44:00.000Z,6E,1.164199948310852,1.1644500494003296,1.164199948310852,1.1643999814987183,165
2026-06-04T13:45:00.000Z,6E,1.1644500494003296,1.1644500494003296,1.1642999649047852,1.1642999649047852,118
2026-06-04T13:46:00.000Z,6E,1.1642999649047852,1.1644500494003296,1.1642500162124634,1.1643500328063965,118
2026-06-04T13:47:00.000Z,6E,1.1643500328063965,1.1643999814987183,1.1642999649047852,1.1642999649047852,165
2026-06-04T13:48:00.000Z,6E,1.1642999649047852,1.1643500328063965,1.1641499996185303,1.1642500162124634,154
2026-06-04T13:49:00.000Z,6E,1.1642500162124634,1.1643500328063965,1.1642500162124634,1.1643500328063965,114
2026-06-04T13:50:00.000Z,6E,1.1643500328063965,1.1643999814987183,1.1642500162124634,1.1642999649047852,203
2026-06-04T13:51:00.000Z,6E,1.1642500162124634,1.1642500162124634,1.164199948310852,1.164199948310852,120
2026-06-04T13:52:00.000Z,6E,1.1642500162124634,1.1642999649047852,1.164199948310852,1.164199948310852,148
2026-06-04T13:53:00.000Z,6E,1.164199948310852,1.164199948310852,1.1640000343322754,1.1640499830245972,177
2026-06-04T13:54:00.000Z,6E,1.1640499830245972,1.1641499996185303,1.1640000343322754,1.1641499996185303,49
2026-06-04T13:55:00.000Z,6E,1.1641499996185303,1.164199948310852,1.1641000509262085,1.1641499996185303,157
2026-06-04T13:56:00.000Z,6E,1.1641499996185303,1.1642500162124634,1.1641499996185303,1.164199948310852,92
2026-06-04T13:57:00.000Z,6E,1.164199948310852,1.1642500162124634,1.1641499996185303,1.1642500162124634,75
2026-06-04T13:58:00.000Z,6E,1.164199948310852,1.1642999649047852,1.1641499996185303,1.164199948310852,246
2026-06-04T13:59:00.000Z,6E,1.164199948310852,1.1642500162124634,1.1641000509262085,1.1641000509262085,152
2026-06-04T14:00:00.000Z,6E,1.1641000509262085,1.1643999814987183,1.1641000509262085,1.1643999814987183,277
2026-06-04T14:01:00.000Z,6E,1.1643999814987183,1.1644999980926514,1.1643500328063965,1.1643500328063965,185
2026-06-04T14:02:00.000Z,6E,1.1642999649047852,1.1643500328063965,1.164199948310852,1.164199948310852,66
2026-06-04T14:03:00.000Z,6E,1.1641499996185303,1.1641499996185303,1.1640000343322754,1.1640000343322754,96
2026-06-04T14:04:00.000Z,6E,1.1640000343322754,1.1640499830245972,1.163849949836731,1.163849949836731,190
2026-06-04T14:05:00.000Z,6E,1.1639000177383423,1.1639000177383423,1.163849949836731,1.163849949836731,246
2026-06-04T14:06:00.000Z,6E,1.163849949836731,1.1640000343322754,1.1638000011444092,1.163949966430664,152
2026-06-04T14:07:00.000Z,6E,1.1639000177383423,1.163949966430664,1.1639000177383423,1.1639000177383423,47
2026-06-04T14:08:00.000Z,6E,1.1639000177383423,1.1639000177383423,1.1638000011444092,1.1638000011444092,606
2026-06-04T14:09:00.000Z,6E,1.1638000011444092,1.163849949836731,1.1638000011444092,1.1638000011444092,88
2026-06-04T14:10:00.000Z,6E,1.1638000011444092,1.1638000011444092,1.163699984550476,1.1637500524520874,918
2026-06-04T14:11:00.000Z,6E,1.1638000011444092,1.163849949836731,1.1638000011444092,1.1638000011444092,453
2026-06-04T14:12:00.000Z,6E,1.1638000011444092,1.1638000011444092,1.163699984550476,1.1638000011444092,80
2026-06-04T14:13:00.000Z,6E,1.163849949836731,1.163849949836731,1.1637500524520874,1.163849949836731,52
2026-06-04T14:14:00.000Z,6E,1.163849949836731,1.163849949836731,1.1637500524520874,1.1638000011444092,63
2026-06-04T14:15:00.000Z,6E,1.163849949836731,1.1639000177383423,1.1638000011444092,1.1639000177383423,108
2026-06-04T14:16:00.000Z,6E,1.1639000177383423,1.163949966430664,1.163849949836731,1.163949966430664,63
2026-06-04T14:17:00.000Z,6E,1.163949966430664,1.163949966430664,1.1639000177383423,1.163949966430664,64
2026-06-04T14:18:00.000Z,6E,1.1639000177383423,1.1639000177383423,1.163849949836731,1.1639000177383423,110
2026-06-04T14:19:00.000Z,6E,1.163849949836731,1.163949966430664,1.1638000011444092,1.163949966430664,90
2026-06-04T14:20:00.000Z,6E,1.1639000177383423,1.163949966430664,1.163849949836731,1.163949966430664,108
2026-06-04T14:21:00.000Z,6E,1.1639000177383423,1.163949966430664,1.1639000177383423,1.163949966430664,85
2026-06-04T14:22:00.000Z,6E,1.163949966430664,1.163949966430664,1.1639000177383423,1.163949966430664,56
2026-06-04T14:23:00.000Z,6E,1.1639000177383423,1.1639000177383423,1.1638000011444092,1.1639000177383423,143
2026-06-04T14:24:00.000Z,6E,1.163849949836731,1.163849949836731,1.1637500524520874,1.1638000011444092,80
2026-06-04T14:25:00.000Z,6E,1.1638000011444092,1.163849949836731,1.1637500524520874,1.1638000011444092,123
2026-06-04T14:26:00.000Z,6E,1.1638000011444092,1.1638000011444092,1.1637500524520874,1.1637500524520874,57
2026-06-04T14:27:00.000Z,6E,1.1637500524520874,1.1637500524520874,1.163699984550476,1.163699984550476,68
2026-06-04T14:28:00.000Z,6E,1.163699984550476,1.1637500524520874,1.163699984550476,1.163699984550476,69
2026-06-04T14:29:00.000Z,6E,1.1636500358581543,1.163699984550476,1.163599967956543,1.163599967956543,58
2026-06-04T14:30:00.000Z,6E,1.163599967956543,1.1636500358581543,1.1634999513626099,1.1634999513626099,269
2026-06-04T14:31:00.000Z,6E,1.1635500192642212,1.163599967956543,1.1634999513626099,1.1634999513626099,130
2026-06-04T14:32:00.000Z,6E,1.1634999513626099,1.1635500192642212,1.1634999513626099,1.1634999513626099,84
2026-06-04T14:33:00.000Z,6E,1.163450002670288,1.163599967956543,1.163450002670288,1.1635500192642212,156
2026-06-04T14:34:00.000Z,6E,1.163599967956543,1.163599967956543,1.1634999513626099,1.1635500192642212,69
2026-06-04T14:35:00.000Z,6E,1.1634999513626099,1.1635500192642212,1.163450002670288,1.1634999513626099,198
2026-06-04T14:36:00.000Z,6E,1.1634999513626099,1.1634999513626099,1.163450002670288,1.163450002670288,75
2026-06-04T14:37:00.000Z,6E,1.163450002670288,1.163450002670288,1.1634000539779663,1.163450002670288,157
2026-06-04T14:38:00.000Z,6E,1.163450002670288,1.1634999513626099,1.1634000539779663,1.163450002670288,71
2026-06-04T14:39:00.000Z,6E,1.163450002670288,1.1634999513626099,1.1634000539779663,1.1634999513626099,143
2026-06-04T14:40:00.000Z,6E,1.1634999513626099,1.163599967956543,1.1634999513626099,1.1635500192642212,60
2026-06-04T14:41:00.000Z,6E,1.1635500192642212,1.163599967956543,1.1635500192642212,1.163599967956543,50
2026-06-04T14:42:00.000Z,6E,1.163599967956543,1.163699984550476,1.163599967956543,1.163699984550476,113
2026-06-04T14:43:00.000Z,6E,1.1637500524520874,1.1637500524520874,1.163699984550476,1.163699984550476,90
2026-06-04T14:44:00.000Z,6E,1.1636500358581543,1.1636500358581543,1.1634999513626099,1.163599967956543,114
2026-06-04T14:45:00.000Z,6E,1.1636500358581543,1.163699984550476,1.163599967956543,1.1636500358581543,142
2026-06-04T14:46:00.000Z,6E,1.163699984550476,1.163699984550476,1.163599967956543,1.163599967956543,87
2026-06-04T14:47:00.000Z,6E,1.163599967956543,1.163599967956543,1.163450002670288,1.163450002670288,71
2026-06-04T14:48:00.000Z,6E,1.163450002670288,1.1634999513626099,1.163450002670288,1.1634999513626099,78
2026-06-04T14:49:00.000Z,6E,1.1634999513626099,1.163599967956543,1.1634999513626099,1.163599967956543,77
2026-06-04T14:50:00.000Z,6E,1.1636500358581543,1.163699984550476,1.163599967956543,1.163599967956543,97
2026-06-04T14:51:00.000Z,6E,1.163599967956543,1.163599967956543,1.1634999513626099,1.1635500192642212,162
2026-06-04T14:52:00.000Z,6E,1.1635500192642212,1.1635500192642212,1.1634999513626099,1.1635500192642212,161
2026-06-04T14:53:00.000Z,6E,1.1635500192642212,1.163599967956543,1.1634999513626099,1.1634999513626099,246
2026-06-04T14:54:00.000Z,6E,1.1634999513626099,1.1636500358581543,1.1634999513626099,1.1636500358581543,81
2026-06-04T14:55:00.000Z,6E,1.163599967956543,1.1637500524520874,1.163599967956543,1.1637500524520874,124
2026-06-04T14:56:00.000Z,6E,1.1637500524520874,1.1638000011444092,1.1636500358581543,1.1636500358581543,131
2026-06-04T14:57:00.000Z,6E,1.1636500358581543,1.1636500358581543,1.1634999513626099,1.163599967956543,612
2026-06-04T14:58:00.000Z,6E,1.163599967956543,1.1636500358581543,1.1635500192642212,1.1635500192642212,223
2026-06-04T14:59:00.000Z,6E,1.1635500192642212,1.163599967956543,1.163450002670288,1.1635500192642212,499
2026-06-04T15:00:00.000Z,6E,1.1634999513626099,1.1636500358581543,1.1634999513626099,1.1635500192642212,413
2026-06-04T15:01:00.000Z,6E,1.1635500192642212,1.1635500192642212,1.1633000373840332,1.1634000539779663,477
2026-06-04T15:02:00.000Z,6E,1.1634000539779663,1.1634999513626099,1.1634000539779663,1.1634999513626099,506
2026-06-04T15:03:00.000Z,6E,1.1635500192642212,1.163599967956543,1.1635500192642212,1.1635500192642212,122
2026-06-04T15:04:00.000Z,6E,1.1635500192642212,1.1635500192642212,1.1633000373840332,1.1633000373840332,220
2026-06-04T15:05:00.000Z,6E,1.1633000373840332,1.1633000373840332,1.1632000207901,1.1632499694824219,332
2026-06-04T15:06:00.000Z,6E,1.1632499694824219,1.1632499694824219,1.1630500555038452,1.163100004196167,359
2026-06-04T15:07:00.000Z,6E,1.163100004196167,1.163100004196167,1.162950038909912,1.1630500555038452,382
2026-06-04T15:08:00.000Z,6E,1.163100004196167,1.1632000207901,1.163100004196167,1.1632000207901,98
2026-06-04T15:09:00.000Z,6E,1.1632499694824219,1.1633000373840332,1.163100004196167,1.163100004196167,188
2026-06-04T15:10:00.000Z,6E,1.1631499528884888,1.1631499528884888,1.1629999876022339,1.1629999876022339,96
2026-06-04T15:11:00.000Z,6E,1.1630500555038452,1.163100004196167,1.1629999876022339,1.1629999876022339,183
2026-06-04T15:12:00.000Z,6E,1.1629999876022339,1.163100004196167,1.1629999876022339,1.163100004196167,285
2026-06-04T15:13:00.000Z,6E,1.1630500555038452,1.163100004196167,1.162850022315979,1.1628999710083008,283
2026-06-04T15:14:00.000Z,6E,1.1628999710083008,1.1629999876022339,1.162850022315979,1.1629999876022339,854
2026-06-04T15:15:00.000Z,6E,1.1629999876022339,1.1629999876022339,1.1628999710083008,1.1629999876022339,126
2026-06-04T15:16:00.000Z,6E,1.1629999876022339,1.163100004196167,1.162950038909912,1.163100004196167,111
2026-06-04T15:17:00.000Z,6E,1.163100004196167,1.1631499528884888,1.1630500555038452,1.163100004196167,95
2026-06-04T15:18:00.000Z,6E,1.1630500555038452,1.163100004196167,1.162950038909912,1.162950038909912,97
2026-06-04T15:19:00.000Z,6E,1.162950038909912,1.162950038909912,1.1628999710083008,1.1628999710083008,27
2026-06-04T15:20:00.000Z,6E,1.1628999710083008,1.1628999710083008,1.162850022315979,1.1628999710083008,52
2026-06-04T15:21:00.000Z,6E,1.1628999710083008,1.1630500555038452,1.1628999710083008,1.162950038909912,135
2026-06-04T15:22:00.000Z,6E,1.162950038909912,1.1629999876022339,1.162950038909912,1.1629999876022339,29
2026-06-04T15:23:00.000Z,6E,1.1629999876022339,1.1629999876022339,1.1629999876022339,1.1629999876022339,17
2026-06-04T15:24:00.000Z,6E,1.1629999876022339,1.1629999876022339,1.1628999710083008,1.1629999876022339,74
2026-06-04T15:25:00.000Z,6E,1.1629999876022339,1.1629999876022339,1.1628999710083008,1.1628999710083008,100
2026-06-04T15:26:00.000Z,6E,1.162850022315979,1.162850022315979,1.1627999544143677,1.162850022315979,118
2026-06-04T15:27:00.000Z,6E,1.1627999544143677,1.1627999544143677,1.162750005722046,1.1627999544143677,72
2026-06-04T15:28:00.000Z,6E,1.162750005722046,1.1628999710083008,1.162750005722046,1.1628999710083008,84
2026-06-04T15:29:00.000Z,6E,1.162850022315979,1.1628999710083008,1.162850022315979,1.162850022315979,40
2026-06-04T15:30:00.000Z,6E,1.1627999544143677,1.162950038909912,1.1627000570297241,1.162950038909912,1221
2026-06-04T15:31:00.000Z,6E,1.1628999710083008,1.1629999876022339,1.1628999710083008,1.1629999876022339,64
2026-06-04T15:32:00.000Z,6E,1.1629999876022339,1.1630500555038452,1.162950038909912,1.162950038909912,145
2026-06-04T15:33:00.000Z,6E,1.162950038909912,1.162950038909912,1.162850022315979,1.162950038909912,75
2026-06-04T15:34:00.000Z,6E,1.162950038909912,1.162950038909912,1.162850022315979,1.162950038909912,134
2026-06-04T15:35:00.000Z,6E,1.162950038909912,1.1629999876022339,1.162950038909912,1.162950038909912,128
2026-06-04T15:36:00.000Z,6E,1.162950038909912,1.1630500555038452,1.162950038909912,1.1630500555038452,157
2026-06-04T15:37:00.000Z,6E,1.1630500555038452,1.1631499528884888,1.1630500555038452,1.1631499528884888,93
2026-06-04T15:38:00.000Z,6E,1.163100004196167,1.163100004196167,1.1630500555038452,1.1630500555038452,61
2026-06-04T15:39:00.000Z,6E,1.1630500555038452,1.1630500555038452,1.1629999876022339,1.1629999876022339,23
2026-06-04T15:40:00.000Z,6E,1.1629999876022339,1.1630500555038452,1.1629999876022339,1.1629999876022339,74
2026-06-04T15:41:00.000Z,6E,1.162950038909912,1.1630500555038452,1.162950038909912,1.1630500555038452,104
2026-06-04T15:42:00.000Z,6E,1.1629999876022339,1.1629999876022339,1.1628999710083008,1.1629999876022339,67
2026-06-04T15:43:00.000Z,6E,1.162950038909912,1.162950038909912,1.1628999710083008,1.1628999710083008,41
2026-06-04T15:44:00.000Z,6E,1.1628999710083008,1.1628999710083008,1.162750005722046,1.162850022315979,113
2026-06-04T15:45:00.000Z,6E,1.162850022315979,1.162950038909912,1.162750005722046,1.162950038909912,154
2026-06-04T15:46:00.000Z,6E,1.162950038909912,1.1630500555038452,1.162950038909912,1.1629999876022339,30
2026-06-04T15:47:00.000Z,6E,1.162950038909912,1.1630500555038452,1.1628999710083008,1.1630500555038452,48
2026-06-04T15:48:00.000Z,6E,1.1630500555038452,1.1630500555038452,1.162950038909912,1.162950038909912,41
2026-06-04T15:49:00.000Z,6E,1.1628999710083008,1.162950038909912,1.162850022315979,1.162950038909912,49
2026-06-04T15:50:00.000Z,6E,1.1629999876022339,1.163100004196167,1.1629999876022339,1.163100004196167,28
2026-06-04T15:51:00.000Z,6E,1.163100004196167,1.1632000207901,1.1630500555038452,1.1631499528884888,51
2026-06-04T15:52:00.000Z,6E,1.1631499528884888,1.163349986076355,1.1631499528884888,1.1632499694824219,272
2026-06-04T15:53:00.000Z,6E,1.1632499694824219,1.1633000373840332,1.1632499694824219,1.1632499694824219,10
2026-06-04T15:54:00.000Z,6E,1.1632000207901,1.1632000207901,1.1631499528884888,1.1631499528884888,70
2026-06-04T15:55:00.000Z,6E,1.1631499528884888,1.1632499694824219,1.1631499528884888,1.1632499694824219,35
2026-06-04T15:56:00.000Z,6E,1.1632499694824219,1.1634000539779663,1.1632499694824219,1.1634000539779663,69
2026-06-04T15:57:00.000Z,6E,1.1634000539779663,1.163450002670288,1.1633000373840332,1.163450002670288,208
2026-06-04T15:58:00.000Z,6E,1.1634000539779663,1.163450002670288,1.163349986076355,1.163349986076355,157
2026-06-04T15:59:00.000Z,6E,1.1633000373840332,1.163349986076355,1.1632499694824219,1.1633000373840332,232
2026-06-04T16:00:00.000Z,6E,1.1632499694824219,1.163349986076355,1.1632499694824219,1.1633000373840332,92
2026-06-04T16:01:00.000Z,6E,1.1633000373840332,1.163349986076355,1.1632499694824219,1.1632499694824219,139
2026-06-04T16:02:00.000Z,6E,1.1633000373840332,1.1633000373840332,1.1632499694824219,1.1632499694824219,39
2026-06-04T16:03:00.000Z,6E,1.1632499694824219,1.1633000373840332,1.1632499694824219,1.1632499694824219,179
2026-06-04T16:04:00.000Z,6E,1.1632499694824219,1.1633000373840332,1.1632000207901,1.1632000207901,131
2026-06-04T16:05:00.000Z,6E,1.1632499694824219,1.1633000373840332,1.1632000207901,1.1632499694824219,80
2026-06-04T16:06:00.000Z,6E,1.1632499694824219,1.1633000373840332,1.1632000207901,1.1632499694824219,82
2026-06-04T16:07:00.000Z,6E,1.1633000373840332,1.1633000373840332,1.1633000373840332,1.1633000373840332,5
2026-06-04T16:08:00.000Z,6E,1.1633000373840332,1.163349986076355,1.1632499694824219,1.1632499694824219,158
2026-06-04T16:09:00.000Z,6E,1.1632499694824219,1.1633000373840332,1.1632499694824219,1.1633000373840332,135
2026-06-04T16:10:00.000Z,6E,1.163349986076355,1.1634000539779663,1.163349986076355,1.163349986076355,25
2026-06-04T16:11:00.000Z,6E,1.163349986076355,1.163349986076355,1.1632000207901,1.1632499694824219,159
2026-06-04T16:12:00.000Z,6E,1.1632499694824219,1.1632499694824219,1.163100004196167,1.1632000207901,91
2026-06-04T16:13:00.000Z,6E,1.1632000207901,1.1633000373840332,1.1632000207901,1.1633000373840332,57
2026-06-04T16:14:00.000Z,6E,1.1633000373840332,1.1633000373840332,1.1632000207901,1.1632000207901,23
2026-06-04T16:15:00.000Z,6E,1.1632499694824219,1.1632499694824219,1.1632000207901,1.1632000207901,78
2026-06-04T16:16:00.000Z,6E,1.1631499528884888,1.1632499694824219,1.1631499528884888,1.1632499694824219,26
2026-06-04T16:17:00.000Z,6E,1.1632499694824219,1.163450002670288,1.1632499694824219,1.163450002670288,196
2026-06-04T16:18:00.000Z,6E,1.1634000539779663,1.1634000539779663,1.1634000539779663,1.1634000539779663,43
2026-06-04T16:19:00.000Z,6E,1.1634000539779663,1.1634000539779663,1.163349986076355,1.163349986076355,32
2026-06-04T16:20:00.000Z,6E,1.1633000373840332,1.1633000373840332,1.1632499694824219,1.1632499694824219,16
2026-06-04T16:21:00.000Z,6E,1.1633000373840332,1.163349986076355,1.1633000373840332,1.163349986076355,18
2026-06-04T16:22:00.000Z,6E,1.1633000373840332,1.163349986076355,1.1633000373840332,1.163349986076355,23
2026-06-04T16:23:00.000Z,6E,1.163349986076355,1.1634000539779663,1.163349986076355,1.163349986076355,27
2026-06-04T16:24:00.000Z,6E,1.1633000373840332,1.163349986076355,1.1632499694824219,1.1632499694824219,19
2026-06-04T16:25:00.000Z,6E,1.1633000373840332,1.1633000373840332,1.1633000373840332,1.1633000373840332,20
2026-06-04T16:26:00.000Z,6E,1.1633000373840332,1.1633000373840332,1.1633000373840332,1.1633000373840332,10
2026-06-04T16:27:00.000Z,6E,1.1633000373840332,1.163349986076355,1.1633000373840332,1.163349986076355,59
2026-06-04T16:28:00.000Z,6E,1.163349986076355,1.163349986076355,1.1633000373840332,1.1633000373840332,12
2026-06-04T16:29:00.000Z,6E,1.163349986076355,1.163349986076355,1.1633000373840332,1.1633000373840332,27
2026-06-04T16:30:00.000Z,6E,1.1633000373840332,1.1633000373840332,1.1632499694824219,1.1632499694824219,28
2026-06-04T16:31:00.000Z,6E,1.1632499694824219,1.1632499694824219,1.1632499694824219,1.1632499694824219,49
2026-06-04T16:32:00.000Z,6E,1.1632000207901,1.1632499694824219,1.1632000207901,1.1632000207901,51
2026-06-04T16:33:00.000Z,6E,1.1632000207901,1.1632000207901,1.1632000207901,1.1632000207901,3
2026-06-04T16:34:00.000Z,6E,1.1632000207901,1.163349986076355,1.1631499528884888,1.1631499528884888,137
2026-06-04T16:35:00.000Z,6E,1.163100004196167,1.163100004196167,1.1630500555038452,1.163100004196167,53
2026-06-04T16:36:00.000Z,6E,1.163100004196167,1.163100004196167,1.163100004196167,1.163100004196167,14
2026-06-04T16:37:00.000Z,6E,1.1631499528884888,1.1631499528884888,1.163100004196167,1.163100004196167,91
2026-06-04T16:38:00.000Z,6E,1.1631499528884888,1.1632499694824219,1.1631499528884888,1.1632499694824219,28
2026-06-04T16:39:00.000Z,6E,1.1632499694824219,1.1632499694824219,1.1631499528884888,1.1631499528884888,61
2026-06-04T16:40:00.000Z,6E,1.1631499528884888,1.1631499528884888,1.163100004196167,1.1631499528884888,22
2026-06-04T16:41:00.000Z,6E,1.1631499528884888,1.1632000207901,1.1631499528884888,1.1632000207901,50
2026-06-04T16:42:00.000Z,6E,1.1632000207901,1.1632000207901,1.163100004196167,1.1631499528884888,27
2026-06-04T16:43:00.000Z,6E,1.1631499528884888,1.1631499528884888,1.163100004196167,1.163100004196167,23
2026-06-04T16:44:00.000Z,6E,1.163100004196167,1.163100004196167,1.163100004196167,1.163100004196167,6
2026-06-04T16:45:00.000Z,6E,1.163100004196167,1.163100004196167,1.162950038909912,1.162950038909912,58
2026-06-04T16:46:00.000Z,6E,1.162950038909912,1.1629999876022339,1.162950038909912,1.1629999876022339,48
2026-06-04T16:47:00.000Z,6E,1.1629999876022339,1.1629999876022339,1.1629999876022339,1.1629999876022339,38
2026-06-04T16:48:00.000Z,6E,1.1629999876022339,1.1629999876022339,1.1628999710083008,1.1629999876022339,75
2026-06-04T16:49:00.000Z,6E,1.1629999876022339,1.1629999876022339,1.1629999876022339,1.1629999876022339,20
2026-06-04T16:50:00.000Z,6E,1.1629999876022339,1.1629999876022339,1.162950038909912,1.1629999876022339,11
2026-06-04T16:51:00.000Z,6E,1.1629999876022339,1.1629999876022339,1.1629999876022339,1.1629999876022339,44
2026-06-04T16:52:00.000Z,6E,1.162950038909912,1.162950038909912,1.162950038909912,1.162950038909912,8
2026-06-04T16:53:00.000Z,6E,1.162950038909912,1.162950038909912,1.162850022315979,1.162850022315979,90
2026-06-04T16:54:00.000Z,6E,1.1628999710083008,1.1628999710083008,1.1628999710083008,1.1628999710083008,29
2026-06-04T16:55:00.000Z,6E,1.1628999710083008,1.1628999710083008,1.1628999710083008,1.1628999710083008,36
2026-06-04T16:56:00.000Z,6E,1.162950038909912,1.162950038909912,1.1628999710083008,1.162950038909912,49
2026-06-04T16:57:00.000Z,6E,1.162950038909912,1.162950038909912,1.1628999710083008,1.1628999710083008,46
2026-06-04T16:58:00.000Z,6E,1.162850022315979,1.162850022315979,1.1627999544143677,1.162850022315979,46
2026-06-04T16:59:00.000Z,6E,1.1627999544143677,1.1628999710083008,1.1627999544143677,1.162850022315979,46
2026-06-04T17:00:00.000Z,6E,1.1627999544143677,1.1627999544143677,1.1627999544143677,1.1627999544143677,82
2026-06-04T17:01:00.000Z,6E,1.1627999544143677,1.162850022315979,1.162750005722046,1.162850022315979,65
2026-06-04T17:02:00.000Z,6E,1.162850022315979,1.162850022315979,1.1627999544143677,1.1627999544143677,62
2026-06-04T17:03:00.000Z,6E,1.1627999544143677,1.162850022315979,1.1627999544143677,1.1627999544143677,20
2026-06-04T17:04:00.000Z,6E,1.1627999544143677,1.1627999544143677,1.1627999544143677,1.1627999544143677,53
2026-06-04T17:05:00.000Z,6E,1.1627999544143677,1.1627999544143677,1.1627999544143677,1.1627999544143677,7
2026-06-04T17:06:00.000Z,6E,1.1627999544143677,1.1627999544143677,1.162750005722046,1.162750005722046,60
2026-06-04T17:07:00.000Z,6E,1.1627999544143677,1.1627999544143677,1.162750005722046,1.162750005722046,66
2026-06-04T17:08:00.000Z,6E,1.162750005722046,1.162750005722046,1.1626499891281128,1.1627000570297241,33
2026-06-04T17:09:00.000Z,6E,1.1627000570297241,1.1627000570297241,1.1626499891281128,1.1627000570297241,13
2026-06-04T17:10:00.000Z,6E,1.1627000570297241,1.162750005722046,1.1627000570297241,1.1627000570297241,93
2026-06-04T17:11:00.000Z,6E,1.1627000570297241,1.1627000570297241,1.1626499891281128,1.1627000570297241,38
2026-06-04T17:12:00.000Z,6E,1.1626499891281128,1.1626499891281128,1.162600040435791,1.162600040435791,232
2026-06-04T17:13:00.000Z,6E,1.162600040435791,1.1626499891281128,1.162600040435791,1.1626499891281128,7
2026-06-04T17:14:00.000Z,6E,1.1626499891281128,1.1626499891281128,1.162600040435791,1.162600040435791,5
2026-06-04T17:15:00.000Z,6E,1.162600040435791,1.1626499891281128,1.162600040435791,1.162600040435791,67
2026-06-04T17:16:00.000Z,6E,1.162600040435791,1.162600040435791,1.162600040435791,1.162600040435791,28
2026-06-04T17:17:00.000Z,6E,1.1625499725341797,1.1626499891281128,1.1625499725341797,1.162600040435791,153
2026-06-04T17:18:00.000Z,6E,1.162600040435791,1.1626499891281128,1.162600040435791,1.1626499891281128,17
2026-06-04T17:19:00.000Z,6E,1.1626499891281128,1.1627000570297241,1.1626499891281128,1.1626499891281128,70
2026-06-04T17:20:00.000Z,6E,1.1626499891281128,1.1626499891281128,1.1626499891281128,1.1626499891281128,132
2026-06-04T17:21:00.000Z,6E,1.1626499891281128,1.1626499891281128,1.1625499725341797,1.1625499725341797,53
2026-06-04T17:22:00.000Z,6E,1.1625499725341797,1.1625499725341797,1.1625499725341797,1.1625499725341797,8
2026-06-04T17:24:00.000Z,6E,1.1625499725341797,1.162600040435791,1.1625499725341797,1.162600040435791,150
2026-06-04T17:26:00.000Z,6E,1.162600040435791,1.162600040435791,1.162600040435791,1.162600040435791,1
2026-06-04T17:27:00.000Z,6E,1.1625499725341797,1.1625499725341797,1.1625499725341797,1.1625499725341797,30
2026-06-04T17:28:00.000Z,6E,1.1625499725341797,1.1625499725341797,1.162500023841858,1.1625499725341797,201
2026-06-04T17:29:00.000Z,6E,1.162500023841858,1.162500023841858,1.162500023841858,1.162500023841858,90
2026-06-04T17:30:00.000Z,6E,1.162500023841858,1.162600040435791,1.162500023841858,1.162600040435791,185
2026-06-04T17:31:00.000Z,6E,1.1625499725341797,1.162600040435791,1.1625499725341797,1.1625499725341797,92
2026-06-04T17:32:00.000Z,6E,1.1625499725341797,1.1626499891281128,1.1625499725341797,1.1626499891281128,70
2026-06-04T17:33:00.000Z,6E,1.1626499891281128,1.1626499891281128,1.162600040435791,1.1626499891281128,101
2026-06-04T17:34:00.000Z,6E,1.1627000570297241,1.1627000570297241,1.1626499891281128,1.1626499891281128,52
2026-06-04T17:35:00.000Z,6E,1.1626499891281128,1.1627000570297241,1.1625499725341797,1.1625499725341797,84
2026-06-04T17:36:00.000Z,6E,1.1625499725341797,1.1625499725341797,1.162500023841858,1.1625499725341797,29
2026-06-04T17:37:00.000Z,6E,1.1625499725341797,1.162600040435791,1.1625499725341797,1.1625499725341797,170
2026-06-04T17:38:00.000Z,6E,1.162500023841858,1.1625499725341797,1.1624499559402466,1.1625499725341797,92
2026-06-04T17:39:00.000Z,6E,1.1625499725341797,1.1625499725341797,1.1624499559402466,1.162500023841858,73
2026-06-04T17:40:00.000Z,6E,1.162500023841858,1.1625499725341797,1.162500023841858,1.1625499725341797,33
2026-06-04T17:41:00.000Z,6E,1.162500023841858,1.162500023841858,1.162500023841858,1.162500023841858,26
2026-06-04T17:42:00.000Z,6E,1.1625499725341797,1.1625499725341797,1.1625499725341797,1.1625499725341797,39
2026-06-04T17:43:00.000Z,6E,1.1625499725341797,1.1625499725341797,1.1625499725341797,1.1625499725341797,49
2026-06-04T17:44:00.000Z,6E,1.1625499725341797,1.1625499725341797,1.1625499725341797,1.1625499725341797,44
2026-06-04T17:45:00.000Z,6E,1.162500023841858,1.162500023841858,1.162500023841858,1.162500023841858,14
2026-06-04T17:46:00.000Z,6E,1.162500023841858,1.162500023841858,1.162500023841858,1.162500023841858,22
2026-06-04T17:47:00.000Z,6E,1.162500023841858,1.162500023841858,1.162500023841858,1.162500023841858,12
2026-06-04T17:48:00.000Z,6E,1.162500023841858,1.162500023841858,1.162500023841858,1.162500023841858,26
2026-06-04T17:49:00.000Z,6E,1.162500023841858,1.1625499725341797,1.162500023841858,1.162500023841858,19
2026-06-04T17:50:00.000Z,6E,1.162500023841858,1.162500023841858,1.162500023841858,1.162500023841858,7
2026-06-04T17:51:00.000Z,6E,1.1625499725341797,1.1625499725341797,1.162500023841858,1.1625499725341797,16
2026-06-04T17:52:00.000Z,6E,1.162600040435791,1.162600040435791,1.1625499725341797,1.1625499725341797,41
2026-06-04T17:53:00.000Z,6E,1.1625499725341797,1.1625499725341797,1.162500023841858,1.162500023841858,50
2026-06-04T17:54:00.000Z,6E,1.162500023841858,1.162500023841858,1.1624499559402466,1.1624499559402466,21
2026-06-04T17:55:00.000Z,6E,1.1624499559402466,1.162500023841858,1.1624499559402466,1.162500023841858,54
2026-06-04T17:56:00.000Z,6E,1.162500023841858,1.162500023841858,1.1624499559402466,1.1624499559402466,83
2026-06-04T17:57:00.000Z,6E,1.1624499559402466,1.1625499725341797,1.1624000072479248,1.1625499725341797,87
2026-06-04T17:58:00.000Z,6E,1.1625499725341797,1.1625499725341797,1.1625499725341797,1.1625499725341797,58
2026-06-04T17:59:00.000Z,6E,1.1625499725341797,1.162600040435791,1.1625499725341797,1.1625499725341797,34
2026-06-04T18:00:00.000Z,6E,1.1625499725341797,1.1627000570297241,1.162500023841858,1.1626499891281128,609
2026-06-04T18:01:00.000Z,6E,1.1626499891281128,1.1626499891281128,1.1626499891281128,1.1626499891281128,106
2026-06-04T18:02:00.000Z,6E,1.1626499891281128,1.1626499891281128,1.162600040435791,1.1626499891281128,29
2026-06-04T18:03:00.000Z,6E,1.1626499891281128,1.1626499891281128,1.1626499891281128,1.1626499891281128,10
2026-06-04T18:04:00.000Z,6E,1.1626499891281128,1.1626499891281128,1.1625499725341797,1.1625499725341797,184
2026-06-04T18:05:00.000Z,6E,1.1625499725341797,1.1625499725341797,1.1625499725341797,1.1625499725341797,47
2026-06-04T18:06:00.000Z,6E,1.1625499725341797,1.1625499725341797,1.1625499725341797,1.1625499725341797,4
2026-06-04T18:07:00.000Z,6E,1.162500023841858,1.1625499725341797,1.162500023841858,1.1625499725341797,553
2026-06-04T18:08:00.000Z,6E,1.162600040435791,1.162600040435791,1.162600040435791,1.162600040435791,114
2026-06-04T18:09:00.000Z,6E,1.162600040435791,1.162600040435791,1.162500023841858,1.162500023841858,66
2026-06-04T18:10:00.000Z,6E,1.1624499559402466,1.162500023841858,1.1624499559402466,1.162500023841858,105
2026-06-04T18:11:00.000Z,6E,1.162500023841858,1.1625499725341797,1.1624499559402466,1.162500023841858,165
2026-06-04T18:12:00.000Z,6E,1.1624499559402466,1.1624499559402466,1.1624499559402466,1.1624499559402466,13
2026-06-04T18:13:00.000Z,6E,1.1624499559402466,1.1625499725341797,1.1624499559402466,1.1625499725341797,80
2026-06-04T18:14:00.000Z,6E,1.1625499725341797,1.1625499725341797,1.162500023841858,1.162500023841858,18
2026-06-04T18:15:00.000Z,6E,1.1625499725341797,1.1625499725341797,1.162500023841858,1.162500023841858,33
2026-06-04T18:16:00.000Z,6E,1.162500023841858,1.162500023841858,1.1624499559402466,1.1624499559402466,73
2026-06-04T18:17:00.000Z,6E,1.1624000072479248,1.1624499559402466,1.1624000072479248,1.1624499559402466,29
2026-06-04T18:18:00.000Z,6E,1.1624499559402466,1.1624499559402466,1.1624499559402466,1.1624499559402466,30
2026-06-04T18:19:00.000Z,6E,1.1624499559402466,1.162500023841858,1.1624499559402466,1.1624499559402466,127
2026-06-04T18:20:00.000Z,6E,1.1624499559402466,1.1624499559402466,1.1624499559402466,1.1624499559402466,45
2026-06-04T18:21:00.000Z,6E,1.1624499559402466,1.1624499559402466,1.1624499559402466,1.1624499559402466,11
2026-06-04T18:22:00.000Z,6E,1.1624499559402466,1.162500023841858,1.1624499559402466,1.1624499559402466,35
2026-06-04T18:23:00.000Z,6E,1.1624499559402466,1.1624499559402466,1.162350058555603,1.162350058555603,76
2026-06-04T18:24:00.000Z,6E,1.1624000072479248,1.1624000072479248,1.162350058555603,1.162350058555603,51
2026-06-04T18:25:00.000Z,6E,1.162350058555603,1.162350058555603,1.162350058555603,1.162350058555603,50
2026-06-04T18:26:00.000Z,6E,1.162350058555603,1.1624000072479248,1.1622999906539917,1.162350058555603,29
2026-06-04T18:27:00.000Z,6E,1.162350058555603,1.162350058555603,1.162350058555603,1.162350058555603,4
2026-06-04T18:28:00.000Z,6E,1.162350058555603,1.162350058555603,1.16225004196167,1.16225004196167,148
2026-06-04T18:29:00.000Z,6E,1.16225004196167,1.16225004196167,1.1621500253677368,1.1621500253677368,66
2026-06-04T18:30:00.000Z,6E,1.1621500253677368,1.1621999740600586,1.1621500253677368,1.1621500253677368,99
2026-06-04T18:31:00.000Z,6E,1.1621999740600586,1.1621999740600586,1.1621500253677368,1.1621500253677368,126
2026-06-04T18:32:00.000Z,6E,1.1620999574661255,1.1621500253677368,1.1620999574661255,1.1620999574661255,7
2026-06-04T18:33:00.000Z,6E,1.1621500253677368,1.1621500253677368,1.1619499921798706,1.1620500087738037,668
2026-06-04T18:34:00.000Z,6E,1.1619999408721924,1.1620500087738037,1.1619499921798706,1.1620500087738037,158
2026-06-04T18:35:00.000Z,6E,1.1620999574661255,1.1620999574661255,1.1620999574661255,1.1620999574661255,61
2026-06-04T18:36:00.000Z,6E,1.1620500087738037,1.1620999574661255,1.1619999408721924,1.1620500087738037,219
2026-06-04T18:37:00.000Z,6E,1.1620500087738037,1.1620999574661255,1.1619999408721924,1.1620999574661255,99
2026-06-04T18:38:00.000Z,6E,1.1620999574661255,1.1620999574661255,1.1620500087738037,1.1620999574661255,26
2026-06-04T18:39:00.000Z,6E,1.1620999574661255,1.16225004196167,1.1620999574661255,1.16225004196167,187
2026-06-04T18:40:00.000Z,6E,1.1621999740600586,1.1621999740600586,1.1621500253677368,1.1621500253677368,50
2026-06-04T18:41:00.000Z,6E,1.1621500253677368,1.1621999740600586,1.1621500253677368,1.1621999740600586,43
2026-06-04T18:42:00.000Z,6E,1.16225004196167,1.16225004196167,1.1621999740600586,1.16225004196167,322
2026-06-04T18:43:00.000Z,6E,1.16225004196167,1.16225004196167,1.1621999740600586,1.1621999740600586,27
2026-06-04T18:44:00.000Z,6E,1.1621999740600586,1.1621999740600586,1.1620999574661255,1.1620999574661255,97
2026-06-04T18:46:00.000Z,6E,1.1621500253677368,1.1621999740600586,1.1621500253677368,1.1621999740600586,174
2026-06-04T18:47:00.000Z,6E,1.1621999740600586,1.16225004196167,1.1621999740600586,1.1621999740600586,221
2026-06-04T18:48:00.000Z,6E,1.1621999740600586,1.1621999740600586,1.1621999740600586,1.1621999740600586,58
2026-06-04T18:49:00.000Z,6E,1.1621999740600586,1.1621999740600586,1.1620999574661255,1.1620999574661255,79
2026-06-04T18:50:00.000Z,6E,1.1620999574661255,1.1620999574661255,1.1620500087738037,1.1620999574661255,96
2026-06-04T18:51:00.000Z,6E,1.1620999574661255,1.1620999574661255,1.1620500087738037,1.1620500087738037,149
2026-06-04T18:52:00.000Z,6E,1.1620500087738037,1.1620999574661255,1.1619999408721924,1.1619999408721924,218
2026-06-04T18:53:00.000Z,6E,1.1619499921798706,1.1619999408721924,1.1619499921798706,1.1619999408721924,57
2026-06-04T18:54:00.000Z,6E,1.1619999408721924,1.1619999408721924,1.1618499755859375,1.1619499921798706,155
2026-06-04T18:55:00.000Z,6E,1.1619499921798706,1.1619499921798706,1.1618499755859375,1.1618499755859375,987
2026-06-04T18:56:00.000Z,6E,1.1618499755859375,1.1619000434875488,1.1618499755859375,1.1618499755859375,146
2026-06-04T18:57:00.000Z,6E,1.1618499755859375,1.1619000434875488,1.1618000268936157,1.1619000434875488,142
2026-06-04T18:58:00.000Z,6E,1.1619000434875488,1.1619499921798706,1.1618499755859375,1.1619000434875488,375
2026-06-04T18:59:00.000Z,6E,1.1619499921798706,1.1619999408721924,1.1619000434875488,1.1619999408721924,1337
2026-06-04T19:00:00.000Z,6E,1.1619499921798706,1.1620999574661255,1.1619499921798706,1.1620999574661255,566
2026-06-04T19:01:00.000Z,6E,1.1620500087738037,1.1620500087738037,1.1620500087738037,1.1620500087738037,33
2026-06-04T19:02:00.000Z,6E,1.1620999574661255,1.1620999574661255,1.1620500087738037,1.1620500087738037,62
2026-06-04T19:03:00.000Z,6E,1.1619999408721924,1.1619999408721924,1.1619499921798706,1.1619499921798706,41
2026-06-04T19:04:00.000Z,6E,1.1619499921798706,1.1619499921798706,1.1619499921798706,1.1619499921798706,48
2026-06-04T19:05:00.000Z,6E,1.1619000434875488,1.1619000434875488,1.1618499755859375,1.1618499755859375,73
2026-06-04T19:06:00.000Z,6E,1.1618499755859375,1.1618499755859375,1.1618000268936157,1.1618000268936157,25
2026-06-04T19:07:00.000Z,6E,1.1618000268936157,1.1618499755859375,1.1617499589920044,1.1617499589920044,88
2026-06-04T19:08:00.000Z,6E,1.1617000102996826,1.1617499589920044,1.1617000102996826,1.1617499589920044,66
2026-06-04T19:09:00.000Z,6E,1.1617499589920044,1.1617499589920044,1.1617000102996826,1.1617000102996826,708
2026-06-04T19:10:00.000Z,6E,1.1617499589920044,1.1617499589920044,1.1616499423980713,1.1616499423980713,112
2026-06-04T19:11:00.000Z,6E,1.1616499423980713,1.1617499589920044,1.1616499423980713,1.1617000102996826,131
2026-06-04T19:12:00.000Z,6E,1.1617000102996826,1.1617000102996826,1.1616499423980713,1.1616499423980713,47
2026-06-04T19:13:00.000Z,6E,1.1616499423980713,1.1616499423980713,1.1616499423980713,1.1616499423980713,33
2026-06-04T19:14:00.000Z,6E,1.1615999937057495,1.1616499423980713,1.1615999937057495,1.1616499423980713,3565
2026-06-04T19:15:00.000Z,6E,1.1617000102996826,1.1617000102996826,1.1617000102996826,1.1617000102996826,136
2026-06-04T19:16:00.000Z,6E,1.1617000102996826,1.1617499589920044,1.1617000102996826,1.1617499589920044,26
2026-06-04T19:17:00.000Z,6E,1.1618000268936157,1.1618000268936157,1.1617499589920044,1.1617499589920044,49
2026-06-04T19:18:00.000Z,6E,1.1617499589920044,1.1617499589920044,1.1617499589920044,1.1617499589920044,22
2026-06-04T19:19:00.000Z,6E,1.1617499589920044,1.1618000268936157,1.1617499589920044,1.1617499589920044,82
2026-06-04T19:20:00.000Z,6E,1.1617499589920044,1.1618000268936157,1.1617000102996826,1.1617499589920044,39
2026-06-04T19:21:00.000Z,6E,1.1617499589920044,1.1617499589920044,1.1617000102996826,1.1617000102996826,33
2026-06-04T19:22:00.000Z,6E,1.1617499589920044,1.1617499589920044,1.1617499589920044,1.1617499589920044,38
2026-06-04T19:23:00.000Z,6E,1.1617499589920044,1.1617499589920044,1.1617499589920044,1.1617499589920044,17
2026-06-04T19:24:00.000Z,6E,1.1617499589920044,1.1618000268936157,1.1617499589920044,1.1618000268936157,10
2026-06-04T19:25:00.000Z,6E,1.1617000102996826,1.1617499589920044,1.1617000102996826,1.1617499589920044,2789
2026-06-04T19:26:00.000Z,6E,1.1617499589920044,1.1617499589920044,1.1617000102996826,1.1617499589920044,174
2026-06-04T19:27:00.000Z,6E,1.1617499589920044,1.1617499589920044,1.1617000102996826,1.1617000102996826,75
2026-06-04T19:28:00.000Z,6E,1.1617000102996826,1.1617000102996826,1.1617000102996826,1.1617000102996826,95
2026-06-04T19:29:00.000Z,6E,1.1617000102996826,1.1617000102996826,1.1617000102996826,1.1617000102996826,49
2026-06-04T19:30:00.000Z,6E,1.1617499589920044,1.1617499589920044,1.1617499589920044,1.1617499589920044,45
2026-06-04T19:31:00.000Z,6E,1.1617499589920044,1.1618000268936157,1.1616499423980713,1.1616499423980713,75
2026-06-04T19:32:00.000Z,6E,1.1616499423980713,1.1616499423980713,1.1616499423980713,1.1616499423980713,61
2026-06-04T19:33:00.000Z,6E,1.1617000102996826,1.1617000102996826,1.1617000102996826,1.1617000102996826,71
2026-06-04T19:34:00.000Z,6E,1.1617000102996826,1.1617000102996826,1.1617000102996826,1.1617000102996826,15
2026-06-04T19:35:00.000Z,6E,1.1617000102996826,1.1617000102996826,1.1616499423980713,1.1616499423980713,33
2026-06-04T19:36:00.000Z,6E,1.1617000102996826,1.1617000102996826,1.1617000102996826,1.1617000102996826,69
2026-06-04T19:37:00.000Z,6E,1.1616499423980713,1.1616499423980713,1.1616499423980713,1.1616499423980713,42
2026-06-04T19:38:00.000Z,6E,1.1616499423980713,1.1616499423980713,1.1615999937057495,1.1616499423980713,32
2026-06-04T19:39:00.000Z,6E,1.1616499423980713,1.1616499423980713,1.1616499423980713,1.1616499423980713,38
2026-06-04T19:40:00.000Z,6E,1.1616499423980713,1.1617000102996826,1.1616499423980713,1.1616499423980713,57
2026-06-04T19:41:00.000Z,6E,1.1616499423980713,1.1617000102996826,1.1615999937057495,1.1615999937057495,38
2026-06-04T19:42:00.000Z,6E,1.1615999937057495,1.1615999937057495,1.1615999937057495,1.1615999937057495,8
2026-06-04T19:43:00.000Z,6E,1.1615999937057495,1.1615999937057495,1.1615999937057495,1.1615999937057495,54
2026-06-04T19:44:00.000Z,6E,1.1615999937057495,1.1615999937057495,1.1615999937057495,1.1615999937057495,89
2026-06-04T19:45:00.000Z,6E,1.1615999937057495,1.1615999937057495,1.1615999937057495,1.1615999937057495,50
2026-06-04T19:46:00.000Z,6E,1.1615999937057495,1.1615999937057495,1.1615999937057495,1.1615999937057495,83
2026-06-04T19:47:00.000Z,6E,1.1615999937057495,1.1615999937057495,1.1615999937057495,1.1615999937057495,14
2026-06-04T19:48:00.000Z,6E,1.1615999937057495,1.1615999937057495,1.1615999937057495,1.1615999937057495,8
2026-06-04T19:49:00.000Z,6E,1.1615500450134277,1.1615500450134277,1.1615500450134277,1.1615500450134277,58
2026-06-04T19:50:00.000Z,6E,1.1615999937057495,1.1615999937057495,1.1615999937057495,1.1615999937057495,109
2026-06-04T19:51:00.000Z,6E,1.1615999937057495,1.1617000102996826,1.1615999937057495,1.1617000102996826,57
2026-06-04T19:52:00.000Z,6E,1.1616499423980713,1.1617000102996826,1.1616499423980713,1.1616499423980713,79
2026-06-04T19:53:00.000Z,6E,1.1617000102996826,1.1618000268936157,1.1617000102996826,1.1617499589920044,176
2026-06-04T19:54:00.000Z,6E,1.1617499589920044,1.1618000268936157,1.1617499589920044,1.1618000268936157,56
2026-06-04T19:55:00.000Z,6E,1.1617499589920044,1.1618000268936157,1.1617000102996826,1.1617000102996826,101
2026-06-04T19:56:00.000Z,6E,1.1617000102996826,1.1617000102996826,1.1617000102996826,1.1617000102996826,147
2026-06-04T19:57:00.000Z,6E,1.1617000102996826,1.1617000102996826,1.1617000102996826,1.1617000102996826,78
2026-06-04T19:58:00.000Z,6E,1.1617499589920044,1.1617499589920044,1.1617499589920044,1.1617499589920044,167
2026-06-04T19:59:00.000Z,6E,1.1617499589920044,1.1617499589920044,1.1617000102996826,1.1617499589920044,230
2026-06-04T20:00:00.000Z,6E,1.1617000102996826,1.1618000268936157,1.1617000102996826,1.1617000102996826,89
2026-06-04T20:01:00.000Z,6E,1.1617499589920044,1.1618499755859375,1.1617499589920044,1.1618000268936157,258
2026-06-04T20:02:00.000Z,6E,1.1618000268936157,1.1618000268936157,1.1617499589920044,1.1617499589920044,174
2026-06-04T20:03:00.000Z,6E,1.1617000102996826,1.1617000102996826,1.1616499423980713,1.1616499423980713,26
2026-06-04T20:04:00.000Z,6E,1.1616499423980713,1.1617499589920044,1.1615999937057495,1.1617499589920044,45
2026-06-04T20:05:00.000Z,6E,1.1617499589920044,1.1617499589920044,1.1617000102996826,1.1617000102996826,47
2026-06-04T20:06:00.000Z,6E,1.1616499423980713,1.1616499423980713,1.1616499423980713,1.1616499423980713,10
2026-06-04T20:07:00.000Z,6E,1.1616499423980713,1.1616499423980713,1.1616499423980713,1.1616499423980713,63
2026-06-04T20:08:00.000Z,6E,1.1615999937057495,1.1616499423980713,1.1615999937057495,1.1616499423980713,14
2026-06-04T20:09:00.000Z,6E,1.1615999937057495,1.1615999937057495,1.1615999937057495,1.1615999937057495,19
2026-06-04T20:10:00.000Z,6E,1.1615999937057495,1.1615999937057495,1.1615999937057495,1.1615999937057495,37
2026-06-04T20:11:00.000Z,6E,1.1615999937057495,1.1615999937057495,1.1615500450134277,1.1615500450134277,51
2026-06-04T20:12:00.000Z,6E,1.1615500450134277,1.1615500450134277,1.1615500450134277,1.1615500450134277,9
2026-06-04T20:13:00.000Z,6E,1.1615500450134277,1.1615999937057495,1.1615500450134277,1.1615999937057495,12
2026-06-04T20:14:00.000Z,6E,1.1615500450134277,1.1615500450134277,1.1614999771118164,1.1614999771118164,34
2026-06-04T20:15:00.000Z,6E,1.1614999771118164,1.1614999771118164,1.1614999771118164,1.1614999771118164,45
2026-06-04T20:16:00.000Z,6E,1.1614999771118164,1.1614999771118164,1.1613999605178833,1.1614999771118164,60
2026-06-04T20:18:00.000Z,6E,1.1614999771118164,1.1615500450134277,1.1614999771118164,1.1615500450134277,27
2026-06-04T20:20:00.000Z,6E,1.1615500450134277,1.1615999937057495,1.1614999771118164,1.1615999937057495,72
2026-06-04T20:21:00.000Z,6E,1.1615999937057495,1.1615999937057495,1.1615500450134277,1.1615500450134277,24
2026-06-04T20:22:00.000Z,6E,1.1614500284194946,1.1614500284194946,1.1614500284194946,1.1614500284194946,25
2026-06-04T20:23:00.000Z,6E,1.1613999605178833,1.1613999605178833,1.1613500118255615,1.1613999605178833,104
2026-06-04T20:24:00.000Z,6E,1.1613999605178833,1.1614500284194946,1.1613500118255615,1.1614500284194946,42
2026-06-04T20:25:00.000Z,6E,1.1614500284194946,1.1614500284194946,1.1614500284194946,1.1614500284194946,8
2026-06-04T20:26:00.000Z,6E,1.1613500118255615,1.1613500118255615,1.1613500118255615,1.1613500118255615,15
2026-06-04T20:27:00.000Z,6E,1.1613999605178833,1.1613999605178833,1.1613999605178833,1.1613999605178833,20
2026-06-04T20:28:00.000Z,6E,1.1613999605178833,1.1613999605178833,1.1613999605178833,1.1613999605178833,36
2026-06-04T20:29:00.000Z,6E,1.1613999605178833,1.1613999605178833,1.1613500118255615,1.1613999605178833,77
2026-06-04T20:30:00.000Z,6E,1.1613999605178833,1.1613999605178833,1.1613999605178833,1.1613999605178833,4
2026-06-04T20:31:00.000Z,6E,1.1613999605178833,1.1613999605178833,1.1613500118255615,1.1613500118255615,20
2026-06-04T20:32:00.000Z,6E,1.1612999439239502,1.1613500118255615,1.1612999439239502,1.1613500118255615,39
2026-06-04T20:33:00.000Z,6E,1.1613999605178833,1.1614500284194946,1.1613999605178833,1.1614500284194946,65
2026-06-04T20:34:00.000Z,6E,1.1614500284194946,1.1614500284194946,1.1614500284194946,1.1614500284194946,19
2026-06-04T20:35:00.000Z,6E,1.1613999605178833,1.1613999605178833,1.1613500118255615,1.1613500118255615,405
2026-06-04T20:36:00.000Z,6E,1.1613500118255615,1.1613999605178833,1.1613500118255615,1.1613999605178833,23
2026-06-04T20:38:00.000Z,6E,1.1613999605178833,1.1613999605178833,1.1613500118255615,1.1613999605178833,55
2026-06-04T20:39:00.000Z,6E,1.1614500284194946,1.1614999771118164,1.1614500284194946,1.1614999771118164,98
2026-06-04T20:40:00.000Z,6E,1.1614999771118164,1.1615500450134277,1.1614500284194946,1.1614999771118164,116
2026-06-04T20:41:00.000Z,6E,1.1614999771118164,1.1614999771118164,1.1614999771118164,1.1614999771118164,3
2026-06-04T20:42:00.000Z,6E,1.1615500450134277,1.1615500450134277,1.1614999771118164,1.1614999771118164,39
2026-06-04T20:44:00.000Z,6E,1.1615500450134277,1.1615500450134277,1.1615500450134277,1.1615500450134277,2
2026-06-04T20:45:00.000Z,6E,1.1615500450134277,1.1615999937057495,1.1614999771118164,1.1615500450134277,13
2026-06-04T20:46:00.000Z,6E,1.1615500450134277,1.1615500450134277,1.1614999771118164,1.1614999771118164,14
2026-06-04T20:47:00.000Z,6E,1.1614999771118164,1.1614999771118164,1.1614999771118164,1.1614999771118164,5
2026-06-04T20:48:00.000Z,6E,1.1615500450134277,1.1615500450134277,1.1615500450134277,1.1615500450134277,11
2026-06-04T20:50:00.000Z,6E,1.1615999937057495,1.1616499423980713,1.1615500450134277,1.1615999937057495,105
2026-06-04T20:51:00.000Z,6E,1.1615999937057495,1.1615999937057495,1.1615500450134277,1.1615500450134277,63
2026-06-04T20:52:00.000Z,6E,1.1615500450134277,1.1615999937057495,1.1615500450134277,1.1615500450134277,27
2026-06-04T20:54:00.000Z,6E,1.1615999937057495,1.1616499423980713,1.1615999937057495,1.1616499423980713,12
2026-06-04T20:55:00.000Z,6E,1.1616499423980713,1.1616499423980713,1.1615999937057495,1.1616499423980713,29
2026-06-04T20:56:00.000Z,6E,1.1616499423980713,1.1617000102996826,1.1616499423980713,1.1616499423980713,39
2026-06-04T20:57:00.000Z,6E,1.1615999937057495,1.1615999937057495,1.1615999937057495,1.1615999937057495,11
2026-06-04T20:58:00.000Z,6E,1.1615500450134277,1.1615999937057495,1.1615500450134277,1.1615999937057495,8
2026-06-04T20:59:00.000Z,6E,1.1615500450134277,1.1615500450134277,1.1614500284194946,1.1614999771118164,168
2026-06-04T22:00:00.000Z,6E,1.1617000102996826,1.1617499589920044,1.1615500450134277,1.1617000102996826,0
2026-06-04T22:01:00.000Z,6E,1.1617000102996826,1.1617000102996826,1.1616499423980713,1.1617000102996826,35
2026-06-04T22:02:00.000Z,6E,1.1617000102996826,1.1617499589920044,1.1617000102996826,1.1617000102996826,11
2026-06-04T22:03:00.000Z,6E,1.1617000102996826,1.1617000102996826,1.1617000102996826,1.1617000102996826,8
2026-06-04T22:04:00.000Z,6E,1.1616499423980713,1.1616499423980713,1.1616499423980713,1.1616499423980713,3
2026-06-04T22:05:00.000Z,6E,1.1617000102996826,1.1618499755859375,1.1617000102996826,1.1618000268936157,129
2026-06-04T22:06:00.000Z,6E,1.1618000268936157,1.1618000268936157,1.1618000268936157,1.1618000268936157,1
2026-06-04T22:07:00.000Z,6E,1.1618000268936157,1.1618000268936157,1.1618000268936157,1.1618000268936157,2
2026-06-04T22:08:00.000Z,6E,1.1618000268936157,1.1618000268936157,1.1617499589920044,1.1617499589920044,79
2026-06-04T22:10:00.000Z,6E,1.1617499589920044,1.1617499589920044,1.1617000102996826,1.1617000102996826,4
2026-06-04T22:11:00.000Z,6E,1.1617499589920044,1.1617499589920044,1.1617000102996826,1.1617000102996826,30
2026-06-04T22:14:00.000Z,6E,1.1617000102996826,1.1617000102996826,1.1617000102996826,1.1617000102996826,10
2026-06-04T22:16:00.000Z,6E,1.1616499423980713,1.1616499423980713,1.1616499423980713,1.1616499423980713,19
2026-06-04T22:17:00.000Z,6E,1.1616499423980713,1.1616499423980713,1.1616499423980713,1.1616499423980713,3
2026-06-04T22:19:00.000Z,6E,1.1617000102996826,1.1617000102996826,1.1617000102996826,1.1617000102996826,2
2026-06-04T22:20:00.000Z,6E,1.1616499423980713,1.1616499423980713,1.1616499423980713,1.1616499423980713,13
2026-06-04T22:21:00.000Z,6E,1.1616499423980713,1.1616499423980713,1.1616499423980713,1.1616499423980713,7
2026-06-04T22:24:00.000Z,6E,1.1615999937057495,1.1617000102996826,1.1615999937057495,1.1617000102996826,6
2026-06-04T22:26:00.000Z,6E,1.1617000102996826,1.1617499589920044,1.1617000102996826,1.1617499589920044,6
2026-06-04T22:27:00.000Z,6E,1.1617000102996826,1.1617000102996826,1.1617000102996826,1.1617000102996826,1
2026-06-04T22:28:00.000Z,6E,1.1617000102996826,1.1617000102996826,1.1617000102996826,1.1617000102996826,2
2026-06-04T22:30:00.000Z,6E,1.1617000102996826,1.1617499589920044,1.1617000102996826,1.1617499589920044,4
2026-06-04T22:31:00.000Z,6E,1.1617499589920044,1.1617499589920044,1.1617499589920044,1.1617499589920044,2
2026-06-04T22:34:00.000Z,6E,1.1617000102996826,1.1617000102996826,1.1616499423980713,1.1616499423980713,96
2026-06-04T22:38:00.000Z,6E,1.1617000102996826,1.1617000102996826,1.1617000102996826,1.1617000102996826,1
2026-06-04T22:40:00.000Z,6E,1.1617000102996826,1.1617000102996826,1.1617000102996826,1.1617000102996826,1
2026-06-04T22:41:00.000Z,6E,1.1616499423980713,1.1616499423980713,1.1616499423980713,1.1616499423980713,26
2026-06-04T22:43:00.000Z,6E,1.1615999937057495,1.1615999937057495,1.1615999937057495,1.1615999937057495,1
2026-06-04T22:44:00.000Z,6E,1.1615500450134277,1.1615500450134277,1.1615500450134277,1.1615500450134277,1
2026-06-04T22:45:00.000Z,6E,1.1615500450134277,1.1615500450134277,1.1615500450134277,1.1615500450134277,3
2026-06-04T22:46:00.000Z,6E,1.1615500450134277,1.1615500450134277,1.1615500450134277,1.1615500450134277,4
2026-06-04T22:47:00.000Z,6E,1.1615500450134277,1.1615500450134277,1.1615500450134277,1.1615500450134277,1
2026-06-04T22:48:00.000Z,6E,1.1615500450134277,1.1615500450134277,1.1615500450134277,1.1615500450134277,18
2026-06-04T22:49:00.000Z,6E,1.1615500450134277,1.1615500450134277,1.1615500450134277,1.1615500450134277,1
2026-06-04T22:50:00.000Z,6E,1.1615500450134277,1.1615500450134277,1.1615500450134277,1.1615500450134277,50
2026-06-04T22:51:00.000Z,6E,1.1615500450134277,1.1615500450134277,1.1615500450134277,1.1615500450134277,1
2026-06-04T22:53:00.000Z,6E,1.1615999937057495,1.1615999937057495,1.1615999937057495,1.1615999937057495,31
2026-06-04T22:56:00.000Z,6E,1.1615999937057495,1.1615999937057495,1.1615999937057495,1.1615999937057495,22
2026-06-04T22:57:00.000Z,6E,1.1615999937057495,1.1616499423980713,1.1615999937057495,1.1616499423980713,6
2026-06-04T22:59:00.000Z,6E,1.1615999937057495,1.1615999937057495,1.1615999937057495,1.1615999937057495,2
2026-06-04T23:00:00.000Z,6E,1.1616499423980713,1.1616499423980713,1.1616499423980713,1.1616499423980713,3
2026-06-04T23:01:00.000Z,6E,1.1616499423980713,1.1616499423980713,1.1616499423980713,1.1616499423980713,13
2026-06-04T23:04:00.000Z,6E,1.1617000102996826,1.1617499589920044,1.1617000102996826,1.1617499589920044,21
2026-06-04T23:05:00.000Z,6E,1.1617499589920044,1.1617499589920044,1.1617000102996826,1.1617000102996826,20
2026-06-04T23:06:00.000Z,6E,1.1617000102996826,1.1617000102996826,1.1617000102996826,1.1617000102996826,8
2026-06-04T23:07:00.000Z,6E,1.1617000102996826,1.1617000102996826,1.1617000102996826,1.1617000102996826,1
2026-06-04T23:09:00.000Z,6E,1.1616499423980713,1.1616499423980713,1.1616499423980713,1.1616499423980713,35
2026-06-04T23:11:00.000Z,6E,1.1616499423980713,1.1616499423980713,1.1616499423980713,1.1616499423980713,7
2026-06-04T23:13:00.000Z,6E,1.1617000102996826,1.1617000102996826,1.1617000102996826,1.1617000102996826,26
2026-06-04T23:16:00.000Z,6E,1.1617499589920044,1.1617499589920044,1.1617499589920044,1.1617499589920044,18
2026-06-04T23:17:00.000Z,6E,1.1617499589920044,1.1617499589920044,1.1617499589920044,1.1617499589920044,4
2026-06-04T23:19:00.000Z,6E,1.1617499589920044,1.1617499589920044,1.1617499589920044,1.1617499589920044,4
2026-06-04T23:20:00.000Z,6E,1.1617499589920044,1.1617499589920044,1.1617499589920044,1.1617499589920044,79
2026-06-04T23:22:00.000Z,6E,1.1617499589920044,1.1617499589920044,1.1617499589920044,1.1617499589920044,20
2026-06-04T23:23:00.000Z,6E,1.1618000268936157,1.1618000268936157,1.1618000268936157,1.1618000268936157,5
2026-06-04T23:26:00.000Z,6E,1.1617499589920044,1.1617499589920044,1.1617499589920044,1.1617499589920044,5
2026-06-04T23:27:00.000Z,6E,1.1617000102996826,1.1617000102996826,1.1617000102996826,1.1617000102996826,1
2026-06-04T23:29:00.000Z,6E,1.1617499589920044,1.1617499589920044,1.1617499589920044,1.1617499589920044,1
2026-06-04T23:30:00.000Z,6E,1.1617499589920044,1.1617499589920044,1.1617000102996826,1.1617000102996826,3
2026-06-04T23:35:00.000Z,6E,1.1617000102996826,1.1617000102996826,1.1617000102996826,1.1617000102996826,3
2026-06-04T23:36:00.000Z,6E,1.1617000102996826,1.1617000102996826,1.1617000102996826,1.1617000102996826,13
2026-06-04T23:37:00.000Z,6E,1.1617000102996826,1.1617000102996826,1.1617000102996826,1.1617000102996826,1
2026-06-04T23:38:00.000Z,6E,1.1617000102996826,1.1617000102996826,1.1616499423980713,1.1616499423980713,9
2026-06-04T23:39:00.000Z,6E,1.1616499423980713,1.1616499423980713,1.1616499423980713,1.1616499423980713,1
2026-06-04T23:40:00.000Z,6E,1.1617000102996826,1.1617000102996826,1.1617000102996826,1.1617000102996826,1
2026-06-04T23:41:00.000Z,6E,1.1617000102996826,1.1617000102996826,1.1617000102996826,1.1617000102996826,3
2026-06-04T23:42:00.000Z,6E,1.1616499423980713,1.1616499423980713,1.1616499423980713,1.1616499423980713,47
2026-06-04T23:44:00.000Z,6E,1.1616499423980713,1.1616499423980713,1.1616499423980713,1.1616499423980713,2
2026-06-04T23:45:00.000Z,6E,1.1616499423980713,1.1616499423980713,1.1616499423980713,1.1616499423980713,6
2026-06-04T23:46:00.000Z,6E,1.1616499423980713,1.1616499423980713,1.1616499423980713,1.1616499423980713,6
2026-06-04T23:47:00.000Z,6E,1.1616499423980713,1.1616499423980713,1.1616499423980713,1.1616499423980713,9
2026-06-04T23:48:00.000Z,6E,1.1616499423980713,1.1616499423980713,1.1616499423980713,1.1616499423980713,10
2026-06-04T23:49:00.000Z,6E,1.1616499423980713,1.1617000102996826,1.1616499423980713,1.1617000102996826,18
2026-06-04T23:50:00.000Z,6E,1.1617499589920044,1.1617499589920044,1.1617499589920044,1.1617499589920044,2
2026-06-04T23:51:00.000Z,6E,1.1617499589920044,1.1617499589920044,1.1617499589920044,1.1617499589920044,1
2026-06-04T23:52:00.000Z,6E,1.1617499589920044,1.1617499589920044,1.1617499589920044,1.1617499589920044,47
2026-06-04T23:53:00.000Z,6E,1.1617000102996826,1.1618000268936157,1.1617000102996826,1.1617499589920044,37
2026-06-04T23:54:00.000Z,6E,1.1617000102996826,1.1617000102996826,1.1617000102996826,1.1617000102996826,94
2026-06-04T23:55:00.000Z,6E,1.1617000102996826,1.1617000102996826,1.1617000102996826,1.1617000102996826,2
2026-06-04T23:56:00.000Z,6E,1.1617000102996826,1.1617000102996826,1.1616499423980713,1.1616499423980713,2
2026-06-04T23:57:00.000Z,6E,1.1616499423980713,1.1616499423980713,1.1616499423980713,1.1616499423980713,5
2026-06-04T23:58:00.000Z,6E,1.1616499423980713,1.1616499423980713,1.1615999937057495,1.1615999937057495,20
2026-06-04T23:59:00.000Z,6E,1.1616499423980713,1.1617000102996826,1.1616499423980713,1.1616499423980713,34
2026-06-05T00:00:00.000Z,6E,1.1616499423980713,1.1617000102996826,1.1615999937057495,1.1617000102996826,82
2026-06-05T00:01:00.000Z,6E,1.1617000102996826,1.1617000102996826,1.1615999937057495,1.1615999937057495,138
2026-06-05T00:02:00.000Z,6E,1.1615999937057495,1.1617000102996826,1.1615999937057495,1.1617000102996826,50
2026-06-05T00:03:00.000Z,6E,1.1617000102996826,1.1617000102996826,1.1616499423980713,1.1616499423980713,7
2026-06-05T00:04:00.000Z,6E,1.1616499423980713,1.1618000268936157,1.1616499423980713,1.1617499589920044,17
2026-06-05T00:05:00.000Z,6E,1.1617499589920044,1.1618499755859375,1.1617499589920044,1.1618000268936157,14
2026-06-05T00:06:00.000Z,6E,1.1617499589920044,1.1617499589920044,1.1617000102996826,1.1617000102996826,41
2026-06-05T00:07:00.000Z,6E,1.1617000102996826,1.1617000102996826,1.1616499423980713,1.1617000102996826,19
2026-06-05T00:08:00.000Z,6E,1.1617499589920044,1.1617499589920044,1.1617499589920044,1.1617499589920044,9
2026-06-05T00:09:00.000Z,6E,1.1617499589920044,1.1617499589920044,1.1617499589920044,1.1617499589920044,1
2026-06-05T00:10:00.000Z,6E,1.1618000268936157,1.1618000268936157,1.1617499589920044,1.1617499589920044,38
2026-06-05T00:11:00.000Z,6E,1.1617499589920044,1.1617499589920044,1.1617000102996826,1.1617000102996826,20
2026-06-05T00:12:00.000Z,6E,1.1617000102996826,1.1617499589920044,1.1617000102996826,1.1617499589920044,150
2026-06-05T00:13:00.000Z,6E,1.1617499589920044,1.1617499589920044,1.1616499423980713,1.1616499423980713,64
2026-06-05T00:14:00.000Z,6E,1.1615999937057495,1.1615999937057495,1.1615500450134277,1.1615500450134277,13
2026-06-05T00:15:00.000Z,6E,1.1615999937057495,1.1617000102996826,1.1615999937057495,1.1616499423980713,105
2026-06-05T00:16:00.000Z,6E,1.1616499423980713,1.1616499423980713,1.1615500450134277,1.1615999937057495,12
2026-06-05T00:17:00.000Z,6E,1.1615999937057495,1.1615999937057495,1.1615500450134277,1.1615500450134277,47
2026-06-05T00:18:00.000Z,6E,1.1615999937057495,1.1615999937057495,1.1615999937057495,1.1615999937057495,31
2026-06-05T00:19:00.000Z,6E,1.1615999937057495,1.1615999937057495,1.1615999937057495,1.1615999937057495,14
2026-06-05T00:20:00.000Z,6E,1.1616499423980713,1.1616499423980713,1.1615500450134277,1.1615999937057495,24
2026-06-05T00:21:00.000Z,6E,1.1615500450134277,1.1615999937057495,1.1615500450134277,1.1615999937057495,18
2026-06-05T00:22:00.000Z,6E,1.1615999937057495,1.1615999937057495,1.1615999937057495,1.1615999937057495,17
2026-06-05T00:23:00.000Z,6E,1.1615999937057495,1.1617000102996826,1.1615999937057495,1.1617000102996826,19
2026-06-05T00:24:00.000Z,6E,1.1616499423980713,1.1616499423980713,1.1616499423980713,1.1616499423980713,5
2026-06-05T00:25:00.000Z,6E,1.1616499423980713,1.1616499423980713,1.1616499423980713,1.1616499423980713,7
2026-06-05T00:26:00.000Z,6E,1.1617000102996826,1.1617000102996826,1.1617000102996826,1.1617000102996826,34
2026-06-05T00:27:00.000Z,6E,1.1617000102996826,1.1617000102996826,1.1617000102996826,1.1617000102996826,21
2026-06-05T00:28:00.000Z,6E,1.1617000102996826,1.1617499589920044,1.1617000102996826,1.1617499589920044,9
2026-06-05T00:29:00.000Z,6E,1.1617499589920044,1.1617499589920044,1.1617000102996826,1.1617000102996826,2
2026-06-05T00:30:00.000Z,6E,1.1617499589920044,1.1617499589920044,1.1617499589920044,1.1617499589920044,14
2026-06-05T00:31:00.000Z,6E,1.1617499589920044,1.1617499589920044,1.1617000102996826,1.1617000102996826,18
2026-06-05T00:32:00.000Z,6E,1.1616499423980713,1.1616499423980713,1.1616499423980713,1.1616499423980713,2
2026-06-05T00:33:00.000Z,6E,1.1616499423980713,1.1617000102996826,1.1616499423980713,1.1617000102996826,15
2026-06-05T00:34:00.000Z,6E,1.1617000102996826,1.1617000102996826,1.1617000102996826,1.1617000102996826,4
2026-06-05T00:35:00.000Z,6E,1.1617000102996826,1.1617000102996826,1.1617000102996826,1.1617000102996826,1
2026-06-05T00:36:00.000Z,6E,1.1617000102996826,1.1617000102996826,1.1616499423980713,1.1616499423980713,6
2026-06-05T00:37:00.000Z,6E,1.1615999937057495,1.1615999937057495,1.1615999937057495,1.1615999937057495,1
2026-06-05T00:38:00.000Z,6E,1.1616499423980713,1.1616499423980713,1.1616499423980713,1.1616499423980713,13
2026-06-05T00:39:00.000Z,6E,1.1616499423980713,1.1616499423980713,1.1616499423980713,1.1616499423980713,13
2026-06-05T00:40:00.000Z,6E,1.1616499423980713,1.1617000102996826,1.1616499423980713,1.1617000102996826,12
2026-06-05T00:41:00.000Z,6E,1.1617499589920044,1.1617499589920044,1.1617000102996826,1.1617000102996826,19
2026-06-05T00:42:00.000Z,6E,1.1617000102996826,1.1617000102996826,1.1617000102996826,1.1617000102996826,2
2026-06-05T00:43:00.000Z,6E,1.1616499423980713,1.1616499423980713,1.1616499423980713,1.1616499423980713,3
2026-06-05T00:44:00.000Z,6E,1.1616499423980713,1.1616499423980713,1.1615999937057495,1.1615999937057495,21
2026-06-05T00:45:00.000Z,6E,1.1615500450134277,1.1615500450134277,1.1615500450134277,1.1615500450134277,14
2026-06-05T00:46:00.000Z,6E,1.1615999937057495,1.1616499423980713,1.1615999937057495,1.1616499423980713,25
2026-06-05T00:47:00.000Z,6E,1.1616499423980713,1.1616499423980713,1.1615999937057495,1.1616499423980713,4
2026-06-05T00:48:00.000Z,6E,1.1615999937057495,1.1615999937057495,1.1615999937057495,1.1615999937057495,12
2026-06-05T00:49:00.000Z,6E,1.1615999937057495,1.1615999937057495,1.1615999937057495,1.1615999937057495,1
2026-06-05T00:50:00.000Z,6E,1.1615999937057495,1.1615999937057495,1.1615999937057495,1.1615999937057495,11
2026-06-05T00:51:00.000Z,6E,1.1615999937057495,1.1615999937057495,1.1615999937057495,1.1615999937057495,1
2026-06-05T00:52:00.000Z,6E,1.1615500450134277,1.1615999937057495,1.1615500450134277,1.1615999937057495,19
2026-06-05T00:53:00.000Z,6E,1.1616499423980713,1.1616499423980713,1.1616499423980713,1.1616499423980713,2
2026-06-05T00:54:00.000Z,6E,1.1616499423980713,1.1616499423980713,1.1616499423980713,1.1616499423980713,1
2026-06-05T00:55:00.000Z,6E,1.1616499423980713,1.1616499423980713,1.1615999937057495,1.1616499423980713,20
2026-06-05T00:56:00.000Z,6E,1.1617000102996826,1.1617000102996826,1.1617000102996826,1.1617000102996826,12
2026-06-05T00:57:00.000Z,6E,1.1617499589920044,1.1617499589920044,1.1617499589920044,1.1617499589920044,69
2026-06-05T00:58:00.000Z,6E,1.1617000102996826,1.1618000268936157,1.1617000102996826,1.1618000268936157,5
2026-06-05T00:59:00.000Z,6E,1.1617499589920044,1.1617499589920044,1.1617000102996826,1.1617000102996826,6
2026-06-05T01:00:00.000Z,6E,1.1617000102996826,1.1617499589920044,1.1616499423980713,1.1616499423980713,27
2026-06-05T01:01:00.000Z,6E,1.1616499423980713,1.1616499423980713,1.1615999937057495,1.1615999937057495,47
2026-06-05T01:02:00.000Z,6E,1.1615999937057495,1.1616499423980713,1.1615999937057495,1.1616499423980713,27
2026-06-05T01:03:00.000Z,6E,1.1616499423980713,1.1616499423980713,1.1615999937057495,1.1615999937057495,33
2026-06-05T01:04:00.000Z,6E,1.1615999937057495,1.1616499423980713,1.1615999937057495,1.1616499423980713,47
2026-06-05T01:05:00.000Z,6E,1.1616499423980713,1.1617499589920044,1.1616499423980713,1.1617499589920044,50
2026-06-05T01:06:00.000Z,6E,1.1617499589920044,1.1618000268936157,1.1617499589920044,1.1618000268936157,16
2026-06-05T01:07:00.000Z,6E,1.1618000268936157,1.1618000268936157,1.1617000102996826,1.1617000102996826,18
2026-06-05T01:08:00.000Z,6E,1.1617000102996826,1.1617000102996826,1.1617000102996826,1.1617000102996826,10
2026-06-05T01:09:00.000Z,6E,1.1617000102996826,1.1617000102996826,1.1617000102996826,1.1617000102996826,16
2026-06-05T01:10:00.000Z,6E,1.1617000102996826,1.1617000102996826,1.1617000102996826,1.1617000102996826,5
2026-06-05T01:11:00.000Z,6E,1.1617000102996826,1.1617499589920044,1.1617000102996826,1.1617499589920044,37
2026-06-05T01:12:00.000Z,6E,1.1617499589920044,1.1617499589920044,1.1617499589920044,1.1617499589920044,16
2026-06-05T01:13:00.000Z,6E,1.1617499589920044,1.1617499589920044,1.1617000102996826,1.1617000102996826,14
2026-06-05T01:14:00.000Z,6E,1.1617000102996826,1.1617000102996826,1.1615999937057495,1.1615999937057495,57
2026-06-05T01:15:00.000Z,6E,1.1615999937057495,1.1617499589920044,1.1615999937057495,1.1617000102996826,121
2026-06-05T01:16:00.000Z,6E,1.1616499423980713,1.1617000102996826,1.1616499423980713,1.1616499423980713,5
2026-06-05T01:17:00.000Z,6E,1.1616499423980713,1.1617000102996826,1.1616499423980713,1.1616499423980713,15
2026-06-05T01:18:00.000Z,6E,1.1616499423980713,1.1616499423980713,1.1615999937057495,1.1616499423980713,122
2026-06-05T01:19:00.000Z,6E,1.1617000102996826,1.1617000102996826,1.1617000102996826,1.1617000102996826,17
2026-06-05T01:20:00.000Z,6E,1.1616499423980713,1.1616499423980713,1.1615999937057495,1.1616499423980713,23
2026-06-05T01:21:00.000Z,6E,1.1616499423980713,1.1617000102996826,1.1615999937057495,1.1615999937057495,10
2026-06-05T01:22:00.000Z,6E,1.1615999937057495,1.1616499423980713,1.1615999937057495,1.1616499423980713,56
2026-06-05T01:23:00.000Z,6E,1.1616499423980713,1.1616499423980713,1.1615999937057495,1.1615999937057495,9
2026-06-05T01:24:00.000Z,6E,1.1615999937057495,1.1615999937057495,1.1615500450134277,1.1615500450134277,22
2026-06-05T01:25:00.000Z,6E,1.1615500450134277,1.1615500450134277,1.1613999605178833,1.1614999771118164,74
2026-06-05T01:26:00.000Z,6E,1.1614500284194946,1.1614500284194946,1.1613999605178833,1.1614500284194946,37
2026-06-05T01:27:00.000Z,6E,1.1614500284194946,1.1614999771118164,1.1614500284194946,1.1614999771118164,56
2026-06-05T01:28:00.000Z,6E,1.1614999771118164,1.1615500450134277,1.1614999771118164,1.1615500450134277,18
2026-06-05T01:29:00.000Z,6E,1.1615999937057495,1.1615999937057495,1.1615999937057495,1.1615999937057495,11
2026-06-05T01:30:00.000Z,6E,1.1615999937057495,1.1615999937057495,1.1615999937057495,1.1615999937057495,19
2026-06-05T01:31:00.000Z,6E,1.1615999937057495,1.1617499589920044,1.1615999937057495,1.1617499589920044,73
2026-06-05T01:32:00.000Z,6E,1.1617499589920044,1.1617499589920044,1.1617499589920044,1.1617499589920044,49
2026-06-05T01:33:00.000Z,6E,1.1618000268936157,1.1618499755859375,1.1618000268936157,1.1618499755859375,49
2026-06-05T01:34:00.000Z,6E,1.1618000268936157,1.1618000268936157,1.1617000102996826,1.1617000102996826,33
2026-06-05T01:35:00.000Z,6E,1.1617000102996826,1.1617000102996826,1.1617000102996826,1.1617000102996826,10
2026-06-05T01:36:00.000Z,6E,1.1617000102996826,1.1617000102996826,1.1617000102996826,1.1617000102996826,6
2026-06-05T01:37:00.000Z,6E,1.1617000102996826,1.1617000102996826,1.1617000102996826,1.1617000102996826,2
2026-06-05T01:38:00.000Z,6E,1.1616499423980713,1.1616499423980713,1.1616499423980713,1.1616499423980713,2
2026-06-05T01:39:00.000Z,6E,1.1616499423980713,1.1616499423980713,1.1615999937057495,1.1615999937057495,14
2026-06-05T01:40:00.000Z,6E,1.1615999937057495,1.1615999937057495,1.1614999771118164,1.1615500450134277,25
2026-06-05T01:41:00.000Z,6E,1.1615999937057495,1.1615999937057495,1.1615999937057495,1.1615999937057495,21
2026-06-05T01:42:00.000Z,6E,1.1615999937057495,1.1617000102996826,1.1615999937057495,1.1617000102996826,43
2026-06-05T01:43:00.000Z,6E,1.1617000102996826,1.1617000102996826,1.1617000102996826,1.1617000102996826,14
2026-06-05T01:44:00.000Z,6E,1.1617000102996826,1.1617499589920044,1.1616499423980713,1.1617499589920044,11
2026-06-05T01:45:00.000Z,6E,1.1617499589920044,1.1617499589920044,1.1617000102996826,1.1617499589920044,8
2026-06-05T01:46:00.000Z,6E,1.1617499589920044,1.1617499589920044,1.1617499589920044,1.1617499589920044,19
2026-06-05T01:47:00.000Z,6E,1.1618000268936157,1.1618499755859375,1.1617499589920044,1.1618499755859375,12
2026-06-05T01:48:00.000Z,6E,1.1618000268936157,1.1618000268936157,1.1618000268936157,1.1618000268936157,21
2026-06-05T01:49:00.000Z,6E,1.1618000268936157,1.1618499755859375,1.1617499589920044,1.1617499589920044,49
2026-06-05T01:50:00.000Z,6E,1.1618000268936157,1.1618499755859375,1.1618000268936157,1.1618499755859375,41
2026-06-05T01:51:00.000Z,6E,1.1618499755859375,1.1618499755859375,1.1618499755859375,1.1618499755859375,1
2026-06-05T01:52:00.000Z,6E,1.1618499755859375,1.1618499755859375,1.1618499755859375,1.1618499755859375,1
2026-06-05T01:53:00.000Z,6E,1.1618499755859375,1.1619000434875488,1.1618499755859375,1.1619000434875488,55
2026-06-05T01:54:00.000Z,6E,1.1619000434875488,1.1619000434875488,1.1618499755859375,1.1618499755859375,48
2026-06-05T01:55:00.000Z,6E,1.1618499755859375,1.1619000434875488,1.1618499755859375,1.1619000434875488,22
2026-06-05T01:56:00.000Z,6E,1.1619000434875488,1.1619000434875488,1.1617499589920044,1.1617499589920044,122
2026-06-05T01:57:00.000Z,6E,1.1617499589920044,1.1618499755859375,1.1617499589920044,1.1618499755859375,81
2026-06-05T01:58:00.000Z,6E,1.1618499755859375,1.1618499755859375,1.1617499589920044,1.1617499589920044,30
2026-06-05T01:59:00.000Z,6E,1.1617499589920044,1.1617499589920044,1.1617499589920044,1.1617499589920044,20
2026-06-05T02:00:00.000Z,6E,1.1618000268936157,1.1618000268936157,1.1617000102996826,1.1617000102996826,125
2026-06-05T02:01:00.000Z,6E,1.1617000102996826,1.1617000102996826,1.1617000102996826,1.1617000102996826,13
2026-06-05T02:02:00.000Z,6E,1.1617000102996826,1.1618000268936157,1.1616499423980713,1.1618000268936157,47
2026-06-05T02:03:00.000Z,6E,1.1618000268936157,1.1619499921798706,1.1618000268936157,1.1619499921798706,27
2026-06-05T02:04:00.000Z,6E,1.1619000434875488,1.1619000434875488,1.1619000434875488,1.1619000434875488,18
2026-06-05T02:05:00.000Z,6E,1.1619000434875488,1.1619000434875488,1.1618499755859375,1.1618499755859375,25
2026-06-05T02:06:00.000Z,6E,1.1619000434875488,1.1619000434875488,1.1619000434875488,1.1619000434875488,28
2026-06-05T02:07:00.000Z,6E,1.1619000434875488,1.1619000434875488,1.1619000434875488,1.1619000434875488,1
2026-06-05T02:08:00.000Z,6E,1.1619000434875488,1.1619000434875488,1.1619000434875488,1.1619000434875488,13
2026-06-05T02:09:00.000Z,6E,1.1618499755859375,1.1619499921798706,1.1618499755859375,1.1619499921798706,13
2026-06-05T02:10:00.000Z,6E,1.1619000434875488,1.1619499921798706,1.1619000434875488,1.1619499921798706,53
2026-06-05T02:12:00.000Z,6E,1.1619499921798706,1.1619999408721924,1.1619499921798706,1.1619999408721924,11
2026-06-05T02:13:00.000Z,6E,1.1619999408721924,1.1619999408721924,1.1619499921798706,1.1619499921798706,20
2026-06-05T02:14:00.000Z,6E,1.1619000434875488,1.1619499921798706,1.1619000434875488,1.1619499921798706,11
2026-06-05T02:15:00.000Z,6E,1.1619499921798706,1.1620500087738037,1.1619499921798706,1.1620500087738037,3
2026-06-05T02:16:00.000Z,6E,1.1619999408721924,1.1620500087738037,1.1619499921798706,1.1619999408721924,59
2026-06-05T02:17:00.000Z,6E,1.1620500087738037,1.1620500087738037,1.1619499921798706,1.1619999408721924,27
2026-06-05T02:18:00.000Z,6E,1.1619999408721924,1.1619999408721924,1.1619999408721924,1.1619999408721924,14
2026-06-05T02:19:00.000Z,6E,1.1619499921798706,1.1619499921798706,1.1618499755859375,1.1619499921798706,130
2026-06-05T02:20:00.000Z,6E,1.1619499921798706,1.1619499921798706,1.1619499921798706,1.1619499921798706,3
2026-06-05T02:21:00.000Z,6E,1.1619499921798706,1.1619499921798706,1.1619499921798706,1.1619499921798706,6
2026-06-05T02:22:00.000Z,6E,1.1619499921798706,1.1619999408721924,1.1619499921798706,1.1619999408721924,35
2026-06-05T02:24:00.000Z,6E,1.1619999408721924,1.1619999408721924,1.1619499921798706,1.1619999408721924,27
2026-06-05T02:25:00.000Z,6E,1.1620500087738037,1.1620500087738037,1.1620500087738037,1.1620500087738037,16
2026-06-05T02:26:00.000Z,6E,1.1620500087738037,1.1620500087738037,1.1620500087738037,1.1620500087738037,27
2026-06-05T02:27:00.000Z,6E,1.1620500087738037,1.1620500087738037,1.1620500087738037,1.1620500087738037,8
2026-06-05T02:28:00.000Z,6E,1.1619999408721924,1.1620500087738037,1.1619999408721924,1.1620500087738037,27
2026-06-05T02:29:00.000Z,6E,1.1619999408721924,1.1619999408721924,1.1619999408721924,1.1619999408721924,1
2026-06-05T02:30:00.000Z,6E,1.1619999408721924,1.1619999408721924,1.1619499921798706,1.1619499921798706,40
2026-06-05T02:31:00.000Z,6E,1.1619499921798706,1.1619499921798706,1.1619499921798706,1.1619499921798706,48
2026-06-05T02:32:00.000Z,6E,1.1619499921798706,1.1619499921798706,1.1619499921798706,1.1619499921798706,21
2026-06-05T02:33:00.000Z,6E,1.1619499921798706,1.1619499921798706,1.1619000434875488,1.1619000434875488,26
2026-06-05T02:34:00.000Z,6E,1.1619000434875488,1.1619000434875488,1.1618499755859375,1.1618499755859375,12
2026-06-05T02:35:00.000Z,6E,1.1618499755859375,1.1618499755859375,1.1618499755859375,1.1618499755859375,13
2026-06-05T02:36:00.000Z,6E,1.1619000434875488,1.1619000434875488,1.1619000434875488,1.1619000434875488,7
2026-06-05T02:37:00.000Z,6E,1.1619000434875488,1.1619000434875488,1.1619000434875488,1.1619000434875488,3
2026-06-05T02:38:00.000Z,6E,1.1619000434875488,1.1619000434875488,1.1619000434875488,1.1619000434875488,9
2026-06-05T02:39:00.000Z,6E,1.1619000434875488,1.1619000434875488,1.1619000434875488,1.1619000434875488,3
2026-06-05T02:40:00.000Z,6E,1.1618499755859375,1.1619000434875488,1.1618499755859375,1.1619000434875488,3
2026-06-05T02:41:00.000Z,6E,1.1618499755859375,1.1619000434875488,1.1618499755859375,1.1618499755859375,11
2026-06-05T02:42:00.000Z,6E,1.1618000268936157,1.1618000268936157,1.1617499589920044,1.1618000268936157,18
2026-06-05T02:43:00.000Z,6E,1.1618000268936157,1.1618000268936157,1.1618000268936157,1.1618000268936157,5
2026-06-05T02:44:00.000Z,6E,1.1618499755859375,1.1618499755859375,1.1618499755859375,1.1618499755859375,10
2026-06-05T02:45:00.000Z,6E,1.1618000268936157,1.1618000268936157,1.1618000268936157,1.1618000268936157,1
2026-06-05T02:46:00.000Z,6E,1.1618499755859375,1.1618499755859375,1.1618499755859375,1.1618499755859375,2
2026-06-05T02:47:00.000Z,6E,1.1618499755859375,1.1618499755859375,1.1618499755859375,1.1618499755859375,1
2026-06-05T02:48:00.000Z,6E,1.1618000268936157,1.1618000268936157,1.1617499589920044,1.1617499589920044,24
2026-06-05T02:49:00.000Z,6E,1.1617499589920044,1.1618000268936157,1.1617499589920044,1.1618000268936157,2
2026-06-05T02:50:00.000Z,6E,1.1618499755859375,1.1619000434875488,1.1618499755859375,1.1619000434875488,8
2026-06-05T02:51:00.000Z,6E,1.1619000434875488,1.1619000434875488,1.1619000434875488,1.1619000434875488,5
2026-06-05T02:52:00.000Z,6E,1.1619000434875488,1.1619000434875488,1.1619000434875488,1.1619000434875488,1
2026-06-05T02:53:00.000Z,6E,1.1619000434875488,1.1619499921798706,1.1619000434875488,1.1619000434875488,8
2026-06-05T02:55:00.000Z,6E,1.1619000434875488,1.1619000434875488,1.1619000434875488,1.1619000434875488,26
2026-06-05T02:56:00.000Z,6E,1.1619000434875488,1.1619000434875488,1.1619000434875488,1.1619000434875488,1
2026-06-05T02:58:00.000Z,6E,1.1619000434875488,1.1619000434875488,1.1619000434875488,1.1619000434875488,14
2026-06-05T02:59:00.000Z,6E,1.1619000434875488,1.1619000434875488,1.1618499755859375,1.1618499755859375,20
2026-06-05T03:00:00.000Z,6E,1.1618499755859375,1.1618499755859375,1.1618499755859375,1.1618499755859375,14
2026-06-05T03:01:00.000Z,6E,1.1618499755859375,1.1618499755859375,1.1618499755859375,1.1618499755859375,4
2026-06-05T03:02:00.000Z,6E,1.1619000434875488,1.1619000434875488,1.1618499755859375,1.1618499755859375,4
2026-06-05T03:03:00.000Z,6E,1.1619000434875488,1.1619000434875488,1.1619000434875488,1.1619000434875488,7
2026-06-05T03:04:00.000Z,6E,1.1619000434875488,1.1619000434875488,1.1619000434875488,1.1619000434875488,23
2026-06-05T03:05:00.000Z,6E,1.1618499755859375,1.1618499755859375,1.1618499755859375,1.1618499755859375,2
2026-06-05T03:06:00.000Z,6E,1.1618499755859375,1.1618499755859375,1.1618000268936157,1.1618000268936157,9
2026-06-05T03:07:00.000Z,6E,1.1618000268936157,1.1618000268936157,1.1618000268936157,1.1618000268936157,14
2026-06-05T03:08:00.000Z,6E,1.1618499755859375,1.1618499755859375,1.1618499755859375,1.1618499755859375,18
2026-06-05T03:10:00.000Z,6E,1.1619000434875488,1.1619000434875488,1.1619000434875488,1.1619000434875488,9
2026-06-05T03:11:00.000Z,6E,1.1618499755859375,1.1618499755859375,1.1618499755859375,1.1618499755859375,15
2026-06-05T03:12:00.000Z,6E,1.1619000434875488,1.1619000434875488,1.1619000434875488,1.1619000434875488,4
2026-06-05T03:13:00.000Z,6E,1.1619000434875488,1.1619000434875488,1.1618499755859375,1.1618499755859375,22
2026-06-05T03:14:00.000Z,6E,1.1618499755859375,1.1618499755859375,1.1618499755859375,1.1618499755859375,20
2026-06-05T03:15:00.000Z,6E,1.1619000434875488,1.1619000434875488,1.1619000434875488,1.1619000434875488,4
2026-06-05T03:16:00.000Z,6E,1.1619000434875488,1.1619499921798706,1.1619000434875488,1.1619499921798706,6
2026-06-05T03:18:00.000Z,6E,1.1619499921798706,1.1619499921798706,1.1619000434875488,1.1619000434875488,8
2026-06-05T03:19:00.000Z,6E,1.1618499755859375,1.1618499755859375,1.1618499755859375,1.1618499755859375,2
2026-06-05T03:21:00.000Z,6E,1.1618499755859375,1.1618499755859375,1.1618499755859375,1.1618499755859375,2
2026-06-05T03:22:00.000Z,6E,1.1618499755859375,1.1618499755859375,1.1618000268936157,1.1618000268936157,12
2026-06-05T03:23:00.000Z,6E,1.1618000268936157,1.1618499755859375,1.1618000268936157,1.1618499755859375,34
2026-06-05T03:24:00.000Z,6E,1.1619000434875488,1.1619000434875488,1.1618499755859375,1.1619000434875488,27
2026-06-05T03:25:00.000Z,6E,1.1619499921798706,1.1619499921798706,1.1619499921798706,1.1619499921798706,3
2026-06-05T03:26:00.000Z,6E,1.1619499921798706,1.1619999408721924,1.1619000434875488,1.1619000434875488,56
2026-06-05T03:27:00.000Z,6E,1.1619000434875488,1.1619000434875488,1.1619000434875488,1.1619000434875488,12
2026-06-05T03:29:00.000Z,6E,1.1619000434875488,1.1619000434875488,1.1619000434875488,1.1619000434875488,15
2026-06-05T03:30:00.000Z,6E,1.1618499755859375,1.1618499755859375,1.1618499755859375,1.1618499755859375,2
2026-06-05T03:31:00.000Z,6E,1.1619000434875488,1.1619499921798706,1.1619000434875488,1.1619000434875488,47
2026-06-05T03:32:00.000Z,6E,1.1618499755859375,1.1618499755859375,1.1618499755859375,1.1618499755859375,6
2026-06-05T03:33:00.000Z,6E,1.1618499755859375,1.1618499755859375,1.1618499755859375,1.1618499755859375,1
2026-06-05T03:34:00.000Z,6E,1.1618000268936157,1.1618000268936157,1.1618000268936157,1.1618000268936157,5
2026-06-05T03:37:00.000Z,6E,1.1618499755859375,1.1618499755859375,1.1618499755859375,1.1618499755859375,12
2026-06-05T03:38:00.000Z,6E,1.1618499755859375,1.1618499755859375,1.1618499755859375,1.1618499755859375,12
2026-06-05T03:39:00.000Z,6E,1.1618499755859375,1.1618499755859375,1.1618499755859375,1.1618499755859375,5
2026-06-05T03:40:00.000Z,6E,1.1618499755859375,1.1618499755859375,1.1618499755859375,1.1618499755859375,21
2026-06-05T03:41:00.000Z,6E,1.1618499755859375,1.1618499755859375,1.1618499755859375,1.1618499755859375,1
2026-06-05T03:42:00.000Z,6E,1.1618499755859375,1.1618499755859375,1.1618499755859375,1.1618499755859375,8
2026-06-05T03:44:00.000Z,6E,1.1618000268936157,1.1618000268936157,1.1618000268936157,1.1618000268936157,3
2026-06-05T03:45:00.000Z,6E,1.1618499755859375,1.1618499755859375,1.1618499755859375,1.1618499755859375,1
2026-06-05T03:46:00.000Z,6E,1.1618499755859375,1.1618499755859375,1.1618499755859375,1.1618499755859375,9
2026-06-05T03:47:00.000Z,6E,1.1618499755859375,1.1618499755859375,1.1618499755859375,1.1618499755859375,8
2026-06-05T03:48:00.000Z,6E,1.1618499755859375,1.1618499755859375,1.1618499755859375,1.1618499755859375,7
2026-06-05T03:49:00.000Z,6E,1.1618499755859375,1.1618499755859375,1.1618499755859375,1.1618499755859375,4
2026-06-05T03:50:00.000Z,6E,1.1618499755859375,1.1619000434875488,1.1618499755859375,1.1618499755859375,14
2026-06-05T03:51:00.000Z,6E,1.1618499755859375,1.1618499755859375,1.1618000268936157,1.1618000268936157,3
2026-06-05T03:52:00.000Z,6E,1.1618000268936157,1.1618499755859375,1.1618000268936157,1.1618499755859375,30
2026-06-05T03:53:00.000Z,6E,1.1618499755859375,1.1618499755859375,1.1618000268936157,1.1618000268936157,23
2026-06-05T03:54:00.000Z,6E,1.1618000268936157,1.1618499755859375,1.1618000268936157,1.1618499755859375,27
2026-06-05T03:56:00.000Z,6E,1.1619000434875488,1.1619000434875488,1.1619000434875488,1.1619000434875488,10
2026-06-05T03:57:00.000Z,6E,1.1618499755859375,1.1618499755859375,1.1618499755859375,1.1618499755859375,33
2026-06-05T03:58:00.000Z,6E,1.1618499755859375,1.1619000434875488,1.1618499755859375,1.1619000434875488,16
2026-06-05T04:09:00.000Z,6E,1.1619499921798706,1.1619499921798706,1.1619499921798706,1.1619499921798706,7
2026-06-05T04:10:00.000Z,6E,1.1619499921798706,1.1619499921798706,1.1618499755859375,1.1618499755859375,31
2026-06-05T04:12:00.000Z,6E,1.1619000434875488,1.1619000434875488,1.1619000434875488,1.1619000434875488,5
2026-06-05T04:13:00.000Z,6E,1.1619000434875488,1.1619000434875488,1.1619000434875488,1.1619000434875488,20
2026-06-05T04:14:00.000Z,6E,1.1619000434875488,1.1619000434875488,1.1619000434875488,1.1619000434875488,3
2026-06-05T04:15:00.000Z,6E,1.1619000434875488,1.1619000434875488,1.1619000434875488,1.1619000434875488,2
2026-06-05T04:16:00.000Z,6E,1.1619000434875488,1.1619000434875488,1.1619000434875488,1.1619000434875488,9
2026-06-05T04:17:00.000Z,6E,1.1619499921798706,1.1620500087738037,1.1619499921798706,1.1620500087738037,39
2026-06-05T04:18:00.000Z,6E,1.1620500087738037,1.1620500087738037,1.1619499921798706,1.1619999408721924,18
2026-06-05T04:19:00.000Z,6E,1.1619499921798706,1.1619499921798706,1.1619499921798706,1.1619499921798706,3
2026-06-05T04:20:00.000Z,6E,1.1619000434875488,1.1619000434875488,1.1619000434875488,1.1619000434875488,1
2026-06-05T04:21:00.000Z,6E,1.1619499921798706,1.1619499921798706,1.1619499921798706,1.1619499921798706,2
2026-06-05T04:22:00.000Z,6E,1.1619499921798706,1.1619499921798706,1.1619499921798706,1.1619499921798706,1
2026-06-05T04:23:00.000Z,6E,1.1619499921798706,1.1619499921798706,1.1619499921798706,1.1619499921798706,5
2026-06-05T04:25:00.000Z,6E,1.1619499921798706,1.1619499921798706,1.1619499921798706,1.1619499921798706,9
2026-06-05T04:26:00.000Z,6E,1.1619499921798706,1.1619999408721924,1.1619499921798706,1.1619499921798706,18
2026-06-05T04:27:00.000Z,6E,1.1619000434875488,1.1619000434875488,1.1619000434875488,1.1619000434875488,7
2026-06-05T04:28:00.000Z,6E,1.1618499755859375,1.1618499755859375,1.1618499755859375,1.1618499755859375,3
2026-06-05T04:29:00.000Z,6E,1.1618499755859375,1.1618499755859375,1.1618000268936157,1.1618000268936157,11
2026-06-05T04:30:00.000Z,6E,1.1618000268936157,1.1618000268936157,1.1618000268936157,1.1618000268936157,1
2026-06-05T04:32:00.000Z,6E,1.1618499755859375,1.1618499755859375,1.1618499755859375,1.1618499755859375,7
2026-06-05T04:33:00.000Z,6E,1.1619000434875488,1.1619000434875488,1.1618499755859375,1.1619000434875488,3
2026-06-05T04:34:00.000Z,6E,1.1619499921798706,1.1619499921798706,1.1619000434875488,1.1619000434875488,4
2026-06-05T04:35:00.000Z,6E,1.1619499921798706,1.1619499921798706,1.1619499921798706,1.1619499921798706,3
2026-06-05T04:36:00.000Z,6E,1.1619499921798706,1.1619499921798706,1.1619499921798706,1.1619499921798706,2
2026-06-05T04:37:00.000Z,6E,1.1619499921798706,1.1619499921798706,1.1619499921798706,1.1619499921798706,1
2026-06-05T04:38:00.000Z,6E,1.1619499921798706,1.1619499921798706,1.1619499921798706,1.1619499921798706,11
2026-06-05T04:39:00.000Z,6E,1.1619499921798706,1.1619499921798706,1.1619499921798706,1.1619499921798706,1
2026-06-05T04:40:00.000Z,6E,1.1619999408721924,1.1620500087738037,1.1619999408721924,1.1619999408721924,41
2026-06-05T04:41:00.000Z,6E,1.1619999408721924,1.1619999408721924,1.1619999408721924,1.1619999408721924,2
2026-06-05T04:42:00.000Z,6E,1.1619499921798706,1.1619499921798706,1.1619499921798706,1.1619499921798706,10
2026-06-05T04:43:00.000Z,6E,1.1619499921798706,1.1619499921798706,1.1619499921798706,1.1619499921798706,7
2026-06-05T04:44:00.000Z,6E,1.1619499921798706,1.1619499921798706,1.1619499921798706,1.1619499921798706,7
2026-06-05T04:45:00.000Z,6E,1.1619499921798706,1.1619499921798706,1.1619499921798706,1.1619499921798706,8
2026-06-05T04:46:00.000Z,6E,1.1619499921798706,1.1619499921798706,1.1619499921798706,1.1619499921798706,1
2026-06-05T04:47:00.000Z,6E,1.1619499921798706,1.1619499921798706,1.1619499921798706,1.1619499921798706,1
2026-06-05T04:48:00.000Z,6E,1.1619499921798706,1.1619499921798706,1.1619499921798706,1.1619499921798706,4
2026-06-05T04:49:00.000Z,6E,1.1619499921798706,1.1619499921798706,1.1619499921798706,1.1619499921798706,4
2026-06-05T04:50:00.000Z,6E,1.1619499921798706,1.1619499921798706,1.1619499921798706,1.1619499921798706,4
2026-06-05T04:51:00.000Z,6E,1.1619499921798706,1.1619499921798706,1.1619499921798706,1.1619499921798706,4
2026-06-05T04:52:00.000Z,6E,1.1619499921798706,1.1619499921798706,1.1619499921798706,1.1619499921798706,22
2026-06-05T04:53:00.000Z,6E,1.1619999408721924,1.1619999408721924,1.1619999408721924,1.1619999408721924,28
2026-06-05T04:54:00.000Z,6E,1.1619999408721924,1.1619999408721924,1.1619999408721924,1.1619999408721924,23
2026-06-05T04:55:00.000Z,6E,1.1620500087738037,1.1620500087738037,1.1620500087738037,1.1620500087738037,24
2026-06-05T04:56:00.000Z,6E,1.1620999574661255,1.1621500253677368,1.1620999574661255,1.1620999574661255,21
2026-06-05T04:57:00.000Z,6E,1.1620500087738037,1.1620500087738037,1.1620500087738037,1.1620500087738037,2
2026-06-05T04:58:00.000Z,6E,1.1620500087738037,1.1620999574661255,1.1620500087738037,1.1620500087738037,7
2026-06-05T04:59:00.000Z,6E,1.1620500087738037,1.1620500087738037,1.1619999408721924,1.1620500087738037,47
2026-06-05T05:00:00.000Z,6E,1.1619999408721924,1.1620500087738037,1.1619999408721924,1.1619999408721924,30
2026-06-05T05:01:00.000Z,6E,1.1619999408721924,1.1620500087738037,1.1619999408721924,1.1620500087738037,12
2026-06-05T05:02:00.000Z,6E,1.1620500087738037,1.1620500087738037,1.1619499921798706,1.1619499921798706,2
2026-06-05T05:03:00.000Z,6E,1.1619999408721924,1.1619999408721924,1.1619999408721924,1.1619999408721924,2
2026-06-05T05:04:00.000Z,6E,1.1619499921798706,1.1619499921798706,1.1619499921798706,1.1619499921798706,20
2026-06-05T05:05:00.000Z,6E,1.1619999408721924,1.1619999408721924,1.1619499921798706,1.1619499921798706,14
2026-06-05T05:08:00.000Z,6E,1.1619499921798706,1.1619499921798706,1.1619499921798706,1.1619499921798706,5
2026-06-05T05:09:00.000Z,6E,1.1619499921798706,1.1619499921798706,1.1619499921798706,1.1619499921798706,2
2026-06-05T05:10:00.000Z,6E,1.1619999408721924,1.1619999408721924,1.1619999408721924,1.1619999408721924,44
2026-06-05T05:11:00.000Z,6E,1.1619999408721924,1.1619999408721924,1.1619999408721924,1.1619999408721924,1
2026-06-05T05:13:00.000Z,6E,1.1619499921798706,1.1619999408721924,1.1619499921798706,1.1619999408721924,10
2026-06-05T05:15:00.000Z,6E,1.1619999408721924,1.1619999408721924,1.1619999408721924,1.1619999408721924,23
2026-06-05T05:16:00.000Z,6E,1.1619999408721924,1.1619999408721924,1.1619999408721924,1.1619999408721924,3
2026-06-05T05:17:00.000Z,6E,1.1619999408721924,1.1619999408721924,1.1619499921798706,1.1619999408721924,31
2026-06-05T05:18:00.000Z,6E,1.1620500087738037,1.1620500087738037,1.1620500087738037,1.1620500087738037,3
2026-06-05T05:21:00.000Z,6E,1.1620500087738037,1.1620500087738037,1.1620500087738037,1.1620500087738037,23
2026-06-05T05:22:00.000Z,6E,1.1619999408721924,1.1620500087738037,1.1619999408721924,1.1620500087738037,7
2026-06-05T05:23:00.000Z,6E,1.1619999408721924,1.1619999408721924,1.1619499921798706,1.1619499921798706,16
2026-06-05T05:24:00.000Z,6E,1.1619999408721924,1.1619999408721924,1.1619999408721924,1.1619999408721924,26
2026-06-05T05:25:00.000Z,6E,1.1619999408721924,1.1619999408721924,1.1619999408721924,1.1619999408721924,5
2026-06-05T05:26:00.000Z,6E,1.1619999408721924,1.1619999408721924,1.1619999408721924,1.1619999408721924,1
2026-06-05T05:27:00.000Z,6E,1.1620500087738037,1.1620500087738037,1.1620500087738037,1.1620500087738037,4
2026-06-05T05:30:00.000Z,6E,1.1620500087738037,1.1621500253677368,1.1620500087738037,1.1621500253677368,23
2026-06-05T05:31:00.000Z,6E,1.1621500253677368,1.1621999740600586,1.1621500253677368,1.1621999740600586,108
2026-06-05T05:32:00.000Z,6E,1.1621999740600586,1.1621999740600586,1.1621999740600586,1.1621999740600586,5
2026-06-05T05:33:00.000Z,6E,1.16225004196167,1.16225004196167,1.16225004196167,1.16225004196167,53
2026-06-05T05:34:00.000Z,6E,1.16225004196167,1.16225004196167,1.16225004196167,1.16225004196167,16
2026-06-05T05:36:00.000Z,6E,1.16225004196167,1.162350058555603,1.16225004196167,1.162350058555603,86
2026-06-05T05:37:00.000Z,6E,1.1622999906539917,1.1622999906539917,1.1622999906539917,1.1622999906539917,27
2026-06-05T05:38:00.000Z,6E,1.16225004196167,1.16225004196167,1.16225004196167,1.16225004196167,35
2026-06-05T05:39:00.000Z,6E,1.1621999740600586,1.1621999740600586,1.1620999574661255,1.1620999574661255,92
2026-06-05T05:40:00.000Z,6E,1.1621500253677368,1.1621999740600586,1.1621500253677368,1.1621500253677368,50
2026-06-05T05:41:00.000Z,6E,1.1621500253677368,1.1621500253677368,1.1621500253677368,1.1621500253677368,2
2026-06-05T05:42:00.000Z,6E,1.1621500253677368,1.1621500253677368,1.1621500253677368,1.1621500253677368,9
2026-06-05T05:43:00.000Z,6E,1.1621500253677368,1.1621500253677368,1.1620999574661255,1.1621500253677368,18
2026-06-05T05:44:00.000Z,6E,1.1620999574661255,1.1620999574661255,1.1620999574661255,1.1620999574661255,6
2026-06-05T05:45:00.000Z,6E,1.1621500253677368,1.1621500253677368,1.1621500253677368,1.1621500253677368,12
2026-06-05T05:46:00.000Z,6E,1.1621500253677368,1.1621500253677368,1.1621500253677368,1.1621500253677368,10
2026-06-05T05:47:00.000Z,6E,1.1621500253677368,1.1621999740600586,1.1621500253677368,1.1621999740600586,44
2026-06-05T05:48:00.000Z,6E,1.1621999740600586,1.1621999740600586,1.1621999740600586,1.1621999740600586,3
2026-06-05T05:49:00.000Z,6E,1.1621999740600586,1.16225004196167,1.1621999740600586,1.16225004196167,5
2026-06-05T05:50:00.000Z,6E,1.1621999740600586,1.1621999740600586,1.1621999740600586,1.1621999740600586,25
2026-06-05T05:51:00.000Z,6E,1.1621999740600586,1.1621999740600586,1.1621999740600586,1.1621999740600586,3
2026-06-05T05:52:00.000Z,6E,1.16225004196167,1.16225004196167,1.1621500253677368,1.1621500253677368,24
2026-06-05T05:53:00.000Z,6E,1.1621999740600586,1.1621999740600586,1.1621500253677368,1.1621500253677368,23
2026-06-05T05:54:00.000Z,6E,1.1621500253677368,1.1621500253677368,1.1620999574661255,1.1621500253677368,90
2026-06-05T05:55:00.000Z,6E,1.1621999740600586,1.1621999740600586,1.1620500087738037,1.1620999574661255,107
2026-06-05T05:56:00.000Z,6E,1.1620500087738037,1.1620999574661255,1.1620500087738037,1.1620999574661255,46
2026-06-05T05:57:00.000Z,6E,1.1620999574661255,1.1620999574661255,1.1619999408721924,1.1619999408721924,35
2026-06-05T05:58:00.000Z,6E,1.1619999408721924,1.1619999408721924,1.1619999408721924,1.1619999408721924,3
2026-06-05T05:59:00.000Z,6E,1.1619999408721924,1.1619999408721924,1.1619999408721924,1.1619999408721924,15
2026-06-05T06:00:00.000Z,6E,1.1620500087738037,1.1620500087738037,1.1618499755859375,1.1619000434875488,295
2026-06-05T06:01:00.000Z,6E,1.1619499921798706,1.1619999408721924,1.1619000434875488,1.1619000434875488,83
2026-06-05T06:02:00.000Z,6E,1.1619000434875488,1.1619000434875488,1.1618499755859375,1.1618499755859375,35
2026-06-05T06:03:00.000Z,6E,1.1619000434875488,1.1619000434875488,1.1617499589920044,1.1618000268936157,37
2026-06-05T06:04:00.000Z,6E,1.1617499589920044,1.1619000434875488,1.1617499589920044,1.1619000434875488,77
2026-06-05T06:05:00.000Z,6E,1.1619000434875488,1.1619000434875488,1.1618499755859375,1.1619000434875488,34
2026-06-05T06:06:00.000Z,6E,1.1619000434875488,1.1619000434875488,1.1619000434875488,1.1619000434875488,2
2026-06-05T06:07:00.000Z,6E,1.1619000434875488,1.1619000434875488,1.1618000268936157,1.1618000268936157,11
2026-06-05T06:08:00.000Z,6E,1.1618499755859375,1.1618499755859375,1.1617499589920044,1.1617499589920044,54
2026-06-05T06:09:00.000Z,6E,1.1618000268936157,1.1618499755859375,1.1617499589920044,1.1617499589920044,110
2026-06-05T06:10:00.000Z,6E,1.1617499589920044,1.1617499589920044,1.1617000102996826,1.1617499589920044,16
2026-06-05T06:11:00.000Z,6E,1.1617499589920044,1.1618000268936157,1.1617499589920044,1.1617499589920044,19
2026-06-05T06:12:00.000Z,6E,1.1618000268936157,1.1618499755859375,1.1617499589920044,1.1618499755859375,73
2026-06-05T06:13:00.000Z,6E,1.1618000268936157,1.1619000434875488,1.1617499589920044,1.1619000434875488,105
2026-06-05T06:14:00.000Z,6E,1.1619000434875488,1.1619499921798706,1.1619000434875488,1.1619000434875488,54
2026-06-05T06:15:00.000Z,6E,1.1619499921798706,1.1619999408721924,1.1618499755859375,1.1618499755859375,40
2026-06-05T06:16:00.000Z,6E,1.1619000434875488,1.1619000434875488,1.1618499755859375,1.1619000434875488,38
2026-06-05T06:17:00.000Z,6E,1.1619000434875488,1.1619000434875488,1.1618499755859375,1.1618499755859375,4
2026-06-05T06:18:00.000Z,6E,1.1618000268936157,1.1618000268936157,1.1617000102996826,1.1618000268936157,113
2026-06-05T06:19:00.000Z,6E,1.1618499755859375,1.1619000434875488,1.1617499589920044,1.1619000434875488,128
2026-06-05T06:20:00.000Z,6E,1.1619000434875488,1.1619000434875488,1.1619000434875488,1.1619000434875488,18
2026-06-05T06:21:00.000Z,6E,1.1619499921798706,1.1619499921798706,1.1619000434875488,1.1619000434875488,23
2026-06-05T06:22:00.000Z,6E,1.1618499755859375,1.1619000434875488,1.1618499755859375,1.1618499755859375,13
2026-06-05T06:23:00.000Z,6E,1.1619000434875488,1.1619499921798706,1.1619000434875488,1.1619000434875488,28
2026-06-05T06:24:00.000Z,6E,1.1619000434875488,1.1619000434875488,1.1619000434875488,1.1619000434875488,13
2026-06-05T06:25:00.000Z,6E,1.1619000434875488,1.1619499921798706,1.1619000434875488,1.1619000434875488,72
2026-06-05T06:26:00.000Z,6E,1.1619499921798706,1.1620500087738037,1.1619499921798706,1.1620500087738037,55
2026-06-05T06:27:00.000Z,6E,1.1620500087738037,1.1621500253677368,1.1620500087738037,1.1621500253677368,154
2026-06-05T06:28:00.000Z,6E,1.1621500253677368,1.1621500253677368,1.1620999574661255,1.1621500253677368,41
2026-06-05T06:29:00.000Z,6E,1.1620999574661255,1.1621999740600586,1.1620999574661255,1.1621999740600586,41
2026-06-05T06:30:00.000Z,6E,1.1621999740600586,1.16225004196167,1.1621999740600586,1.16225004196167,48
2026-06-05T06:31:00.000Z,6E,1.1621999740600586,1.1622999906539917,1.1621999740600586,1.1622999906539917,21
2026-06-05T06:32:00.000Z,6E,1.1622999906539917,1.1622999906539917,1.1621999740600586,1.16225004196167,222
2026-06-05T06:33:00.000Z,6E,1.1622999906539917,1.1622999906539917,1.1621999740600586,1.1622999906539917,46
2026-06-05T06:34:00.000Z,6E,1.162350058555603,1.1624499559402466,1.1622999906539917,1.1622999906539917,161
2026-06-05T06:35:00.000Z,6E,1.1622999906539917,1.1624000072479248,1.1622999906539917,1.162350058555603,34
2026-06-05T06:36:00.000Z,6E,1.1624000072479248,1.1625499725341797,1.1624000072479248,1.162500023841858,211
2026-06-05T06:37:00.000Z,6E,1.162500023841858,1.1625499725341797,1.162500023841858,1.162500023841858,97
2026-06-05T06:38:00.000Z,6E,1.162500023841858,1.1625499725341797,1.1624499559402466,1.162500023841858,170
2026-06-05T06:39:00.000Z,6E,1.162500023841858,1.162500023841858,1.162500023841858,1.162500023841858,40
2026-06-05T06:40:00.000Z,6E,1.1625499725341797,1.1625499725341797,1.162500023841858,1.162500023841858,26
2026-06-05T06:41:00.000Z,6E,1.162500023841858,1.1625499725341797,1.1624499559402466,1.1625499725341797,20
2026-06-05T06:42:00.000Z,6E,1.1625499725341797,1.1625499725341797,1.1625499725341797,1.1625499725341797,20
2026-06-05T06:43:00.000Z,6E,1.1625499725341797,1.162600040435791,1.1625499725341797,1.1625499725341797,13
2026-06-05T06:44:00.000Z,6E,1.1625499725341797,1.162600040435791,1.1625499725341797,1.162600040435791,63
2026-06-05T06:45:00.000Z,6E,1.162600040435791,1.162600040435791,1.162600040435791,1.162600040435791,23
2026-06-05T06:46:00.000Z,6E,1.162600040435791,1.162600040435791,1.162600040435791,1.162600040435791,16
2026-06-05T06:47:00.000Z,6E,1.1626499891281128,1.1627000570297241,1.162600040435791,1.162600040435791,159
2026-06-05T06:48:00.000Z,6E,1.1626499891281128,1.1627000570297241,1.1626499891281128,1.1626499891281128,46
2026-06-05T06:49:00.000Z,6E,1.1626499891281128,1.1626499891281128,1.1625499725341797,1.1625499725341797,14
2026-06-05T06:50:00.000Z,6E,1.1625499725341797,1.162600040435791,1.1624000072479248,1.162500023841858,523
2026-06-05T06:51:00.000Z,6E,1.1624499559402466,1.1624499559402466,1.16225004196167,1.1622999906539917,249
2026-06-05T06:52:00.000Z,6E,1.162350058555603,1.1624499559402466,1.162350058555603,1.1624499559402466,60
2026-06-05T06:53:00.000Z,6E,1.1624499559402466,1.162500023841858,1.1624499559402466,1.162500023841858,30
2026-06-05T06:54:00.000Z,6E,1.1624499559402466,1.1625499725341797,1.1624499559402466,1.1625499725341797,26
2026-06-05T06:55:00.000Z,6E,1.162500023841858,1.162600040435791,1.162500023841858,1.162600040435791,66
2026-06-05T06:56:00.000Z,6E,1.162600040435791,1.162600040435791,1.162600040435791,1.162600040435791,57
2026-06-05T06:57:00.000Z,6E,1.162600040435791,1.1626499891281128,1.1625499725341797,1.1625499725341797,26
2026-06-05T06:58:00.000Z,6E,1.162600040435791,1.1626499891281128,1.162600040435791,1.1626499891281128,61
2026-06-05T06:59:00.000Z,6E,1.1626499891281128,1.1626499891281128,1.162600040435791,1.1626499891281128,33
2026-06-05T07:00:00.000Z,6E,1.162600040435791,1.1627000570297241,1.162600040435791,1.1627000570297241,170
2026-06-05T07:01:00.000Z,6E,1.1627000570297241,1.162750005722046,1.1627000570297241,1.1627000570297241,84
2026-06-05T07:02:00.000Z,6E,1.162750005722046,1.162750005722046,1.162600040435791,1.162600040435791,153
2026-06-05T07:03:00.000Z,6E,1.1626499891281128,1.1627000570297241,1.1626499891281128,1.1627000570297241,122
2026-06-05T07:04:00.000Z,6E,1.1627000570297241,1.162750005722046,1.1626499891281128,1.1627000570297241,94
2026-06-05T07:05:00.000Z,6E,1.162750005722046,1.1627999544143677,1.1627000570297241,1.162750005722046,88
2026-06-05T07:06:00.000Z,6E,1.162750005722046,1.1627999544143677,1.162750005722046,1.1627999544143677,122
2026-06-05T07:07:00.000Z,6E,1.1627999544143677,1.162850022315979,1.1627999544143677,1.162850022315979,248
2026-06-05T07:08:00.000Z,6E,1.1627999544143677,1.1628999710083008,1.1627999544143677,1.1628999710083008,272
2026-06-05T07:09:00.000Z,6E,1.162850022315979,1.1628999710083008,1.1627999544143677,1.1627999544143677,77
2026-06-05T07:10:00.000Z,6E,1.162850022315979,1.1629999876022339,1.1627999544143677,1.1629999876022339,166
2026-06-05T07:11:00.000Z,6E,1.1629999876022339,1.163100004196167,1.1629999876022339,1.1629999876022339,94
2026-06-05T07:12:00.000Z,6E,1.1629999876022339,1.1631499528884888,1.1629999876022339,1.1631499528884888,198
2026-06-05T07:13:00.000Z,6E,1.163100004196167,1.163100004196167,1.1630500555038452,1.1630500555038452,105
2026-06-05T07:14:00.000Z,6E,1.1630500555038452,1.1630500555038452,1.1629999876022339,1.1629999876022339,72
2026-06-05T07:15:00.000Z,6E,1.1630500555038452,1.1632499694824219,1.1630500555038452,1.1632499694824219,65
2026-06-05T07:16:00.000Z,6E,1.1632000207901,1.1632499694824219,1.1632000207901,1.1632499694824219,48
2026-06-05T07:17:00.000Z,6E,1.1632499694824219,1.1632499694824219,1.1631499528884888,1.1632000207901,127
2026-06-05T07:18:00.000Z,6E,1.1632000207901,1.1632000207901,1.163100004196167,1.163100004196167,160
2026-06-05T07:19:00.000Z,6E,1.163100004196167,1.163100004196167,1.1630500555038452,1.163100004196167,50
2026-06-05T07:20:00.000Z,6E,1.163100004196167,1.1631499528884888,1.1630500555038452,1.163100004196167,58
2026-06-05T07:21:00.000Z,6E,1.163100004196167,1.1631499528884888,1.163100004196167,1.1631499528884888,24
2026-06-05T07:22:00.000Z,6E,1.1632000207901,1.1633000373840332,1.1631499528884888,1.1633000373840332,102
2026-06-05T07:23:00.000Z,6E,1.1632499694824219,1.163349986076355,1.1632499694824219,1.1632499694824219,67
2026-06-05T07:24:00.000Z,6E,1.1632000207901,1.163349986076355,1.1632000207901,1.1633000373840332,87
2026-06-05T07:25:00.000Z,6E,1.1632499694824219,1.1634000539779663,1.1632499694824219,1.163349986076355,56
2026-06-05T07:26:00.000Z,6E,1.163349986076355,1.1634000539779663,1.1632499694824219,1.1632499694824219,45
2026-06-05T07:27:00.000Z,6E,1.1632499694824219,1.1633000373840332,1.1632499694824219,1.1633000373840332,20
2026-06-05T07:28:00.000Z,6E,1.163349986076355,1.163349986076355,1.163349986076355,1.163349986076355,24
2026-06-05T07:29:00.000Z,6E,1.1634000539779663,1.163450002670288,1.163349986076355,1.163450002670288,30
2026-06-05T07:30:00.000Z,6E,1.1634000539779663,1.1634000539779663,1.163349986076355,1.1634000539779663,54
2026-06-05T07:31:00.000Z,6E,1.1634000539779663,1.1634999513626099,1.1634000539779663,1.163450002670288,52
2026-06-05T07:32:00.000Z,6E,1.163450002670288,1.1634999513626099,1.163450002670288,1.1634999513626099,60
2026-06-05T07:33:00.000Z,6E,1.1634999513626099,1.1637500524520874,1.1634999513626099,1.1637500524520874,413
2026-06-05T07:34:00.000Z,6E,1.1637500524520874,1.1638000011444092,1.163699984550476,1.1637500524520874,74
2026-06-05T07:35:00.000Z,6E,1.1637500524520874,1.1638000011444092,1.163699984550476,1.1638000011444092,105
2026-06-05T07:36:00.000Z,6E,1.1638000011444092,1.163949966430664,1.1637500524520874,1.1637500524520874,260
2026-06-05T07:37:00.000Z,6E,1.1638000011444092,1.163849949836731,1.1637500524520874,1.163849949836731,195
2026-06-05T07:38:00.000Z,6E,1.1639000177383423,1.1641000509262085,1.1639000177383423,1.1640499830245972,272
2026-06-05T07:39:00.000Z,6E,1.1641000509262085,1.1641499996185303,1.1640000343322754,1.1640000343322754,92
2026-06-05T07:40:00.000Z,6E,1.1640000343322754,1.1640000343322754,1.1638000011444092,1.163849949836731,110
2026-06-05T07:41:00.000Z,6E,1.163849949836731,1.163849949836731,1.1638000011444092,1.1638000011444092,106
2026-06-05T07:42:00.000Z,6E,1.1637500524520874,1.163949966430664,1.1637500524520874,1.1639000177383423,81
2026-06-05T07:43:00.000Z,6E,1.163849949836731,1.163849949836731,1.1638000011444092,1.163849949836731,30
2026-06-05T07:44:00.000Z,6E,1.1638000011444092,1.163849949836731,1.163699984550476,1.1637500524520874,130
2026-06-05T07:45:00.000Z,6E,1.1637500524520874,1.163849949836731,1.1637500524520874,1.1637500524520874,98
2026-06-05T07:46:00.000Z,6E,1.163849949836731,1.163949966430664,1.163849949836731,1.1639000177383423,54
2026-06-05T07:47:00.000Z,6E,1.1639000177383423,1.1640000343322754,1.1639000177383423,1.163949966430664,96
2026-06-05T07:48:00.000Z,6E,1.163949966430664,1.1640000343322754,1.1639000177383423,1.1640000343322754,53
2026-06-05T07:49:00.000Z,6E,1.1640499830245972,1.1640499830245972,1.163949966430664,1.163949966430664,68
2026-06-05T07:50:00.000Z,6E,1.1639000177383423,1.163949966430664,1.1639000177383423,1.1639000177383423,36
2026-06-05T07:51:00.000Z,6E,1.1639000177383423,1.163949966430664,1.1639000177383423,1.1639000177383423,131
2026-06-05T07:52:00.000Z,6E,1.1639000177383423,1.1639000177383423,1.1638000011444092,1.1638000011444092,58
2026-06-05T07:53:00.000Z,6E,1.163849949836731,1.1640000343322754,1.163849949836731,1.163849949836731,106
2026-06-05T07:54:00.000Z,6E,1.1639000177383423,1.1639000177383423,1.163849949836731,1.163849949836731,119
2026-06-05T07:55:00.000Z,6E,1.163849949836731,1.1640000343322754,1.163849949836731,1.163949966430664,78
2026-06-05T07:56:00.000Z,6E,1.163949966430664,1.163949966430664,1.163849949836731,1.163849949836731,28
2026-06-05T07:57:00.000Z,6E,1.163849949836731,1.163849949836731,1.163699984550476,1.1637500524520874,156
2026-06-05T07:58:00.000Z,6E,1.1637500524520874,1.163949966430664,1.1637500524520874,1.1639000177383423,130
2026-06-05T07:59:00.000Z,6E,1.1639000177383423,1.1639000177383423,1.1636500358581543,1.1636500358581543,205
2026-06-05T08:00:00.000Z,6E,1.1636500358581543,1.1638000011444092,1.1636500358581543,1.1638000011444092,144
2026-06-05T08:01:00.000Z,6E,1.1638000011444092,1.163849949836731,1.1637500524520874,1.163849949836731,119
2026-06-05T08:02:00.000Z,6E,1.163849949836731,1.1639000177383423,1.163849949836731,1.163849949836731,53
2026-06-05T08:03:00.000Z,6E,1.163849949836731,1.1640499830245972,1.163849949836731,1.1640499830245972,87
2026-06-05T08:04:00.000Z,6E,1.1640000343322754,1.1640499830245972,1.163949966430664,1.1640000343322754,163
2026-06-05T08:05:00.000Z,6E,1.1640499830245972,1.1641499996185303,1.1640499830245972,1.1641499996185303,109
2026-06-05T08:06:00.000Z,6E,1.1641499996185303,1.164199948310852,1.1641499996185303,1.164199948310852,132
2026-06-05T08:07:00.000Z,6E,1.164199948310852,1.164199948310852,1.1641000509262085,1.1641000509262085,157
2026-06-05T08:08:00.000Z,6E,1.1641000509262085,1.1642999649047852,1.1641000509262085,1.1642999649047852,140
2026-06-05T08:09:00.000Z,6E,1.1642500162124634,1.1642500162124634,1.1641499996185303,1.1641499996185303,55
2026-06-05T08:10:00.000Z,6E,1.1641499996185303,1.164199948310852,1.1641000509262085,1.1641499996185303,64
2026-06-05T08:11:00.000Z,6E,1.164199948310852,1.1642999649047852,1.164199948310852,1.1642500162124634,115
2026-06-05T08:12:00.000Z,6E,1.1642500162124634,1.1642999649047852,1.164199948310852,1.164199948310852,47
2026-06-05T08:13:00.000Z,6E,1.1641499996185303,1.1642500162124634,1.1641499996185303,1.164199948310852,27
2026-06-05T08:14:00.000Z,6E,1.164199948310852,1.1643999814987183,1.164199948310852,1.1643500328063965,134
2026-06-05T08:15:00.000Z,6E,1.1643500328063965,1.1643999814987183,1.1643500328063965,1.1643500328063965,75
2026-06-05T08:16:00.000Z,6E,1.1642999649047852,1.1642999649047852,1.1642500162124634,1.1642500162124634,170
2026-06-05T08:17:00.000Z,6E,1.1642500162124634,1.1642999649047852,1.1641499996185303,1.164199948310852,125
2026-06-05T08:18:00.000Z,6E,1.1642500162124634,1.1642999649047852,1.1642500162124634,1.1642999649047852,70
2026-06-05T08:19:00.000Z,6E,1.1642999649047852,1.1643999814987183,1.1642999649047852,1.1643999814987183,130
2026-06-05T08:20:00.000Z,6E,1.1643500328063965,1.1643500328063965,1.164199948310852,1.1642500162124634,84
2026-06-05T08:21:00.000Z,6E,1.164199948310852,1.1642500162124634,1.1641000509262085,1.164199948310852,142
2026-06-05T08:22:00.000Z,6E,1.1642500162124634,1.1642500162124634,1.1641499996185303,1.1641499996185303,86
2026-06-05T08:23:00.000Z,6E,1.164199948310852,1.1642500162124634,1.1641499996185303,1.164199948310852,113
2026-06-05T08:24:00.000Z,6E,1.164199948310852,1.1643999814987183,1.164199948310852,1.1643500328063965,128
2026-06-05T08:25:00.000Z,6E,1.1643500328063965,1.1643500328063965,1.1642500162124634,1.1642500162124634,219
2026-06-05T08:26:00.000Z,6E,1.1642500162124634,1.1642500162124634,1.164199948310852,1.1642500162124634,179
2026-06-05T08:27:00.000Z,6E,1.1642500162124634,1.1642500162124634,1.1641499996185303,1.1641499996185303,39
2026-06-05T08:28:00.000Z,6E,1.164199948310852,1.164199948310852,1.1641499996185303,1.1641499996185303,40
2026-06-05T08:29:00.000Z,6E,1.1641499996185303,1.1642500162124634,1.1641000509262085,1.164199948310852,293
2026-06-05T08:30:00.000Z,6E,1.164199948310852,1.1643999814987183,1.164199948310852,1.1642500162124634,332
2026-06-05T08:31:00.000Z,6E,1.1642500162124634,1.1642999649047852,1.164199948310852,1.1642999649047852,53
2026-06-05T08:32:00.000Z,6E,1.1642500162124634,1.1642500162124634,1.1641499996185303,1.1642500162124634,119
2026-06-05T08:33:00.000Z,6E,1.164199948310852,1.164199948310852,1.1641499996185303,1.1641499996185303,24
2026-06-05T08:34:00.000Z,6E,1.1641499996185303,1.164199948310852,1.1641000509262085,1.1641499996185303,356
2026-06-05T08:35:00.000Z,6E,1.1641000509262085,1.1642500162124634,1.1641000509262085,1.1642500162124634,46
2026-06-05T08:36:00.000Z,6E,1.1642500162124634,1.1642999649047852,1.1642500162124634,1.1642999649047852,42
2026-06-05T08:37:00.000Z,6E,1.1642999649047852,1.1642999649047852,1.1642500162124634,1.1642500162124634,54
2026-06-05T08:38:00.000Z,6E,1.1642500162124634,1.1642999649047852,1.1642500162124634,1.1642500162124634,37
2026-06-05T08:39:00.000Z,6E,1.1642500162124634,1.1643999814987183,1.1642500162124634,1.1643500328063965,63
2026-06-05T08:40:00.000Z,6E,1.1643500328063965,1.1643500328063965,1.1642500162124634,1.1642999649047852,33
2026-06-05T08:41:00.000Z,6E,1.1642999649047852,1.1642999649047852,1.1642500162124634,1.1642500162124634,35
2026-06-05T08:42:00.000Z,6E,1.1642999649047852,1.1642999649047852,1.164199948310852,1.1642500162124634,33
2026-06-05T08:43:00.000Z,6E,1.1642999649047852,1.1643500328063965,1.1642999649047852,1.1643500328063965,26
2026-06-05T08:44:00.000Z,6E,1.1642999649047852,1.1642999649047852,1.164199948310852,1.1642500162124634,24
2026-06-05T08:45:00.000Z,6E,1.1642500162124634,1.1642999649047852,1.1642500162124634,1.1642999649047852,126
2026-06-05T08:46:00.000Z,6E,1.1642999649047852,1.1642999649047852,1.164199948310852,1.164199948310852,68
2026-06-05T08:47:00.000Z,6E,1.1642500162124634,1.1642999649047852,1.164199948310852,1.164199948310852,72
2026-06-05T08:48:00.000Z,6E,1.1641499996185303,1.1641499996185303,1.1641000509262085,1.1641499996185303,23
2026-06-05T08:49:00.000Z,6E,1.1641499996185303,1.164199948310852,1.1641499996185303,1.164199948310852,41
2026-06-05T08:50:00.000Z,6E,1.164199948310852,1.1642500162124634,1.164199948310852,1.164199948310852,72
2026-06-05T08:51:00.000Z,6E,1.164199948310852,1.164199948310852,1.164199948310852,1.164199948310852,24
2026-06-05T08:52:00.000Z,6E,1.1642500162124634,1.1642500162124634,1.164199948310852,1.164199948310852,38
2026-06-05T08:53:00.000Z,6E,1.164199948310852,1.164199948310852,1.1641499996185303,1.1641499996185303,46
2026-06-05T08:54:00.000Z,6E,1.1641000509262085,1.1641499996185303,1.1641000509262085,1.1641499996185303,168
2026-06-05T08:55:00.000Z,6E,1.1641499996185303,1.164199948310852,1.1641000509262085,1.1641499996185303,184
2026-06-05T08:56:00.000Z,6E,1.1641000509262085,1.1641499996185303,1.1641000509262085,1.1641499996185303,21
2026-06-05T08:57:00.000Z,6E,1.1641000509262085,1.164199948310852,1.1640499830245972,1.164199948310852,110
2026-06-05T08:58:00.000Z,6E,1.1641499996185303,1.1641499996185303,1.1641000509262085,1.1641000509262085,35
2026-06-05T08:59:00.000Z,6E,1.1640499830245972,1.1641499996185303,1.1640499830245972,1.1640499830245972,74
2026-06-05T09:00:00.000Z,6E,1.1640499830245972,1.1640499830245972,1.1639000177383423,1.1639000177383423,158
2026-06-05T09:01:00.000Z,6E,1.1639000177383423,1.1640000343322754,1.1639000177383423,1.163949966430664,81
2026-06-05T09:02:00.000Z,6E,1.163949966430664,1.1641000509262085,1.163949966430664,1.1641000509262085,60
2026-06-05T09:03:00.000Z,6E,1.1641499996185303,1.1642500162124634,1.1641499996185303,1.164199948310852,87
2026-06-05T09:04:00.000Z,6E,1.164199948310852,1.1642500162124634,1.1641000509262085,1.1641499996185303,52
2026-06-05T09:05:00.000Z,6E,1.1640499830245972,1.1642999649047852,1.1640499830245972,1.1642999649047852,420
2026-06-05T09:06:00.000Z,6E,1.1642500162124634,1.1642500162124634,1.164199948310852,1.1642500162124634,44
2026-06-05T09:07:00.000Z,6E,1.1642500162124634,1.1643500328063965,1.1642500162124634,1.1642999649047852,29
2026-06-05T09:08:00.000Z,6E,1.1643500328063965,1.1643500328063965,1.1642999649047852,1.1643500328063965,56
2026-06-05T09:09:00.000Z,6E,1.1643500328063965,1.1643999814987183,1.1643500328063965,1.1643999814987183,30
2026-06-05T09:10:00.000Z,6E,1.1644500494003296,1.1644999980926514,1.1643500328063965,1.1643999814987183,73
2026-06-05T09:11:00.000Z,6E,1.1643999814987183,1.1643999814987183,1.1643500328063965,1.1643500328063965,18
2026-06-05T09:12:00.000Z,6E,1.1643500328063965,1.1643999814987183,1.1642999649047852,1.1643999814987183,9
2026-06-05T09:13:00.000Z,6E,1.1644500494003296,1.1648000478744507,1.1644500494003296,1.1648000478744507,1067
2026-06-05T09:14:00.000Z,6E,1.1647499799728394,1.1648000478744507,1.1646000146865845,1.1646499633789062,259
2026-06-05T09:15:00.000Z,6E,1.1646499633789062,1.1647000312805176,1.1646000146865845,1.1646000146865845,287
2026-06-05T09:16:00.000Z,6E,1.1646000146865845,1.1646499633789062,1.1646000146865845,1.1646499633789062,76
2026-06-05T09:17:00.000Z,6E,1.1646499633789062,1.1647000312805176,1.1645499467849731,1.1645499467849731,58
2026-06-05T09:18:00.000Z,6E,1.1645499467849731,1.1645499467849731,1.1644999980926514,1.1645499467849731,39
2026-06-05T09:19:00.000Z,6E,1.1644999980926514,1.1646000146865845,1.1644999980926514,1.1644999980926514,94
2026-06-05T09:20:00.000Z,6E,1.1644999980926514,1.1645499467849731,1.1644999980926514,1.1645499467849731,36
2026-06-05T09:21:00.000Z,6E,1.1645499467849731,1.1647499799728394,1.1645499467849731,1.1647499799728394,104
2026-06-05T09:22:00.000Z,6E,1.1647499799728394,1.1648499965667725,1.1647499799728394,1.1648000478744507,20
2026-06-05T09:23:00.000Z,6E,1.1648499965667725,1.1648499965667725,1.1647499799728394,1.1647499799728394,100
2026-06-05T09:24:00.000Z,6E,1.1647499799728394,1.1647499799728394,1.1646499633789062,1.1647000312805176,52
2026-06-05T09:25:00.000Z,6E,1.1647000312805176,1.1647000312805176,1.1645499467849731,1.1646000146865845,139
2026-06-05T09:26:00.000Z,6E,1.1645499467849731,1.1645499467849731,1.1644999980926514,1.1644999980926514,64
2026-06-05T09:27:00.000Z,6E,1.1645499467849731,1.1645499467849731,1.1644999980926514,1.1644999980926514,71
2026-06-05T09:28:00.000Z,6E,1.1644999980926514,1.1644999980926514,1.1643999814987183,1.1643999814987183,45
2026-06-05T09:29:00.000Z,6E,1.1643999814987183,1.1644500494003296,1.1643500328063965,1.1643999814987183,98
2026-06-05T09:30:00.000Z,6E,1.1643999814987183,1.1644500494003296,1.1643999814987183,1.1644500494003296,33
2026-06-05T09:31:00.000Z,6E,1.1644500494003296,1.1644500494003296,1.1643500328063965,1.1643500328063965,45
2026-06-05T09:32:00.000Z,6E,1.1643500328063965,1.1643500328063965,1.1642999649047852,1.1643500328063965,50
2026-06-05T09:33:00.000Z,6E,1.1643500328063965,1.1643999814987183,1.1642999649047852,1.1642999649047852,329
2026-06-05T09:34:00.000Z,6E,1.1642500162124634,1.1643999814987183,1.1642500162124634,1.1642999649047852,249
2026-06-05T09:35:00.000Z,6E,1.1642500162124634,1.1642999649047852,1.1642500162124634,1.1642999649047852,20
2026-06-05T09:36:00.000Z,6E,1.1643500328063965,1.1643500328063965,1.1642999649047852,1.1643500328063965,34
2026-06-05T09:37:00.000Z,6E,1.1643500328063965,1.1643500328063965,1.1642500162124634,1.1642999649047852,24
2026-06-05T09:38:00.000Z,6E,1.1643500328063965,1.1644500494003296,1.1643500328063965,1.1644500494003296,20
2026-06-05T09:39:00.000Z,6E,1.1643999814987183,1.1644500494003296,1.1642999649047852,1.1642999649047852,47
2026-06-05T09:40:00.000Z,6E,1.1643500328063965,1.1643500328063965,1.1642999649047852,1.1642999649047852,40
2026-06-05T09:41:00.000Z,6E,1.1642999649047852,1.1642999649047852,1.1642999649047852,1.1642999649047852,27
2026-06-05T09:42:00.000Z,6E,1.1642500162124634,1.1642999649047852,1.164199948310852,1.164199948310852,68
2026-06-05T09:43:00.000Z,6E,1.164199948310852,1.1642999649047852,1.164199948310852,1.1642999649047852,49
2026-06-05T09:44:00.000Z,6E,1.1642500162124634,1.1642999649047852,1.1642500162124634,1.1642999649047852,2
2026-06-05T09:45:00.000Z,6E,1.1642999649047852,1.1642999649047852,1.1642500162124634,1.1642500162124634,27
2026-06-05T09:46:00.000Z,6E,1.1642999649047852,1.1643500328063965,1.1642999649047852,1.1643500328063965,30
2026-06-05T09:47:00.000Z,6E,1.1643500328063965,1.1643500328063965,1.1643500328063965,1.1643500328063965,18
2026-06-05T09:48:00.000Z,6E,1.1643500328063965,1.1643500328063965,1.1643500328063965,1.1643500328063965,13
2026-06-05T09:49:00.000Z,6E,1.1643500328063965,1.1643500328063965,1.1643500328063965,1.1643500328063965,15
2026-06-05T09:50:00.000Z,6E,1.1643500328063965,1.1643500328063965,1.1642500162124634,1.1642500162124634,11
2026-06-05T09:51:00.000Z,6E,1.1642500162124634,1.1642500162124634,1.1641499996185303,1.164199948310852,200
2026-06-05T09:52:00.000Z,6E,1.1641499996185303,1.1642500162124634,1.1641499996185303,1.1642500162124634,79
2026-06-05T09:53:00.000Z,6E,1.1642500162124634,1.1642999649047852,1.164199948310852,1.1642999649047852,15
2026-06-05T09:54:00.000Z,6E,1.1642999649047852,1.1643500328063965,1.1642999649047852,1.1642999649047852,13
2026-06-05T09:55:00.000Z,6E,1.1642999649047852,1.1643999814987183,1.1642999649047852,1.1643500328063965,82
2026-06-05T09:56:00.000Z,6E,1.1643500328063965,1.1643500328063965,1.1643500328063965,1.1643500328063965,18
2026-06-05T09:57:00.000Z,6E,1.1643999814987183,1.1643999814987183,1.1643500328063965,1.1643500328063965,7
2026-06-05T09:58:00.000Z,6E,1.1643500328063965,1.1643999814987183,1.1642500162124634,1.1643500328063965,149
2026-06-05T09:59:00.000Z,6E,1.1642999649047852,1.1642999649047852,1.1642500162124634,1.1642999649047852,112
2026-06-05T10:00:00.000Z,6E,1.1642999649047852,1.1643500328063965,1.1642500162124634,1.1643500328063965,39
2026-06-05T10:01:00.000Z,6E,1.1643500328063965,1.1643500328063965,1.1642999649047852,1.1643500328063965,55
2026-06-05T10:02:00.000Z,6E,1.1642999649047852,1.1643999814987183,1.1642999649047852,1.1643500328063965,84
2026-06-05T10:03:00.000Z,6E,1.1643500328063965,1.1643500328063965,1.1643500328063965,1.1643500328063965,7
2026-06-05T10:04:00.000Z,6E,1.1643500328063965,1.1643999814987183,1.1643500328063965,1.1643999814987183,183
2026-06-05T10:05:00.000Z,6E,1.1643999814987183,1.1644500494003296,1.1643999814987183,1.1643999814987183,32
2026-06-05T10:06:00.000Z,6E,1.1643999814987183,1.1644500494003296,1.1643500328063965,1.1643500328063965,23
2026-06-05T10:07:00.000Z,6E,1.1642999649047852,1.1643500328063965,1.1642500162124634,1.1642999649047852,25
2026-06-05T10:08:00.000Z,6E,1.1642999649047852,1.1643500328063965,1.1642999649047852,1.1643500328063965,10
2026-06-05T10:09:00.000Z,6E,1.1642999649047852,1.1643999814987183,1.1642999649047852,1.1643999814987183,21
2026-06-05T10:10:00.000Z,6E,1.1643500328063965,1.1643999814987183,1.1643500328063965,1.1643999814987183,20
2026-06-05T10:11:00.000Z,6E,1.1643999814987183,1.1643999814987183,1.1643999814987183,1.1643999814987183,60
2026-06-05T10:12:00.000Z,6E,1.1643999814987183,1.1644500494003296,1.1643999814987183,1.1644500494003296,20
2026-06-05T10:13:00.000Z,6E,1.1644500494003296,1.1644500494003296,1.1644500494003296,1.1644500494003296,17
2026-06-05T10:14:00.000Z,6E,1.1643999814987183,1.1644500494003296,1.1643999814987183,1.1644500494003296,26
2026-06-05T10:15:00.000Z,6E,1.1643999814987183,1.1644500494003296,1.1643500328063965,1.1643999814987183,104
2026-06-05T10:16:00.000Z,6E,1.1643999814987183,1.1644500494003296,1.1643999814987183,1.1644500494003296,35
2026-06-05T10:17:00.000Z,6E,1.1643999814987183,1.1644999980926514,1.1643999814987183,1.1643999814987183,69
2026-06-05T10:18:00.000Z,6E,1.1643999814987183,1.1643999814987183,1.1643500328063965,1.1643500328063965,22
2026-06-05T10:19:00.000Z,6E,1.1643999814987183,1.1644500494003296,1.1643999814987183,1.1643999814987183,36
2026-06-05T10:20:00.000Z,6E,1.1643999814987183,1.1644999980926514,1.1643999814987183,1.1643999814987183,313
2026-06-05T10:21:00.000Z,6E,1.1643999814987183,1.1644500494003296,1.1643999814987183,1.1643999814987183,16
2026-06-05T10:22:00.000Z,6E,1.1643500328063965,1.1644500494003296,1.1643500328063965,1.1644500494003296,46
2026-06-05T10:23:00.000Z,6E,1.1644500494003296,1.1644999980926514,1.1643999814987183,1.1644500494003296,44
2026-06-05T10:24:00.000Z,6E,1.1644500494003296,1.1644999980926514,1.1644500494003296,1.1644999980926514,76
2026-06-05T10:25:00.000Z,6E,1.1644999980926514,1.1645499467849731,1.1644500494003296,1.1645499467849731,54
2026-06-05T10:26:00.000Z,6E,1.1645499467849731,1.1646000146865845,1.1645499467849731,1.1646000146865845,157
2026-06-05T10:27:00.000Z,6E,1.1646000146865845,1.1646499633789062,1.1645499467849731,1.1645499467849731,54
2026-06-05T10:28:00.000Z,6E,1.1645499467849731,1.1646000146865845,1.1645499467849731,1.1646000146865845,70
2026-06-05T10:29:00.000Z,6E,1.1646000146865845,1.1647000312805176,1.1645499467849731,1.1646499633789062,32
2026-06-05T10:30:00.000Z,6E,1.1646499633789062,1.1647499799728394,1.1646499633789062,1.1647499799728394,41
2026-06-05T10:31:00.000Z,6E,1.1648000478744507,1.1648499965667725,1.1647499799728394,1.1648499965667725,83
2026-06-05T10:32:00.000Z,6E,1.1648499965667725,1.1648499965667725,1.1648000478744507,1.1648499965667725,20
2026-06-05T10:33:00.000Z,6E,1.1648000478744507,1.1648499965667725,1.1647499799728394,1.1647499799728394,27
2026-06-05T10:34:00.000Z,6E,1.1647499799728394,1.1648000478744507,1.1647000312805176,1.1647499799728394,77
2026-06-05T10:35:00.000Z,6E,1.1647499799728394,1.1648000478744507,1.1647000312805176,1.1647499799728394,83
2026-06-05T10:36:00.000Z,6E,1.1647499799728394,1.1647499799728394,1.1646000146865845,1.1646000146865845,94
2026-06-05T10:37:00.000Z,6E,1.1646499633789062,1.1646499633789062,1.1646499633789062,1.1646499633789062,29
2026-06-05T10:38:00.000Z,6E,1.1646000146865845,1.1646000146865845,1.1646000146865845,1.1646000146865845,31
2026-06-05T10:39:00.000Z,6E,1.1646000146865845,1.1646499633789062,1.1646000146865845,1.1646499633789062,17
2026-06-05T10:40:00.000Z,6E,1.1646000146865845,1.1646499633789062,1.1646000146865845,1.1646000146865845,24
2026-06-05T10:41:00.000Z,6E,1.1646000146865845,1.1646000146865845,1.1644999980926514,1.1644999980926514,68
2026-06-05T10:42:00.000Z,6E,1.1644999980926514,1.1645499467849731,1.1644500494003296,1.1644500494003296,64
2026-06-05T10:43:00.000Z,6E,1.1644999980926514,1.1644999980926514,1.1644999980926514,1.1644999980926514,1007
2026-06-05T10:44:00.000Z,6E,1.1644999980926514,1.1645499467849731,1.1644999980926514,1.1645499467849731,28
2026-06-05T10:45:00.000Z,6E,1.1645499467849731,1.1646499633789062,1.1645499467849731,1.1646499633789062,174
2026-06-05T10:46:00.000Z,6E,1.1647000312805176,1.1647000312805176,1.1646499633789062,1.1646499633789062,11
2026-06-05T10:47:00.000Z,6E,1.1646499633789062,1.1647000312805176,1.1646000146865845,1.1646499633789062,352
2026-06-05T10:48:00.000Z,6E,1.1646000146865845,1.1646000146865845,1.1645499467849731,1.1645499467849731,23
2026-06-05T10:49:00.000Z,6E,1.1646000146865845,1.1646000146865845,1.1644500494003296,1.1644500494003296,116
2026-06-05T10:50:00.000Z,6E,1.1644500494003296,1.1644500494003296,1.1643500328063965,1.1643999814987183,55
2026-06-05T10:51:00.000Z,6E,1.1643999814987183,1.1643999814987183,1.1643500328063965,1.1643999814987183,26
2026-06-05T10:52:00.000Z,6E,1.1643500328063965,1.1643999814987183,1.1643500328063965,1.1643500328063965,61
2026-06-05T10:53:00.000Z,6E,1.1643999814987183,1.1644500494003296,1.1643999814987183,1.1643999814987183,12
2026-06-05T10:54:00.000Z,6E,1.1643500328063965,1.1643999814987183,1.1643500328063965,1.1643999814987183,55
2026-06-05T10:55:00.000Z,6E,1.1643500328063965,1.1643999814987183,1.1643500328063965,1.1643500328063965,44
2026-06-05T10:56:00.000Z,6E,1.1643500328063965,1.1644500494003296,1.1643500328063965,1.1644500494003296,23
2026-06-05T10:57:00.000Z,6E,1.1644500494003296,1.1644500494003296,1.1643999814987183,1.1643999814987183,26
2026-06-05T10:58:00.000Z,6E,1.1643999814987183,1.1644500494003296,1.1643500328063965,1.1643500328063965,64
2026-06-05T10:59:00.000Z,6E,1.1643999814987183,1.1644500494003296,1.1643999814987183,1.1644500494003296,58
2026-06-05T11:00:00.000Z,6E,1.1644500494003296,1.1644999980926514,1.1643999814987183,1.1643999814987183,69
2026-06-05T11:01:00.000Z,6E,1.1644500494003296,1.1644500494003296,1.1642999649047852,1.1643500328063965,222
2026-06-05T11:02:00.000Z,6E,1.1643500328063965,1.1643500328063965,1.1642500162124634,1.1642500162124634,171
2026-06-05T11:03:00.000Z,6E,1.1642500162124634,1.1642999649047852,1.164199948310852,1.1642500162124634,143
2026-06-05T11:04:00.000Z,6E,1.164199948310852,1.1642500162124634,1.164199948310852,1.1642500162124634,29
2026-06-05T11:05:00.000Z,6E,1.1642500162124634,1.1642500162124634,1.164199948310852,1.1642500162124634,141
2026-06-05T11:06:00.000Z,6E,1.164199948310852,1.164199948310852,1.1640000343322754,1.1640000343322754,151
2026-06-05T11:07:00.000Z,6E,1.1640000343322754,1.1640499830245972,1.163949966430664,1.1640000343322754,178
2026-06-05T11:08:00.000Z,6E,1.1640000343322754,1.1640499830245972,1.1640000343322754,1.1640000343322754,101
2026-06-05T11:09:00.000Z,6E,1.1640000343322754,1.1641000509262085,1.1640000343322754,1.1641000509262085,108
2026-06-05T11:10:00.000Z,6E,1.1641499996185303,1.1641499996185303,1.1640000343322754,1.1641000509262085,37
2026-06-05T11:11:00.000Z,6E,1.1641499996185303,1.1641499996185303,1.1641499996185303,1.1641499996185303,7
2026-06-05T11:12:00.000Z,6E,1.164199948310852,1.164199948310852,1.164199948310852,1.164199948310852,76
2026-06-05T11:13:00.000Z,6E,1.1641499996185303,1.1641499996185303,1.1641499996185303,1.1641499996185303,117
2026-06-05T11:14:00.000Z,6E,1.1641000509262085,1.1641499996185303,1.1640499830245972,1.1640499830245972,16
2026-06-05T11:15:00.000Z,6E,1.1640499830245972,1.1640499830245972,1.1640000343322754,1.1640000343322754,52
2026-06-05T11:16:00.000Z,6E,1.1640000343322754,1.1640000343322754,1.163949966430664,1.163949966430664,47
2026-06-05T11:17:00.000Z,6E,1.1640000343322754,1.1641499996185303,1.1640000343322754,1.1641499996185303,59
2026-06-05T11:18:00.000Z,6E,1.164199948310852,1.164199948310852,1.164199948310852,1.164199948310852,1
2026-06-05T11:19:00.000Z,6E,1.1641499996185303,1.1641499996185303,1.1640499830245972,1.1641000509262085,101
2026-06-05T11:20:00.000Z,6E,1.1641000509262085,1.1641499996185303,1.1641000509262085,1.1641499996185303,36
2026-06-05T11:21:00.000Z,6E,1.1641499996185303,1.164199948310852,1.1641499996185303,1.164199948310852,32
2026-06-05T11:22:00.000Z,6E,1.1641499996185303,1.164199948310852,1.1641499996185303,1.164199948310852,21
2026-06-05T11:23:00.000Z,6E,1.1641499996185303,1.1642500162124634,1.1641499996185303,1.164199948310852,7
2026-06-05T11:24:00.000Z,6E,1.1642500162124634,1.1642500162124634,1.163949966430664,1.1642500162124634,1737
2026-06-05T11:25:00.000Z,6E,1.1642500162124634,1.1642500162124634,1.1641000509262085,1.1641499996185303,61
2026-06-05T11:26:00.000Z,6E,1.1641499996185303,1.1642999649047852,1.1641499996185303,1.1642999649047852,284
2026-06-05T11:27:00.000Z,6E,1.1642500162124634,1.1643500328063965,1.1642500162124634,1.1643500328063965,159
2026-06-05T11:28:00.000Z,6E,1.1643500328063965,1.1644999980926514,1.1642999649047852,1.1642999649047852,566
2026-06-05T11:29:00.000Z,6E,1.1643500328063965,1.1643999814987183,1.1642999649047852,1.1643500328063965,317
2026-06-05T11:30:00.000Z,6E,1.1643500328063965,1.1643500328063965,1.1642999649047852,1.1643500328063965,52
2026-06-05T11:31:00.000Z,6E,1.1643500328063965,1.1643999814987183,1.1643500328063965,1.1643500328063965,20
2026-06-05T11:32:00.000Z,6E,1.1643500328063965,1.1643500328063965,1.1642500162124634,1.1642500162124634,13
2026-06-05T11:33:00.000Z,6E,1.1642999649047852,1.1643500328063965,1.1642999649047852,1.1643500328063965,103
2026-06-05T11:34:00.000Z,6E,1.1643500328063965,1.1643500328063965,1.1642500162124634,1.1642500162124634,18
2026-06-05T11:35:00.000Z,6E,1.1642500162124634,1.1642500162124634,1.164199948310852,1.164199948310852,376
2026-06-05T11:36:00.000Z,6E,1.164199948310852,1.1642500162124634,1.1641499996185303,1.164199948310852,216
2026-06-05T11:37:00.000Z,6E,1.164199948310852,1.164199948310852,1.1641499996185303,1.164199948310852,48
2026-06-05T11:38:00.000Z,6E,1.1642500162124634,1.1642999649047852,1.1642500162124634,1.1642999649047852,60
2026-06-05T11:39:00.000Z,6E,1.1642999649047852,1.1643500328063965,1.163949966430664,1.163949966430664,482
2026-06-05T11:40:00.000Z,6E,1.1640000343322754,1.1640499830245972,1.1639000177383423,1.1639000177383423,138
2026-06-05T11:41:00.000Z,6E,1.163949966430664,1.1640000343322754,1.163949966430664,1.1640000343322754,21
2026-06-05T11:42:00.000Z,6E,1.1640499830245972,1.1641000509262085,1.1640499830245972,1.1640499830245972,89
2026-06-05T11:43:00.000Z,6E,1.1641000509262085,1.1641000509262085,1.1641000509262085,1.1641000509262085,3
2026-06-05T11:44:00.000Z,6E,1.1640499830245972,1.1640499830245972,1.163949966430664,1.1640000343322754,17
2026-06-05T11:45:00.000Z,6E,1.1640000343322754,1.1640499830245972,1.1640000343322754,1.1640499830245972,37
2026-06-05T11:46:00.000Z,6E,1.1640499830245972,1.1641499996185303,1.1640000343322754,1.1641499996185303,46
2026-06-05T11:47:00.000Z,6E,1.1641000509262085,1.1642500162124634,1.1640499830245972,1.1641499996185303,373
2026-06-05T11:48:00.000Z,6E,1.1641499996185303,1.164199948310852,1.1641000509262085,1.1641000509262085,63
2026-06-05T11:49:00.000Z,6E,1.1640499830245972,1.1641000509262085,1.163949966430664,1.1640499830245972,249
2026-06-05T11:50:00.000Z,6E,1.1641000509262085,1.1642500162124634,1.1641000509262085,1.164199948310852,410
2026-06-05T11:51:00.000Z,6E,1.1642500162124634,1.1642999649047852,1.164199948310852,1.1642999649047852,383
2026-06-05T11:52:00.000Z,6E,1.1642500162124634,1.1644500494003296,1.164199948310852,1.1644500494003296,313
2026-06-05T11:53:00.000Z,6E,1.1644500494003296,1.1645499467849731,1.1644500494003296,1.1645499467849731,223
2026-06-05T11:54:00.000Z,6E,1.1644999980926514,1.1646499633789062,1.1644999980926514,1.1645499467849731,158
2026-06-05T11:55:00.000Z,6E,1.1645499467849731,1.1646000146865845,1.1645499467849731,1.1646000146865845,368
2026-06-05T11:56:00.000Z,6E,1.1645499467849731,1.1646000146865845,1.1645499467849731,1.1646000146865845,223
2026-06-05T11:57:00.000Z,6E,1.1645499467849731,1.1646000146865845,1.1644999980926514,1.1645499467849731,164
2026-06-05T11:58:00.000Z,6E,1.1645499467849731,1.1645499467849731,1.1644999980926514,1.1644999980926514,54
2026-06-05T11:59:00.000Z,6E,1.1644500494003296,1.1646499633789062,1.1644500494003296,1.1646499633789062,253
2026-06-05T12:00:00.000Z,6E,1.1646499633789062,1.1647499799728394,1.1646000146865845,1.1646000146865845,358
2026-06-05T12:01:00.000Z,6E,1.1646000146865845,1.1646499633789062,1.1645499467849731,1.1646000146865845,131
2026-06-05T12:02:00.000Z,6E,1.1645499467849731,1.1646000146865845,1.1644500494003296,1.1644500494003296,3154
2026-06-05T12:03:00.000Z,6E,1.1644999980926514,1.1644999980926514,1.1643999814987183,1.1643999814987183,82
2026-06-05T12:04:00.000Z,6E,1.1644500494003296,1.1644500494003296,1.1643999814987183,1.1644500494003296,109
2026-06-05T12:05:00.000Z,6E,1.1643999814987183,1.1643999814987183,1.1643500328063965,1.1643500328063965,144
2026-06-05T12:06:00.000Z,6E,1.1643999814987183,1.1643999814987183,1.1643500328063965,1.1643500328063965,72
2026-06-05T12:07:00.000Z,6E,1.1643500328063965,1.1644500494003296,1.1643500328063965,1.1643999814987183,94
2026-06-05T12:08:00.000Z,6E,1.1644500494003296,1.1645499467849731,1.1644500494003296,1.1644999980926514,55
2026-06-05T12:09:00.000Z,6E,1.1644999980926514,1.1644999980926514,1.1643999814987183,1.1644500494003296,100
2026-06-05T12:10:00.000Z,6E,1.1644999980926514,1.1645499467849731,1.1644500494003296,1.1645499467849731,80
2026-06-05T12:11:00.000Z,6E,1.1646000146865845,1.1646000146865845,1.1645499467849731,1.1646000146865845,85
2026-06-05T12:12:00.000Z,6E,1.1646000146865845,1.1646000146865845,1.1644500494003296,1.1644500494003296,173
2026-06-05T12:13:00.000Z,6E,1.1644500494003296,1.1645499467849731,1.1644500494003296,1.1644999980926514,61
2026-06-05T12:14:00.000Z,6E,1.1644500494003296,1.1644999980926514,1.1644500494003296,1.1644999980926514,21
2026-06-05T12:15:00.000Z,6E,1.1644500494003296,1.1644999980926514,1.1643500328063965,1.1643500328063965,94
2026-06-05T12:16:00.000Z,6E,1.1643500328063965,1.1643999814987183,1.164199948310852,1.1642500162124634,79
2026-06-05T12:17:00.000Z,6E,1.164199948310852,1.1642500162124634,1.1641499996185303,1.164199948310852,93
2026-06-05T12:18:00.000Z,6E,1.1641499996185303,1.164199948310852,1.1641000509262085,1.1641000509262085,53
2026-06-05T12:19:00.000Z,6E,1.1641499996185303,1.1643500328063965,1.1641499996185303,1.1643500328063965,126
2026-06-05T12:20:00.000Z,6E,1.1642999649047852,1.1644500494003296,1.1642999649047852,1.1644500494003296,121
2026-06-05T12:21:00.000Z,6E,1.1644500494003296,1.1644500494003296,1.1643999814987183,1.1643999814987183,213
2026-06-05T12:22:00.000Z,6E,1.1643999814987183,1.1644999980926514,1.1643500328063965,1.1644500494003296,423
2026-06-05T12:23:00.000Z,6E,1.1643999814987183,1.1644500494003296,1.1643500328063965,1.1643500328063965,156
2026-06-05T12:24:00.000Z,6E,1.1643999814987183,1.1643999814987183,1.1642999649047852,1.1643500328063965,178
2026-06-05T12:25:00.000Z,6E,1.1642999649047852,1.1642999649047852,1.1642999649047852,1.1642999649047852,84
2026-06-05T12:26:00.000Z,6E,1.1642999649047852,1.1642999649047852,1.164199948310852,1.164199948310852,142
2026-06-05T12:27:00.000Z,6E,1.164199948310852,1.1642999649047852,1.164199948310852,1.164199948310852,128
2026-06-05T12:28:00.000Z,6E,1.1641499996185303,1.1641499996185303,1.1640000343322754,1.1640000343322754,391
2026-06-05T12:29:00.000Z,6E,1.163949966430664,1.1641000509262085,1.1639000177383423,1.1639000177383423,363
2026-06-05T12:30:00.000Z,6E,1.1641000509262085,1.1641000509262085,1.1620500087738037,1.1621500253677368,4391
2026-06-05T12:31:00.000Z,6E,1.1621500253677368,1.1625499725341797,1.1619000434875488,1.1624499559402466,1821
2026-06-05T12:32:00.000Z,6E,1.162500023841858,1.162500023841858,1.1615500450134277,1.1616499423980713,1477
2026-06-05T12:33:00.000Z,6E,1.1615999937057495,1.1621500253677368,1.1615999937057495,1.1619999408721924,923
2026-06-05T12:34:00.000Z,6E,1.1620500087738037,1.1622999906539917,1.1618499755859375,1.1619499921798706,654
2026-06-05T12:35:00.000Z,6E,1.1619000434875488,1.1621500253677368,1.1618000268936157,1.1619000434875488,919
2026-06-05T12:36:00.000Z,6E,1.1619000434875488,1.1619000434875488,1.1611000299453735,1.1612000465393066,1430
2026-06-05T12:37:00.000Z,6E,1.1612000465393066,1.1612499952316284,1.1610000133514404,1.1610499620437622,1278
2026-06-05T12:38:00.000Z,6E,1.1611000299453735,1.1612499952316284,1.160949945449829,1.1612499952316284,782
2026-06-05T12:39:00.000Z,6E,1.1612499952316284,1.1615999937057495,1.1612000465393066,1.1614500284194946,793
2026-06-05T12:40:00.000Z,6E,1.1614999771118164,1.1617499589920044,1.1614500284194946,1.1617499589920044,1072
2026-06-05T12:41:00.000Z,6E,1.1617499589920044,1.1617499589920044,1.1612999439239502,1.1613999605178833,464
2026-06-05T12:42:00.000Z,6E,1.1613999605178833,1.1617000102996826,1.1613999605178833,1.1614500284194946,389
2026-06-05T12:43:00.000Z,6E,1.1614500284194946,1.1615999937057495,1.1612999439239502,1.1615999937057495,203
2026-06-05T12:44:00.000Z,6E,1.1615999937057495,1.1615999937057495,1.1611499786376953,1.1611499786376953,158
2026-06-05T12:45:00.000Z,6E,1.1611000299453735,1.1612499952316284,1.160949945449829,1.1610000133514404,388
2026-06-05T12:46:00.000Z,6E,1.1610499620437622,1.1611499786376953,1.1608500480651855,1.1611000299453735,400
2026-06-05T12:47:00.000Z,6E,1.1611000299453735,1.1611000299453735,1.1608500480651855,1.160949945449829,303
2026-06-05T12:48:00.000Z,6E,1.1608999967575073,1.1610000133514404,1.1607999801635742,1.1608999967575073,309
2026-06-05T12:49:00.000Z,6E,1.1608999967575073,1.1610000133514404,1.1607500314712524,1.1608999967575073,453
2026-06-05T12:50:00.000Z,6E,1.1608999967575073,1.1608999967575073,1.160599946975708,1.160599946975708,405
2026-06-05T12:51:00.000Z,6E,1.160599946975708,1.1606500148773193,1.16034996509552,1.1604000329971313,707
2026-06-05T12:52:00.000Z,6E,1.1604499816894531,1.1606999635696411,1.1604000329971313,1.1605499982833862,406
2026-06-05T12:53:00.000Z,6E,1.1605000495910645,1.1605499982833862,1.1601500511169434,1.1601999998092651,503
2026-06-05T12:54:00.000Z,6E,1.1601999998092651,1.160249948501587,1.1599500179290771,1.159999966621399,927
2026-06-05T12:55:00.000Z,6E,1.1599500179290771,1.159999966621399,1.1598000526428223,1.1598999500274658,947
2026-06-05T12:56:00.000Z,6E,1.1598999500274658,1.159999966621399,1.1597000360488892,1.159749984741211,468
2026-06-05T12:57:00.000Z,6E,1.159749984741211,1.159850001335144,1.159500002861023,1.1596499681472778,1119
2026-06-05T12:58:00.000Z,6E,1.1597000360488892,1.1598000526428223,1.1594500541687012,1.159600019454956,1230
2026-06-05T12:59:00.000Z,6E,1.159600019454956,1.159600019454956,1.1590499877929688,1.1591500043869019,1302
2026-06-05T13:00:00.000Z,6E,1.1590499877929688,1.15910005569458,1.158750057220459,1.1590499877929688,2983
2026-06-05T13:01:00.000Z,6E,1.1590499877929688,1.16034996509552,1.159000039100647,1.1603000164031982,4333
2026-06-05T13:02:00.000Z,6E,1.160249948501587,1.16034996509552,1.159500002861023,1.159500002861023,2372
2026-06-05T13:03:00.000Z,6E,1.1595499515533447,1.159749984741211,1.1593999862670898,1.159600019454956,699
2026-06-05T13:04:00.000Z,6E,1.159600019454956,1.1597000360488892,1.1593999862670898,1.159600019454956,665
2026-06-05T13:05:00.000Z,6E,1.159600019454956,1.1597000360488892,1.159350037574768,1.1594500541687012,318
2026-06-05T13:06:00.000Z,6E,1.1594500541687012,1.1594500541687012,1.159250020980835,1.1592999696731567,647
2026-06-05T13:07:00.000Z,6E,1.1592999696731567,1.1593999862670898,1.1591500043869019,1.159350037574768,452
2026-06-05T13:08:00.000Z,6E,1.1592999696731567,1.159600019454956,1.1591500043869019,1.1595499515533447,339
2026-06-05T13:09:00.000Z,6E,1.159600019454956,1.159850001335144,1.159600019454956,1.1598000526428223,693
2026-06-05T13:10:00.000Z,6E,1.1598000526428223,1.160099983215332,1.1598000526428223,1.1600500345230103,1023
2026-06-05T13:11:00.000Z,6E,1.1600500345230103,1.160249948501587,1.1598000526428223,1.1598999500274658,1242
2026-06-05T13:12:00.000Z,6E,1.1598999500274658,1.160249948501587,1.1598999500274658,1.1601999998092651,594
2026-06-05T13:13:00.000Z,6E,1.1601999998092651,1.1603000164031982,1.1598999500274658,1.1599500179290771,467
2026-06-05T13:14:00.000Z,6E,1.1599500179290771,1.1601500511169434,1.1599500179290771,1.1599500179290771,351
2026-06-05T13:15:00.000Z,6E,1.1599500179290771,1.159999966621399,1.159749984741211,1.159850001335144,270
2026-06-05T13:16:00.000Z,6E,1.159850001335144,1.1601500511169434,1.159749984741211,1.1599500179290771,622
2026-06-05T13:17:00.000Z,6E,1.1599500179290771,1.1600500345230103,1.1598999500274658,1.159999966621399,162
2026-06-05T13:18:00.000Z,6E,1.159999966621399,1.160099983215332,1.1598999500274658,1.1600500345230103,212
2026-06-05T13:19:00.000Z,6E,1.1600500345230103,1.1600500345230103,1.1599500179290771,1.1599500179290771,886
2026-06-05T13:20:00.000Z,6E,1.159999966621399,1.1601500511169434,1.1598999500274658,1.1601500511169434,196
2026-06-05T13:21:00.000Z,6E,1.1601500511169434,1.1603000164031982,1.1599500179290771,1.159999966621399,363
2026-06-05T13:22:00.000Z,6E,1.159999966621399,1.159999966621399,1.159600019454956,1.1596499681472778,351
2026-06-05T13:23:00.000Z,6E,1.1596499681472778,1.1596499681472778,1.159500002861023,1.159500002861023,288
2026-06-05T13:24:00.000Z,6E,1.159500002861023,1.1595499515533447,1.1594500541687012,1.1594500541687012,234
2026-06-05T13:25:00.000Z,6E,1.1594500541687012,1.1597000360488892,1.1594500541687012,1.159500002861023,171
2026-06-05T13:26:00.000Z,6E,1.159500002861023,1.159600019454956,1.159350037574768,1.159350037574768,171
2026-06-05T13:27:00.000Z,6E,1.1593999862670898,1.1594500541687012,1.1590499877929688,1.1590499877929688,560
2026-06-05T13:28:00.000Z,6E,1.15910005569458,1.1591999530792236,1.1589499711990356,1.159000039100647,314
2026-06-05T13:29:00.000Z,6E,1.159000039100647,1.159000039100647,1.1588000059127808,1.1589000225067139,406
2026-06-05T13:30:00.000Z,6E,1.1589000225067139,1.159000039100647,1.158750057220459,1.158750057220459,699
2026-06-05T13:31:00.000Z,6E,1.1586999893188477,1.1588499546051025,1.1585500240325928,1.1585999727249146,676
2026-06-05T13:32:00.000Z,6E,1.1586500406265259,1.1589000225067139,1.1585999727249146,1.158750057220459,316
2026-06-05T13:33:00.000Z,6E,1.158750057220459,1.1590499877929688,1.158750057220459,1.159000039100647,394
2026-06-05T13:34:00.000Z,6E,1.159000039100647,1.1590499877929688,1.1588499546051025,1.1588499546051025,243
2026-06-05T13:35:00.000Z,6E,1.1588499546051025,1.1590499877929688,1.1588499546051025,1.1590499877929688,454
2026-06-05T13:36:00.000Z,6E,1.15910005569458,1.15910005569458,1.1588499546051025,1.1588499546051025,287
2026-06-05T13:37:00.000Z,6E,1.1588499546051025,1.1588499546051025,1.1584999561309814,1.1585500240325928,917
2026-06-05T13:38:00.000Z,6E,1.1584999561309814,1.1585999727249146,1.158400058746338,1.158400058746338,356
2026-06-05T13:39:00.000Z,6E,1.158400058746338,1.1584999561309814,1.158400058746338,1.1584500074386597,315
2026-06-05T13:40:00.000Z,6E,1.1585500240325928,1.1585999727249146,1.1584500074386597,1.1584999561309814,445
2026-06-05T13:41:00.000Z,6E,1.1585500240325928,1.1585500240325928,1.158400058746338,1.1584500074386597,533
2026-06-05T13:42:00.000Z,6E,1.1584500074386597,1.1584500074386597,1.1581000089645386,1.1581000089645386,707
2026-06-05T13:43:00.000Z,6E,1.1581499576568604,1.158400058746338,1.1581000089645386,1.1583499908447266,521
2026-06-05T13:44:00.000Z,6E,1.1583499908447266,1.1585999727249146,1.1583000421524048,1.1584999561309814,1444
2026-06-05T13:45:00.000Z,6E,1.1585500240325928,1.1589000225067139,1.1585500240325928,1.1586500406265259,723
2026-06-05T13:46:00.000Z,6E,1.1586500406265259,1.1589000225067139,1.1585999727249146,1.1588499546051025,632
2026-06-05T13:47:00.000Z,6E,1.1588499546051025,1.1589499711990356,1.1586999893188477,1.1588499546051025,1586
2026-06-05T13:48:00.000Z,6E,1.1589000225067139,1.1589000225067139,1.158750057220459,1.158750057220459,373
2026-06-05T13:49:00.000Z,6E,1.1588000059127808,1.1588499546051025,1.158750057220459,1.158750057220459,285
2026-06-05T13:50:00.000Z,6E,1.158750057220459,1.158750057220459,1.1583499908447266,1.1584999561309814,1478
2026-06-05T13:51:00.000Z,6E,1.1584999561309814,1.1584999561309814,1.1577500104904175,1.1579500436782837,2263
2026-06-05T13:52:00.000Z,6E,1.1579999923706055,1.1581499576568604,1.1577500104904175,1.1580499410629272,1520
2026-06-05T13:53:00.000Z,6E,1.1580499410629272,1.1581000089645386,1.1578999757766724,1.1579500436782837,248
2026-06-05T13:54:00.000Z,6E,1.1579500436782837,1.1582000255584717,1.1578999757766724,1.1582000255584717,177
2026-06-05T13:55:00.000Z,6E,1.1582000255584717,1.1583000421524048,1.1578500270843506,1.1579999923706055,591
2026-06-05T13:56:00.000Z,6E,1.1580499410629272,1.1581000089645386,1.1579500436782837,1.1580499410629272,370
2026-06-05T13:57:00.000Z,6E,1.1580499410629272,1.1581000089645386,1.1579500436782837,1.1581000089645386,631
2026-06-05T13:58:00.000Z,6E,1.1581000089645386,1.1581499576568604,1.1579500436782837,1.1579500436782837,477
2026-06-05T13:59:00.000Z,6E,1.1579500436782837,1.1579500436782837,1.1575499773025513,1.1576000452041626,1216
2026-06-05T14:00:00.000Z,6E,1.1576499938964844,1.1576499938964844,1.1574499607086182,1.1576000452041626,1018
2026-06-05T14:01:00.000Z,6E,1.1576000452041626,1.1576499938964844,1.1574000120162964,1.1575000286102295,712
2026-06-05T14:02:00.000Z,6E,1.1575000286102295,1.1584999561309814,1.1575000286102295,1.158400058746338,2572
2026-06-05T14:03:00.000Z,6E,1.158400058746338,1.158400058746338,1.1579500436782837,1.1580499410629272,801
2026-06-05T14:04:00.000Z,6E,1.1580499410629272,1.1581000089645386,1.1576000452041626,1.1577999591827393,535
2026-06-05T14:05:00.000Z,6E,1.1578500270843506,1.1581000089645386,1.1576999425888062,1.1577500104904175,1135
2026-06-05T14:06:00.000Z,6E,1.1576999425888062,1.1576999425888062,1.1571999788284302,1.1572500467300415,1096
2026-06-05T14:07:00.000Z,6E,1.1572500467300415,1.157349944114685,1.1571500301361084,1.1572500467300415,534
2026-06-05T14:08:00.000Z,6E,1.1572500467300415,1.1572500467300415,1.157099962234497,1.1571999788284302,404
2026-06-05T14:09:00.000Z,6E,1.1571999788284302,1.1571999788284302,1.1569499969482422,1.157099962234497,1146
2026-06-05T14:10:00.000Z,6E,1.157099962234497,1.1572999954223633,1.1570500135421753,1.1570500135421753,786
2026-06-05T14:11:00.000Z,6E,1.1570500135421753,1.157099962234497,1.156749963760376,1.1568000316619873,628
2026-06-05T14:12:00.000Z,6E,1.156849980354309,1.1569000482559204,1.1567000150680542,1.1567000150680542,517
2026-06-05T14:13:00.000Z,6E,1.1567000150680542,1.1568000316619873,1.1565500497817993,1.1565500497817993,544
2026-06-05T14:14:00.000Z,6E,1.1565500497817993,1.1567000150680542,1.156499981880188,1.1567000150680542,322
2026-06-05T14:15:00.000Z,6E,1.1566499471664429,1.1566499471664429,1.1564500331878662,1.156499981880188,522
2026-06-05T14:16:00.000Z,6E,1.156499981880188,1.1567000150680542,1.1563999652862549,1.1564500331878662,2336
2026-06-05T14:17:00.000Z,6E,1.1564500331878662,1.156499981880188,1.156350016593933,1.156499981880188,1363
2026-06-05T14:18:00.000Z,6E,1.156499981880188,1.1565500497817993,1.156350016593933,1.156350016593933,251
2026-06-05T14:19:00.000Z,6E,1.156350016593933,1.1563999652862549,1.1562000513076782,1.1563999652862549,524
2026-06-05T14:20:00.000Z,6E,1.1563999652862549,1.1563999652862549,1.15625,1.1563999652862549,371
2026-06-05T14:21:00.000Z,6E,1.1564500331878662,1.156499981880188,1.1562000513076782,1.156350016593933,371
2026-06-05T14:22:00.000Z,6E,1.156350016593933,1.156350016593933,1.1561000347137451,1.156149983406067,291
2026-06-05T14:23:00.000Z,6E,1.156149983406067,1.1562999486923218,1.156149983406067,1.15625,435
2026-06-05T14:24:00.000Z,6E,1.1562000513076782,1.15625,1.1559499502182007,1.156000018119812,607
2026-06-05T14:25:00.000Z,6E,1.1560499668121338,1.156149983406067,1.1558500528335571,1.1558500528335571,519
2026-06-05T14:26:00.000Z,6E,1.155900001525879,1.1559499502182007,1.155900001525879,1.1559499502182007,195
2026-06-05T14:27:00.000Z,6E,1.1559499502182007,1.156000018119812,1.155900001525879,1.156000018119812,276
2026-06-05T14:28:00.000Z,6E,1.156000018119812,1.1560499668121338,1.155900001525879,1.156000018119812,240
2026-06-05T14:29:00.000Z,6E,1.1560499668121338,1.1561000347137451,1.1559499502182007,1.156000018119812,525
2026-06-05T14:30:00.000Z,6E,1.156000018119812,1.15625,1.1559499502182007,1.15625,577
2026-06-05T14:31:00.000Z,6E,1.15625,1.156499981880188,1.15625,1.1564500331878662,2113
2026-06-05T14:32:00.000Z,6E,1.1564500331878662,1.1566499471664429,1.1562999486923218,1.1562999486923218,573
2026-06-05T14:33:00.000Z,6E,1.15625,1.1564500331878662,1.15625,1.1563999652862549,221
2026-06-05T14:34:00.000Z,6E,1.1563999652862549,1.1563999652862549,1.1562000513076782,1.15625,423
2026-06-05T14:35:00.000Z,6E,1.1562999486923218,1.1563999652862549,1.156149983406067,1.156350016593933,487
2026-06-05T14:36:00.000Z,6E,1.1562999486923218,1.1562999486923218,1.1560499668121338,1.1561000347137451,1102
2026-06-05T14:37:00.000Z,6E,1.156149983406067,1.1562000513076782,1.155900001525879,1.1560499668121338,342
2026-06-05T14:38:00.000Z,6E,1.1560499668121338,1.156149983406067,1.1560499668121338,1.1561000347137451,148
2026-06-05T14:39:00.000Z,6E,1.1561000347137451,1.156149983406067,1.1560499668121338,1.1561000347137451,188
2026-06-05T14:40:00.000Z,6E,1.1561000347137451,1.156149983406067,1.1561000347137451,1.1561000347137451,196
2026-06-05T14:41:00.000Z,6E,1.1561000347137451,1.1562000513076782,1.156000018119812,1.156000018119812,464
2026-06-05T14:42:00.000Z,6E,1.156000018119812,1.1560499668121338,1.155900001525879,1.156000018119812,332
2026-06-05T14:43:00.000Z,6E,1.1559499502182007,1.1559499502182007,1.155650019645691,1.1556999683380127,972
2026-06-05T14:44:00.000Z,6E,1.1556999683380127,1.1556999683380127,1.155400037765503,1.1555500030517578,1415
2026-06-05T14:45:00.000Z,6E,1.1555999517440796,1.1558500528335571,1.1555999517440796,1.1556999683380127,294
2026-06-05T14:46:00.000Z,6E,1.1556999683380127,1.156000018119812,1.1556999683380127,1.156000018119812,322
2026-06-05T14:47:00.000Z,6E,1.156000018119812,1.1561000347137451,1.1559499502182007,1.1561000347137451,337
2026-06-05T14:48:00.000Z,6E,1.156149983406067,1.1562000513076782,1.156000018119812,1.1561000347137451,674
2026-06-05T14:49:00.000Z,6E,1.1561000347137451,1.156149983406067,1.1561000347137451,1.1561000347137451,1121
2026-06-05T14:50:00.000Z,6E,1.1561000347137451,1.156149983406067,1.155900001525879,1.156149983406067,393
2026-06-05T14:51:00.000Z,6E,1.156149983406067,1.1562000513076782,1.156000018119812,1.1561000347137451,238
2026-06-05T14:52:00.000Z,6E,1.156149983406067,1.156149983406067,1.156000018119812,1.1561000347137451,1175
2026-06-05T14:53:00.000Z,6E,1.1561000347137451,1.156149983406067,1.1559499502182007,1.1560499668121338,352
2026-06-05T14:54:00.000Z,6E,1.1560499668121338,1.1561000347137451,1.155650019645691,1.1556999683380127,1062
2026-06-05T14:55:00.000Z,6E,1.1556999683380127,1.1557999849319458,1.1555999517440796,1.1557999849319458,720
2026-06-05T14:56:00.000Z,6E,1.1557999849319458,1.156000018119812,1.1557999849319458,1.155900001525879,738
2026-06-05T14:57:00.000Z,6E,1.1559499502182007,1.1563999652862549,1.155900001525879,1.1563999652862549,1499
2026-06-05T14:58:00.000Z,6E,1.156350016593933,1.1564500331878662,1.15625,1.156350016593933,2098
2026-06-05T14:59:00.000Z,6E,1.156350016593933,1.156350016593933,1.1562000513076782,1.1562999486923218,1650
2026-06-05T15:00:00.000Z,6E,1.156350016593933,1.1563999652862549,1.1562000513076782,1.1562000513076782,1766
2026-06-05T15:01:00.000Z,6E,1.1562000513076782,1.15625,1.1560499668121338,1.1561000347137451,953
2026-06-05T15:02:00.000Z,6E,1.1561000347137451,1.156149983406067,1.156000018119812,1.1560499668121338,797
2026-06-05T15:03:00.000Z,6E,1.1560499668121338,1.156149983406067,1.155900001525879,1.1559499502182007,494
2026-06-05T15:04:00.000Z,6E,1.155900001525879,1.156000018119812,1.1558500528335571,1.1559499502182007,491
2026-06-05T15:05:00.000Z,6E,1.1559499502182007,1.156000018119812,1.1558500528335571,1.1558500528335571,760
2026-06-05T15:06:00.000Z,6E,1.1558500528335571,1.1559499502182007,1.1558500528335571,1.155900001525879,306
2026-06-05T15:07:00.000Z,6E,1.1558500528335571,1.1558500528335571,1.1555999517440796,1.1555999517440796,445
2026-06-05T15:08:00.000Z,6E,1.1555999517440796,1.155650019645691,1.155500054359436,1.1555999517440796,434
2026-06-05T15:09:00.000Z,6E,1.155650019645691,1.1556999683380127,1.155500054359436,1.1555500030517578,715
2026-06-05T15:10:00.000Z,6E,1.155500054359436,1.155500054359436,1.1553499698638916,1.1553499698638916,629
2026-06-05T15:11:00.000Z,6E,1.1553000211715698,1.1554499864578247,1.1550999879837036,1.1550999879837036,1086
2026-06-05T15:12:00.000Z,6E,1.155150055885315,1.1552000045776367,1.1549999713897705,1.1549999713897705,968
2026-06-05T15:13:00.000Z,6E,1.1550999879837036,1.1552499532699585,1.1550500392913818,1.1550999879837036,420
2026-06-05T15:14:00.000Z,6E,1.1550999879837036,1.1552000045776367,1.1550500392913818,1.1550500392913818,213
2026-06-05T15:15:00.000Z,6E,1.1550500392913818,1.1550999879837036,1.1549500226974487,1.1549500226974487,328
2026-06-05T15:16:00.000Z,6E,1.1549500226974487,1.155150055885315,1.1548500061035156,1.1550999879837036,10387
2026-06-05T15:17:00.000Z,6E,1.1550500392913818,1.1550500392913818,1.1548999547958374,1.1550500392913818,9577
2026-06-05T15:18:00.000Z,6E,1.1550999879837036,1.1550999879837036,1.1549500226974487,1.1549999713897705,125
2026-06-05T15:19:00.000Z,6E,1.1549500226974487,1.1549999713897705,1.1548500061035156,1.1549999713897705,203
2026-06-05T15:20:00.000Z,6E,1.1549999713897705,1.1549999713897705,1.1548500061035156,1.1548999547958374,153
2026-06-05T15:21:00.000Z,6E,1.1548999547958374,1.1550500392913818,1.1547499895095825,1.1549999713897705,445
2026-06-05T15:22:00.000Z,6E,1.1549999713897705,1.155150055885315,1.1549999713897705,1.1550999879837036,170
2026-06-05T15:23:00.000Z,6E,1.155150055885315,1.1555500030517578,1.155150055885315,1.1553000211715698,1046
2026-06-05T15:24:00.000Z,6E,1.1552499532699585,1.1553499698638916,1.155150055885315,1.155150055885315,117
2026-06-05T15:25:00.000Z,6E,1.155150055885315,1.1553000211715698,1.155150055885315,1.1552499532699585,237
2026-06-05T15:26:00.000Z,6E,1.1552499532699585,1.1553000211715698,1.1550500392913818,1.1550500392913818,108
2026-06-05T15:27:00.000Z,6E,1.1550500392913818,1.1552000045776367,1.1550500392913818,1.1550999879837036,836
2026-06-05T15:28:00.000Z,6E,1.1550999879837036,1.1552000045776367,1.1550999879837036,1.1550999879837036,1873
2026-06-05T15:29:00.000Z,6E,1.1550500392913818,1.1550500392913818,1.1549999713897705,1.1550500392913818,147
2026-06-05T15:30:00.000Z,6E,1.1550500392913818,1.1552000045776367,1.1549500226974487,1.1550500392913818,1294
2026-06-05T15:31:00.000Z,6E,1.1550500392913818,1.1552000045776367,1.1550500392913818,1.1550999879837036,473
2026-06-05T15:32:00.000Z,6E,1.1550999879837036,1.1550999879837036,1.1550500392913818,1.1550500392913818,31
2026-06-05T15:33:00.000Z,6E,1.1549999713897705,1.1549999713897705,1.1546499729156494,1.1547499895095825,223
2026-06-05T15:34:00.000Z,6E,1.1547000408172607,1.1547000408172607,1.1545499563217163,1.1546000242233276,314
2026-06-05T15:35:00.000Z,6E,1.1546000242233276,1.1547000408172607,1.1546000242233276,1.1547000408172607,171
2026-06-05T15:36:00.000Z,6E,1.1547000408172607,1.1547000408172607,1.1542999744415283,1.1543500423431396,725
2026-06-05T15:37:00.000Z,6E,1.1543500423431396,1.1543500423431396,1.1539499759674072,1.1539499759674072,852
2026-06-05T15:38:00.000Z,6E,1.1539499759674072,1.1541500091552734,1.1539499759674072,1.1540000438690186,501
2026-06-05T15:39:00.000Z,6E,1.1539499759674072,1.154099941253662,1.1539000272750854,1.1540000438690186,311
2026-06-05T15:40:00.000Z,6E,1.1540000438690186,1.1540499925613403,1.1539499759674072,1.1540000438690186,163
2026-06-05T15:41:00.000Z,6E,1.1540000438690186,1.1540000438690186,1.1539000272750854,1.1540000438690186,128
2026-06-05T15:42:00.000Z,6E,1.1540000438690186,1.1541500091552734,1.1539499759674072,1.1541500091552734,229
2026-06-05T15:43:00.000Z,6E,1.1540499925613403,1.1540499925613403,1.1539000272750854,1.1539499759674072,116
2026-06-05T15:44:00.000Z,6E,1.1539499759674072,1.1540499925613403,1.1539000272750854,1.1540499925613403,124
2026-06-05T15:45:00.000Z,6E,1.1540499925613403,1.1540499925613403,1.1539499759674072,1.1540000438690186,102
2026-06-05T15:46:00.000Z,6E,1.1539499759674072,1.1540000438690186,1.1539000272750854,1.1540000438690186,341
2026-06-05T15:47:00.000Z,6E,1.1540000438690186,1.1540000438690186,1.1536999940872192,1.1536999940872192,259
2026-06-05T15:48:00.000Z,6E,1.1536500453948975,1.1538499593734741,1.1536500453948975,1.1538499593734741,280
2026-06-05T15:49:00.000Z,6E,1.1538499593734741,1.1538499593734741,1.153749942779541,1.153749942779541,230
2026-06-05T15:50:00.000Z,6E,1.153749942779541,1.1538000106811523,1.1536999940872192,1.1536999940872192,139
2026-06-05T15:51:00.000Z,6E,1.153749942779541,1.1538499593734741,1.153749942779541,1.1538000106811523,504
2026-06-05T15:52:00.000Z,6E,1.1538000106811523,1.1539499759674072,1.153749942779541,1.1539000272750854,207
2026-06-05T15:53:00.000Z,6E,1.1539000272750854,1.1539000272750854,1.153749942779541,1.153749942779541,136
2026-06-05T15:54:00.000Z,6E,1.1538000106811523,1.1538499593734741,1.153749942779541,1.153749942779541,102
2026-06-05T15:55:00.000Z,6E,1.153749942779541,1.1538499593734741,1.1536500453948975,1.1536999940872192,834
2026-06-05T15:56:00.000Z,6E,1.1536999940872192,1.153749942779541,1.1536500453948975,1.1536999940872192,362
2026-06-05T15:57:00.000Z,6E,1.1536999940872192,1.153749942779541,1.1535999774932861,1.153749942779541,169
2026-06-05T15:58:00.000Z,6E,1.1536999940872192,1.1536999940872192,1.1535999774932861,1.1535999774932861,219
2026-06-05T15:59:00.000Z,6E,1.1535999774932861,1.1536999940872192,1.1535500288009644,1.1535999774932861,128
2026-06-05T16:00:00.000Z,6E,1.1536999940872192,1.1536999940872192,1.15339994430542,1.153499960899353,388
2026-06-05T16:01:00.000Z,6E,1.153499960899353,1.1536999940872192,1.1534500122070312,1.1535999774932861,278
2026-06-05T16:02:00.000Z,6E,1.1536500453948975,1.1536500453948975,1.15339994430542,1.1534500122070312,253
2026-06-05T16:03:00.000Z,6E,1.1534500122070312,1.1535500288009644,1.1533499956130981,1.15339994430542,384
2026-06-05T16:04:00.000Z,6E,1.1533499956130981,1.15339994430542,1.1533000469207764,1.1533499956130981,416
2026-06-05T16:05:00.000Z,6E,1.1533499956130981,1.1534500122070312,1.1533000469207764,1.1533499956130981,837
2026-06-05T16:06:00.000Z,6E,1.1533499956130981,1.1533499956130981,1.153149962425232,1.1532000303268433,495
2026-06-05T16:07:00.000Z,6E,1.1532000303268433,1.1533000469207764,1.153149962425232,1.153149962425232,523
2026-06-05T16:08:00.000Z,6E,1.153149962425232,1.1532000303268433,1.1530499458312988,1.1531000137329102,850
2026-06-05T16:09:00.000Z,6E,1.1531000137329102,1.153149962425232,1.1530499458312988,1.1531000137329102,398
2026-06-05T16:10:00.000Z,6E,1.1531000137329102,1.153249979019165,1.1531000137329102,1.153149962425232,689
2026-06-05T16:11:00.000Z,6E,1.1532000303268433,1.1533499956130981,1.1532000303268433,1.1533000469207764,203
2026-06-05T16:12:00.000Z,6E,1.1533499956130981,1.1533499956130981,1.1532000303268433,1.1532000303268433,529
2026-06-05T16:13:00.000Z,6E,1.153249979019165,1.15339994430542,1.1532000303268433,1.1533000469207764,290
2026-06-05T16:14:00.000Z,6E,1.1533499956130981,1.1534500122070312,1.153249979019165,1.153249979019165,353
2026-06-05T16:15:00.000Z,6E,1.1532000303268433,1.153249979019165,1.1531000137329102,1.1531000137329102,514
2026-06-05T16:16:00.000Z,6E,1.1531000137329102,1.1531000137329102,1.1526999473571777,1.1528500318527222,970
2026-06-05T16:17:00.000Z,6E,1.152899980545044,1.1529500484466553,1.152750015258789,1.152899980545044,368
2026-06-05T16:18:00.000Z,6E,1.152899980545044,1.152899980545044,1.1526999473571777,1.1527999639511108,259
2026-06-05T16:19:00.000Z,6E,1.1527999639511108,1.1528500318527222,1.152750015258789,1.1528500318527222,246
2026-06-05T16:20:00.000Z,6E,1.152899980545044,1.1529500484466553,1.152750015258789,1.152750015258789,370
2026-06-05T16:21:00.000Z,6E,1.1527999639511108,1.152999997138977,1.152750015258789,1.152899980545044,272
2026-06-05T16:22:00.000Z,6E,1.1529500484466553,1.1529500484466553,1.1528500318527222,1.152899980545044,280
2026-06-05T16:23:00.000Z,6E,1.1529500484466553,1.1529500484466553,1.1528500318527222,1.1528500318527222,272
2026-06-05T16:24:00.000Z,6E,1.1528500318527222,1.1529500484466553,1.1527999639511108,1.152899980545044,403
2026-06-05T16:25:00.000Z,6E,1.1529500484466553,1.153149962425232,1.1529500484466553,1.153149962425232,690
2026-06-05T16:26:00.000Z,6E,1.153149962425232,1.1534500122070312,1.153149962425232,1.1533499956130981,488
2026-06-05T16:27:00.000Z,6E,1.1533000469207764,1.1533000469207764,1.153249979019165,1.153249979019165,397
2026-06-05T16:28:00.000Z,6E,1.153249979019165,1.1533499956130981,1.1532000303268433,1.1533000469207764,278
2026-06-05T16:29:00.000Z,6E,1.153249979019165,1.153249979019165,1.1530499458312988,1.1531000137329102,215
2026-06-05T16:30:00.000Z,6E,1.1530499458312988,1.1530499458312988,1.1529500484466553,1.1530499458312988,121
2026-06-05T16:31:00.000Z,6E,1.1530499458312988,1.1531000137329102,1.152750015258789,1.152750015258789,296
2026-06-05T16:32:00.000Z,6E,1.1527999639511108,1.1528500318527222,1.1526999473571777,1.152750015258789,237
2026-06-05T16:33:00.000Z,6E,1.152750015258789,1.152750015258789,1.1526999473571777,1.1526999473571777,86
2026-06-05T16:34:00.000Z,6E,1.152750015258789,1.152899980545044,1.1526999473571777,1.1528500318527222,134
2026-06-05T16:35:00.000Z,6E,1.1527999639511108,1.1528500318527222,1.1526999473571777,1.1526999473571777,433
2026-06-05T16:36:00.000Z,6E,1.152750015258789,1.1528500318527222,1.1526999473571777,1.152750015258789,224
2026-06-05T16:37:00.000Z,6E,1.1526999473571777,1.1527999639511108,1.1526999473571777,1.152750015258789,80
2026-06-05T16:38:00.000Z,6E,1.1527999639511108,1.1528500318527222,1.152750015258789,1.1527999639511108,286
2026-06-05T16:39:00.000Z,6E,1.1528500318527222,1.1528500318527222,1.1527999639511108,1.1527999639511108,114
2026-06-05T16:40:00.000Z,6E,1.1527999639511108,1.1527999639511108,1.152750015258789,1.1527999639511108,181
2026-06-05T16:41:00.000Z,6E,1.1527999639511108,1.1527999639511108,1.152649998664856,1.1526999473571777,550
2026-06-05T16:42:00.000Z,6E,1.1526999473571777,1.152750015258789,1.152649998664856,1.152649998664856,145
2026-06-05T16:43:00.000Z,6E,1.1526999473571777,1.1527999639511108,1.1526999473571777,1.1527999639511108,133
2026-06-05T16:44:00.000Z,6E,1.1527999639511108,1.1529500484466553,1.152750015258789,1.152899980545044,169
2026-06-05T16:45:00.000Z,6E,1.152899980545044,1.1529500484466553,1.1528500318527222,1.152899980545044,160
2026-06-05T16:46:00.000Z,6E,1.1529500484466553,1.1531000137329102,1.1529500484466553,1.1530499458312988,169
2026-06-05T16:47:00.000Z,6E,1.152999997138977,1.1531000137329102,1.1529500484466553,1.1530499458312988,133
2026-06-05T16:48:00.000Z,6E,1.1531000137329102,1.153149962425232,1.1530499458312988,1.153149962425232,218
2026-06-05T16:49:00.000Z,6E,1.1531000137329102,1.1531000137329102,1.152999997138977,1.1531000137329102,141
2026-06-05T16:50:00.000Z,6E,1.1531000137329102,1.153149962425232,1.1530499458312988,1.1531000137329102,143
2026-06-05T16:51:00.000Z,6E,1.1531000137329102,1.1533499956130981,1.1531000137329102,1.1533000469207764,707
2026-06-05T16:52:00.000Z,6E,1.1533000469207764,1.1533000469207764,1.1532000303268433,1.1532000303268433,216
2026-06-05T16:53:00.000Z,6E,1.153249979019165,1.153249979019165,1.1532000303268433,1.153249979019165,169
2026-06-05T16:54:00.000Z,6E,1.153249979019165,1.1533499956130981,1.1532000303268433,1.1533499956130981,130
2026-06-05T16:55:00.000Z,6E,1.1533499956130981,1.15339994430542,1.1532000303268433,1.153249979019165,347
2026-06-05T16:56:00.000Z,6E,1.153249979019165,1.15339994430542,1.153249979019165,1.1533000469207764,179
2026-06-05T16:57:00.000Z,6E,1.1533000469207764,1.1535500288009644,1.1533000469207764,1.1535500288009644,227
2026-06-05T16:58:00.000Z,6E,1.1535500288009644,1.1536500453948975,1.153499960899353,1.1536500453948975,477
2026-06-05T16:59:00.000Z,6E,1.1536500453948975,1.1536999940872192,1.1535500288009644,1.1535999774932861,359
2026-06-05T17:00:00.000Z,6E,1.1536500453948975,1.1536999940872192,1.153499960899353,1.1535500288009644,227
2026-06-05T17:01:00.000Z,6E,1.1535500288009644,1.1535999774932861,1.1535500288009644,1.1535500288009644,152
2026-06-05T17:02:00.000Z,6E,1.1535500288009644,1.1535999774932861,1.1534500122070312,1.1534500122070312,367
2026-06-05T17:03:00.000Z,6E,1.15339994430542,1.1534500122070312,1.153249979019165,1.1534500122070312,221
2026-06-05T17:04:00.000Z,6E,1.1534500122070312,1.1535500288009644,1.15339994430542,1.15339994430542,189
2026-06-05T17:05:00.000Z,6E,1.15339994430542,1.153499960899353,1.1533000469207764,1.1534500122070312,378
2026-06-05T17:06:00.000Z,6E,1.1534500122070312,1.1534500122070312,1.1533499956130981,1.1533499956130981,36
2026-06-05T17:07:00.000Z,6E,1.1533000469207764,1.1533499956130981,1.1533000469207764,1.1533000469207764,65
2026-06-05T17:08:00.000Z,6E,1.1533499956130981,1.1533499956130981,1.1532000303268433,1.153249979019165,200
2026-06-05T17:09:00.000Z,6E,1.153249979019165,1.153249979019165,1.153149962425232,1.153149962425232,98
2026-06-05T17:10:00.000Z,6E,1.1532000303268433,1.153249979019165,1.1532000303268433,1.153249979019165,260
2026-06-05T17:11:00.000Z,6E,1.153249979019165,1.1533000469207764,1.153149962425232,1.153149962425232,323
2026-06-05T17:12:00.000Z,6E,1.1531000137329102,1.1532000303268433,1.1531000137329102,1.153149962425232,224
2026-06-05T17:13:00.000Z,6E,1.153149962425232,1.1533499956130981,1.153149962425232,1.1533000469207764,136
2026-06-05T17:14:00.000Z,6E,1.1533499956130981,1.1533499956130981,1.153249979019165,1.1533499956130981,41
2026-06-05T17:15:00.000Z,6E,1.1533000469207764,1.1533000469207764,1.153249979019165,1.1533000469207764,84
2026-06-05T17:16:00.000Z,6E,1.1533000469207764,1.1533000469207764,1.153149962425232,1.1532000303268433,88
2026-06-05T17:17:00.000Z,6E,1.1532000303268433,1.1532000303268433,1.1532000303268433,1.1532000303268433,49
2026-06-05T17:18:00.000Z,6E,1.1532000303268433,1.1532000303268433,1.1532000303268433,1.1532000303268433,79
2026-06-05T17:19:00.000Z,6E,1.153149962425232,1.1532000303268433,1.1531000137329102,1.153149962425232,103
2026-06-05T17:20:00.000Z,6E,1.1532000303268433,1.1532000303268433,1.153149962425232,1.1532000303268433,59
2026-06-05T17:21:00.000Z,6E,1.153249979019165,1.1533000469207764,1.153249979019165,1.153249979019165,75
2026-06-05T17:22:00.000Z,6E,1.1532000303268433,1.1533499956130981,1.1532000303268433,1.1533499956130981,163
2026-06-05T17:23:00.000Z,6E,1.1533000469207764,1.1533000469207764,1.153149962425232,1.1532000303268433,76
2026-06-05T17:24:00.000Z,6E,1.1532000303268433,1.153249979019165,1.153149962425232,1.153249979019165,71
2026-06-05T17:25:00.000Z,6E,1.1533000469207764,1.1533499956130981,1.1532000303268433,1.1532000303268433,91
2026-06-05T17:26:00.000Z,6E,1.1532000303268433,1.153249979019165,1.153149962425232,1.1532000303268433,484
2026-06-05T17:27:00.000Z,6E,1.1532000303268433,1.1532000303268433,1.152999997138977,1.1530499458312988,103
2026-06-05T17:28:00.000Z,6E,1.1531000137329102,1.153149962425232,1.1530499458312988,1.1530499458312988,64
2026-06-05T17:29:00.000Z,6E,1.1531000137329102,1.1531000137329102,1.1530499458312988,1.1531000137329102,41
2026-06-05T17:30:00.000Z,6E,1.1531000137329102,1.153149962425232,1.1531000137329102,1.1531000137329102,53
2026-06-05T17:31:00.000Z,6E,1.1531000137329102,1.1531000137329102,1.152999997138977,1.152999997138977,55
2026-06-05T17:32:00.000Z,6E,1.152999997138977,1.152999997138977,1.152899980545044,1.152899980545044,86
2026-06-05T17:33:00.000Z,6E,1.1528500318527222,1.152899980545044,1.1527999639511108,1.1528500318527222,42
2026-06-05T17:34:00.000Z,6E,1.1527999639511108,1.152899980545044,1.1527999639511108,1.152899980545044,116
2026-06-05T17:35:00.000Z,6E,1.1529500484466553,1.1529500484466553,1.1527999639511108,1.1527999639511108,89
2026-06-05T17:36:00.000Z,6E,1.1528500318527222,1.1528500318527222,1.152750015258789,1.1528500318527222,85
2026-06-05T17:37:00.000Z,6E,1.152899980545044,1.152999997138977,1.152899980545044,1.1529500484466553,132
2026-06-05T17:38:00.000Z,6E,1.1529500484466553,1.152999997138977,1.152899980545044,1.1529500484466553,86
2026-06-05T17:39:00.000Z,6E,1.152899980545044,1.1529500484466553,1.152899980545044,1.1529500484466553,88
2026-06-05T17:40:00.000Z,6E,1.152999997138977,1.1531000137329102,1.1529500484466553,1.1529500484466553,38
2026-06-05T17:41:00.000Z,6E,1.152899980545044,1.152899980545044,1.152750015258789,1.152750015258789,78
2026-06-05T17:42:00.000Z,6E,1.152750015258789,1.1527999639511108,1.152649998664856,1.152750015258789,213
2026-06-05T17:43:00.000Z,6E,1.152750015258789,1.152750015258789,1.152649998664856,1.152750015258789,106
2026-06-05T17:44:00.000Z,6E,1.1526999473571777,1.152750015258789,1.1526000499725342,1.152649998664856,154
2026-06-05T17:45:00.000Z,6E,1.152649998664856,1.152750015258789,1.152649998664856,1.1526999473571777,58
2026-06-05T17:46:00.000Z,6E,1.1526999473571777,1.1526999473571777,1.1526000499725342,1.1526000499725342,350
2026-06-05T17:47:00.000Z,6E,1.1526000499725342,1.1526000499725342,1.152400016784668,1.152500033378601,258
2026-06-05T17:48:00.000Z,6E,1.152500033378601,1.152500033378601,1.152400016784668,1.152400016784668,217
2026-06-05T17:49:00.000Z,6E,1.152400016784668,1.1525499820709229,1.1523499488830566,1.152500033378601,535
2026-06-05T17:50:00.000Z,6E,1.1524499654769897,1.1526000499725342,1.1524499654769897,1.1525499820709229,141
2026-06-05T17:51:00.000Z,6E,1.1526000499725342,1.152649998664856,1.152500033378601,1.152500033378601,272
2026-06-05T17:52:00.000Z,6E,1.1525499820709229,1.1525499820709229,1.152500033378601,1.152500033378601,91
2026-06-05T17:53:00.000Z,6E,1.152500033378601,1.1525499820709229,1.152400016784668,1.1525499820709229,330
2026-06-05T17:54:00.000Z,6E,1.1525499820709229,1.1525499820709229,1.152500033378601,1.1525499820709229,120
2026-06-05T17:55:00.000Z,6E,1.1525499820709229,1.152649998664856,1.152500033378601,1.152649998664856,202
2026-06-05T17:56:00.000Z,6E,1.1526000499725342,1.1527999639511108,1.1526000499725342,1.1526999473571777,686
2026-06-05T17:57:00.000Z,6E,1.1526999473571777,1.1529500484466553,1.152649998664856,1.152899980545044,361
2026-06-05T17:58:00.000Z,6E,1.152899980545044,1.1529500484466553,1.1527999639511108,1.152899980545044,459
2026-06-05T17:59:00.000Z,6E,1.152899980545044,1.152899980545044,1.152750015258789,1.1528500318527222,145
2026-06-05T18:00:00.000Z,6E,1.1528500318527222,1.152899980545044,1.1527999639511108,1.1527999639511108,316
2026-06-05T18:01:00.000Z,6E,1.1528500318527222,1.152899980545044,1.1527999639511108,1.152899980545044,236
2026-06-05T18:02:00.000Z,6E,1.152899980545044,1.152899980545044,1.1525499820709229,1.1526000499725342,274
2026-06-05T18:03:00.000Z,6E,1.1526000499725342,1.1526999473571777,1.152500033378601,1.1526000499725342,453
2026-06-05T18:04:00.000Z,6E,1.1526000499725342,1.1526000499725342,1.1524499654769897,1.152500033378601,72
2026-06-05T18:05:00.000Z,6E,1.152400016784668,1.152500033378601,1.152400016784668,1.152400016784668,209
2026-06-05T18:06:00.000Z,6E,1.1524499654769897,1.1524499654769897,1.1523499488830566,1.152400016784668,175
2026-06-05T18:07:00.000Z,6E,1.152400016784668,1.1524499654769897,1.152400016784668,1.152400016784668,430
2026-06-05T18:08:00.000Z,6E,1.152400016784668,1.1525499820709229,1.152400016784668,1.152500033378601,135
2026-06-05T18:09:00.000Z,6E,1.1524499654769897,1.1526000499725342,1.152400016784668,1.152500033378601,182
2026-06-05T18:10:00.000Z,6E,1.1524499654769897,1.152500033378601,1.1524499654769897,1.1524499654769897,37
2026-06-05T18:11:00.000Z,6E,1.1524499654769897,1.152500033378601,1.1523499488830566,1.152400016784668,95
2026-06-05T18:12:00.000Z,6E,1.152400016784668,1.152500033378601,1.152400016784668,1.152500033378601,218
2026-06-05T18:13:00.000Z,6E,1.152500033378601,1.152649998664856,1.1524499654769897,1.1526000499725342,104
2026-06-05T18:14:00.000Z,6E,1.1526000499725342,1.1526000499725342,1.152500033378601,1.152500033378601,171
2026-06-05T18:15:00.000Z,6E,1.152500033378601,1.1525499820709229,1.1524499654769897,1.1524499654769897,97
2026-06-05T18:16:00.000Z,6E,1.1524499654769897,1.1526000499725342,1.1524499654769897,1.1526000499725342,155
2026-06-05T18:17:00.000Z,6E,1.152649998664856,1.152649998664856,1.1525499820709229,1.1526000499725342,60
2026-06-05T18:18:00.000Z,6E,1.1526000499725342,1.152649998664856,1.152500033378601,1.1525499820709229,123
2026-06-05T18:19:00.000Z,6E,1.1525499820709229,1.1527999639511108,1.1525499820709229,1.152750015258789,165
2026-06-05T18:20:00.000Z,6E,1.152750015258789,1.1529500484466553,1.152750015258789,1.152899980545044,536
2026-06-05T18:21:00.000Z,6E,1.152899980545044,1.152999997138977,1.1527999639511108,1.1528500318527222,174
2026-06-05T18:22:00.000Z,6E,1.1528500318527222,1.152899980545044,1.152750015258789,1.1528500318527222,148
2026-06-05T18:23:00.000Z,6E,1.152899980545044,1.152899980545044,1.152750015258789,1.1527999639511108,123
2026-06-05T18:24:00.000Z,6E,1.1528500318527222,1.152899980545044,1.1527999639511108,1.1528500318527222,111
2026-06-05T18:25:00.000Z,6E,1.1528500318527222,1.152899980545044,1.1527999639511108,1.1527999639511108,70
2026-06-05T18:26:00.000Z,6E,1.1527999639511108,1.1528500318527222,1.152750015258789,1.1527999639511108,72
2026-06-05T18:27:00.000Z,6E,1.1527999639511108,1.1528500318527222,1.152750015258789,1.1527999639511108,1172
2026-06-05T18:28:00.000Z,6E,1.1527999639511108,1.1527999639511108,1.152649998664856,1.1526999473571777,340
2026-06-05T18:29:00.000Z,6E,1.1526999473571777,1.152750015258789,1.1526999473571777,1.1526999473571777,88
2026-06-05T18:30:00.000Z,6E,1.152649998664856,1.1526999473571777,1.1526000499725342,1.1526999473571777,138
2026-06-05T18:31:00.000Z,6E,1.152649998664856,1.1527999639511108,1.152649998664856,1.1526999473571777,61
2026-06-05T18:32:00.000Z,6E,1.1526999473571777,1.152750015258789,1.152649998664856,1.152649998664856,55
2026-06-05T18:33:00.000Z,6E,1.152649998664856,1.1528500318527222,1.152649998664856,1.1527999639511108,90
2026-06-05T18:34:00.000Z,6E,1.1527999639511108,1.1528500318527222,1.1527999639511108,1.1528500318527222,76
2026-06-05T18:35:00.000Z,6E,1.1528500318527222,1.152899980545044,1.1527999639511108,1.1528500318527222,72
2026-06-05T18:36:00.000Z,6E,1.1528500318527222,1.1530499458312988,1.1528500318527222,1.1529500484466553,186
2026-06-05T18:37:00.000Z,6E,1.152999997138977,1.1530499458312988,1.1529500484466553,1.1530499458312988,425
2026-06-05T18:38:00.000Z,6E,1.1530499458312988,1.1531000137329102,1.1528500318527222,1.1529500484466553,126
2026-06-05T18:39:00.000Z,6E,1.1529500484466553,1.1529500484466553,1.1527999639511108,1.1527999639511108,55
2026-06-05T18:40:00.000Z,6E,1.1527999639511108,1.1528500318527222,1.152750015258789,1.1527999639511108,100
2026-06-05T18:41:00.000Z,6E,1.1528500318527222,1.1528500318527222,1.152750015258789,1.1527999639511108,71
2026-06-05T18:42:00.000Z,6E,1.152750015258789,1.1527999639511108,1.1526999473571777,1.1527999639511108,56
2026-06-05T18:43:00.000Z,6E,1.1527999639511108,1.1527999639511108,1.152649998664856,1.1526999473571777,77
2026-06-05T18:44:00.000Z,6E,1.152649998664856,1.152750015258789,1.1526000499725342,1.1526999473571777,111
2026-06-05T18:45:00.000Z,6E,1.1526999473571777,1.152750015258789,1.152649998664856,1.152750015258789,73
2026-06-05T18:46:00.000Z,6E,1.1526999473571777,1.152750015258789,1.1526000499725342,1.1526000499725342,170
2026-06-05T18:47:00.000Z,6E,1.1525499820709229,1.1526999473571777,1.1525499820709229,1.1526999473571777,282
2026-06-05T18:48:00.000Z,6E,1.1526999473571777,1.1526999473571777,1.1526000499725342,1.1526999473571777,61
2026-06-05T18:49:00.000Z,6E,1.1526999473571777,1.1529500484466553,1.152649998664856,1.1529500484466553,204
2026-06-05T18:50:00.000Z,6E,1.152899980545044,1.152899980545044,1.1527999639511108,1.1528500318527222,109
2026-06-05T18:51:00.000Z,6E,1.1528500318527222,1.1528500318527222,1.152750015258789,1.1528500318527222,127
2026-06-05T18:52:00.000Z,6E,1.1527999639511108,1.152899980545044,1.1527999639511108,1.1528500318527222,105
2026-06-05T18:53:00.000Z,6E,1.1528500318527222,1.1529500484466553,1.1527999639511108,1.152899980545044,51
2026-06-05T18:54:00.000Z,6E,1.152899980545044,1.1529500484466553,1.1528500318527222,1.1529500484466553,97
2026-06-05T18:55:00.000Z,6E,1.152899980545044,1.152899980545044,1.1527999639511108,1.152899980545044,218
2026-06-05T18:56:00.000Z,6E,1.152899980545044,1.1533000469207764,1.1527999639511108,1.1530499458312988,1332
2026-06-05T18:57:00.000Z,6E,1.1530499458312988,1.1530499458312988,1.1526999473571777,1.1527999639511108,541
2026-06-05T18:58:00.000Z,6E,1.152750015258789,1.1528500318527222,1.152649998664856,1.152649998664856,576
2026-06-05T18:59:00.000Z,6E,1.1526999473571777,1.1528500318527222,1.152649998664856,1.152750015258789,1185
2026-06-05T19:00:00.000Z,6E,1.152750015258789,1.152750015258789,1.152649998664856,1.152649998664856,701
2026-06-05T19:01:00.000Z,6E,1.152649998664856,1.1526999473571777,1.1526000499725342,1.152649998664856,237
2026-06-05T19:02:00.000Z,6E,1.152649998664856,1.152750015258789,1.152649998664856,1.1526999473571777,165
2026-06-05T19:03:00.000Z,6E,1.1526999473571777,1.1527999639511108,1.1526999473571777,1.152750015258789,143
2026-06-05T19:04:00.000Z,6E,1.152750015258789,1.152750015258789,1.1525499820709229,1.1526000499725342,581
2026-06-05T19:05:00.000Z,6E,1.1525499820709229,1.1526000499725342,1.152500033378601,1.1525499820709229,204
2026-06-05T19:06:00.000Z,6E,1.1526000499725342,1.1526000499725342,1.152400016784668,1.152500033378601,302
2026-06-05T19:07:00.000Z,6E,1.152500033378601,1.1525499820709229,1.152400016784668,1.1524499654769897,222
2026-06-05T19:08:00.000Z,6E,1.152400016784668,1.152400016784668,1.1523000001907349,1.1523499488830566,149
2026-06-05T19:09:00.000Z,6E,1.1523499488830566,1.152500033378601,1.1523000001907349,1.152500033378601,75
2026-06-05T19:10:00.000Z,6E,1.152500033378601,1.1525499820709229,1.152400016784668,1.152500033378601,192
2026-06-05T19:11:00.000Z,6E,1.152500033378601,1.1525499820709229,1.152400016784668,1.152400016784668,78
2026-06-05T19:12:00.000Z,6E,1.152400016784668,1.152500033378601,1.1523499488830566,1.152400016784668,55
2026-06-05T19:13:00.000Z,6E,1.1523499488830566,1.1524499654769897,1.1523499488830566,1.1524499654769897,171
2026-06-05T19:14:00.000Z,6E,1.1524499654769897,1.1524499654769897,1.152400016784668,1.152400016784668,65
2026-06-05T19:15:00.000Z,6E,1.152400016784668,1.152400016784668,1.152250051498413,1.152250051498413,217
2026-06-05T19:16:00.000Z,6E,1.1523000001907349,1.1523499488830566,1.1523000001907349,1.1523499488830566,56
2026-06-05T19:17:00.000Z,6E,1.1523499488830566,1.152400016784668,1.1523000001907349,1.1523000001907349,77
2026-06-05T19:18:00.000Z,6E,1.152250051498413,1.152400016784668,1.152250051498413,1.1523499488830566,1240
2026-06-05T19:19:00.000Z,6E,1.1523499488830566,1.1523499488830566,1.1523000001907349,1.1523499488830566,139
2026-06-05T19:20:00.000Z,6E,1.1523499488830566,1.152400016784668,1.1523000001907349,1.1523499488830566,46
2026-06-05T19:21:00.000Z,6E,1.152400016784668,1.152400016784668,1.1523000001907349,1.1523499488830566,46
2026-06-05T19:22:00.000Z,6E,1.1523000001907349,1.1525499820709229,1.152250051498413,1.152400016784668,502
2026-06-05T19:23:00.000Z,6E,1.152400016784668,1.1524499654769897,1.1523499488830566,1.1524499654769897,43
2026-06-05T19:24:00.000Z,6E,1.1524499654769897,1.152500033378601,1.152400016784668,1.152500033378601,74
2026-06-05T19:25:00.000Z,6E,1.1525499820709229,1.152649998664856,1.1525499820709229,1.152649998664856,161
2026-06-05T19:26:00.000Z,6E,1.152649998664856,1.152649998664856,1.1525499820709229,1.1526000499725342,56
2026-06-05T19:27:00.000Z,6E,1.1525499820709229,1.1526000499725342,1.152500033378601,1.1526000499725342,47
2026-06-05T19:28:00.000Z,6E,1.1526000499725342,1.1526000499725342,1.1526000499725342,1.1526000499725342,46
2026-06-05T19:29:00.000Z,6E,1.152649998664856,1.152649998664856,1.1525499820709229,1.1526000499725342,115
2026-06-05T19:30:00.000Z,6E,1.1526000499725342,1.1526000499725342,1.1525499820709229,1.1526000499725342,68
2026-06-05T19:31:00.000Z,6E,1.1526000499725342,1.1526000499725342,1.1525499820709229,1.1526000499725342,27
2026-06-05T19:32:00.000Z,6E,1.1525499820709229,1.1526000499725342,1.152500033378601,1.152500033378601,98
2026-06-05T19:33:00.000Z,6E,1.152500033378601,1.1525499820709229,1.152500033378601,1.152500033378601,50
2026-06-05T19:34:00.000Z,6E,1.152500033378601,1.1525499820709229,1.152500033378601,1.1525499820709229,52
2026-06-05T19:35:00.000Z,6E,1.1525499820709229,1.1526000499725342,1.1525499820709229,1.1525499820709229,53
2026-06-05T19:36:00.000Z,6E,1.1525499820709229,1.1526000499725342,1.152500033378601,1.1525499820709229,22
2026-06-05T19:37:00.000Z,6E,1.1525499820709229,1.1526000499725342,1.152500033378601,1.1526000499725342,18
2026-06-05T19:38:00.000Z,6E,1.1526000499725342,1.152649998664856,1.1526000499725342,1.1526000499725342,52
2026-06-05T19:39:00.000Z,6E,1.152649998664856,1.1526999473571777,1.1526000499725342,1.1526999473571777,211
2026-06-05T19:40:00.000Z,6E,1.1526999473571777,1.152750015258789,1.1526000499725342,1.152649998664856,164
2026-06-05T19:41:00.000Z,6E,1.152649998664856,1.152649998664856,1.1525499820709229,1.1525499820709229,40
2026-06-05T19:42:00.000Z,6E,1.1525499820709229,1.152649998664856,1.1525499820709229,1.152649998664856,27
2026-06-05T19:43:00.000Z,6E,1.152649998664856,1.1526999473571777,1.1526000499725342,1.152649998664856,41
2026-06-05T19:44:00.000Z,6E,1.152649998664856,1.152899980545044,1.152649998664856,1.1527999639511108,180
2026-06-05T19:45:00.000Z,6E,1.1528500318527222,1.152899980545044,1.1527999639511108,1.152899980545044,181
2026-06-05T19:46:00.000Z,6E,1.1528500318527222,1.152899980545044,1.1528500318527222,1.152899980545044,121
2026-06-05T19:47:00.000Z,6E,1.1529500484466553,1.1529500484466553,1.152899980545044,1.152899980545044,37
2026-06-05T19:48:00.000Z,6E,1.152899980545044,1.1529500484466553,1.1528500318527222,1.1528500318527222,37
2026-06-05T19:49:00.000Z,6E,1.1528500318527222,1.152899980545044,1.1528500318527222,1.152899980545044,15
2026-06-05T19:50:00.000Z,6E,1.1529500484466553,1.1530499458312988,1.152899980545044,1.152999997138977,138
2026-06-05T19:51:00.000Z,6E,1.1530499458312988,1.153149962425232,1.152999997138977,1.152999997138977,40
2026-06-05T19:52:00.000Z,6E,1.1530499458312988,1.1531000137329102,1.152999997138977,1.1531000137329102,83
2026-06-05T19:53:00.000Z,6E,1.1531000137329102,1.153149962425232,1.1531000137329102,1.1531000137329102,82
2026-06-05T19:54:00.000Z,6E,1.1531000137329102,1.1531000137329102,1.1530499458312988,1.1530499458312988,67
2026-06-05T19:55:00.000Z,6E,1.152999997138977,1.1531000137329102,1.152999997138977,1.1531000137329102,128
2026-06-05T19:56:00.000Z,6E,1.1531000137329102,1.1531000137329102,1.1530499458312988,1.1530499458312988,47
2026-06-05T19:57:00.000Z,6E,1.1531000137329102,1.153149962425232,1.1529500484466553,1.152999997138977,123
2026-06-05T19:58:00.000Z,6E,1.152999997138977,1.152999997138977,1.1528500318527222,1.1529500484466553,342
2026-06-05T19:59:00.000Z,6E,1.152899980545044,1.152999997138977,1.152899980545044,1.152899980545044,407
2026-06-05T20:00:00.000Z,6E,1.152999997138977,1.152999997138977,1.152899980545044,1.1529500484466553,191
2026-06-05T20:01:00.000Z,6E,1.1529500484466553,1.152999997138977,1.152899980545044,1.1529500484466553,121
2026-06-05T20:02:00.000Z,6E,1.152899980545044,1.152899980545044,1.1528500318527222,1.1528500318527222,73
2026-06-05T20:03:00.000Z,6E,1.1528500318527222,1.152899980545044,1.1527999639511108,1.1528500318527222,31
2026-06-05T20:04:00.000Z,6E,1.1528500318527222,1.1528500318527222,1.1527999639511108,1.1528500318527222,18
2026-06-05T20:05:00.000Z,6E,1.1527999639511108,1.1528500318527222,1.152649998664856,1.152649998664856,46
2026-06-05T20:06:00.000Z,6E,1.152649998664856,1.152649998664856,1.152500033378601,1.1525499820709229,73
2026-06-05T20:07:00.000Z,6E,1.152500033378601,1.152500033378601,1.152400016784668,1.152400016784668,988
2026-06-05T20:08:00.000Z,6E,1.152400016784668,1.1524499654769897,1.1523499488830566,1.1523499488830566,142
2026-06-05T20:09:00.000Z,6E,1.1523499488830566,1.1523499488830566,1.1523000001907349,1.1523499488830566,100
2026-06-05T20:10:00.000Z,6E,1.152400016784668,1.1525499820709229,1.1523499488830566,1.152400016784668,145
2026-06-05T20:11:00.000Z,6E,1.1523499488830566,1.1523499488830566,1.1523000001907349,1.1523000001907349,29
2026-06-05T20:12:00.000Z,6E,1.152250051498413,1.1523000001907349,1.1521999835968018,1.1523000001907349,93
2026-06-05T20:13:00.000Z,6E,1.152250051498413,1.1523000001907349,1.152250051498413,1.152250051498413,72
2026-06-05T20:14:00.000Z,6E,1.1523000001907349,1.1523499488830566,1.152250051498413,1.152250051498413,81
2026-06-05T20:15:00.000Z,6E,1.1521999835968018,1.1523000001907349,1.1521999835968018,1.1523000001907349,21
2026-06-05T20:16:00.000Z,6E,1.1523499488830566,1.152400016784668,1.1523499488830566,1.1523499488830566,12
2026-06-05T20:17:00.000Z,6E,1.1523499488830566,1.1524499654769897,1.1523499488830566,1.1524499654769897,114
2026-06-05T20:18:00.000Z,6E,1.1524499654769897,1.1524499654769897,1.152400016784668,1.1524499654769897,13
2026-06-05T20:19:00.000Z,6E,1.1524499654769897,1.1525499820709229,1.1524499654769897,1.1525499820709229,49
2026-06-05T20:20:00.000Z,6E,1.1526000499725342,1.152750015258789,1.1526000499725342,1.1526999473571777,137
2026-06-05T20:21:00.000Z,6E,1.1526999473571777,1.1526999473571777,1.1526999473571777,1.1526999473571777,8
2026-06-05T20:22:00.000Z,6E,1.152750015258789,1.1527999639511108,1.1526999473571777,1.1526999473571777,53
2026-06-05T20:23:00.000Z,6E,1.152750015258789,1.152750015258789,1.1526999473571777,1.1526999473571777,13
2026-06-05T20:24:00.000Z,6E,1.1526999473571777,1.1526999473571777,1.1526999473571777,1.1526999473571777,2
2026-06-05T20:25:00.000Z,6E,1.152750015258789,1.152750015258789,1.152750015258789,1.152750015258789,8
2026-06-05T20:26:00.000Z,6E,1.1527999639511108,1.1527999639511108,1.1527999639511108,1.1527999639511108,54
2026-06-05T20:27:00.000Z,6E,1.1527999639511108,1.1527999639511108,1.1527999639511108,1.1527999639511108,29
2026-06-05T20:28:00.000Z,6E,1.152750015258789,1.152750015258789,1.1526999473571777,1.152750015258789,82
2026-06-05T20:29:00.000Z,6E,1.1526999473571777,1.1527999639511108,1.1526999473571777,1.1527999639511108,43
2026-06-05T20:30:00.000Z,6E,1.152750015258789,1.1528500318527222,1.152750015258789,1.1528500318527222,38
2026-06-05T20:31:00.000Z,6E,1.152899980545044,1.1529500484466553,1.1528500318527222,1.1529500484466553,146
2026-06-05T20:32:00.000Z,6E,1.152899980545044,1.1529500484466553,1.152899980545044,1.1529500484466553,164
2026-06-05T20:33:00.000Z,6E,1.1529500484466553,1.152999997138977,1.152899980545044,1.152999997138977,43
2026-06-05T20:34:00.000Z,6E,1.152999997138977,1.152999997138977,1.1529500484466553,1.1529500484466553,8
2026-06-05T20:35:00.000Z,6E,1.1529500484466553,1.1529500484466553,1.152899980545044,1.152899980545044,25
2026-06-05T20:36:00.000Z,6E,1.152899980545044,1.152999997138977,1.152899980545044,1.152999997138977,138
2026-06-05T20:37:00.000Z,6E,1.1529500484466553,1.1529500484466553,1.152750015258789,1.152750015258789,123
2026-06-05T20:38:00.000Z,6E,1.152750015258789,1.152750015258789,1.152649998664856,1.1526999473571777,19
2026-06-05T20:39:00.000Z,6E,1.1526999473571777,1.1526999473571777,1.1526000499725342,1.1526000499725342,114
2026-06-05T20:40:00.000Z,6E,1.1526000499725342,1.152649998664856,1.1526000499725342,1.152649998664856,10
2026-06-05T20:41:00.000Z,6E,1.152649998664856,1.1526999473571777,1.152649998664856,1.1526999473571777,4
2026-06-05T20:42:00.000Z,6E,1.1526999473571777,1.1526999473571777,1.152649998664856,1.152649998664856,3
2026-06-05T20:43:00.000Z,6E,1.1526999473571777,1.1526999473571777,1.152649998664856,1.152649998664856,9
2026-06-05T20:44:00.000Z,6E,1.152649998664856,1.152649998664856,1.152649998664856,1.152649998664856,15
2026-06-05T20:45:00.000Z,6E,1.1526999473571777,1.1526999473571777,1.152649998664856,1.152649998664856,97
2026-06-05T20:46:00.000Z,6E,1.1526000499725342,1.1526000499725342,1.1526000499725342,1.1526000499725342,41
2026-06-05T20:47:00.000Z,6E,1.152649998664856,1.1526999473571777,1.152649998664856,1.1526999473571777,23
2026-06-05T20:48:00.000Z,6E,1.152750015258789,1.1527999639511108,1.152649998664856,1.152649998664856,102
2026-06-05T20:49:00.000Z,6E,1.152649998664856,1.152649998664856,1.1526000499725342,1.152649998664856,119
2026-06-05T20:50:00.000Z,6E,1.152649998664856,1.1526999473571777,1.1526000499725342,1.1526000499725342,101
2026-06-05T20:51:00.000Z,6E,1.1526000499725342,1.1528500318527222,1.1526000499725342,1.1528500318527222,374
2026-06-05T20:52:00.000Z,6E,1.1528500318527222,1.1528500318527222,1.152750015258789,1.152750015258789,75
2026-06-05T20:53:00.000Z,6E,1.152750015258789,1.152750015258789,1.1526000499725342,1.1526000499725342,96
2026-06-05T20:54:00.000Z,6E,1.1526000499725342,1.1526999473571777,1.1526000499725342,1.1526000499725342,73
2026-06-05T20:55:00.000Z,6E,1.1526999473571777,1.152750015258789,1.152649998664856,1.1526999473571777,40
2026-06-05T20:56:00.000Z,6E,1.152649998664856,1.1526999473571777,1.1523000001907349,1.1523000001907349,318
2026-06-05T20:57:00.000Z,6E,1.1523000001907349,1.1523499488830566,1.1523000001907349,1.1523499488830566,30
2026-06-05T20:58:00.000Z,6E,1.1523000001907349,1.152899980545044,1.1523000001907349,1.1527999639511108,291
2026-06-05T20:59:00.000Z,6E,1.152750015258789,1.152750015258789,1.1526000499725342,1.152750015258789,81
2026-06-07T22:10:00.000Z,6E,1.1512999534606934,1.1513999700546265,1.1512999534606934,1.1512999534606934,0
2026-06-07T22:11:00.000Z,6E,1.1513500213623047,1.1513999700546265,1.1512999534606934,1.1513500213623047,49
2026-06-07T22:12:00.000Z,6E,1.1513500213623047,1.1516499519348145,1.1512999534606934,1.1516499519348145,161
2026-06-07T22:13:00.000Z,6E,1.1516499519348145,1.151900053024292,1.1516499519348145,1.1518499851226807,172
2026-06-07T22:14:00.000Z,6E,1.1519500017166138,1.1520999670028687,1.1518499851226807,1.1520999670028687,188
2026-06-07T22:15:00.000Z,6E,1.1520999670028687,1.152250051498413,1.1520500183105469,1.1520500183105469,112
2026-06-07T22:16:00.000Z,6E,1.1520999670028687,1.1521999835968018,1.1520500183105469,1.1521999835968018,23
2026-06-07T22:17:00.000Z,6E,1.1521999835968018,1.152250051498413,1.15215003490448,1.1521999835968018,96
2026-06-07T22:18:00.000Z,6E,1.15215003490448,1.15215003490448,1.1520999670028687,1.1520999670028687,18
2026-06-07T22:19:00.000Z,6E,1.1520999670028687,1.1521999835968018,1.1520500183105469,1.1520999670028687,62
2026-06-07T22:20:00.000Z,6E,1.1520999670028687,1.1521999835968018,1.1520999670028687,1.1520999670028687,27
2026-06-07T22:21:00.000Z,6E,1.15215003490448,1.1521999835968018,1.1520500183105469,1.15215003490448,42
2026-06-07T22:22:00.000Z,6E,1.15215003490448,1.1521999835968018,1.15215003490448,1.1521999835968018,13
2026-06-07T22:23:00.000Z,6E,1.15215003490448,1.152250051498413,1.15215003490448,1.1521999835968018,39
2026-06-07T22:24:00.000Z,6E,1.15215003490448,1.15215003490448,1.1520500183105469,1.15215003490448,105
2026-06-07T22:25:00.000Z,6E,1.15215003490448,1.15215003490448,1.1520500183105469,1.1520500183105469,19
2026-06-07T22:26:00.000Z,6E,1.1520500183105469,1.1520500183105469,1.151900053024292,1.151900053024292,24
2026-06-07T22:27:00.000Z,6E,1.1519500017166138,1.1519500017166138,1.1517499685287476,1.1517499685287476,59
2026-06-07T22:28:00.000Z,6E,1.1517499685287476,1.1518000364303589,1.1517499685287476,1.1518000364303589,42
2026-06-07T22:29:00.000Z,6E,1.1518000364303589,1.1518000364303589,1.1517499685287476,1.1517499685287476,47
2026-06-07T22:30:00.000Z,6E,1.1517499685287476,1.1518000364303589,1.1517000198364258,1.1517499685287476,241
2026-06-07T22:31:00.000Z,6E,1.1517000198364258,1.1518000364303589,1.1517000198364258,1.1518000364303589,112
2026-06-07T22:32:00.000Z,6E,1.1518000364303589,1.1518000364303589,1.1516000032424927,1.1517000198364258,207
2026-06-07T22:33:00.000Z,6E,1.1517000198364258,1.1517000198364258,1.1516000032424927,1.1516499519348145,57
2026-06-07T22:34:00.000Z,6E,1.1516499519348145,1.1517499685287476,1.1516000032424927,1.1517000198364258,18
2026-06-07T22:35:00.000Z,6E,1.1517000198364258,1.1518000364303589,1.1517000198364258,1.1518000364303589,27
2026-06-07T22:36:00.000Z,6E,1.1518000364303589,1.1519500017166138,1.1517499685287476,1.151900053024292,22
2026-06-07T22:37:00.000Z,6E,1.151900053024292,1.1520500183105469,1.151900053024292,1.1519999504089355,101
2026-06-07T22:38:00.000Z,6E,1.1519999504089355,1.1519999504089355,1.1519500017166138,1.1519999504089355,52
2026-06-07T22:39:00.000Z,6E,1.1519999504089355,1.1519999504089355,1.151900053024292,1.1519500017166138,21
2026-06-07T22:40:00.000Z,6E,1.1519500017166138,1.1519500017166138,1.1519500017166138,1.1519500017166138,12
2026-06-07T22:41:00.000Z,6E,1.1519500017166138,1.1519500017166138,1.1518499851226807,1.1518499851226807,44
2026-06-07T22:42:00.000Z,6E,1.1518000364303589,1.1518000364303589,1.1517499685287476,1.1517499685287476,21
2026-06-07T22:43:00.000Z,6E,1.1517499685287476,1.1517499685287476,1.1517499685287476,1.1517499685287476,31
2026-06-07T22:44:00.000Z,6E,1.1517499685287476,1.1518000364303589,1.1517499685287476,1.1518000364303589,21
2026-06-07T22:45:00.000Z,6E,1.1517499685287476,1.1518000364303589,1.1516499519348145,1.1516499519348145,33
2026-06-07T22:46:00.000Z,6E,1.1516499519348145,1.151900053024292,1.1516499519348145,1.151900053024292,138
2026-06-07T22:47:00.000Z,6E,1.151900053024292,1.151900053024292,1.1518000364303589,1.151900053024292,12
2026-06-07T22:48:00.000Z,6E,1.151900053024292,1.151900053024292,1.1516499519348145,1.1517499685287476,315
2026-06-07T22:49:00.000Z,6E,1.1517499685287476,1.1517499685287476,1.1517000198364258,1.1517000198364258,23
2026-06-07T22:50:00.000Z,6E,1.1517000198364258,1.1517499685287476,1.1517000198364258,1.1517499685287476,56
2026-06-07T22:51:00.000Z,6E,1.1518000364303589,1.1518499851226807,1.1517499685287476,1.1518000364303589,32
2026-06-07T22:52:00.000Z,6E,1.1518000364303589,1.1518499851226807,1.1518000364303589,1.1518000364303589,12
2026-06-07T22:53:00.000Z,6E,1.1518000364303589,1.1518000364303589,1.1517499685287476,1.1517499685287476,15
2026-06-07T22:54:00.000Z,6E,1.1518000364303589,1.1518000364303589,1.1517499685287476,1.1518000364303589,57
2026-06-07T22:55:00.000Z,6E,1.1517499685287476,1.1518000364303589,1.1516000032424927,1.1516000032424927,23
2026-06-07T22:56:00.000Z,6E,1.1516000032424927,1.1517499685287476,1.1514500379562378,1.1517000198364258,220
2026-06-07T22:57:00.000Z,6E,1.1517000198364258,1.1517499685287476,1.1517000198364258,1.1517499685287476,6
2026-06-07T22:58:00.000Z,6E,1.1517499685287476,1.1517499685287476,1.1517000198364258,1.1517499685287476,33
2026-06-07T22:59:00.000Z,6E,1.1518000364303589,1.1518000364303589,1.1517000198364258,1.1517000198364258,28
2026-06-07T23:00:00.000Z,6E,1.1517000198364258,1.151900053024292,1.1517000198364258,1.1518000364303589,101
2026-06-07T23:01:00.000Z,6E,1.1518000364303589,1.1519500017166138,1.1518000364303589,1.1519500017166138,72
2026-06-07T23:02:00.000Z,6E,1.151900053024292,1.151900053024292,1.1518499851226807,1.1518499851226807,16
2026-06-07T23:03:00.000Z,6E,1.151900053024292,1.1519500017166138,1.151900053024292,1.151900053024292,30
2026-06-07T23:04:00.000Z,6E,1.151900053024292,1.1519500017166138,1.151900053024292,1.1519500017166138,57
2026-06-07T23:05:00.000Z,6E,1.151900053024292,1.1519500017166138,1.1518000364303589,1.1518000364303589,33
2026-06-07T23:06:00.000Z,6E,1.1518000364303589,1.1519500017166138,1.1518000364303589,1.151900053024292,91
2026-06-07T23:07:00.000Z,6E,1.151900053024292,1.1520500183105469,1.151900053024292,1.1519999504089355,47
2026-06-07T23:08:00.000Z,6E,1.1520500183105469,1.1520500183105469,1.1519999504089355,1.1519999504089355,2
2026-06-07T23:09:00.000Z,6E,1.1519999504089355,1.1520999670028687,1.1519999504089355,1.1520999670028687,30
2026-06-07T23:10:00.000Z,6E,1.1520999670028687,1.15215003490448,1.1520500183105469,1.1520500183105469,92
2026-06-07T23:11:00.000Z,6E,1.1520500183105469,1.1520999670028687,1.1520500183105469,1.1520999670028687,17
2026-06-07T23:12:00.000Z,6E,1.1520500183105469,1.15215003490448,1.1520500183105469,1.15215003490448,18
2026-06-07T23:13:00.000Z,6E,1.15215003490448,1.15215003490448,1.1520999670028687,1.1520999670028687,16
2026-06-07T23:14:00.000Z,6E,1.15215003490448,1.15215003490448,1.15215003490448,1.15215003490448,24
2026-06-07T23:15:00.000Z,6E,1.15215003490448,1.152250051498413,1.15215003490448,1.152250051498413,44
2026-06-07T23:16:00.000Z,6E,1.1521999835968018,1.1523000001907349,1.1521999835968018,1.1523000001907349,42
2026-06-07T23:17:00.000Z,6E,1.1523000001907349,1.1523000001907349,1.152250051498413,1.152250051498413,11
2026-06-07T23:18:00.000Z,6E,1.152250051498413,1.1523000001907349,1.152250051498413,1.1523000001907349,14
2026-06-07T23:19:00.000Z,6E,1.1523000001907349,1.1523499488830566,1.1523000001907349,1.1523499488830566,62
2026-06-07T23:20:00.000Z,6E,1.152400016784668,1.152400016784668,1.152250051498413,1.152250051498413,99
2026-06-07T23:21:00.000Z,6E,1.152250051498413,1.1523499488830566,1.1521999835968018,1.152250051498413,136
2026-06-07T23:22:00.000Z,6E,1.1521999835968018,1.152250051498413,1.1521999835968018,1.152250051498413,17
2026-06-07T23:23:00.000Z,6E,1.1521999835968018,1.152250051498413,1.1521999835968018,1.152250051498413,43
2026-06-07T23:24:00.000Z,6E,1.152250051498413,1.152250051498413,1.152250051498413,1.152250051498413,1
2026-06-07T23:25:00.000Z,6E,1.1521999835968018,1.1521999835968018,1.15215003490448,1.15215003490448,24
2026-06-07T23:26:00.000Z,6E,1.1521999835968018,1.1521999835968018,1.15215003490448,1.1521999835968018,13
2026-06-07T23:27:00.000Z,6E,1.1521999835968018,1.152250051498413,1.1521999835968018,1.152250051498413,16
2026-06-07T23:28:00.000Z,6E,1.152250051498413,1.152250051498413,1.152250051498413,1.152250051498413,18
2026-06-07T23:29:00.000Z,6E,1.1521999835968018,1.152250051498413,1.1521999835968018,1.1521999835968018,22
2026-06-07T23:30:00.000Z,6E,1.152250051498413,1.1523000001907349,1.152250051498413,1.1523000001907349,26
2026-06-07T23:31:00.000Z,6E,1.1523000001907349,1.1523499488830566,1.1523000001907349,1.1523000001907349,47
2026-06-07T23:32:00.000Z,6E,1.1523000001907349,1.152400016784668,1.1523000001907349,1.1523499488830566,34
2026-06-07T23:33:00.000Z,6E,1.152400016784668,1.152400016784668,1.152400016784668,1.152400016784668,51
2026-06-07T23:34:00.000Z,6E,1.1523499488830566,1.1523499488830566,1.1523000001907349,1.1523000001907349,11
2026-06-07T23:35:00.000Z,6E,1.152250051498413,1.152250051498413,1.1521999835968018,1.1521999835968018,12
2026-06-07T23:36:00.000Z,6E,1.1521999835968018,1.1521999835968018,1.1521999835968018,1.1521999835968018,17
2026-06-07T23:38:00.000Z,6E,1.1521999835968018,1.1521999835968018,1.15215003490448,1.1521999835968018,52
2026-06-07T23:39:00.000Z,6E,1.1521999835968018,1.1521999835968018,1.1521999835968018,1.1521999835968018,23
2026-06-07T23:40:00.000Z,6E,1.152250051498413,1.152250051498413,1.1521999835968018,1.1521999835968018,21
2026-06-07T23:41:00.000Z,6E,1.152250051498413,1.152250051498413,1.1521999835968018,1.1521999835968018,14
2026-06-07T23:42:00.000Z,6E,1.1521999835968018,1.1521999835968018,1.1521999835968018,1.1521999835968018,5
2026-06-07T23:43:00.000Z,6E,1.152250051498413,1.1523499488830566,1.152250051498413,1.1523499488830566,24
2026-06-07T23:44:00.000Z,6E,1.1523499488830566,1.1523499488830566,1.1523000001907349,1.1523499488830566,19
2026-06-07T23:45:00.000Z,6E,1.1523000001907349,1.1523000001907349,1.1523000001907349,1.1523000001907349,19
2026-06-07T23:46:00.000Z,6E,1.152250051498413,1.152250051498413,1.152250051498413,1.152250051498413,14
2026-06-07T23:47:00.000Z,6E,1.1523000001907349,1.1523000001907349,1.1523000001907349,1.1523000001907349,13
2026-06-07T23:48:00.000Z,6E,1.1523000001907349,1.1523499488830566,1.1523000001907349,1.1523499488830566,17
2026-06-07T23:49:00.000Z,6E,1.152400016784668,1.1525499820709229,1.152400016784668,1.152500033378601,285
2026-06-07T23:50:00.000Z,6E,1.152500033378601,1.1525499820709229,1.152500033378601,1.152500033378601,28
2026-06-07T23:51:00.000Z,6E,1.1524499654769897,1.1524499654769897,1.1524499654769897,1.1524499654769897,5
2026-06-07T23:52:00.000Z,6E,1.152500033378601,1.1525499820709229,1.152500033378601,1.152500033378601,66
2026-06-07T23:53:00.000Z,6E,1.1525499820709229,1.1525499820709229,1.152400016784668,1.1524499654769897,50
2026-06-07T23:54:00.000Z,6E,1.152500033378601,1.1525499820709229,1.152500033378601,1.1525499820709229,25
2026-06-07T23:55:00.000Z,6E,1.1525499820709229,1.152649998664856,1.1525499820709229,1.152649998664856,134
2026-06-07T23:56:00.000Z,6E,1.152649998664856,1.152649998664856,1.1525499820709229,1.1525499820709229,18
2026-06-07T23:57:00.000Z,6E,1.1526000499725342,1.152649998664856,1.1526000499725342,1.1526000499725342,56
2026-06-07T23:58:00.000Z,6E,1.152649998664856,1.152649998664856,1.1525499820709229,1.1525499820709229,93
2026-06-07T23:59:00.000Z,6E,1.1526000499725342,1.1526000499725342,1.1525499820709229,1.1526000499725342,30
2026-06-08T00:00:00.000Z,6E,1.1525499820709229,1.1525499820709229,1.152500033378601,1.152500033378601,30
2026-06-08T00:01:00.000Z,6E,1.152500033378601,1.1528500318527222,1.152500033378601,1.152750015258789,190
2026-06-08T00:02:00.000Z,6E,1.1527999639511108,1.1527999639511108,1.1526999473571777,1.152750015258789,35
2026-06-08T00:03:00.000Z,6E,1.1526999473571777,1.152750015258789,1.152649998664856,1.1526999473571777,79
2026-06-08T00:04:00.000Z,6E,1.1526999473571777,1.1526999473571777,1.1526000499725342,1.1526999473571777,267
2026-06-08T00:05:00.000Z,6E,1.152649998664856,1.1526999473571777,1.152649998664856,1.1526999473571777,52
2026-06-08T00:06:00.000Z,6E,1.1526999473571777,1.152750015258789,1.152649998664856,1.1526999473571777,24
2026-06-08T00:07:00.000Z,6E,1.152649998664856,1.152750015258789,1.152649998664856,1.152750015258789,81
2026-06-08T00:08:00.000Z,6E,1.1527999639511108,1.1528500318527222,1.152750015258789,1.1528500318527222,43
2026-06-08T00:09:00.000Z,6E,1.1528500318527222,1.1528500318527222,1.1527999639511108,1.1528500318527222,11
2026-06-08T00:10:00.000Z,6E,1.1527999639511108,1.1527999639511108,1.1526999473571777,1.1526999473571777,24
2026-06-08T00:11:00.000Z,6E,1.1526999473571777,1.152750015258789,1.152649998664856,1.1526999473571777,23
2026-06-08T00:12:00.000Z,6E,1.1526999473571777,1.1527999639511108,1.1526999473571777,1.152750015258789,17
2026-06-08T00:13:00.000Z,6E,1.152750015258789,1.152750015258789,1.152649998664856,1.152750015258789,21
2026-06-08T00:14:00.000Z,6E,1.1526999473571777,1.152750015258789,1.1526999473571777,1.1526999473571777,53
2026-06-08T00:15:00.000Z,6E,1.152649998664856,1.152649998664856,1.1525499820709229,1.1526000499725342,23
2026-06-08T00:16:00.000Z,6E,1.152649998664856,1.1526999473571777,1.1525499820709229,1.1525499820709229,77
2026-06-08T00:17:00.000Z,6E,1.1525499820709229,1.1526000499725342,1.152500033378601,1.152500033378601,25
2026-06-08T00:18:00.000Z,6E,1.1526000499725342,1.1526000499725342,1.1526000499725342,1.1526000499725342,22
2026-06-08T00:19:00.000Z,6E,1.1526000499725342,1.1526000499725342,1.152500033378601,1.1526000499725342,146
2026-06-08T00:20:00.000Z,6E,1.1526000499725342,1.152649998664856,1.1526000499725342,1.1526000499725342,141
2026-06-08T00:21:00.000Z,6E,1.1526000499725342,1.152649998664856,1.1526000499725342,1.1526000499725342,21
2026-06-08T00:22:00.000Z,6E,1.1525499820709229,1.1527999639511108,1.1525499820709229,1.1527999639511108,51
2026-06-08T00:23:00.000Z,6E,1.1527999639511108,1.1528500318527222,1.152750015258789,1.1527999639511108,64
2026-06-08T00:24:00.000Z,6E,1.1527999639511108,1.1528500318527222,1.152750015258789,1.152750015258789,115
2026-06-08T00:25:00.000Z,6E,1.1526999473571777,1.152750015258789,1.1526999473571777,1.152750015258789,42
2026-06-08T00:26:00.000Z,6E,1.1526999473571777,1.1527999639511108,1.1526999473571777,1.1527999639511108,11
2026-06-08T00:27:00.000Z,6E,1.152750015258789,1.152750015258789,1.1526999473571777,1.1526999473571777,21
2026-06-08T00:28:00.000Z,6E,1.1526999473571777,1.1526999473571777,1.152649998664856,1.152649998664856,59
2026-06-08T00:29:00.000Z,6E,1.1526999473571777,1.1526999473571777,1.152649998664856,1.152649998664856,22
2026-06-08T00:30:00.000Z,6E,1.152649998664856,1.1527999639511108,1.152649998664856,1.152750015258789,39
2026-06-08T00:31:00.000Z,6E,1.1527999639511108,1.1528500318527222,1.152750015258789,1.152750015258789,26
2026-06-08T00:32:00.000Z,6E,1.1527999639511108,1.1528500318527222,1.152750015258789,1.1528500318527222,55
2026-06-08T00:33:00.000Z,6E,1.1527999639511108,1.152899980545044,1.152750015258789,1.1528500318527222,103
2026-06-08T00:34:00.000Z,6E,1.1528500318527222,1.152899980545044,1.1527999639511108,1.152899980545044,35
2026-06-08T00:35:00.000Z,6E,1.1528500318527222,1.152899980545044,1.1528500318527222,1.152899980545044,28
2026-06-08T00:36:00.000Z,6E,1.152899980545044,1.152999997138977,1.152899980545044,1.152999997138977,41
2026-06-08T00:37:00.000Z,6E,1.1529500484466553,1.152999997138977,1.152899980545044,1.152999997138977,104
2026-06-08T00:38:00.000Z,6E,1.152999997138977,1.1530499458312988,1.1529500484466553,1.152999997138977,142
2026-06-08T00:39:00.000Z,6E,1.152999997138977,1.1530499458312988,1.152999997138977,1.1530499458312988,29
2026-06-08T00:40:00.000Z,6E,1.1530499458312988,1.1531000137329102,1.1530499458312988,1.1531000137329102,27
2026-06-08T00:41:00.000Z,6E,1.1531000137329102,1.153149962425232,1.1529500484466553,1.153149962425232,176
2026-06-08T00:42:00.000Z,6E,1.153149962425232,1.153149962425232,1.1531000137329102,1.153149962425232,62
2026-06-08T00:43:00.000Z,6E,1.153149962425232,1.1532000303268433,1.153149962425232,1.153149962425232,22
2026-06-08T00:44:00.000Z,6E,1.153149962425232,1.1532000303268433,1.1531000137329102,1.1532000303268433,54
2026-06-08T00:45:00.000Z,6E,1.1532000303268433,1.1532000303268433,1.153149962425232,1.153149962425232,100
2026-06-08T00:46:00.000Z,6E,1.1532000303268433,1.1533000469207764,1.1532000303268433,1.153249979019165,59
2026-06-08T00:47:00.000Z,6E,1.1532000303268433,1.1533000469207764,1.1532000303268433,1.1533000469207764,49
2026-06-08T00:48:00.000Z,6E,1.1533499956130981,1.15339994430542,1.153249979019165,1.15339994430542,44
2026-06-08T00:49:00.000Z,6E,1.15339994430542,1.1534500122070312,1.15339994430542,1.15339994430542,28
2026-06-08T00:50:00.000Z,6E,1.1533499956130981,1.15339994430542,1.1533499956130981,1.1533499956130981,39
2026-06-08T00:51:00.000Z,6E,1.1533499956130981,1.1535500288009644,1.1533499956130981,1.153499960899353,300
2026-06-08T00:52:00.000Z,6E,1.1535500288009644,1.1535500288009644,1.1534500122070312,1.153499960899353,71
2026-06-08T00:53:00.000Z,6E,1.1534500122070312,1.1535500288009644,1.1534500122070312,1.153499960899353,168
2026-06-08T00:54:00.000Z,6E,1.1534500122070312,1.1535500288009644,1.1534500122070312,1.1534500122070312,137
2026-06-08T00:55:00.000Z,6E,1.1534500122070312,1.153499960899353,1.15339994430542,1.153499960899353,139
2026-06-08T00:56:00.000Z,6E,1.1534500122070312,1.1535500288009644,1.1534500122070312,1.1535500288009644,36
2026-06-08T00:57:00.000Z,6E,1.1535999774932861,1.1536500453948975,1.1535999774932861,1.1536500453948975,11
2026-06-08T00:58:00.000Z,6E,1.1536500453948975,1.1536999940872192,1.1535999774932861,1.1535999774932861,92
2026-06-08T00:59:00.000Z,6E,1.1536500453948975,1.1536999940872192,1.1535999774932861,1.1536999940872192,233
2026-06-08T01:00:00.000Z,6E,1.1536999940872192,1.1538499593734741,1.1536500453948975,1.1538000106811523,506
2026-06-08T01:01:00.000Z,6E,1.153749942779541,1.153749942779541,1.1536500453948975,1.153749942779541,255
2026-06-08T01:02:00.000Z,6E,1.153749942779541,1.1538000106811523,1.153749942779541,1.1538000106811523,213
2026-06-08T01:03:00.000Z,6E,1.153749942779541,1.1538000106811523,1.153749942779541,1.1538000106811523,20
2026-06-08T01:04:00.000Z,6E,1.153749942779541,1.1538499593734741,1.153749942779541,1.1538499593734741,58
2026-06-08T01:05:00.000Z,6E,1.1538000106811523,1.1538499593734741,1.1536500453948975,1.1536999940872192,128
2026-06-08T01:06:00.000Z,6E,1.153749942779541,1.1538000106811523,1.153749942779541,1.1538000106811523,27
2026-06-08T01:07:00.000Z,6E,1.1538000106811523,1.1538000106811523,1.1536999940872192,1.153749942779541,22
2026-06-08T01:08:00.000Z,6E,1.153749942779541,1.1538000106811523,1.1536999940872192,1.1538000106811523,20
2026-06-08T01:09:00.000Z,6E,1.1538000106811523,1.1538499593734741,1.153749942779541,1.153749942779541,131
2026-06-08T01:10:00.000Z,6E,1.1538000106811523,1.1538000106811523,1.1536500453948975,1.1536500453948975,42
2026-06-08T01:11:00.000Z,6E,1.1536500453948975,1.1536500453948975,1.1535999774932861,1.1536500453948975,90
2026-06-08T01:12:00.000Z,6E,1.1536500453948975,1.1536500453948975,1.153499960899353,1.153499960899353,76
2026-06-08T01:13:00.000Z,6E,1.153499960899353,1.1536500453948975,1.153499960899353,1.1536500453948975,21
2026-06-08T01:14:00.000Z,6E,1.1535999774932861,1.1535999774932861,1.1533499956130981,1.15339994430542,342
2026-06-08T01:15:00.000Z,6E,1.1534500122070312,1.1534500122070312,1.153149962425232,1.1533000469207764,974
2026-06-08T01:16:00.000Z,6E,1.1533499956130981,1.15339994430542,1.1533000469207764,1.1533000469207764,62
2026-06-08T01:17:00.000Z,6E,1.1533000469207764,1.1533499956130981,1.153149962425232,1.153249979019165,116
2026-06-08T01:18:00.000Z,6E,1.153249979019165,1.1534500122070312,1.153249979019165,1.1533000469207764,183
2026-06-08T01:19:00.000Z,6E,1.153249979019165,1.153249979019165,1.153149962425232,1.153149962425232,84
2026-06-08T01:20:00.000Z,6E,1.153149962425232,1.1532000303268433,1.1530499458312988,1.1532000303268433,98
2026-06-08T01:21:00.000Z,6E,1.153149962425232,1.153149962425232,1.152899980545044,1.1530499458312988,283
2026-06-08T01:22:00.000Z,6E,1.1530499458312988,1.153149962425232,1.1529500484466553,1.1530499458312988,153
2026-06-08T01:23:00.000Z,6E,1.1530499458312988,1.1531000137329102,1.1530499458312988,1.1531000137329102,105
2026-06-08T01:24:00.000Z,6E,1.1531000137329102,1.1531000137329102,1.152899980545044,1.152899980545044,90
2026-06-08T01:25:00.000Z,6E,1.152899980545044,1.152899980545044,1.1526999473571777,1.1526999473571777,142
2026-06-08T01:26:00.000Z,6E,1.152750015258789,1.1527999639511108,1.1526999473571777,1.152750015258789,54
2026-06-08T01:27:00.000Z,6E,1.152750015258789,1.1528500318527222,1.1526000499725342,1.1526000499725342,220
2026-06-08T01:28:00.000Z,6E,1.1526000499725342,1.152649998664856,1.1521999835968018,1.1523000001907349,386
2026-06-08T01:29:00.000Z,6E,1.1523000001907349,1.1523499488830566,1.152250051498413,1.1523000001907349,141
2026-06-08T01:30:00.000Z,6E,1.1523499488830566,1.1523499488830566,1.1516499519348145,1.1516499519348145,494
2026-06-08T01:31:00.000Z,6E,1.1516499519348145,1.152250051498413,1.151550054550171,1.1521999835968018,597
2026-06-08T01:32:00.000Z,6E,1.15215003490448,1.1523499488830566,1.1520999670028687,1.152250051498413,118
2026-06-08T01:33:00.000Z,6E,1.1523000001907349,1.1523499488830566,1.1520999670028687,1.15215003490448,42
2026-06-08T01:34:00.000Z,6E,1.1520999670028687,1.152400016784668,1.1520500183105469,1.152400016784668,297
2026-06-08T01:35:00.000Z,6E,1.152400016784668,1.152400016784668,1.1523499488830566,1.152400016784668,42
2026-06-08T01:36:00.000Z,6E,1.1524499654769897,1.1525499820709229,1.152400016784668,1.1524499654769897,49
2026-06-08T01:37:00.000Z,6E,1.1524499654769897,1.152500033378601,1.1523000001907349,1.1523000001907349,39
2026-06-08T01:38:00.000Z,6E,1.1523499488830566,1.152400016784668,1.1523000001907349,1.152400016784668,38
2026-06-08T01:39:00.000Z,6E,1.1523499488830566,1.152400016784668,1.1523499488830566,1.1523499488830566,52
2026-06-08T01:40:00.000Z,6E,1.152400016784668,1.1525499820709229,1.152400016784668,1.1525499820709229,96
2026-06-08T01:41:00.000Z,6E,1.1526000499725342,1.1526999473571777,1.1525499820709229,1.152649998664856,54
2026-06-08T01:42:00.000Z,6E,1.152649998664856,1.1528500318527222,1.152649998664856,1.1527999639511108,66
2026-06-08T01:43:00.000Z,6E,1.152750015258789,1.1527999639511108,1.1526999473571777,1.1526999473571777,128
2026-06-08T01:44:00.000Z,6E,1.1526999473571777,1.1527999639511108,1.1526999473571777,1.152750015258789,52
2026-06-08T01:45:00.000Z,6E,1.1527999639511108,1.1531000137329102,1.1527999639511108,1.1530499458312988,173
2026-06-08T01:46:00.000Z,6E,1.1531000137329102,1.1531000137329102,1.1529500484466553,1.152999997138977,46
2026-06-08T01:47:00.000Z,6E,1.1530499458312988,1.1530499458312988,1.152899980545044,1.152899980545044,44
2026-06-08T01:48:00.000Z,6E,1.152899980545044,1.152899980545044,1.152899980545044,1.152899980545044,37
2026-06-08T01:49:00.000Z,6E,1.152899980545044,1.152899980545044,1.1526999473571777,1.1526999473571777,68
2026-06-08T01:50:00.000Z,6E,1.152649998664856,1.1526999473571777,1.1526000499725342,1.1526999473571777,34
2026-06-08T01:51:00.000Z,6E,1.152750015258789,1.1527999639511108,1.1526999473571777,1.152750015258789,50
2026-06-08T01:52:00.000Z,6E,1.1527999639511108,1.1528500318527222,1.152750015258789,1.152750015258789,87
2026-06-08T01:53:00.000Z,6E,1.1527999639511108,1.1527999639511108,1.1525499820709229,1.152649998664856,65
2026-06-08T01:54:00.000Z,6E,1.1526000499725342,1.152649998664856,1.1525499820709229,1.1526000499725342,91
2026-06-08T01:55:00.000Z,6E,1.1526000499725342,1.1528500318527222,1.1526000499725342,1.1527999639511108,57
2026-06-08T01:56:00.000Z,6E,1.1527999639511108,1.152899980545044,1.152750015258789,1.152899980545044,82
2026-06-08T01:57:00.000Z,6E,1.152899980545044,1.152899980545044,1.152899980545044,1.152899980545044,23
2026-06-08T01:58:00.000Z,6E,1.1528500318527222,1.1529500484466553,1.1528500318527222,1.152899980545044,88
2026-06-08T01:59:00.000Z,6E,1.152899980545044,1.152999997138977,1.152899980545044,1.152999997138977,123
2026-06-08T02:00:00.000Z,6E,1.1530499458312988,1.153149962425232,1.152999997138977,1.152999997138977,137
2026-06-08T02:01:00.000Z,6E,1.152999997138977,1.153149962425232,1.152999997138977,1.1530499458312988,122
2026-06-08T02:02:00.000Z,6E,1.1530499458312988,1.1531000137329102,1.1529500484466553,1.152999997138977,75
2026-06-08T02:03:00.000Z,6E,1.152999997138977,1.152999997138977,1.1528500318527222,1.152899980545044,33
2026-06-08T02:04:00.000Z,6E,1.1529500484466553,1.1529500484466553,1.1527999639511108,1.1527999639511108,20
2026-06-08T02:05:00.000Z,6E,1.152750015258789,1.1528500318527222,1.152750015258789,1.1527999639511108,43
2026-06-08T02:06:00.000Z,6E,1.1527999639511108,1.1527999639511108,1.1526999473571777,1.1526999473571777,12
2026-06-08T02:07:00.000Z,6E,1.1526999473571777,1.152750015258789,1.1526999473571777,1.1526999473571777,101
2026-06-08T02:08:00.000Z,6E,1.1526999473571777,1.152750015258789,1.1526000499725342,1.1526000499725342,24
2026-06-08T02:09:00.000Z,6E,1.1526000499725342,1.1526000499725342,1.1525499820709229,1.1525499820709229,11
2026-06-08T02:10:00.000Z,6E,1.1525499820709229,1.1525499820709229,1.1524499654769897,1.1524499654769897,23
2026-06-08T02:11:00.000Z,6E,1.152500033378601,1.1526000499725342,1.1524499654769897,1.152500033378601,40
2026-06-08T02:12:00.000Z,6E,1.1525499820709229,1.1526000499725342,1.152500033378601,1.1526000499725342,22
2026-06-08T02:13:00.000Z,6E,1.152649998664856,1.152649998664856,1.1525499820709229,1.152649998664856,51
2026-06-08T02:14:00.000Z,6E,1.1526999473571777,1.1527999639511108,1.1526999473571777,1.1527999639511108,72
2026-06-08T02:15:00.000Z,6E,1.152750015258789,1.1528500318527222,1.152750015258789,1.1527999639511108,29
2026-06-08T02:16:00.000Z,6E,1.1527999639511108,1.152899980545044,1.1527999639511108,1.152899980545044,37
2026-06-08T02:17:00.000Z,6E,1.152899980545044,1.152899980545044,1.1528500318527222,1.1528500318527222,18
2026-06-08T02:18:00.000Z,6E,1.152750015258789,1.152750015258789,1.1526999473571777,1.1526999473571777,15
2026-06-08T02:19:00.000Z,6E,1.1526999473571777,1.1527999639511108,1.1526999473571777,1.1527999639511108,16
2026-06-08T02:20:00.000Z,6E,1.152750015258789,1.1527999639511108,1.152750015258789,1.1527999639511108,45
2026-06-08T02:21:00.000Z,6E,1.1527999639511108,1.152999997138977,1.1527999639511108,1.152899980545044,121
2026-06-08T02:22:00.000Z,6E,1.1529500484466553,1.1531000137329102,1.1529500484466553,1.1530499458312988,59
2026-06-08T02:23:00.000Z,6E,1.1530499458312988,1.1530499458312988,1.1530499458312988,1.1530499458312988,21
2026-06-08T02:24:00.000Z,6E,1.1530499458312988,1.1532000303268433,1.1530499458312988,1.1532000303268433,45
2026-06-08T02:25:00.000Z,6E,1.153249979019165,1.1533499956130981,1.1532000303268433,1.1533499956130981,55
2026-06-08T02:26:00.000Z,6E,1.1533499956130981,1.1533499956130981,1.153249979019165,1.1533499956130981,75
2026-06-08T02:27:00.000Z,6E,1.1533499956130981,1.1533499956130981,1.1533000469207764,1.1533499956130981,86
2026-06-08T02:28:00.000Z,6E,1.1533499956130981,1.1533499956130981,1.1531000137329102,1.1532000303268433,268
2026-06-08T02:29:00.000Z,6E,1.1532000303268433,1.1533000469207764,1.1532000303268433,1.1533000469207764,13
2026-06-08T02:30:00.000Z,6E,1.153249979019165,1.1533000469207764,1.1530499458312988,1.1530499458312988,57
2026-06-08T02:31:00.000Z,6E,1.1531000137329102,1.1531000137329102,1.1529500484466553,1.1530499458312988,35
2026-06-08T02:32:00.000Z,6E,1.1530499458312988,1.153149962425232,1.152999997138977,1.153149962425232,99
2026-06-08T02:33:00.000Z,6E,1.153149962425232,1.153149962425232,1.1531000137329102,1.153149962425232,16
2026-06-08T02:34:00.000Z,6E,1.1532000303268433,1.1532000303268433,1.1531000137329102,1.1531000137329102,3
2026-06-08T02:35:00.000Z,6E,1.153149962425232,1.1532000303268433,1.1531000137329102,1.1531000137329102,49
2026-06-08T02:36:00.000Z,6E,1.153149962425232,1.1533000469207764,1.153149962425232,1.1532000303268433,125
2026-06-08T02:37:00.000Z,6E,1.153249979019165,1.1533000469207764,1.1532000303268433,1.1533000469207764,37
2026-06-08T02:38:00.000Z,6E,1.153249979019165,1.153249979019165,1.1532000303268433,1.1532000303268433,62
2026-06-08T02:39:00.000Z,6E,1.153249979019165,1.153249979019165,1.153249979019165,1.153249979019165,4
2026-06-08T02:40:00.000Z,6E,1.153249979019165,1.153249979019165,1.153249979019165,1.153249979019165,17
2026-06-08T02:41:00.000Z,6E,1.153249979019165,1.153249979019165,1.153249979019165,1.153249979019165,7
2026-06-08T02:42:00.000Z,6E,1.153249979019165,1.153249979019165,1.153249979019165,1.153249979019165,14
2026-06-08T02:43:00.000Z,6E,1.153249979019165,1.153249979019165,1.153249979019165,1.153249979019165,22
2026-06-08T02:44:00.000Z,6E,1.153249979019165,1.153249979019165,1.153149962425232,1.153249979019165,17
2026-06-08T02:45:00.000Z,6E,1.153249979019165,1.1533000469207764,1.1532000303268433,1.1533000469207764,31
2026-06-08T02:46:00.000Z,6E,1.1533000469207764,1.1533499956130981,1.1533000469207764,1.1533000469207764,32
2026-06-08T02:47:00.000Z,6E,1.153249979019165,1.1533000469207764,1.153249979019165,1.153249979019165,14
2026-06-08T02:48:00.000Z,6E,1.1533000469207764,1.1533499956130981,1.1533000469207764,1.1533000469207764,8
2026-06-08T02:49:00.000Z,6E,1.153249979019165,1.153249979019165,1.153249979019165,1.153249979019165,14
2026-06-08T02:50:00.000Z,6E,1.1533000469207764,1.15339994430542,1.1533000469207764,1.1533499956130981,28
2026-06-08T02:51:00.000Z,6E,1.1533000469207764,1.1533000469207764,1.153149962425232,1.153249979019165,55
2026-06-08T02:52:00.000Z,6E,1.153249979019165,1.1533000469207764,1.153249979019165,1.1533000469207764,30
2026-06-08T02:53:00.000Z,6E,1.1533000469207764,1.1533499956130981,1.1533000469207764,1.1533499956130981,9
2026-06-08T02:54:00.000Z,6E,1.1533499956130981,1.1533499956130981,1.1533499956130981,1.1533499956130981,12
2026-06-08T02:55:00.000Z,6E,1.1533499956130981,1.153499960899353,1.1533499956130981,1.153499960899353,42
2026-06-08T02:56:00.000Z,6E,1.153499960899353,1.153499960899353,1.15339994430542,1.15339994430542,19
2026-06-08T02:57:00.000Z,6E,1.15339994430542,1.15339994430542,1.1533499956130981,1.15339994430542,18
2026-06-08T02:58:00.000Z,6E,1.1534500122070312,1.1534500122070312,1.1533499956130981,1.1533499956130981,84
2026-06-08T02:59:00.000Z,6E,1.1533000469207764,1.1533499956130981,1.1532000303268433,1.1532000303268433,15
2026-06-08T03:00:00.000Z,6E,1.153249979019165,1.1533000469207764,1.153249979019165,1.1533000469207764,19
2026-06-08T03:01:00.000Z,6E,1.153249979019165,1.153249979019165,1.1531000137329102,1.1531000137329102,15
2026-06-08T03:02:00.000Z,6E,1.153149962425232,1.153149962425232,1.1531000137329102,1.1531000137329102,21
2026-06-08T03:03:00.000Z,6E,1.1530499458312988,1.1530499458312988,1.1530499458312988,1.1530499458312988,37
2026-06-08T03:04:00.000Z,6E,1.1530499458312988,1.1531000137329102,1.152999997138977,1.152999997138977,34
2026-06-08T03:05:00.000Z,6E,1.1530499458312988,1.1530499458312988,1.152999997138977,1.1530499458312988,46
2026-06-08T03:06:00.000Z,6E,1.1530499458312988,1.153149962425232,1.1530499458312988,1.153149962425232,85
2026-06-08T03:07:00.000Z,6E,1.1531000137329102,1.1532000303268433,1.1531000137329102,1.153149962425232,45
2026-06-08T03:08:00.000Z,6E,1.153149962425232,1.153249979019165,1.153149962425232,1.1532000303268433,27
2026-06-08T03:10:00.000Z,6E,1.1532000303268433,1.1532000303268433,1.153149962425232,1.153149962425232,7
2026-06-08T03:11:00.000Z,6E,1.1532000303268433,1.1532000303268433,1.153149962425232,1.153149962425232,5
2026-06-08T03:12:00.000Z,6E,1.1531000137329102,1.1531000137329102,1.152999997138977,1.152999997138977,28
2026-06-08T03:13:00.000Z,6E,1.1530499458312988,1.1530499458312988,1.1530499458312988,1.1530499458312988,23
2026-06-08T03:14:00.000Z,6E,1.1531000137329102,1.1531000137329102,1.1530499458312988,1.1531000137329102,10
2026-06-08T03:15:00.000Z,6E,1.1530499458312988,1.1531000137329102,1.1530499458312988,1.1531000137329102,6
2026-06-08T03:16:00.000Z,6E,1.1530499458312988,1.1530499458312988,1.152999997138977,1.1530499458312988,6
2026-06-08T03:17:00.000Z,6E,1.1530499458312988,1.1530499458312988,1.1530499458312988,1.1530499458312988,10
2026-06-08T03:18:00.000Z,6E,1.152999997138977,1.152999997138977,1.152999997138977,1.152999997138977,3
2026-06-08T03:19:00.000Z,6E,1.152999997138977,1.1530499458312988,1.152999997138977,1.152999997138977,23
2026-06-08T03:20:00.000Z,6E,1.1530499458312988,1.1531000137329102,1.152999997138977,1.1531000137329102,45
2026-06-08T03:21:00.000Z,6E,1.1531000137329102,1.153249979019165,1.1531000137329102,1.153149962425232,49
2026-06-08T03:22:00.000Z,6E,1.153149962425232,1.153149962425232,1.153149962425232,1.153149962425232,11
2026-06-08T03:23:00.000Z,6E,1.1532000303268433,1.1532000303268433,1.153149962425232,1.153149962425232,32
2026-06-08T03:24:00.000Z,6E,1.153149962425232,1.153149962425232,1.1530499458312988,1.1531000137329102,14
2026-06-08T03:25:00.000Z,6E,1.1531000137329102,1.1531000137329102,1.1530499458312988,1.1530499458312988,13
2026-06-08T03:26:00.000Z,6E,1.1531000137329102,1.1531000137329102,1.1530499458312988,1.1531000137329102,3
2026-06-08T03:27:00.000Z,6E,1.153149962425232,1.153149962425232,1.153149962425232,1.153149962425232,1
2026-06-08T03:28:00.000Z,6E,1.1531000137329102,1.1531000137329102,1.1531000137329102,1.1531000137329102,5
2026-06-08T03:29:00.000Z,6E,1.1531000137329102,1.1531000137329102,1.152999997138977,1.1531000137329102,6
2026-06-08T03:30:00.000Z,6E,1.1531000137329102,1.153249979019165,1.1531000137329102,1.153249979019165,26
2026-06-08T03:31:00.000Z,6E,1.1533000469207764,1.1533000469207764,1.153249979019165,1.153249979019165,7
2026-06-08T03:32:00.000Z,6E,1.153249979019165,1.153249979019165,1.1532000303268433,1.153249979019165,18
2026-06-08T03:33:00.000Z,6E,1.1532000303268433,1.153249979019165,1.1532000303268433,1.153249979019165,19
2026-06-08T03:34:00.000Z,6E,1.1533000469207764,1.1533000469207764,1.1533000469207764,1.1533000469207764,4
2026-06-08T03:35:00.000Z,6E,1.153249979019165,1.1533000469207764,1.153249979019165,1.1533000469207764,14
2026-06-08T03:37:00.000Z,6E,1.1533000469207764,1.1533000469207764,1.153249979019165,1.153249979019165,14
2026-06-08T03:38:00.000Z,6E,1.1533000469207764,1.1533000469207764,1.1533000469207764,1.1533000469207764,2
2026-06-08T03:39:00.000Z,6E,1.153249979019165,1.153249979019165,1.153249979019165,1.153249979019165,13
2026-06-08T03:40:00.000Z,6E,1.153249979019165,1.153249979019165,1.1532000303268433,1.153249979019165,133
2026-06-08T03:41:00.000Z,6E,1.153249979019165,1.1533499956130981,1.153249979019165,1.1533000469207764,52
2026-06-08T03:42:00.000Z,6E,1.1533499956130981,1.15339994430542,1.1533499956130981,1.15339994430542,18
2026-06-08T03:43:00.000Z,6E,1.1533499956130981,1.1533499956130981,1.1533000469207764,1.1533000469207764,8
2026-06-08T03:44:00.000Z,6E,1.1533499956130981,1.15339994430542,1.1533499956130981,1.15339994430542,10
2026-06-08T03:45:00.000Z,6E,1.15339994430542,1.1534500122070312,1.15339994430542,1.15339994430542,33
2026-06-08T03:46:00.000Z,6E,1.15339994430542,1.15339994430542,1.15339994430542,1.15339994430542,19
2026-06-08T03:47:00.000Z,6E,1.1534500122070312,1.1534500122070312,1.15339994430542,1.15339994430542,13
2026-06-08T03:49:00.000Z,6E,1.15339994430542,1.15339994430542,1.15339994430542,1.15339994430542,1
2026-06-08T03:50:00.000Z,6E,1.15339994430542,1.15339994430542,1.1533499956130981,1.1533499956130981,35
2026-06-08T03:51:00.000Z,6E,1.1533499956130981,1.1533499956130981,1.1533000469207764,1.1533499956130981,18
2026-06-08T03:52:00.000Z,6E,1.1533499956130981,1.1533499956130981,1.1533499956130981,1.1533499956130981,19
2026-06-08T03:53:00.000Z,6E,1.1534500122070312,1.1535500288009644,1.1534500122070312,1.1535500288009644,109
2026-06-08T03:54:00.000Z,6E,1.1535500288009644,1.1535500288009644,1.1535500288009644,1.1535500288009644,13
2026-06-08T03:55:00.000Z,6E,1.153499960899353,1.1535500288009644,1.1534500122070312,1.153499960899353,34
2026-06-08T03:56:00.000Z,6E,1.1534500122070312,1.1535999774932861,1.1534500122070312,1.1535500288009644,25
2026-06-08T03:57:00.000Z,6E,1.1535500288009644,1.1535999774932861,1.1535500288009644,1.1535999774932861,18
2026-06-08T03:58:00.000Z,6E,1.1535999774932861,1.1535999774932861,1.1535500288009644,1.1535500288009644,16
2026-06-08T04:00:00.000Z,6E,1.1535999774932861,1.1535999774932861,1.1535500288009644,1.1535500288009644,19
2026-06-08T04:01:00.000Z,6E,1.1535500288009644,1.1536500453948975,1.1535500288009644,1.1535999774932861,31
2026-06-08T04:02:00.000Z,6E,1.1535999774932861,1.1536500453948975,1.1535999774932861,1.1536500453948975,31
2026-06-08T04:03:00.000Z,6E,1.1536500453948975,1.1536500453948975,1.153499960899353,1.153499960899353,19
2026-06-08T04:04:00.000Z,6E,1.15339994430542,1.153499960899353,1.15339994430542,1.15339994430542,19
2026-06-08T04:05:00.000Z,6E,1.1534500122070312,1.1534500122070312,1.1534500122070312,1.1534500122070312,20
2026-06-08T04:06:00.000Z,6E,1.15339994430542,1.1534500122070312,1.15339994430542,1.1534500122070312,27
2026-06-08T04:07:00.000Z,6E,1.1534500122070312,1.1535500288009644,1.1534500122070312,1.1535500288009644,61
2026-06-08T04:08:00.000Z,6E,1.153499960899353,1.153499960899353,1.153499960899353,1.153499960899353,12
2026-06-08T04:09:00.000Z,6E,1.153499960899353,1.153499960899353,1.153499960899353,1.153499960899353,1
2026-06-08T04:10:00.000Z,6E,1.1535500288009644,1.1535500288009644,1.1535500288009644,1.1535500288009644,8
2026-06-08T04:11:00.000Z,6E,1.153499960899353,1.153499960899353,1.153499960899353,1.153499960899353,16
2026-06-08T04:12:00.000Z,6E,1.153499960899353,1.1535500288009644,1.153499960899353,1.1535500288009644,11
2026-06-08T04:13:00.000Z,6E,1.1535999774932861,1.1535999774932861,1.1535999774932861,1.1535999774932861,1
2026-06-08T04:14:00.000Z,6E,1.1535999774932861,1.1535999774932861,1.1535999774932861,1.1535999774932861,14
2026-06-08T04:15:00.000Z,6E,1.1536500453948975,1.1536500453948975,1.1535500288009644,1.1536500453948975,61
2026-06-08T04:16:00.000Z,6E,1.1536999940872192,1.1536999940872192,1.1536999940872192,1.1536999940872192,50
2026-06-08T04:17:00.000Z,6E,1.1536999940872192,1.1536999940872192,1.1536500453948975,1.1536999940872192,17
2026-06-08T04:18:00.000Z,6E,1.1535999774932861,1.1535999774932861,1.1535999774932861,1.1535999774932861,6
2026-06-08T04:19:00.000Z,6E,1.1536500453948975,1.1536500453948975,1.1535500288009644,1.1535500288009644,34
2026-06-08T04:21:00.000Z,6E,1.1535500288009644,1.1535500288009644,1.153499960899353,1.153499960899353,24
2026-06-08T04:22:00.000Z,6E,1.1534500122070312,1.153499960899353,1.1534500122070312,1.153499960899353,8
2026-06-08T04:23:00.000Z,6E,1.1535500288009644,1.1535999774932861,1.1535500288009644,1.1535999774932861,5
2026-06-08T04:24:00.000Z,6E,1.1535999774932861,1.1535999774932861,1.1535999774932861,1.1535999774932861,1
2026-06-08T04:25:00.000Z,6E,1.1536500453948975,1.1536500453948975,1.1536500453948975,1.1536500453948975,5
2026-06-08T04:26:00.000Z,6E,1.1536500453948975,1.1536500453948975,1.1536500453948975,1.1536500453948975,16
2026-06-08T04:27:00.000Z,6E,1.1536500453948975,1.1536999940872192,1.1536500453948975,1.1536999940872192,8
2026-06-08T04:29:00.000Z,6E,1.1536999940872192,1.153749942779541,1.1536500453948975,1.1536999940872192,9
2026-06-08T04:30:00.000Z,6E,1.1536999940872192,1.1536999940872192,1.1536500453948975,1.1536500453948975,9
2026-06-08T04:31:00.000Z,6E,1.1536500453948975,1.1536999940872192,1.1536500453948975,1.1536999940872192,82
2026-06-08T04:32:00.000Z,6E,1.1536999940872192,1.153749942779541,1.1536999940872192,1.1536999940872192,69
2026-06-08T04:33:00.000Z,6E,1.1536500453948975,1.153749942779541,1.1535999774932861,1.1536500453948975,157
2026-06-08T04:34:00.000Z,6E,1.1535999774932861,1.1535999774932861,1.1534500122070312,1.1535500288009644,40
2026-06-08T04:35:00.000Z,6E,1.1535999774932861,1.1535999774932861,1.1535500288009644,1.1535500288009644,26
2026-06-08T04:36:00.000Z,6E,1.153499960899353,1.1535500288009644,1.153499960899353,1.1535500288009644,40
2026-06-08T04:37:00.000Z,6E,1.1535500288009644,1.1536500453948975,1.1535500288009644,1.1536500453948975,23
2026-06-08T04:38:00.000Z,6E,1.1536999940872192,1.1536999940872192,1.1536500453948975,1.1536999940872192,17
2026-06-08T04:39:00.000Z,6E,1.1536500453948975,1.1536999940872192,1.1536500453948975,1.1536500453948975,6
2026-06-08T04:40:00.000Z,6E,1.1536500453948975,1.1536500453948975,1.1535500288009644,1.1535999774932861,29
2026-06-08T04:41:00.000Z,6E,1.1536500453948975,1.1536500453948975,1.1535500288009644,1.1535500288009644,4
2026-06-08T04:42:00.000Z,6E,1.1535500288009644,1.1535500288009644,1.153499960899353,1.153499960899353,6
2026-06-08T04:43:00.000Z,6E,1.153499960899353,1.153499960899353,1.15339994430542,1.15339994430542,2
2026-06-08T04:44:00.000Z,6E,1.1534500122070312,1.1534500122070312,1.15339994430542,1.1534500122070312,19
2026-06-08T04:45:00.000Z,6E,1.1534500122070312,1.153499960899353,1.1534500122070312,1.1534500122070312,70
2026-06-08T04:46:00.000Z,6E,1.153499960899353,1.1535999774932861,1.153499960899353,1.1535999774932861,19
2026-06-08T04:47:00.000Z,6E,1.1535999774932861,1.1535999774932861,1.153499960899353,1.1535500288009644,28
2026-06-08T04:48:00.000Z,6E,1.1535500288009644,1.1535500288009644,1.153499960899353,1.153499960899353,3
2026-06-08T04:49:00.000Z,6E,1.1535500288009644,1.1535500288009644,1.153499960899353,1.153499960899353,18
2026-06-08T04:50:00.000Z,6E,1.1535500288009644,1.1535500288009644,1.153499960899353,1.1535500288009644,15
2026-06-08T04:51:00.000Z,6E,1.153499960899353,1.153499960899353,1.1534500122070312,1.1534500122070312,10
2026-06-08T04:52:00.000Z,6E,1.153499960899353,1.153499960899353,1.153499960899353,1.153499960899353,15
2026-06-08T04:53:00.000Z,6E,1.1535500288009644,1.1535500288009644,1.153499960899353,1.1535500288009644,18
2026-06-08T04:54:00.000Z,6E,1.1535999774932861,1.1535999774932861,1.153499960899353,1.153499960899353,25
2026-06-08T04:55:00.000Z,6E,1.1535500288009644,1.1535500288009644,1.1535500288009644,1.1535500288009644,1
2026-06-08T04:56:00.000Z,6E,1.153499960899353,1.153499960899353,1.15339994430542,1.1534500122070312,7
2026-06-08T04:57:00.000Z,6E,1.1534500122070312,1.1534500122070312,1.15339994430542,1.15339994430542,7
2026-06-08T04:58:00.000Z,6E,1.1534500122070312,1.1534500122070312,1.15339994430542,1.1534500122070312,14
2026-06-08T04:59:00.000Z,6E,1.153499960899353,1.153499960899353,1.1534500122070312,1.153499960899353,16
2026-06-08T05:00:00.000Z,6E,1.153499960899353,1.1536500453948975,1.153499960899353,1.1536500453948975,55
2026-06-08T05:01:00.000Z,6E,1.1536500453948975,1.1536999940872192,1.1536500453948975,1.1536999940872192,65
2026-06-08T05:02:00.000Z,6E,1.153749942779541,1.1538000106811523,1.1536999940872192,1.153749942779541,80
2026-06-08T05:03:00.000Z,6E,1.153749942779541,1.1538000106811523,1.153749942779541,1.1538000106811523,33
2026-06-08T05:04:00.000Z,6E,1.1538000106811523,1.1539499759674072,1.1538000106811523,1.1539000272750854,148
2026-06-08T05:05:00.000Z,6E,1.1539000272750854,1.1539000272750854,1.1538499593734741,1.1538499593734741,38
2026-06-08T05:06:00.000Z,6E,1.1538000106811523,1.1538499593734741,1.153749942779541,1.153749942779541,83
2026-06-08T05:07:00.000Z,6E,1.153749942779541,1.1538499593734741,1.153749942779541,1.1538499593734741,25
2026-06-08T05:08:00.000Z,6E,1.1538499593734741,1.1539000272750854,1.1538499593734741,1.1539000272750854,14
2026-06-08T05:09:00.000Z,6E,1.1538499593734741,1.1538499593734741,1.1538000106811523,1.1538000106811523,72
2026-06-08T05:10:00.000Z,6E,1.1538499593734741,1.1538499593734741,1.1538000106811523,1.1538499593734741,22
2026-06-08T05:11:00.000Z,6E,1.1539000272750854,1.1539000272750854,1.1538499593734741,1.1539000272750854,10
2026-06-08T05:12:00.000Z,6E,1.1538499593734741,1.1539000272750854,1.1538000106811523,1.1538000106811523,86
2026-06-08T05:13:00.000Z,6E,1.153749942779541,1.153749942779541,1.1535999774932861,1.1535999774932861,127
2026-06-08T05:14:00.000Z,6E,1.1536500453948975,1.1536500453948975,1.1535500288009644,1.1535999774932861,50
2026-06-08T05:15:00.000Z,6E,1.1536500453948975,1.1536999940872192,1.1535999774932861,1.1536500453948975,43
2026-06-08T05:16:00.000Z,6E,1.1536500453948975,1.1538499593734741,1.1536500453948975,1.1538499593734741,126
2026-06-08T05:17:00.000Z,6E,1.1539000272750854,1.1541500091552734,1.1539000272750854,1.1541500091552734,317
2026-06-08T05:18:00.000Z,6E,1.1541999578475952,1.1542999744415283,1.1541999578475952,1.1542999744415283,136
2026-06-08T05:19:00.000Z,6E,1.1542999744415283,1.1542999744415283,1.1542500257492065,1.1542500257492065,21
2026-06-08T05:20:00.000Z,6E,1.1542500257492065,1.1542999744415283,1.1541999578475952,1.1542999744415283,133
2026-06-08T05:21:00.000Z,6E,1.1542999744415283,1.1543500423431396,1.1542999744415283,1.1542999744415283,72
2026-06-08T05:22:00.000Z,6E,1.1542999744415283,1.1542999744415283,1.1542500257492065,1.1542500257492065,88
2026-06-08T05:23:00.000Z,6E,1.1542999744415283,1.1543500423431396,1.1542999744415283,1.1542999744415283,18
2026-06-08T05:24:00.000Z,6E,1.1542500257492065,1.1542500257492065,1.1542500257492065,1.1542500257492065,33
2026-06-08T05:25:00.000Z,6E,1.1541999578475952,1.1542500257492065,1.154099941253662,1.154099941253662,25
2026-06-08T05:26:00.000Z,6E,1.1541500091552734,1.1541500091552734,1.1540000438690186,1.1540499925613403,62
2026-06-08T05:27:00.000Z,6E,1.1540499925613403,1.1540499925613403,1.1539499759674072,1.1540000438690186,56
2026-06-08T05:28:00.000Z,6E,1.1540000438690186,1.1540000438690186,1.1538499593734741,1.1539000272750854,135
2026-06-08T05:29:00.000Z,6E,1.1539000272750854,1.1539000272750854,1.1538000106811523,1.1538000106811523,99
2026-06-08T05:30:00.000Z,6E,1.1538499593734741,1.1538499593734741,1.1536999940872192,1.153749942779541,56
2026-06-08T05:31:00.000Z,6E,1.1538000106811523,1.1538000106811523,1.1535500288009644,1.1535500288009644,111
2026-06-08T05:32:00.000Z,6E,1.1535999774932861,1.1535999774932861,1.1535500288009644,1.1535500288009644,33
2026-06-08T05:33:00.000Z,6E,1.1535999774932861,1.1536500453948975,1.1535500288009644,1.1535500288009644,13
2026-06-08T05:34:00.000Z,6E,1.1535500288009644,1.1535500288009644,1.1533499956130981,1.15339994430542,46
2026-06-08T05:35:00.000Z,6E,1.1534500122070312,1.1534500122070312,1.1532000303268433,1.1532000303268433,55
2026-06-08T05:36:00.000Z,6E,1.153149962425232,1.153249979019165,1.1530499458312988,1.153249979019165,115
2026-06-08T05:37:00.000Z,6E,1.1532000303268433,1.1532000303268433,1.152999997138977,1.152999997138977,155
2026-06-08T05:38:00.000Z,6E,1.152999997138977,1.1532000303268433,1.1529500484466553,1.153149962425232,126
2026-06-08T05:39:00.000Z,6E,1.1532000303268433,1.1533000469207764,1.1532000303268433,1.1532000303268433,67
2026-06-08T05:40:00.000Z,6E,1.1532000303268433,1.1532000303268433,1.153149962425232,1.1532000303268433,27
2026-06-08T05:41:00.000Z,6E,1.1532000303268433,1.1532000303268433,1.152899980545044,1.152899980545044,150
2026-06-08T05:42:00.000Z,6E,1.152899980545044,1.1530499458312988,1.1528500318527222,1.1530499458312988,108
2026-06-08T05:43:00.000Z,6E,1.1530499458312988,1.153149962425232,1.1530499458312988,1.153149962425232,33
2026-06-08T05:44:00.000Z,6E,1.153249979019165,1.153249979019165,1.1531000137329102,1.1532000303268433,38
2026-06-08T05:45:00.000Z,6E,1.153149962425232,1.1532000303268433,1.153149962425232,1.153149962425232,23
2026-06-08T05:46:00.000Z,6E,1.153149962425232,1.1533000469207764,1.153149962425232,1.1533000469207764,15
2026-06-08T05:47:00.000Z,6E,1.1533000469207764,1.1533000469207764,1.1532000303268433,1.153249979019165,50
2026-06-08T05:48:00.000Z,6E,1.1532000303268433,1.1532000303268433,1.153149962425232,1.153149962425232,54
2026-06-08T05:49:00.000Z,6E,1.1531000137329102,1.1531000137329102,1.1529500484466553,1.152999997138977,48
2026-06-08T05:50:00.000Z,6E,1.1530499458312988,1.1531000137329102,1.152899980545044,1.152899980545044,302
2026-06-08T05:51:00.000Z,6E,1.1529500484466553,1.152999997138977,1.152899980545044,1.1529500484466553,94
2026-06-08T05:52:00.000Z,6E,1.1529500484466553,1.152999997138977,1.152899980545044,1.1529500484466553,103
2026-06-08T05:53:00.000Z,6E,1.1529500484466553,1.1529500484466553,1.152750015258789,1.1527999639511108,65
2026-06-08T05:54:00.000Z,6E,1.152750015258789,1.1527999639511108,1.152649998664856,1.1526999473571777,145
2026-06-08T05:55:00.000Z,6E,1.152649998664856,1.152649998664856,1.1523000001907349,1.1523000001907349,304
2026-06-08T05:56:00.000Z,6E,1.1523499488830566,1.152500033378601,1.152250051498413,1.152250051498413,585
2026-06-08T05:57:00.000Z,6E,1.1523000001907349,1.1523000001907349,1.1521999835968018,1.1521999835968018,203
2026-06-08T05:58:00.000Z,6E,1.15215003490448,1.152250051498413,1.15215003490448,1.1521999835968018,540
2026-06-08T05:59:00.000Z,6E,1.1521999835968018,1.1523499488830566,1.1521999835968018,1.1523000001907349,521
2026-06-08T06:00:00.000Z,6E,1.1523499488830566,1.1525499820709229,1.152250051498413,1.1524499654769897,1203
2026-06-08T06:01:00.000Z,6E,1.1524499654769897,1.152500033378601,1.1523499488830566,1.1523499488830566,147
2026-06-08T06:02:00.000Z,6E,1.152400016784668,1.1524499654769897,1.1520500183105469,1.15215003490448,330
2026-06-08T06:03:00.000Z,6E,1.15215003490448,1.152250051498413,1.1520999670028687,1.15215003490448,131
2026-06-08T06:04:00.000Z,6E,1.1521999835968018,1.1521999835968018,1.1519999504089355,1.1520999670028687,332
2026-06-08T06:05:00.000Z,6E,1.15215003490448,1.1523000001907349,1.1520500183105469,1.1523000001907349,94
2026-06-08T06:06:00.000Z,6E,1.1523000001907349,1.1523000001907349,1.15215003490448,1.1521999835968018,105
2026-06-08T06:07:00.000Z,6E,1.1521999835968018,1.1524499654769897,1.15215003490448,1.1524499654769897,281
2026-06-08T06:08:00.000Z,6E,1.1524499654769897,1.1526000499725342,1.152400016784668,1.1525499820709229,210
2026-06-08T06:09:00.000Z,6E,1.1525499820709229,1.1526000499725342,1.152500033378601,1.1526000499725342,177
2026-06-08T06:10:00.000Z,6E,1.1526000499725342,1.152649998664856,1.1526000499725342,1.1526000499725342,31
2026-06-08T06:11:00.000Z,6E,1.1526000499725342,1.1526000499725342,1.152400016784668,1.1524499654769897,101
2026-06-08T06:12:00.000Z,6E,1.152400016784668,1.152400016784668,1.1523000001907349,1.1523000001907349,37
2026-06-08T06:13:00.000Z,6E,1.1523000001907349,1.1523499488830566,1.152250051498413,1.1523000001907349,57
2026-06-08T06:14:00.000Z,6E,1.1523000001907349,1.152400016784668,1.152250051498413,1.1523000001907349,19
2026-06-08T06:15:00.000Z,6E,1.152250051498413,1.1523499488830566,1.152250051498413,1.1523499488830566,10
2026-06-08T06:16:00.000Z,6E,1.1523499488830566,1.1524499654769897,1.1523000001907349,1.152400016784668,90
2026-06-08T06:17:00.000Z,6E,1.1524499654769897,1.1525499820709229,1.1524499654769897,1.152500033378601,50
2026-06-08T06:18:00.000Z,6E,1.152500033378601,1.152500033378601,1.152400016784668,1.152400016784668,46
2026-06-08T06:19:00.000Z,6E,1.1524499654769897,1.1525499820709229,1.152400016784668,1.152400016784668,41
2026-06-08T06:20:00.000Z,6E,1.152400016784668,1.152500033378601,1.1523499488830566,1.152500033378601,58
2026-06-08T06:21:00.000Z,6E,1.152500033378601,1.1526000499725342,1.1524499654769897,1.1526000499725342,53
2026-06-08T06:22:00.000Z,6E,1.152649998664856,1.1528500318527222,1.152649998664856,1.1528500318527222,210
2026-06-08T06:23:00.000Z,6E,1.1528500318527222,1.1528500318527222,1.152649998664856,1.1526999473571777,66
2026-06-08T06:24:00.000Z,6E,1.1526999473571777,1.1526999473571777,1.152649998664856,1.1526999473571777,111
2026-06-08T06:25:00.000Z,6E,1.1526999473571777,1.1526999473571777,1.1525499820709229,1.1525499820709229,66
2026-06-08T06:26:00.000Z,6E,1.1526000499725342,1.1526999473571777,1.1526000499725342,1.1526999473571777,62
2026-06-08T06:27:00.000Z,6E,1.152649998664856,1.152750015258789,1.152649998664856,1.152750015258789,62
2026-06-08T06:28:00.000Z,6E,1.1526999473571777,1.1527999639511108,1.1526999473571777,1.1527999639511108,50
2026-06-08T06:29:00.000Z,6E,1.1527999639511108,1.1527999639511108,1.1526999473571777,1.152750015258789,133
2026-06-08T06:30:00.000Z,6E,1.1526999473571777,1.1526999473571777,1.1524499654769897,1.1525499820709229,102
2026-06-08T06:31:00.000Z,6E,1.1526000499725342,1.1526000499725342,1.152500033378601,1.152500033378601,19
2026-06-08T06:32:00.000Z,6E,1.152500033378601,1.1526000499725342,1.152500033378601,1.1526000499725342,29
2026-06-08T06:33:00.000Z,6E,1.152500033378601,1.1525499820709229,1.1524499654769897,1.1525499820709229,39
2026-06-08T06:34:00.000Z,6E,1.152500033378601,1.152500033378601,1.1523499488830566,1.1523499488830566,50
2026-06-08T06:35:00.000Z,6E,1.1523499488830566,1.152400016784668,1.1520500183105469,1.1520500183105469,99
2026-06-08T06:36:00.000Z,6E,1.1519999504089355,1.152250051498413,1.1519999504089355,1.152250051498413,103
2026-06-08T06:37:00.000Z,6E,1.152250051498413,1.152250051498413,1.1520500183105469,1.1520999670028687,112
2026-06-08T06:38:00.000Z,6E,1.1520999670028687,1.15215003490448,1.1519999504089355,1.1520999670028687,75
2026-06-08T06:39:00.000Z,6E,1.1520500183105469,1.15215003490448,1.1520500183105469,1.15215003490448,70
2026-06-08T06:40:00.000Z,6E,1.1520999670028687,1.15215003490448,1.1520500183105469,1.1520999670028687,52
2026-06-08T06:41:00.000Z,6E,1.15215003490448,1.152250051498413,1.1520999670028687,1.15215003490448,63
2026-06-08T06:42:00.000Z,6E,1.15215003490448,1.1523000001907349,1.15215003490448,1.152250051498413,58
2026-06-08T06:43:00.000Z,6E,1.1523000001907349,1.152400016784668,1.152250051498413,1.1523000001907349,109
2026-06-08T06:44:00.000Z,6E,1.152250051498413,1.1523499488830566,1.152250051498413,1.152250051498413,187
2026-06-08T06:45:00.000Z,6E,1.152250051498413,1.1523499488830566,1.152250051498413,1.152250051498413,141
2026-06-08T06:46:00.000Z,6E,1.152250051498413,1.152250051498413,1.1521999835968018,1.1521999835968018,76
2026-06-08T06:47:00.000Z,6E,1.1521999835968018,1.152250051498413,1.1521999835968018,1.152250051498413,22
2026-06-08T06:48:00.000Z,6E,1.152250051498413,1.152250051498413,1.15215003490448,1.15215003490448,38
2026-06-08T06:49:00.000Z,6E,1.1521999835968018,1.1523000001907349,1.1521999835968018,1.1523000001907349,249
2026-06-08T06:50:00.000Z,6E,1.1523000001907349,1.1523499488830566,1.15215003490448,1.1523000001907349,256
2026-06-08T06:51:00.000Z,6E,1.1523499488830566,1.152400016784668,1.1523499488830566,1.1523499488830566,32
2026-06-08T06:52:00.000Z,6E,1.1523499488830566,1.152500033378601,1.1523499488830566,1.152500033378601,45
2026-06-08T06:53:00.000Z,6E,1.1524499654769897,1.152500033378601,1.152400016784668,1.152400016784668,17
2026-06-08T06:54:00.000Z,6E,1.1523499488830566,1.1523499488830566,1.15215003490448,1.15215003490448,54
2026-06-08T06:55:00.000Z,6E,1.1520500183105469,1.1520500183105469,1.1518000364303589,1.1518000364303589,275
2026-06-08T06:56:00.000Z,6E,1.1518000364303589,1.15215003490448,1.1517499685287476,1.15215003490448,150
2026-06-08T06:57:00.000Z,6E,1.1521999835968018,1.152250051498413,1.1520500183105469,1.1520500183105469,150
2026-06-08T06:58:00.000Z,6E,1.1520500183105469,1.1520500183105469,1.1519500017166138,1.1519999504089355,90
2026-06-08T06:59:00.000Z,6E,1.1519999504089355,1.1519999504089355,1.1518499851226807,1.151900053024292,88
2026-06-08T07:00:00.000Z,6E,1.1519500017166138,1.1520999670028687,1.1518499851226807,1.1519500017166138,434
2026-06-08T07:01:00.000Z,6E,1.1519999504089355,1.1520500183105469,1.1518499851226807,1.151900053024292,143
2026-06-08T07:02:00.000Z,6E,1.151900053024292,1.1519999504089355,1.151900053024292,1.1519500017166138,252
2026-06-08T07:03:00.000Z,6E,1.151900053024292,1.152400016784668,1.1518499851226807,1.1523000001907349,252
2026-06-08T07:04:00.000Z,6E,1.1523000001907349,1.1523000001907349,1.152250051498413,1.152250051498413,91
2026-06-08T07:05:00.000Z,6E,1.152250051498413,1.152250051498413,1.151900053024292,1.1519999504089355,178
2026-06-08T07:06:00.000Z,6E,1.1519999504089355,1.1520500183105469,1.151900053024292,1.1519500017166138,84
2026-06-08T07:07:00.000Z,6E,1.1519500017166138,1.1519500017166138,1.1518499851226807,1.151900053024292,222
2026-06-08T07:08:00.000Z,6E,1.1519500017166138,1.1521999835968018,1.151900053024292,1.15215003490448,175
2026-06-08T07:09:00.000Z,6E,1.15215003490448,1.1523499488830566,1.1520999670028687,1.1523499488830566,74
2026-06-08T07:10:00.000Z,6E,1.1523499488830566,1.1523499488830566,1.1523000001907349,1.1523499488830566,122
2026-06-08T07:11:00.000Z,6E,1.1523499488830566,1.152649998664856,1.1523499488830566,1.1526000499725342,185
2026-06-08T07:12:00.000Z,6E,1.152649998664856,1.152750015258789,1.152649998664856,1.152750015258789,180
2026-06-08T07:13:00.000Z,6E,1.152750015258789,1.152999997138977,1.152750015258789,1.152899980545044,377
2026-06-08T07:14:00.000Z,6E,1.152899980545044,1.1529500484466553,1.152750015258789,1.152750015258789,206
2026-06-08T07:15:00.000Z,6E,1.152750015258789,1.152750015258789,1.1523499488830566,1.1526999473571777,267
2026-06-08T07:16:00.000Z,6E,1.1526999473571777,1.1528500318527222,1.1526999473571777,1.1527999639511108,1213
2026-06-08T07:17:00.000Z,6E,1.1528500318527222,1.1530499458312988,1.1528500318527222,1.1529500484466553,258
2026-06-08T07:18:00.000Z,6E,1.152899980545044,1.152999997138977,1.1528500318527222,1.152999997138977,103
2026-06-08T07:19:00.000Z,6E,1.152999997138977,1.152999997138977,1.1528500318527222,1.152999997138977,63
2026-06-08T07:20:00.000Z,6E,1.1529500484466553,1.1530499458312988,1.1528500318527222,1.152999997138977,163
2026-06-08T07:21:00.000Z,6E,1.1529500484466553,1.152999997138977,1.152899980545044,1.152899980545044,342
2026-06-08T07:22:00.000Z,6E,1.152899980545044,1.152899980545044,1.1527999639511108,1.1527999639511108,46
2026-06-08T07:23:00.000Z,6E,1.152750015258789,1.152999997138977,1.152750015258789,1.152899980545044,47
2026-06-08T07:24:00.000Z,6E,1.1529500484466553,1.152999997138977,1.152899980545044,1.152999997138977,45
2026-06-08T07:25:00.000Z,6E,1.152999997138977,1.1530499458312988,1.1529500484466553,1.1530499458312988,222
2026-06-08T07:26:00.000Z,6E,1.1530499458312988,1.1531000137329102,1.152899980545044,1.152899980545044,139
2026-06-08T07:27:00.000Z,6E,1.1529500484466553,1.152999997138977,1.1528500318527222,1.1528500318527222,95
2026-06-08T07:28:00.000Z,6E,1.1527999639511108,1.1529500484466553,1.1527999639511108,1.1529500484466553,58
2026-06-08T07:29:00.000Z,6E,1.152899980545044,1.152899980545044,1.1526999473571777,1.1526999473571777,299
2026-06-08T07:30:00.000Z,6E,1.1526999473571777,1.152899980545044,1.152649998664856,1.152899980545044,488
2026-06-08T07:31:00.000Z,6E,1.1529500484466553,1.1529500484466553,1.1528500318527222,1.1528500318527222,46
2026-06-08T07:32:00.000Z,6E,1.152899980545044,1.152999997138977,1.1527999639511108,1.1527999639511108,78
2026-06-08T07:33:00.000Z,6E,1.1528500318527222,1.1529500484466553,1.1528500318527222,1.1529500484466553,100
2026-06-08T07:34:00.000Z,6E,1.1529500484466553,1.152999997138977,1.1528500318527222,1.1529500484466553,46
2026-06-08T07:35:00.000Z,6E,1.1529500484466553,1.1529500484466553,1.152649998664856,1.152649998664856,161
2026-06-08T07:36:00.000Z,6E,1.152649998664856,1.1526999473571777,1.1524499654769897,1.152500033378601,183
2026-06-08T07:37:00.000Z,6E,1.1525499820709229,1.1526000499725342,1.152400016784668,1.152400016784668,503
2026-06-08T07:38:00.000Z,6E,1.152400016784668,1.1525499820709229,1.152400016784668,1.152400016784668,273
2026-06-08T07:39:00.000Z,6E,1.152400016784668,1.1526000499725342,1.1523499488830566,1.1526000499725342,279
2026-06-08T07:40:00.000Z,6E,1.1526000499725342,1.152750015258789,1.1526000499725342,1.152750015258789,244
2026-06-08T07:41:00.000Z,6E,1.1526999473571777,1.1527999639511108,1.152649998664856,1.1527999639511108,166
2026-06-08T07:42:00.000Z,6E,1.1527999639511108,1.1528500318527222,1.152750015258789,1.152750015258789,222
2026-06-08T07:43:00.000Z,6E,1.1527999639511108,1.1527999639511108,1.152750015258789,1.1527999639511108,152
2026-06-08T07:44:00.000Z,6E,1.152750015258789,1.152750015258789,1.1526999473571777,1.152750015258789,116
2026-06-08T07:45:00.000Z,6E,1.1527999639511108,1.152899980545044,1.152750015258789,1.152899980545044,175
2026-06-08T07:46:00.000Z,6E,1.152899980545044,1.152899980545044,1.152649998664856,1.1526999473571777,190
2026-06-08T07:47:00.000Z,6E,1.1526999473571777,1.1528500318527222,1.1526999473571777,1.1527999639511108,488
2026-06-08T07:48:00.000Z,6E,1.1527999639511108,1.1527999639511108,1.1527999639511108,1.1527999639511108,101
2026-06-08T07:49:00.000Z,6E,1.1528500318527222,1.152899980545044,1.152750015258789,1.152899980545044,305
2026-06-08T07:50:00.000Z,6E,1.1528500318527222,1.1528500318527222,1.1526999473571777,1.1526999473571777,58
2026-06-08T07:51:00.000Z,6E,1.152649998664856,1.1526999473571777,1.1524499654769897,1.1524499654769897,65
2026-06-08T07:52:00.000Z,6E,1.152500033378601,1.1525499820709229,1.1524499654769897,1.152500033378601,139
2026-06-08T07:53:00.000Z,6E,1.1524499654769897,1.1524499654769897,1.152400016784668,1.1524499654769897,49
2026-06-08T07:54:00.000Z,6E,1.1524499654769897,1.152649998664856,1.152400016784668,1.152649998664856,106
2026-06-08T07:55:00.000Z,6E,1.152649998664856,1.1527999639511108,1.1526000499725342,1.1526999473571777,82
2026-06-08T07:56:00.000Z,6E,1.152649998664856,1.152649998664856,1.152500033378601,1.152500033378601,46
2026-06-08T07:57:00.000Z,6E,1.1524499654769897,1.1525499820709229,1.1523000001907349,1.1523000001907349,112
2026-06-08T07:58:00.000Z,6E,1.1523000001907349,1.1523499488830566,1.15215003490448,1.15215003490448,442
2026-06-08T07:59:00.000Z,6E,1.15215003490448,1.152250051498413,1.1519999504089355,1.1520500183105469,196
2026-06-08T08:00:00.000Z,6E,1.1520500183105469,1.15215003490448,1.1519500017166138,1.1520999670028687,243
2026-06-08T08:01:00.000Z,6E,1.1520999670028687,1.1520999670028687,1.1519500017166138,1.1519500017166138,126
2026-06-08T08:02:00.000Z,6E,1.1519500017166138,1.1520999670028687,1.1518000364303589,1.1520999670028687,156
2026-06-08T08:03:00.000Z,6E,1.1520999670028687,1.1521999835968018,1.1520500183105469,1.1520999670028687,76
2026-06-08T08:04:00.000Z,6E,1.1520999670028687,1.1523499488830566,1.1520999670028687,1.1521999835968018,71
2026-06-08T08:05:00.000Z,6E,1.1521999835968018,1.1523499488830566,1.15215003490448,1.1523000001907349,101
2026-06-08T08:06:00.000Z,6E,1.152250051498413,1.1523499488830566,1.1521999835968018,1.1523499488830566,192
2026-06-08T08:07:00.000Z,6E,1.1523499488830566,1.152400016784668,1.1523000001907349,1.1523499488830566,242
2026-06-08T08:08:00.000Z,6E,1.152400016784668,1.1526000499725342,1.1523499488830566,1.1526000499725342,81
2026-06-08T08:09:00.000Z,6E,1.152500033378601,1.1526999473571777,1.1524499654769897,1.152649998664856,186
2026-06-08T08:10:00.000Z,6E,1.1526000499725342,1.1526000499725342,1.1523000001907349,1.1523000001907349,98
2026-06-08T08:11:00.000Z,6E,1.1523000001907349,1.1523499488830566,1.1523000001907349,1.1523000001907349,133
2026-06-08T08:12:00.000Z,6E,1.1523000001907349,1.1523499488830566,1.1523000001907349,1.1523499488830566,25
2026-06-08T08:13:00.000Z,6E,1.152400016784668,1.1524499654769897,1.1523499488830566,1.152400016784668,35
2026-06-08T08:14:00.000Z,6E,1.152400016784668,1.152400016784668,1.1521999835968018,1.152250051498413,56
2026-06-08T08:15:00.000Z,6E,1.152250051498413,1.1523000001907349,1.1521999835968018,1.152250051498413,129
2026-06-08T08:16:00.000Z,6E,1.1521999835968018,1.1521999835968018,1.1519999504089355,1.1519999504089355,65
2026-06-08T08:17:00.000Z,6E,1.1519999504089355,1.1520500183105469,1.151900053024292,1.1519500017166138,611
2026-06-08T08:18:00.000Z,6E,1.1519500017166138,1.15215003490448,1.1519500017166138,1.15215003490448,109
2026-06-08T08:19:00.000Z,6E,1.1520999670028687,1.15215003490448,1.1520999670028687,1.1520999670028687,31
2026-06-08T08:20:00.000Z,6E,1.1520999670028687,1.1520999670028687,1.1519500017166138,1.1519500017166138,103
2026-06-08T08:21:00.000Z,6E,1.1519999504089355,1.1519999504089355,1.1518499851226807,1.151900053024292,98
2026-06-08T08:22:00.000Z,6E,1.1518499851226807,1.1519999504089355,1.1518499851226807,1.1519500017166138,210
2026-06-08T08:23:00.000Z,6E,1.1519500017166138,1.1520500183105469,1.1519500017166138,1.1519999504089355,92
2026-06-08T08:24:00.000Z,6E,1.1519999504089355,1.1520999670028687,1.1519500017166138,1.1519500017166138,43
2026-06-08T08:25:00.000Z,6E,1.151900053024292,1.1519999504089355,1.151900053024292,1.1519999504089355,109
2026-06-08T08:26:00.000Z,6E,1.1520500183105469,1.15215003490448,1.1520500183105469,1.15215003490448,103
2026-06-08T08:27:00.000Z,6E,1.1521999835968018,1.1521999835968018,1.1520500183105469,1.1521999835968018,284
2026-06-08T08:28:00.000Z,6E,1.1520999670028687,1.15215003490448,1.1520500183105469,1.1520999670028687,89
2026-06-08T08:29:00.000Z,6E,1.1520999670028687,1.1523499488830566,1.1520999670028687,1.1523499488830566,173
2026-06-08T08:30:00.000Z,6E,1.1523499488830566,1.152500033378601,1.152250051498413,1.152400016784668,373
2026-06-08T08:31:00.000Z,6E,1.1523499488830566,1.1523499488830566,1.152250051498413,1.152250051498413,228
2026-06-08T08:32:00.000Z,6E,1.152250051498413,1.152250051498413,1.1520999670028687,1.1520999670028687,42
2026-06-08T08:33:00.000Z,6E,1.15215003490448,1.1521999835968018,1.1520999670028687,1.1520999670028687,467
2026-06-08T08:34:00.000Z,6E,1.1520500183105469,1.1520999670028687,1.1519500017166138,1.1519500017166138,64
2026-06-08T08:35:00.000Z,6E,1.1519500017166138,1.1519999504089355,1.1518499851226807,1.1519999504089355,188
2026-06-08T08:36:00.000Z,6E,1.1519999504089355,1.15215003490448,1.1519999504089355,1.15215003490448,79
2026-06-08T08:37:00.000Z,6E,1.15215003490448,1.1523000001907349,1.15215003490448,1.1521999835968018,106
2026-06-08T08:38:00.000Z,6E,1.15215003490448,1.15215003490448,1.1520500183105469,1.1520500183105469,68
2026-06-08T08:39:00.000Z,6E,1.1520999670028687,1.1520999670028687,1.1519500017166138,1.1519500017166138,60
2026-06-08T08:40:00.000Z,6E,1.151900053024292,1.151900053024292,1.1517499685287476,1.1517499685287476,57
2026-06-08T08:41:00.000Z,6E,1.1517000198364258,1.1517499685287476,1.151550054550171,1.151550054550171,135
2026-06-08T08:42:00.000Z,6E,1.151550054550171,1.1516000032424927,1.1514999866485596,1.1516000032424927,51
2026-06-08T08:43:00.000Z,6E,1.1516000032424927,1.1517499685287476,1.1516000032424927,1.1517499685287476,56
2026-06-08T08:44:00.000Z,6E,1.1517499685287476,1.1519500017166138,1.1517499685287476,1.1519500017166138,97
2026-06-08T08:45:00.000Z,6E,1.1519500017166138,1.1520500183105469,1.1519500017166138,1.1520500183105469,59
2026-06-08T08:46:00.000Z,6E,1.1520500183105469,1.1520500183105469,1.1516499519348145,1.1516499519348145,93
2026-06-08T08:47:00.000Z,6E,1.1517000198364258,1.1518000364303589,1.151550054550171,1.1516000032424927,60
2026-06-08T08:48:00.000Z,6E,1.1516499519348145,1.1518000364303589,1.1516499519348145,1.1517499685287476,107
2026-06-08T08:49:00.000Z,6E,1.1518000364303589,1.1518000364303589,1.1516499519348145,1.1516499519348145,106
2026-06-08T08:50:00.000Z,6E,1.1517000198364258,1.1518000364303589,1.1516000032424927,1.1517499685287476,55
2026-06-08T08:51:00.000Z,6E,1.1518000364303589,1.1518000364303589,1.1517000198364258,1.1517000198364258,130
2026-06-08T08:52:00.000Z,6E,1.1517000198364258,1.1517000198364258,1.1513999700546265,1.1513999700546265,141
2026-06-08T08:53:00.000Z,6E,1.1513999700546265,1.151550054550171,1.1513500213623047,1.1513999700546265,322
2026-06-08T08:54:00.000Z,6E,1.1513999700546265,1.1514500379562378,1.1513500213623047,1.1513999700546265,161
2026-06-08T08:55:00.000Z,6E,1.1514500379562378,1.1514500379562378,1.1512500047683716,1.1512999534606934,264
2026-06-08T08:56:00.000Z,6E,1.1512500047683716,1.1514999866485596,1.1511499881744385,1.1513999700546265,815
2026-06-08T08:57:00.000Z,6E,1.1513999700546265,1.151550054550171,1.1511499881744385,1.1512000560760498,523
2026-06-08T08:58:00.000Z,6E,1.1512500047683716,1.1514500379562378,1.1512500047683716,1.1513999700546265,152
2026-06-08T08:59:00.000Z,6E,1.1513999700546265,1.1514500379562378,1.1511499881744385,1.1512000560760498,290
2026-06-08T09:00:00.000Z,6E,1.1512000560760498,1.1512999534606934,1.1511499881744385,1.1512999534606934,225
2026-06-08T09:01:00.000Z,6E,1.1513500213623047,1.1514999866485596,1.1512500047683716,1.1512999534606934,840
2026-06-08T09:02:00.000Z,6E,1.1512999534606934,1.1513500213623047,1.1512000560760498,1.1512999534606934,158
2026-06-08T09:03:00.000Z,6E,1.1512999534606934,1.1514500379562378,1.1512999534606934,1.1513999700546265,330
2026-06-08T09:04:00.000Z,6E,1.1513999700546265,1.1514999866485596,1.1512999534606934,1.1513500213623047,409
2026-06-08T09:05:00.000Z,6E,1.1513500213623047,1.1513500213623047,1.1511499881744385,1.1512000560760498,72
2026-06-08T09:06:00.000Z,6E,1.1512000560760498,1.1512999534606934,1.1512000560760498,1.1512999534606934,987
2026-06-08T09:07:00.000Z,6E,1.1512999534606934,1.1512999534606934,1.1512500047683716,1.1512500047683716,32
2026-06-08T09:08:00.000Z,6E,1.1512000560760498,1.1512000560760498,1.1511499881744385,1.1511499881744385,42
2026-06-08T09:09:00.000Z,6E,1.1511499881744385,1.1511499881744385,1.1510000228881836,1.1510499715805054,216
2026-06-08T09:10:00.000Z,6E,1.1510000228881836,1.1510499715805054,1.1509499549865723,1.1510499715805054,73
2026-06-08T09:11:00.000Z,6E,1.1510000228881836,1.1511000394821167,1.1509499549865723,1.1510000228881836,95
2026-06-08T09:12:00.000Z,6E,1.1510499715805054,1.1510499715805054,1.1509499549865723,1.1509499549865723,221
2026-06-08T09:13:00.000Z,6E,1.1510000228881836,1.1510499715805054,1.1509499549865723,1.1510000228881836,56
2026-06-08T09:14:00.000Z,6E,1.1510000228881836,1.1510499715805054,1.1509499549865723,1.1510499715805054,187
2026-06-08T09:15:00.000Z,6E,1.1510499715805054,1.1510499715805054,1.1510499715805054,1.1510499715805054,38
2026-06-08T09:16:00.000Z,6E,1.1511000394821167,1.1511499881744385,1.1510499715805054,1.1511000394821167,124
2026-06-08T09:17:00.000Z,6E,1.1511000394821167,1.1511000394821167,1.1510000228881836,1.1511000394821167,354
2026-06-08T09:18:00.000Z,6E,1.1511000394821167,1.1511000394821167,1.1510000228881836,1.1510000228881836,74
2026-06-08T09:19:00.000Z,6E,1.1510000228881836,1.1510000228881836,1.1510000228881836,1.1510000228881836,138
2026-06-08T09:20:00.000Z,6E,1.1510000228881836,1.1510000228881836,1.1508500576019287,1.1510000228881836,125
2026-06-08T09:21:00.000Z,6E,1.1510499715805054,1.1511000394821167,1.1509000062942505,1.1509000062942505,137
2026-06-08T09:22:00.000Z,6E,1.1509499549865723,1.1510000228881836,1.1507500410079956,1.1509499549865723,612
2026-06-08T09:23:00.000Z,6E,1.1510000228881836,1.1510499715805054,1.1509000062942505,1.1509000062942505,244
2026-06-08T09:24:00.000Z,6E,1.1509000062942505,1.1510000228881836,1.1509000062942505,1.1509499549865723,74
2026-06-08T09:25:00.000Z,6E,1.1509499549865723,1.1509499549865723,1.1508500576019287,1.1508500576019287,27
2026-06-08T09:26:00.000Z,6E,1.1509000062942505,1.1509000062942505,1.1507500410079956,1.1507500410079956,94
2026-06-08T09:27:00.000Z,6E,1.1507500410079956,1.1507999897003174,1.1506999731063843,1.1507500410079956,175
2026-06-08T09:28:00.000Z,6E,1.1507500410079956,1.1507500410079956,1.1505000591278076,1.1505500078201294,425
2026-06-08T09:29:00.000Z,6E,1.1505999565124512,1.1506500244140625,1.1505500078201294,1.1505500078201294,182
2026-06-08T09:30:00.000Z,6E,1.1505500078201294,1.1506999731063843,1.1505000591278076,1.1506500244140625,485
2026-06-08T09:31:00.000Z,6E,1.1505999565124512,1.1506500244140625,1.1504499912261963,1.1504499912261963,264
2026-06-08T09:32:00.000Z,6E,1.1504499912261963,1.1506999731063843,1.1503499746322632,1.1506999731063843,429
2026-06-08T09:33:00.000Z,6E,1.1506500244140625,1.1506500244140625,1.1504499912261963,1.1505000591278076,201
2026-06-08T09:34:00.000Z,6E,1.1504499912261963,1.1505000591278076,1.1503499746322632,1.1504000425338745,143
2026-06-08T09:35:00.000Z,6E,1.1504499912261963,1.1505500078201294,1.1503499746322632,1.1504000425338745,123
2026-06-08T09:36:00.000Z,6E,1.1504000425338745,1.1511000394821167,1.1504000425338745,1.1509000062942505,1127
2026-06-08T09:37:00.000Z,6E,1.1508500576019287,1.1513999700546265,1.1507999897003174,1.1511499881744385,816
2026-06-08T09:38:00.000Z,6E,1.1511499881744385,1.1513500213623047,1.1511000394821167,1.1512000560760498,446
2026-06-08T09:39:00.000Z,6E,1.1512000560760498,1.1513999700546265,1.1512000560760498,1.1512999534606934,159
2026-06-08T09:40:00.000Z,6E,1.1512500047683716,1.1512999534606934,1.1511000394821167,1.1511499881744385,221
2026-06-08T09:41:00.000Z,6E,1.1511000394821167,1.1511000394821167,1.1507999897003174,1.1508500576019287,182
2026-06-08T09:42:00.000Z,6E,1.1508500576019287,1.1511499881744385,1.1508500576019287,1.1511499881744385,101
2026-06-08T09:43:00.000Z,6E,1.1511000394821167,1.1511000394821167,1.1509499549865723,1.1510000228881836,80
2026-06-08T09:44:00.000Z,6E,1.1510000228881836,1.1510000228881836,1.1509000062942505,1.1509499549865723,126
2026-06-08T09:45:00.000Z,6E,1.1509000062942505,1.1510499715805054,1.1509000062942505,1.1510499715805054,464
2026-06-08T09:46:00.000Z,6E,1.1510499715805054,1.1511499881744385,1.1510499715805054,1.1511000394821167,70
2026-06-08T09:47:00.000Z,6E,1.1511000394821167,1.1512500047683716,1.1511000394821167,1.1511499881744385,142
2026-06-08T09:48:00.000Z,6E,1.1511499881744385,1.1512500047683716,1.1511000394821167,1.1512500047683716,164
2026-06-08T09:49:00.000Z,6E,1.1512500047683716,1.1512999534606934,1.1512000560760498,1.1512999534606934,36
2026-06-08T09:50:00.000Z,6E,1.1512999534606934,1.1513999700546265,1.1512500047683716,1.1512999534606934,124
2026-06-08T09:51:00.000Z,6E,1.1512999534606934,1.1513999700546265,1.1512500047683716,1.1513999700546265,79
2026-06-08T09:52:00.000Z,6E,1.1514500379562378,1.1514500379562378,1.1512000560760498,1.1512000560760498,105
2026-06-08T09:53:00.000Z,6E,1.1512500047683716,1.1514500379562378,1.1511499881744385,1.1514500379562378,101
2026-06-08T09:54:00.000Z,6E,1.1514500379562378,1.1514500379562378,1.1513500213623047,1.1513999700546265,143
2026-06-08T09:55:00.000Z,6E,1.1513999700546265,1.1517499685287476,1.1513999700546265,1.1517000198364258,153
2026-06-08T09:56:00.000Z,6E,1.1517000198364258,1.1518000364303589,1.1516000032424927,1.1516000032424927,141
2026-06-08T09:57:00.000Z,6E,1.1516499519348145,1.1517499685287476,1.1516499519348145,1.1516499519348145,61
2026-06-08T09:58:00.000Z,6E,1.1517000198364258,1.1518499851226807,1.1516499519348145,1.1517499685287476,138
2026-06-08T09:59:00.000Z,6E,1.1517499685287476,1.1517499685287476,1.1516499519348145,1.1516499519348145,67
2026-06-08T10:00:00.000Z,6E,1.1516499519348145,1.1516499519348145,1.1513999700546265,1.151550054550171,152
2026-06-08T10:01:00.000Z,6E,1.151550054550171,1.1516499519348145,1.1514500379562378,1.1514999866485596,254
2026-06-08T10:02:00.000Z,6E,1.1514999866485596,1.1517000198364258,1.1513999700546265,1.1517000198364258,595
2026-06-08T10:03:00.000Z,6E,1.1516499519348145,1.1517000198364258,1.1516000032424927,1.1516499519348145,83
2026-06-08T10:04:00.000Z,6E,1.1516499519348145,1.1516499519348145,1.1514999866485596,1.151550054550171,62
2026-06-08T10:05:00.000Z,6E,1.151550054550171,1.151550054550171,1.1514500379562378,1.1514500379562378,84
2026-06-08T10:06:00.000Z,6E,1.1514500379562378,1.1519500017166138,1.1514500379562378,1.1519500017166138,223
2026-06-08T10:07:00.000Z,6E,1.1519500017166138,1.1520999670028687,1.1519500017166138,1.1519999504089355,124
2026-06-08T10:08:00.000Z,6E,1.1519500017166138,1.1519999504089355,1.1518000364303589,1.1518499851226807,74
2026-06-08T10:09:00.000Z,6E,1.151900053024292,1.1520500183105469,1.151900053024292,1.1520500183105469,175
2026-06-08T10:10:00.000Z,6E,1.1520500183105469,1.15215003490448,1.1519999504089355,1.15215003490448,122
2026-06-08T10:11:00.000Z,6E,1.15215003490448,1.1521999835968018,1.1520500183105469,1.1520500183105469,49
2026-06-08T10:12:00.000Z,6E,1.1520500183105469,1.1520999670028687,1.1519500017166138,1.1519999504089355,105
2026-06-08T10:13:00.000Z,6E,1.1519999504089355,1.15215003490448,1.1519999504089355,1.1520500183105469,80
2026-06-08T10:14:00.000Z,6E,1.1519999504089355,1.15215003490448,1.1519999504089355,1.1520999670028687,98
2026-06-08T10:15:00.000Z,6E,1.1520999670028687,1.15215003490448,1.1519999504089355,1.1520500183105469,252
2026-06-08T10:16:00.000Z,6E,1.1520500183105469,1.1520500183105469,1.1519500017166138,1.1519999504089355,68
2026-06-08T10:17:00.000Z,6E,1.1519999504089355,1.1519999504089355,1.1518000364303589,1.1518499851226807,106
2026-06-08T10:18:00.000Z,6E,1.1518499851226807,1.1519500017166138,1.1518499851226807,1.1519500017166138,1037
2026-06-08T10:19:00.000Z,6E,1.1519500017166138,1.1520500183105469,1.1519500017166138,1.1519999504089355,1652
2026-06-08T10:20:00.000Z,6E,1.1519999504089355,1.1520500183105469,1.1519999504089355,1.1520500183105469,1867
2026-06-08T10:21:00.000Z,6E,1.1519999504089355,1.1520500183105469,1.151900053024292,1.1519999504089355,224
2026-06-08T10:22:00.000Z,6E,1.1520500183105469,1.1521999835968018,1.1520500183105469,1.15215003490448,105
2026-06-08T10:23:00.000Z,6E,1.1521999835968018,1.152250051498413,1.1520999670028687,1.15215003490448,46
2026-06-08T10:24:00.000Z,6E,1.15215003490448,1.1521999835968018,1.1520999670028687,1.1520999670028687,76
2026-06-08T10:25:00.000Z,6E,1.1520999670028687,1.152400016784668,1.1520999670028687,1.1523499488830566,118
2026-06-08T10:26:00.000Z,6E,1.1523499488830566,1.1523499488830566,1.1521999835968018,1.1521999835968018,111
2026-06-08T10:27:00.000Z,6E,1.1521999835968018,1.1521999835968018,1.1520999670028687,1.1520999670028687,280
2026-06-08T10:28:00.000Z,6E,1.1520999670028687,1.1520999670028687,1.1520500183105469,1.1520500183105469,25
2026-06-08T10:29:00.000Z,6E,1.1519999504089355,1.15215003490448,1.1519999504089355,1.1520999670028687,137
2026-06-08T10:30:00.000Z,6E,1.15215003490448,1.15215003490448,1.1520999670028687,1.1520999670028687,34
2026-06-08T10:31:00.000Z,6E,1.1520999670028687,1.1520999670028687,1.1519500017166138,1.1519999504089355,59
2026-06-08T10:32:00.000Z,6E,1.1519500017166138,1.1523000001907349,1.1519500017166138,1.1523000001907349,161
2026-06-08T10:33:00.000Z,6E,1.1523000001907349,1.152400016784668,1.1523000001907349,1.1523499488830566,105
2026-06-08T10:34:00.000Z,6E,1.152400016784668,1.1536500453948975,1.1523000001907349,1.1528500318527222,2454
2026-06-08T10:35:00.000Z,6E,1.1527999639511108,1.1531000137329102,1.1526999473571777,1.1527999639511108,861
2026-06-08T10:36:00.000Z,6E,1.152750015258789,1.152899980545044,1.152750015258789,1.1528500318527222,69
2026-06-08T10:37:00.000Z,6E,1.1527999639511108,1.1528500318527222,1.152750015258789,1.152750015258789,168
2026-06-08T10:38:00.000Z,6E,1.152750015258789,1.152750015258789,1.1526000499725342,1.1526000499725342,574
2026-06-08T10:39:00.000Z,6E,1.152649998664856,1.152649998664856,1.1524499654769897,1.1524499654769897,305
2026-06-08T10:40:00.000Z,6E,1.1524499654769897,1.1526000499725342,1.152400016784668,1.1526000499725342,175
2026-06-08T10:41:00.000Z,6E,1.1525499820709229,1.152750015258789,1.1525499820709229,1.152750015258789,187
2026-06-08T10:42:00.000Z,6E,1.1526999473571777,1.1526999473571777,1.152649998664856,1.1526999473571777,62
2026-06-08T10:43:00.000Z,6E,1.152649998664856,1.1528500318527222,1.152649998664856,1.1528500318527222,63
2026-06-08T10:44:00.000Z,6E,1.1528500318527222,1.1528500318527222,1.1527999639511108,1.1528500318527222,68
2026-06-08T10:45:00.000Z,6E,1.152899980545044,1.152899980545044,1.1526999473571777,1.1526999473571777,47
2026-06-08T10:46:00.000Z,6E,1.152750015258789,1.1528500318527222,1.152750015258789,1.1528500318527222,337
2026-06-08T10:47:00.000Z,6E,1.1527999639511108,1.1529500484466553,1.1527999639511108,1.1529500484466553,137
2026-06-08T10:48:00.000Z,6E,1.152899980545044,1.1531000137329102,1.152899980545044,1.1531000137329102,120
2026-06-08T10:49:00.000Z,6E,1.1531000137329102,1.1532000303268433,1.152999997138977,1.152999997138977,208
2026-06-08T10:50:00.000Z,6E,1.152999997138977,1.1530499458312988,1.152999997138977,1.1530499458312988,87
2026-06-08T10:51:00.000Z,6E,1.1530499458312988,1.1530499458312988,1.152899980545044,1.152999997138977,289
2026-06-08T10:52:00.000Z,6E,1.152999997138977,1.152999997138977,1.1529500484466553,1.152999997138977,18
2026-06-08T10:53:00.000Z,6E,1.152999997138977,1.1530499458312988,1.152899980545044,1.152899980545044,197
2026-06-08T10:54:00.000Z,6E,1.152899980545044,1.1530499458312988,1.152899980545044,1.1530499458312988,100
2026-06-08T10:55:00.000Z,6E,1.1530499458312988,1.1530499458312988,1.1527999639511108,1.152899980545044,160
2026-06-08T10:56:00.000Z,6E,1.1528500318527222,1.1528500318527222,1.1526999473571777,1.152750015258789,190
2026-06-08T10:57:00.000Z,6E,1.1527999639511108,1.1528500318527222,1.1526999473571777,1.1528500318527222,140
2026-06-08T10:58:00.000Z,6E,1.1528500318527222,1.1528500318527222,1.152750015258789,1.1527999639511108,196
2026-06-08T10:59:00.000Z,6E,1.1528500318527222,1.152899980545044,1.1527999639511108,1.1527999639511108,175
2026-06-08T11:00:00.000Z,6E,1.1528500318527222,1.152899980545044,1.152750015258789,1.152899980545044,171
2026-06-08T11:01:00.000Z,6E,1.152899980545044,1.152899980545044,1.1528500318527222,1.152899980545044,59
2026-06-08T11:02:00.000Z,6E,1.152899980545044,1.1529500484466553,1.152899980545044,1.152899980545044,26
2026-06-08T11:03:00.000Z,6E,1.1529500484466553,1.1529500484466553,1.152899980545044,1.152899980545044,60
2026-06-08T11:04:00.000Z,6E,1.152899980545044,1.152899980545044,1.1527999639511108,1.1527999639511108,105
2026-06-08T11:05:00.000Z,6E,1.1528500318527222,1.1528500318527222,1.152750015258789,1.152750015258789,127
2026-06-08T11:06:00.000Z,6E,1.152750015258789,1.1527999639511108,1.152750015258789,1.1527999639511108,37
2026-06-08T11:07:00.000Z,6E,1.1528500318527222,1.152899980545044,1.1528500318527222,1.1528500318527222,82
2026-06-08T11:08:00.000Z,6E,1.152899980545044,1.1529500484466553,1.1528500318527222,1.1529500484466553,193
2026-06-08T11:09:00.000Z,6E,1.1529500484466553,1.152999997138977,1.152899980545044,1.152999997138977,139
2026-06-08T11:10:00.000Z,6E,1.152999997138977,1.1536500453948975,1.152999997138977,1.1535999774932861,945
2026-06-08T11:11:00.000Z,6E,1.1536500453948975,1.153749942779541,1.153149962425232,1.1532000303268433,869
2026-06-08T11:12:00.000Z,6E,1.1532000303268433,1.1533499956130981,1.1532000303268433,1.1533499956130981,181
2026-06-08T11:13:00.000Z,6E,1.1533499956130981,1.15339994430542,1.153249979019165,1.153249979019165,140
2026-06-08T11:14:00.000Z,6E,1.153249979019165,1.1539000272750854,1.153249979019165,1.1538000106811523,458
2026-06-08T11:15:00.000Z,6E,1.1538000106811523,1.1539499759674072,1.153499960899353,1.1536999940872192,979
2026-06-08T11:16:00.000Z,6E,1.1536999940872192,1.1538000106811523,1.1535999774932861,1.1536500453948975,387
2026-06-08T11:17:00.000Z,6E,1.1536500453948975,1.153749942779541,1.1535500288009644,1.1536500453948975,245
2026-06-08T11:18:00.000Z,6E,1.1536500453948975,1.1538499593734741,1.1535999774932861,1.1538000106811523,218
2026-06-08T11:19:00.000Z,6E,1.1538000106811523,1.1539499759674072,1.1535999774932861,1.1539499759674072,467
2026-06-08T11:20:00.000Z,6E,1.1539499759674072,1.1545499563217163,1.1539499759674072,1.1544500589370728,1717
2026-06-08T11:21:00.000Z,6E,1.1543999910354614,1.1545000076293945,1.1542999744415283,1.1543500423431396,965
2026-06-08T11:22:00.000Z,6E,1.1543999910354614,1.1545000076293945,1.1542999744415283,1.1543999910354614,147
2026-06-08T11:23:00.000Z,6E,1.1542999744415283,1.1542999744415283,1.1540499925613403,1.154099941253662,275
2026-06-08T11:24:00.000Z,6E,1.1541500091552734,1.1542500257492065,1.1539499759674072,1.1539499759674072,81
2026-06-08T11:25:00.000Z,6E,1.1540000438690186,1.1541500091552734,1.1540000438690186,1.1540000438690186,209
2026-06-08T11:26:00.000Z,6E,1.1539499759674072,1.1541500091552734,1.1539499759674072,1.154099941253662,158
2026-06-08T11:27:00.000Z,6E,1.154099941253662,1.1541999578475952,1.154099941253662,1.1541500091552734,85
2026-06-08T11:28:00.000Z,6E,1.1541999578475952,1.1541999578475952,1.1539499759674072,1.154099941253662,112
2026-06-08T11:29:00.000Z,6E,1.1541500091552734,1.1544500589370728,1.1541500091552734,1.1544500589370728,295
2026-06-08T11:30:00.000Z,6E,1.1544500589370728,1.1545000076293945,1.1542500257492065,1.1543500423431396,313
2026-06-08T11:31:00.000Z,6E,1.1543500423431396,1.1545499563217163,1.1543500423431396,1.1545499563217163,67
2026-06-08T11:32:00.000Z,6E,1.1545000076293945,1.1547499895095825,1.1544500589370728,1.1547499895095825,319
2026-06-08T11:33:00.000Z,6E,1.1547000408172607,1.1547499895095825,1.1545000076293945,1.1545000076293945,191
2026-06-08T11:34:00.000Z,6E,1.1545499563217163,1.1545499563217163,1.1543500423431396,1.1545499563217163,71
2026-06-08T11:35:00.000Z,6E,1.1545000076293945,1.1545499563217163,1.1543500423431396,1.1543999910354614,126
2026-06-08T11:36:00.000Z,6E,1.1543999910354614,1.1545000076293945,1.1541500091552734,1.1541500091552734,218
2026-06-08T11:37:00.000Z,6E,1.1542500257492065,1.1542999744415283,1.1541999578475952,1.1542500257492065,31
2026-06-08T11:38:00.000Z,6E,1.1542500257492065,1.1542500257492065,1.1542500257492065,1.1542500257492065,125
2026-06-08T11:39:00.000Z,6E,1.1542500257492065,1.1542500257492065,1.154099941253662,1.154099941253662,182
2026-06-08T11:40:00.000Z,6E,1.1540499925613403,1.154099941253662,1.1540000438690186,1.1540000438690186,163
2026-06-08T11:41:00.000Z,6E,1.1540499925613403,1.1540499925613403,1.1539499759674072,1.1540499925613403,189
2026-06-08T11:42:00.000Z,6E,1.1540000438690186,1.1540499925613403,1.1539000272750854,1.1540499925613403,341
2026-06-08T11:43:00.000Z,6E,1.1540499925613403,1.1540499925613403,1.1539499759674072,1.1539499759674072,63
2026-06-08T11:44:00.000Z,6E,1.1539499759674072,1.1540499925613403,1.1539499759674072,1.1539499759674072,49
2026-06-08T11:45:00.000Z,6E,1.1540000438690186,1.1540000438690186,1.1539000272750854,1.1540000438690186,46
2026-06-08T11:46:00.000Z,6E,1.1540000438690186,1.1540000438690186,1.1539000272750854,1.1539000272750854,105
2026-06-08T11:47:00.000Z,6E,1.1538499593734741,1.1539499759674072,1.153749942779541,1.1538000106811523,148
2026-06-08T11:48:00.000Z,6E,1.1538000106811523,1.1538000106811523,1.1536999940872192,1.153749942779541,61
2026-06-08T11:49:00.000Z,6E,1.153749942779541,1.1538499593734741,1.153749942779541,1.1538499593734741,103
2026-06-08T11:50:00.000Z,6E,1.1538499593734741,1.1540000438690186,1.153749942779541,1.1540000438690186,202
2026-06-08T11:51:00.000Z,6E,1.1539499759674072,1.1540499925613403,1.1538499593734741,1.1540000438690186,135
2026-06-08T11:52:00.000Z,6E,1.1540000438690186,1.1540499925613403,1.1539000272750854,1.1539499759674072,53
2026-06-08T11:53:00.000Z,6E,1.1539499759674072,1.1540499925613403,1.1539499759674072,1.1540000438690186,127
2026-06-08T11:54:00.000Z,6E,1.1540499925613403,1.1541500091552734,1.1540000438690186,1.1540000438690186,105
2026-06-08T11:55:00.000Z,6E,1.1540000438690186,1.154099941253662,1.1539000272750854,1.1540499925613403,166
2026-06-08T11:56:00.000Z,6E,1.154099941253662,1.1542500257492065,1.154099941253662,1.1542500257492065,223
2026-06-08T11:57:00.000Z,6E,1.1542999744415283,1.1542999744415283,1.1541500091552734,1.1541500091552734,191
2026-06-08T11:58:00.000Z,6E,1.154099941253662,1.154099941253662,1.1540000438690186,1.1540000438690186,53
2026-06-08T11:59:00.000Z,6E,1.1540000438690186,1.1540499925613403,1.1539499759674072,1.1540499925613403,84
2026-06-08T12:00:00.000Z,6E,1.1540000438690186,1.1543999910354614,1.1540000438690186,1.1543500423431396,270
2026-06-08T12:01:00.000Z,6E,1.1543500423431396,1.1543999910354614,1.1541500091552734,1.1541999578475952,149
2026-06-08T12:02:00.000Z,6E,1.1542500257492065,1.1543999910354614,1.1542500257492065,1.1543999910354614,86
2026-06-08T12:03:00.000Z,6E,1.1544500589370728,1.1546000242233276,1.1542999744415283,1.1542999744415283,442
2026-06-08T12:04:00.000Z,6E,1.1542999744415283,1.1545499563217163,1.1542999744415283,1.1545000076293945,300
2026-06-08T12:05:00.000Z,6E,1.1546000242233276,1.1547000408172607,1.1544500589370728,1.1545000076293945,482
2026-06-08T12:06:00.000Z,6E,1.1545499563217163,1.1547000408172607,1.1545000076293945,1.1547000408172607,251
2026-06-08T12:07:00.000Z,6E,1.1547000408172607,1.1547000408172607,1.1545000076293945,1.1546000242233276,213
2026-06-08T12:08:00.000Z,6E,1.1546000242233276,1.1546000242233276,1.1544500589370728,1.1545000076293945,227
2026-06-08T12:09:00.000Z,6E,1.1545000076293945,1.1545000076293945,1.1543500423431396,1.1543500423431396,88
2026-06-08T12:10:00.000Z,6E,1.1542999744415283,1.1544500589370728,1.1542999744415283,1.1542999744415283,168
2026-06-08T12:11:00.000Z,6E,1.1542500257492065,1.1542999744415283,1.154099941253662,1.1542500257492065,194
2026-06-08T12:12:00.000Z,6E,1.1542500257492065,1.1542999744415283,1.1541999578475952,1.1542999744415283,126
2026-06-08T12:13:00.000Z,6E,1.1542500257492065,1.1543500423431396,1.1541999578475952,1.1542500257492065,311
2026-06-08T12:14:00.000Z,6E,1.1542999744415283,1.1543500423431396,1.154099941253662,1.154099941253662,189
2026-06-08T12:15:00.000Z,6E,1.154099941253662,1.1541999578475952,1.1540499925613403,1.1541500091552734,513
2026-06-08T12:16:00.000Z,6E,1.1541500091552734,1.1541999578475952,1.154099941253662,1.1541999578475952,167
2026-06-08T12:17:00.000Z,6E,1.1541999578475952,1.1541999578475952,1.154099941253662,1.1541500091552734,1004
2026-06-08T12:18:00.000Z,6E,1.1541500091552734,1.1542500257492065,1.1540499925613403,1.154099941253662,530
2026-06-08T12:19:00.000Z,6E,1.1541500091552734,1.1542999744415283,1.1541500091552734,1.1541999578475952,157
2026-06-08T12:20:00.000Z,6E,1.1541999578475952,1.1542999744415283,1.154099941253662,1.1542500257492065,507
2026-06-08T12:21:00.000Z,6E,1.1542500257492065,1.1543500423431396,1.154099941253662,1.1541500091552734,478
2026-06-08T12:22:00.000Z,6E,1.1541500091552734,1.1542999744415283,1.154099941253662,1.1542999744415283,1505
2026-06-08T12:23:00.000Z,6E,1.1542500257492065,1.1542999744415283,1.1540499925613403,1.1541500091552734,1648
2026-06-08T12:24:00.000Z,6E,1.1541999578475952,1.1542999744415283,1.1541999578475952,1.1542999744415283,3192
2026-06-08T12:25:00.000Z,6E,1.1542500257492065,1.1542500257492065,1.1541999578475952,1.1542500257492065,66
2026-06-08T12:26:00.000Z,6E,1.1542500257492065,1.1542999744415283,1.1542500257492065,1.1542500257492065,127
2026-06-08T12:27:00.000Z,6E,1.1541999578475952,1.1541999578475952,1.154099941253662,1.1541500091552734,130
2026-06-08T12:28:00.000Z,6E,1.1541999578475952,1.1543500423431396,1.1541999578475952,1.1543500423431396,74
2026-06-08T12:29:00.000Z,6E,1.1542999744415283,1.1543999910354614,1.1542999744415283,1.1542999744415283,82
2026-06-08T12:30:00.000Z,6E,1.1542999744415283,1.1543500423431396,1.1541999578475952,1.1542500257492065,1627
2026-06-08T12:31:00.000Z,6E,1.1542999744415283,1.1542999744415283,1.1541999578475952,1.1542500257492065,151
2026-06-08T12:32:00.000Z,6E,1.1541999578475952,1.1542500257492065,1.1541999578475952,1.1541999578475952,137
2026-06-08T12:33:00.000Z,6E,1.1541999578475952,1.1542500257492065,1.1541999578475952,1.1541999578475952,50
2026-06-08T12:34:00.000Z,6E,1.1541999578475952,1.1541999578475952,1.1541500091552734,1.1541500091552734,96
2026-06-08T12:35:00.000Z,6E,1.1541999578475952,1.1542500257492065,1.1541500091552734,1.1542500257492065,78
2026-06-08T12:36:00.000Z,6E,1.1542500257492065,1.1542999744415283,1.1541999578475952,1.1542999744415283,61
2026-06-08T12:37:00.000Z,6E,1.1542500257492065,1.1542500257492065,1.154099941253662,1.154099941253662,100
2026-06-08T12:38:00.000Z,6E,1.154099941253662,1.154099941253662,1.1540000438690186,1.1540499925613403,242
2026-06-08T12:39:00.000Z,6E,1.1540499925613403,1.1541999578475952,1.1539000272750854,1.1540000438690186,1066
2026-06-08T12:40:00.000Z,6E,1.1540000438690186,1.1541999578475952,1.1540000438690186,1.1541999578475952,568
2026-06-08T12:41:00.000Z,6E,1.1541999578475952,1.1541999578475952,1.154099941253662,1.1541500091552734,36
2026-06-08T12:42:00.000Z,6E,1.1541999578475952,1.1547000408172607,1.1541999578475952,1.1546499729156494,1691
2026-06-08T12:43:00.000Z,6E,1.1546499729156494,1.1547499895095825,1.1545000076293945,1.1545499563217163,202
2026-06-08T12:44:00.000Z,6E,1.1545499563217163,1.1545499563217163,1.1544500589370728,1.1545000076293945,204
2026-06-08T12:45:00.000Z,6E,1.1544500589370728,1.1545000076293945,1.1543999910354614,1.1544500589370728,68
2026-06-08T12:46:00.000Z,6E,1.1544500589370728,1.1544500589370728,1.1542500257492065,1.1542999744415283,146
2026-06-08T12:47:00.000Z,6E,1.1542999744415283,1.1543999910354614,1.1542500257492065,1.1543999910354614,104
2026-06-08T12:48:00.000Z,6E,1.1543999910354614,1.1543999910354614,1.1542999744415283,1.1543999910354614,100
2026-06-08T12:49:00.000Z,6E,1.1543999910354614,1.1545000076293945,1.1543999910354614,1.1543999910354614,72
2026-06-08T12:50:00.000Z,6E,1.1543999910354614,1.1543999910354614,1.1541999578475952,1.1541999578475952,139
2026-06-08T12:51:00.000Z,6E,1.1541500091552734,1.1541500091552734,1.1539000272750854,1.1539000272750854,121
2026-06-08T12:52:00.000Z,6E,1.1539000272750854,1.1540000438690186,1.1539000272750854,1.1539499759674072,255
2026-06-08T12:53:00.000Z,6E,1.1539499759674072,1.1541500091552734,1.1539000272750854,1.1541500091552734,172
2026-06-08T12:54:00.000Z,6E,1.1541500091552734,1.1543500423431396,1.1541500091552734,1.1542999744415283,224
2026-06-08T12:55:00.000Z,6E,1.1542999744415283,1.1542999744415283,1.1541999578475952,1.1541999578475952,91
2026-06-08T12:56:00.000Z,6E,1.1542500257492065,1.1542500257492065,1.1541500091552734,1.1541500091552734,88
2026-06-08T12:57:00.000Z,6E,1.1541999578475952,1.1542999744415283,1.1541999578475952,1.1542999744415283,420
2026-06-08T12:58:00.000Z,6E,1.1542999744415283,1.1544500589370728,1.1542500257492065,1.1544500589370728,181
2026-06-08T12:59:00.000Z,6E,1.1543999910354614,1.1546499729156494,1.1543999910354614,1.1546000242233276,253
2026-06-08T13:00:00.000Z,6E,1.1546000242233276,1.1548999547958374,1.1546000242233276,1.1546499729156494,999
2026-06-08T13:01:00.000Z,6E,1.1547000408172607,1.1547000408172607,1.1546000242233276,1.1546499729156494,886
2026-06-08T13:02:00.000Z,6E,1.1546499729156494,1.1547499895095825,1.1546499729156494,1.1547499895095825,98
2026-06-08T13:03:00.000Z,6E,1.1547499895095825,1.1550500392913818,1.1547499895095825,1.1549500226974487,598
2026-06-08T13:04:00.000Z,6E,1.1548999547958374,1.1549500226974487,1.1548500061035156,1.1548500061035156,203
2026-06-08T13:05:00.000Z,6E,1.1548999547958374,1.1549500226974487,1.1548000574111938,1.1548000574111938,186
2026-06-08T13:06:00.000Z,6E,1.1548000574111938,1.1548500061035156,1.1547499895095825,1.1547499895095825,150
2026-06-08T13:07:00.000Z,6E,1.1547499895095825,1.1548500061035156,1.1546000242233276,1.1546499729156494,173
2026-06-08T13:08:00.000Z,6E,1.1547000408172607,1.1548999547958374,1.1547000408172607,1.1548999547958374,66
2026-06-08T13:09:00.000Z,6E,1.1548500061035156,1.1548500061035156,1.1547000408172607,1.1547000408172607,87
2026-06-08T13:10:00.000Z,6E,1.1547499895095825,1.1547499895095825,1.1545499563217163,1.1545499563217163,247
2026-06-08T13:11:00.000Z,6E,1.1545000076293945,1.1547499895095825,1.1545000076293945,1.1547499895095825,131
2026-06-08T13:12:00.000Z,6E,1.1547499895095825,1.1548000574111938,1.1547499895095825,1.1548000574111938,55
2026-06-08T13:13:00.000Z,6E,1.1547499895095825,1.1548500061035156,1.1547000408172607,1.1548000574111938,363
2026-06-08T13:14:00.000Z,6E,1.1548000574111938,1.1548000574111938,1.1547499895095825,1.1547499895095825,150
2026-06-08T13:15:00.000Z,6E,1.1547499895095825,1.1547499895095825,1.1546499729156494,1.1547000408172607,256
2026-06-08T13:16:00.000Z,6E,1.1547000408172607,1.1547499895095825,1.1546499729156494,1.1546499729156494,76
2026-06-08T13:17:00.000Z,6E,1.1547000408172607,1.1547499895095825,1.1546499729156494,1.1547000408172607,138
2026-06-08T13:18:00.000Z,6E,1.1547000408172607,1.1547000408172607,1.1546000242233276,1.1546499729156494,191
2026-06-08T13:19:00.000Z,6E,1.1546000242233276,1.1549500226974487,1.1546000242233276,1.1549500226974487,193
2026-06-08T13:20:00.000Z,6E,1.1549999713897705,1.1550999879837036,1.1549500226974487,1.1550999879837036,192
2026-06-08T13:21:00.000Z,6E,1.1550500392913818,1.1552000045776367,1.1550500392913818,1.155150055885315,84
2026-06-08T13:22:00.000Z,6E,1.155150055885315,1.1557999849319458,1.1550999879837036,1.1556999683380127,2495
2026-06-08T13:23:00.000Z,6E,1.1556999683380127,1.1558500528335571,1.1555999517440796,1.155750036239624,2613
2026-06-08T13:24:00.000Z,6E,1.1557999849319458,1.1557999849319458,1.155400037765503,1.155400037765503,445
2026-06-08T13:25:00.000Z,6E,1.155400037765503,1.1554499864578247,1.1552499532699585,1.1553499698638916,175
2026-06-08T13:26:00.000Z,6E,1.155400037765503,1.155400037765503,1.1553499698638916,1.1553499698638916,497
2026-06-08T13:27:00.000Z,6E,1.1553499698638916,1.1554499864578247,1.1552000045776367,1.1554499864578247,211
2026-06-08T13:28:00.000Z,6E,1.1554499864578247,1.1554499864578247,1.1553000211715698,1.1553499698638916,213
2026-06-08T13:29:00.000Z,6E,1.1553000211715698,1.155400037765503,1.1553000211715698,1.1553499698638916,61
2026-06-08T13:30:00.000Z,6E,1.1553000211715698,1.1555999517440796,1.1553000211715698,1.1555999517440796,464
2026-06-08T13:31:00.000Z,6E,1.1555500030517578,1.1555999517440796,1.1554499864578247,1.1555500030517578,281
2026-06-08T13:32:00.000Z,6E,1.1555999517440796,1.1555999517440796,1.155400037765503,1.1554499864578247,213
2026-06-08T13:33:00.000Z,6E,1.1554499864578247,1.1554499864578247,1.155400037765503,1.155400037765503,203
2026-06-08T13:34:00.000Z,6E,1.155400037765503,1.155500054359436,1.1553499698638916,1.1554499864578247,159
2026-06-08T13:35:00.000Z,6E,1.155400037765503,1.155400037765503,1.155150055885315,1.155400037765503,384
2026-06-08T13:36:00.000Z,6E,1.1553000211715698,1.155400037765503,1.1552499532699585,1.1553499698638916,276
2026-06-08T13:37:00.000Z,6E,1.1553499698638916,1.1553499698638916,1.1552499532699585,1.1553000211715698,404
2026-06-08T13:38:00.000Z,6E,1.1553000211715698,1.1555500030517578,1.1553000211715698,1.155400037765503,485
2026-06-08T13:39:00.000Z,6E,1.155400037765503,1.155400037765503,1.1553000211715698,1.1553000211715698,782
2026-06-08T13:40:00.000Z,6E,1.1553000211715698,1.1553499698638916,1.155150055885315,1.155150055885315,239
2026-06-08T13:41:00.000Z,6E,1.1552000045776367,1.1552000045776367,1.1550999879837036,1.1552000045776367,271
2026-06-08T13:42:00.000Z,6E,1.155150055885315,1.1552499532699585,1.1550500392913818,1.155150055885315,144
2026-06-08T13:43:00.000Z,6E,1.155150055885315,1.155150055885315,1.1548999547958374,1.1549500226974487,281
2026-06-08T13:44:00.000Z,6E,1.1549500226974487,1.1549500226974487,1.1548500061035156,1.1548999547958374,1008
2026-06-08T13:45:00.000Z,6E,1.1549500226974487,1.1550999879837036,1.1549500226974487,1.1550999879837036,550
2026-06-08T13:46:00.000Z,6E,1.155150055885315,1.155150055885315,1.1548999547958374,1.1549500226974487,370
2026-06-08T13:47:00.000Z,6E,1.1548999547958374,1.1549500226974487,1.1548000574111938,1.1548999547958374,314
2026-06-08T13:48:00.000Z,6E,1.1549500226974487,1.1550500392913818,1.1548999547958374,1.1549999713897705,547
2026-06-08T13:49:00.000Z,6E,1.1549999713897705,1.1549999713897705,1.1549500226974487,1.1549500226974487,103
2026-06-08T13:50:00.000Z,6E,1.1549999713897705,1.1550500392913818,1.1548500061035156,1.1548500061035156,190
2026-06-08T13:51:00.000Z,6E,1.1548500061035156,1.1549500226974487,1.1547499895095825,1.1547499895095825,396
2026-06-08T13:52:00.000Z,6E,1.1547000408172607,1.1548000574111938,1.1547000408172607,1.1547499895095825,360
2026-06-08T13:53:00.000Z,6E,1.1547000408172607,1.1549999713897705,1.1547000408172607,1.1549999713897705,922
2026-06-08T13:54:00.000Z,6E,1.1549999713897705,1.1549999713897705,1.1547000408172607,1.1547499895095825,126
2026-06-08T13:55:00.000Z,6E,1.1547499895095825,1.1550500392913818,1.1547499895095825,1.1549999713897705,496
2026-06-08T13:56:00.000Z,6E,1.1549999713897705,1.1550999879837036,1.1548000574111938,1.1548000574111938,311
2026-06-08T13:57:00.000Z,6E,1.1548000574111938,1.1548999547958374,1.1547499895095825,1.1547499895095825,128
2026-06-08T13:58:00.000Z,6E,1.1547499895095825,1.1547499895095825,1.1545499563217163,1.1547000408172607,279
2026-06-08T13:59:00.000Z,6E,1.1546499729156494,1.1546499729156494,1.1545000076293945,1.1545000076293945,281
2026-06-08T14:00:00.000Z,6E,1.1545499563217163,1.1547000408172607,1.1544500589370728,1.1546000242233276,479
2026-06-08T14:01:00.000Z,6E,1.1546000242233276,1.1548000574111938,1.1546000242233276,1.1548000574111938,430
2026-06-08T14:02:00.000Z,6E,1.1548000574111938,1.1548500061035156,1.1547000408172607,1.1547499895095825,136
2026-06-08T14:03:00.000Z,6E,1.1547000408172607,1.1548000574111938,1.1547000408172607,1.1547499895095825,527
2026-06-08T14:04:00.000Z,6E,1.1547499895095825,1.1547499895095825,1.1544500589370728,1.1545000076293945,193
2026-06-08T14:05:00.000Z,6E,1.1545000076293945,1.1545499563217163,1.1543500423431396,1.1543999910354614,757
2026-06-08T14:06:00.000Z,6E,1.1543999910354614,1.1545499563217163,1.1543500423431396,1.1545499563217163,196
2026-06-08T14:07:00.000Z,6E,1.1545000076293945,1.1546000242233276,1.1543500423431396,1.1543500423431396,93
2026-06-08T14:08:00.000Z,6E,1.1542999744415283,1.1543500423431396,1.1542500257492065,1.1542999744415283,920
2026-06-08T14:09:00.000Z,6E,1.1542999744415283,1.1543500423431396,1.1542500257492065,1.1542500257492065,648
2026-06-08T14:10:00.000Z,6E,1.1542500257492065,1.1542999744415283,1.1541500091552734,1.1542999744415283,754
2026-06-08T14:11:00.000Z,6E,1.1543500423431396,1.1544500589370728,1.1542500257492065,1.1544500589370728,133
2026-06-08T14:12:00.000Z,6E,1.1543500423431396,1.1543500423431396,1.1542500257492065,1.1542500257492065,150
2026-06-08T14:13:00.000Z,6E,1.1542500257492065,1.1544500589370728,1.1541999578475952,1.1543500423431396,203
2026-06-08T14:14:00.000Z,6E,1.1543500423431396,1.1543500423431396,1.1541999578475952,1.1542500257492065,125
2026-06-08T14:15:00.000Z,6E,1.1542500257492065,1.1542999744415283,1.1541999578475952,1.1541999578475952,1058
2026-06-08T14:16:00.000Z,6E,1.1541999578475952,1.1541999578475952,1.1540499925613403,1.1540499925613403,134
2026-06-08T14:17:00.000Z,6E,1.1540499925613403,1.1541999578475952,1.1540000438690186,1.1541500091552734,1317
2026-06-08T14:18:00.000Z,6E,1.154099941253662,1.154099941253662,1.1540000438690186,1.1540000438690186,198
2026-06-08T14:19:00.000Z,6E,1.1539499759674072,1.1540499925613403,1.1539499759674072,1.1540499925613403,94
2026-06-08T14:20:00.000Z,6E,1.1540499925613403,1.1540499925613403,1.153749942779541,1.153749942779541,326
2026-06-08T14:21:00.000Z,6E,1.153749942779541,1.1538000106811523,1.1535500288009644,1.1536500453948975,1670
2026-06-08T14:22:00.000Z,6E,1.1536500453948975,1.1538000106811523,1.1536500453948975,1.1538000106811523,549
2026-06-08T14:23:00.000Z,6E,1.1538000106811523,1.1539000272750854,1.153749942779541,1.153749942779541,191
2026-06-08T14:24:00.000Z,6E,1.1536999940872192,1.1538499593734741,1.1536500453948975,1.1536500453948975,307
2026-06-08T14:25:00.000Z,6E,1.1536500453948975,1.153749942779541,1.1536500453948975,1.153749942779541,171
2026-06-08T14:26:00.000Z,6E,1.1536999940872192,1.1539000272750854,1.1536999940872192,1.1538499593734741,878
2026-06-08T14:27:00.000Z,6E,1.1538499593734741,1.1540000438690186,1.1538499593734741,1.1540000438690186,219
2026-06-08T14:28:00.000Z,6E,1.1539499759674072,1.154099941253662,1.1538499593734741,1.1540499925613403,332
2026-06-08T14:29:00.000Z,6E,1.1540000438690186,1.154099941253662,1.1540000438690186,1.1540499925613403,712
2026-06-08T14:30:00.000Z,6E,1.1540000438690186,1.1541999578475952,1.1539000272750854,1.1541500091552734,598
2026-06-08T14:31:00.000Z,6E,1.1541500091552734,1.1541999578475952,1.154099941253662,1.1541999578475952,636
2026-06-08T14:32:00.000Z,6E,1.1541999578475952,1.1543500423431396,1.1541500091552734,1.1541999578475952,498
2026-06-08T14:33:00.000Z,6E,1.1541500091552734,1.1542500257492065,1.1541500091552734,1.1541999578475952,128
2026-06-08T14:34:00.000Z,6E,1.1541999578475952,1.1542999744415283,1.1541999578475952,1.1542500257492065,174
2026-06-08T14:35:00.000Z,6E,1.1542500257492065,1.1543500423431396,1.1542500257492065,1.1542999744415283,417
2026-06-08T14:36:00.000Z,6E,1.1542999744415283,1.1543500423431396,1.1542500257492065,1.1542500257492065,239
2026-06-08T14:37:00.000Z,6E,1.1541999578475952,1.1541999578475952,1.1540000438690186,1.1540499925613403,184
2026-06-08T14:38:00.000Z,6E,1.1540499925613403,1.1541999578475952,1.1540499925613403,1.154099941253662,161
2026-06-08T14:39:00.000Z,6E,1.154099941253662,1.1541999578475952,1.153749942779541,1.154099941253662,1706
2026-06-08T14:40:00.000Z,6E,1.1540499925613403,1.154099941253662,1.1538499593734741,1.1539000272750854,308
2026-06-08T14:41:00.000Z,6E,1.1539000272750854,1.1539000272750854,1.153749942779541,1.1538000106811523,133
2026-06-08T14:42:00.000Z,6E,1.1538499593734741,1.1539000272750854,1.153749942779541,1.1539000272750854,108
2026-06-08T14:43:00.000Z,6E,1.1539000272750854,1.1540000438690186,1.1538499593734741,1.1539000272750854,170
2026-06-08T14:44:00.000Z,6E,1.1539000272750854,1.1540499925613403,1.1539000272750854,1.1540000438690186,92
2026-06-08T14:45:00.000Z,6E,1.1539499759674072,1.1540499925613403,1.1539499759674072,1.1539499759674072,220
2026-06-08T14:46:00.000Z,6E,1.1539499759674072,1.1541999578475952,1.1539499759674072,1.154099941253662,259
2026-06-08T14:47:00.000Z,6E,1.154099941253662,1.1541999578475952,1.1540000438690186,1.154099941253662,2441
2026-06-08T14:48:00.000Z,6E,1.1540499925613403,1.1540499925613403,1.1538000106811523,1.1538499593734741,153
2026-06-08T14:49:00.000Z,6E,1.1538499593734741,1.1539000272750854,1.153749942779541,1.153749942779541,196
2026-06-08T14:50:00.000Z,6E,1.1538000106811523,1.1539000272750854,1.1536500453948975,1.1539000272750854,242
2026-06-08T14:51:00.000Z,6E,1.1539000272750854,1.1541999578475952,1.1539000272750854,1.1541500091552734,272
2026-06-08T14:52:00.000Z,6E,1.1541500091552734,1.1542999744415283,1.1541500091552734,1.1542500257492065,335
2026-06-08T14:53:00.000Z,6E,1.1542500257492065,1.1545499563217163,1.1542500257492065,1.1544500589370728,1147
2026-06-08T14:54:00.000Z,6E,1.1544500589370728,1.1545000076293945,1.1542999744415283,1.1543999910354614,698
2026-06-08T14:55:00.000Z,6E,1.1543999910354614,1.1544500589370728,1.1542500257492065,1.1543999910354614,562
2026-06-08T14:56:00.000Z,6E,1.1543999910354614,1.1544500589370728,1.1543500423431396,1.1543999910354614,557
2026-06-08T14:57:00.000Z,6E,1.1543999910354614,1.1545499563217163,1.1543500423431396,1.1543999910354614,610
2026-06-08T14:58:00.000Z,6E,1.1544500589370728,1.1545499563217163,1.1543999910354614,1.1545000076293945,1727
2026-06-08T14:59:00.000Z,6E,1.1545499563217163,1.1546499729156494,1.1545000076293945,1.1546499729156494,391
2026-06-08T15:00:00.000Z,6E,1.1546499729156494,1.1548000574111938,1.1546499729156494,1.1547000408172607,537
2026-06-08T15:01:00.000Z,6E,1.1546499729156494,1.1547000408172607,1.1545499563217163,1.1545499563217163,728
2026-06-08T15:02:00.000Z,6E,1.1546000242233276,1.1548999547958374,1.1546000242233276,1.1548500061035156,842
2026-06-08T15:03:00.000Z,6E,1.1548500061035156,1.1548999547958374,1.1547499895095825,1.1548000574111938,301
2026-06-08T15:04:00.000Z,6E,1.1548000574111938,1.1549999713897705,1.1547499895095825,1.1548000574111938,550
2026-06-08T15:05:00.000Z,6E,1.1548000574111938,1.1548500061035156,1.1547000408172607,1.1547000408172607,186
2026-06-08T15:06:00.000Z,6E,1.1547499895095825,1.1548000574111938,1.1547000408172607,1.1547000408172607,403
2026-06-08T15:07:00.000Z,6E,1.1547000408172607,1.1547499895095825,1.1546000242233276,1.1547000408172607,609
2026-06-08T15:08:00.000Z,6E,1.1547000408172607,1.1547499895095825,1.1545499563217163,1.1545499563217163,142
2026-06-08T15:09:00.000Z,6E,1.1546000242233276,1.1546499729156494,1.1544500589370728,1.1545000076293945,373
2026-06-08T15:10:00.000Z,6E,1.1545499563217163,1.1546000242233276,1.1544500589370728,1.1545000076293945,218
2026-06-08T15:11:00.000Z,6E,1.1545000076293945,1.1545000076293945,1.1543999910354614,1.1543999910354614,119
2026-06-08T15:12:00.000Z,6E,1.1544500589370728,1.1546499729156494,1.1544500589370728,1.1546499729156494,75
2026-06-08T15:13:00.000Z,6E,1.1546000242233276,1.1549500226974487,1.1545499563217163,1.1548000574111938,723
2026-06-08T15:14:00.000Z,6E,1.1548000574111938,1.1552000045776367,1.1548000574111938,1.1548500061035156,1018
2026-06-08T15:15:00.000Z,6E,1.1548500061035156,1.1549999713897705,1.1548500061035156,1.1548999547958374,295
2026-06-08T15:16:00.000Z,6E,1.1549500226974487,1.1549500226974487,1.1547499895095825,1.1547499895095825,224
2026-06-08T15:17:00.000Z,6E,1.1547499895095825,1.1548000574111938,1.1546000242233276,1.1546499729156494,192
2026-06-08T15:18:00.000Z,6E,1.1546000242233276,1.1549999713897705,1.1546000242233276,1.1548999547958374,2452
2026-06-08T15:19:00.000Z,6E,1.1549500226974487,1.1550999879837036,1.1548999547958374,1.1549500226974487,112
2026-06-08T15:20:00.000Z,6E,1.1549500226974487,1.1549500226974487,1.1548500061035156,1.1548999547958374,100
2026-06-08T15:21:00.000Z,6E,1.1548999547958374,1.1548999547958374,1.1548000574111938,1.1548000574111938,67
2026-06-08T15:22:00.000Z,6E,1.1548000574111938,1.1549500226974487,1.1548000574111938,1.1548999547958374,160
2026-06-08T15:23:00.000Z,6E,1.1549500226974487,1.1549999713897705,1.1549500226974487,1.1549999713897705,81
2026-06-08T15:24:00.000Z,6E,1.1549999713897705,1.1550999879837036,1.1549999713897705,1.1550999879837036,149
2026-06-08T15:25:00.000Z,6E,1.1550500392913818,1.1550500392913818,1.1549500226974487,1.1549500226974487,115
2026-06-08T15:26:00.000Z,6E,1.1549500226974487,1.1549500226974487,1.1547000408172607,1.1547000408172607,354
2026-06-08T15:27:00.000Z,6E,1.1547000408172607,1.1547000408172607,1.1544500589370728,1.1545499563217163,841
2026-06-08T15:28:00.000Z,6E,1.1545499563217163,1.1545499563217163,1.1543500423431396,1.1543999910354614,943
2026-06-08T15:29:00.000Z,6E,1.1543999910354614,1.1544500589370728,1.1542999744415283,1.1543500423431396,644
2026-06-08T15:30:00.000Z,6E,1.1543999910354614,1.1543999910354614,1.1542999744415283,1.1542999744415283,953
2026-06-08T15:31:00.000Z,6E,1.1542999744415283,1.1542999744415283,1.1541999578475952,1.1542500257492065,145
2026-06-08T15:32:00.000Z,6E,1.1542500257492065,1.1542999744415283,1.154099941253662,1.1541500091552734,122
2026-06-08T15:33:00.000Z,6E,1.1541999578475952,1.1541999578475952,1.1540499925613403,1.154099941253662,79
2026-06-08T15:34:00.000Z,6E,1.1540499925613403,1.154099941253662,1.1540499925613403,1.1540499925613403,91
2026-06-08T15:35:00.000Z,6E,1.154099941253662,1.1541500091552734,1.1540499925613403,1.154099941253662,105
2026-06-08T15:36:00.000Z,6E,1.1540499925613403,1.154099941253662,1.1540499925613403,1.1540499925613403,84
2026-06-08T15:37:00.000Z,6E,1.1540499925613403,1.1541500091552734,1.1540499925613403,1.154099941253662,37
2026-06-08T15:38:00.000Z,6E,1.154099941253662,1.1541999578475952,1.154099941253662,1.1541999578475952,39
2026-06-08T15:39:00.000Z,6E,1.1541500091552734,1.1542999744415283,1.1541500091552734,1.1541999578475952,89
2026-06-08T15:40:00.000Z,6E,1.1541999578475952,1.1542500257492065,1.1541999578475952,1.1542500257492065,139
2026-06-08T15:41:00.000Z,6E,1.1542500257492065,1.1543999910354614,1.1542500257492065,1.1543999910354614,84
2026-06-08T15:42:00.000Z,6E,1.1543500423431396,1.1545499563217163,1.1542999744415283,1.1543999910354614,375
2026-06-08T15:43:00.000Z,6E,1.1543999910354614,1.1545000076293945,1.1543999910354614,1.1544500589370728,133
2026-06-08T15:44:00.000Z,6E,1.1543999910354614,1.1543999910354614,1.1542999744415283,1.1543999910354614,964
2026-06-08T15:45:00.000Z,6E,1.1543999910354614,1.1544500589370728,1.1543500423431396,1.1543500423431396,126
2026-06-08T15:46:00.000Z,6E,1.1543999910354614,1.1545499563217163,1.1543999910354614,1.1545499563217163,214
2026-06-08T15:47:00.000Z,6E,1.1545499563217163,1.1546000242233276,1.1545000076293945,1.1546000242233276,108
2026-06-08T15:48:00.000Z,6E,1.1545499563217163,1.1546000242233276,1.1544500589370728,1.1544500589370728,90
2026-06-08T15:49:00.000Z,6E,1.1544500589370728,1.1544500589370728,1.1543999910354614,1.1544500589370728,48
2026-06-08T15:50:00.000Z,6E,1.1545000076293945,1.1546000242233276,1.1545000076293945,1.1546000242233276,64
2026-06-08T15:51:00.000Z,6E,1.1546000242233276,1.1546499729156494,1.1545499563217163,1.1546000242233276,64
2026-06-08T15:52:00.000Z,6E,1.1546499729156494,1.1547499895095825,1.1546499729156494,1.1547499895095825,37
2026-06-08T15:53:00.000Z,6E,1.1548000574111938,1.1548500061035156,1.1547499895095825,1.1547499895095825,80
2026-06-08T15:54:00.000Z,6E,1.1547499895095825,1.1549500226974487,1.1547499895095825,1.1549500226974487,497
2026-06-08T15:55:00.000Z,6E,1.1549500226974487,1.1550500392913818,1.1549500226974487,1.1549500226974487,132
2026-06-08T15:56:00.000Z,6E,1.1549999713897705,1.1550500392913818,1.1549500226974487,1.1549999713897705,66
2026-06-08T15:57:00.000Z,6E,1.1550500392913818,1.1550500392913818,1.1548500061035156,1.1548999547958374,91
2026-06-08T15:58:00.000Z,6E,1.1548999547958374,1.1549500226974487,1.1548999547958374,1.1548999547958374,469
2026-06-08T15:59:00.000Z,6E,1.1549500226974487,1.1549500226974487,1.1548000574111938,1.1548000574111938,50
2026-06-08T16:00:00.000Z,6E,1.1548000574111938,1.1548000574111938,1.1546499729156494,1.1546499729156494,38
2026-06-08T16:01:00.000Z,6E,1.1547000408172607,1.1548500061035156,1.1547000408172607,1.1548000574111938,321
2026-06-08T16:02:00.000Z,6E,1.1547499895095825,1.1548500061035156,1.1547499895095825,1.1548500061035156,98
2026-06-08T16:03:00.000Z,6E,1.1548500061035156,1.1548500061035156,1.1547499895095825,1.1547499895095825,43
2026-06-08T16:04:00.000Z,6E,1.1548000574111938,1.1548000574111938,1.1548000574111938,1.1548000574111938,36
2026-06-08T16:05:00.000Z,6E,1.1548500061035156,1.1548999547958374,1.1547000408172607,1.1548500061035156,197
2026-06-08T16:06:00.000Z,6E,1.1548999547958374,1.1549999713897705,1.1548000574111938,1.1548000574111938,235
2026-06-08T16:07:00.000Z,6E,1.1548500061035156,1.1548500061035156,1.1548000574111938,1.1548000574111938,89
2026-06-08T16:08:00.000Z,6E,1.1548500061035156,1.1548500061035156,1.1547000408172607,1.1547000408172607,66
2026-06-08T16:09:00.000Z,6E,1.1547499895095825,1.1547499895095825,1.1547000408172607,1.1547000408172607,19
2026-06-08T16:10:00.000Z,6E,1.1547000408172607,1.1547000408172607,1.1546499729156494,1.1546499729156494,20
2026-06-08T16:11:00.000Z,6E,1.1546499729156494,1.1547499895095825,1.1546000242233276,1.1547499895095825,80
2026-06-08T16:12:00.000Z,6E,1.1547499895095825,1.1547499895095825,1.1547000408172607,1.1547499895095825,94
2026-06-08T16:13:00.000Z,6E,1.1547499895095825,1.1547499895095825,1.1547000408172607,1.1547000408172607,583
2026-06-08T16:14:00.000Z,6E,1.1547000408172607,1.1547499895095825,1.1547000408172607,1.1547499895095825,631
2026-06-08T16:15:00.000Z,6E,1.1547499895095825,1.1548000574111938,1.1547499895095825,1.1548000574111938,134
2026-06-08T16:16:00.000Z,6E,1.1548000574111938,1.1548000574111938,1.1547000408172607,1.1548000574111938,135
2026-06-08T16:17:00.000Z,6E,1.1547499895095825,1.1547499895095825,1.1545499563217163,1.1546000242233276,95
2026-06-08T16:18:00.000Z,6E,1.1546499729156494,1.1547499895095825,1.1546499729156494,1.1547499895095825,75
2026-06-08T16:19:00.000Z,6E,1.1547000408172607,1.1547000408172607,1.1546499729156494,1.1546499729156494,52
2026-06-08T16:20:00.000Z,6E,1.1547000408172607,1.1547000408172607,1.1546499729156494,1.1547000408172607,96
2026-06-08T16:21:00.000Z,6E,1.1546499729156494,1.1546499729156494,1.1545499563217163,1.1545499563217163,98
2026-06-08T16:22:00.000Z,6E,1.1545499563217163,1.1546499729156494,1.1545000076293945,1.1546499729156494,53
2026-06-08T16:23:00.000Z,6E,1.1546499729156494,1.1548000574111938,1.1546000242233276,1.1547000408172607,1076
2026-06-08T16:24:00.000Z,6E,1.1547000408172607,1.1547000408172607,1.1546499729156494,1.1547000408172607,36
2026-06-08T16:25:00.000Z,6E,1.1547000408172607,1.1547000408172607,1.1546499729156494,1.1546499729156494,58
2026-06-08T16:26:00.000Z,6E,1.1546499729156494,1.1547499895095825,1.1546499729156494,1.1547000408172607,43
2026-06-08T16:27:00.000Z,6E,1.1547000408172607,1.1547000408172607,1.1546000242233276,1.1546000242233276,41
2026-06-08T16:28:00.000Z,6E,1.1546000242233276,1.1546000242233276,1.1545499563217163,1.1546000242233276,1970
2026-06-08T16:29:00.000Z,6E,1.1546499729156494,1.1546499729156494,1.1545000076293945,1.1545499563217163,60
2026-06-08T16:30:00.000Z,6E,1.1545499563217163,1.1547499895095825,1.1545499563217163,1.1547499895095825,80
2026-06-08T16:31:00.000Z,6E,1.1547000408172607,1.1547000408172607,1.1545499563217163,1.1546000242233276,173
2026-06-08T16:32:00.000Z,6E,1.1546000242233276,1.1546000242233276,1.1545499563217163,1.1546000242233276,63
2026-06-08T16:33:00.000Z,6E,1.1546499729156494,1.1546499729156494,1.1545499563217163,1.1546000242233276,236
2026-06-08T16:34:00.000Z,6E,1.1546000242233276,1.1546000242233276,1.1545000076293945,1.1545000076293945,97
2026-06-08T16:35:00.000Z,6E,1.1545000076293945,1.1546000242233276,1.1545000076293945,1.1546000242233276,171
2026-06-08T16:36:00.000Z,6E,1.1545499563217163,1.1546499729156494,1.1545000076293945,1.1546000242233276,3378
2026-06-08T16:37:00.000Z,6E,1.1546000242233276,1.1547000408172607,1.1546000242233276,1.1546000242233276,244
2026-06-08T16:38:00.000Z,6E,1.1546000242233276,1.1547000408172607,1.1546000242233276,1.1547000408172607,90
2026-06-08T16:39:00.000Z,6E,1.1547000408172607,1.1547000408172607,1.1546499729156494,1.1546499729156494,34
2026-06-08T16:40:00.000Z,6E,1.1546000242233276,1.1546000242233276,1.1545499563217163,1.1545499563217163,35
2026-06-08T16:41:00.000Z,6E,1.1546000242233276,1.1546000242233276,1.1543999910354614,1.1545000076293945,216
2026-06-08T16:42:00.000Z,6E,1.1545000076293945,1.1545499563217163,1.1544500589370728,1.1545499563217163,68
2026-06-08T16:43:00.000Z,6E,1.1545000076293945,1.1545499563217163,1.1544500589370728,1.1545000076293945,33
2026-06-08T16:44:00.000Z,6E,1.1545000076293945,1.1546499729156494,1.1545000076293945,1.1546499729156494,92
2026-06-08T16:45:00.000Z,6E,1.1546000242233276,1.1546000242233276,1.1545499563217163,1.1545499563217163,73
2026-06-08T16:46:00.000Z,6E,1.1545499563217163,1.1545499563217163,1.1543500423431396,1.1543500423431396,120
2026-06-08T16:47:00.000Z,6E,1.1543999910354614,1.1545000076293945,1.1543999910354614,1.1545000076293945,126
2026-06-08T16:48:00.000Z,6E,1.1544500589370728,1.1544500589370728,1.1544500589370728,1.1544500589370728,80
2026-06-08T16:49:00.000Z,6E,1.1545000076293945,1.1546000242233276,1.1544500589370728,1.1546000242233276,58
2026-06-08T16:50:00.000Z,6E,1.1546000242233276,1.1547000408172607,1.1546000242233276,1.1546499729156494,86
2026-06-08T16:51:00.000Z,6E,1.1546499729156494,1.1547000408172607,1.1546000242233276,1.1546499729156494,75
2026-06-08T16:52:00.000Z,6E,1.1546000242233276,1.1546000242233276,1.1545000076293945,1.1545499563217163,54
2026-06-08T16:53:00.000Z,6E,1.1546000242233276,1.1546499729156494,1.1546000242233276,1.1546499729156494,22
2026-06-08T16:54:00.000Z,6E,1.1546499729156494,1.1547000408172607,1.1546000242233276,1.1546000242233276,4218
2026-06-08T16:55:00.000Z,6E,1.1546000242233276,1.1546499729156494,1.1546000242233276,1.1546499729156494,239
2026-06-08T16:56:00.000Z,6E,1.1546000242233276,1.1546000242233276,1.1546000242233276,1.1546000242233276,15
2026-06-08T16:57:00.000Z,6E,1.1546499729156494,1.1546499729156494,1.1545499563217163,1.1545499563217163,54
2026-06-08T16:58:00.000Z,6E,1.1545000076293945,1.1545499563217163,1.1544500589370728,1.1544500589370728,2841
2026-06-08T16:59:00.000Z,6E,1.1543999910354614,1.1543999910354614,1.1542500257492065,1.1542999744415283,224
2026-06-08T17:00:00.000Z,6E,1.1542999744415283,1.1544500589370728,1.1542999744415283,1.1544500589370728,103
2026-06-08T17:01:00.000Z,6E,1.1544500589370728,1.1545000076293945,1.1543999910354614,1.1544500589370728,74
2026-06-08T17:02:00.000Z,6E,1.1543999910354614,1.1543999910354614,1.1542999744415283,1.1542999744415283,40
2026-06-08T17:03:00.000Z,6E,1.1542999744415283,1.1542999744415283,1.1541999578475952,1.1542500257492065,190
2026-06-08T17:04:00.000Z,6E,1.1542500257492065,1.1542999744415283,1.1541999578475952,1.1541999578475952,94
2026-06-08T17:05:00.000Z,6E,1.1541999578475952,1.1542999744415283,1.1541999578475952,1.1542500257492065,141
2026-06-08T17:06:00.000Z,6E,1.1542500257492065,1.1542999744415283,1.1542500257492065,1.1542500257492065,56
2026-06-08T17:07:00.000Z,6E,1.1542999744415283,1.1543999910354614,1.1542999744415283,1.1543500423431396,51
2026-06-08T17:08:00.000Z,6E,1.1543500423431396,1.1543500423431396,1.1542999744415283,1.1542999744415283,116
2026-06-08T17:09:00.000Z,6E,1.1542999744415283,1.1542999744415283,1.1542500257492065,1.1542500257492065,67
2026-06-08T17:10:00.000Z,6E,1.1542500257492065,1.1542500257492065,1.1541500091552734,1.1542500257492065,98
2026-06-08T17:11:00.000Z,6E,1.1542500257492065,1.1542500257492065,1.1541999578475952,1.1542500257492065,49
2026-06-08T17:12:00.000Z,6E,1.1542500257492065,1.1543999910354614,1.1542500257492065,1.1543500423431396,286
2026-06-08T17:13:00.000Z,6E,1.1543500423431396,1.1543999910354614,1.1542999744415283,1.1543500423431396,51
2026-06-08T17:14:00.000Z,6E,1.1543999910354614,1.1544500589370728,1.1543500423431396,1.1544500589370728,30
2026-06-08T17:15:00.000Z,6E,1.1544500589370728,1.1545000076293945,1.1543500423431396,1.1543500423431396,70
2026-06-08T17:16:00.000Z,6E,1.1543500423431396,1.1543999910354614,1.1543500423431396,1.1543999910354614,56
2026-06-08T17:17:00.000Z,6E,1.1544500589370728,1.1545499563217163,1.1543999910354614,1.1544500589370728,61
2026-06-08T17:18:00.000Z,6E,1.1544500589370728,1.1545000076293945,1.1543999910354614,1.1543999910354614,188
2026-06-08T17:19:00.000Z,6E,1.1543999910354614,1.1543999910354614,1.1543500423431396,1.1543999910354614,33
2026-06-08T17:20:00.000Z,6E,1.1543999910354614,1.1544500589370728,1.1543500423431396,1.1544500589370728,98
2026-06-08T17:21:00.000Z,6E,1.1544500589370728,1.1544500589370728,1.1543999910354614,1.1543999910354614,46
2026-06-08T17:22:00.000Z,6E,1.1543500423431396,1.1543999910354614,1.1542999744415283,1.1543999910354614,213
2026-06-08T17:23:00.000Z,6E,1.1543999910354614,1.1543999910354614,1.1543500423431396,1.1543500423431396,545
2026-06-08T17:24:00.000Z,6E,1.1543500423431396,1.1543500423431396,1.1542500257492065,1.1543500423431396,148
2026-06-08T17:25:00.000Z,6E,1.1543500423431396,1.1543500423431396,1.1543500423431396,1.1543500423431396,143
2026-06-08T17:26:00.000Z,6E,1.1543500423431396,1.1543500423431396,1.1541999578475952,1.1542500257492065,336
2026-06-08T17:27:00.000Z,6E,1.1542500257492065,1.1543500423431396,1.1541999578475952,1.1542999744415283,705
2026-06-08T17:28:00.000Z,6E,1.1542500257492065,1.1544500589370728,1.1542500257492065,1.1543999910354614,868
2026-06-08T17:29:00.000Z,6E,1.1543999910354614,1.1543999910354614,1.1543500423431396,1.1543500423431396,126
2026-06-08T17:30:00.000Z,6E,1.1543500423431396,1.1543500423431396,1.1541999578475952,1.1541999578475952,244
2026-06-08T17:31:00.000Z,6E,1.1542500257492065,1.1542500257492065,1.1539000272750854,1.1541500091552734,962
2026-06-08T17:32:00.000Z,6E,1.1541500091552734,1.1541500091552734,1.1540000438690186,1.154099941253662,241
2026-06-08T17:33:00.000Z,6E,1.154099941253662,1.154099941253662,1.1540499925613403,1.1540499925613403,80
2026-06-08T17:34:00.000Z,6E,1.1540499925613403,1.1541500091552734,1.1540000438690186,1.1540499925613403,344
2026-06-08T17:35:00.000Z,6E,1.1540499925613403,1.1541500091552734,1.1539499759674072,1.1539499759674072,271
2026-06-08T17:36:00.000Z,6E,1.1540000438690186,1.154099941253662,1.1539000272750854,1.154099941253662,159
2026-06-08T17:37:00.000Z,6E,1.154099941253662,1.1542500257492065,1.154099941253662,1.1542500257492065,64
2026-06-08T17:38:00.000Z,6E,1.1541999578475952,1.1542500257492065,1.1541999578475952,1.1542500257492065,50
2026-06-08T17:39:00.000Z,6E,1.1541999578475952,1.1541999578475952,1.1541999578475952,1.1541999578475952,52
2026-06-08T17:40:00.000Z,6E,1.1541999578475952,1.1542500257492065,1.1541999578475952,1.1542500257492065,52
2026-06-08T17:41:00.000Z,6E,1.1542999744415283,1.1543500423431396,1.1542999744415283,1.1542999744415283,106
2026-06-08T17:42:00.000Z,6E,1.1542999744415283,1.1542999744415283,1.1542500257492065,1.1542500257492065,105
2026-06-08T17:43:00.000Z,6E,1.1542999744415283,1.1542999744415283,1.1542500257492065,1.1542999744415283,33
2026-06-08T17:44:00.000Z,6E,1.1543500423431396,1.1543500423431396,1.1542999744415283,1.1542999744415283,74
2026-06-08T17:45:00.000Z,6E,1.1542999744415283,1.1543999910354614,1.1542999744415283,1.1543999910354614,68
2026-06-08T17:46:00.000Z,6E,1.1543999910354614,1.1544500589370728,1.1543999910354614,1.1543999910354614,64
2026-06-08T17:47:00.000Z,6E,1.1543500423431396,1.1543500423431396,1.1542999744415283,1.1542999744415283,39
2026-06-08T17:48:00.000Z,6E,1.1542999744415283,1.1542999744415283,1.1542999744415283,1.1542999744415283,56
2026-06-08T17:49:00.000Z,6E,1.1542500257492065,1.1543500423431396,1.1542500257492065,1.1542999744415283,75
2026-06-08T17:50:00.000Z,6E,1.1542999744415283,1.1543500423431396,1.1542999744415283,1.1543500423431396,30
2026-06-08T17:51:00.000Z,6E,1.1543500423431396,1.1543500423431396,1.1542999744415283,1.1542999744415283,128
2026-06-08T17:52:00.000Z,6E,1.1542999744415283,1.1542999744415283,1.1542500257492065,1.1542999744415283,22
2026-06-08T17:53:00.000Z,6E,1.1542999744415283,1.1543500423431396,1.1542999744415283,1.1543500423431396,78
2026-06-08T17:54:00.000Z,6E,1.1543500423431396,1.1543500423431396,1.1543500423431396,1.1543500423431396,11
2026-06-08T17:55:00.000Z,6E,1.1543500423431396,1.1543500423431396,1.1542500257492065,1.1542500257492065,136
2026-06-08T17:56:00.000Z,6E,1.1542999744415283,1.1542999744415283,1.1542500257492065,1.1542999744415283,40
2026-06-08T17:57:00.000Z,6E,1.1542999744415283,1.1542999744415283,1.1541999578475952,1.1542500257492065,59
2026-06-08T17:58:00.000Z,6E,1.1541999578475952,1.1542500257492065,1.1541999578475952,1.1541999578475952,44
2026-06-08T17:59:00.000Z,6E,1.1542500257492065,1.1542500257492065,1.1541500091552734,1.1541500091552734,90
2026-06-08T18:00:00.000Z,6E,1.1541999578475952,1.1542999744415283,1.1541999578475952,1.1542999744415283,82
2026-06-08T18:01:00.000Z,6E,1.1543500423431396,1.1544500589370728,1.1543500423431396,1.1543999910354614,120
2026-06-08T18:02:00.000Z,6E,1.1544500589370728,1.1545000076293945,1.1544500589370728,1.1545000076293945,55
2026-06-08T18:03:00.000Z,6E,1.1544500589370728,1.1545000076293945,1.1544500589370728,1.1544500589370728,98
2026-06-08T18:04:00.000Z,6E,1.1545000076293945,1.1545499563217163,1.1545000076293945,1.1545499563217163,63
2026-06-08T18:05:00.000Z,6E,1.1545000076293945,1.1546000242233276,1.1545000076293945,1.1545499563217163,84
2026-06-08T18:06:00.000Z,6E,1.1545499563217163,1.1545499563217163,1.1545499563217163,1.1545499563217163,70
2026-06-08T18:07:00.000Z,6E,1.1545499563217163,1.1545499563217163,1.1544500589370728,1.1544500589370728,93
2026-06-08T18:08:00.000Z,6E,1.1544500589370728,1.1545000076293945,1.1544500589370728,1.1545000076293945,64
2026-06-08T18:09:00.000Z,6E,1.1545000076293945,1.1545499563217163,1.1545000076293945,1.1545499563217163,99
2026-06-08T18:10:00.000Z,6E,1.1545000076293945,1.1545499563217163,1.1545000076293945,1.1545000076293945,51
2026-06-08T18:11:00.000Z,6E,1.1545000076293945,1.1545000076293945,1.1543999910354614,1.1543999910354614,68
2026-06-08T18:12:00.000Z,6E,1.1543500423431396,1.1543500423431396,1.1542999744415283,1.1542999744415283,68
2026-06-08T18:13:00.000Z,6E,1.1542999744415283,1.1544500589370728,1.1542500257492065,1.1543999910354614,81
2026-06-08T18:14:00.000Z,6E,1.1543500423431396,1.1543500423431396,1.1542999744415283,1.1543500423431396,295
2026-06-08T18:15:00.000Z,6E,1.1543500423431396,1.1543500423431396,1.1542999744415283,1.1543500423431396,387
2026-06-08T18:16:00.000Z,6E,1.1543500423431396,1.1543999910354614,1.1543500423431396,1.1543500423431396,82
2026-06-08T18:17:00.000Z,6E,1.1543999910354614,1.1543999910354614,1.1543500423431396,1.1543500423431396,248
2026-06-08T18:18:00.000Z,6E,1.1543500423431396,1.1543999910354614,1.1543500423431396,1.1543999910354614,129
2026-06-08T18:19:00.000Z,6E,1.1543500423431396,1.1543999910354614,1.1543500423431396,1.1543500423431396,130
2026-06-08T18:20:00.000Z,6E,1.1543999910354614,1.1543999910354614,1.1542500257492065,1.1542999744415283,470
2026-06-08T18:21:00.000Z,6E,1.1542999744415283,1.1542999744415283,1.1542500257492065,1.1542999744415283,160
2026-06-08T18:22:00.000Z,6E,1.1542999744415283,1.1543500423431396,1.1542500257492065,1.1543500423431396,158
2026-06-08T18:23:00.000Z,6E,1.1543500423431396,1.1543500423431396,1.1542999744415283,1.1543500423431396,467
2026-06-08T18:24:00.000Z,6E,1.1543500423431396,1.1543500423431396,1.1542500257492065,1.1542999744415283,216
2026-06-08T18:25:00.000Z,6E,1.1542999744415283,1.1544500589370728,1.1542999744415283,1.1544500589370728,307
2026-06-08T18:26:00.000Z,6E,1.1543999910354614,1.1543999910354614,1.1542500257492065,1.1542500257492065,314
2026-06-08T18:27:00.000Z,6E,1.1542999744415283,1.1542999744415283,1.1542999744415283,1.1542999744415283,90
2026-06-08T18:28:00.000Z,6E,1.1543500423431396,1.1543999910354614,1.1542999744415283,1.1542999744415283,427
2026-06-08T18:29:00.000Z,6E,1.1543500423431396,1.1543999910354614,1.1543500423431396,1.1543999910354614,200
2026-06-08T18:30:00.000Z,6E,1.1544500589370728,1.1545000076293945,1.1544500589370728,1.1544500589370728,395
2026-06-08T18:31:00.000Z,6E,1.1544500589370728,1.1544500589370728,1.1543500423431396,1.1543500423431396,159
2026-06-08T18:32:00.000Z,6E,1.1543500423431396,1.1543999910354614,1.1543500423431396,1.1543999910354614,27
2026-06-08T18:33:00.000Z,6E,1.1544500589370728,1.1545499563217163,1.1544500589370728,1.1545000076293945,73
2026-06-08T18:34:00.000Z,6E,1.1545000076293945,1.1545000076293945,1.1544500589370728,1.1544500589370728,157
2026-06-08T18:35:00.000Z,6E,1.1544500589370728,1.1545000076293945,1.1543999910354614,1.1543999910354614,189
2026-06-08T18:36:00.000Z,6E,1.1544500589370728,1.1544500589370728,1.1542999744415283,1.1542999744415283,95
2026-06-08T18:37:00.000Z,6E,1.1542999744415283,1.1542999744415283,1.1541999578475952,1.1542500257492065,99
2026-06-08T18:38:00.000Z,6E,1.1541999578475952,1.1542500257492065,1.1541999578475952,1.1541999578475952,98
2026-06-08T18:39:00.000Z,6E,1.1541999578475952,1.1542500257492065,1.1541999578475952,1.1542500257492065,72
2026-06-08T18:40:00.000Z,6E,1.1542500257492065,1.1542999744415283,1.1542500257492065,1.1542500257492065,224
2026-06-08T18:41:00.000Z,6E,1.1542500257492065,1.1542500257492065,1.1541500091552734,1.1541500091552734,212
2026-06-08T18:42:00.000Z,6E,1.1541500091552734,1.1541999578475952,1.1541500091552734,1.1541999578475952,187
2026-06-08T18:43:00.000Z,6E,1.1541500091552734,1.1541500091552734,1.1540000438690186,1.1540000438690186,179
2026-06-08T18:44:00.000Z,6E,1.1540000438690186,1.1540499925613403,1.1540000438690186,1.1540000438690186,160
2026-06-08T18:45:00.000Z,6E,1.1540000438690186,1.1540000438690186,1.1539000272750854,1.1539000272750854,378
2026-06-08T18:46:00.000Z,6E,1.1539000272750854,1.1539000272750854,1.1539000272750854,1.1539000272750854,52
2026-06-08T18:47:00.000Z,6E,1.1539000272750854,1.1539000272750854,1.1538499593734741,1.1539000272750854,145
2026-06-08T18:48:00.000Z,6E,1.1538499593734741,1.1539000272750854,1.1538499593734741,1.1538499593734741,315
2026-06-08T18:49:00.000Z,6E,1.1538499593734741,1.1538499593734741,1.153749942779541,1.1538000106811523,131
2026-06-08T18:50:00.000Z,6E,1.1538000106811523,1.1538000106811523,1.1536999940872192,1.1536999940872192,240
2026-06-08T18:51:00.000Z,6E,1.153749942779541,1.1538000106811523,1.153749942779541,1.153749942779541,523
2026-06-08T18:52:00.000Z,6E,1.153749942779541,1.153749942779541,1.1536999940872192,1.153749942779541,244
2026-06-08T18:53:00.000Z,6E,1.153749942779541,1.1538000106811523,1.1536500453948975,1.1536999940872192,480
2026-06-08T18:54:00.000Z,6E,1.1536999940872192,1.153749942779541,1.1535999774932861,1.1536500453948975,1030
2026-06-08T18:55:00.000Z,6E,1.1536500453948975,1.1536500453948975,1.153499960899353,1.153499960899353,899
2026-06-08T18:56:00.000Z,6E,1.1534500122070312,1.1535500288009644,1.15339994430542,1.1534500122070312,348
2026-06-08T18:57:00.000Z,6E,1.153499960899353,1.153499960899353,1.153249979019165,1.1533000469207764,1690
2026-06-08T18:58:00.000Z,6E,1.1533499956130981,1.15339994430542,1.1533000469207764,1.1533499956130981,863
2026-06-08T18:59:00.000Z,6E,1.1533499956130981,1.15339994430542,1.1531000137329102,1.153149962425232,6504
2026-06-08T19:00:00.000Z,6E,1.1532000303268433,1.153499960899353,1.153149962425232,1.153499960899353,695
2026-06-08T19:01:00.000Z,6E,1.153499960899353,1.1535999774932861,1.153499960899353,1.1535999774932861,372
2026-06-08T19:02:00.000Z,6E,1.1535999774932861,1.1536500453948975,1.1535500288009644,1.1536500453948975,1899
2026-06-08T19:03:00.000Z,6E,1.1536500453948975,1.153749942779541,1.1536500453948975,1.1536999940872192,809
2026-06-08T19:04:00.000Z,6E,1.1536999940872192,1.153749942779541,1.1536500453948975,1.1536500453948975,468
2026-06-08T19:05:00.000Z,6E,1.1536500453948975,1.1536500453948975,1.1535999774932861,1.1536500453948975,88
2026-06-08T19:06:00.000Z,6E,1.1536500453948975,1.1536999940872192,1.1536500453948975,1.1536500453948975,83
2026-06-08T19:07:00.000Z,6E,1.1536999940872192,1.1536999940872192,1.1535999774932861,1.1535999774932861,36
2026-06-08T19:08:00.000Z,6E,1.1535999774932861,1.1536500453948975,1.1535999774932861,1.1535999774932861,34
2026-06-08T19:09:00.000Z,6E,1.1535999774932861,1.1536500453948975,1.1535500288009644,1.1535500288009644,61
2026-06-08T19:10:00.000Z,6E,1.153499960899353,1.153499960899353,1.15339994430542,1.1534500122070312,85
2026-06-08T19:11:00.000Z,6E,1.153499960899353,1.1535500288009644,1.1534500122070312,1.153499960899353,71
2026-06-08T19:12:00.000Z,6E,1.1535500288009644,1.1535999774932861,1.1535500288009644,1.1535999774932861,43
2026-06-08T19:13:00.000Z,6E,1.1535999774932861,1.1536500453948975,1.1535999774932861,1.1536500453948975,29
2026-06-08T19:14:00.000Z,6E,1.1535999774932861,1.1535999774932861,1.1534500122070312,1.1534500122070312,51
2026-06-08T19:15:00.000Z,6E,1.1534500122070312,1.153499960899353,1.1534500122070312,1.153499960899353,31
2026-06-08T19:16:00.000Z,6E,1.1535500288009644,1.1536500453948975,1.1535500288009644,1.1535999774932861,35
2026-06-08T19:17:00.000Z,6E,1.1535999774932861,1.1535999774932861,1.1535999774932861,1.1535999774932861,38
2026-06-08T19:18:00.000Z,6E,1.1535999774932861,1.1535999774932861,1.1535500288009644,1.1535500288009644,66
2026-06-08T19:19:00.000Z,6E,1.1535500288009644,1.1535999774932861,1.1535500288009644,1.1535500288009644,50
2026-06-08T19:20:00.000Z,6E,1.1535500288009644,1.1535999774932861,1.153499960899353,1.1535500288009644,29
2026-06-08T19:21:00.000Z,6E,1.1535999774932861,1.1535999774932861,1.1535999774932861,1.1535999774932861,22
2026-06-08T19:22:00.000Z,6E,1.1535999774932861,1.1535999774932861,1.1535500288009644,1.1535999774932861,99
2026-06-08T19:23:00.000Z,6E,1.1535500288009644,1.1535500288009644,1.1534500122070312,1.1534500122070312,50
2026-06-08T19:24:00.000Z,6E,1.1534500122070312,1.1534500122070312,1.15339994430542,1.1534500122070312,70
2026-06-08T19:25:00.000Z,6E,1.1534500122070312,1.1534500122070312,1.1533499956130981,1.15339994430542,26
2026-06-08T19:26:00.000Z,6E,1.15339994430542,1.1534500122070312,1.15339994430542,1.1534500122070312,62
2026-06-08T19:27:00.000Z,6E,1.1534500122070312,1.153499960899353,1.1534500122070312,1.153499960899353,21
2026-06-08T19:28:00.000Z,6E,1.153499960899353,1.1535500288009644,1.153499960899353,1.1535500288009644,28
2026-06-08T19:29:00.000Z,6E,1.1535999774932861,1.1535999774932861,1.153499960899353,1.1535500288009644,50
2026-06-08T19:30:00.000Z,6E,1.1535500288009644,1.1536999940872192,1.1535500288009644,1.1536999940872192,109
2026-06-08T19:31:00.000Z,6E,1.1536999940872192,1.153749942779541,1.1536999940872192,1.1536999940872192,312
2026-06-08T19:32:00.000Z,6E,1.1536500453948975,1.1538000106811523,1.1536500453948975,1.1536999940872192,96
2026-06-08T19:33:00.000Z,6E,1.1536999940872192,1.1536999940872192,1.1536500453948975,1.1536500453948975,24
2026-06-08T19:34:00.000Z,6E,1.1536500453948975,1.1536500453948975,1.1535999774932861,1.1535999774932861,18
2026-06-08T19:35:00.000Z,6E,1.1536500453948975,1.153749942779541,1.1536500453948975,1.1536999940872192,25
2026-06-08T19:36:00.000Z,6E,1.1536500453948975,1.1536500453948975,1.1536500453948975,1.1536500453948975,11
2026-06-08T19:37:00.000Z,6E,1.1536999940872192,1.1536999940872192,1.1536500453948975,1.1536999940872192,24
2026-06-08T19:38:00.000Z,6E,1.153749942779541,1.153749942779541,1.153749942779541,1.153749942779541,74
2026-06-08T19:39:00.000Z,6E,1.153749942779541,1.153749942779541,1.1536500453948975,1.1536999940872192,51
2026-06-08T19:40:00.000Z,6E,1.1536999940872192,1.1536999940872192,1.1535999774932861,1.1535999774932861,59
2026-06-08T19:41:00.000Z,6E,1.1535999774932861,1.1536500453948975,1.1535999774932861,1.1536500453948975,8
2026-06-08T19:42:00.000Z,6E,1.1536999940872192,1.1536999940872192,1.1535500288009644,1.1535500288009644,53
2026-06-08T19:43:00.000Z,6E,1.1535500288009644,1.1535500288009644,1.153499960899353,1.153499960899353,133
2026-06-08T19:44:00.000Z,6E,1.1535500288009644,1.1535500288009644,1.15339994430542,1.1534500122070312,94
2026-06-08T19:45:00.000Z,6E,1.1534500122070312,1.153499960899353,1.15339994430542,1.15339994430542,60
2026-06-08T19:46:00.000Z,6E,1.15339994430542,1.1534500122070312,1.1533499956130981,1.1534500122070312,36
2026-06-08T19:47:00.000Z,6E,1.1534500122070312,1.1534500122070312,1.1533499956130981,1.1534500122070312,43
2026-06-08T19:48:00.000Z,6E,1.1534500122070312,1.1534500122070312,1.15339994430542,1.1534500122070312,22
2026-06-08T19:49:00.000Z,6E,1.1534500122070312,1.1534500122070312,1.15339994430542,1.1534500122070312,20
2026-06-08T19:50:00.000Z,6E,1.153499960899353,1.1535999774932861,1.153499960899353,1.153499960899353,510
2026-06-08T19:51:00.000Z,6E,1.1535500288009644,1.1535500288009644,1.1534500122070312,1.1534500122070312,22
2026-06-08T19:52:00.000Z,6E,1.1534500122070312,1.1534500122070312,1.1534500122070312,1.1534500122070312,33
2026-06-08T19:53:00.000Z,6E,1.1534500122070312,1.1534500122070312,1.15339994430542,1.1534500122070312,18
2026-06-08T19:54:00.000Z,6E,1.1534500122070312,1.153499960899353,1.1533499956130981,1.15339994430542,538
2026-06-08T19:55:00.000Z,6E,1.15339994430542,1.1534500122070312,1.1533000469207764,1.15339994430542,929
2026-06-08T19:56:00.000Z,6E,1.15339994430542,1.15339994430542,1.1533000469207764,1.1533499956130981,178
2026-06-08T19:57:00.000Z,6E,1.15339994430542,1.1534500122070312,1.1533000469207764,1.1534500122070312,243
2026-06-08T19:58:00.000Z,6E,1.1534500122070312,1.153499960899353,1.1534500122070312,1.153499960899353,99
2026-06-08T19:59:00.000Z,6E,1.1534500122070312,1.153499960899353,1.15339994430542,1.15339994430542,297
2026-06-08T20:00:00.000Z,6E,1.1534500122070312,1.1535500288009644,1.1534500122070312,1.1535500288009644,325
2026-06-08T20:01:00.000Z,6E,1.153499960899353,1.1535999774932861,1.153499960899353,1.1535999774932861,111
2026-06-08T20:02:00.000Z,6E,1.1535500288009644,1.1535500288009644,1.1534500122070312,1.153499960899353,62
2026-06-08T20:03:00.000Z,6E,1.1534500122070312,1.153499960899353,1.1534500122070312,1.153499960899353,14
2026-06-08T20:04:00.000Z,6E,1.153499960899353,1.153499960899353,1.153499960899353,1.153499960899353,4
2026-06-08T20:05:00.000Z,6E,1.153499960899353,1.1535500288009644,1.1534500122070312,1.1535500288009644,60
2026-06-08T20:06:00.000Z,6E,1.1535999774932861,1.1535999774932861,1.1535999774932861,1.1535999774932861,30
2026-06-08T20:07:00.000Z,6E,1.1535500288009644,1.1535999774932861,1.1535500288009644,1.1535500288009644,5
2026-06-08T20:08:00.000Z,6E,1.1535500288009644,1.1535500288009644,1.1535500288009644,1.1535500288009644,1
2026-06-08T20:09:00.000Z,6E,1.1535500288009644,1.1535500288009644,1.1533499956130981,1.15339994430542,809
2026-06-08T20:10:00.000Z,6E,1.1534500122070312,1.1534500122070312,1.1534500122070312,1.1534500122070312,63
2026-06-08T20:11:00.000Z,6E,1.1534500122070312,1.153499960899353,1.1534500122070312,1.153499960899353,76
2026-06-08T20:12:00.000Z,6E,1.153499960899353,1.153499960899353,1.153499960899353,1.153499960899353,1
2026-06-08T20:13:00.000Z,6E,1.153499960899353,1.153499960899353,1.153499960899353,1.153499960899353,271
2026-06-08T20:14:00.000Z,6E,1.153499960899353,1.1535500288009644,1.153499960899353,1.1535500288009644,6
2026-06-08T20:15:00.000Z,6E,1.153499960899353,1.153499960899353,1.15339994430542,1.153499960899353,15
2026-06-08T20:16:00.000Z,6E,1.1534500122070312,1.1534500122070312,1.1534500122070312,1.1534500122070312,9
2026-06-08T20:17:00.000Z,6E,1.15339994430542,1.15339994430542,1.15339994430542,1.15339994430542,2
2026-06-08T20:18:00.000Z,6E,1.15339994430542,1.15339994430542,1.15339994430542,1.15339994430542,8
2026-06-08T20:19:00.000Z,6E,1.15339994430542,1.15339994430542,1.15339994430542,1.15339994430542,6
2026-06-08T20:20:00.000Z,6E,1.15339994430542,1.153499960899353,1.15339994430542,1.153499960899353,157
2026-06-08T20:21:00.000Z,6E,1.153499960899353,1.1535500288009644,1.153499960899353,1.153499960899353,36
2026-06-08T20:22:00.000Z,6E,1.153499960899353,1.1535500288009644,1.153499960899353,1.1535500288009644,24
2026-06-08T20:23:00.000Z,6E,1.1535500288009644,1.1536500453948975,1.1535500288009644,1.1536500453948975,2303
2026-06-08T20:24:00.000Z,6E,1.1536999940872192,1.1536999940872192,1.1535999774932861,1.1536500453948975,99
2026-06-08T20:25:00.000Z,6E,1.1536500453948975,1.1536999940872192,1.1536500453948975,1.1536999940872192,25
2026-06-08T20:26:00.000Z,6E,1.1536500453948975,1.1536999940872192,1.153499960899353,1.1536500453948975,987
2026-06-08T20:27:00.000Z,6E,1.1536500453948975,1.1536500453948975,1.1536500453948975,1.1536500453948975,2
2026-06-08T20:28:00.000Z,6E,1.1536500453948975,1.1536999940872192,1.1536500453948975,1.1536999940872192,66
2026-06-08T20:29:00.000Z,6E,1.1536500453948975,1.1536500453948975,1.153499960899353,1.1535999774932861,59
2026-06-08T20:30:00.000Z,6E,1.1535999774932861,1.1535999774932861,1.1535500288009644,1.1535500288009644,43
2026-06-08T20:31:00.000Z,6E,1.1535500288009644,1.1535500288009644,1.1535500288009644,1.1535500288009644,8
2026-06-08T20:33:00.000Z,6E,1.1535999774932861,1.1536500453948975,1.1535500288009644,1.1535500288009644,62
2026-06-08T20:34:00.000Z,6E,1.1535500288009644,1.1535500288009644,1.1535500288009644,1.1535500288009644,1
2026-06-08T20:35:00.000Z,6E,1.1535999774932861,1.1535999774932861,1.1535500288009644,1.1535500288009644,172
2026-06-08T20:36:00.000Z,6E,1.1535500288009644,1.1535500288009644,1.153499960899353,1.153499960899353,26
2026-06-08T20:37:00.000Z,6E,1.153499960899353,1.153499960899353,1.153499960899353,1.153499960899353,2
2026-06-08T20:38:00.000Z,6E,1.1534500122070312,1.1534500122070312,1.1534500122070312,1.1534500122070312,2
2026-06-08T20:39:00.000Z,6E,1.153499960899353,1.153499960899353,1.1534500122070312,1.1534500122070312,5
2026-06-08T20:41:00.000Z,6E,1.1534500122070312,1.153499960899353,1.1534500122070312,1.153499960899353,27
2026-06-08T20:42:00.000Z,6E,1.153499960899353,1.153499960899353,1.153499960899353,1.153499960899353,13
2026-06-08T20:45:00.000Z,6E,1.153499960899353,1.153499960899353,1.153499960899353,1.153499960899353,6
2026-06-08T20:46:00.000Z,6E,1.153499960899353,1.153499960899353,1.153499960899353,1.153499960899353,3
2026-06-08T20:47:00.000Z,6E,1.153499960899353,1.153499960899353,1.153499960899353,1.153499960899353,2
2026-06-08T20:48:00.000Z,6E,1.1535500288009644,1.1535500288009644,1.1535500288009644,1.1535500288009644,1
2026-06-08T20:49:00.000Z,6E,1.1535500288009644,1.1535500288009644,1.1535500288009644,1.1535500288009644,5
2026-06-08T20:50:00.000Z,6E,1.1535500288009644,1.1535500288009644,1.1534500122070312,1.153499960899353,263
2026-06-08T20:51:00.000Z,6E,1.1534500122070312,1.153499960899353,1.1534500122070312,1.153499960899353,19
2026-06-08T20:52:00.000Z,6E,1.1534500122070312,1.153499960899353,1.1534500122070312,1.153499960899353,2
2026-06-08T20:53:00.000Z,6E,1.153499960899353,1.1535500288009644,1.153499960899353,1.153499960899353,37
2026-06-08T20:54:00.000Z,6E,1.153499960899353,1.153499960899353,1.153499960899353,1.153499960899353,24
2026-06-08T20:55:00.000Z,6E,1.1534500122070312,1.1535999774932861,1.1534500122070312,1.1535500288009644,43
2026-06-08T20:56:00.000Z,6E,1.1535999774932861,1.1536500453948975,1.1535500288009644,1.1535999774932861,98
2026-06-08T20:57:00.000Z,6E,1.1535500288009644,1.1536500453948975,1.1535500288009644,1.1535999774932861,47
2026-06-08T20:58:00.000Z,6E,1.1535500288009644,1.1535999774932861,1.1535500288009644,1.1535500288009644,37
2026-06-08T20:59:00.000Z,6E,1.153499960899353,1.1536999940872192,1.153499960899353,1.1536999940872192,159
2026-06-08T22:00:00.000Z,6E,1.1538499593734741,1.1539000272750854,1.1536500453948975,1.1538499593734741,0
2026-06-08T22:01:00.000Z,6E,1.1538000106811523,1.1538000106811523,1.1536999940872192,1.1536999940872192,43
2026-06-08T22:02:00.000Z,6E,1.1536999940872192,1.1536999940872192,1.1536500453948975,1.1536999940872192,34
2026-06-08T22:03:00.000Z,6E,1.153749942779541,1.153749942779541,1.1536999940872192,1.153749942779541,85
2026-06-08T22:04:00.000Z,6E,1.153749942779541,1.153749942779541,1.1536999940872192,1.1536999940872192,18
2026-06-08T22:05:00.000Z,6E,1.153749942779541,1.1538000106811523,1.153749942779541,1.153749942779541,31
2026-06-08T22:06:00.000Z,6E,1.1536999940872192,1.153749942779541,1.1536500453948975,1.1536500453948975,22
2026-06-08T22:07:00.000Z,6E,1.1536500453948975,1.1536500453948975,1.1535999774932861,1.1536500453948975,59
2026-06-08T22:08:00.000Z,6E,1.1535999774932861,1.1536500453948975,1.1535500288009644,1.1535999774932861,43
2026-06-08T22:09:00.000Z,6E,1.1535999774932861,1.1536999940872192,1.1535500288009644,1.1535999774932861,208
2026-06-08T22:10:00.000Z,6E,1.1536500453948975,1.1536500453948975,1.1536500453948975,1.1536500453948975,9
2026-06-08T22:11:00.000Z,6E,1.1536500453948975,1.1536500453948975,1.1536500453948975,1.1536500453948975,2
2026-06-08T22:12:00.000Z,6E,1.1536500453948975,1.1536999940872192,1.1536500453948975,1.1536999940872192,35
2026-06-08T22:13:00.000Z,6E,1.1536999940872192,1.153749942779541,1.1536999940872192,1.1536999940872192,22
2026-06-08T22:14:00.000Z,6E,1.1536999940872192,1.153749942779541,1.1536999940872192,1.153749942779541,12
2026-06-08T22:15:00.000Z,6E,1.1536500453948975,1.1536999940872192,1.1536500453948975,1.1536500453948975,14
2026-06-08T22:16:00.000Z,6E,1.1536500453948975,1.1536500453948975,1.1536500453948975,1.1536500453948975,31
2026-06-08T22:17:00.000Z,6E,1.1536500453948975,1.1536500453948975,1.1536500453948975,1.1536500453948975,12
2026-06-08T22:25:00.000Z,6E,1.1532000303268433,1.1532000303268433,1.1532000303268433,1.1532000303268433,80
2026-06-08T22:28:00.000Z,6E,1.1536500453948975,1.1536500453948975,1.1536500453948975,1.1536500453948975,1
2026-06-08T22:29:00.000Z,6E,1.1536500453948975,1.1536500453948975,1.1536500453948975,1.1536500453948975,6
2026-06-08T22:30:00.000Z,6E,1.1536500453948975,1.1536500453948975,1.1535999774932861,1.1535999774932861,28
2026-06-08T22:31:00.000Z,6E,1.1535999774932861,1.1536500453948975,1.1535999774932861,1.1535999774932861,8
2026-06-08T22:32:00.000Z,6E,1.1536500453948975,1.1536500453948975,1.1535999774932861,1.1535999774932861,15
2026-06-08T22:33:00.000Z,6E,1.1536500453948975,1.1536500453948975,1.1535999774932861,1.1535999774932861,5
2026-06-08T22:34:00.000Z,6E,1.1535999774932861,1.1536500453948975,1.1535999774932861,1.1536500453948975,5
2026-06-08T22:35:00.000Z,6E,1.1535999774932861,1.1536500453948975,1.1535500288009644,1.1535500288009644,17
2026-06-08T22:36:00.000Z,6E,1.1535999774932861,1.1536500453948975,1.1535999774932861,1.1535999774932861,11
2026-06-08T22:37:00.000Z,6E,1.1536500453948975,1.1536500453948975,1.1535999774932861,1.1535999774932861,6
2026-06-08T22:38:00.000Z,6E,1.1536500453948975,1.1536500453948975,1.1535999774932861,1.1535999774932861,23
2026-06-08T22:39:00.000Z,6E,1.1536500453948975,1.1536500453948975,1.1535999774932861,1.1536500453948975,11
2026-06-08T22:40:00.000Z,6E,1.1536500453948975,1.1536500453948975,1.1535999774932861,1.1536500453948975,13
2026-06-08T22:41:00.000Z,6E,1.1536999940872192,1.1536999940872192,1.1535999774932861,1.1535999774932861,8
2026-06-08T22:42:00.000Z,6E,1.1535999774932861,1.1536500453948975,1.1535999774932861,1.1536500453948975,16
2026-06-08T22:43:00.000Z,6E,1.1535999774932861,1.1536500453948975,1.1535999774932861,1.1536500453948975,5
2026-06-08T22:44:00.000Z,6E,1.1535999774932861,1.1535999774932861,1.1535500288009644,1.1535500288009644,27
2026-06-08T22:45:00.000Z,6E,1.1535500288009644,1.1535999774932861,1.1535500288009644,1.1535999774932861,14
2026-06-08T22:46:00.000Z,6E,1.1535999774932861,1.1535999774932861,1.1535999774932861,1.1535999774932861,53
2026-06-08T22:47:00.000Z,6E,1.1535999774932861,1.1535999774932861,1.1535500288009644,1.1535999774932861,10
2026-06-08T22:48:00.000Z,6E,1.1535999774932861,1.1535999774932861,1.1535999774932861,1.1535999774932861,10
2026-06-08T22:49:00.000Z,6E,1.1535999774932861,1.1536500453948975,1.1535999774932861,1.1535999774932861,22
2026-06-08T22:50:00.000Z,6E,1.1535500288009644,1.1535999774932861,1.1535500288009644,1.1535500288009644,26
2026-06-08T22:51:00.000Z,6E,1.1535999774932861,1.1535999774932861,1.1535500288009644,1.1535500288009644,20
2026-06-08T22:52:00.000Z,6E,1.1535500288009644,1.1535999774932861,1.1535500288009644,1.1535999774932861,19
2026-06-08T22:53:00.000Z,6E,1.1536500453948975,1.1536500453948975,1.1535999774932861,1.1535999774932861,23
2026-06-08T22:54:00.000Z,6E,1.1535999774932861,1.1535999774932861,1.1535999774932861,1.1535999774932861,7
2026-06-08T22:55:00.000Z,6E,1.1536500453948975,1.1536500453948975,1.1535999774932861,1.1536500453948975,18
2026-06-08T22:56:00.000Z,6E,1.1536500453948975,1.1536999940872192,1.1536500453948975,1.1536999940872192,14
2026-06-08T22:57:00.000Z,6E,1.1536999940872192,1.1536999940872192,1.1536999940872192,1.1536999940872192,3
2026-06-08T22:58:00.000Z,6E,1.1536999940872192,1.1536999940872192,1.1536500453948975,1.1536500453948975,2
2026-06-08T22:59:00.000Z,6E,1.1536999940872192,1.1536999940872192,1.1536999940872192,1.1536999940872192,22
2026-06-08T23:00:00.000Z,6E,1.1536999940872192,1.1536999940872192,1.1536999940872192,1.1536999940872192,12
2026-06-08T23:01:00.000Z,6E,1.1536999940872192,1.1536999940872192,1.1536999940872192,1.1536999940872192,5
2026-06-08T23:03:00.000Z,6E,1.1536999940872192,1.1536999940872192,1.1536999940872192,1.1536999940872192,10
2026-06-08T23:07:00.000Z,6E,1.1536999940872192,1.1536999940872192,1.1536999940872192,1.1536999940872192,4
2026-06-08T23:08:00.000Z,6E,1.1536999940872192,1.1536999940872192,1.1536999940872192,1.1536999940872192,12
2026-06-08T23:09:00.000Z,6E,1.1536999940872192,1.1536999940872192,1.1536999940872192,1.1536999940872192,12
2026-06-08T23:10:00.000Z,6E,1.1536999940872192,1.1536999940872192,1.1536999940872192,1.1536999940872192,2
2026-06-08T23:11:00.000Z,6E,1.153749942779541,1.153749942779541,1.1536500453948975,1.1536500453948975,11
2026-06-08T23:12:00.000Z,6E,1.1536999940872192,1.153749942779541,1.1536999940872192,1.1536999940872192,16
2026-06-08T23:13:00.000Z,6E,1.1536999940872192,1.1536999940872192,1.1536999940872192,1.1536999940872192,7
2026-06-08T23:14:00.000Z,6E,1.1536999940872192,1.1536999940872192,1.1536999940872192,1.1536999940872192,8
2026-06-08T23:15:00.000Z,6E,1.1536999940872192,1.1536999940872192,1.1536999940872192,1.1536999940872192,6
2026-06-08T23:16:00.000Z,6E,1.1536999940872192,1.1536999940872192,1.1536999940872192,1.1536999940872192,2
2026-06-08T23:17:00.000Z,6E,1.1536999940872192,1.1536999940872192,1.1536999940872192,1.1536999940872192,14
2026-06-08T23:18:00.000Z,6E,1.1536500453948975,1.1536500453948975,1.1535999774932861,1.1535999774932861,31
2026-06-08T23:19:00.000Z,6E,1.1535999774932861,1.1535999774932861,1.1535999774932861,1.1535999774932861,21
2026-06-08T23:20:00.000Z,6E,1.1535999774932861,1.1535999774932861,1.1535999774932861,1.1535999774932861,13
2026-06-08T23:22:00.000Z,6E,1.1535999774932861,1.1535999774932861,1.1535999774932861,1.1535999774932861,67
2026-06-08T23:24:00.000Z,6E,1.1535999774932861,1.1535999774932861,1.1535999774932861,1.1535999774932861,1
2026-06-08T23:25:00.000Z,6E,1.1535999774932861,1.1535999774932861,1.1535500288009644,1.1535500288009644,15
2026-06-08T23:26:00.000Z,6E,1.1535500288009644,1.1535500288009644,1.153499960899353,1.153499960899353,23
2026-06-08T23:27:00.000Z,6E,1.153499960899353,1.153499960899353,1.15339994430542,1.1534500122070312,95
2026-06-08T23:28:00.000Z,6E,1.1534500122070312,1.1534500122070312,1.15339994430542,1.1534500122070312,25
2026-06-08T23:30:00.000Z,6E,1.15339994430542,1.15339994430542,1.1533499956130981,1.1533499956130981,13
2026-06-08T23:31:00.000Z,6E,1.1533499956130981,1.1533499956130981,1.1533000469207764,1.1533000469207764,33
2026-06-08T23:34:00.000Z,6E,1.1533000469207764,1.1533499956130981,1.1533000469207764,1.1533499956130981,14
2026-06-08T23:35:00.000Z,6E,1.1533499956130981,1.15339994430542,1.1533499956130981,1.1533499956130981,21
2026-06-08T23:36:00.000Z,6E,1.1533499956130981,1.1533499956130981,1.1533000469207764,1.1533000469207764,27
2026-06-08T23:37:00.000Z,6E,1.1533000469207764,1.1533000469207764,1.1533000469207764,1.1533000469207764,1
2026-06-08T23:38:00.000Z,6E,1.15339994430542,1.15339994430542,1.15339994430542,1.15339994430542,1
2026-06-08T23:39:00.000Z,6E,1.1533499956130981,1.1533499956130981,1.1533499956130981,1.1533499956130981,4
2026-06-08T23:40:00.000Z,6E,1.15339994430542,1.15339994430542,1.1533499956130981,1.1533499956130981,32
2026-06-08T23:42:00.000Z,6E,1.1533499956130981,1.1533499956130981,1.1533000469207764,1.1533000469207764,10
2026-06-08T23:43:00.000Z,6E,1.1533000469207764,1.1533499956130981,1.1533000469207764,1.1533499956130981,17
2026-06-08T23:44:00.000Z,6E,1.1533499956130981,1.1533499956130981,1.1533499956130981,1.1533499956130981,6
2026-06-08T23:45:00.000Z,6E,1.1533499956130981,1.1533499956130981,1.1532000303268433,1.153249979019165,39
2026-06-08T23:46:00.000Z,6E,1.153249979019165,1.153249979019165,1.153249979019165,1.153249979019165,6
2026-06-08T23:47:00.000Z,6E,1.153249979019165,1.1533000469207764,1.153249979019165,1.1533000469207764,12
2026-06-08T23:48:00.000Z,6E,1.1533000469207764,1.1533000469207764,1.1533000469207764,1.1533000469207764,14
2026-06-08T23:50:00.000Z,6E,1.1533000469207764,1.1533000469207764,1.1533000469207764,1.1533000469207764,18
2026-06-08T23:51:00.000Z,6E,1.1533000469207764,1.1533000469207764,1.1533000469207764,1.1533000469207764,21
2026-06-08T23:54:00.000Z,6E,1.1533000469207764,1.1533000469207764,1.1533000469207764,1.1533000469207764,16
2026-06-08T23:55:00.000Z,6E,1.153249979019165,1.153249979019165,1.1532000303268433,1.1532000303268433,21
2026-06-08T23:56:00.000Z,6E,1.153149962425232,1.153149962425232,1.153149962425232,1.153149962425232,12
2026-06-08T23:57:00.000Z,6E,1.1532000303268433,1.1532000303268433,1.1532000303268433,1.1532000303268433,6
2026-06-08T23:58:00.000Z,6E,1.153149962425232,1.153149962425232,1.1531000137329102,1.1531000137329102,30
2026-06-08T23:59:00.000Z,6E,1.153149962425232,1.153149962425232,1.153149962425232,1.153149962425232,9
2026-06-09T00:00:00.000Z,6E,1.1531000137329102,1.153149962425232,1.152999997138977,1.1530499458312988,71
2026-06-09T00:01:00.000Z,6E,1.1530499458312988,1.1530499458312988,1.1530499458312988,1.1530499458312988,19
2026-06-09T00:02:00.000Z,6E,1.153149962425232,1.1532000303268433,1.153149962425232,1.1532000303268433,25
2026-06-09T00:03:00.000Z,6E,1.1532000303268433,1.1533000469207764,1.1532000303268433,1.153249979019165,44
2026-06-09T00:04:00.000Z,6E,1.153249979019165,1.1533000469207764,1.1531000137329102,1.153149962425232,62
2026-06-09T00:05:00.000Z,6E,1.153149962425232,1.1532000303268433,1.1531000137329102,1.1531000137329102,81
2026-06-09T00:06:00.000Z,6E,1.153149962425232,1.153149962425232,1.153149962425232,1.153149962425232,4
2026-06-09T00:07:00.000Z,6E,1.1532000303268433,1.1533000469207764,1.1532000303268433,1.1533000469207764,83
2026-06-09T00:08:00.000Z,6E,1.1533000469207764,1.1533000469207764,1.153249979019165,1.153249979019165,23
2026-06-09T00:09:00.000Z,6E,1.1532000303268433,1.1533000469207764,1.1532000303268433,1.1532000303268433,35
2026-06-09T00:10:00.000Z,6E,1.153149962425232,1.153249979019165,1.153149962425232,1.153249979019165,337
2026-06-09T00:12:00.000Z,6E,1.1533499956130981,1.1533499956130981,1.1533499956130981,1.1533499956130981,1
2026-06-09T00:13:00.000Z,6E,1.1533000469207764,1.1533499956130981,1.1533000469207764,1.1533499956130981,13
2026-06-09T00:14:00.000Z,6E,1.1532000303268433,1.1532000303268433,1.153149962425232,1.153149962425232,5
2026-06-09T00:15:00.000Z,6E,1.153149962425232,1.153149962425232,1.153149962425232,1.153149962425232,16
2026-06-09T00:16:00.000Z,6E,1.153149962425232,1.1533000469207764,1.153149962425232,1.1533000469207764,55
2026-06-09T00:17:00.000Z,6E,1.1533000469207764,1.1533000469207764,1.1532000303268433,1.153249979019165,56
2026-06-09T00:18:00.000Z,6E,1.153249979019165,1.153249979019165,1.153249979019165,1.153249979019165,14
2026-06-09T00:19:00.000Z,6E,1.1532000303268433,1.153249979019165,1.1532000303268433,1.1532000303268433,27
2026-06-09T00:20:00.000Z,6E,1.1532000303268433,1.153249979019165,1.1532000303268433,1.153249979019165,17
2026-06-09T00:21:00.000Z,6E,1.153249979019165,1.153249979019165,1.153149962425232,1.153149962425232,4
2026-06-09T00:22:00.000Z,6E,1.1532000303268433,1.153249979019165,1.1532000303268433,1.153249979019165,33
2026-06-09T00:23:00.000Z,6E,1.1532000303268433,1.1532000303268433,1.153149962425232,1.153149962425232,13
2026-06-09T00:25:00.000Z,6E,1.1532000303268433,1.1532000303268433,1.1532000303268433,1.1532000303268433,3
2026-06-09T00:26:00.000Z,6E,1.153249979019165,1.153249979019165,1.1532000303268433,1.1532000303268433,29
2026-06-09T00:27:00.000Z,6E,1.1532000303268433,1.153249979019165,1.1532000303268433,1.153249979019165,55
2026-06-09T00:28:00.000Z,6E,1.153249979019165,1.153249979019165,1.153249979019165,1.153249979019165,12
2026-06-09T00:29:00.000Z,6E,1.1533000469207764,1.1533000469207764,1.1532000303268433,1.1532000303268433,8
2026-06-09T00:30:00.000Z,6E,1.1532000303268433,1.1532000303268433,1.1532000303268433,1.1532000303268433,11
2026-06-09T00:31:00.000Z,6E,1.1532000303268433,1.1532000303268433,1.1530499458312988,1.153149962425232,29
2026-06-09T00:32:00.000Z,6E,1.1532000303268433,1.153249979019165,1.1532000303268433,1.1532000303268433,25
2026-06-09T00:33:00.000Z,6E,1.153149962425232,1.153149962425232,1.153149962425232,1.153149962425232,17
2026-06-09T00:34:00.000Z,6E,1.153149962425232,1.1533000469207764,1.153149962425232,1.1533000469207764,45
2026-06-09T00:35:00.000Z,6E,1.1533000469207764,1.1533499956130981,1.1533000469207764,1.1533499956130981,58
2026-06-09T00:36:00.000Z,6E,1.1533000469207764,1.1533499956130981,1.1533000469207764,1.1533499956130981,32
2026-06-09T00:37:00.000Z,6E,1.1533499956130981,1.1534500122070312,1.1533499956130981,1.1534500122070312,15
2026-06-09T00:38:00.000Z,6E,1.1534500122070312,1.1534500122070312,1.15339994430542,1.15339994430542,26
2026-06-09T00:39:00.000Z,6E,1.15339994430542,1.1534500122070312,1.15339994430542,1.15339994430542,16
2026-06-09T00:40:00.000Z,6E,1.1533499956130981,1.1533499956130981,1.1533499956130981,1.1533499956130981,2
2026-06-09T00:41:00.000Z,6E,1.1533499956130981,1.1533499956130981,1.1533000469207764,1.1533000469207764,19
2026-06-09T00:42:00.000Z,6E,1.1533499956130981,1.1533499956130981,1.1533499956130981,1.1533499956130981,10
2026-06-09T00:43:00.000Z,6E,1.15339994430542,1.15339994430542,1.15339994430542,1.15339994430542,4
2026-06-09T00:44:00.000Z,6E,1.15339994430542,1.15339994430542,1.15339994430542,1.15339994430542,9
2026-06-09T00:45:00.000Z,6E,1.1533499956130981,1.15339994430542,1.1533000469207764,1.15339994430542,32
2026-06-09T00:46:00.000Z,6E,1.15339994430542,1.15339994430542,1.15339994430542,1.15339994430542,9
2026-06-09T00:47:00.000Z,6E,1.15339994430542,1.15339994430542,1.15339994430542,1.15339994430542,2
2026-06-09T00:48:00.000Z,6E,1.15339994430542,1.15339994430542,1.1533499956130981,1.1533499956130981,15
2026-06-09T00:49:00.000Z,6E,1.1533499956130981,1.1533499956130981,1.1533000469207764,1.1533499956130981,12
2026-06-09T00:50:00.000Z,6E,1.1533499956130981,1.1533499956130981,1.1533000469207764,1.1533000469207764,5
2026-06-09T00:51:00.000Z,6E,1.1533000469207764,1.1533000469207764,1.1532000303268433,1.1532000303268433,13
2026-06-09T00:52:00.000Z,6E,1.1532000303268433,1.153249979019165,1.1532000303268433,1.153249979019165,15
2026-06-09T00:53:00.000Z,6E,1.1532000303268433,1.1532000303268433,1.1532000303268433,1.1532000303268433,18
2026-06-09T00:54:00.000Z,6E,1.153149962425232,1.153149962425232,1.1531000137329102,1.153149962425232,40
2026-06-09T00:55:00.000Z,6E,1.1531000137329102,1.1532000303268433,1.1531000137329102,1.153149962425232,14
2026-06-09T00:56:00.000Z,6E,1.153149962425232,1.1532000303268433,1.153149962425232,1.1532000303268433,15
2026-06-09T00:57:00.000Z,6E,1.153249979019165,1.1533499956130981,1.153249979019165,1.1533499956130981,30
2026-06-09T00:58:00.000Z,6E,1.15339994430542,1.1534500122070312,1.15339994430542,1.1534500122070312,29
2026-06-09T00:59:00.000Z,6E,1.1534500122070312,1.1534500122070312,1.1534500122070312,1.1534500122070312,45
2026-06-09T01:00:00.000Z,6E,1.15339994430542,1.1536500453948975,1.15339994430542,1.1536500453948975,78
2026-06-09T01:01:00.000Z,6E,1.1535999774932861,1.1535999774932861,1.1535500288009644,1.1535500288009644,8
2026-06-09T01:02:00.000Z,6E,1.153499960899353,1.1535500288009644,1.1534500122070312,1.1535500288009644,38
2026-06-09T01:03:00.000Z,6E,1.1535999774932861,1.1535999774932861,1.1535999774932861,1.1535999774932861,14
2026-06-09T01:04:00.000Z,6E,1.1535500288009644,1.1535500288009644,1.1534500122070312,1.153499960899353,34
2026-06-09T01:05:00.000Z,6E,1.153499960899353,1.153499960899353,1.153499960899353,1.153499960899353,22
2026-06-09T01:06:00.000Z,6E,1.1535500288009644,1.1535999774932861,1.1535500288009644,1.1535999774932861,25
2026-06-09T01:07:00.000Z,6E,1.1536500453948975,1.1536500453948975,1.1535999774932861,1.1535999774932861,45
2026-06-09T01:08:00.000Z,6E,1.1535999774932861,1.1535999774932861,1.1535500288009644,1.1535999774932861,29
2026-06-09T01:09:00.000Z,6E,1.1536500453948975,1.1536500453948975,1.1535999774932861,1.1535999774932861,22
2026-06-09T01:10:00.000Z,6E,1.1535999774932861,1.1535999774932861,1.1535500288009644,1.1535500288009644,22
2026-06-09T01:11:00.000Z,6E,1.1535999774932861,1.1536500453948975,1.1535999774932861,1.1536500453948975,17
2026-06-09T01:12:00.000Z,6E,1.1536500453948975,1.1536500453948975,1.1536500453948975,1.1536500453948975,12
2026-06-09T01:13:00.000Z,6E,1.1536999940872192,1.1536999940872192,1.1536999940872192,1.1536999940872192,26
2026-06-09T01:14:00.000Z,6E,1.1536999940872192,1.1536999940872192,1.1536999940872192,1.1536999940872192,28
2026-06-09T01:15:00.000Z,6E,1.153749942779541,1.1538000106811523,1.153749942779541,1.1538000106811523,15
2026-06-09T01:16:00.000Z,6E,1.1538000106811523,1.1538000106811523,1.153749942779541,1.153749942779541,24
2026-06-09T01:17:00.000Z,6E,1.1538000106811523,1.1538000106811523,1.1538000106811523,1.1538000106811523,7
2026-06-09T01:18:00.000Z,6E,1.153749942779541,1.1538000106811523,1.1536999940872192,1.1536999940872192,58
2026-06-09T01:19:00.000Z,6E,1.1536999940872192,1.1536999940872192,1.1536999940872192,1.1536999940872192,8
2026-06-09T01:20:00.000Z,6E,1.1536999940872192,1.153749942779541,1.1536999940872192,1.153749942779541,23
2026-06-09T01:21:00.000Z,6E,1.153749942779541,1.1538499593734741,1.153749942779541,1.1538000106811523,28
2026-06-09T01:22:00.000Z,6E,1.1538000106811523,1.1540000438690186,1.1538000106811523,1.1539499759674072,84
2026-06-09T01:23:00.000Z,6E,1.1539499759674072,1.1539499759674072,1.1538499593734741,1.1538499593734741,46
2026-06-09T01:24:00.000Z,6E,1.1538499593734741,1.1538499593734741,1.1538000106811523,1.1538000106811523,929
2026-06-09T01:25:00.000Z,6E,1.1538499593734741,1.1538499593734741,1.1538499593734741,1.1538499593734741,15
2026-06-09T01:27:00.000Z,6E,1.1539000272750854,1.1539000272750854,1.1538499593734741,1.1539000272750854,20
2026-06-09T01:28:00.000Z,6E,1.1539000272750854,1.1539000272750854,1.1539000272750854,1.1539000272750854,6
2026-06-09T01:29:00.000Z,6E,1.1539499759674072,1.1539499759674072,1.1538000106811523,1.1538499593734741,56
2026-06-09T01:30:00.000Z,6E,1.1539000272750854,1.1539000272750854,1.1538499593734741,1.1538499593734741,27
2026-06-09T01:31:00.000Z,6E,1.1538499593734741,1.1539000272750854,1.1538499593734741,1.1539000272750854,29
2026-06-09T01:32:00.000Z,6E,1.1539499759674072,1.1539499759674072,1.1539499759674072,1.1539499759674072,4
2026-06-09T01:33:00.000Z,6E,1.1539499759674072,1.1539499759674072,1.1539499759674072,1.1539499759674072,18
2026-06-09T01:34:00.000Z,6E,1.1540000438690186,1.1540000438690186,1.1540000438690186,1.1540000438690186,16
2026-06-09T01:35:00.000Z,6E,1.1539499759674072,1.1540000438690186,1.1539499759674072,1.1540000438690186,15
2026-06-09T01:36:00.000Z,6E,1.1539499759674072,1.1540000438690186,1.1539499759674072,1.1539499759674072,17
2026-06-09T01:37:00.000Z,6E,1.1539499759674072,1.1539499759674072,1.1539000272750854,1.1539000272750854,13
2026-06-09T01:38:00.000Z,6E,1.1539000272750854,1.1539000272750854,1.1539000272750854,1.1539000272750854,14
2026-06-09T01:39:00.000Z,6E,1.1539499759674072,1.1539499759674072,1.1539499759674072,1.1539499759674072,25
2026-06-09T01:40:00.000Z,6E,1.1540000438690186,1.1540499925613403,1.1540000438690186,1.1540000438690186,31
2026-06-09T01:41:00.000Z,6E,1.1540000438690186,1.1540000438690186,1.1540000438690186,1.1540000438690186,22
2026-06-09T01:42:00.000Z,6E,1.1540499925613403,1.1540499925613403,1.1540499925613403,1.1540499925613403,5
2026-06-09T01:43:00.000Z,6E,1.1540499925613403,1.1540499925613403,1.1539000272750854,1.1539000272750854,31
2026-06-09T01:44:00.000Z,6E,1.1539499759674072,1.1540000438690186,1.1539499759674072,1.1540000438690186,22
2026-06-09T01:45:00.000Z,6E,1.1539499759674072,1.154099941253662,1.1539499759674072,1.1540499925613403,19
2026-06-09T01:46:00.000Z,6E,1.1540499925613403,1.1541500091552734,1.1540499925613403,1.1541500091552734,35
2026-06-09T01:47:00.000Z,6E,1.1541500091552734,1.1541999578475952,1.154099941253662,1.1541500091552734,33
2026-06-09T01:48:00.000Z,6E,1.1541500091552734,1.1542500257492065,1.1541500091552734,1.1541999578475952,20
2026-06-09T01:49:00.000Z,6E,1.1541999578475952,1.1541999578475952,1.154099941253662,1.154099941253662,38
2026-06-09T01:50:00.000Z,6E,1.154099941253662,1.154099941253662,1.154099941253662,1.154099941253662,6
2026-06-09T01:51:00.000Z,6E,1.1540499925613403,1.1540499925613403,1.1540000438690186,1.1540499925613403,29
2026-06-09T01:52:00.000Z,6E,1.154099941253662,1.154099941253662,1.154099941253662,1.154099941253662,15
2026-06-09T01:53:00.000Z,6E,1.1541500091552734,1.1541500091552734,1.154099941253662,1.154099941253662,18
2026-06-09T01:54:00.000Z,6E,1.154099941253662,1.1541500091552734,1.154099941253662,1.1541500091552734,24
2026-06-09T01:55:00.000Z,6E,1.1541500091552734,1.1541500091552734,1.1541500091552734,1.1541500091552734,9
2026-06-09T01:56:00.000Z,6E,1.1541500091552734,1.1541500091552734,1.1541500091552734,1.1541500091552734,8
2026-06-09T01:57:00.000Z,6E,1.1541500091552734,1.1541500091552734,1.1541500091552734,1.1541500091552734,30
2026-06-09T01:58:00.000Z,6E,1.1541500091552734,1.1541999578475952,1.1541500091552734,1.1541500091552734,0
