ts,symbol,open,high,low,close,volume
2026-06-08T04:00:00.000Z,CL,93.54000091552734,93.56999969482422,93.52999877929688,93.55000305175781,0
2026-06-08T04:01:00.000Z,CL,93.56999969482422,93.58999633789062,93.55000305175781,93.58000183105469,35
2026-06-08T04:02:00.000Z,CL,93.58999633789062,93.58999633789062,93.56999969482422,93.58999633789062,10
2026-06-08T04:03:00.000Z,CL,93.5999984741211,93.72000122070312,93.58000183105469,93.63999938964844,75
2026-06-08T04:04:00.000Z,CL,93.6500015258789,93.70999908447266,93.62999725341797,93.68000030517578,55
2026-06-08T04:05:00.000Z,CL,93.66999816894531,93.76000213623047,93.66000366210938,93.70999908447266,62
2026-06-08T04:06:00.000Z,CL,93.72000122070312,93.80999755859375,93.70999908447266,93.80000305175781,64
2026-06-08T04:07:00.000Z,CL,93.79000091552734,93.80999755859375,93.76000213623047,93.80000305175781,45
2026-06-08T04:08:00.000Z,CL,93.81999969482422,93.86000061035156,93.81999969482422,93.8499984741211,34
2026-06-08T04:09:00.000Z,CL,93.83999633789062,93.87000274658203,93.81999969482422,93.87000274658203,19
2026-06-08T04:10:00.000Z,CL,93.87999725341797,93.87999725341797,93.77999877929688,93.80999755859375,48
2026-06-08T04:11:00.000Z,CL,93.83000183105469,93.88999938964844,93.81999969482422,93.88999938964844,37
2026-06-08T04:12:00.000Z,CL,93.87999725341797,93.87999725341797,93.83999633789062,93.8499984741211,10
2026-06-08T04:13:00.000Z,CL,93.86000061035156,93.87999725341797,93.80999755859375,93.86000061035156,66
2026-06-08T04:14:00.000Z,CL,93.86000061035156,93.86000061035156,93.7699966430664,93.79000091552734,48
2026-06-08T04:15:00.000Z,CL,93.77999877929688,93.77999877929688,93.73999786376953,93.73999786376953,24
2026-06-08T04:16:00.000Z,CL,93.7300033569336,93.7699966430664,93.69999694824219,93.72000122070312,46
2026-06-08T04:17:00.000Z,CL,93.75,93.7699966430664,93.75,93.76000213623047,11
2026-06-08T04:18:00.000Z,CL,93.76000213623047,93.7699966430664,93.73999786376953,93.73999786376953,9
2026-06-08T04:19:00.000Z,CL,93.73999786376953,93.93000030517578,93.73999786376953,93.87999725341797,81
2026-06-08T04:20:00.000Z,CL,93.87999725341797,93.98999786376953,93.86000061035156,93.98999786376953,49
2026-06-08T04:21:00.000Z,CL,93.9800033569336,93.9800033569336,93.88999938964844,93.95999908447266,63
2026-06-08T04:22:00.000Z,CL,93.94999694824219,93.95999908447266,93.87000274658203,93.9000015258789,76
2026-06-08T04:23:00.000Z,CL,93.9000015258789,93.91000366210938,93.86000061035156,93.86000061035156,18
2026-06-08T04:24:00.000Z,CL,93.87000274658203,93.88999938964844,93.83999633789062,93.83999633789062,11
2026-06-08T04:25:00.000Z,CL,93.83999633789062,93.91999816894531,93.83999633789062,93.87000274658203,48
2026-06-08T04:26:00.000Z,CL,93.9000015258789,93.9800033569336,93.88999938964844,93.97000122070312,47
2026-06-08T04:27:00.000Z,CL,93.9800033569336,94.08000183105469,93.97000122070312,94.02999877929688,145
2026-06-08T04:28:00.000Z,CL,94.01000213623047,94.08000183105469,93.98999786376953,94.06999969482422,37
2026-06-08T04:29:00.000Z,CL,94.06999969482422,94.08000183105469,93.97000122070312,93.97000122070312,65
2026-06-08T04:30:00.000Z,CL,93.9800033569336,93.9800033569336,93.91999816894531,93.94999694824219,47
2026-06-08T04:31:00.000Z,CL,93.95999908447266,93.9800033569336,93.93000030517578,93.9800033569336,21
2026-06-08T04:32:00.000Z,CL,93.9800033569336,94.02999877929688,93.9800033569336,94.02999877929688,7
2026-06-08T04:33:00.000Z,CL,94.02999877929688,94.33999633789062,94.0,94.27999877929688,323
2026-06-08T04:34:00.000Z,CL,94.2699966430664,94.55999755859375,94.26000213623047,94.44999694824219,398
2026-06-08T04:35:00.000Z,CL,94.44999694824219,94.55999755859375,94.37999725341797,94.45999908447266,125
2026-06-08T04:36:00.000Z,CL,94.44999694824219,94.45999908447266,94.4000015258789,94.45999908447266,53
2026-06-08T04:37:00.000Z,CL,94.47000122070312,94.47000122070312,94.31999969482422,94.33000183105469,47
2026-06-08T04:38:00.000Z,CL,94.30999755859375,94.3499984741211,94.27999877929688,94.27999877929688,49
2026-06-08T04:39:00.000Z,CL,94.30999755859375,94.37000274658203,94.30999755859375,94.33000183105469,35
2026-06-08T04:40:00.000Z,CL,94.31999969482422,94.38999938964844,94.27999877929688,94.33999633789062,51
2026-06-08T04:41:00.000Z,CL,94.37000274658203,94.44999694824219,94.37000274658203,94.38999938964844,118
2026-06-08T04:42:00.000Z,CL,94.4000015258789,94.47000122070312,94.4000015258789,94.43000030517578,36
2026-06-08T04:43:00.000Z,CL,94.43000030517578,94.4800033569336,94.43000030517578,94.4800033569336,12
2026-06-08T04:44:00.000Z,CL,94.4800033569336,94.51000213623047,94.38999938964844,94.41000366210938,83
2026-06-08T04:45:00.000Z,CL,94.41000366210938,94.43000030517578,94.37000274658203,94.38999938964844,58
2026-06-08T04:46:00.000Z,CL,94.36000061035156,94.37000274658203,94.31999969482422,94.36000061035156,22
2026-06-08T04:47:00.000Z,CL,94.36000061035156,94.38999938964844,94.31999969482422,94.31999969482422,24
2026-06-08T04:48:00.000Z,CL,94.30000305175781,94.37999725341797,94.29000091552734,94.37999725341797,33
2026-06-08T04:49:00.000Z,CL,94.37999725341797,94.47000122070312,94.37999725341797,94.41000366210938,59
2026-06-08T04:50:00.000Z,CL,94.4000015258789,94.41000366210938,94.2699966430664,94.30999755859375,95
2026-06-08T04:51:00.000Z,CL,94.31999969482422,94.37999725341797,94.29000091552734,94.37000274658203,43
2026-06-08T04:52:00.000Z,CL,94.37000274658203,94.37000274658203,94.30000305175781,94.33000183105469,25
2026-06-08T04:53:00.000Z,CL,94.33000183105469,94.37000274658203,94.33000183105469,94.36000061035156,26
2026-06-08T04:54:00.000Z,CL,94.37000274658203,94.43000030517578,94.36000061035156,94.41999816894531,20
2026-06-08T04:55:00.000Z,CL,94.41999816894531,94.5999984741211,94.41000366210938,94.54000091552734,160
2026-06-08T04:56:00.000Z,CL,94.52999877929688,94.5999984741211,94.5199966430664,94.54000091552734,116
2026-06-08T04:57:00.000Z,CL,94.52999877929688,94.55999755859375,94.51000213623047,94.55999755859375,46
2026-06-08T04:58:00.000Z,CL,94.5199966430664,94.5999984741211,94.48999786376953,94.54000091552734,65
2026-06-08T04:59:00.000Z,CL,94.5,94.5199966430664,94.47000122070312,94.47000122070312,30
2026-06-08T05:00:00.000Z,CL,94.45999908447266,94.45999908447266,94.19999694824219,94.26000213623047,116
2026-06-08T05:01:00.000Z,CL,94.26000213623047,94.37999725341797,94.23999786376953,94.31999969482422,49
2026-06-08T05:02:00.000Z,CL,94.31999969482422,94.37999725341797,94.27999877929688,94.37999725341797,21
2026-06-08T05:03:00.000Z,CL,94.36000061035156,94.36000061035156,94.31999969482422,94.3499984741211,22
2026-06-08T05:04:00.000Z,CL,94.33000183105469,94.33999633789062,94.30999755859375,94.33000183105469,9
2026-06-08T05:05:00.000Z,CL,94.33999633789062,94.4800033569336,94.33999633789062,94.4800033569336,26
2026-06-08T05:06:00.000Z,CL,94.47000122070312,94.56999969482422,94.47000122070312,94.56999969482422,64
2026-06-08T05:07:00.000Z,CL,94.58000183105469,94.62999725341797,94.51000213623047,94.55999755859375,110
2026-06-08T05:08:00.000Z,CL,94.55000305175781,94.55000305175781,94.44999694824219,94.44999694824219,18
2026-06-08T05:09:00.000Z,CL,94.44999694824219,94.48999786376953,94.44999694824219,94.45999908447266,24
2026-06-08T05:10:00.000Z,CL,94.45999908447266,94.45999908447266,94.43000030517578,94.45999908447266,44
2026-06-08T05:11:00.000Z,CL,94.4800033569336,94.52999877929688,94.44000244140625,94.52999877929688,54
2026-06-08T05:12:00.000Z,CL,94.52999877929688,94.58999633789062,94.51000213623047,94.55000305175781,32
2026-06-08T05:13:00.000Z,CL,94.55999755859375,94.62999725341797,94.51000213623047,94.54000091552734,47
2026-06-08T05:14:00.000Z,CL,94.54000091552734,94.55000305175781,94.51000213623047,94.5199966430664,23
2026-06-08T05:15:00.000Z,CL,94.5199966430664,94.5199966430664,94.47000122070312,94.47000122070312,18
2026-06-08T05:16:00.000Z,CL,94.48999786376953,94.5,94.44999694824219,94.44999694824219,25
2026-06-08T05:17:00.000Z,CL,94.47000122070312,94.4800033569336,94.45999908447266,94.45999908447266,13
2026-06-08T05:18:00.000Z,CL,94.45999908447266,94.47000122070312,94.33999633789062,94.3499984741211,54
2026-06-08T05:19:00.000Z,CL,94.30999755859375,94.31999969482422,94.25,94.26000213623047,96
2026-06-08T05:20:00.000Z,CL,94.25,94.30999755859375,94.25,94.30000305175781,14
2026-06-08T05:21:00.000Z,CL,94.30000305175781,94.30000305175781,94.22000122070312,94.27999877929688,45
2026-06-08T05:22:00.000Z,CL,94.26000213623047,94.26000213623047,94.12000274658203,94.19000244140625,63
2026-06-08T05:23:00.000Z,CL,94.18000030517578,94.22000122070312,94.16000366210938,94.19999694824219,33
2026-06-08T05:24:00.000Z,CL,94.20999908447266,94.2300033569336,94.19000244140625,94.20999908447266,78
2026-06-08T05:25:00.000Z,CL,94.20999908447266,94.25,94.19999694824219,94.2300033569336,29
2026-06-08T05:26:00.000Z,CL,94.23999786376953,94.23999786376953,94.19999694824219,94.20999908447266,14
2026-06-08T05:27:00.000Z,CL,94.19000244140625,94.22000122070312,94.13999938964844,94.16999816894531,27
2026-06-08T05:28:00.000Z,CL,94.16000366210938,94.19000244140625,94.16000366210938,94.16000366210938,25
2026-06-08T05:29:00.000Z,CL,94.19000244140625,94.2300033569336,94.19000244140625,94.20999908447266,20
2026-06-08T05:30:00.000Z,CL,94.20999908447266,94.41000366210938,94.08000183105469,94.38999938964844,142
2026-06-08T05:31:00.000Z,CL,94.37999725341797,94.44000244140625,94.33999633789062,94.44000244140625,42
2026-06-08T05:32:00.000Z,CL,94.44000244140625,94.56999969482422,94.44000244140625,94.52999877929688,155
2026-06-08T05:33:00.000Z,CL,94.51000213623047,94.69999694824219,94.44999694824219,94.69999694824219,154
2026-06-08T05:34:00.000Z,CL,94.70999908447266,94.7300033569336,94.56999969482422,94.5999984741211,123
2026-06-08T05:35:00.000Z,CL,94.62000274658203,94.66000366210938,94.5,94.5,43
2026-06-08T05:36:00.000Z,CL,94.5199966430664,94.63999938964844,94.51000213623047,94.63999938964844,64
2026-06-08T05:37:00.000Z,CL,94.62999725341797,94.83999633789062,94.62999725341797,94.7300033569336,347
2026-06-08T05:38:00.000Z,CL,94.72000122070312,94.76000213623047,94.58000183105469,94.5999984741211,114
2026-06-08T05:39:00.000Z,CL,94.5999984741211,94.62999725341797,94.55000305175781,94.5999984741211,46
2026-06-08T05:40:00.000Z,CL,94.58999633789062,94.70999908447266,94.54000091552734,94.70999908447266,56
2026-06-08T05:41:00.000Z,CL,94.66999816894531,94.76000213623047,94.6500015258789,94.76000213623047,25
2026-06-08T05:42:00.000Z,CL,94.79000091552734,94.8499984741211,94.66000366210938,94.66000366210938,80
2026-06-08T05:43:00.000Z,CL,94.6500015258789,94.66000366210938,94.61000061035156,94.62999725341797,54
2026-06-08T05:44:00.000Z,CL,94.6500015258789,94.69000244140625,94.62000274658203,94.66000366210938,39
2026-06-08T05:45:00.000Z,CL,94.66999816894531,94.69000244140625,94.6500015258789,94.66999816894531,24
2026-06-08T05:46:00.000Z,CL,94.63999938964844,94.69999694824219,94.61000061035156,94.69999694824219,32
2026-06-08T05:47:00.000Z,CL,94.70999908447266,94.72000122070312,94.61000061035156,94.63999938964844,24
2026-06-08T05:48:00.000Z,CL,94.66999816894531,94.72000122070312,94.66999816894531,94.70999908447266,11
2026-06-08T05:49:00.000Z,CL,94.70999908447266,94.7699966430664,94.66999816894531,94.7300033569336,47
2026-06-08T05:50:00.000Z,CL,94.72000122070312,94.7300033569336,94.55999755859375,94.62000274658203,115
2026-06-08T05:51:00.000Z,CL,94.62000274658203,94.6500015258789,94.58000183105469,94.5999984741211,100
2026-06-08T05:52:00.000Z,CL,94.5999984741211,94.5999984741211,94.5199966430664,94.5199966430664,60
2026-06-08T05:53:00.000Z,CL,94.51000213623047,94.5999984741211,94.51000213623047,94.58999633789062,75
2026-06-08T05:54:00.000Z,CL,94.5999984741211,94.69000244140625,94.5999984741211,94.6500015258789,47
2026-06-08T05:55:00.000Z,CL,94.66000366210938,94.68000030517578,94.63999938964844,94.66000366210938,37
2026-06-08T05:56:00.000Z,CL,94.66000366210938,94.69999694824219,94.63999938964844,94.69999694824219,46
2026-06-08T05:57:00.000Z,CL,94.69999694824219,94.72000122070312,94.63999938964844,94.63999938964844,122
2026-06-08T05:58:00.000Z,CL,94.66000366210938,94.66999816894531,94.5199966430664,94.55000305175781,76
2026-06-08T05:59:00.000Z,CL,94.55000305175781,94.55999755859375,94.47000122070312,94.4800033569336,54
2026-06-08T06:00:00.000Z,CL,94.45999908447266,94.51000213623047,94.37000274658203,94.37999725341797,101
2026-06-08T06:01:00.000Z,CL,94.37999725341797,94.4000015258789,94.26000213623047,94.26000213623047,58
2026-06-08T06:02:00.000Z,CL,94.27999877929688,94.37999725341797,94.26000213623047,94.36000061035156,120
2026-06-08T06:03:00.000Z,CL,94.3499984741211,94.4000015258789,94.29000091552734,94.37999725341797,187
2026-06-08T06:04:00.000Z,CL,94.37999725341797,94.5999984741211,94.33999633789062,94.55000305175781,397
2026-06-08T06:05:00.000Z,CL,94.5199966430664,94.55000305175781,94.44999694824219,94.5,70
2026-06-08T06:06:00.000Z,CL,94.48999786376953,94.58000183105469,94.47000122070312,94.52999877929688,76
2026-06-08T06:07:00.000Z,CL,94.54000091552734,94.66999816894531,94.52999877929688,94.6500015258789,73
2026-06-08T06:08:00.000Z,CL,94.63999938964844,94.68000030517578,94.61000061035156,94.62000274658203,56
2026-06-08T06:09:00.000Z,CL,94.62000274658203,94.62999725341797,94.55999755859375,94.56999969482422,81
2026-06-08T06:10:00.000Z,CL,94.55999755859375,94.55999755859375,94.44999694824219,94.44999694824219,105
2026-06-08T06:11:00.000Z,CL,94.45999908447266,94.5,94.44000244140625,94.48999786376953,106
2026-06-08T06:12:00.000Z,CL,94.4800033569336,94.55000305175781,94.37999725341797,94.4000015258789,218
2026-06-08T06:13:00.000Z,CL,94.4000015258789,94.4000015258789,94.25,94.29000091552734,123
2026-06-08T06:14:00.000Z,CL,94.29000091552734,94.33999633789062,94.29000091552734,94.31999969482422,69
2026-06-08T06:15:00.000Z,CL,94.33000183105469,94.41000366210938,94.33000183105469,94.37000274658203,54
2026-06-08T06:16:00.000Z,CL,94.37000274658203,94.43000030517578,94.3499984741211,94.43000030517578,67
2026-06-08T06:17:00.000Z,CL,94.41000366210938,94.5,94.41000366210938,94.5,37
2026-06-08T06:18:00.000Z,CL,94.5,94.63999938964844,94.5,94.63999938964844,92
2026-06-08T06:19:00.000Z,CL,94.62000274658203,94.66999816894531,94.5,94.52999877929688,126
2026-06-08T06:20:00.000Z,CL,94.52999877929688,94.55000305175781,94.44000244140625,94.4800033569336,61
2026-06-08T06:21:00.000Z,CL,94.48999786376953,94.48999786376953,94.4000015258789,94.41999816894531,42
2026-06-08T06:22:00.000Z,CL,94.41000366210938,94.41999816894531,94.3499984741211,94.38999938964844,35
2026-06-08T06:23:00.000Z,CL,94.37999725341797,94.51000213623047,94.37999725341797,94.45999908447266,72
2026-06-08T06:24:00.000Z,CL,94.45999908447266,94.45999908447266,94.4000015258789,94.41000366210938,46
2026-06-08T06:25:00.000Z,CL,94.4000015258789,94.43000030517578,94.4000015258789,94.43000030517578,33
2026-06-08T06:26:00.000Z,CL,94.41000366210938,94.41000366210938,94.36000061035156,94.36000061035156,27
2026-06-08T06:27:00.000Z,CL,94.3499984741211,94.36000061035156,94.08999633789062,94.0999984741211,169
2026-06-08T06:28:00.000Z,CL,94.11000061035156,94.1500015258789,93.94999694824219,94.04000091552734,313
2026-06-08T06:29:00.000Z,CL,94.05000305175781,94.22000122070312,94.0199966430664,94.19000244140625,211
2026-06-08T06:30:00.000Z,CL,94.19000244140625,94.30999755859375,94.19000244140625,94.30999755859375,94
2026-06-08T06:31:00.000Z,CL,94.30000305175781,94.44999694824219,94.30000305175781,94.44999694824219,82
2026-06-08T06:32:00.000Z,CL,94.44999694824219,94.52999877929688,94.44000244140625,94.51000213623047,87
2026-06-08T06:33:00.000Z,CL,94.5199966430664,94.58000183105469,94.5199966430664,94.55000305175781,103
2026-06-08T06:34:00.000Z,CL,94.55999755859375,94.58000183105469,94.45999908447266,94.5199966430664,119
2026-06-08T06:35:00.000Z,CL,94.5199966430664,94.69999694824219,94.51000213623047,94.68000030517578,106
2026-06-08T06:36:00.000Z,CL,94.68000030517578,94.70999908447266,94.63999938964844,94.69999694824219,86
2026-06-08T06:37:00.000Z,CL,94.69000244140625,94.80000305175781,94.6500015258789,94.80000305175781,123
2026-06-08T06:38:00.000Z,CL,94.80999755859375,94.83999633789062,94.61000061035156,94.6500015258789,99
2026-06-08T06:39:00.000Z,CL,94.66999816894531,94.69999694824219,94.5999984741211,94.68000030517578,70
2026-06-08T06:40:00.000Z,CL,94.66999816894531,94.80000305175781,94.63999938964844,94.7300033569336,88
2026-06-08T06:41:00.000Z,CL,94.7300033569336,94.7300033569336,94.68000030517578,94.68000030517578,48
2026-06-08T06:42:00.000Z,CL,94.70999908447266,94.7699966430664,94.56999969482422,94.56999969482422,138
2026-06-08T06:43:00.000Z,CL,94.61000061035156,94.62000274658203,94.43000030517578,94.51000213623047,210
2026-06-08T06:44:00.000Z,CL,94.5199966430664,94.55000305175781,94.47000122070312,94.5,68
2026-06-08T06:45:00.000Z,CL,94.54000091552734,94.55000305175781,94.4800033569336,94.51000213623047,76
2026-06-08T06:46:00.000Z,CL,94.5,94.56999969482422,94.5,94.55000305175781,60
2026-06-08T06:47:00.000Z,CL,94.55000305175781,94.55000305175781,94.5,94.5199966430664,27
2026-06-08T06:48:00.000Z,CL,94.5199966430664,94.62999725341797,94.5199966430664,94.5999984741211,55
2026-06-08T06:49:00.000Z,CL,94.58999633789062,94.62999725341797,94.58999633789062,94.58999633789062,54
2026-06-08T06:50:00.000Z,CL,94.58999633789062,94.68000030517578,94.44999694824219,94.51000213623047,126
2026-06-08T06:51:00.000Z,CL,94.52999877929688,94.55000305175781,94.47000122070312,94.47000122070312,57
2026-06-08T06:52:00.000Z,CL,94.45999908447266,94.48999786376953,94.41999816894531,94.45999908447266,66
2026-06-08T06:53:00.000Z,CL,94.45999908447266,94.5199966430664,94.44999694824219,94.4800033569336,59
2026-06-08T06:54:00.000Z,CL,94.48999786376953,94.55000305175781,94.48999786376953,94.5,38
2026-06-08T06:55:00.000Z,CL,94.51000213623047,94.5999984741211,94.48999786376953,94.5199966430664,66
2026-06-08T06:56:00.000Z,CL,94.52999877929688,94.66999816894531,94.52999877929688,94.66000366210938,114
2026-06-08T06:57:00.000Z,CL,94.66999816894531,94.79000091552734,94.66000366210938,94.69999694824219,165
2026-06-08T06:58:00.000Z,CL,94.68000030517578,94.69000244140625,94.55999755859375,94.62000274658203,125
2026-06-08T06:59:00.000Z,CL,94.62000274658203,94.63999938964844,94.61000061035156,94.62000274658203,23
2026-06-08T07:00:00.000Z,CL,94.61000061035156,94.66000366210938,94.47000122070312,94.58999633789062,220
2026-06-08T07:01:00.000Z,CL,94.58999633789062,94.9000015258789,94.58999633789062,94.88999938964844,324
2026-06-08T07:02:00.000Z,CL,94.88999938964844,94.88999938964844,94.7699966430664,94.81999969482422,116
2026-06-08T07:03:00.000Z,CL,94.81999969482422,94.93000030517578,94.62999725341797,94.70999908447266,287
2026-06-08T07:04:00.000Z,CL,94.72000122070312,94.72000122070312,94.62999725341797,94.68000030517578,78
2026-06-08T07:05:00.000Z,CL,94.69000244140625,94.83000183105469,94.68000030517578,94.79000091552734,125
2026-06-08T07:06:00.000Z,CL,94.77999877929688,94.8499984741211,94.7699966430664,94.80999755859375,49
2026-06-08T07:07:00.000Z,CL,94.80000305175781,94.83999633789062,94.79000091552734,94.81999969482422,65
2026-06-08T07:08:00.000Z,CL,94.80999755859375,94.80999755859375,94.58000183105469,94.61000061035156,247
2026-06-08T07:09:00.000Z,CL,94.62999725341797,94.75,94.62999725341797,94.69000244140625,75
2026-06-08T07:10:00.000Z,CL,94.69000244140625,94.73999786376953,94.62000274658203,94.62000274658203,54
2026-06-08T07:11:00.000Z,CL,94.5999984741211,94.61000061035156,94.52999877929688,94.58999633789062,75
2026-06-08T07:12:00.000Z,CL,94.56999969482422,94.61000061035156,94.54000091552734,94.61000061035156,64
2026-06-08T07:13:00.000Z,CL,94.5999984741211,94.61000061035156,94.44999694824219,94.47000122070312,87
2026-06-08T07:14:00.000Z,CL,94.4800033569336,94.62999725341797,94.47000122070312,94.62999725341797,226
2026-06-08T07:15:00.000Z,CL,94.61000061035156,94.80000305175781,94.55999755859375,94.61000061035156,296
2026-06-08T07:16:00.000Z,CL,94.58999633789062,94.6500015258789,94.5199966430664,94.5999984741211,110
2026-06-08T07:17:00.000Z,CL,94.58000183105469,94.66999816894531,94.55000305175781,94.66999816894531,75
2026-06-08T07:18:00.000Z,CL,94.66999816894531,94.72000122070312,94.63999938964844,94.63999938964844,67
2026-06-08T07:19:00.000Z,CL,94.63999938964844,94.63999938964844,94.51000213623047,94.5199966430664,34
2026-06-08T07:20:00.000Z,CL,94.52999877929688,94.56999969482422,94.5,94.51000213623047,51
2026-06-08T07:21:00.000Z,CL,94.5,94.55999755859375,94.45999908447266,94.48999786376953,60
2026-06-08T07:22:00.000Z,CL,94.4800033569336,94.54000091552734,94.43000030517578,94.44000244140625,152
2026-06-08T07:23:00.000Z,CL,94.44000244140625,94.45999908447266,94.3499984741211,94.4000015258789,74
2026-06-08T07:24:00.000Z,CL,94.38999938964844,94.44000244140625,94.37999725341797,94.43000030517578,68
2026-06-08T07:25:00.000Z,CL,94.44000244140625,94.44999694824219,94.25,94.2699966430664,85
2026-06-08T07:26:00.000Z,CL,94.27999877929688,94.30000305175781,94.22000122070312,94.29000091552734,93
2026-06-08T07:27:00.000Z,CL,94.27999877929688,94.27999877929688,94.19999694824219,94.23999786376953,77
2026-06-08T07:28:00.000Z,CL,94.25,94.3499984741211,94.25,94.31999969482422,68
2026-06-08T07:29:00.000Z,CL,94.33999633789062,94.38999938964844,94.30999755859375,94.38999938964844,68
2026-06-08T07:30:00.000Z,CL,94.37000274658203,94.38999938964844,94.12999725341797,94.18000030517578,326
2026-06-08T07:31:00.000Z,CL,94.16999816894531,94.19999694824219,94.08000183105469,94.16000366210938,159
2026-06-08T07:32:00.000Z,CL,94.1500015258789,94.18000030517578,94.08000183105469,94.0999984741211,126
2026-06-08T07:33:00.000Z,CL,94.11000061035156,94.12000274658203,94.04000091552734,94.08000183105469,101
2026-06-08T07:34:00.000Z,CL,94.12000274658203,94.18000030517578,94.05000305175781,94.12000274658203,169
2026-06-08T07:35:00.000Z,CL,94.12000274658203,94.2300033569336,94.01000213623047,94.19999694824219,182
2026-06-08T07:36:00.000Z,CL,94.18000030517578,94.3499984741211,94.1500015258789,94.3499984741211,132
2026-06-08T07:37:00.000Z,CL,94.3499984741211,94.5199966430664,94.2699966430664,94.30999755859375,390
2026-06-08T07:38:00.000Z,CL,94.2699966430664,94.30000305175781,94.06999969482422,94.29000091552734,106
2026-06-08T07:39:00.000Z,CL,94.29000091552734,94.44000244140625,94.27999877929688,94.36000061035156,107
2026-06-08T07:40:00.000Z,CL,94.3499984741211,94.44000244140625,94.31999969482422,94.41000366210938,68
2026-06-08T07:41:00.000Z,CL,94.38999938964844,94.51000213623047,94.37000274658203,94.48999786376953,77
2026-06-08T07:42:00.000Z,CL,94.5,94.58000183105469,94.4800033569336,94.51000213623047,73
2026-06-08T07:43:00.000Z,CL,94.5,94.51000213623047,94.45999908447266,94.5,62
2026-06-08T07:44:00.000Z,CL,94.5199966430664,94.5199966430664,94.37999725341797,94.37999725341797,51
2026-06-08T07:45:00.000Z,CL,94.37999725341797,94.4000015258789,94.2699966430664,94.31999969482422,136
2026-06-08T07:46:00.000Z,CL,94.31999969482422,94.33000183105469,94.27999877929688,94.29000091552734,47
2026-06-08T07:47:00.000Z,CL,94.29000091552734,94.37999725341797,94.29000091552734,94.33000183105469,46
2026-06-08T07:48:00.000Z,CL,94.33000183105469,94.36000061035156,94.33000183105469,94.33000183105469,29
2026-06-08T07:49:00.000Z,CL,94.31999969482422,94.3499984741211,94.30999755859375,94.33000183105469,38
2026-06-08T07:50:00.000Z,CL,94.33000183105469,94.33999633789062,94.27999877929688,94.33999633789062,49
2026-06-08T07:51:00.000Z,CL,94.33999633789062,94.45999908447266,94.30999755859375,94.45999908447266,120
2026-06-08T07:52:00.000Z,CL,94.4800033569336,94.52999877929688,94.47000122070312,94.52999877929688,103
2026-06-08T07:53:00.000Z,CL,94.5199966430664,94.66000366210938,94.51000213623047,94.5999984741211,122
2026-06-08T07:54:00.000Z,CL,94.5999984741211,94.69999694824219,94.56999969482422,94.66999816894531,121
2026-06-08T07:55:00.000Z,CL,94.70999908447266,94.70999908447266,94.58000183105469,94.5999984741211,78
2026-06-08T07:56:00.000Z,CL,94.58000183105469,94.7300033569336,94.58000183105469,94.66000366210938,125
2026-06-08T07:57:00.000Z,CL,94.66000366210938,94.66000366210938,94.54000091552734,94.54000091552734,65
2026-06-08T07:58:00.000Z,CL,94.5199966430664,94.56999969482422,94.5,94.54000091552734,41
2026-06-08T07:59:00.000Z,CL,94.55000305175781,94.62999725341797,94.55000305175781,94.61000061035156,73
2026-06-08T08:00:00.000Z,CL,94.5999984741211,94.7300033569336,94.55999755859375,94.69000244140625,120
2026-06-08T08:01:00.000Z,CL,94.68000030517578,94.75,94.66999816894531,94.69999694824219,110
2026-06-08T08:02:00.000Z,CL,94.70999908447266,94.88999938964844,94.70999908447266,94.88999938964844,290
2026-06-08T08:03:00.000Z,CL,94.87000274658203,94.95999908447266,94.75,94.79000091552734,381
2026-06-08T08:04:00.000Z,CL,94.75,94.80999755859375,94.66999816894531,94.73999786376953,190
2026-06-08T08:05:00.000Z,CL,94.73999786376953,94.80999755859375,94.69999694824219,94.75,70
2026-06-08T08:06:00.000Z,CL,94.7699966430664,94.80000305175781,94.69000244140625,94.73999786376953,73
2026-06-08T08:07:00.000Z,CL,94.76000213623047,94.91000366210938,94.76000213623047,94.9000015258789,87
2026-06-08T08:08:00.000Z,CL,94.91000366210938,95.0,94.88999938964844,94.95999908447266,305
2026-06-08T08:09:00.000Z,CL,94.97000122070312,95.05999755859375,94.8499984741211,94.86000061035156,209
2026-06-08T08:10:00.000Z,CL,94.88999938964844,95.25,94.88999938964844,95.02999877929688,476
2026-06-08T08:11:00.000Z,CL,95.04000091552734,95.05999755859375,94.91999816894531,94.94000244140625,110
2026-06-08T08:12:00.000Z,CL,94.95999908447266,95.04000091552734,94.95999908447266,95.01000213623047,75
2026-06-08T08:13:00.000Z,CL,95.0,95.06999969482422,94.98999786376953,95.05999755859375,80
2026-06-08T08:14:00.000Z,CL,95.04000091552734,95.12000274658203,95.0199966430664,95.06999969482422,65
2026-06-08T08:15:00.000Z,CL,95.08000183105469,95.08999633789062,94.94000244140625,94.9800033569336,145
2026-06-08T08:16:00.000Z,CL,94.9800033569336,95.12000274658203,94.87000274658203,95.08999633789062,200
2026-06-08T08:17:00.000Z,CL,95.08000183105469,95.12999725341797,94.97000122070312,94.97000122070312,134
2026-06-08T08:18:00.000Z,CL,94.94999694824219,94.95999908447266,94.81999969482422,94.83999633789062,132
2026-06-08T08:19:00.000Z,CL,94.87000274658203,94.93000030517578,94.69999694824219,94.70999908447266,207
2026-06-08T08:20:00.000Z,CL,94.72000122070312,94.80000305175781,94.69000244140625,94.72000122070312,171
2026-06-08T08:21:00.000Z,CL,94.75,94.87999725341797,94.75,94.87999725341797,133
2026-06-08T08:22:00.000Z,CL,94.87999725341797,95.02999877929688,94.80000305175781,94.97000122070312,247
2026-06-08T08:23:00.000Z,CL,94.9800033569336,95.01000213623047,94.87999725341797,94.94000244140625,73
2026-06-08T08:24:00.000Z,CL,94.91999816894531,94.95999908447266,94.86000061035156,94.95999908447266,44
2026-06-08T08:25:00.000Z,CL,94.9800033569336,95.0,94.77999877929688,94.79000091552734,162
2026-06-08T08:26:00.000Z,CL,94.79000091552734,94.80999755859375,94.56999969482422,94.58999633789062,210
2026-06-08T08:27:00.000Z,CL,94.55999755859375,94.69000244140625,94.55000305175781,94.63999938964844,155
2026-06-08T08:28:00.000Z,CL,94.62999725341797,94.75,94.58000183105469,94.69999694824219,165
2026-06-08T08:29:00.000Z,CL,94.70999908447266,94.70999908447266,94.44000244140625,94.47000122070312,397
2026-06-08T08:30:00.000Z,CL,94.47000122070312,94.6500015258789,94.37999725341797,94.38999938964844,282
2026-06-08T08:31:00.000Z,CL,94.37999725341797,94.44999694824219,94.33000183105469,94.36000061035156,125
2026-06-08T08:32:00.000Z,CL,94.37000274658203,94.38999938964844,94.20999908447266,94.33999633789062,230
2026-06-08T08:33:00.000Z,CL,94.33000183105469,94.33999633789062,94.25,94.30999755859375,167
2026-06-08T08:34:00.000Z,CL,94.27999877929688,94.30999755859375,94.23999786376953,94.26000213623047,93
2026-06-08T08:35:00.000Z,CL,94.2699966430664,94.47000122070312,94.2699966430664,94.44999694824219,120
2026-06-08T08:36:00.000Z,CL,94.47000122070312,94.54000091552734,94.43000030517578,94.47000122070312,123
2026-06-08T08:37:00.000Z,CL,94.47000122070312,94.58000183105469,94.45999908447266,94.56999969482422,69
2026-06-08T08:38:00.000Z,CL,94.56999969482422,94.62000274658203,94.5199966430664,94.58000183105469,72
2026-06-08T08:39:00.000Z,CL,94.5999984741211,94.68000030517578,94.55000305175781,94.68000030517578,106
2026-06-08T08:40:00.000Z,CL,94.66000366210938,94.86000061035156,94.66000366210938,94.86000061035156,156
2026-06-08T08:41:00.000Z,CL,94.86000061035156,94.87000274658203,94.80000305175781,94.87000274658203,90
2026-06-08T08:42:00.000Z,CL,94.8499984741211,94.87999725341797,94.81999969482422,94.8499984741211,84
2026-06-08T08:43:00.000Z,CL,94.83999633789062,94.83999633789062,94.68000030517578,94.69000244140625,218
2026-06-08T08:44:00.000Z,CL,94.69000244140625,94.80999755859375,94.66000366210938,94.79000091552734,252
2026-06-08T08:45:00.000Z,CL,94.80000305175781,94.80000305175781,94.69000244140625,94.75,77
2026-06-08T08:46:00.000Z,CL,94.73999786376953,94.86000061035156,94.73999786376953,94.8499984741211,121
2026-06-08T08:47:00.000Z,CL,94.83999633789062,95.05000305175781,94.81999969482422,94.94000244140625,406
2026-06-08T08:48:00.000Z,CL,94.94000244140625,95.04000091552734,94.91999816894531,94.94999694824219,199
2026-06-08T08:49:00.000Z,CL,94.93000030517578,94.94000244140625,94.86000061035156,94.91000366210938,76
2026-06-08T08:50:00.000Z,CL,94.91999816894531,95.0199966430664,94.91000366210938,94.97000122070312,45
2026-06-08T08:51:00.000Z,CL,94.94999694824219,95.08000183105469,94.94000244140625,95.05999755859375,94
2026-06-08T08:52:00.000Z,CL,95.05999755859375,95.08000183105469,95.0,95.02999877929688,72
2026-06-08T08:53:00.000Z,CL,95.02999877929688,95.06999969482422,95.0,95.01000213623047,42
2026-06-08T08:54:00.000Z,CL,95.0199966430664,95.0199966430664,94.83000183105469,94.8499984741211,187
2026-06-08T08:55:00.000Z,CL,94.86000061035156,94.9800033569336,94.81999969482422,94.97000122070312,89
2026-06-08T08:56:00.000Z,CL,94.97000122070312,95.0199966430664,94.91999816894531,94.94000244140625,59
2026-06-08T08:57:00.000Z,CL,94.94000244140625,94.9800033569336,94.79000091552734,94.80000305175781,113
2026-06-08T08:58:00.000Z,CL,94.83000183105469,94.83000183105469,94.70999908447266,94.73999786376953,70
2026-06-08T08:59:00.000Z,CL,94.75,94.75,94.66000366210938,94.66000366210938,70
2026-06-08T09:00:00.000Z,CL,94.66000366210938,94.76000213623047,94.6500015258789,94.68000030517578,96
2026-06-08T09:01:00.000Z,CL,94.62999725341797,94.6500015258789,94.5199966430664,94.56999969482422,120
2026-06-08T09:02:00.000Z,CL,94.56999969482422,94.6500015258789,94.5,94.5,64
2026-06-08T09:03:00.000Z,CL,94.5,94.55999755859375,94.4800033569336,94.52999877929688,77
2026-06-08T09:04:00.000Z,CL,94.5199966430664,94.55999755859375,94.51000213623047,94.52999877929688,85
2026-06-08T09:05:00.000Z,CL,94.52999877929688,94.58000183105469,94.4800033569336,94.58000183105469,88
2026-06-08T09:06:00.000Z,CL,94.56999969482422,94.5999984741211,94.51000213623047,94.5999984741211,52
2026-06-08T09:07:00.000Z,CL,94.62000274658203,94.66999816894531,94.61000061035156,94.63999938964844,98
2026-06-08T09:08:00.000Z,CL,94.62999725341797,94.6500015258789,94.5999984741211,94.62000274658203,37
2026-06-08T09:09:00.000Z,CL,94.62000274658203,94.62999725341797,94.4800033569336,94.54000091552734,93
2026-06-08T09:10:00.000Z,CL,94.56999969482422,94.58999633789062,94.44999694824219,94.48999786376953,75
2026-06-08T09:11:00.000Z,CL,94.51000213623047,94.56999969482422,94.5,94.56999969482422,59
2026-06-08T09:12:00.000Z,CL,94.5999984741211,94.5999984741211,94.52999877929688,94.52999877929688,52
2026-06-08T09:13:00.000Z,CL,94.54000091552734,94.55000305175781,94.48999786376953,94.48999786376953,31
2026-06-08T09:14:00.000Z,CL,94.4800033569336,94.5,94.41999816894531,94.44000244140625,107
2026-06-08T09:15:00.000Z,CL,94.41999816894531,94.4800033569336,94.4000015258789,94.44999694824219,116
2026-06-08T09:16:00.000Z,CL,94.44999694824219,94.44999694824219,94.4000015258789,94.41999816894531,50
2026-06-08T09:17:00.000Z,CL,94.43000030517578,94.54000091552734,94.43000030517578,94.54000091552734,58
2026-06-08T09:18:00.000Z,CL,94.54000091552734,94.62999725341797,94.54000091552734,94.5999984741211,48
2026-06-08T09:19:00.000Z,CL,94.5999984741211,94.61000061035156,94.55999755859375,94.58999633789062,25
2026-06-08T09:20:00.000Z,CL,94.58000183105469,94.61000061035156,94.54000091552734,94.61000061035156,38
2026-06-08T09:21:00.000Z,CL,94.58999633789062,94.5999984741211,94.55999755859375,94.58999633789062,81
2026-06-08T09:22:00.000Z,CL,94.5999984741211,94.69000244140625,94.58999633789062,94.5999984741211,77
2026-06-08T09:23:00.000Z,CL,94.62000274658203,94.6500015258789,94.58000183105469,94.6500015258789,49
2026-06-08T09:24:00.000Z,CL,94.66999816894531,94.7300033569336,94.62999725341797,94.62999725341797,72
2026-06-08T09:25:00.000Z,CL,94.6500015258789,94.69000244140625,94.63999938964844,94.68000030517578,27
2026-06-08T09:26:00.000Z,CL,94.69000244140625,94.72000122070312,94.66999816894531,94.69000244140625,24
2026-06-08T09:27:00.000Z,CL,94.69999694824219,94.69999694824219,94.62999725341797,94.6500015258789,62
2026-06-08T09:28:00.000Z,CL,94.6500015258789,94.76000213623047,94.6500015258789,94.76000213623047,39
2026-06-08T09:29:00.000Z,CL,94.7300033569336,94.7699966430664,94.68000030517578,94.7699966430664,40
2026-06-08T09:30:00.000Z,CL,94.76000213623047,94.77999877929688,94.58999633789062,94.63999938964844,149
2026-06-08T09:31:00.000Z,CL,94.6500015258789,94.69999694824219,94.62999725341797,94.68000030517578,29
2026-06-08T09:32:00.000Z,CL,94.68000030517578,94.70999908447266,94.5999984741211,94.5999984741211,53
2026-06-08T09:33:00.000Z,CL,94.5999984741211,94.69000244140625,94.55999755859375,94.69000244140625,95
2026-06-08T09:34:00.000Z,CL,94.69999694824219,94.80000305175781,94.66000366210938,94.77999877929688,95
2026-06-08T09:35:00.000Z,CL,94.7699966430664,94.83999633789062,94.7699966430664,94.81999969482422,81
2026-06-08T09:36:00.000Z,CL,94.80000305175781,94.83000183105469,94.23999786376953,94.52999877929688,661
2026-06-08T09:37:00.000Z,CL,94.5,94.66000366210938,94.38999938964844,94.61000061035156,301
2026-06-08T09:38:00.000Z,CL,94.63999938964844,94.66999816894531,94.51000213623047,94.55000305175781,178
2026-06-08T09:39:00.000Z,CL,94.55000305175781,94.58999633789062,94.33000183105469,94.45999908447266,212
2026-06-08T09:40:00.000Z,CL,94.47000122070312,94.5,94.37999725341797,94.44000244140625,138
2026-06-08T09:41:00.000Z,CL,94.41999816894531,94.62000274658203,94.4000015258789,94.62000274658203,147
2026-06-08T09:42:00.000Z,CL,94.58999633789062,94.58999633789062,94.41999816894531,94.44000244140625,123
2026-06-08T09:43:00.000Z,CL,94.45999908447266,94.4800033569336,94.36000061035156,94.4000015258789,70
2026-06-08T09:44:00.000Z,CL,94.4000015258789,94.4800033569336,94.37000274658203,94.44000244140625,87
2026-06-08T09:45:00.000Z,CL,94.45999908447266,94.55999755859375,94.45999908447266,94.54000091552734,87
2026-06-08T09:46:00.000Z,CL,94.5199966430664,94.55000305175781,94.5,94.52999877929688,61
2026-06-08T09:47:00.000Z,CL,94.54000091552734,94.56999969482422,94.51000213623047,94.51000213623047,41
2026-06-08T09:48:00.000Z,CL,94.5199966430664,94.56999969482422,94.41000366210938,94.45999908447266,183
2026-06-08T09:49:00.000Z,CL,94.47000122070312,94.56999969482422,94.44999694824219,94.56999969482422,66
2026-06-08T09:50:00.000Z,CL,94.55000305175781,94.62999725341797,94.5199966430664,94.5999984741211,106
2026-06-08T09:51:00.000Z,CL,94.61000061035156,94.70999908447266,94.5999984741211,94.66000366210938,147
2026-06-08T09:52:00.000Z,CL,94.66000366210938,94.7300033569336,94.58999633789062,94.70999908447266,177
2026-06-08T09:53:00.000Z,CL,94.7300033569336,94.91000366210938,94.70999908447266,94.8499984741211,386
2026-06-08T09:54:00.000Z,CL,94.83000183105469,94.88999938964844,94.75,94.87000274658203,177
2026-06-08T09:55:00.000Z,CL,94.87999725341797,94.87999725341797,94.75,94.77999877929688,151
2026-06-08T09:56:00.000Z,CL,94.79000091552734,94.83000183105469,94.7300033569336,94.76000213623047,195
2026-06-08T09:57:00.000Z,CL,94.76000213623047,94.7699966430664,94.73999786376953,94.7699966430664,117
2026-06-08T09:58:00.000Z,CL,94.7699966430664,94.77999877929688,94.63999938964844,94.73999786376953,301
2026-06-08T09:59:00.000Z,CL,94.73999786376953,94.79000091552734,94.66999816894531,94.66999816894531,114
2026-06-08T10:00:00.000Z,CL,94.66999816894531,94.77999877929688,94.66999816894531,94.72000122070312,264
2026-06-08T10:01:00.000Z,CL,94.7300033569336,94.94999694824219,94.62999725341797,94.93000030517578,418
2026-06-08T10:02:00.000Z,CL,94.93000030517578,95.47000122070312,94.69000244140625,94.76000213623047,1724
2026-06-08T10:03:00.000Z,CL,94.73999786376953,94.8499984741211,94.68000030517578,94.75,226
2026-06-08T10:04:00.000Z,CL,94.7699966430664,94.91999816894531,94.75,94.7699966430664,138
2026-06-08T10:05:00.000Z,CL,94.77999877929688,94.81999969482422,94.62000274658203,94.76000213623047,92
2026-06-08T10:06:00.000Z,CL,94.7699966430664,94.7699966430664,94.4000015258789,94.4800033569336,271
2026-06-08T10:07:00.000Z,CL,94.4800033569336,94.55000305175781,94.4000015258789,94.4000015258789,199
2026-06-08T10:08:00.000Z,CL,94.44000244140625,94.54000091552734,94.41999816894531,94.43000030517578,66
2026-06-08T10:09:00.000Z,CL,94.43000030517578,94.44999694824219,94.18000030517578,94.33000183105469,348
2026-06-08T10:10:00.000Z,CL,94.33000183105469,94.4000015258789,94.33000183105469,94.37000274658203,66
2026-06-08T10:11:00.000Z,CL,94.37999725341797,94.44000244140625,94.3499984741211,94.4000015258789,67
2026-06-08T10:12:00.000Z,CL,94.41000366210938,94.44999694824219,94.36000061035156,94.4000015258789,65
2026-06-08T10:13:00.000Z,CL,94.4000015258789,94.5,94.38999938964844,94.48999786376953,116
2026-06-08T10:14:00.000Z,CL,94.5199966430664,94.56999969482422,94.48999786376953,94.51000213623047,45
2026-06-08T10:15:00.000Z,CL,94.48999786376953,94.56999969482422,94.4800033569336,94.56999969482422,42
2026-06-08T10:16:00.000Z,CL,94.55000305175781,94.69000244140625,94.55000305175781,94.68000030517578,158
2026-06-08T10:17:00.000Z,CL,94.6500015258789,94.72000122070312,94.61000061035156,94.61000061035156,169
2026-06-08T10:18:00.000Z,CL,94.5999984741211,94.6500015258789,94.58999633789062,94.61000061035156,79
2026-06-08T10:19:00.000Z,CL,94.58999633789062,94.69000244140625,94.54000091552734,94.69000244140625,121
2026-06-08T10:20:00.000Z,CL,94.69999694824219,94.69999694824219,94.56999969482422,94.56999969482422,35
2026-06-08T10:21:00.000Z,CL,94.56999969482422,94.66000366210938,94.56999969482422,94.63999938964844,25
2026-06-08T10:22:00.000Z,CL,94.62000274658203,94.70999908447266,94.58000183105469,94.66999816894531,36
2026-06-08T10:23:00.000Z,CL,94.6500015258789,94.66000366210938,94.61000061035156,94.62000274658203,26
2026-06-08T10:24:00.000Z,CL,94.61000061035156,94.61000061035156,94.5,94.55999755859375,51
2026-06-08T10:25:00.000Z,CL,94.5999984741211,94.61000061035156,94.5,94.5199966430664,26
2026-06-08T10:26:00.000Z,CL,94.54000091552734,94.58000183105469,94.5199966430664,94.5199966430664,47
2026-06-08T10:27:00.000Z,CL,94.55000305175781,94.72000122070312,94.55000305175781,94.63999938964844,93
2026-06-08T10:28:00.000Z,CL,94.62000274658203,94.69000244140625,94.62000274658203,94.62000274658203,33
2026-06-08T10:29:00.000Z,CL,94.62999725341797,94.62999725341797,94.5199966430664,94.54000091552734,31
2026-06-08T10:30:00.000Z,CL,94.55000305175781,94.5999984741211,94.48999786376953,94.48999786376953,106
2026-06-08T10:31:00.000Z,CL,94.48999786376953,94.58999633789062,94.4800033569336,94.58999633789062,48
2026-06-08T10:32:00.000Z,CL,94.58999633789062,94.58999633789062,94.55000305175781,94.58999633789062,10
2026-06-08T10:33:00.000Z,CL,94.61000061035156,94.62000274658203,94.47000122070312,94.4800033569336,61
2026-06-08T10:34:00.000Z,CL,94.4800033569336,94.4800033569336,93.48999786376953,93.83999633789062,2434
2026-06-08T10:35:00.000Z,CL,93.83999633789062,94.12000274658203,93.70999908447266,93.83999633789062,548
2026-06-08T10:36:00.000Z,CL,93.94000244140625,94.11000061035156,93.91000366210938,94.02999877929688,223
2026-06-08T10:37:00.000Z,CL,94.02999877929688,94.12000274658203,93.95999908447266,94.12000274658203,107
2026-06-08T10:38:00.000Z,CL,94.11000061035156,94.1500015258789,94.01000213623047,94.02999877929688,84
2026-06-08T10:39:00.000Z,CL,94.0199966430664,94.12000274658203,93.9800033569336,94.05000305175781,83
2026-06-08T10:40:00.000Z,CL,94.05000305175781,94.12000274658203,94.0199966430664,94.08000183105469,73
2026-06-08T10:41:00.000Z,CL,94.08999633789062,94.08999633789062,94.01000213623047,94.05999755859375,46
2026-06-08T10:42:00.000Z,CL,94.04000091552734,94.08000183105469,93.98999786376953,94.0199966430664,130
2026-06-08T10:43:00.000Z,CL,94.0,94.01000213623047,93.81999969482422,93.93000030517578,130
2026-06-08T10:44:00.000Z,CL,93.91999816894531,94.05000305175781,93.91000366210938,94.0,139
2026-06-08T10:45:00.000Z,CL,93.9800033569336,94.01000213623047,93.80999755859375,94.01000213623047,132
2026-06-08T10:46:00.000Z,CL,94.0,94.0999984741211,93.9800033569336,94.05000305175781,210
2026-06-08T10:47:00.000Z,CL,94.02999877929688,94.05000305175781,94.0,94.0,23
2026-06-08T10:48:00.000Z,CL,94.01000213623047,94.01000213623047,93.8499984741211,93.88999938964844,64
2026-06-08T10:49:00.000Z,CL,93.9000015258789,93.9000015258789,93.80999755859375,93.86000061035156,83
2026-06-08T10:50:00.000Z,CL,93.86000061035156,93.93000030517578,93.83999633789062,93.8499984741211,97
2026-06-08T10:51:00.000Z,CL,93.87000274658203,94.19999694824219,93.87000274658203,93.95999908447266,622
2026-06-08T10:52:00.000Z,CL,93.94999694824219,93.9800033569336,93.83999633789062,93.86000061035156,126
2026-06-08T10:53:00.000Z,CL,93.86000061035156,93.91999816894531,93.72000122070312,93.87999725341797,275
2026-06-08T10:54:00.000Z,CL,93.8499984741211,93.91000366210938,93.8499984741211,93.8499984741211,57
2026-06-08T10:55:00.000Z,CL,93.83000183105469,93.91000366210938,93.83000183105469,93.9000015258789,53
2026-06-08T10:56:00.000Z,CL,93.8499984741211,93.91000366210938,93.80000305175781,93.9000015258789,111
2026-06-08T10:57:00.000Z,CL,93.9000015258789,93.91999816894531,93.87000274658203,93.87999725341797,43
2026-06-08T10:58:00.000Z,CL,93.87000274658203,93.87999725341797,93.77999877929688,93.80999755859375,80
2026-06-08T10:59:00.000Z,CL,93.80999755859375,93.8499984741211,93.73999786376953,93.76000213623047,110
2026-06-08T11:00:00.000Z,CL,93.76000213623047,94.0199966430664,93.76000213623047,93.97000122070312,265
2026-06-08T11:01:00.000Z,CL,93.9800033569336,94.06999969482422,93.97000122070312,94.04000091552734,111
2026-06-08T11:02:00.000Z,CL,94.05999755859375,94.05999755859375,93.97000122070312,94.0,64
2026-06-08T11:03:00.000Z,CL,94.01000213623047,94.01000213623047,93.87000274658203,93.87999725341797,83
2026-06-08T11:04:00.000Z,CL,93.87999725341797,93.94999694824219,93.87999725341797,93.93000030517578,53
2026-06-08T11:05:00.000Z,CL,93.93000030517578,93.97000122070312,93.80999755859375,93.9000015258789,139
2026-06-08T11:06:00.000Z,CL,93.87999725341797,93.97000122070312,93.79000091552734,93.95999908447266,107
2026-06-08T11:07:00.000Z,CL,93.97000122070312,93.98999786376953,93.9000015258789,93.91000366210938,56
2026-06-08T11:08:00.000Z,CL,93.91999816894531,93.93000030517578,93.87000274658203,93.87000274658203,28
2026-06-08T11:09:00.000Z,CL,93.86000061035156,93.9000015258789,93.7300033569336,93.75,61
2026-06-08T11:10:00.000Z,CL,93.76000213623047,93.83999633789062,92.98999786376953,93.04000091552734,1089
2026-06-08T11:11:00.000Z,CL,93.0,93.3499984741211,92.91999816894531,93.31999969482422,737
2026-06-08T11:12:00.000Z,CL,93.33999633789062,93.44000244140625,92.97000122070312,93.13999938964844,403
2026-06-08T11:13:00.000Z,CL,93.11000061035156,93.19999694824219,92.94999694824219,93.08000183105469,339
2026-06-08T11:14:00.000Z,CL,93.08000183105469,93.12000274658203,92.23999786376953,92.51000213623047,1081
2026-06-08T11:15:00.000Z,CL,92.48999786376953,92.68000030517578,92.0199966430664,92.2699966430664,1741
2026-06-08T11:16:00.000Z,CL,92.27999877929688,92.58000183105469,92.19000244140625,92.31999969482422,639
2026-06-08T11:17:00.000Z,CL,92.3499984741211,92.41999816894531,92.16000366210938,92.38999938964844,357
2026-06-08T11:18:00.000Z,CL,92.4000015258789,92.43000030517578,91.94999694824219,92.04000091552734,402
2026-06-08T11:19:00.000Z,CL,92.04000091552734,92.41999816894531,91.94999694824219,92.04000091552734,613
2026-06-08T11:20:00.000Z,CL,92.0199966430664,92.45999908447266,91.91999816894531,92.29000091552734,513
2026-06-08T11:21:00.000Z,CL,92.27999877929688,92.31999969482422,92.01000213623047,92.06999969482422,333
2026-06-08T11:22:00.000Z,CL,92.05000305175781,92.23999786376953,91.95999908447266,92.23999786376953,298
2026-06-08T11:23:00.000Z,CL,92.23999786376953,92.38999938964844,92.18000030517578,92.30999755859375,200
2026-06-08T11:24:00.000Z,CL,92.31999969482422,92.3499984741211,92.26000213623047,92.29000091552734,111
2026-06-08T11:25:00.000Z,CL,92.27999877929688,92.30999755859375,92.11000061035156,92.22000122070312,136
2026-06-08T11:26:00.000Z,CL,92.22000122070312,92.33000183105469,92.11000061035156,92.16000366210938,150
2026-06-08T11:27:00.000Z,CL,92.19000244140625,92.2300033569336,92.12000274658203,92.13999938964844,211
2026-06-08T11:28:00.000Z,CL,92.12999725341797,92.23999786376953,92.04000091552734,92.12999725341797,273
2026-06-08T11:29:00.000Z,CL,92.12999725341797,92.12999725341797,91.86000061035156,91.86000061035156,363
2026-06-08T11:30:00.000Z,CL,91.8499984741211,91.88999938964844,91.75,91.7699966430664,410
2026-06-08T11:31:00.000Z,CL,91.76000213623047,91.77999877929688,91.54000091552734,91.55999755859375,533
2026-06-08T11:32:00.000Z,CL,91.55000305175781,91.83999633789062,91.5199966430664,91.76000213623047,414
2026-06-08T11:33:00.000Z,CL,91.7699966430664,92.11000061035156,91.75,92.11000061035156,332
2026-06-08T11:34:00.000Z,CL,92.0999984741211,92.13999938964844,92.05000305175781,92.05999755859375,164
2026-06-08T11:35:00.000Z,CL,92.05000305175781,92.0999984741211,92.0,92.0199966430664,164
2026-06-08T11:36:00.000Z,CL,92.0199966430664,92.26000213623047,91.94000244140625,92.2300033569336,365
2026-06-08T11:37:00.000Z,CL,92.19999694824219,92.19999694824219,91.94000244140625,91.98999786376953,312
2026-06-08T11:38:00.000Z,CL,91.9800033569336,92.01000213623047,91.87000274658203,91.9800033569336,129
2026-06-08T11:39:00.000Z,CL,91.97000122070312,92.01000213623047,91.88999938964844,91.88999938964844,129
2026-06-08T11:40:00.000Z,CL,91.87000274658203,91.93000030517578,91.77999877929688,91.77999877929688,210
2026-06-08T11:41:00.000Z,CL,91.79000091552734,91.8499984741211,91.69000244140625,91.70999908447266,195
2026-06-08T11:42:00.000Z,CL,91.69000244140625,91.69000244140625,91.5,91.5,286
2026-06-08T11:43:00.000Z,CL,91.51000213623047,91.56999969482422,91.41000366210938,91.52999877929688,349
2026-06-08T11:44:00.000Z,CL,91.55000305175781,91.68000030517578,91.47000122070312,91.5,203
2026-06-08T11:45:00.000Z,CL,91.5199966430664,91.55999755859375,91.4800033569336,91.51000213623047,102
2026-06-08T11:46:00.000Z,CL,91.47000122070312,91.63999938964844,91.45999908447266,91.63999938964844,94
2026-06-08T11:47:00.000Z,CL,91.63999938964844,91.70999908447266,91.58999633789062,91.58999633789062,109
2026-06-08T11:48:00.000Z,CL,91.58000183105469,91.62999725341797,91.55999755859375,91.58999633789062,93
2026-06-08T11:49:00.000Z,CL,91.58000183105469,91.66000366210938,91.33000183105469,91.41999816894531,355
2026-06-08T11:50:00.000Z,CL,91.41000366210938,91.41000366210938,91.23999786376953,91.2699966430664,516
2026-06-08T11:51:00.000Z,CL,91.26000213623047,91.33000183105469,91.13999938964844,91.29000091552734,333
2026-06-08T11:52:00.000Z,CL,91.2699966430664,91.43000030517578,91.2699966430664,91.43000030517578,227
2026-06-08T11:53:00.000Z,CL,91.43000030517578,91.48999786376953,91.3499984741211,91.38999938964844,183
2026-06-08T11:54:00.000Z,CL,91.37000274658203,91.38999938964844,91.19999694824219,91.2699966430664,239
2026-06-08T11:55:00.000Z,CL,91.2699966430664,91.3499984741211,91.2300033569336,91.25,173
2026-06-08T11:56:00.000Z,CL,91.23999786376953,91.30000305175781,91.05000305175781,91.08999633789062,460
2026-06-08T11:57:00.000Z,CL,91.0999984741211,91.37999725341797,91.0999984741211,91.31999969482422,212
2026-06-08T11:58:00.000Z,CL,91.31999969482422,91.31999969482422,91.19999694824219,91.2300033569336,143
2026-06-08T11:59:00.000Z,CL,91.2300033569336,91.37000274658203,91.13999938964844,91.22000122070312,283
2026-06-08T12:00:00.000Z,CL,91.20999908447266,91.31999969482422,91.01000213623047,91.13999938964844,463
2026-06-08T12:01:00.000Z,CL,91.12000274658203,91.45999908447266,91.12000274658203,91.44000244140625,380
2026-06-08T12:02:00.000Z,CL,91.4000015258789,91.44999694824219,91.36000061035156,91.38999938964844,109
2026-06-08T12:03:00.000Z,CL,91.37000274658203,91.55999755859375,91.3499984741211,91.5,201
2026-06-08T12:04:00.000Z,CL,91.5,91.62000274658203,91.44999694824219,91.61000061035156,370
2026-06-08T12:05:00.000Z,CL,91.5999984741211,91.87000274658203,91.44999694824219,91.76000213623047,546
2026-06-08T12:06:00.000Z,CL,91.75,91.87999725341797,91.62999725341797,91.66999816894531,479
2026-06-08T12:07:00.000Z,CL,91.6500015258789,91.68000030517578,91.5199966430664,91.5199966430664,139
2026-06-08T12:08:00.000Z,CL,91.51000213623047,91.6500015258789,91.47000122070312,91.63999938964844,146
2026-06-08T12:09:00.000Z,CL,91.62000274658203,91.62999725341797,91.55000305175781,91.61000061035156,72
2026-06-08T12:10:00.000Z,CL,91.58999633789062,91.72000122070312,91.58000183105469,91.70999908447266,138
2026-06-08T12:11:00.000Z,CL,91.70999908447266,91.83999633789062,91.66999816894531,91.73999786376953,210
2026-06-08T12:12:00.000Z,CL,91.69999694824219,91.81999969482422,91.69000244140625,91.81999969482422,127
2026-06-08T12:13:00.000Z,CL,91.80000305175781,91.9800033569336,91.80000305175781,91.94999694824219,419
2026-06-08T12:14:00.000Z,CL,91.93000030517578,92.0,91.9000015258789,91.95999908447266,219
2026-06-08T12:15:00.000Z,CL,91.95999908447266,92.05000305175781,91.88999938964844,92.0,130
2026-06-08T12:16:00.000Z,CL,92.0,92.01000213623047,91.83999633789062,91.87999725341797,200
2026-06-08T12:17:00.000Z,CL,91.87000274658203,92.12000274658203,91.87000274658203,92.08999633789062,251
2026-06-08T12:18:00.000Z,CL,92.08000183105469,92.0999984741211,91.83999633789062,91.8499984741211,184
2026-06-08T12:19:00.000Z,CL,91.83999633789062,91.83999633789062,91.72000122070312,91.76000213623047,283
2026-06-08T12:20:00.000Z,CL,91.7699966430664,91.77999877929688,91.58999633789062,91.62999725341797,287
2026-06-08T12:21:00.000Z,CL,91.62999725341797,91.70999908447266,91.5199966430664,91.70999908447266,332
2026-06-08T12:22:00.000Z,CL,91.70999908447266,91.70999908447266,91.58000183105469,91.6500015258789,114
2026-06-08T12:23:00.000Z,CL,91.63999938964844,91.72000122070312,91.52999877929688,91.69999694824219,202
2026-06-08T12:24:00.000Z,CL,91.69999694824219,91.73999786376953,91.62999725341797,91.6500015258789,332
2026-06-08T12:25:00.000Z,CL,91.62999725341797,91.66999816894531,91.5999984741211,91.62999725341797,276
2026-06-08T12:26:00.000Z,CL,91.63999938964844,91.7300033569336,91.62000274658203,91.70999908447266,111
2026-06-08T12:27:00.000Z,CL,91.69999694824219,91.73999786376953,91.66000366210938,91.66999816894531,76
2026-06-08T12:28:00.000Z,CL,91.63999938964844,91.69999694824219,91.62999725341797,91.6500015258789,43
2026-06-08T12:29:00.000Z,CL,91.63999938964844,91.6500015258789,91.58000183105469,91.61000061035156,96
2026-06-08T12:30:00.000Z,CL,91.58999633789062,91.58999633789062,91.44999694824219,91.44999694824219,209
2026-06-08T12:31:00.000Z,CL,91.44999694824219,91.52999877929688,91.41999816894531,91.45999908447266,227
2026-06-08T12:32:00.000Z,CL,91.44000244140625,91.51000213623047,91.41000366210938,91.48999786376953,107
2026-06-08T12:33:00.000Z,CL,91.4800033569336,91.66000366210938,91.4800033569336,91.63999938964844,159
2026-06-08T12:34:00.000Z,CL,91.62999725341797,91.80999755859375,91.62000274658203,91.7699966430664,153
2026-06-08T12:35:00.000Z,CL,91.7699966430664,91.87000274658203,91.75,91.86000061035156,138
2026-06-08T12:36:00.000Z,CL,91.87000274658203,91.87000274658203,91.75,91.75,531
2026-06-08T12:37:00.000Z,CL,91.76000213623047,91.83000183105469,91.73999786376953,91.81999969482422,64
2026-06-08T12:38:00.000Z,CL,91.8499984741211,91.91999816894531,91.81999969482422,91.91000366210938,153
2026-06-08T12:39:00.000Z,CL,91.88999938964844,92.1500015258789,91.83999633789062,92.13999938964844,501
2026-06-08T12:40:00.000Z,CL,92.12999725341797,92.13999938964844,91.8499984741211,91.88999938964844,462
2026-06-08T12:41:00.000Z,CL,91.88999938964844,91.94999694824219,91.87999725341797,91.91999816894531,67
2026-06-08T12:42:00.000Z,CL,91.88999938964844,91.88999938964844,91.4000015258789,91.69999694824219,1445
2026-06-08T12:43:00.000Z,CL,91.68000030517578,91.69000244140625,91.5,91.56999969482422,204
2026-06-08T12:44:00.000Z,CL,91.58000183105469,91.58999633789062,91.5199966430664,91.5199966430664,120
2026-06-08T12:45:00.000Z,CL,91.5199966430664,91.52999877929688,91.4800033569336,91.5,122
2026-06-08T12:46:00.000Z,CL,91.51000213623047,91.69000244140625,91.51000213623047,91.69000244140625,169
2026-06-08T12:47:00.000Z,CL,91.69000244140625,91.75,91.66000366210938,91.66000366210938,97
2026-06-08T12:48:00.000Z,CL,91.68000030517578,91.73999786376953,91.63999938964844,91.73999786376953,149
2026-06-08T12:49:00.000Z,CL,91.72000122070312,91.80000305175781,91.66000366210938,91.79000091552734,197
2026-06-08T12:50:00.000Z,CL,91.7699966430664,91.80000305175781,91.63999938964844,91.66000366210938,365
2026-06-08T12:51:00.000Z,CL,91.68000030517578,91.70999908447266,91.5999984741211,91.63999938964844,164
2026-06-08T12:52:00.000Z,CL,91.63999938964844,91.70999908447266,91.63999938964844,91.70999908447266,101
2026-06-08T12:53:00.000Z,CL,91.7300033569336,91.76000213623047,91.5999984741211,91.6500015258789,350
2026-06-08T12:54:00.000Z,CL,91.6500015258789,91.69000244140625,91.58999633789062,91.69000244140625,67
2026-06-08T12:55:00.000Z,CL,91.68000030517578,91.72000122070312,91.61000061035156,91.66999816894531,278
2026-06-08T12:56:00.000Z,CL,91.66000366210938,91.83999633789062,91.63999938964844,91.83000183105469,285
2026-06-08T12:57:00.000Z,CL,91.83999633789062,91.8499984741211,91.7300033569336,91.77999877929688,254
2026-06-08T12:58:00.000Z,CL,91.7699966430664,91.80000305175781,91.69000244140625,91.69999694824219,209
2026-06-08T12:59:00.000Z,CL,91.69000244140625,91.95999908447266,91.69000244140625,91.91000366210938,485
2026-06-08T13:00:00.000Z,CL,91.91999816894531,91.94000244140625,91.58999633789062,91.69000244140625,733
2026-06-08T13:01:00.000Z,CL,91.68000030517578,91.91000366210938,91.62999725341797,91.91000366210938,369
2026-06-08T13:02:00.000Z,CL,91.88999938964844,91.88999938964844,91.69999694824219,91.72000122070312,279
2026-06-08T13:03:00.000Z,CL,91.69999694824219,91.69999694824219,91.45999908447266,91.56999969482422,443
2026-06-08T13:04:00.000Z,CL,91.55999755859375,91.62000274658203,91.5,91.5999984741211,173
2026-06-08T13:05:00.000Z,CL,91.62000274658203,91.6500015258789,91.58000183105469,91.62000274658203,233
2026-06-08T13:06:00.000Z,CL,91.5999984741211,91.79000091552734,91.58999633789062,91.73999786376953,323
2026-06-08T13:07:00.000Z,CL,91.72000122070312,91.83000183105469,91.72000122070312,91.77999877929688,95
2026-06-08T13:08:00.000Z,CL,91.77999877929688,91.79000091552734,91.66999816894531,91.69000244140625,297
2026-06-08T13:09:00.000Z,CL,91.69999694824219,91.87999725341797,91.68000030517578,91.87999725341797,289
2026-06-08T13:10:00.000Z,CL,91.9000015258789,91.95999908447266,91.83999633789062,91.8499984741211,171
2026-06-08T13:11:00.000Z,CL,91.86000061035156,91.87000274658203,91.77999877929688,91.80999755859375,103
2026-06-08T13:12:00.000Z,CL,91.80999755859375,91.93000030517578,91.79000091552734,91.8499984741211,182
2026-06-08T13:13:00.000Z,CL,91.8499984741211,91.87999725341797,91.80000305175781,91.80999755859375,33
2026-06-08T13:14:00.000Z,CL,91.81999969482422,91.91000366210938,91.81999969482422,91.83999633789062,101
2026-06-08T13:15:00.000Z,CL,91.83000183105469,91.95999908447266,91.83000183105469,91.95999908447266,132
2026-06-08T13:16:00.000Z,CL,91.94999694824219,92.08000183105469,91.94000244140625,91.98999786376953,403
2026-06-08T13:17:00.000Z,CL,92.0,92.05999755859375,91.86000061035156,91.86000061035156,224
2026-06-08T13:18:00.000Z,CL,91.83999633789062,92.02999877929688,91.83999633789062,91.91999816894531,267
2026-06-08T13:19:00.000Z,CL,91.94000244140625,91.95999908447266,91.8499984741211,91.8499984741211,96
2026-06-08T13:20:00.000Z,CL,91.83999633789062,91.8499984741211,91.41000366210938,91.45999908447266,440
2026-06-08T13:21:00.000Z,CL,91.47000122070312,91.54000091552734,91.41999816894531,91.45999908447266,242
2026-06-08T13:22:00.000Z,CL,91.44999694824219,91.47000122070312,91.16999816894531,91.23999786376953,532
2026-06-08T13:23:00.000Z,CL,91.25,91.43000030517578,91.23999786376953,91.37000274658203,256
2026-06-08T13:24:00.000Z,CL,91.36000061035156,91.4000015258789,91.30000305175781,91.33999633789062,102
2026-06-08T13:25:00.000Z,CL,91.33000183105469,91.33000183105469,91.20999908447266,91.30000305175781,133
2026-06-08T13:26:00.000Z,CL,91.27999877929688,91.33000183105469,91.12000274658203,91.12000274658203,729
2026-06-08T13:27:00.000Z,CL,91.13999938964844,91.19999694824219,91.12999725341797,91.12999725341797,298
2026-06-08T13:28:00.000Z,CL,91.12999725341797,91.12999725341797,90.94999694824219,91.11000061035156,774
2026-06-08T13:29:00.000Z,CL,91.12000274658203,91.25,91.12000274658203,91.22000122070312,268
2026-06-08T13:30:00.000Z,CL,91.22000122070312,91.25,91.0,91.01000213623047,412
2026-06-08T13:31:00.000Z,CL,91.01000213623047,91.04000091552734,90.81999969482422,90.91000366210938,652
2026-06-08T13:32:00.000Z,CL,90.91000366210938,91.05999755859375,90.77999877929688,91.04000091552734,439
2026-06-08T13:33:00.000Z,CL,91.05000305175781,91.05000305175781,90.83000183105469,90.9000015258789,632
2026-06-08T13:34:00.000Z,CL,90.87000274658203,90.87000274658203,90.68000030517578,90.70999908447266,1076
2026-06-08T13:35:00.000Z,CL,90.69999694824219,90.7699966430664,90.6500015258789,90.66999816894531,825
2026-06-08T13:36:00.000Z,CL,90.66000366210938,90.75,90.55999755859375,90.66000366210938,510
2026-06-08T13:37:00.000Z,CL,90.66999816894531,90.73999786376953,90.56999969482422,90.61000061035156,354
2026-06-08T13:38:00.000Z,CL,90.5999984741211,90.62999725341797,90.4800033569336,90.5999984741211,634
2026-06-08T13:39:00.000Z,CL,90.5999984741211,90.62999725341797,90.5199966430664,90.55999755859375,362
2026-06-08T13:40:00.000Z,CL,90.55000305175781,90.63999938964844,90.38999938964844,90.63999938964844,446
2026-06-08T13:41:00.000Z,CL,90.66000366210938,90.75,90.63999938964844,90.68000030517578,379
2026-06-08T13:42:00.000Z,CL,90.69000244140625,90.69999694824219,90.58999633789062,90.68000030517578,450
2026-06-08T13:43:00.000Z,CL,90.69999694824219,90.80000305175781,90.66999816894531,90.77999877929688,276
2026-06-08T13:44:00.000Z,CL,90.77999877929688,90.86000061035156,90.73999786376953,90.73999786376953,207
2026-06-08T13:45:00.000Z,CL,90.7300033569336,90.9000015258789,90.69999694824219,90.8499984741211,338
2026-06-08T13:46:00.000Z,CL,90.87000274658203,90.97000122070312,90.86000061035156,90.94000244140625,342
2026-06-08T13:47:00.000Z,CL,90.93000030517578,91.0,90.91999816894531,90.95999908447266,205
2026-06-08T13:48:00.000Z,CL,90.97000122070312,91.0,90.94000244140625,90.94999694824219,239
2026-06-08T13:49:00.000Z,CL,90.94999694824219,91.0199966430664,90.93000030517578,90.98999786376953,298
2026-06-08T13:50:00.000Z,CL,90.98999786376953,91.12999725341797,90.94000244140625,91.12000274658203,541
2026-06-08T13:51:00.000Z,CL,91.11000061035156,91.16999816894531,91.05999755859375,91.11000061035156,303
2026-06-08T13:52:00.000Z,CL,91.13999938964844,91.1500015258789,91.08000183105469,91.08000183105469,300
2026-06-08T13:53:00.000Z,CL,91.06999969482422,91.06999969482422,90.91000366210938,90.94000244140625,324
2026-06-08T13:54:00.000Z,CL,90.93000030517578,91.19000244140625,90.93000030517578,91.18000030517578,402
2026-06-08T13:55:00.000Z,CL,91.16999816894531,91.25,91.1500015258789,91.20999908447266,358
2026-06-08T13:56:00.000Z,CL,91.20999908447266,91.26000213623047,91.19999694824219,91.25,224
2026-06-08T13:57:00.000Z,CL,91.26000213623047,91.26000213623047,91.12000274658203,91.12000274658203,370
2026-06-08T13:58:00.000Z,CL,91.11000061035156,91.1500015258789,91.0,91.01000213623047,151
2026-06-08T13:59:00.000Z,CL,91.01000213623047,91.08999633789062,90.97000122070312,91.05999755859375,256
2026-06-08T14:00:00.000Z,CL,91.05000305175781,91.20999908447266,90.9800033569336,91.0999984741211,476
2026-06-08T14:01:00.000Z,CL,91.12000274658203,91.1500015258789,91.02999877929688,91.12000274658203,207
2026-06-08T14:02:00.000Z,CL,91.11000061035156,91.29000091552734,91.06999969482422,91.25,348
2026-06-08T14:03:00.000Z,CL,91.26000213623047,91.37000274658203,91.25,91.30999755859375,603
2026-06-08T14:04:00.000Z,CL,91.31999969482422,91.5,91.30999755859375,91.4800033569336,641
2026-06-08T14:05:00.000Z,CL,91.48999786376953,91.5999984741211,91.41999816894531,91.43000030517578,677
2026-06-08T14:06:00.000Z,CL,91.41999816894531,91.45999908447266,91.25,91.2699966430664,516
2026-06-08T14:07:00.000Z,CL,91.27999877929688,91.27999877929688,91.16999816894531,91.23999786376953,294
2026-06-08T14:08:00.000Z,CL,91.22000122070312,91.30999755859375,91.18000030517578,91.25,300
2026-06-08T14:09:00.000Z,CL,91.23999786376953,91.31999969482422,91.19999694824219,91.27999877929688,238
2026-06-08T14:10:00.000Z,CL,91.2699966430664,91.4000015258789,91.26000213623047,91.33999633789062,339
2026-06-08T14:11:00.000Z,CL,91.3499984741211,91.4800033569336,91.33999633789062,91.36000061035156,409
2026-06-08T14:12:00.000Z,CL,91.3499984741211,91.4800033569336,91.3499984741211,91.41000366210938,338
2026-06-08T14:13:00.000Z,CL,91.4000015258789,91.5,91.2699966430664,91.29000091552734,708
2026-06-08T14:14:00.000Z,CL,91.30999755859375,91.31999969482422,91.22000122070312,91.29000091552734,309
2026-06-08T14:15:00.000Z,CL,91.30000305175781,91.44999694824219,91.30000305175781,91.41999816894531,419
2026-06-08T14:16:00.000Z,CL,91.4000015258789,91.48999786376953,91.4000015258789,91.44999694824219,263
2026-06-08T14:17:00.000Z,CL,91.43000030517578,91.47000122070312,91.30000305175781,91.30999755859375,203
2026-06-08T14:18:00.000Z,CL,91.33000183105469,91.33999633789062,91.26000213623047,91.30999755859375,104
2026-06-08T14:19:00.000Z,CL,91.31999969482422,91.4000015258789,91.31999969482422,91.3499984741211,114
2026-06-08T14:20:00.000Z,CL,91.33999633789062,91.33999633789062,91.2300033569336,91.27999877929688,294
2026-06-08T14:21:00.000Z,CL,91.2699966430664,91.33999633789062,91.2699966430664,91.27999877929688,138
2026-06-08T14:22:00.000Z,CL,91.30000305175781,91.4000015258789,91.29000091552734,91.33000183105469,211
2026-06-08T14:23:00.000Z,CL,91.33999633789062,91.38999938964844,91.26000213623047,91.33999633789062,252
2026-06-08T14:24:00.000Z,CL,91.36000061035156,91.36000061035156,91.22000122070312,91.30000305175781,182
2026-06-08T14:25:00.000Z,CL,91.30000305175781,91.44000244140625,91.2699966430664,91.4000015258789,225
2026-06-08T14:26:00.000Z,CL,91.4000015258789,91.44000244140625,91.31999969482422,91.41000366210938,136
2026-06-08T14:27:00.000Z,CL,91.41999816894531,91.41999816894531,91.33000183105469,91.37999725341797,184
2026-06-08T14:28:00.000Z,CL,91.38999938964844,91.45999908447266,91.38999938964844,91.41999816894531,106
2026-06-08T14:29:00.000Z,CL,91.41999816894531,91.43000030517578,91.37999725341797,91.41999816894531,166
2026-06-08T14:30:00.000Z,CL,91.44000244140625,91.58999633789062,91.41999816894531,91.58000183105469,328
2026-06-08T14:31:00.000Z,CL,91.58999633789062,91.6500015258789,91.54000091552734,91.55000305175781,244
2026-06-08T14:32:00.000Z,CL,91.55999755859375,91.58000183105469,91.5,91.52999877929688,137
2026-06-08T14:33:00.000Z,CL,91.54000091552734,91.6500015258789,91.5,91.62999725341797,166
2026-06-08T14:34:00.000Z,CL,91.62000274658203,91.63999938964844,91.56999969482422,91.5999984741211,242
2026-06-08T14:35:00.000Z,CL,91.58000183105469,91.62999725341797,91.55000305175781,91.62000274658203,414
2026-06-08T14:36:00.000Z,CL,91.62999725341797,91.79000091552734,91.61000061035156,91.79000091552734,213
2026-06-08T14:37:00.000Z,CL,91.79000091552734,91.87999725341797,91.7699966430664,91.83999633789062,401
2026-06-08T14:38:00.000Z,CL,91.83999633789062,91.8499984741211,91.7699966430664,91.77999877929688,225
2026-06-08T14:39:00.000Z,CL,91.7699966430664,92.23999786376953,91.75,91.91000366210938,1302
2026-06-08T14:40:00.000Z,CL,91.91000366210938,91.98999786376953,91.76000213623047,91.77999877929688,517
2026-06-08T14:41:00.000Z,CL,91.7699966430664,91.91000366210938,91.66999816894531,91.91000366210938,706
2026-06-08T14:42:00.000Z,CL,91.93000030517578,92.02999877929688,91.87000274658203,91.88999938964844,669
2026-06-08T14:43:00.000Z,CL,91.87999725341797,91.9000015258789,91.83000183105469,91.8499984741211,225
2026-06-08T14:44:00.000Z,CL,91.8499984741211,91.8499984741211,91.63999938964844,91.66999816894531,297
2026-06-08T14:45:00.000Z,CL,91.66000366210938,91.66000366210938,91.5,91.58000183105469,350
2026-06-08T14:46:00.000Z,CL,91.58000183105469,91.63999938964844,91.55999755859375,91.58000183105469,200
2026-06-08T14:47:00.000Z,CL,91.58000183105469,91.5999984741211,91.26000213623047,91.47000122070312,728
2026-06-08T14:48:00.000Z,CL,91.47000122070312,91.61000061035156,91.47000122070312,91.58000183105469,253
2026-06-08T14:49:00.000Z,CL,91.58000183105469,91.86000061035156,91.58000183105469,91.86000061035156,405
2026-06-08T14:50:00.000Z,CL,91.8499984741211,91.86000061035156,91.7300033569336,91.76000213623047,149
2026-06-08T14:51:00.000Z,CL,91.73999786376953,91.7699966430664,91.68000030517578,91.72000122070312,265
2026-06-08T14:52:00.000Z,CL,91.72000122070312,91.81999969482422,91.72000122070312,91.79000091552734,212
2026-06-08T14:53:00.000Z,CL,91.79000091552734,91.8499984741211,91.79000091552734,91.83999633789062,78
2026-06-08T14:54:00.000Z,CL,91.86000061035156,91.87999725341797,91.80999755859375,91.80999755859375,191
2026-06-08T14:55:00.000Z,CL,91.80999755859375,91.86000061035156,91.77999877929688,91.77999877929688,92
2026-06-08T14:56:00.000Z,CL,91.77999877929688,91.91000366210938,91.77999877929688,91.88999938964844,186
2026-06-08T14:57:00.000Z,CL,91.9000015258789,91.91999816894531,91.80000305175781,91.87999725341797,224
2026-06-08T14:58:00.000Z,CL,91.88999938964844,91.91000366210938,91.8499984741211,91.8499984741211,56
2026-06-08T14:59:00.000Z,CL,91.86000061035156,91.86000061035156,91.75,91.7699966430664,140
2026-06-08T15:00:00.000Z,CL,91.7699966430664,91.77999877929688,91.70999908447266,91.75,172
2026-06-08T15:01:00.000Z,CL,91.75,91.75,91.66000366210938,91.7300033569336,263
2026-06-08T15:02:00.000Z,CL,91.72000122070312,91.7699966430664,91.69999694824219,91.75,301
2026-06-08T15:03:00.000Z,CL,91.73999786376953,91.8499984741211,91.73999786376953,91.80999755859375,181
2026-06-08T15:04:00.000Z,CL,91.81999969482422,91.9800033569336,91.81999969482422,91.95999908447266,525
2026-06-08T15:05:00.000Z,CL,91.95999908447266,92.04000091552734,91.94999694824219,91.97000122070312,572
2026-06-08T15:06:00.000Z,CL,91.95999908447266,92.08999633789062,91.94000244140625,92.05000305175781,478
2026-06-08T15:07:00.000Z,CL,92.05000305175781,92.06999969482422,92.02999877929688,92.05000305175781,415
2026-06-08T15:08:00.000Z,CL,92.04000091552734,92.08000183105469,91.94999694824219,92.02999877929688,460
2026-06-08T15:09:00.000Z,CL,92.04000091552734,92.08999633789062,92.0,92.08999633789062,514
2026-06-08T15:10:00.000Z,CL,92.08999633789062,92.16999816894531,92.05000305175781,92.13999938964844,359
2026-06-08T15:11:00.000Z,CL,92.13999938964844,92.31999969482422,92.11000061035156,92.27999877929688,519
2026-06-08T15:12:00.000Z,CL,92.27999877929688,92.29000091552734,92.12999725341797,92.12999725341797,301
2026-06-08T15:13:00.000Z,CL,92.13999938964844,92.20999908447266,92.13999938964844,92.19999694824219,183
2026-06-08T15:14:00.000Z,CL,92.19999694824219,92.30000305175781,92.19000244140625,92.29000091552734,190
2026-06-08T15:15:00.000Z,CL,92.29000091552734,92.29000091552734,92.04000091552734,92.16000366210938,500
2026-06-08T15:16:00.000Z,CL,92.16000366210938,92.36000061035156,92.11000061035156,92.31999969482422,535
2026-06-08T15:17:00.000Z,CL,92.33000183105469,92.37999725341797,92.27999877929688,92.36000061035156,630
2026-06-08T15:18:00.000Z,CL,92.36000061035156,92.37000274658203,91.91999816894531,92.06999969482422,1043
2026-06-08T15:19:00.000Z,CL,92.06999969482422,92.11000061035156,91.9000015258789,92.0,587
2026-06-08T15:20:00.000Z,CL,92.0,92.0,91.83999633789062,91.87999725341797,392
2026-06-08T15:21:00.000Z,CL,91.88999938964844,91.97000122070312,91.88999938964844,91.94000244140625,313
2026-06-08T15:22:00.000Z,CL,91.93000030517578,91.93000030517578,91.75,91.77999877929688,222
2026-06-08T15:23:00.000Z,CL,91.7699966430664,91.81999969482422,91.63999938964844,91.66000366210938,237
2026-06-08T15:24:00.000Z,CL,91.66000366210938,91.66000366210938,91.4000015258789,91.4800033569336,1007
2026-06-08T15:25:00.000Z,CL,91.47000122070312,91.61000061035156,91.44999694824219,91.56999969482422,329
2026-06-08T15:26:00.000Z,CL,91.56999969482422,91.7300033569336,91.55999755859375,91.66999816894531,318
2026-06-08T15:27:00.000Z,CL,91.66000366210938,91.80999755859375,91.6500015258789,91.76000213623047,206
2026-06-08T15:28:00.000Z,CL,91.75,91.83000183105469,91.72000122070312,91.80000305175781,305
2026-06-08T15:29:00.000Z,CL,91.81999969482422,91.9000015258789,91.7300033569336,91.86000061035156,351
2026-06-08T15:30:00.000Z,CL,91.8499984741211,91.87999725341797,91.73999786376953,91.80000305175781,461
2026-06-08T15:31:00.000Z,CL,91.80000305175781,91.80000305175781,91.55000305175781,91.55000305175781,327
2026-06-08T15:32:00.000Z,CL,91.52999877929688,91.58000183105469,91.5199966430664,91.54000091552734,135
2026-06-08T15:33:00.000Z,CL,91.54000091552734,91.63999938964844,91.5199966430664,91.62999725341797,262
2026-06-08T15:34:00.000Z,CL,91.62999725341797,91.69000244140625,91.5199966430664,91.54000091552734,161
2026-06-08T15:35:00.000Z,CL,91.54000091552734,91.58999633789062,91.4800033569336,91.58000183105469,353
2026-06-08T15:36:00.000Z,CL,91.56999969482422,91.58000183105469,91.5,91.5199966430664,101
2026-06-08T15:37:00.000Z,CL,91.51000213623047,91.55000305175781,91.44999694824219,91.5,296
2026-06-08T15:38:00.000Z,CL,91.51000213623047,91.62999725341797,91.51000213623047,91.61000061035156,84
2026-06-08T15:39:00.000Z,CL,91.5999984741211,91.5999984741211,91.51000213623047,91.55000305175781,422
2026-06-08T15:40:00.000Z,CL,91.55999755859375,91.55999755859375,91.45999908447266,91.4800033569336,381
2026-06-08T15:41:00.000Z,CL,91.47000122070312,91.55000305175781,91.47000122070312,91.5199966430664,106
2026-06-08T15:42:00.000Z,CL,91.51000213623047,91.66999816894531,91.45999908447266,91.55000305175781,587
2026-06-08T15:43:00.000Z,CL,91.55000305175781,91.58999633789062,91.54000091552734,91.58000183105469,95
2026-06-08T15:44:00.000Z,CL,91.58999633789062,91.58999633789062,91.5,91.5,288
2026-06-08T15:45:00.000Z,CL,91.5,91.62000274658203,91.5,91.55000305175781,314
2026-06-08T15:46:00.000Z,CL,91.54000091552734,91.56999969482422,91.4800033569336,91.5,191
2026-06-08T15:47:00.000Z,CL,91.51000213623047,91.51000213623047,91.44000244140625,91.51000213623047,183
2026-06-08T15:48:00.000Z,CL,91.5,91.56999969482422,91.4800033569336,91.4800033569336,249
2026-06-08T15:49:00.000Z,CL,91.47000122070312,91.5199966430664,91.44000244140625,91.48999786376953,233
2026-06-08T15:50:00.000Z,CL,91.48999786376953,91.5,91.44999694824219,91.5,115
2026-06-08T15:51:00.000Z,CL,91.51000213623047,91.5199966430664,91.47000122070312,91.48999786376953,113
2026-06-08T15:52:00.000Z,CL,91.5,91.5,91.4000015258789,91.41000366210938,313
2026-06-08T15:53:00.000Z,CL,91.4000015258789,91.5999984741211,91.38999938964844,91.55999755859375,270
2026-06-08T15:54:00.000Z,CL,91.55999755859375,91.56999969482422,91.5199966430664,91.54000091552734,124
2026-06-08T15:55:00.000Z,CL,91.55000305175781,91.56999969482422,91.5,91.5199966430664,128
2026-06-08T15:56:00.000Z,CL,91.5199966430664,91.56999969482422,91.5,91.55000305175781,309
2026-06-08T15:57:00.000Z,CL,91.54000091552734,91.61000061035156,91.52999877929688,91.58999633789062,296
2026-06-08T15:58:00.000Z,CL,91.5999984741211,91.6500015258789,91.54000091552734,91.6500015258789,137
2026-06-08T15:59:00.000Z,CL,91.63999938964844,91.6500015258789,91.58999633789062,91.61000061035156,104
2026-06-08T16:00:00.000Z,CL,91.61000061035156,91.69000244140625,91.61000061035156,91.63999938964844,259
2026-06-08T16:01:00.000Z,CL,91.6500015258789,91.68000030517578,91.62000274658203,91.66999816894531,177
2026-06-08T16:02:00.000Z,CL,91.66999816894531,91.75,91.66999816894531,91.70999908447266,311
2026-06-08T16:03:00.000Z,CL,91.70999908447266,91.7300033569336,91.69999694824219,91.72000122070312,276
2026-06-08T16:04:00.000Z,CL,91.72000122070312,91.73999786376953,91.63999938964844,91.63999938964844,229
2026-06-08T16:05:00.000Z,CL,91.63999938964844,91.63999938964844,91.5199966430664,91.58000183105469,291
2026-06-08T16:06:00.000Z,CL,91.55000305175781,91.55000305175781,91.36000061035156,91.4000015258789,736
2026-06-08T16:07:00.000Z,CL,91.41000366210938,91.44000244140625,91.33000183105469,91.3499984741211,247
2026-06-08T16:08:00.000Z,CL,91.36000061035156,91.44000244140625,91.25,91.41000366210938,305
2026-06-08T16:09:00.000Z,CL,91.41000366210938,91.43000030517578,91.30999755859375,91.41000366210938,197
2026-06-08T16:10:00.000Z,CL,91.43000030517578,91.51000213623047,91.41000366210938,91.51000213623047,162
2026-06-08T16:11:00.000Z,CL,91.5,91.5,91.38999938964844,91.41000366210938,328
2026-06-08T16:12:00.000Z,CL,91.4000015258789,91.41999816894531,91.37999725341797,91.37999725341797,156
2026-06-08T16:13:00.000Z,CL,91.4000015258789,91.4000015258789,91.29000091552734,91.30000305175781,234
2026-06-08T16:14:00.000Z,CL,91.31999969482422,91.33999633789062,91.23999786376953,91.23999786376953,211
2026-06-08T16:15:00.000Z,CL,91.23999786376953,91.23999786376953,91.12999725341797,91.20999908447266,273
2026-06-08T16:16:00.000Z,CL,91.22000122070312,91.37000274658203,91.16000366210938,91.33000183105469,436
2026-06-08T16:17:00.000Z,CL,91.33999633789062,91.36000061035156,91.31999969482422,91.33999633789062,140
2026-06-08T16:18:00.000Z,CL,91.33999633789062,91.44000244140625,91.31999969482422,91.4000015258789,191
2026-06-08T16:19:00.000Z,CL,91.41000366210938,91.4800033569336,91.41000366210938,91.44999694824219,326
2026-06-08T16:20:00.000Z,CL,91.44000244140625,91.44000244140625,91.33000183105469,91.3499984741211,246
2026-06-08T16:21:00.000Z,CL,91.36000061035156,91.4000015258789,91.3499984741211,91.4000015258789,160
2026-06-08T16:22:00.000Z,CL,91.44000244140625,91.58999633789062,91.43000030517578,91.58999633789062,208
2026-06-08T16:23:00.000Z,CL,91.56999969482422,91.62999725341797,91.33000183105469,91.5199966430664,604
2026-06-08T16:24:00.000Z,CL,91.52999877929688,91.61000061035156,91.5,91.5999984741211,381
2026-06-08T16:25:00.000Z,CL,91.5999984741211,91.62000274658203,91.55999755859375,91.58000183105469,157
2026-06-08T16:26:00.000Z,CL,91.5999984741211,91.61000061035156,91.4800033569336,91.54000091552734,233
2026-06-08T16:27:00.000Z,CL,91.55000305175781,91.56999969482422,91.5199966430664,91.55999755859375,66
2026-06-08T16:28:00.000Z,CL,91.55000305175781,91.62999725341797,91.55000305175781,91.61000061035156,130
2026-06-08T16:29:00.000Z,CL,91.61000061035156,91.79000091552734,91.61000061035156,91.75,268
2026-06-08T16:30:00.000Z,CL,91.76000213623047,91.76000213623047,91.56999969482422,91.58000183105469,314
2026-06-08T16:31:00.000Z,CL,91.56999969482422,91.62999725341797,91.56999969482422,91.5999984741211,124
2026-06-08T16:32:00.000Z,CL,91.5999984741211,91.5999984741211,91.5199966430664,91.58999633789062,421
2026-06-08T16:33:00.000Z,CL,91.58000183105469,91.61000061035156,91.5,91.5199966430664,144
2026-06-08T16:34:00.000Z,CL,91.5199966430664,91.5199966430664,91.41000366210938,91.45999908447266,500
2026-06-08T16:35:00.000Z,CL,91.45999908447266,91.47000122070312,91.3499984741211,91.37000274658203,335
2026-06-08T16:36:00.000Z,CL,91.36000061035156,91.41999816894531,91.29000091552734,91.30999755859375,598
2026-06-08T16:37:00.000Z,CL,91.30000305175781,91.33999633789062,91.27999877929688,91.33000183105469,270
2026-06-08T16:38:00.000Z,CL,91.31999969482422,91.33999633789062,91.30000305175781,91.31999969482422,456
2026-06-08T16:39:00.000Z,CL,91.27999877929688,91.33999633789062,91.27999877929688,91.30000305175781,264
2026-06-08T16:40:00.000Z,CL,91.27999877929688,91.29000091552734,91.22000122070312,91.2300033569336,221
2026-06-08T16:41:00.000Z,CL,91.2300033569336,91.27999877929688,91.20999908447266,91.2300033569336,270
2026-06-08T16:42:00.000Z,CL,91.2300033569336,91.27999877929688,91.16999816894531,91.16999816894531,277
2026-06-08T16:43:00.000Z,CL,91.16999816894531,91.19999694824219,91.0999984741211,91.12000274658203,361
2026-06-08T16:44:00.000Z,CL,91.12000274658203,91.12000274658203,91.05000305175781,91.05999755859375,239
2026-06-08T16:45:00.000Z,CL,91.08000183105469,91.16999816894531,91.08000183105469,91.1500015258789,180
2026-06-08T16:46:00.000Z,CL,91.18000030517578,91.19000244140625,91.1500015258789,91.1500015258789,268
2026-06-08T16:47:00.000Z,CL,91.1500015258789,91.16000366210938,91.11000061035156,91.13999938964844,766
2026-06-08T16:48:00.000Z,CL,91.12999725341797,91.23999786376953,91.12000274658203,91.20999908447266,278
2026-06-08T16:49:00.000Z,CL,91.20999908447266,91.20999908447266,91.12999725341797,91.16999816894531,131
2026-06-08T16:50:00.000Z,CL,91.16000366210938,91.20999908447266,91.12999725341797,91.20999908447266,393
2026-06-08T16:51:00.000Z,CL,91.19000244140625,91.2699966430664,91.19000244140625,91.20999908447266,247
2026-06-08T16:52:00.000Z,CL,91.20999908447266,91.33999633789062,91.20999908447266,91.31999969482422,238
2026-06-08T16:53:00.000Z,CL,91.31999969482422,91.33999633789062,91.2300033569336,91.23999786376953,153
2026-06-08T16:54:00.000Z,CL,91.2300033569336,91.38999938964844,91.22000122070312,91.31999969482422,484
2026-06-08T16:55:00.000Z,CL,91.31999969482422,91.31999969482422,91.29000091552734,91.30000305175781,140
2026-06-08T16:56:00.000Z,CL,91.30000305175781,91.33999633789062,91.27999877929688,91.33000183105469,160
2026-06-08T16:57:00.000Z,CL,91.31999969482422,91.33999633789062,91.27999877929688,91.33999633789062,374
2026-06-08T16:58:00.000Z,CL,91.33999633789062,91.4000015258789,91.31999969482422,91.37999725341797,187
2026-06-08T16:59:00.000Z,CL,91.37999725341797,91.41000366210938,91.3499984741211,91.41000366210938,184
2026-06-08T17:00:00.000Z,CL,91.41000366210938,91.41000366210938,91.26000213623047,91.2699966430664,341
2026-06-08T17:01:00.000Z,CL,91.26000213623047,91.29000091552734,91.23999786376953,91.27999877929688,171
2026-06-08T17:02:00.000Z,CL,91.2699966430664,91.30000305175781,91.23999786376953,91.2699966430664,181
2026-06-08T17:03:00.000Z,CL,91.2699966430664,91.2699966430664,91.19999694824219,91.23999786376953,197
2026-06-08T17:04:00.000Z,CL,91.2300033569336,91.26000213623047,91.20999908447266,91.2300033569336,342
2026-06-08T17:05:00.000Z,CL,91.23999786376953,91.23999786376953,91.16999816894531,91.23999786376953,425
2026-06-08T17:06:00.000Z,CL,91.25,91.33000183105469,91.25,91.30000305175781,187
2026-06-08T17:07:00.000Z,CL,91.29000091552734,91.31999969482422,91.27999877929688,91.30000305175781,151
2026-06-08T17:08:00.000Z,CL,91.30999755859375,91.37000274658203,91.29000091552734,91.33999633789062,166
2026-06-08T17:09:00.000Z,CL,91.33000183105469,91.3499984741211,91.2699966430664,91.33999633789062,158
2026-06-08T17:10:00.000Z,CL,91.33999633789062,91.38999938964844,91.31999969482422,91.3499984741211,603
2026-06-08T17:11:00.000Z,CL,91.33999633789062,91.37999725341797,91.33000183105469,91.37999725341797,226
2026-06-08T17:12:00.000Z,CL,91.38999938964844,91.38999938964844,91.25,91.30999755859375,302
2026-06-08T17:13:00.000Z,CL,91.29000091552734,91.38999938964844,91.27999877929688,91.37000274658203,282
2026-06-08T17:14:00.000Z,CL,91.36000061035156,91.44999694824219,91.33999633789062,91.41999816894531,433
2026-06-08T17:15:00.000Z,CL,91.41000366210938,91.41000366210938,91.31999969482422,91.37000274658203,383
2026-06-08T17:16:00.000Z,CL,91.36000061035156,91.37999725341797,91.3499984741211,91.37000274658203,197
2026-06-08T17:17:00.000Z,CL,91.36000061035156,91.36000061035156,91.33000183105469,91.33999633789062,219
2026-06-08T17:18:00.000Z,CL,91.33000183105469,91.41000366210938,91.22000122070312,91.38999938964844,630
2026-06-08T17:19:00.000Z,CL,91.38999938964844,91.4000015258789,91.29000091552734,91.29000091552734,239
2026-06-08T17:20:00.000Z,CL,91.29000091552734,91.29000091552734,91.25,91.26000213623047,247
2026-06-08T17:21:00.000Z,CL,91.26000213623047,91.30000305175781,91.18000030517578,91.18000030517578,529
2026-06-08T17:22:00.000Z,CL,91.19000244140625,91.20999908447266,91.12999725341797,91.16999816894531,450
2026-06-08T17:23:00.000Z,CL,91.19000244140625,91.37000274658203,91.19000244140625,91.31999969482422,647
2026-06-08T17:24:00.000Z,CL,91.33000183105469,91.36000061035156,91.2699966430664,91.27999877929688,326
2026-06-08T17:25:00.000Z,CL,91.27999877929688,91.27999877929688,91.1500015258789,91.19000244140625,280
2026-06-08T17:26:00.000Z,CL,91.19999694824219,91.33000183105469,91.16000366210938,91.22000122070312,655
2026-06-08T17:27:00.000Z,CL,91.2300033569336,91.23999786376953,91.16000366210938,91.16999816894531,332
2026-06-08T17:28:00.000Z,CL,91.16000366210938,91.16000366210938,90.9800033569336,90.98999786376953,455
2026-06-08T17:29:00.000Z,CL,91.0,91.0199966430664,90.94000244140625,90.9800033569336,266
2026-06-08T17:30:00.000Z,CL,90.9800033569336,91.01000213623047,90.83000183105469,90.87000274658203,689
2026-06-08T17:31:00.000Z,CL,90.8499984741211,91.16999816894531,90.81999969482422,90.94000244140625,1018
2026-06-08T17:32:00.000Z,CL,90.91999816894531,91.0199966430664,90.87999725341797,90.94999694824219,328
2026-06-08T17:33:00.000Z,CL,90.94999694824219,91.05000305175781,90.94999694824219,91.04000091552734,288
2026-06-08T17:34:00.000Z,CL,91.0199966430664,91.02999877929688,90.87999725341797,90.91000366210938,383
2026-06-08T17:35:00.000Z,CL,90.9000015258789,91.04000091552734,90.87000274658203,91.0,334
2026-06-08T17:36:00.000Z,CL,91.01000213623047,91.02999877929688,90.9800033569336,90.98999786376953,193
2026-06-08T17:37:00.000Z,CL,91.0,91.05000305175781,90.94999694824219,90.9800033569336,267
2026-06-08T17:38:00.000Z,CL,91.0,91.0,90.94999694824219,90.94999694824219,138
2026-06-08T17:39:00.000Z,CL,90.94999694824219,90.9800033569336,90.93000030517578,90.94999694824219,164
2026-06-08T17:40:00.000Z,CL,90.97000122070312,91.0199966430664,90.95999908447266,90.98999786376953,327
2026-06-08T17:41:00.000Z,CL,90.9800033569336,90.9800033569336,90.93000030517578,90.94000244140625,177
2026-06-08T17:42:00.000Z,CL,90.93000030517578,90.97000122070312,90.91000366210938,90.94999694824219,216
2026-06-08T17:43:00.000Z,CL,90.94999694824219,90.97000122070312,90.91999816894531,90.95999908447266,153
2026-06-08T17:44:00.000Z,CL,90.95999908447266,91.0199966430664,90.94000244140625,91.0199966430664,150
2026-06-08T17:45:00.000Z,CL,91.01000213623047,91.04000091552734,90.98999786376953,91.02999877929688,156
2026-06-08T17:46:00.000Z,CL,91.0199966430664,91.0199966430664,90.8499984741211,90.86000061035156,362
2026-06-08T17:47:00.000Z,CL,90.87000274658203,90.94000244140625,90.83000183105469,90.93000030517578,185
2026-06-08T17:48:00.000Z,CL,90.94000244140625,90.97000122070312,90.91000366210938,90.97000122070312,139
2026-06-08T17:49:00.000Z,CL,90.97000122070312,91.0199966430664,90.94000244140625,90.97000122070312,305
2026-06-08T17:50:00.000Z,CL,90.97000122070312,90.97000122070312,90.87999725341797,90.91999816894531,262
2026-06-08T17:51:00.000Z,CL,90.93000030517578,90.94000244140625,90.87999725341797,90.9000015258789,347
2026-06-08T17:52:00.000Z,CL,90.88999938964844,90.9000015258789,90.8499984741211,90.88999938964844,149
2026-06-08T17:53:00.000Z,CL,90.88999938964844,90.88999938964844,90.76000213623047,90.7699966430664,619
2026-06-08T17:54:00.000Z,CL,90.77999877929688,90.8499984741211,90.77999877929688,90.81999969482422,242
2026-06-08T17:55:00.000Z,CL,90.81999969482422,90.93000030517578,90.80999755859375,90.91000366210938,233
2026-06-08T17:56:00.000Z,CL,90.91000366210938,90.95999908447266,90.88999938964844,90.94000244140625,205
2026-06-08T17:57:00.000Z,CL,90.95999908447266,91.0,90.94999694824219,91.0,116
2026-06-08T17:58:00.000Z,CL,90.98999786376953,91.0199966430664,90.97000122070312,91.01000213623047,130
2026-06-08T17:59:00.000Z,CL,91.0199966430664,91.12999725341797,91.01000213623047,91.12000274658203,361
2026-06-08T18:00:00.000Z,CL,91.12000274658203,91.30999755859375,91.12000274658203,91.22000122070312,705
2026-06-08T18:01:00.000Z,CL,91.2300033569336,91.2300033569336,91.12999725341797,91.13999938964844,160
2026-06-08T18:02:00.000Z,CL,91.12999725341797,91.25,91.12000274658203,91.2300033569336,359
2026-06-08T18:03:00.000Z,CL,91.2300033569336,91.25,91.16999816894531,91.22000122070312,260
2026-06-08T18:04:00.000Z,CL,91.20999908447266,91.20999908447266,91.16000366210938,91.20999908447266,244
2026-06-08T18:05:00.000Z,CL,91.20999908447266,91.26000213623047,91.19000244140625,91.19000244140625,216
2026-06-08T18:06:00.000Z,CL,91.18000030517578,91.22000122070312,91.16000366210938,91.18000030517578,302
2026-06-08T18:07:00.000Z,CL,91.16999816894531,91.23999786376953,91.16999816894531,91.2300033569336,193
2026-06-08T18:08:00.000Z,CL,91.23999786376953,91.27999877929688,91.19999694824219,91.25,193
2026-06-08T18:09:00.000Z,CL,91.23999786376953,91.31999969482422,91.23999786376953,91.29000091552734,562
2026-06-08T18:10:00.000Z,CL,91.29000091552734,91.33000183105469,91.22000122070312,91.33000183105469,885
2026-06-08T18:11:00.000Z,CL,91.31999969482422,91.44000244140625,91.30999755859375,91.41000366210938,458
2026-06-08T18:12:00.000Z,CL,91.41000366210938,91.44999694824219,91.37000274658203,91.38999938964844,258
2026-06-08T18:13:00.000Z,CL,91.38999938964844,91.38999938964844,91.25,91.30000305175781,360
2026-06-08T18:14:00.000Z,CL,91.30000305175781,91.48999786376953,91.27999877929688,91.36000061035156,653
2026-06-08T18:15:00.000Z,CL,91.33999633789062,91.33999633789062,91.19999694824219,91.20999908447266,594
2026-06-08T18:16:00.000Z,CL,91.22000122070312,91.23999786376953,91.1500015258789,91.18000030517578,297
2026-06-08T18:17:00.000Z,CL,91.19000244140625,91.19999694824219,91.0999984741211,91.12999725341797,649
2026-06-08T18:18:00.000Z,CL,91.12999725341797,91.13999938964844,91.08999633789062,91.12000274658203,259
2026-06-08T18:19:00.000Z,CL,91.12000274658203,91.16000366210938,91.08000183105469,91.13999938964844,293
2026-06-08T18:20:00.000Z,CL,91.1500015258789,91.33000183105469,91.1500015258789,91.29000091552734,619
2026-06-08T18:21:00.000Z,CL,91.27999877929688,91.48999786376953,91.27999877929688,91.43000030517578,946
2026-06-08T18:22:00.000Z,CL,91.43000030517578,91.43000030517578,91.29000091552734,91.30000305175781,816
2026-06-08T18:23:00.000Z,CL,91.27999877929688,91.3499984741211,91.27999877929688,91.30000305175781,294
2026-06-08T18:24:00.000Z,CL,91.30999755859375,91.37000274658203,91.26000213623047,91.33999633789062,540
2026-06-08T18:25:00.000Z,CL,91.33999633789062,91.37999725341797,91.23999786376953,91.29000091552734,419
2026-06-08T18:26:00.000Z,CL,91.27999877929688,91.3499984741211,91.26000213623047,91.2699966430664,640
2026-06-08T18:27:00.000Z,CL,91.2699966430664,91.37000274658203,91.2300033569336,91.23999786376953,1049
2026-06-08T18:28:00.000Z,CL,91.23999786376953,91.43000030517578,91.16999816894531,91.29000091552734,4521
2026-06-08T18:29:00.000Z,CL,91.29000091552734,91.33000183105469,91.2300033569336,91.26000213623047,5272
2026-06-08T18:30:00.000Z,CL,91.2699966430664,91.30999755859375,91.05000305175781,91.0999984741211,1048
2026-06-08T18:31:00.000Z,CL,91.0999984741211,91.0999984741211,91.02999877929688,91.08999633789062,194
2026-06-08T18:32:00.000Z,CL,91.08000183105469,91.0999984741211,91.04000091552734,91.08000183105469,192
2026-06-08T18:33:00.000Z,CL,91.08000183105469,91.08000183105469,90.93000030517578,90.95999908447266,477
2026-06-08T18:34:00.000Z,CL,90.94999694824219,91.0,90.93000030517578,90.94999694824219,165
2026-06-08T18:35:00.000Z,CL,90.94999694824219,90.9800033569336,90.94999694824219,90.9800033569336,182
2026-06-08T18:36:00.000Z,CL,90.9800033569336,91.0199966430664,90.91000366210938,91.0199966430664,98
2026-06-08T18:37:00.000Z,CL,91.0199966430664,91.04000091552734,90.9800033569336,91.02999877929688,54
2026-06-08T18:38:00.000Z,CL,91.02999877929688,91.06999969482422,91.0199966430664,91.04000091552734,94
2026-06-08T18:39:00.000Z,CL,91.02999877929688,91.05999755859375,91.01000213623047,91.0199966430664,52
2026-06-08T18:40:00.000Z,CL,91.0199966430664,91.08000183105469,91.01000213623047,91.0199966430664,138
2026-06-08T18:41:00.000Z,CL,91.0199966430664,91.04000091552734,91.01000213623047,91.02999877929688,32
2026-06-08T18:42:00.000Z,CL,91.04000091552734,91.11000061035156,91.02999877929688,91.11000061035156,78
2026-06-08T18:43:00.000Z,CL,91.0999984741211,91.1500015258789,91.06999969482422,91.1500015258789,166
2026-06-08T18:44:00.000Z,CL,91.1500015258789,91.1500015258789,91.0999984741211,91.12000274658203,47
2026-06-08T18:45:00.000Z,CL,91.12000274658203,91.13999938964844,91.08000183105469,91.0999984741211,47
2026-06-08T18:46:00.000Z,CL,91.11000061035156,91.12000274658203,91.0999984741211,91.0999984741211,23
2026-06-08T18:47:00.000Z,CL,91.0999984741211,91.13999938964844,91.0999984741211,91.12999725341797,22
2026-06-08T18:48:00.000Z,CL,91.12999725341797,91.22000122070312,91.12999725341797,91.19999694824219,48
2026-06-08T18:49:00.000Z,CL,91.20999908447266,91.22000122070312,91.19000244140625,91.19000244140625,45
2026-06-08T18:50:00.000Z,CL,91.18000030517578,91.18000030517578,91.08999633789062,91.08999633789062,70
2026-06-08T18:51:00.000Z,CL,91.12000274658203,91.1500015258789,91.12000274658203,91.12999725341797,21
2026-06-08T18:52:00.000Z,CL,91.13999938964844,91.13999938964844,91.11000061035156,91.11000061035156,49
2026-06-08T18:53:00.000Z,CL,91.11000061035156,91.1500015258789,91.11000061035156,91.12999725341797,42
2026-06-08T18:54:00.000Z,CL,91.12000274658203,91.12000274658203,91.0999984741211,91.11000061035156,51
2026-06-08T18:55:00.000Z,CL,91.11000061035156,91.18000030517578,91.11000061035156,91.1500015258789,36
2026-06-08T18:56:00.000Z,CL,91.16000366210938,91.16000366210938,91.12999725341797,91.13999938964844,20
2026-06-08T18:57:00.000Z,CL,91.1500015258789,91.16000366210938,91.12999725341797,91.16000366210938,38
2026-06-08T18:58:00.000Z,CL,91.16000366210938,91.16999816894531,91.1500015258789,91.1500015258789,13
2026-06-08T18:59:00.000Z,CL,91.13999938964844,91.1500015258789,91.12999725341797,91.13999938964844,15
2026-06-08T19:00:00.000Z,CL,91.13999938964844,91.19999694824219,91.13999938964844,91.19999694824219,51
2026-06-08T19:01:00.000Z,CL,91.19000244140625,91.22000122070312,91.19000244140625,91.22000122070312,43
2026-06-08T19:02:00.000Z,CL,91.20999908447266,91.2300033569336,91.18000030517578,91.19000244140625,25
2026-06-08T19:03:00.000Z,CL,91.16999816894531,91.16999816894531,91.16000366210938,91.16999816894531,25
2026-06-08T19:04:00.000Z,CL,91.1500015258789,91.16999816894531,91.12999725341797,91.12999725341797,30
2026-06-08T19:05:00.000Z,CL,91.12999725341797,91.1500015258789,91.12999725341797,91.13999938964844,31
2026-06-08T19:06:00.000Z,CL,91.12000274658203,91.12000274658203,91.08999633789062,91.0999984741211,27
2026-06-08T19:07:00.000Z,CL,91.08999633789062,91.12000274658203,91.08999633789062,91.12000274658203,14
2026-06-08T19:08:00.000Z,CL,91.0999984741211,91.0999984741211,91.08999633789062,91.0999984741211,13
2026-06-08T19:09:00.000Z,CL,91.08999633789062,91.0999984741211,91.08000183105469,91.08000183105469,38
2026-06-08T19:10:00.000Z,CL,91.08999633789062,91.11000061035156,91.05999755859375,91.05999755859375,33
2026-06-08T19:11:00.000Z,CL,91.05000305175781,91.11000061035156,91.01000213623047,91.06999969482422,107
2026-06-08T19:12:00.000Z,CL,91.06999969482422,91.08000183105469,91.05999755859375,91.05999755859375,14
2026-06-08T19:13:00.000Z,CL,91.05000305175781,91.12000274658203,91.04000091552734,91.12000274658203,138
2026-06-08T19:14:00.000Z,CL,91.12999725341797,91.18000030517578,91.12999725341797,91.18000030517578,99
2026-06-08T19:15:00.000Z,CL,91.16999816894531,91.19999694824219,91.1500015258789,91.16999816894531,64
2026-06-08T19:16:00.000Z,CL,91.1500015258789,91.19999694824219,91.08999633789062,91.11000061035156,106
2026-06-08T19:17:00.000Z,CL,91.11000061035156,91.12000274658203,91.0999984741211,91.12000274658203,14
2026-06-08T19:18:00.000Z,CL,91.11000061035156,91.16000366210938,91.11000061035156,91.1500015258789,28
2026-06-08T19:19:00.000Z,CL,91.13999938964844,91.16999816894531,91.12999725341797,91.16000366210938,32
2026-06-08T19:20:00.000Z,CL,91.1500015258789,91.16000366210938,91.1500015258789,91.16000366210938,6
2026-06-08T19:21:00.000Z,CL,91.16999816894531,91.16999816894531,91.1500015258789,91.16000366210938,25
2026-06-08T19:22:00.000Z,CL,91.16000366210938,91.16000366210938,91.1500015258789,91.1500015258789,11
2026-06-08T19:23:00.000Z,CL,91.16999816894531,91.20999908447266,91.16999816894531,91.20999908447266,67
2026-06-08T19:24:00.000Z,CL,91.19999694824219,91.19999694824219,91.16999816894531,91.16999816894531,35
2026-06-08T19:25:00.000Z,CL,91.18000030517578,91.30000305175781,91.18000030517578,91.29000091552734,315
2026-06-08T19:26:00.000Z,CL,91.27999877929688,91.33999633789062,91.2699966430664,91.31999969482422,111
2026-06-08T19:27:00.000Z,CL,91.31999969482422,91.33999633789062,91.29000091552734,91.31999969482422,36
2026-06-08T19:28:00.000Z,CL,91.31999969482422,91.33999633789062,91.29000091552734,91.30999755859375,157
2026-06-08T19:29:00.000Z,CL,91.30000305175781,91.33000183105469,91.29000091552734,91.33000183105469,68
2026-06-08T19:30:00.000Z,CL,91.33999633789062,91.37999725341797,91.33000183105469,91.33999633789062,278
2026-06-08T19:31:00.000Z,CL,91.33999633789062,91.37000274658203,91.33000183105469,91.37000274658203,74
2026-06-08T19:32:00.000Z,CL,91.36000061035156,91.36000061035156,91.33000183105469,91.33999633789062,52
2026-06-08T19:33:00.000Z,CL,91.33000183105469,91.37999725341797,91.33000183105469,91.37999725341797,95
2026-06-08T19:34:00.000Z,CL,91.37000274658203,91.45999908447266,91.37000274658203,91.45999908447266,358
2026-06-08T19:35:00.000Z,CL,91.44999694824219,91.5,91.44999694824219,91.47000122070312,340
2026-06-08T19:36:00.000Z,CL,91.47000122070312,91.5,91.47000122070312,91.48999786376953,103
2026-06-08T19:37:00.000Z,CL,91.4800033569336,91.48999786376953,91.44999694824219,91.45999908447266,64
2026-06-08T19:38:00.000Z,CL,91.47000122070312,91.4800033569336,91.44999694824219,91.45999908447266,33
2026-06-08T19:39:00.000Z,CL,91.45999908447266,91.5,91.44999694824219,91.47000122070312,45
2026-06-08T19:40:00.000Z,CL,91.45999908447266,91.4800033569336,91.45999908447266,91.4800033569336,25
2026-06-08T19:41:00.000Z,CL,91.48999786376953,91.48999786376953,91.44999694824219,91.47000122070312,65
2026-06-08T19:42:00.000Z,CL,91.47000122070312,91.48999786376953,91.47000122070312,91.4800033569336,48
2026-06-08T19:43:00.000Z,CL,91.47000122070312,91.4800033569336,91.43000030517578,91.44999694824219,156
2026-06-08T19:44:00.000Z,CL,91.44999694824219,91.45999908447266,91.41000366210938,91.41999816894531,126
2026-06-08T19:45:00.000Z,CL,91.4000015258789,91.43000030517578,91.4000015258789,91.41999816894531,22
2026-06-08T19:46:00.000Z,CL,91.43000030517578,91.44000244140625,91.38999938964844,91.4000015258789,52
2026-06-08T19:47:00.000Z,CL,91.4000015258789,91.41999816894531,91.37999725341797,91.4000015258789,45
2026-06-08T19:48:00.000Z,CL,91.4000015258789,91.41000366210938,91.37000274658203,91.38999938964844,86
2026-06-08T19:49:00.000Z,CL,91.38999938964844,91.4000015258789,91.37999725341797,91.4000015258789,23
2026-06-08T19:50:00.000Z,CL,91.38999938964844,91.44000244140625,91.30000305175781,91.43000030517578,142
2026-06-08T19:51:00.000Z,CL,91.41999816894531,91.44000244140625,91.41999816894531,91.44000244140625,9
2026-06-08T19:52:00.000Z,CL,91.43000030517578,91.44000244140625,91.33999633789062,91.3499984741211,79
2026-06-08T19:53:00.000Z,CL,91.33999633789062,91.33999633789062,91.29000091552734,91.30000305175781,89
2026-06-08T19:54:00.000Z,CL,91.30999755859375,91.30999755859375,91.27999877929688,91.29000091552734,22
2026-06-08T19:55:00.000Z,CL,91.30000305175781,91.30999755859375,91.29000091552734,91.29000091552734,28
2026-06-08T19:56:00.000Z,CL,91.29000091552734,91.31999969482422,91.29000091552734,91.30000305175781,126
2026-06-08T19:57:00.000Z,CL,91.30999755859375,91.33000183105469,91.2699966430664,91.2699966430664,55
2026-06-08T19:58:00.000Z,CL,91.2699966430664,91.2699966430664,91.19999694824219,91.2300033569336,134
2026-06-08T19:59:00.000Z,CL,91.20999908447266,91.2699966430664,91.12999725341797,91.25,153
2026-06-08T20:00:00.000Z,CL,91.23999786376953,91.2699966430664,91.22000122070312,91.22000122070312,47
2026-06-08T20:01:00.000Z,CL,91.22000122070312,91.22000122070312,91.22000122070312,91.22000122070312,1
2026-06-08T20:02:00.000Z,CL,91.25,91.27999877929688,91.19999694824219,91.22000122070312,111
2026-06-08T20:03:00.000Z,CL,91.20999908447266,91.23999786376953,91.19999694824219,91.23999786376953,59
2026-06-08T20:04:00.000Z,CL,91.26000213623047,91.26000213623047,91.26000213623047,91.26000213623047,2
2026-06-08T20:05:00.000Z,CL,91.23999786376953,91.27999877929688,91.23999786376953,91.2699966430664,27
2026-06-08T20:06:00.000Z,CL,91.2699966430664,91.27999877929688,91.26000213623047,91.26000213623047,45
2026-06-08T20:07:00.000Z,CL,91.25,91.2699966430664,91.25,91.2699966430664,13
2026-06-08T20:08:00.000Z,CL,91.25,91.2699966430664,91.23999786376953,91.26000213623047,28
2026-06-08T20:09:00.000Z,CL,91.2699966430664,91.4800033569336,91.25,91.4000015258789,511
2026-06-08T20:10:00.000Z,CL,91.38999938964844,91.47000122070312,91.38999938964844,91.44999694824219,76
2026-06-08T20:11:00.000Z,CL,91.44000244140625,91.4800033569336,91.43000030517578,91.44000244140625,24
2026-06-08T20:12:00.000Z,CL,91.44999694824219,91.44999694824219,91.41000366210938,91.41000366210938,19
2026-06-08T20:13:00.000Z,CL,91.41999816894531,91.41999816894531,91.4000015258789,91.4000015258789,18
2026-06-08T20:14:00.000Z,CL,91.41000366210938,91.41999816894531,91.36000061035156,91.37000274658203,75
2026-06-08T20:15:00.000Z,CL,91.37999725341797,91.37999725341797,91.37000274658203,91.37999725341797,13
2026-06-08T20:16:00.000Z,CL,91.37999725341797,91.44999694824219,91.37000274658203,91.41999816894531,41
2026-06-08T20:17:00.000Z,CL,91.41999816894531,91.43000030517578,91.33999633789062,91.4000015258789,58
2026-06-08T20:18:00.000Z,CL,91.38999938964844,91.38999938964844,91.37999725341797,91.37999725341797,4
2026-06-08T20:19:00.000Z,CL,91.38999938964844,91.41000366210938,91.38999938964844,91.41000366210938,8
2026-06-08T20:20:00.000Z,CL,91.4000015258789,91.41000366210938,91.4000015258789,91.41000366210938,4
2026-06-08T20:21:00.000Z,CL,91.4000015258789,91.41000366210938,91.38999938964844,91.4000015258789,40
2026-06-08T20:22:00.000Z,CL,91.41999816894531,91.41999816894531,91.4000015258789,91.4000015258789,23
2026-06-08T20:23:00.000Z,CL,91.38999938964844,91.41999816894531,91.38999938964844,91.38999938964844,13
2026-06-08T20:24:00.000Z,CL,91.38999938964844,91.38999938964844,91.37000274658203,91.37000274658203,22
2026-06-08T20:25:00.000Z,CL,91.37000274658203,91.38999938964844,91.33999633789062,91.3499984741211,17
2026-06-08T20:26:00.000Z,CL,91.37000274658203,91.55999755859375,91.33999633789062,91.33999633789062,460
2026-06-08T20:27:00.000Z,CL,91.33999633789062,91.33999633789062,91.31999969482422,91.31999969482422,6
2026-06-08T20:28:00.000Z,CL,91.33000183105469,91.33000183105469,91.30999755859375,91.30999755859375,8
2026-06-08T20:29:00.000Z,CL,91.31999969482422,91.31999969482422,91.22000122070312,91.23999786376953,53
2026-06-08T20:30:00.000Z,CL,91.2300033569336,91.26000213623047,91.22000122070312,91.22000122070312,16
2026-06-08T20:31:00.000Z,CL,91.22000122070312,91.25,91.20999908447266,91.25,66
2026-06-08T20:32:00.000Z,CL,91.25,91.26000213623047,91.2300033569336,91.26000213623047,15
2026-06-08T20:33:00.000Z,CL,91.2699966430664,91.30000305175781,91.2699966430664,91.30000305175781,25
2026-06-08T20:34:00.000Z,CL,91.30000305175781,91.30000305175781,91.30000305175781,91.30000305175781,25
2026-06-08T20:35:00.000Z,CL,91.30000305175781,91.30000305175781,91.29000091552734,91.29000091552734,93
2026-06-08T20:36:00.000Z,CL,91.30000305175781,91.31999969482422,91.30000305175781,91.31999969482422,2
2026-06-08T20:37:00.000Z,CL,91.30999755859375,91.31999969482422,91.25,91.25,32
2026-06-08T20:38:00.000Z,CL,91.2699966430664,91.2699966430664,91.19000244140625,91.19000244140625,81
2026-06-08T20:39:00.000Z,CL,91.19000244140625,91.23999786376953,91.18000030517578,91.18000030517578,133
2026-06-08T20:40:00.000Z,CL,91.16999816894531,91.18000030517578,91.0999984741211,91.12999725341797,101
2026-06-08T20:41:00.000Z,CL,91.12999725341797,91.18000030517578,91.12999725341797,91.16000366210938,31
2026-06-08T20:42:00.000Z,CL,91.16000366210938,91.19000244140625,91.1500015258789,91.1500015258789,16
2026-06-08T20:43:00.000Z,CL,91.16000366210938,91.18000030517578,91.16000366210938,91.16999816894531,7
2026-06-08T20:44:00.000Z,CL,91.16000366210938,91.16999816894531,91.16000366210938,91.16000366210938,4
2026-06-08T20:45:00.000Z,CL,91.1500015258789,91.20999908447266,91.1500015258789,91.20999908447266,29
2026-06-08T20:46:00.000Z,CL,91.26000213623047,91.29000091552734,91.26000213623047,91.2699966430664,32
2026-06-08T20:47:00.000Z,CL,91.26000213623047,91.29000091552734,91.25,91.2699966430664,9
2026-06-08T20:48:00.000Z,CL,91.30000305175781,91.31999969482422,91.26000213623047,91.2699966430664,51
2026-06-08T20:49:00.000Z,CL,91.27999877929688,91.27999877929688,91.23999786376953,91.23999786376953,15
2026-06-08T20:50:00.000Z,CL,91.25,91.33999633789062,91.25,91.33999633789062,26
2026-06-08T20:51:00.000Z,CL,91.3499984741211,91.3499984741211,91.27999877929688,91.30000305175781,21
2026-06-08T20:52:00.000Z,CL,91.29000091552734,91.31999969482422,91.29000091552734,91.30000305175781,10
2026-06-08T20:53:00.000Z,CL,91.30999755859375,91.33000183105469,91.27999877929688,91.30999755859375,39
2026-06-08T20:54:00.000Z,CL,91.31999969482422,91.3499984741211,91.30999755859375,91.31999969482422,42
2026-06-08T20:55:00.000Z,CL,91.30999755859375,91.33000183105469,91.27999877929688,91.27999877929688,77
2026-06-08T20:56:00.000Z,CL,91.2699966430664,91.29000091552734,91.2699966430664,91.27999877929688,13
2026-06-08T20:57:00.000Z,CL,91.2699966430664,91.29000091552734,91.25,91.2699966430664,24
2026-06-08T20:58:00.000Z,CL,91.29000091552734,91.30000305175781,91.25,91.25,51
2026-06-08T20:59:00.000Z,CL,91.25,91.27999877929688,91.25,91.27999877929688,149
2026-06-08T22:00:00.000Z,CL,91.27999877929688,91.41999816894531,91.25,91.37000274658203,0
2026-06-08T22:01:00.000Z,CL,91.41999816894531,91.47000122070312,91.38999938964844,91.38999938964844,17
2026-06-08T22:02:00.000Z,CL,91.41000366210938,91.4800033569336,91.38999938964844,91.4800033569336,19
2026-06-08T22:03:00.000Z,CL,91.4800033569336,91.52999877929688,91.44999694824219,91.52999877929688,26
2026-06-08T22:04:00.000Z,CL,91.55000305175781,91.55000305175781,91.48999786376953,91.48999786376953,20
2026-06-08T22:05:00.000Z,CL,91.48999786376953,91.5199966430664,91.48999786376953,91.5199966430664,5
2026-06-08T22:06:00.000Z,CL,91.54000091552734,91.55000305175781,91.5,91.5,18
2026-06-08T22:07:00.000Z,CL,91.4800033569336,91.5,91.43000030517578,91.45999908447266,32
2026-06-08T22:08:00.000Z,CL,91.47000122070312,91.4800033569336,91.44999694824219,91.45999908447266,21
2026-06-08T22:09:00.000Z,CL,91.44000244140625,91.44000244140625,91.41999816894531,91.41999816894531,15
2026-06-08T22:10:00.000Z,CL,91.44000244140625,91.44999694824219,91.37000274658203,91.37000274658203,16
2026-06-08T22:11:00.000Z,CL,91.36000061035156,91.36000061035156,91.30000305175781,91.30999755859375,53
2026-06-08T22:12:00.000Z,CL,91.33000183105469,91.38999938964844,91.33000183105469,91.38999938964844,10
2026-06-08T22:13:00.000Z,CL,91.4000015258789,91.4000015258789,91.4000015258789,91.4000015258789,2
2026-06-08T22:15:00.000Z,CL,91.38999938964844,91.41000366210938,91.38999938964844,91.41000366210938,4
2026-06-08T22:16:00.000Z,CL,91.44000244140625,91.44999694824219,91.41000366210938,91.44999694824219,10
2026-06-08T22:17:00.000Z,CL,91.43000030517578,91.44999694824219,91.37999725341797,91.37999725341797,9
2026-06-08T22:18:00.000Z,CL,91.37999725341797,91.38999938964844,91.37000274658203,91.37000274658203,4
2026-06-08T22:19:00.000Z,CL,91.37000274658203,91.37000274658203,91.37000274658203,91.37000274658203,1
2026-06-08T22:20:00.000Z,CL,91.3499984741211,91.38999938964844,91.3499984741211,91.37999725341797,14
2026-06-08T22:21:00.000Z,CL,91.38999938964844,91.38999938964844,91.38999938964844,91.38999938964844,2
2026-06-08T22:22:00.000Z,CL,91.41000366210938,91.41999816894531,91.41000366210938,91.41999816894531,7
2026-06-08T22:23:00.000Z,CL,91.41999816894531,91.41999816894531,91.4000015258789,91.4000015258789,5
2026-06-08T22:24:00.000Z,CL,91.43000030517578,91.43000030517578,91.43000030517578,91.43000030517578,4
2026-06-08T22:25:00.000Z,CL,91.43000030517578,91.47000122070312,91.43000030517578,91.47000122070312,6
2026-06-08T22:26:00.000Z,CL,91.45999908447266,91.4800033569336,91.45999908447266,91.4800033569336,8
2026-06-08T22:27:00.000Z,CL,91.4800033569336,91.4800033569336,91.4800033569336,91.4800033569336,1
2026-06-08T22:28:00.000Z,CL,91.43000030517578,91.43000030517578,91.43000030517578,91.43000030517578,2
2026-06-08T22:30:00.000Z,CL,91.43000030517578,91.43000030517578,91.4000015258789,91.41000366210938,4
2026-06-08T22:31:00.000Z,CL,91.41000366210938,91.41000366210938,91.41000366210938,91.41000366210938,2
2026-06-08T22:32:00.000Z,CL,91.41000366210938,91.41000366210938,91.33999633789062,91.3499984741211,39
2026-06-08T22:34:00.000Z,CL,91.36000061035156,91.36000061035156,91.36000061035156,91.36000061035156,1
2026-06-08T22:35:00.000Z,CL,91.30999755859375,91.30999755859375,91.27999877929688,91.30000305175781,8
2026-06-08T22:36:00.000Z,CL,91.30000305175781,91.30000305175781,91.2699966430664,91.29000091552734,12
2026-06-08T22:37:00.000Z,CL,91.30000305175781,91.30000305175781,91.30000305175781,91.30000305175781,1
2026-06-08T22:38:00.000Z,CL,91.30000305175781,91.33000183105469,91.30000305175781,91.30999755859375,7
2026-06-08T22:39:00.000Z,CL,91.31999969482422,91.31999969482422,91.31999969482422,91.31999969482422,1
2026-06-08T22:40:00.000Z,CL,91.30999755859375,91.30999755859375,91.30000305175781,91.30000305175781,4
2026-06-08T22:41:00.000Z,CL,91.29000091552734,91.29000091552734,91.29000091552734,91.29000091552734,1
2026-06-08T22:42:00.000Z,CL,91.30000305175781,91.30999755859375,91.30000305175781,91.30999755859375,2
2026-06-08T22:43:00.000Z,CL,91.30000305175781,91.30999755859375,91.30000305175781,91.30999755859375,2
2026-06-08T22:44:00.000Z,CL,91.30999755859375,91.30999755859375,91.30000305175781,91.30000305175781,2
2026-06-08T22:46:00.000Z,CL,91.30999755859375,91.33000183105469,91.30000305175781,91.33000183105469,8
2026-06-08T22:47:00.000Z,CL,91.31999969482422,91.33000183105469,91.31999969482422,91.31999969482422,6
2026-06-08T22:51:00.000Z,CL,91.31999969482422,91.37000274658203,91.31999969482422,91.37000274658203,10
2026-06-08T22:52:00.000Z,CL,91.36000061035156,91.37000274658203,91.36000061035156,91.37000274658203,2
2026-06-08T22:54:00.000Z,CL,91.3499984741211,91.3499984741211,91.33999633789062,91.33999633789062,2
2026-06-08T22:56:00.000Z,CL,91.2699966430664,91.2699966430664,91.2699966430664,91.2699966430664,4
2026-06-08T22:57:00.000Z,CL,91.27999877929688,91.33000183105469,91.27999877929688,91.33000183105469,4
2026-06-08T22:58:00.000Z,CL,91.33000183105469,91.38999938964844,91.33000183105469,91.3499984741211,22
2026-06-08T22:59:00.000Z,CL,91.37999725341797,91.44000244140625,91.37000274658203,91.37000274658203,38
2026-06-08T23:00:00.000Z,CL,91.38999938964844,91.41000366210938,91.37000274658203,91.41000366210938,314
2026-06-08T23:01:00.000Z,CL,91.41000366210938,91.41000366210938,91.37999725341797,91.37999725341797,62
2026-06-08T23:02:00.000Z,CL,91.37000274658203,91.41000366210938,91.36000061035156,91.41000366210938,68
2026-06-08T23:03:00.000Z,CL,91.41000366210938,91.41999816894531,91.37999725341797,91.4000015258789,72
2026-06-08T23:04:00.000Z,CL,91.37999725341797,91.38999938964844,91.37000274658203,91.38999938964844,4
2026-06-08T23:05:00.000Z,CL,91.37999725341797,91.37999725341797,91.37999725341797,91.37999725341797,1
2026-06-08T23:06:00.000Z,CL,91.38999938964844,91.38999938964844,91.37000274658203,91.37000274658203,5
2026-06-08T23:08:00.000Z,CL,91.37000274658203,91.37000274658203,91.36000061035156,91.36000061035156,3
2026-06-08T23:09:00.000Z,CL,91.33999633789062,91.33999633789062,91.31999969482422,91.31999969482422,5
2026-06-08T23:11:00.000Z,CL,91.33000183105469,91.33000183105469,91.33000183105469,91.33000183105469,1
2026-06-08T23:12:00.000Z,CL,91.30999755859375,91.33000183105469,91.30999755859375,91.33000183105469,6
2026-06-08T23:13:00.000Z,CL,91.33999633789062,91.36000061035156,91.33999633789062,91.36000061035156,5
2026-06-08T23:14:00.000Z,CL,91.33999633789062,91.33999633789062,91.33999633789062,91.33999633789062,3
2026-06-08T23:15:00.000Z,CL,91.3499984741211,91.3499984741211,91.3499984741211,91.3499984741211,3
2026-06-08T23:16:00.000Z,CL,91.3499984741211,91.3499984741211,91.3499984741211,91.3499984741211,1
2026-06-08T23:17:00.000Z,CL,91.3499984741211,91.36000061035156,91.33999633789062,91.3499984741211,14
2026-06-08T23:18:00.000Z,CL,91.36000061035156,91.37000274658203,91.36000061035156,91.37000274658203,3
2026-06-08T23:19:00.000Z,CL,91.3499984741211,91.3499984741211,91.3499984741211,91.3499984741211,3
2026-06-08T23:20:00.000Z,CL,91.33999633789062,91.36000061035156,91.33999633789062,91.36000061035156,3
2026-06-08T23:23:00.000Z,CL,91.36000061035156,91.37000274658203,91.3499984741211,91.36000061035156,18
2026-06-08T23:25:00.000Z,CL,91.36000061035156,91.37999725341797,91.3499984741211,91.3499984741211,9
2026-06-08T23:26:00.000Z,CL,91.36000061035156,91.36000061035156,91.3499984741211,91.3499984741211,2
2026-06-08T23:27:00.000Z,CL,91.37000274658203,91.41999816894531,91.37000274658203,91.38999938964844,22
2026-06-08T23:28:00.000Z,CL,91.41999816894531,91.41999816894531,91.38999938964844,91.38999938964844,11
2026-06-08T23:29:00.000Z,CL,91.4000015258789,91.4000015258789,91.37000274658203,91.37000274658203,7
2026-06-08T23:31:00.000Z,CL,91.37999725341797,91.4000015258789,91.37999725341797,91.4000015258789,14
2026-06-08T23:32:00.000Z,CL,91.41000366210938,91.41000366210938,91.38999938964844,91.38999938964844,7
2026-06-08T23:33:00.000Z,CL,91.38999938964844,91.4000015258789,91.38999938964844,91.4000015258789,3
2026-06-08T23:34:00.000Z,CL,91.4000015258789,91.4000015258789,91.4000015258789,91.4000015258789,1
2026-06-08T23:35:00.000Z,CL,91.38999938964844,91.38999938964844,91.37000274658203,91.37999725341797,10
2026-06-08T23:36:00.000Z,CL,91.37000274658203,91.37000274658203,91.37000274658203,91.37000274658203,2
2026-06-08T23:37:00.000Z,CL,91.30999755859375,91.31999969482422,91.30000305175781,91.31999969482422,8
2026-06-08T23:38:00.000Z,CL,91.30999755859375,91.31999969482422,91.30999755859375,91.31999969482422,4
2026-06-08T23:39:00.000Z,CL,91.33000183105469,91.33000183105469,91.33000183105469,91.33000183105469,1
2026-06-08T23:40:00.000Z,CL,91.31999969482422,91.33000183105469,91.31999969482422,91.33000183105469,4
2026-06-08T23:41:00.000Z,CL,91.33999633789062,91.36000061035156,91.33999633789062,91.36000061035156,2
2026-06-08T23:42:00.000Z,CL,91.33999633789062,91.36000061035156,91.33999633789062,91.36000061035156,3
2026-06-08T23:43:00.000Z,CL,91.36000061035156,91.36000061035156,91.3499984741211,91.3499984741211,4
2026-06-08T23:44:00.000Z,CL,91.37000274658203,91.4000015258789,91.37000274658203,91.4000015258789,14
2026-06-08T23:45:00.000Z,CL,91.4000015258789,91.41000366210938,91.38999938964844,91.41000366210938,4
2026-06-08T23:46:00.000Z,CL,91.41000366210938,91.41000366210938,91.37999725341797,91.4000015258789,33
2026-06-08T23:47:00.000Z,CL,91.41000366210938,91.41999816894531,91.38999938964844,91.41000366210938,116
2026-06-08T23:48:00.000Z,CL,91.41000366210938,91.41999816894531,91.38999938964844,91.4000015258789,104
2026-06-08T23:49:00.000Z,CL,91.41000366210938,91.43000030517578,91.33999633789062,91.41000366210938,178
2026-06-08T23:50:00.000Z,CL,91.41000366210938,91.41000366210938,91.4000015258789,91.4000015258789,6
2026-06-08T23:52:00.000Z,CL,91.41999816894531,91.41999816894531,91.41999816894531,91.41999816894531,1
2026-06-08T23:53:00.000Z,CL,91.41000366210938,91.41000366210938,91.37999725341797,91.37999725341797,146
2026-06-08T23:54:00.000Z,CL,91.38999938964844,91.41999816894531,91.37000274658203,91.41000366210938,124
2026-06-08T23:55:00.000Z,CL,91.41999816894531,91.41999816894531,91.38999938964844,91.41000366210938,113
2026-06-08T23:56:00.000Z,CL,91.4000015258789,91.41000366210938,91.38999938964844,91.38999938964844,52
2026-06-08T23:57:00.000Z,CL,91.41000366210938,91.41999816894531,91.4000015258789,91.4000015258789,74
2026-06-08T23:58:00.000Z,CL,91.41000366210938,91.41000366210938,91.37999725341797,91.38999938964844,46
2026-06-08T23:59:00.000Z,CL,91.37999725341797,91.37999725341797,91.37999725341797,91.37999725341797,12
2026-06-09T00:00:00.000Z,CL,91.33999633789062,91.38999938964844,91.26000213623047,91.36000061035156,122
2026-06-09T00:01:00.000Z,CL,91.37000274658203,91.44000244140625,91.37000274658203,91.41000366210938,71
2026-06-09T00:02:00.000Z,CL,91.41000366210938,91.44000244140625,91.38999938964844,91.41999816894531,36
2026-06-09T00:03:00.000Z,CL,91.41999816894531,91.44999694824219,91.41000366210938,91.43000030517578,26
2026-06-09T00:04:00.000Z,CL,91.43000030517578,91.47000122070312,91.43000030517578,91.43000030517578,74
2026-06-09T00:05:00.000Z,CL,91.43000030517578,91.43000030517578,91.37000274658203,91.41999816894531,39
2026-06-09T00:06:00.000Z,CL,91.4000015258789,91.4000015258789,91.2699966430664,91.29000091552734,45
2026-06-09T00:07:00.000Z,CL,91.29000091552734,91.30000305175781,91.2300033569336,91.2699966430664,125
2026-06-09T00:08:00.000Z,CL,91.2699966430664,91.29000091552734,91.2300033569336,91.27999877929688,54
2026-06-09T00:09:00.000Z,CL,91.27999877929688,91.29000091552734,91.19999694824219,91.19999694824219,33
2026-06-09T00:10:00.000Z,CL,91.20999908447266,91.22000122070312,91.16000366210938,91.16000366210938,63
2026-06-09T00:11:00.000Z,CL,91.19000244140625,91.19000244140625,91.1500015258789,91.16000366210938,35
2026-06-09T00:12:00.000Z,CL,91.16000366210938,91.16999816894531,91.1500015258789,91.1500015258789,33
2026-06-09T00:13:00.000Z,CL,91.1500015258789,91.1500015258789,91.02999877929688,91.06999969482422,152
2026-06-09T00:14:00.000Z,CL,91.06999969482422,91.13999938964844,91.06999969482422,91.0999984741211,45
2026-06-09T00:15:00.000Z,CL,91.11000061035156,91.13999938964844,91.11000061035156,91.13999938964844,16
2026-06-09T00:16:00.000Z,CL,91.1500015258789,91.16000366210938,91.12000274658203,91.1500015258789,9
2026-06-09T00:17:00.000Z,CL,91.16000366210938,91.16999816894531,91.1500015258789,91.16999816894531,5
2026-06-09T00:18:00.000Z,CL,91.18000030517578,91.19999694824219,91.18000030517578,91.19000244140625,8
2026-06-09T00:19:00.000Z,CL,91.18000030517578,91.18000030517578,91.16999816894531,91.16999816894531,10
2026-06-09T00:20:00.000Z,CL,91.16999816894531,91.18000030517578,91.08999633789062,91.08999633789062,52
2026-06-09T00:21:00.000Z,CL,91.0999984741211,91.0999984741211,91.05999755859375,91.06999969482422,15
2026-06-09T00:22:00.000Z,CL,91.06999969482422,91.0999984741211,91.06999969482422,91.06999969482422,13
2026-06-09T00:23:00.000Z,CL,91.08000183105469,91.08000183105469,91.05999755859375,91.08000183105469,11
2026-06-09T00:24:00.000Z,CL,91.08000183105469,91.08000183105469,91.06999969482422,91.06999969482422,14
2026-06-09T00:25:00.000Z,CL,91.05999755859375,91.05999755859375,91.01000213623047,91.04000091552734,32
2026-06-09T00:26:00.000Z,CL,91.02999877929688,91.05999755859375,91.0,91.01000213623047,163
2026-06-09T00:27:00.000Z,CL,91.01000213623047,91.0199966430664,90.93000030517578,90.94999694824219,60
2026-06-09T00:28:00.000Z,CL,90.9800033569336,90.9800033569336,90.87000274658203,90.88999938964844,100
2026-06-09T00:29:00.000Z,CL,90.9000015258789,90.91000366210938,90.87999725341797,90.91000366210938,34
2026-06-09T00:30:00.000Z,CL,90.91999816894531,90.94999694824219,90.91999816894531,90.91999816894531,36
2026-06-09T00:31:00.000Z,CL,90.93000030517578,90.93000030517578,90.9000015258789,90.93000030517578,17
2026-06-09T00:32:00.000Z,CL,90.88999938964844,90.91000366210938,90.88999938964844,90.91000366210938,3
2026-06-09T00:33:00.000Z,CL,90.91000366210938,91.0,90.9000015258789,91.0,23
2026-06-09T00:34:00.000Z,CL,91.0,91.0,90.95999908447266,90.95999908447266,10
2026-06-09T00:35:00.000Z,CL,90.95999908447266,90.95999908447266,90.94000244140625,90.94999694824219,7
2026-06-09T00:36:00.000Z,CL,90.95999908447266,90.9800033569336,90.95999908447266,90.9800033569336,5
2026-06-09T00:37:00.000Z,CL,90.97000122070312,90.97000122070312,90.94000244140625,90.94000244140625,31
2026-06-09T00:38:00.000Z,CL,90.95999908447266,90.95999908447266,90.87999725341797,90.9000015258789,20
2026-06-09T00:39:00.000Z,CL,90.91999816894531,90.94000244140625,90.91999816894531,90.94000244140625,6
2026-06-09T00:40:00.000Z,CL,90.93000030517578,90.93000030517578,90.91000366210938,90.91000366210938,3
2026-06-09T00:41:00.000Z,CL,90.91000366210938,90.91000366210938,90.91000366210938,90.91000366210938,1
2026-06-09T00:42:00.000Z,CL,90.9000015258789,90.9000015258789,90.8499984741211,90.86000061035156,30
2026-06-09T00:43:00.000Z,CL,90.83999633789062,90.83999633789062,90.70999908447266,90.75,92
2026-06-09T00:44:00.000Z,CL,90.77999877929688,90.79000091552734,90.7300033569336,90.76000213623047,86
2026-06-09T00:45:00.000Z,CL,90.76000213623047,90.80999755859375,90.76000213623047,90.77999877929688,46
2026-06-09T00:46:00.000Z,CL,90.77999877929688,90.83000183105469,90.77999877929688,90.83000183105469,45
2026-06-09T00:47:00.000Z,CL,90.83999633789062,90.91999816894531,90.83999633789062,90.88999938964844,62
2026-06-09T00:48:00.000Z,CL,90.9000015258789,91.0199966430664,90.9000015258789,91.0199966430664,82
2026-06-09T00:49:00.000Z,CL,91.01000213623047,91.06999969482422,90.9800033569336,90.98999786376953,51
2026-06-09T00:50:00.000Z,CL,91.0199966430664,91.12999725341797,91.0199966430664,91.12999725341797,40
2026-06-09T00:51:00.000Z,CL,91.0999984741211,91.27999877929688,91.0999984741211,91.23999786376953,86
2026-06-09T00:52:00.000Z,CL,91.2300033569336,91.27999877929688,91.20999908447266,91.23999786376953,55
2026-06-09T00:53:00.000Z,CL,91.26000213623047,91.36000061035156,91.23999786376953,91.33999633789062,46
2026-06-09T00:54:00.000Z,CL,91.31999969482422,91.37999725341797,91.29000091552734,91.30999755859375,51
2026-06-09T00:55:00.000Z,CL,91.30999755859375,91.3499984741211,91.22000122070312,91.23999786376953,36
2026-06-09T00:56:00.000Z,CL,91.25,91.26000213623047,91.16999816894531,91.19999694824219,50
2026-06-09T00:57:00.000Z,CL,91.18000030517578,91.18000030517578,91.18000030517578,91.18000030517578,7
2026-06-09T00:58:00.000Z,CL,91.16999816894531,91.16999816894531,91.08000183105469,91.0999984741211,40
2026-06-09T00:59:00.000Z,CL,91.12000274658203,91.12000274658203,91.0199966430664,91.02999877929688,53
2026-06-09T01:00:00.000Z,CL,91.05000305175781,91.1500015258789,90.88999938964844,90.91999816894531,163
2026-06-09T01:01:00.000Z,CL,90.93000030517578,90.97000122070312,90.9000015258789,90.9000015258789,45
2026-06-09T01:02:00.000Z,CL,90.91999816894531,90.9800033569336,90.87000274658203,90.93000030517578,51
2026-06-09T01:03:00.000Z,CL,90.94000244140625,90.98999786376953,90.9000015258789,90.97000122070312,35
2026-06-09T01:04:00.000Z,CL,90.97000122070312,90.97000122070312,90.8499984741211,90.87999725341797,56
2026-06-09T01:05:00.000Z,CL,90.88999938964844,90.94000244140625,90.86000061035156,90.94000244140625,23
2026-06-09T01:06:00.000Z,CL,90.91999816894531,90.91999816894531,90.8499984741211,90.88999938964844,12
2026-06-09T01:07:00.000Z,CL,90.88999938964844,90.97000122070312,90.88999938964844,90.95999908447266,25
2026-06-09T01:08:00.000Z,CL,90.94999694824219,91.0,90.94999694824219,90.98999786376953,15
2026-06-09T01:09:00.000Z,CL,90.97000122070312,90.97000122070312,90.97000122070312,90.97000122070312,1
2026-06-09T01:10:00.000Z,CL,90.9800033569336,91.08999633789062,90.9800033569336,91.08999633789062,88
2026-06-09T01:11:00.000Z,CL,91.0999984741211,91.11000061035156,91.05000305175781,91.05000305175781,33
2026-06-09T01:12:00.000Z,CL,91.04000091552734,91.04000091552734,90.9800033569336,91.0,11
2026-06-09T01:13:00.000Z,CL,91.01000213623047,91.0199966430664,90.98999786376953,91.01000213623047,19
2026-06-09T01:14:00.000Z,CL,91.01000213623047,91.02999877929688,91.01000213623047,91.01000213623047,7
2026-06-09T01:15:00.000Z,CL,91.0,91.02999877929688,91.0,91.01000213623047,12
2026-06-09T01:16:00.000Z,CL,91.0199966430664,91.02999877929688,90.9800033569336,90.9800033569336,18
2026-06-09T01:17:00.000Z,CL,90.9800033569336,90.9800033569336,90.93000030517578,90.93000030517578,44
2026-06-09T01:18:00.000Z,CL,90.94000244140625,91.01000213623047,90.93000030517578,91.01000213623047,123
2026-06-09T01:19:00.000Z,CL,91.0,91.01000213623047,90.9800033569336,91.01000213623047,24
2026-06-09T01:20:00.000Z,CL,91.01000213623047,91.0999984741211,91.0,91.08000183105469,48
2026-06-09T01:21:00.000Z,CL,91.08000183105469,91.08999633789062,91.04000091552734,91.05000305175781,22
2026-06-09T01:22:00.000Z,CL,91.06999969482422,91.08999633789062,90.93000030517578,90.94000244140625,36
2026-06-09T01:23:00.000Z,CL,90.95999908447266,91.02999877929688,90.95999908447266,91.02999877929688,10
2026-06-09T01:24:00.000Z,CL,90.9800033569336,90.9800033569336,90.95999908447266,90.95999908447266,7
2026-06-09T01:25:00.000Z,CL,90.95999908447266,90.95999908447266,90.91000366210938,90.93000030517578,7
2026-06-09T01:26:00.000Z,CL,90.93000030517578,90.94999694824219,90.88999938964844,90.88999938964844,17
2026-06-09T01:27:00.000Z,CL,90.93000030517578,90.93000030517578,90.88999938964844,90.9000015258789,13
2026-06-09T01:28:00.000Z,CL,90.91000366210938,90.94000244140625,90.88999938964844,90.9000015258789,29
2026-06-09T01:29:00.000Z,CL,90.87999725341797,90.87999725341797,90.81999969482422,90.8499984741211,44
2026-06-09T01:30:00.000Z,CL,90.80999755859375,90.8499984741211,90.77999877929688,90.81999969482422,49
2026-06-09T01:31:00.000Z,CL,90.80000305175781,90.86000061035156,90.80000305175781,90.80000305175781,30
2026-06-09T01:32:00.000Z,CL,90.80000305175781,90.87000274658203,90.79000091552734,90.86000061035156,14
2026-06-09T01:33:00.000Z,CL,90.86000061035156,90.88999938964844,90.86000061035156,90.88999938964844,4
2026-06-09T01:34:00.000Z,CL,90.9000015258789,90.91000366210938,90.83000183105469,90.86000061035156,26
2026-06-09T01:35:00.000Z,CL,90.86000061035156,90.87000274658203,90.86000061035156,90.86000061035156,5
2026-06-09T01:36:00.000Z,CL,90.87000274658203,90.87000274658203,90.79000091552734,90.83000183105469,27
2026-06-09T01:37:00.000Z,CL,90.83999633789062,90.87999725341797,90.83999633789062,90.87999725341797,17
2026-06-09T01:38:00.000Z,CL,90.87000274658203,90.9000015258789,90.87000274658203,90.9000015258789,9
2026-06-09T01:39:00.000Z,CL,90.87999725341797,90.87999725341797,90.86000061035156,90.87999725341797,5
2026-06-09T01:40:00.000Z,CL,90.9000015258789,90.91999816894531,90.7699966430664,90.7699966430664,55
2026-06-09T01:41:00.000Z,CL,90.80000305175781,90.87000274658203,90.80000305175781,90.83000183105469,22
2026-06-09T01:42:00.000Z,CL,90.83000183105469,90.83000183105469,90.79000091552734,90.83000183105469,12
2026-06-09T01:43:00.000Z,CL,90.8499984741211,90.9000015258789,90.8499984741211,90.88999938964844,12
2026-06-09T01:44:00.000Z,CL,90.87999725341797,90.95999908447266,90.87000274658203,90.87999725341797,31
2026-06-09T01:45:00.000Z,CL,90.87000274658203,90.87000274658203,90.83999633789062,90.86000061035156,22
2026-06-09T01:46:00.000Z,CL,90.86000061035156,90.86000061035156,90.80000305175781,90.80000305175781,9
2026-06-09T01:47:00.000Z,CL,90.80000305175781,90.80000305175781,90.7300033569336,90.7300033569336,52
2026-06-09T01:48:00.000Z,CL,90.7300033569336,90.73999786376953,90.61000061035156,90.63999938964844,105
2026-06-09T01:49:00.000Z,CL,90.62000274658203,90.7300033569336,90.58999633789062,90.7300033569336,92
2026-06-09T01:50:00.000Z,CL,90.73999786376953,90.80999755859375,90.73999786376953,90.80999755859375,46
2026-06-09T01:51:00.000Z,CL,90.79000091552734,90.80000305175781,90.77999877929688,90.77999877929688,21
2026-06-09T01:52:00.000Z,CL,90.77999877929688,90.83000183105469,90.77999877929688,90.83000183105469,14
2026-06-09T01:53:00.000Z,CL,90.81999969482422,90.81999969482422,90.80000305175781,90.80000305175781,5
2026-06-09T01:54:00.000Z,CL,90.83999633789062,90.91999816894531,90.83999633789062,90.9000015258789,43
2026-06-09T01:55:00.000Z,CL,90.91000366210938,90.94000244140625,90.9000015258789,90.93000030517578,25
2026-06-09T01:56:00.000Z,CL,90.91999816894531,90.97000122070312,90.91999816894531,90.97000122070312,27
2026-06-09T01:57:00.000Z,CL,90.95999908447266,91.0199966430664,90.95999908447266,91.01000213623047,82
2026-06-09T01:58:00.000Z,CL,91.0,91.06999969482422,90.9800033569336,91.0199966430664,38
2026-06-09T01:59:00.000Z,CL,91.01000213623047,91.01000213623047,90.91999816894531,90.94999694824219,33
2026-06-09T02:00:00.000Z,CL,90.93000030517578,90.94999694824219,90.91999816894531,90.93000030517578,13
2026-06-09T02:01:00.000Z,CL,90.95999908447266,91.0,90.95999908447266,90.9800033569336,14
2026-06-09T02:02:00.000Z,CL,90.95999908447266,90.95999908447266,90.91999816894531,90.91999816894531,8
2026-06-09T02:03:00.000Z,CL,90.93000030517578,90.97000122070312,90.86000061035156,90.94000244140625,39
2026-06-09T02:04:00.000Z,CL,90.91000366210938,90.91999816894531,90.8499984741211,90.8499984741211,39
2026-06-09T02:05:00.000Z,CL,90.8499984741211,90.8499984741211,90.81999969482422,90.83000183105469,17
2026-06-09T02:06:00.000Z,CL,90.83999633789062,90.83999633789062,90.73999786376953,90.79000091552734,42
2026-06-09T02:07:00.000Z,CL,90.80000305175781,90.81999969482422,90.68000030517578,90.70999908447266,76
2026-06-09T02:08:00.000Z,CL,90.7300033569336,90.73999786376953,90.5199966430664,90.55999755859375,123
2026-06-09T02:09:00.000Z,CL,90.56999969482422,90.6500015258789,90.4800033569336,90.55999755859375,226
2026-06-09T02:10:00.000Z,CL,90.58000183105469,90.62000274658203,90.58000183105469,90.62000274658203,22
2026-06-09T02:11:00.000Z,CL,90.62000274658203,90.6500015258789,90.61000061035156,90.63999938964844,42
2026-06-09T02:12:00.000Z,CL,90.63999938964844,90.66000366210938,90.62999725341797,90.63999938964844,9
2026-06-09T02:13:00.000Z,CL,90.63999938964844,90.68000030517578,90.62999725341797,90.68000030517578,12
2026-06-09T02:14:00.000Z,CL,90.69000244140625,90.76000213623047,90.68000030517578,90.75,24
2026-06-09T02:15:00.000Z,CL,90.77999877929688,90.83000183105469,90.77999877929688,90.81999969482422,42
2026-06-09T02:16:00.000Z,CL,90.80999755859375,90.87000274658203,90.80000305175781,90.81999969482422,37
2026-06-09T02:17:00.000Z,CL,90.83000183105469,90.83999633789062,90.79000091552734,90.79000091552734,31
2026-06-09T02:18:00.000Z,CL,90.79000091552734,90.79000091552734,90.77999877929688,90.77999877929688,3
2026-06-09T02:19:00.000Z,CL,90.79000091552734,90.87000274658203,90.79000091552734,90.86000061035156,35
2026-06-09T02:20:00.000Z,CL,90.87000274658203,90.87999725341797,90.8499984741211,90.8499984741211,7
2026-06-09T02:21:00.000Z,CL,90.83999633789062,90.83999633789062,90.79000091552734,90.79000091552734,6
2026-06-09T02:22:00.000Z,CL,90.80000305175781,90.83000183105469,90.79000091552734,90.83000183105469,13
2026-06-09T02:23:00.000Z,CL,90.83999633789062,90.86000061035156,90.83000183105469,90.83000183105469,14
2026-06-09T02:25:00.000Z,CL,90.86000061035156,90.88999938964844,90.86000061035156,90.87999725341797,18
2026-06-09T02:26:00.000Z,CL,90.87000274658203,90.9000015258789,90.87000274658203,90.88999938964844,18
2026-06-09T02:27:00.000Z,CL,90.88999938964844,90.94999694824219,90.88999938964844,90.94000244140625,33
2026-06-09T02:28:00.000Z,CL,90.94000244140625,90.94000244140625,90.88999938964844,90.88999938964844,19
2026-06-09T02:29:00.000Z,CL,90.88999938964844,90.94000244140625,90.88999938964844,90.91999816894531,28
2026-06-09T02:30:00.000Z,CL,90.91000366210938,90.91000366210938,90.7699966430664,90.83999633789062,88
2026-06-09T02:31:00.000Z,CL,90.8499984741211,90.8499984741211,90.76000213623047,90.7699966430664,20
2026-06-09T02:32:00.000Z,CL,90.76000213623047,90.80999755859375,90.76000213623047,90.80999755859375,5
2026-06-09T02:33:00.000Z,CL,90.75,90.75,90.72000122070312,90.7300033569336,10
2026-06-09T02:34:00.000Z,CL,90.73999786376953,90.79000091552734,90.73999786376953,90.79000091552734,12
2026-06-09T02:35:00.000Z,CL,90.80000305175781,90.81999969482422,90.7300033569336,90.7300033569336,15
2026-06-09T02:36:00.000Z,CL,90.73999786376953,90.75,90.69999694824219,90.69999694824219,6
2026-06-09T02:37:00.000Z,CL,90.69000244140625,90.72000122070312,90.68000030517578,90.72000122070312,11
2026-06-09T02:38:00.000Z,CL,90.70999908447266,90.72000122070312,90.69999694824219,90.69999694824219,11
2026-06-09T02:39:00.000Z,CL,90.69000244140625,90.69000244140625,90.52999877929688,90.52999877929688,104
2026-06-09T02:40:00.000Z,CL,90.55000305175781,90.56999969482422,90.48999786376953,90.55999755859375,77
2026-06-09T02:41:00.000Z,CL,90.58000183105469,90.62000274658203,90.58000183105469,90.62000274658203,14
2026-06-09T02:42:00.000Z,CL,90.5999984741211,90.62000274658203,90.58999633789062,90.58999633789062,23
2026-06-09T02:43:00.000Z,CL,90.5999984741211,90.63999938964844,90.5999984741211,90.63999938964844,13
2026-06-09T02:44:00.000Z,CL,90.62999725341797,90.6500015258789,90.62000274658203,90.6500015258789,9
2026-06-09T02:45:00.000Z,CL,90.63999938964844,90.6500015258789,90.61000061035156,90.6500015258789,13
2026-06-09T02:46:00.000Z,CL,90.63999938964844,90.63999938964844,90.5999984741211,90.5999984741211,4
2026-06-09T02:47:00.000Z,CL,90.58999633789062,90.6500015258789,90.58999633789062,90.6500015258789,13
2026-06-09T02:48:00.000Z,CL,90.66999816894531,90.72000122070312,90.66000366210938,90.69999694824219,39
2026-06-09T02:49:00.000Z,CL,90.69999694824219,90.69999694824219,90.66999816894531,90.68000030517578,8
2026-06-09T02:50:00.000Z,CL,90.6500015258789,90.66000366210938,90.63999938964844,90.63999938964844,12
2026-06-09T02:51:00.000Z,CL,90.66000366210938,90.66000366210938,90.66000366210938,90.66000366210938,1
2026-06-09T02:52:00.000Z,CL,90.66999816894531,90.66999816894531,90.6500015258789,90.6500015258789,7
2026-06-09T02:53:00.000Z,CL,90.6500015258789,90.6500015258789,90.62999725341797,90.62999725341797,8
2026-06-09T02:54:00.000Z,CL,90.62999725341797,90.62999725341797,90.62000274658203,90.62000274658203,2
2026-06-09T02:55:00.000Z,CL,90.6500015258789,90.6500015258789,90.58000183105469,90.58999633789062,16
2026-06-09T02:56:00.000Z,CL,90.61000061035156,90.61000061035156,90.61000061035156,90.61000061035156,4
2026-06-09T02:57:00.000Z,CL,90.61000061035156,90.62000274658203,90.5999984741211,90.5999984741211,9
2026-06-09T02:58:00.000Z,CL,90.58999633789062,90.62000274658203,90.58999633789062,90.61000061035156,7
2026-06-09T02:59:00.000Z,CL,90.62999725341797,90.62999725341797,90.62999725341797,90.62999725341797,3
2026-06-09T03:00:00.000Z,CL,90.66000366210938,90.66000366210938,90.5999984741211,90.5999984741211,19
2026-06-09T03:01:00.000Z,CL,90.61000061035156,90.61000061035156,90.55000305175781,90.58000183105469,34
2026-06-09T03:02:00.000Z,CL,90.5999984741211,90.63999938964844,90.5999984741211,90.62000274658203,6
2026-06-09T03:03:00.000Z,CL,90.63999938964844,90.66999816894531,90.63999938964844,90.66999816894531,14
2026-06-09T03:04:00.000Z,CL,90.66999816894531,90.68000030517578,90.66000366210938,90.68000030517578,6
2026-06-09T03:05:00.000Z,CL,90.69000244140625,90.69000244140625,90.37000274658203,90.43000030517578,331
2026-06-09T03:06:00.000Z,CL,90.41999816894531,90.44999694824219,90.37000274658203,90.37000274658203,69
2026-06-09T03:07:00.000Z,CL,90.37999725341797,90.45999908447266,90.37000274658203,90.41000366210938,53
2026-06-09T03:08:00.000Z,CL,90.4000015258789,90.41000366210938,90.30999755859375,90.3499984741211,96
2026-06-09T03:09:00.000Z,CL,90.36000061035156,90.41000366210938,90.33000183105469,90.41000366210938,112
2026-06-09T03:10:00.000Z,CL,90.41000366210938,90.47000122070312,90.4000015258789,90.41000366210938,87
2026-06-09T03:11:00.000Z,CL,90.41999816894531,90.44000244140625,90.37999725341797,90.37999725341797,35
2026-06-09T03:12:00.000Z,CL,90.37999725341797,90.41999816894531,90.37999725341797,90.41000366210938,22
2026-06-09T03:13:00.000Z,CL,90.41999816894531,90.44999694824219,90.36000061035156,90.37999725341797,44
2026-06-09T03:14:00.000Z,CL,90.37999725341797,90.41000366210938,90.37000274658203,90.41000366210938,10
2026-06-09T03:15:00.000Z,CL,90.43000030517578,90.43000030517578,90.37000274658203,90.37999725341797,15
2026-06-09T03:16:00.000Z,CL,90.37000274658203,90.37999725341797,90.30000305175781,90.37000274658203,58
2026-06-09T03:17:00.000Z,CL,90.37999725341797,90.38999938964844,90.3499984741211,90.38999938964844,8
2026-06-09T03:18:00.000Z,CL,90.36000061035156,90.4000015258789,90.31999969482422,90.36000061035156,67
2026-06-09T03:19:00.000Z,CL,90.33999633789062,90.37000274658203,90.33000183105469,90.36000061035156,15
2026-06-09T03:20:00.000Z,CL,90.3499984741211,90.3499984741211,90.30999755859375,90.33999633789062,15
2026-06-09T03:21:00.000Z,CL,90.33000183105469,90.41999816894531,90.31999969482422,90.4000015258789,42
2026-06-09T03:22:00.000Z,CL,90.41999816894531,90.41999816894531,90.37000274658203,90.37000274658203,16
2026-06-09T03:23:00.000Z,CL,90.36000061035156,90.37000274658203,90.36000061035156,90.37000274658203,6
2026-06-09T03:24:00.000Z,CL,90.38999938964844,90.38999938964844,90.31999969482422,90.31999969482422,60
2026-06-09T03:25:00.000Z,CL,90.33999633789062,90.38999938964844,90.33999633789062,90.38999938964844,25
2026-06-09T03:26:00.000Z,CL,90.37999725341797,90.41000366210938,90.37999725341797,90.4000015258789,37
2026-06-09T03:27:00.000Z,CL,90.37000274658203,90.37000274658203,90.33999633789062,90.33999633789062,24
2026-06-09T03:28:00.000Z,CL,90.33999633789062,90.37999725341797,90.33999633789062,90.37000274658203,24
2026-06-09T03:29:00.000Z,CL,90.38999938964844,90.45999908447266,90.38999938964844,90.4000015258789,41
2026-06-09T03:30:00.000Z,CL,90.3499984741211,90.38999938964844,90.33999633789062,90.33999633789062,33
2026-06-09T03:31:00.000Z,CL,90.3499984741211,90.3499984741211,90.30999755859375,90.31999969482422,32
2026-06-09T03:32:00.000Z,CL,90.33000183105469,90.33000183105469,90.25,90.2699966430664,78
2026-06-09T03:33:00.000Z,CL,90.27999877929688,90.31999969482422,90.26000213623047,90.30999755859375,50
2026-06-09T03:34:00.000Z,CL,90.30000305175781,90.30000305175781,90.20999908447266,90.23999786376953,82
2026-06-09T03:35:00.000Z,CL,90.2300033569336,90.26000213623047,90.2300033569336,90.25,6
2026-06-09T03:36:00.000Z,CL,90.23999786376953,90.27999877929688,90.2300033569336,90.26000213623047,31
2026-06-09T03:37:00.000Z,CL,90.26000213623047,90.30000305175781,90.2300033569336,90.23999786376953,41
2026-06-09T03:38:00.000Z,CL,90.2300033569336,90.25,90.18000030517578,90.19999694824219,52
2026-06-09T03:39:00.000Z,CL,90.18000030517578,90.19000244140625,90.12000274658203,90.12999725341797,67
2026-06-09T03:40:00.000Z,CL,90.12000274658203,90.16000366210938,90.0999984741211,90.11000061035156,97
2026-06-09T03:41:00.000Z,CL,90.11000061035156,90.11000061035156,90.04000091552734,90.05000305175781,72
2026-06-09T03:42:00.000Z,CL,90.05999755859375,90.08999633789062,90.05000305175781,90.08000183105469,29
2026-06-09T03:43:00.000Z,CL,90.08000183105469,90.11000061035156,89.94999694824219,90.06999969482422,322
2026-06-09T03:44:00.000Z,CL,90.08999633789062,90.08999633789062,89.94999694824219,89.98999786376953,49
2026-06-09T03:45:00.000Z,CL,89.9800033569336,89.9800033569336,89.87999725341797,89.94000244140625,83
2026-06-09T03:46:00.000Z,CL,89.95999908447266,89.9800033569336,89.93000030517578,89.94000244140625,34
2026-06-09T03:47:00.000Z,CL,89.94000244140625,89.94999694824219,89.8499984741211,89.94000244140625,145
2026-06-09T03:48:00.000Z,CL,89.94999694824219,90.04000091552734,89.93000030517578,89.98999786376953,78
2026-06-09T03:49:00.000Z,CL,90.02999877929688,90.08000183105469,89.98999786376953,90.08000183105469,22
2026-06-09T03:50:00.000Z,CL,90.06999969482422,90.19000244140625,90.06999969482422,90.13999938964844,75
2026-06-09T03:51:00.000Z,CL,90.13999938964844,90.1500015258789,90.11000061035156,90.13999938964844,24
2026-06-09T03:52:00.000Z,CL,90.13999938964844,90.16999816894531,90.12999725341797,90.16000366210938,37
2026-06-09T03:53:00.000Z,CL,90.16000366210938,90.16999816894531,90.12000274658203,90.16000366210938,20
2026-06-09T03:54:00.000Z,CL,90.16000366210938,90.19000244140625,90.1500015258789,90.16999816894531,23
2026-06-09T03:55:00.000Z,CL,90.16999816894531,90.18000030517578,90.12999725341797,90.1500015258789,15
2026-06-09T03:56:00.000Z,CL,90.12999725341797,90.12999725341797,90.0999984741211,90.11000061035156,20
2026-06-09T03:57:00.000Z,CL,90.0999984741211,90.12000274658203,90.0999984741211,90.0999984741211,20
2026-06-09T03:58:00.000Z,CL,90.0999984741211,90.12999725341797,90.0999984741211,90.12999725341797,21
2026-06-09T04:00:00.000Z,CL,90.13999938964844,90.16999816894531,90.12999725341797,90.16999816894531,32
2026-06-09T04:01:00.000Z,CL,90.16999816894531,90.19999694824219,90.16999816894531,90.18000030517578,37
2026-06-09T04:02:00.000Z,CL,90.16999816894531,90.18000030517578,90.04000091552734,90.04000091552734,51
2026-06-09T04:03:00.000Z,CL,90.05999755859375,90.08000183105469,90.05000305175781,90.08000183105469,62
2026-06-09T04:04:00.000Z,CL,90.08000183105469,90.08999633789062,90.08000183105469,90.08999633789062,24
2026-06-09T04:05:00.000Z,CL,90.0999984741211,90.12999725341797,90.08999633789062,90.12999725341797,23
2026-06-09T04:06:00.000Z,CL,90.12999725341797,90.12999725341797,90.12000274658203,90.12000274658203,8
2026-06-09T04:07:00.000Z,CL,90.12000274658203,90.12000274658203,90.12000274658203,90.12000274658203,8
2026-06-09T04:08:00.000Z,CL,90.12000274658203,90.12000274658203,90.05999755859375,90.05999755859375,49
2026-06-09T04:09:00.000Z,CL,90.05000305175781,90.12999725341797,90.05000305175781,90.12999725341797,33
2026-06-09T04:10:00.000Z,CL,90.11000061035156,90.12000274658203,90.0999984741211,90.12000274658203,16
2026-06-09T04:11:00.000Z,CL,90.12000274658203,90.12999725341797,90.12000274658203,90.12999725341797,8
2026-06-09T04:12:00.000Z,CL,90.13999938964844,90.16999816894531,90.13999938964844,90.16000366210938,11
2026-06-09T04:13:00.000Z,CL,90.16000366210938,90.18000030517578,90.16000366210938,90.16000366210938,12
2026-06-09T04:14:00.000Z,CL,90.16000366210938,90.19000244140625,90.1500015258789,90.18000030517578,24
2026-06-09T04:15:00.000Z,CL,90.20999908447266,90.29000091552734,90.20999908447266,90.23999786376953,50
2026-06-09T04:16:00.000Z,CL,90.2300033569336,90.2300033569336,90.19999694824219,90.20999908447266,20
2026-06-09T04:17:00.000Z,CL,90.19999694824219,90.20999908447266,90.19999694824219,90.20999908447266,2
2026-06-09T04:18:00.000Z,CL,90.19999694824219,90.19999694824219,90.18000030517578,90.19000244140625,9
2026-06-09T04:19:00.000Z,CL,90.18000030517578,90.19999694824219,90.18000030517578,90.19999694824219,5
2026-06-09T04:20:00.000Z,CL,90.20999908447266,90.2300033569336,90.19000244140625,90.19000244140625,21
2026-06-09T04:21:00.000Z,CL,90.19000244140625,90.19999694824219,90.12999725341797,90.16000366210938,45
2026-06-09T04:22:00.000Z,CL,90.1500015258789,90.16999816894531,90.12000274658203,90.16000366210938,42
2026-06-09T04:23:00.000Z,CL,90.16000366210938,90.16999816894531,90.1500015258789,90.16999816894531,8
2026-06-09T04:24:00.000Z,CL,90.16000366210938,90.16000366210938,90.13999938964844,90.1500015258789,6
2026-06-09T04:25:00.000Z,CL,90.16000366210938,90.23999786376953,90.16000366210938,90.23999786376953,18
2026-06-09T04:26:00.000Z,CL,90.19999694824219,90.20999908447266,90.19999694824219,90.20999908447266,2
2026-06-09T04:27:00.000Z,CL,90.19000244140625,90.2300033569336,90.16999816894531,90.19000244140625,24
2026-06-09T04:28:00.000Z,CL,90.22000122070312,90.2300033569336,90.22000122070312,90.2300033569336,7
2026-06-09T04:29:00.000Z,CL,90.22000122070312,90.25,90.22000122070312,90.25,11
2026-06-09T04:30:00.000Z,CL,90.23999786376953,90.30000305175781,90.2300033569336,90.29000091552734,19
2026-06-09T04:31:00.000Z,CL,90.2699966430664,90.37999725341797,90.26000213623047,90.3499984741211,53
2026-06-09T04:32:00.000Z,CL,90.33000183105469,90.33000183105469,90.29000091552734,90.29000091552734,14
2026-06-09T04:33:00.000Z,CL,90.29000091552734,90.31999969482422,90.27999877929688,90.30000305175781,30
2026-06-09T04:34:00.000Z,CL,90.27999877929688,90.27999877929688,90.22000122070312,90.2300033569336,36
2026-06-09T04:35:00.000Z,CL,90.23999786376953,90.23999786376953,90.19999694824219,90.22000122070312,16
2026-06-09T04:36:00.000Z,CL,90.20999908447266,90.22000122070312,90.13999938964844,90.1500015258789,52
2026-06-09T04:37:00.000Z,CL,90.18000030517578,90.18000030517578,90.12999725341797,90.12999725341797,69
2026-06-09T04:38:00.000Z,CL,90.12000274658203,90.1500015258789,90.05000305175781,90.06999969482422,38
2026-06-09T04:39:00.000Z,CL,90.08999633789062,90.0999984741211,90.01000213623047,90.02999877929688,60
2026-06-09T04:40:00.000Z,CL,90.05999755859375,90.08000183105469,90.05000305175781,90.05999755859375,15
2026-06-09T04:41:00.000Z,CL,90.05999755859375,90.05999755859375,90.04000091552734,90.05999755859375,3
2026-06-09T04:42:00.000Z,CL,90.05999755859375,90.08999633789062,90.04000091552734,90.08000183105469,16
2026-06-09T04:43:00.000Z,CL,90.08000183105469,90.11000061035156,90.05999755859375,90.11000061035156,6
2026-06-09T04:44:00.000Z,CL,90.11000061035156,90.12000274658203,90.06999969482422,90.06999969482422,18
2026-06-09T04:45:00.000Z,CL,90.08999633789062,90.08999633789062,90.08000183105469,90.08000183105469,8
2026-06-09T04:46:00.000Z,CL,90.08000183105469,90.0999984741211,90.06999969482422,90.08999633789062,11
2026-06-09T04:47:00.000Z,CL,90.08999633789062,90.13999938964844,90.08999633789062,90.13999938964844,12
2026-06-09T04:48:00.000Z,CL,90.12000274658203,90.12000274658203,90.08999633789062,90.08999633789062,14
2026-06-09T04:50:00.000Z,CL,90.11000061035156,90.11000061035156,90.08999633789062,90.08999633789062,9
2026-06-09T04:51:00.000Z,CL,90.0999984741211,90.0999984741211,90.0999984741211,90.0999984741211,7
2026-06-09T04:52:00.000Z,CL,90.0999984741211,90.12999725341797,90.0999984741211,90.11000061035156,14
2026-06-09T04:53:00.000Z,CL,90.11000061035156,90.18000030517578,90.0999984741211,90.12999725341797,52
2026-06-09T04:54:00.000Z,CL,90.13999938964844,90.13999938964844,90.13999938964844,90.13999938964844,2
2026-06-09T04:55:00.000Z,CL,90.13999938964844,90.18000030517578,90.13999938964844,90.16999816894531,30
2026-06-09T04:56:00.000Z,CL,90.18000030517578,90.20999908447266,90.16999816894531,90.20999908447266,18
2026-06-09T04:57:00.000Z,CL,90.20999908447266,90.2300033569336,90.19000244140625,90.20999908447266,29
2026-06-09T04:58:00.000Z,CL,90.19000244140625,90.2699966430664,90.19000244140625,90.2699966430664,37
2026-06-09T04:59:00.000Z,CL,90.25,90.2699966430664,90.25,90.2699966430664,10
2026-06-09T05:00:00.000Z,CL,90.27999877929688,90.30999755859375,90.27999877929688,90.30999755859375,12
2026-06-09T05:01:00.000Z,CL,90.30999755859375,90.31999969482422,90.27999877929688,90.30999755859375,31
2026-06-09T05:02:00.000Z,CL,90.31999969482422,90.36000061035156,90.31999969482422,90.3499984741211,22
2026-06-09T05:03:00.000Z,CL,90.33999633789062,90.33999633789062,90.30000305175781,90.30999755859375,14
2026-06-09T05:04:00.000Z,CL,90.29000091552734,90.30999755859375,90.27999877929688,90.30999755859375,17
2026-06-09T05:05:00.000Z,CL,90.30999755859375,90.30999755859375,90.2699966430664,90.2699966430664,20
2026-06-09T05:06:00.000Z,CL,90.26000213623047,90.26000213623047,90.2300033569336,90.2300033569336,17
2026-06-09T05:07:00.000Z,CL,90.2300033569336,90.2300033569336,90.22000122070312,90.2300033569336,11
2026-06-09T05:08:00.000Z,CL,90.2300033569336,90.25,90.2300033569336,90.25,12
2026-06-09T05:09:00.000Z,CL,90.26000213623047,90.2699966430664,90.26000213623047,90.2699966430664,3
2026-06-09T05:10:00.000Z,CL,90.2699966430664,90.27999877929688,90.2699966430664,90.27999877929688,4
2026-06-09T05:11:00.000Z,CL,90.2699966430664,90.2699966430664,90.1500015258789,90.16999816894531,60
2026-06-09T05:12:00.000Z,CL,90.18000030517578,90.22000122070312,90.13999938964844,90.13999938964844,62
2026-06-09T05:13:00.000Z,CL,90.1500015258789,90.16000366210938,90.12000274658203,90.1500015258789,40
2026-06-09T05:14:00.000Z,CL,90.16999816894531,90.18000030517578,90.16000366210938,90.18000030517578,54
2026-06-09T05:15:00.000Z,CL,90.19000244140625,90.19999694824219,90.18000030517578,90.19000244140625,19
2026-06-09T05:16:00.000Z,CL,90.16999816894531,90.18000030517578,90.1500015258789,90.18000030517578,13
2026-06-09T05:17:00.000Z,CL,90.19000244140625,90.19999694824219,90.18000030517578,90.19000244140625,8
2026-06-09T05:18:00.000Z,CL,90.18000030517578,90.19000244140625,90.18000030517578,90.18000030517578,3
2026-06-09T05:19:00.000Z,CL,90.19999694824219,90.19999694824219,90.18000030517578,90.19000244140625,5
2026-06-09T05:20:00.000Z,CL,90.18000030517578,90.20999908447266,90.18000030517578,90.20999908447266,4
2026-06-09T05:21:00.000Z,CL,90.20999908447266,90.20999908447266,90.1500015258789,90.18000030517578,25
2026-06-09T05:22:00.000Z,CL,90.16999816894531,90.19999694824219,90.13999938964844,90.13999938964844,20
2026-06-09T05:23:00.000Z,CL,90.12999725341797,90.12999725341797,90.12000274658203,90.12000274658203,2
2026-06-09T05:24:00.000Z,CL,90.0999984741211,90.0999984741211,90.0,90.0,75
2026-06-09T05:25:00.000Z,CL,90.0,90.0,89.91000366210938,89.95999908447266,59
2026-06-09T05:26:00.000Z,CL,89.97000122070312,89.98999786376953,89.94999694824219,89.94999694824219,35
2026-06-09T05:27:00.000Z,CL,89.94999694824219,89.94999694824219,89.88999938964844,89.93000030517578,127
2026-06-09T05:28:00.000Z,CL,89.94999694824219,90.05000305175781,89.94999694824219,90.05000305175781,40
2026-06-09T05:29:00.000Z,CL,90.02999877929688,90.05999755859375,90.0199966430664,90.05000305175781,15
2026-06-09T05:30:00.000Z,CL,90.0199966430664,90.12999725341797,89.80999755859375,90.12999725341797,221
2026-06-09T05:31:00.000Z,CL,90.12000274658203,90.13999938964844,90.06999969482422,90.08000183105469,17
2026-06-09T05:32:00.000Z,CL,90.08000183105469,90.08000183105469,89.9800033569336,90.02999877929688,40
2026-06-09T05:33:00.000Z,CL,90.02999877929688,90.08000183105469,90.0,90.06999969482422,30
2026-06-09T05:34:00.000Z,CL,90.06999969482422,90.06999969482422,90.04000091552734,90.05999755859375,29
2026-06-09T05:35:00.000Z,CL,90.05000305175781,90.05999755859375,90.01000213623047,90.01000213623047,39
2026-06-09T05:36:00.000Z,CL,90.0199966430664,90.0199966430664,89.9800033569336,90.0,22
2026-06-09T05:37:00.000Z,CL,89.97000122070312,90.0,89.93000030517578,89.93000030517578,17
2026-06-09T05:38:00.000Z,CL,89.9800033569336,90.01000213623047,89.95999908447266,89.95999908447266,19
2026-06-09T05:39:00.000Z,CL,89.97000122070312,90.01000213623047,89.95999908447266,89.95999908447266,22
2026-06-09T05:40:00.000Z,CL,89.97000122070312,89.9800033569336,89.91000366210938,89.94999694824219,39
2026-06-09T05:41:00.000Z,CL,89.94999694824219,89.94999694824219,89.87999725341797,89.91000366210938,89
2026-06-09T05:42:00.000Z,CL,89.91000366210938,89.91999816894531,89.8499984741211,89.91000366210938,25
2026-06-09T05:43:00.000Z,CL,89.91000366210938,89.91000366210938,89.81999969482422,89.81999969482422,13
2026-06-09T05:44:00.000Z,CL,89.8499984741211,89.93000030517578,89.8499984741211,89.91999816894531,26
2026-06-09T05:45:00.000Z,CL,89.91999816894531,90.05000305175781,89.9000015258789,90.05000305175781,70
2026-06-09T05:46:00.000Z,CL,90.0199966430664,90.0199966430664,89.88999938964844,89.9000015258789,23
2026-06-09T05:47:00.000Z,CL,89.87999725341797,89.93000030517578,89.87999725341797,89.93000030517578,19
2026-06-09T05:48:00.000Z,CL,89.91000366210938,89.91000366210938,89.88999938964844,89.88999938964844,6
2026-06-09T05:49:00.000Z,CL,89.9000015258789,89.9000015258789,89.8499984741211,89.87000274658203,20
2026-06-09T05:50:00.000Z,CL,89.93000030517578,89.9800033569336,89.93000030517578,89.94999694824219,14
2026-06-09T05:51:00.000Z,CL,89.9800033569336,90.01000213623047,89.97000122070312,89.9800033569336,21
2026-06-09T05:52:00.000Z,CL,90.01000213623047,90.02999877929688,90.0,90.0199966430664,24
2026-06-09T05:53:00.000Z,CL,90.0199966430664,90.06999969482422,89.98999786376953,90.04000091552734,21
2026-06-09T05:54:00.000Z,CL,90.05000305175781,90.05999755859375,90.04000091552734,90.05000305175781,8
2026-06-09T05:55:00.000Z,CL,90.05000305175781,90.12000274658203,90.05000305175781,90.08000183105469,57
2026-06-09T05:56:00.000Z,CL,90.05999755859375,90.06999969482422,90.05999755859375,90.06999969482422,10
2026-06-09T05:57:00.000Z,CL,90.08000183105469,90.18000030517578,90.08000183105469,90.1500015258789,44
2026-06-09T05:58:00.000Z,CL,90.12999725341797,90.12999725341797,90.08999633789062,90.0999984741211,19
2026-06-09T05:59:00.000Z,CL,90.11000061035156,90.13999938964844,90.11000061035156,90.13999938964844,25
2026-06-09T06:00:00.000Z,CL,90.13999938964844,90.16000366210938,90.08000183105469,90.08000183105469,49
2026-06-09T06:01:00.000Z,CL,90.06999969482422,90.06999969482422,89.94999694824219,89.94999694824219,51
2026-06-09T06:02:00.000Z,CL,89.95999908447266,89.95999908447266,89.87000274658203,89.9000015258789,58
2026-06-09T06:03:00.000Z,CL,89.87000274658203,89.88999938964844,89.7699966430664,89.77999877929688,91
2026-06-09T06:04:00.000Z,CL,89.7699966430664,89.83999633789062,89.75,89.83000183105469,79
2026-06-09T06:05:00.000Z,CL,89.80999755859375,89.87000274658203,89.77999877929688,89.83999633789062,83
2026-06-09T06:06:00.000Z,CL,89.83999633789062,89.87999725341797,89.83999633789062,89.87999725341797,33
2026-06-09T06:07:00.000Z,CL,89.87000274658203,89.9800033569336,89.86000061035156,89.95999908447266,110
2026-06-09T06:08:00.000Z,CL,89.94999694824219,90.0199966430664,89.94000244140625,89.94999694824219,32
2026-06-09T06:09:00.000Z,CL,89.95999908447266,90.01000213623047,89.94999694824219,90.0,33
2026-06-09T06:10:00.000Z,CL,89.98999786376953,90.0199966430664,89.98999786376953,90.0,12
2026-06-09T06:11:00.000Z,CL,90.01000213623047,90.08000183105469,90.01000213623047,90.02999877929688,45
2026-06-09T06:12:00.000Z,CL,90.02999877929688,90.02999877929688,89.98999786376953,90.02999877929688,31
2026-06-09T06:13:00.000Z,CL,90.04000091552734,90.0999984741211,90.0,90.06999969482422,94
2026-06-09T06:14:00.000Z,CL,90.05999755859375,90.05999755859375,89.94000244140625,89.98999786376953,85
2026-06-09T06:15:00.000Z,CL,89.98999786376953,89.98999786376953,89.88999938964844,89.91999816894531,71
2026-06-09T06:16:00.000Z,CL,89.91999816894531,89.91999816894531,89.83000183105469,89.83999633789062,53
2026-06-09T06:17:00.000Z,CL,89.86000061035156,89.88999938964844,89.75,89.79000091552734,109
2026-06-09T06:18:00.000Z,CL,89.77999877929688,89.81999969482422,89.69000244140625,89.75,145
2026-06-09T06:19:00.000Z,CL,89.75,89.76000213623047,89.5999984741211,89.7300033569336,238
2026-06-09T06:20:00.000Z,CL,89.70999908447266,89.76000213623047,89.68000030517578,89.75,76
2026-06-09T06:21:00.000Z,CL,89.76000213623047,89.76000213623047,89.6500015258789,89.66999816894531,57
2026-06-09T06:22:00.000Z,CL,89.66000366210938,89.69999694824219,89.66000366210938,89.66000366210938,114
2026-06-09T06:23:00.000Z,CL,89.72000122070312,89.77999877929688,89.72000122070312,89.75,105
2026-06-09T06:24:00.000Z,CL,89.76000213623047,89.83000183105469,89.76000213623047,89.83000183105469,42
2026-06-09T06:25:00.000Z,CL,89.80999755859375,89.87000274658203,89.77999877929688,89.8499984741211,73
2026-06-09T06:26:00.000Z,CL,89.86000061035156,89.87999725341797,89.83999633789062,89.8499984741211,29
2026-06-09T06:27:00.000Z,CL,89.86000061035156,89.87999725341797,89.83999633789062,89.87000274658203,29
2026-06-09T06:28:00.000Z,CL,89.86000061035156,89.9000015258789,89.8499984741211,89.8499984741211,22
2026-06-09T06:29:00.000Z,CL,89.87000274658203,89.91000366210938,89.8499984741211,89.9000015258789,60
2026-06-09T06:30:00.000Z,CL,89.9000015258789,90.0199966430664,89.9000015258789,90.0,112
2026-06-09T06:31:00.000Z,CL,90.0,90.05000305175781,89.9800033569336,90.02999877929688,71
2026-06-09T06:32:00.000Z,CL,90.02999877929688,90.0999984741211,90.0199966430664,90.08000183105469,58
2026-06-09T06:33:00.000Z,CL,90.0999984741211,90.12999725341797,90.05000305175781,90.12000274658203,88
2026-06-09T06:34:00.000Z,CL,90.12000274658203,90.12000274658203,89.91999816894531,89.91999816894531,102
2026-06-09T06:35:00.000Z,CL,89.91000366210938,89.97000122070312,89.9000015258789,89.91999816894531,51
2026-06-09T06:46:00.000Z,CL,91.30000305175781,91.30000305175781,91.30000305175781,91.30000305175781,539
2026-06-09T06:47:00.000Z,CL,89.88999938964844,89.91000366210938,89.87999725341797,89.87999725341797,58
2026-06-09T06:48:00.000Z,CL,89.88999938964844,89.88999938964844,89.8499984741211,89.87000274658203,29
2026-06-09T06:49:00.000Z,CL,89.87000274658203,89.9000015258789,89.83999633789062,89.9000015258789,55
2026-06-09T06:50:00.000Z,CL,89.9000015258789,89.91999816894531,89.87000274658203,89.9000015258789,44
2026-06-09T06:51:00.000Z,CL,89.91000366210938,90.01000213623047,89.91000366210938,89.9800033569336,91
2026-06-09T06:52:00.000Z,CL,89.97000122070312,90.02999877929688,89.94000244140625,90.01000213623047,49
2026-06-09T06:53:00.000Z,CL,90.01000213623047,90.08000183105469,90.0,90.06999969482422,29
2026-06-09T06:54:00.000Z,CL,90.08000183105469,90.0999984741211,90.04000091552734,90.0999984741211,74
2026-06-09T06:55:00.000Z,CL,90.08999633789062,90.12999725341797,90.04000091552734,90.12000274658203,67
2026-06-09T06:56:00.000Z,CL,90.12000274658203,90.12999725341797,89.95999908447266,89.97000122070312,63
2026-06-09T06:57:00.000Z,CL,89.9800033569336,90.02999877929688,89.95999908447266,90.0,106
2026-06-09T06:58:00.000Z,CL,90.0,90.01000213623047,89.91999816894531,90.01000213623047,51
2026-06-09T06:59:00.000Z,CL,90.01000213623047,90.04000091552734,89.93000030517578,89.93000030517578,103
2026-06-09T07:00:00.000Z,CL,89.91999816894531,89.9800033569336,89.75,89.83999633789062,406
2026-06-09T07:01:00.000Z,CL,89.87000274658203,89.91999816894531,89.80999755859375,89.83000183105469,81
2026-06-09T07:02:00.000Z,CL,89.81999969482422,89.9000015258789,89.81999969482422,89.83999633789062,82
2026-06-09T07:03:00.000Z,CL,89.83999633789062,89.86000061035156,89.7300033569336,89.75,117
2026-06-09T07:04:00.000Z,CL,89.76000213623047,89.81999969482422,89.73999786376953,89.81999969482422,64
2026-06-09T07:05:00.000Z,CL,89.80999755859375,89.83000183105469,89.69999694824219,89.80999755859375,84
2026-06-09T07:06:00.000Z,CL,89.80000305175781,89.80000305175781,89.76000213623047,89.76000213623047,36
2026-06-09T07:07:00.000Z,CL,89.7699966430664,89.77999877929688,89.68000030517578,89.7300033569336,100
2026-06-09T07:08:00.000Z,CL,89.7300033569336,89.75,89.69000244140625,89.69000244140625,33
2026-06-09T07:09:00.000Z,CL,89.70999908447266,89.72000122070312,89.69000244140625,89.70999908447266,31
2026-06-09T07:10:00.000Z,CL,89.69999694824219,89.72000122070312,89.63999938964844,89.72000122070312,55
2026-06-09T07:11:00.000Z,CL,89.73999786376953,89.77999877929688,89.68000030517578,89.73999786376953,76
2026-06-09T07:12:00.000Z,CL,89.75,89.87000274658203,89.73999786376953,89.8499984741211,64
2026-06-09T07:13:00.000Z,CL,89.8499984741211,90.0,89.81999969482422,90.0,102
2026-06-09T07:14:00.000Z,CL,90.01000213623047,90.11000061035156,89.98999786376953,90.02999877929688,128
2026-06-09T07:15:00.000Z,CL,90.04000091552734,90.06999969482422,90.01000213623047,90.0199966430664,92
2026-06-09T07:16:00.000Z,CL,90.02999877929688,90.08999633789062,90.02999877929688,90.05000305175781,56
2026-06-09T07:17:00.000Z,CL,90.05999755859375,90.0999984741211,90.05000305175781,90.05000305175781,60
2026-06-09T07:18:00.000Z,CL,90.05999755859375,90.05999755859375,89.94000244140625,90.0,54
2026-06-09T07:19:00.000Z,CL,89.98999786376953,90.0199966430664,89.9800033569336,90.0199966430664,19
2026-06-09T07:20:00.000Z,CL,90.0,90.01000213623047,89.9800033569336,90.0,39
2026-06-09T07:21:00.000Z,CL,89.95999908447266,90.0,89.93000030517578,89.94999694824219,46
2026-06-09T07:22:00.000Z,CL,89.95999908447266,89.95999908447266,89.79000091552734,89.80000305175781,331
2026-06-09T07:23:00.000Z,CL,89.80000305175781,89.83000183105469,89.7699966430664,89.83000183105469,67
2026-06-09T07:24:00.000Z,CL,89.83000183105469,89.83000183105469,89.77999877929688,89.80000305175781,49
2026-06-09T07:25:00.000Z,CL,89.79000091552734,89.8499984741211,89.76000213623047,89.83000183105469,66
2026-06-09T07:26:00.000Z,CL,89.81999969482422,89.9000015258789,89.81999969482422,89.86000061035156,21
2026-06-09T07:27:00.000Z,CL,89.86000061035156,89.9000015258789,89.83000183105469,89.86000061035156,65
2026-06-09T07:28:00.000Z,CL,89.83999633789062,89.86000061035156,89.76000213623047,89.77999877929688,216
2026-06-09T07:29:00.000Z,CL,89.7699966430664,89.7699966430664,89.69000244140625,89.72000122070312,103
2026-06-09T07:30:00.000Z,CL,89.7300033569336,89.7699966430664,89.69999694824219,89.75,73
2026-06-09T07:31:00.000Z,CL,89.75,89.76000213623047,89.7300033569336,89.73999786376953,27
2026-06-09T07:32:00.000Z,CL,89.73999786376953,89.76000213623047,89.66999816894531,89.69000244140625,104
2026-06-09T07:33:00.000Z,CL,89.69999694824219,89.69999694824219,89.61000061035156,89.62999725341797,192
2026-06-09T07:34:00.000Z,CL,89.62000274658203,89.69999694824219,89.62000274658203,89.68000030517578,74
2026-06-09T07:35:00.000Z,CL,89.68000030517578,89.7300033569336,89.62999725341797,89.66000366210938,93
2026-06-09T07:36:00.000Z,CL,89.66999816894531,89.66999816894531,89.51000213623047,89.61000061035156,210
2026-06-09T07:37:00.000Z,CL,89.5999984741211,89.68000030517578,89.58999633789062,89.68000030517578,67
2026-06-09T07:38:00.000Z,CL,89.66999816894531,89.7300033569336,89.6500015258789,89.72000122070312,103
2026-06-09T07:39:00.000Z,CL,89.70999908447266,89.76000213623047,89.62000274658203,89.6500015258789,121
2026-06-09T07:40:00.000Z,CL,89.6500015258789,89.6500015258789,89.56999969482422,89.61000061035156,128
2026-06-09T07:41:00.000Z,CL,89.62999725341797,89.62999725341797,89.41000366210938,89.45999908447266,388
2026-06-09T07:42:00.000Z,CL,89.44000244140625,89.45999908447266,89.36000061035156,89.44000244140625,307
2026-06-09T07:43:00.000Z,CL,89.44000244140625,89.44999694824219,89.3499984741211,89.41000366210938,112
2026-06-09T07:44:00.000Z,CL,89.41000366210938,89.44999694824219,89.37000274658203,89.41000366210938,64
2026-06-09T07:45:00.000Z,CL,89.4000015258789,89.41000366210938,89.33000183105469,89.37999725341797,87
2026-06-09T07:46:00.000Z,CL,89.4000015258789,89.52999877929688,89.4000015258789,89.51000213623047,73
2026-06-09T07:47:00.000Z,CL,89.51000213623047,89.55999755859375,89.48999786376953,89.55999755859375,100
2026-06-09T07:48:00.000Z,CL,89.58000183105469,89.68000030517578,89.55999755859375,89.63999938964844,77
2026-06-09T07:49:00.000Z,CL,89.62999725341797,89.70999908447266,89.62000274658203,89.70999908447266,43
2026-06-09T07:50:00.000Z,CL,89.72000122070312,89.75,89.66000366210938,89.69000244140625,93
2026-06-09T07:51:00.000Z,CL,89.69000244140625,89.72000122070312,89.63999938964844,89.68000030517578,77
2026-06-09T07:52:00.000Z,CL,89.66000366210938,89.87000274658203,89.66000366210938,89.83000183105469,306
2026-06-09T07:53:00.000Z,CL,89.81999969482422,89.8499984741211,89.5999984741211,89.66999816894531,193
2026-06-09T07:54:00.000Z,CL,89.66000366210938,89.69999694824219,89.66000366210938,89.66999816894531,21
2026-06-09T07:55:00.000Z,CL,89.66000366210938,89.70999908447266,89.6500015258789,89.69999694824219,43
2026-06-09T07:56:00.000Z,CL,89.69000244140625,89.76000213623047,89.68000030517578,89.73999786376953,38
2026-06-09T07:57:00.000Z,CL,89.73999786376953,89.7699966430664,89.72000122070312,89.72000122070312,33
2026-06-09T07:58:00.000Z,CL,89.7300033569336,89.73999786376953,89.70999908447266,89.70999908447266,16
2026-06-09T07:59:00.000Z,CL,89.73999786376953,89.77999877929688,89.69000244140625,89.69999694824219,78
2026-06-09T08:00:00.000Z,CL,89.69999694824219,89.77999877929688,89.6500015258789,89.66999816894531,106
2026-06-09T08:01:00.000Z,CL,89.6500015258789,89.91000366210938,89.6500015258789,89.66000366210938,207
2026-06-09T08:02:00.000Z,CL,89.66999816894531,89.76000213623047,89.62000274658203,89.73999786376953,88
2026-06-09T08:03:00.000Z,CL,89.73999786376953,89.79000091552734,89.7300033569336,89.76000213623047,64
2026-06-09T08:04:00.000Z,CL,89.73999786376953,89.73999786376953,89.66999816894531,89.72000122070312,37
2026-06-09T08:05:00.000Z,CL,89.69000244140625,89.73999786376953,89.69000244140625,89.73999786376953,35
2026-06-09T08:06:00.000Z,CL,89.73999786376953,89.75,89.69999694824219,89.72000122070312,114
2026-06-09T08:07:00.000Z,CL,89.70999908447266,89.79000091552734,89.62999725341797,89.66999816894531,118
2026-06-09T08:08:00.000Z,CL,89.66000366210938,89.66000366210938,89.55000305175781,89.55999755859375,101
2026-06-09T08:09:00.000Z,CL,89.55000305175781,89.58000183105469,89.51000213623047,89.56999969482422,64
2026-06-09T08:10:00.000Z,CL,89.58000183105469,89.58000183105469,89.51000213623047,89.52999877929688,29
2026-06-09T08:11:00.000Z,CL,89.51000213623047,89.56999969482422,89.45999908447266,89.5,99
2026-06-09T08:12:00.000Z,CL,89.5,89.5,89.23999786376953,89.36000061035156,391
2026-06-09T08:13:00.000Z,CL,89.36000061035156,89.51000213623047,89.36000061035156,89.44000244140625,104
2026-06-09T08:14:00.000Z,CL,89.44999694824219,89.5,89.41000366210938,89.41999816894531,55
2026-06-09T08:15:00.000Z,CL,89.43000030517578,89.4800033569336,89.4000015258789,89.44999694824219,95
2026-06-09T08:16:00.000Z,CL,89.41999816894531,89.41999816894531,89.30999755859375,89.3499984741211,115
2026-06-09T08:17:00.000Z,CL,89.33999633789062,89.37000274658203,89.19999694824219,89.2300033569336,136
2026-06-09T08:18:00.000Z,CL,89.2300033569336,89.25,89.04000091552734,89.06999969482422,284
2026-06-09T08:19:00.000Z,CL,89.08999633789062,89.26000213623047,89.08999633789062,89.23999786376953,100
2026-06-09T08:20:00.000Z,CL,89.23999786376953,89.27999877929688,89.16999816894531,89.18000030517578,167
2026-06-09T08:21:00.000Z,CL,89.19000244140625,89.23999786376953,89.12999725341797,89.23999786376953,79
2026-06-09T08:22:00.000Z,CL,89.23999786376953,89.31999969482422,89.2300033569336,89.31999969482422,77
2026-06-09T08:23:00.000Z,CL,89.30999755859375,89.37999725341797,89.2699966430664,89.30000305175781,93
2026-06-09T08:24:00.000Z,CL,89.31999969482422,89.41999816894531,89.2699966430664,89.38999938964844,98
2026-06-09T08:25:00.000Z,CL,89.37999725341797,89.41000366210938,89.31999969482422,89.38999938964844,57
2026-06-09T08:26:00.000Z,CL,89.41000366210938,89.44999694824219,89.31999969482422,89.31999969482422,124
2026-06-09T08:27:00.000Z,CL,89.33000183105469,89.37000274658203,89.29000091552734,89.31999969482422,75
2026-06-09T08:28:00.000Z,CL,89.33000183105469,89.3499984741211,89.20999908447266,89.23999786376953,140
2026-06-09T08:29:00.000Z,CL,89.23999786376953,89.30000305175781,89.16000366210938,89.20999908447266,286
2026-06-09T08:30:00.000Z,CL,89.22000122070312,89.2699966430664,89.11000061035156,89.12000274658203,202
2026-06-09T08:31:00.000Z,CL,89.12000274658203,89.22000122070312,89.0999984741211,89.12000274658203,91
2026-06-09T08:32:00.000Z,CL,89.11000061035156,89.12000274658203,89.01000213623047,89.05000305175781,224
2026-06-09T08:33:00.000Z,CL,89.06999969482422,89.19000244140625,89.06999969482422,89.16999816894531,78
2026-06-09T08:34:00.000Z,CL,89.16999816894531,89.4000015258789,89.16000366210938,89.38999938964844,170
2026-06-09T08:35:00.000Z,CL,89.37999725341797,89.37999725341797,89.29000091552734,89.33999633789062,113
2026-06-09T08:36:00.000Z,CL,89.31999969482422,89.36000061035156,89.2699966430664,89.27999877929688,123
2026-06-09T08:37:00.000Z,CL,89.29000091552734,89.33999633789062,89.27999877929688,89.27999877929688,61
2026-06-09T08:38:00.000Z,CL,89.29000091552734,89.29000091552734,89.12999725341797,89.12999725341797,103
2026-06-09T08:39:00.000Z,CL,89.12999725341797,89.16000366210938,89.05000305175781,89.16000366210938,164
2026-06-09T08:40:00.000Z,CL,89.1500015258789,89.19999694824219,89.12000274658203,89.12999725341797,79
2026-06-09T08:41:00.000Z,CL,89.12999725341797,89.13999938964844,89.05000305175781,89.06999969482422,102
2026-06-09T08:42:00.000Z,CL,89.08000183105469,89.08000183105469,88.91000366210938,88.94000244140625,356
2026-06-09T08:43:00.000Z,CL,88.94000244140625,88.95999908447266,88.83000183105469,88.9000015258789,296
2026-06-09T08:44:00.000Z,CL,88.91999816894531,89.02999877929688,88.80000305175781,89.01000213623047,200
2026-06-09T08:45:00.000Z,CL,89.01000213623047,89.16999816894531,88.9800033569336,89.16000366210938,138
2026-06-09T08:46:00.000Z,CL,89.1500015258789,89.33999633789062,89.13999938964844,89.33000183105469,192
2026-06-09T08:47:00.000Z,CL,89.33999633789062,89.36000061035156,89.22000122070312,89.31999969482422,149
2026-06-09T08:48:00.000Z,CL,89.31999969482422,89.41000366210938,89.31999969482422,89.38999938964844,136
2026-06-09T08:49:00.000Z,CL,89.37999725341797,89.37999725341797,89.30000305175781,89.33000183105469,79
2026-06-09T08:50:00.000Z,CL,89.33000183105469,89.43000030517578,89.31999969482422,89.37000274658203,121
2026-06-09T08:51:00.000Z,CL,89.36000061035156,89.37000274658203,89.23999786376953,89.26000213623047,45
2026-06-09T08:52:00.000Z,CL,89.2699966430664,89.29000091552734,89.22000122070312,89.23999786376953,169
2026-06-09T08:53:00.000Z,CL,89.25,89.29000091552734,89.25,89.2699966430664,123
2026-06-09T08:54:00.000Z,CL,89.26000213623047,89.26000213623047,89.16000366210938,89.19999694824219,61
2026-06-09T08:55:00.000Z,CL,89.19000244140625,89.2300033569336,89.16999816894531,89.2300033569336,39
2026-06-09T08:56:00.000Z,CL,89.2300033569336,89.25,89.16000366210938,89.16999816894531,56
2026-06-09T08:57:00.000Z,CL,89.19000244140625,89.20999908447266,89.16999816894531,89.20999908447266,40
2026-06-09T08:58:00.000Z,CL,89.20999908447266,89.23999786376953,89.19999694824219,89.22000122070312,23
2026-06-09T08:59:00.000Z,CL,89.23999786376953,89.2699966430664,89.23999786376953,89.25,71
2026-06-09T09:00:00.000Z,CL,89.25,89.36000061035156,89.25,89.2699966430664,87
2026-06-09T09:01:00.000Z,CL,89.27999877929688,89.29000091552734,89.22000122070312,89.23999786376953,46
2026-06-09T09:02:00.000Z,CL,89.22000122070312,89.22000122070312,89.05999755859375,89.18000030517578,183
2026-06-09T09:03:00.000Z,CL,89.18000030517578,89.19000244140625,89.0999984741211,89.12000274658203,59
2026-06-09T09:04:00.000Z,CL,89.11000061035156,89.12000274658203,89.0999984741211,89.11000061035156,26
2026-06-09T09:05:00.000Z,CL,89.08999633789062,89.0999984741211,89.01000213623047,89.02999877929688,84
2026-06-09T09:06:00.000Z,CL,89.02999877929688,89.1500015258789,89.01000213623047,89.12999725341797,84
2026-06-09T09:07:00.000Z,CL,89.13999938964844,89.19000244140625,89.12000274658203,89.16000366210938,99
2026-06-09T09:08:00.000Z,CL,89.16999816894531,89.20999908447266,89.16000366210938,89.16999816894531,86
2026-06-09T09:09:00.000Z,CL,89.16000366210938,89.16000366210938,89.05000305175781,89.08999633789062,71
2026-06-09T09:10:00.000Z,CL,89.08999633789062,89.08999633789062,89.0199966430664,89.04000091552734,72
2026-06-09T09:11:00.000Z,CL,89.04000091552734,89.05000305175781,88.97000122070312,88.9800033569336,57
2026-06-09T09:12:00.000Z,CL,88.97000122070312,89.0,88.9000015258789,88.91000366210938,75
2026-06-09T09:13:00.000Z,CL,88.91000366210938,88.98999786376953,88.87999725341797,88.9000015258789,177
2026-06-09T09:14:00.000Z,CL,88.91000366210938,88.97000122070312,88.88999938964844,88.95999908447266,84
2026-06-09T09:15:00.000Z,CL,88.95999908447266,88.95999908447266,88.91999816894531,88.95999908447266,34
2026-06-09T09:16:00.000Z,CL,88.94999694824219,88.94999694824219,88.83000183105469,88.88999938964844,102
2026-06-09T09:17:00.000Z,CL,88.88999938964844,89.01000213623047,88.87999725341797,89.01000213623047,88
2026-06-09T09:18:00.000Z,CL,89.01000213623047,89.0999984741211,89.01000213623047,89.04000091552734,117
2026-06-09T09:19:00.000Z,CL,89.04000091552734,89.04000091552734,89.0,89.0199966430664,74
2026-06-09T09:20:00.000Z,CL,89.04000091552734,89.08999633789062,89.0199966430664,89.05999755859375,68
2026-06-09T09:21:00.000Z,CL,89.04000091552734,89.05000305175781,88.94999694824219,88.97000122070312,91
2026-06-09T09:22:00.000Z,CL,88.9800033569336,89.0,88.93000030517578,88.94000244140625,86
2026-06-09T09:23:00.000Z,CL,88.94000244140625,88.94999694824219,88.91000366210938,88.94000244140625,49
2026-06-09T09:24:00.000Z,CL,88.95999908447266,88.95999908447266,88.8499984741211,88.91000366210938,116
2026-06-09T09:25:00.000Z,CL,88.88999938964844,88.91999816894531,88.87000274658203,88.88999938964844,50
2026-06-09T09:26:00.000Z,CL,88.88999938964844,88.91000366210938,88.86000061035156,88.91000366210938,34
2026-06-09T09:27:00.000Z,CL,88.91000366210938,88.91000366210938,88.86000061035156,88.88999938964844,35
2026-06-09T09:28:00.000Z,CL,88.87999725341797,88.9800033569336,88.87999725341797,88.9800033569336,44
2026-06-09T09:29:00.000Z,CL,88.9800033569336,89.01000213623047,88.86000061035156,88.9000015258789,88
2026-06-09T09:30:00.000Z,CL,88.87000274658203,88.9800033569336,88.83000183105469,88.83999633789062,185
2026-06-09T09:31:00.000Z,CL,88.83999633789062,88.91000366210938,88.83999633789062,88.91000366210938,158
2026-06-09T09:32:00.000Z,CL,88.91000366210938,88.91000366210938,88.83000183105469,88.83000183105469,56
2026-06-09T09:33:00.000Z,CL,88.81999969482422,88.88999938964844,88.80000305175781,88.8499984741211,138
2026-06-09T09:34:00.000Z,CL,88.83999633789062,88.9000015258789,88.83000183105469,88.9000015258789,56
2026-06-09T09:35:00.000Z,CL,88.9000015258789,88.93000030517578,88.86000061035156,88.9000015258789,240
2026-06-09T09:36:00.000Z,CL,88.91999816894531,88.94999694824219,88.88999938964844,88.94000244140625,77
2026-06-09T09:37:00.000Z,CL,88.94999694824219,88.95999908447266,88.87999725341797,88.94999694824219,61
2026-06-09T09:38:00.000Z,CL,88.95999908447266,88.9800033569336,88.94000244140625,88.95999908447266,94
2026-06-09T09:39:00.000Z,CL,88.98999786376953,89.01000213623047,88.94999694824219,89.0,263
2026-06-09T09:40:00.000Z,CL,88.9800033569336,88.9800033569336,88.9000015258789,88.9000015258789,92
2026-06-09T09:41:00.000Z,CL,88.9000015258789,88.94999694824219,88.88999938964844,88.94000244140625,57
2026-06-09T09:42:00.000Z,CL,88.94999694824219,89.06999969482422,88.94999694824219,89.06999969482422,57
2026-06-09T09:43:00.000Z,CL,89.06999969482422,89.11000061035156,89.05999755859375,89.08000183105469,75
2026-06-09T09:44:00.000Z,CL,89.08999633789062,89.11000061035156,89.05000305175781,89.0999984741211,112
2026-06-09T09:45:00.000Z,CL,89.0999984741211,89.22000122070312,89.0999984741211,89.16999816894531,93
2026-06-09T09:46:00.000Z,CL,89.16000366210938,89.16999816894531,89.0999984741211,89.11000061035156,68
2026-06-09T09:47:00.000Z,CL,89.08000183105469,89.12999725341797,89.05999755859375,89.0999984741211,77
2026-06-09T09:48:00.000Z,CL,89.11000061035156,89.11000061035156,88.9800033569336,89.0199966430664,67
2026-06-09T09:49:00.000Z,CL,89.02999877929688,89.05999755859375,89.0199966430664,89.04000091552734,35
2026-06-09T09:50:00.000Z,CL,89.02999877929688,89.02999877929688,88.9000015258789,88.9000015258789,93
2026-06-09T09:51:00.000Z,CL,88.87999725341797,88.91999816894531,88.81999969482422,88.87999725341797,118
2026-06-09T09:52:00.000Z,CL,88.87000274658203,88.91000366210938,88.86000061035156,88.91000366210938,77
2026-06-09T09:53:00.000Z,CL,88.9000015258789,88.9800033569336,88.9000015258789,88.9800033569336,87
2026-06-09T09:54:00.000Z,CL,88.97000122070312,89.08000183105469,88.97000122070312,89.04000091552734,93
2026-06-09T09:55:00.000Z,CL,89.02999877929688,89.02999877929688,88.95999908447266,89.0,66
2026-06-09T09:56:00.000Z,CL,88.98999786376953,89.02999877929688,88.98999786376953,89.0199966430664,54
2026-06-09T09:57:00.000Z,CL,89.0199966430664,89.08999633789062,89.0,89.08999633789062,63
2026-06-09T09:58:00.000Z,CL,89.08999633789062,89.11000061035156,89.05999755859375,89.0999984741211,82
2026-06-09T09:59:00.000Z,CL,89.0999984741211,89.18000030517578,89.08999633789062,89.16000366210938,160
2026-06-09T10:00:00.000Z,CL,89.1500015258789,89.16000366210938,89.08000183105469,89.13999938964844,32
2026-06-09T10:01:00.000Z,CL,89.12999725341797,89.2300033569336,89.12000274658203,89.22000122070312,143
2026-06-09T10:02:00.000Z,CL,89.20999908447266,89.2699966430664,89.19000244140625,89.2300033569336,64
2026-06-09T10:03:00.000Z,CL,89.25,89.31999969482422,89.25,89.30000305175781,97
2026-06-09T10:04:00.000Z,CL,89.30999755859375,89.3499984741211,89.30000305175781,89.30000305175781,61
2026-06-09T10:05:00.000Z,CL,89.30999755859375,89.30999755859375,89.19000244140625,89.23999786376953,87
2026-06-09T10:06:00.000Z,CL,89.2300033569336,89.41999816894531,89.2300033569336,89.41999816894531,180
2026-06-09T10:07:00.000Z,CL,89.44000244140625,89.44000244140625,89.33000183105469,89.33000183105469,113
2026-06-09T10:08:00.000Z,CL,89.31999969482422,89.33999633789062,89.30000305175781,89.33999633789062,22
2026-06-09T10:09:00.000Z,CL,89.33999633789062,89.38999938964844,89.30999755859375,89.38999938964844,42
2026-06-09T10:10:00.000Z,CL,89.37999725341797,89.44000244140625,89.33000183105469,89.44000244140625,89
2026-06-09T10:11:00.000Z,CL,89.44000244140625,89.45999908447266,89.36000061035156,89.37000274658203,51
2026-06-09T10:12:00.000Z,CL,89.3499984741211,89.4000015258789,89.3499984741211,89.38999938964844,34
2026-06-09T10:13:00.000Z,CL,89.38999938964844,89.44999694824219,89.37000274658203,89.41000366210938,74
2026-06-09T10:14:00.000Z,CL,89.4000015258789,89.41000366210938,89.33000183105469,89.33000183105469,118
2026-06-09T10:15:00.000Z,CL,89.33000183105469,89.3499984741211,89.26000213623047,89.30000305175781,199
2026-06-09T10:16:00.000Z,CL,89.30999755859375,89.30999755859375,89.2300033569336,89.23999786376953,94
2026-06-09T10:17:00.000Z,CL,89.23999786376953,89.26000213623047,89.12000274658203,89.13999938964844,361
2026-06-09T10:18:00.000Z,CL,89.13999938964844,89.16999816894531,89.13999938964844,89.16000366210938,35
2026-06-09T10:19:00.000Z,CL,89.19000244140625,89.37000274658203,89.19000244140625,89.37000274658203,153
2026-06-09T10:20:00.000Z,CL,89.37000274658203,89.37999725341797,89.30999755859375,89.30999755859375,103
2026-06-09T10:21:00.000Z,CL,89.29000091552734,89.30000305175781,89.25,89.29000091552734,98
2026-06-09T10:22:00.000Z,CL,89.30999755859375,89.31999969482422,89.26000213623047,89.29000091552734,89
2026-06-09T10:23:00.000Z,CL,89.30000305175781,89.31999969482422,89.27999877929688,89.29000091552734,57
2026-06-09T10:24:00.000Z,CL,89.27999877929688,89.31999969482422,89.2699966430664,89.30999755859375,56
2026-06-09T10:25:00.000Z,CL,89.30999755859375,89.31999969482422,89.27999877929688,89.29000091552734,18
2026-06-09T10:26:00.000Z,CL,89.27999877929688,89.29000091552734,89.20999908447266,89.25,232
2026-06-09T10:27:00.000Z,CL,89.22000122070312,89.2699966430664,89.20999908447266,89.22000122070312,27
2026-06-09T10:28:00.000Z,CL,89.22000122070312,89.2300033569336,89.19999694824219,89.19999694824219,33
2026-06-09T10:29:00.000Z,CL,89.22000122070312,89.25,89.19999694824219,89.25,40
2026-06-09T10:30:00.000Z,CL,89.2300033569336,89.30000305175781,89.2300033569336,89.30000305175781,68
2026-06-09T10:31:00.000Z,CL,89.30000305175781,89.30000305175781,89.23999786376953,89.2699966430664,22
2026-06-09T10:32:00.000Z,CL,89.27999877929688,89.27999877929688,89.20999908447266,89.26000213623047,64
2026-06-09T10:33:00.000Z,CL,89.27999877929688,89.27999877929688,89.26000213623047,89.26000213623047,7
2026-06-09T10:34:00.000Z,CL,89.26000213623047,89.33000183105469,89.23999786376953,89.30000305175781,62
2026-06-09T10:35:00.000Z,CL,89.30000305175781,89.33000183105469,89.25,89.25,33
2026-06-09T10:36:00.000Z,CL,89.23999786376953,89.23999786376953,89.18000030517578,89.20999908447266,120
2026-06-09T10:37:00.000Z,CL,89.19000244140625,89.2300033569336,89.16999816894531,89.2300033569336,31
2026-06-09T10:38:00.000Z,CL,89.25,89.2699966430664,89.23999786376953,89.25,22
2026-06-09T10:39:00.000Z,CL,89.25,89.29000091552734,89.22000122070312,89.23999786376953,49
2026-06-09T10:40:00.000Z,CL,89.26000213623047,89.33999633789062,89.26000213623047,89.31999969482422,31
2026-06-09T10:41:00.000Z,CL,89.33000183105469,89.36000061035156,89.31999969482422,89.33999633789062,44
2026-06-09T10:42:00.000Z,CL,89.33999633789062,89.33999633789062,89.33000183105469,89.33999633789062,17
2026-06-09T10:43:00.000Z,CL,89.33000183105469,89.33000183105469,89.30999755859375,89.31999969482422,11
2026-06-09T10:44:00.000Z,CL,89.30999755859375,89.33000183105469,89.29000091552734,89.30000305175781,60
2026-06-09T10:45:00.000Z,CL,89.29000091552734,89.30999755859375,89.20999908447266,89.20999908447266,57
2026-06-09T10:46:00.000Z,CL,89.20999908447266,89.31999969482422,89.19999694824219,89.2699966430664,111
2026-06-09T10:47:00.000Z,CL,89.2699966430664,89.27999877929688,89.2300033569336,89.2300033569336,60
2026-06-09T10:48:00.000Z,CL,89.2300033569336,89.23999786376953,89.2300033569336,89.23999786376953,7
2026-06-09T10:49:00.000Z,CL,89.23999786376953,89.23999786376953,89.16999816894531,89.20999908447266,32
2026-06-09T10:50:00.000Z,CL,89.22000122070312,89.22000122070312,89.08000183105469,89.16000366210938,128
2026-06-09T10:51:00.000Z,CL,89.16000366210938,89.16999816894531,89.1500015258789,89.16000366210938,22
2026-06-09T10:52:00.000Z,CL,89.1500015258789,89.1500015258789,89.06999969482422,89.08999633789062,47
2026-06-09T10:53:00.000Z,CL,89.08000183105469,89.12999725341797,89.06999969482422,89.12000274658203,58
2026-06-09T10:54:00.000Z,CL,89.12000274658203,89.19000244140625,88.69999694824219,89.16000366210938,1420
2026-06-09T10:55:00.000Z,CL,89.16000366210938,89.18000030517578,89.05000305175781,89.05000305175781,182
2026-06-09T10:56:00.000Z,CL,89.04000091552734,89.12000274658203,89.0199966430664,89.05999755859375,120
2026-06-09T10:57:00.000Z,CL,89.05000305175781,89.12000274658203,89.0199966430664,89.05999755859375,63
2026-06-09T10:58:00.000Z,CL,89.05000305175781,89.05000305175781,89.0,89.01000213623047,50
2026-06-09T10:59:00.000Z,CL,89.01000213623047,89.02999877929688,88.9800033569336,89.01000213623047,64
2026-06-09T11:00:00.000Z,CL,88.98999786376953,89.06999969482422,88.97000122070312,89.01000213623047,131
2026-06-09T11:01:00.000Z,CL,89.0199966430664,89.02999877929688,88.9800033569336,89.0199966430664,93
2026-06-09T11:02:00.000Z,CL,89.01000213623047,89.0999984741211,89.0,89.08000183105469,59
2026-06-09T11:03:00.000Z,CL,89.08000183105469,89.30999755859375,89.08000183105469,89.25,198
2026-06-09T11:04:00.000Z,CL,89.23999786376953,89.26000213623047,89.2300033569336,89.2300033569336,44
2026-06-09T11:05:00.000Z,CL,89.2300033569336,89.23999786376953,89.16000366210938,89.22000122070312,75
2026-06-09T11:06:00.000Z,CL,89.22000122070312,89.2699966430664,89.22000122070312,89.23999786376953,38
2026-06-09T11:07:00.000Z,CL,89.2300033569336,89.2699966430664,89.19000244140625,89.19000244140625,48
2026-06-09T11:08:00.000Z,CL,89.16000366210938,89.16000366210938,89.04000091552734,89.12999725341797,96
2026-06-09T11:09:00.000Z,CL,89.12000274658203,89.20999908447266,89.12000274658203,89.19000244140625,54
2026-06-09T11:10:00.000Z,CL,89.18000030517578,89.22000122070312,89.18000030517578,89.18000030517578,24
2026-06-09T11:11:00.000Z,CL,89.18000030517578,89.19999694824219,89.13999938964844,89.16999816894531,33
2026-06-09T11:12:00.000Z,CL,89.18000030517578,89.2300033569336,89.18000030517578,89.19999694824219,63
2026-06-09T11:13:00.000Z,CL,89.19999694824219,89.20999908447266,89.18000030517578,89.19999694824219,14
2026-06-09T11:14:00.000Z,CL,89.19000244140625,89.25,89.19000244140625,89.23999786376953,19
2026-06-09T11:15:00.000Z,CL,89.2300033569336,89.25,89.19000244140625,89.25,41
2026-06-09T11:16:00.000Z,CL,89.25,89.2699966430664,89.25,89.25,25
2026-06-09T11:17:00.000Z,CL,89.23999786376953,89.30999755859375,89.2300033569336,89.29000091552734,91
2026-06-09T11:18:00.000Z,CL,89.29000091552734,89.31999969482422,89.2300033569336,89.2300033569336,70
2026-06-09T11:19:00.000Z,CL,89.2300033569336,89.31999969482422,89.2300033569336,89.30999755859375,66
2026-06-09T11:20:00.000Z,CL,89.31999969482422,89.44000244140625,89.27999877929688,89.4000015258789,236
2026-06-09T11:21:00.000Z,CL,89.41999816894531,89.44000244140625,89.4000015258789,89.41999816894531,126
2026-06-09T11:22:00.000Z,CL,89.43000030517578,89.43000030517578,89.36000061035156,89.4000015258789,154
2026-06-09T11:23:00.000Z,CL,89.4000015258789,89.5199966430664,89.4000015258789,89.51000213623047,617
2026-06-09T11:24:00.000Z,CL,89.51000213623047,89.62000274658203,89.4800033569336,89.5999984741211,220
2026-06-09T11:25:00.000Z,CL,89.5999984741211,89.5999984741211,89.5,89.5199966430664,188
2026-06-09T11:26:00.000Z,CL,89.52999877929688,89.58000183105469,89.51000213623047,89.58000183105469,54
2026-06-09T11:27:00.000Z,CL,89.58000183105469,89.58999633789062,89.47000122070312,89.47000122070312,82
2026-06-09T11:28:00.000Z,CL,89.4800033569336,89.5199966430664,89.44000244140625,89.45999908447266,69
2026-06-09T11:29:00.000Z,CL,89.45999908447266,89.4800033569336,89.37000274658203,89.37999725341797,67
2026-06-09T11:30:00.000Z,CL,89.37999725341797,89.37999725341797,89.30000305175781,89.3499984741211,99
2026-06-09T11:31:00.000Z,CL,89.3499984741211,89.47000122070312,89.3499984741211,89.47000122070312,88
2026-06-09T11:32:00.000Z,CL,89.47000122070312,89.47000122070312,89.4000015258789,89.45999908447266,90
2026-06-09T11:33:00.000Z,CL,89.45999908447266,89.5199966430664,89.45999908447266,89.5199966430664,54
2026-06-09T11:34:00.000Z,CL,89.52999877929688,89.56999969482422,89.4800033569336,89.52999877929688,105
2026-06-09T11:35:00.000Z,CL,89.52999877929688,89.54000091552734,89.48999786376953,89.52999877929688,46
2026-06-09T11:36:00.000Z,CL,89.54000091552734,89.62999725341797,89.5199966430664,89.55000305175781,218
2026-06-09T11:37:00.000Z,CL,89.56999969482422,89.5999984741211,89.52999877929688,89.56999969482422,33
2026-06-09T11:38:00.000Z,CL,89.56999969482422,89.62000274658203,89.52999877929688,89.55000305175781,123
2026-06-09T11:39:00.000Z,CL,89.52999877929688,89.52999877929688,89.48999786376953,89.48999786376953,15
2026-06-09T11:40:00.000Z,CL,89.4800033569336,89.48999786376953,89.38999938964844,89.38999938964844,60
2026-06-09T11:41:00.000Z,CL,89.37999725341797,89.37999725341797,89.31999969482422,89.3499984741211,114
2026-06-09T11:42:00.000Z,CL,89.3499984741211,89.55000305175781,89.3499984741211,89.52999877929688,130
2026-06-09T11:43:00.000Z,CL,89.52999877929688,89.66000366210938,89.52999877929688,89.63999938964844,276
2026-06-09T11:44:00.000Z,CL,89.6500015258789,89.69999694824219,89.58999633789062,89.66000366210938,241
2026-06-09T11:45:00.000Z,CL,89.6500015258789,89.6500015258789,89.56999969482422,89.5999984741211,250
2026-06-09T11:46:00.000Z,CL,89.58999633789062,89.79000091552734,89.58999633789062,89.68000030517578,228
2026-06-09T11:47:00.000Z,CL,89.66999816894531,89.70999908447266,89.61000061035156,89.63999938964844,92
2026-06-09T11:48:00.000Z,CL,89.62999725341797,89.69000244140625,89.58999633789062,89.58999633789062,132
2026-06-09T11:49:00.000Z,CL,89.5999984741211,89.62000274658203,89.56999969482422,89.5999984741211,101
2026-06-09T11:50:00.000Z,CL,89.58999633789062,89.62000274658203,89.58999633789062,89.62000274658203,28
2026-06-09T11:51:00.000Z,CL,89.62000274658203,89.62000274658203,89.58999633789062,89.5999984741211,38
2026-06-09T11:52:00.000Z,CL,89.61000061035156,89.62999725341797,89.5999984741211,89.62000274658203,62
2026-06-09T11:53:00.000Z,CL,89.61000061035156,89.68000030517578,89.58999633789062,89.6500015258789,126
2026-06-09T11:54:00.000Z,CL,89.63999938964844,89.73999786376953,89.63999938964844,89.7300033569336,148
2026-06-09T11:55:00.000Z,CL,89.7300033569336,89.77999877929688,89.66000366210938,89.66000366210938,241
2026-06-09T11:56:00.000Z,CL,89.6500015258789,89.66000366210938,89.55000305175781,89.55999755859375,104
2026-06-09T11:57:00.000Z,CL,89.56999969482422,89.58999633789062,89.52999877929688,89.55000305175781,106
2026-06-09T11:58:00.000Z,CL,89.55000305175781,89.61000061035156,89.5199966430664,89.5999984741211,106
2026-06-09T11:59:00.000Z,CL,89.58999633789062,89.58999633789062,89.55000305175781,89.55999755859375,106
2026-06-09T12:00:00.000Z,CL,89.55999755859375,89.55999755859375,89.4000015258789,89.43000030517578,186
2026-06-09T12:01:00.000Z,CL,89.41999816894531,89.54000091552734,89.41999816894531,89.47000122070312,130
2026-06-09T12:02:00.000Z,CL,89.47000122070312,89.4800033569336,89.4000015258789,89.43000030517578,139
2026-06-09T12:03:00.000Z,CL,89.41999816894531,89.4800033569336,89.37000274658203,89.37000274658203,132
2026-06-09T12:04:00.000Z,CL,89.37000274658203,89.4000015258789,89.33000183105469,89.37999725341797,49
2026-06-09T12:05:00.000Z,CL,89.37000274658203,89.41999816894531,89.37000274658203,89.37999725341797,277
2026-06-09T12:06:00.000Z,CL,89.37999725341797,89.37999725341797,89.20999908447266,89.20999908447266,201
2026-06-09T12:07:00.000Z,CL,89.2300033569336,89.30000305175781,89.20999908447266,89.29000091552734,164
2026-06-09T12:08:00.000Z,CL,89.29000091552734,89.33000183105469,89.2699966430664,89.30000305175781,54
2026-06-09T12:09:00.000Z,CL,89.30000305175781,89.44999694824219,89.27999877929688,89.4000015258789,176
2026-06-09T12:10:00.000Z,CL,89.4000015258789,89.44000244140625,89.37999725341797,89.43000030517578,97
2026-06-09T12:11:00.000Z,CL,89.43000030517578,89.47000122070312,89.43000030517578,89.44000244140625,105
2026-06-09T12:12:00.000Z,CL,89.44000244140625,89.52999877929688,89.43000030517578,89.4800033569336,190
2026-06-09T12:13:00.000Z,CL,89.4800033569336,89.54000091552734,89.4800033569336,89.5,69
2026-06-09T12:14:00.000Z,CL,89.4800033569336,89.5,89.44999694824219,89.48999786376953,71
2026-06-09T12:15:00.000Z,CL,89.44999694824219,89.4800033569336,89.43000030517578,89.45999908447266,78
2026-06-09T12:16:00.000Z,CL,89.44999694824219,89.45999908447266,89.41000366210938,89.44999694824219,135
2026-06-09T12:17:00.000Z,CL,89.44999694824219,89.51000213623047,89.44999694824219,89.51000213623047,83
2026-06-09T12:18:00.000Z,CL,89.5,89.5,89.41000366210938,89.41999816894531,38
2026-06-09T12:19:00.000Z,CL,89.41000366210938,89.41999816894531,89.31999969482422,89.33000183105469,143
2026-06-09T12:20:00.000Z,CL,89.33999633789062,89.43000030517578,89.33000183105469,89.43000030517578,122
2026-06-09T12:21:00.000Z,CL,89.41999816894531,89.41999816894531,89.30000305175781,89.33999633789062,160
2026-06-09T12:22:00.000Z,CL,89.33999633789062,89.37999725341797,89.33999633789062,89.37999725341797,26
2026-06-09T12:23:00.000Z,CL,89.37999725341797,89.41000366210938,89.33999633789062,89.37000274658203,185
2026-06-09T12:24:00.000Z,CL,89.37000274658203,89.4000015258789,89.36000061035156,89.37000274658203,23
2026-06-09T12:25:00.000Z,CL,89.36000061035156,89.45999908447266,89.30000305175781,89.41999816894531,250
2026-06-09T12:26:00.000Z,CL,89.41999816894531,89.47000122070312,89.37000274658203,89.47000122070312,122
2026-06-09T12:27:00.000Z,CL,89.47000122070312,89.55000305175781,89.45999908447266,89.48999786376953,121
2026-06-09T12:28:00.000Z,CL,89.48999786376953,89.55999755859375,89.48999786376953,89.54000091552734,69
2026-06-09T12:29:00.000Z,CL,89.54000091552734,89.63999938964844,89.54000091552734,89.5999984741211,241
2026-06-09T12:30:00.000Z,CL,89.61000061035156,89.66000366210938,89.54000091552734,89.62999725341797,364
2026-06-09T12:31:00.000Z,CL,89.62000274658203,89.66999816894531,89.47000122070312,89.5,724
2026-06-09T12:32:00.000Z,CL,89.48999786376953,89.5,89.37999725341797,89.41000366210938,205
2026-06-09T12:33:00.000Z,CL,89.41000366210938,89.45999908447266,89.41000366210938,89.44000244140625,139
2026-06-09T12:34:00.000Z,CL,89.44999694824219,89.48999786376953,89.3499984741211,89.36000061035156,218
2026-06-09T12:35:00.000Z,CL,89.36000061035156,89.36000061035156,89.1500015258789,89.1500015258789,348
2026-06-09T12:36:00.000Z,CL,89.16000366210938,89.18000030517578,89.05999755859375,89.1500015258789,410
2026-06-09T12:37:00.000Z,CL,89.16000366210938,89.31999969482422,89.16000366210938,89.30000305175781,198
2026-06-09T12:38:00.000Z,CL,89.30999755859375,89.33000183105469,89.23999786376953,89.25,134
2026-06-09T12:39:00.000Z,CL,89.25,89.38999938964844,89.25,89.36000061035156,118
2026-06-09T12:40:00.000Z,CL,89.36000061035156,89.44000244140625,89.33000183105469,89.41999816894531,231
2026-06-09T12:41:00.000Z,CL,89.43000030517578,89.43000030517578,89.33999633789062,89.33999633789062,41
2026-06-09T12:42:00.000Z,CL,89.33999633789062,89.3499984741211,89.30999755859375,89.3499984741211,82
2026-06-09T12:43:00.000Z,CL,89.3499984741211,89.38999938964844,89.3499984741211,89.38999938964844,59
2026-06-09T12:44:00.000Z,CL,89.38999938964844,89.43000030517578,89.37000274658203,89.38999938964844,37
2026-06-09T12:45:00.000Z,CL,89.4000015258789,89.45999908447266,89.38999938964844,89.44000244140625,117
2026-06-09T12:46:00.000Z,CL,89.44000244140625,89.44000244140625,89.37000274658203,89.37999725341797,82
2026-06-09T12:47:00.000Z,CL,89.37000274658203,89.37000274658203,89.25,89.26000213623047,199
2026-06-09T12:48:00.000Z,CL,89.2699966430664,89.2699966430664,89.16999816894531,89.22000122070312,112
2026-06-09T12:49:00.000Z,CL,89.23999786376953,89.23999786376953,89.12000274658203,89.19999694824219,249
2026-06-09T12:50:00.000Z,CL,89.18000030517578,89.19000244140625,89.0999984741211,89.13999938964844,120
2026-06-09T12:51:00.000Z,CL,89.1500015258789,89.27999877929688,89.08000183105469,89.19000244140625,279
2026-06-09T12:52:00.000Z,CL,89.19000244140625,89.31999969482422,89.19000244140625,89.27999877929688,202
2026-06-09T12:53:00.000Z,CL,89.27999877929688,89.33999633789062,89.26000213623047,89.31999969482422,133
2026-06-09T12:54:00.000Z,CL,89.31999969482422,89.31999969482422,89.20999908447266,89.2699966430664,97
2026-06-09T12:55:00.000Z,CL,89.27999877929688,89.29000091552734,89.22000122070312,89.2699966430664,120
2026-06-09T12:56:00.000Z,CL,89.27999877929688,89.30000305175781,89.26000213623047,89.27999877929688,63
2026-06-09T12:57:00.000Z,CL,89.30000305175781,89.41999816894531,89.30000305175781,89.37000274658203,238
2026-06-09T12:58:00.000Z,CL,89.37999725341797,89.37999725341797,89.33000183105469,89.33999633789062,186
2026-06-09T12:59:00.000Z,CL,89.33000183105469,89.33999633789062,88.83999633789062,89.04000091552734,1804
2026-06-09T13:00:00.000Z,CL,89.05000305175781,89.37999725341797,88.9000015258789,89.3499984741211,1594
2026-06-09T13:01:00.000Z,CL,89.37000274658203,89.43000030517578,89.25,89.41999816894531,648
2026-06-09T13:02:00.000Z,CL,89.41999816894531,89.44999694824219,89.31999969482422,89.3499984741211,380
2026-06-09T13:03:00.000Z,CL,89.33999633789062,89.52999877929688,89.33000183105469,89.4000015258789,469
2026-06-09T13:04:00.000Z,CL,89.37000274658203,89.54000091552734,89.36000061035156,89.51000213623047,616
2026-06-09T13:05:00.000Z,CL,89.51000213623047,89.51000213623047,89.25,89.2699966430664,504
2026-06-09T13:06:00.000Z,CL,89.26000213623047,89.37000274658203,89.20999908447266,89.23999786376953,244
2026-06-09T13:07:00.000Z,CL,89.23999786376953,89.37999725341797,89.1500015258789,89.3499984741211,424
2026-06-09T13:08:00.000Z,CL,89.3499984741211,89.3499984741211,89.0,89.0,569
2026-06-09T13:09:00.000Z,CL,89.0,89.16999816894531,88.91999816894531,89.13999938964844,656
2026-06-09T13:10:00.000Z,CL,89.12999725341797,89.18000030517578,89.08000183105469,89.0999984741211,143
2026-06-09T13:11:00.000Z,CL,89.12999725341797,89.16999816894531,89.05000305175781,89.0999984741211,140
2026-06-09T13:12:00.000Z,CL,89.0999984741211,89.16999816894531,89.08000183105469,89.13999938964844,230
2026-06-09T13:13:00.000Z,CL,89.13999938964844,89.16999816894531,89.05000305175781,89.05000305175781,175
2026-06-09T13:14:00.000Z,CL,89.05000305175781,89.12000274658203,89.02999877929688,89.02999877929688,190
2026-06-09T13:15:00.000Z,CL,89.02999877929688,89.05000305175781,88.91999816894531,88.91999816894531,613
2026-06-09T13:16:00.000Z,CL,88.91999816894531,88.94999694824219,88.8499984741211,88.91000366210938,519
2026-06-09T13:17:00.000Z,CL,88.91999816894531,88.91999816894531,88.80000305175781,88.87999725341797,356
2026-06-09T13:18:00.000Z,CL,88.88999938964844,88.9800033569336,88.83000183105469,88.88999938964844,341
2026-06-09T13:19:00.000Z,CL,88.87999725341797,88.95999908447266,88.83999633789062,88.94999694824219,242
2026-06-09T13:20:00.000Z,CL,88.94000244140625,88.94999694824219,88.83999633789062,88.87000274658203,203
2026-06-09T13:21:00.000Z,CL,88.86000061035156,88.94999694824219,88.8499984741211,88.93000030517578,255
2026-06-09T13:22:00.000Z,CL,88.94999694824219,89.05000305175781,88.94000244140625,89.01000213623047,366
2026-06-09T13:23:00.000Z,CL,89.0199966430664,89.05000305175781,88.95999908447266,89.01000213623047,163
2026-06-09T13:24:00.000Z,CL,89.01000213623047,89.0199966430664,88.80999755859375,88.83999633789062,371
2026-06-09T13:25:00.000Z,CL,88.83999633789062,88.83999633789062,88.66000366210938,88.69000244140625,717
2026-06-09T13:26:00.000Z,CL,88.69999694824219,88.77999877929688,88.66999816894531,88.76000213623047,294
2026-06-09T13:27:00.000Z,CL,88.75,88.83999633789062,88.68000030517578,88.83999633789062,280
2026-06-09T13:28:00.000Z,CL,88.8499984741211,88.86000061035156,88.75,88.7699966430664,213
2026-06-09T13:29:00.000Z,CL,88.7699966430664,88.77999877929688,88.66999816894531,88.75,494
2026-06-09T13:30:00.000Z,CL,88.75,88.77999877929688,88.63999938964844,88.66999816894531,469
2026-06-09T13:31:00.000Z,CL,88.66000366210938,88.66999816894531,88.5,88.52999877929688,797
2026-06-09T13:32:00.000Z,CL,88.55000305175781,88.6500015258789,88.51000213623047,88.58999633789062,540
2026-06-09T13:33:00.000Z,CL,88.58999633789062,88.61000061035156,88.43000030517578,88.55000305175781,675
2026-06-09T13:34:00.000Z,CL,88.52999877929688,88.63999938964844,88.48999786376953,88.62000274658203,287
2026-06-09T13:35:00.000Z,CL,88.61000061035156,88.68000030517578,88.56999969482422,88.66000366210938,591
2026-06-09T13:36:00.000Z,CL,88.6500015258789,88.6500015258789,88.44999694824219,88.47000122070312,859
2026-06-09T13:37:00.000Z,CL,88.48999786376953,88.54000091552734,88.45999908447266,88.45999908447266,313
2026-06-09T13:38:00.000Z,CL,88.45999908447266,88.58000183105469,88.45999908447266,88.55000305175781,372
2026-06-09T13:39:00.000Z,CL,88.55000305175781,88.58000183105469,88.4800033569336,88.5,355
2026-06-09T13:40:00.000Z,CL,88.48999786376953,88.6500015258789,88.48999786376953,88.5999984741211,269
2026-06-09T13:41:00.000Z,CL,88.5999984741211,88.69000244140625,88.56999969482422,88.69000244140625,304
2026-06-09T13:42:00.000Z,CL,88.69000244140625,88.69999694824219,88.5199966430664,88.55000305175781,235
2026-06-09T13:43:00.000Z,CL,88.54000091552734,88.55000305175781,88.45999908447266,88.5,276
2026-06-09T13:44:00.000Z,CL,88.48999786376953,88.55000305175781,88.36000061035156,88.4000015258789,558
2026-06-09T13:45:00.000Z,CL,88.4000015258789,88.41999816894531,88.25,88.30999755859375,1008
2026-06-09T13:46:00.000Z,CL,88.27999877929688,88.33000183105469,88.02999877929688,88.05000305175781,1213
2026-06-09T13:47:00.000Z,CL,88.05000305175781,88.11000061035156,87.91000366210938,87.93000030517578,1127
2026-06-09T13:48:00.000Z,CL,87.93000030517578,87.9800033569336,87.5,87.51000213623047,2208
2026-06-09T13:49:00.000Z,CL,87.5199966430664,87.7699966430664,87.47000122070312,87.70999908447266,1532
2026-06-09T13:50:00.000Z,CL,87.69999694824219,88.0,87.62000274658203,87.9800033569336,1815
2026-06-09T13:51:00.000Z,CL,87.95999908447266,88.05999755859375,87.87000274658203,87.91000366210938,1199
2026-06-09T13:52:00.000Z,CL,87.9000015258789,87.91999816894531,87.76000213623047,87.8499984741211,466
2026-06-09T13:53:00.000Z,CL,87.8499984741211,87.95999908447266,87.7300033569336,87.79000091552734,646
2026-06-09T13:54:00.000Z,CL,87.77999877929688,87.91999816894531,87.76000213623047,87.87999725341797,382
2026-06-09T13:55:00.000Z,CL,87.88999938964844,88.04000091552734,87.87999725341797,87.97000122070312,386
2026-06-09T13:56:00.000Z,CL,87.9800033569336,88.04000091552734,87.9000015258789,87.97000122070312,498
2026-06-09T13:57:00.000Z,CL,87.95999908447266,88.05000305175781,87.94000244140625,87.9800033569336,347
2026-06-09T13:58:00.000Z,CL,87.98999786376953,88.01000213623047,87.83999633789062,87.83999633789062,258
2026-06-09T13:59:00.000Z,CL,87.8499984741211,87.87999725341797,87.80000305175781,87.83999633789062,259
2026-06-09T14:00:00.000Z,CL,87.83999633789062,87.87000274658203,87.66999816894531,87.69000244140625,529
2026-06-09T14:01:00.000Z,CL,87.69000244140625,87.69000244140625,87.44999694824219,87.62000274658203,1057
2026-06-09T14:02:00.000Z,CL,87.62000274658203,87.68000030517578,87.55999755859375,87.62000274658203,734
2026-06-09T14:03:00.000Z,CL,87.62999725341797,87.7300033569336,87.58999633789062,87.68000030517578,637
2026-06-09T14:04:00.000Z,CL,87.68000030517578,87.70999908447266,87.61000061035156,87.62000274658203,289
2026-06-09T14:05:00.000Z,CL,87.62000274658203,87.66000366210938,87.56999969482422,87.66000366210938,377
2026-06-09T14:06:00.000Z,CL,87.68000030517578,87.8499984741211,87.68000030517578,87.81999969482422,466
2026-06-09T14:07:00.000Z,CL,87.83999633789062,87.8499984741211,87.75,87.7699966430664,357
2026-06-09T14:08:00.000Z,CL,87.7699966430664,87.80999755859375,87.52999877929688,87.66999816894531,754
2026-06-09T14:09:00.000Z,CL,87.66000366210938,87.70999908447266,87.5999984741211,87.6500015258789,368
2026-06-09T14:10:00.000Z,CL,87.6500015258789,87.91000366210938,87.6500015258789,87.86000061035156,589
2026-06-09T14:11:00.000Z,CL,87.87000274658203,87.91999816894531,87.80000305175781,87.80999755859375,354
2026-06-09T14:12:00.000Z,CL,87.80000305175781,87.87000274658203,87.76000213623047,87.86000061035156,366
2026-06-09T14:13:00.000Z,CL,87.86000061035156,87.94999694824219,87.86000061035156,87.94000244140625,375
2026-06-09T14:14:00.000Z,CL,87.94999694824219,88.0,87.91999816894531,87.9800033569336,397
2026-06-09T14:15:00.000Z,CL,87.97000122070312,87.97000122070312,87.80999755859375,87.91999816894531,338
2026-06-09T14:16:00.000Z,CL,87.91999816894531,87.98999786376953,87.86000061035156,87.91999816894531,483
2026-06-09T14:17:00.000Z,CL,87.91000366210938,88.05999755859375,87.87999725341797,88.05999755859375,337
2026-06-09T14:18:00.000Z,CL,88.04000091552734,88.22000122070312,88.02999877929688,88.16000366210938,823
2026-06-09T14:19:00.000Z,CL,88.1500015258789,88.18000030517578,88.08999633789062,88.11000061035156,440
2026-06-09T14:20:00.000Z,CL,88.08999633789062,88.11000061035156,88.01000213623047,88.05999755859375,316
2026-06-09T14:21:00.000Z,CL,88.06999969482422,88.06999969482422,87.9800033569336,87.98999786376953,418
2026-06-09T14:22:00.000Z,CL,88.0,88.05999755859375,87.80000305175781,87.81999969482422,414
2026-06-09T14:23:00.000Z,CL,87.80000305175781,87.83000183105469,87.72000122070312,87.76000213623047,220
2026-06-09T14:24:00.000Z,CL,87.75,87.80999755859375,87.72000122070312,87.7300033569336,218
2026-06-09T14:25:00.000Z,CL,87.7300033569336,87.75,87.63999938964844,87.6500015258789,402
2026-06-09T14:26:00.000Z,CL,87.63999938964844,87.69999694824219,87.55999755859375,87.63999938964844,653
2026-06-09T14:27:00.000Z,CL,87.62000274658203,87.66999816894531,87.56999969482422,87.62999725341797,180
2026-06-09T14:28:00.000Z,CL,87.63999938964844,87.6500015258789,87.56999969482422,87.62999725341797,355
2026-06-09T14:29:00.000Z,CL,87.62999725341797,87.66000366210938,87.5,87.51000213623047,328
2026-06-09T14:30:00.000Z,CL,87.51000213623047,87.76000213623047,87.37000274658203,87.62000274658203,1474
2026-06-09T14:31:00.000Z,CL,87.62000274658203,87.68000030517578,87.58999633789062,87.66000366210938,305
2026-06-09T14:32:00.000Z,CL,87.68000030517578,87.68000030517578,87.54000091552734,87.5999984741211,310
2026-06-09T14:33:00.000Z,CL,87.58000183105469,87.72000122070312,87.58000183105469,87.68000030517578,269
2026-06-09T14:34:00.000Z,CL,87.66000366210938,87.7699966430664,87.66000366210938,87.75,179
2026-06-09T14:35:00.000Z,CL,87.76000213623047,87.9000015258789,87.70999908447266,87.73999786376953,724
2026-06-09T14:36:00.000Z,CL,87.73999786376953,87.80000305175781,87.66999816894531,87.69999694824219,422
2026-06-09T14:37:00.000Z,CL,87.69999694824219,87.73999786376953,87.61000061035156,87.62000274658203,238
2026-06-09T14:38:00.000Z,CL,87.62999725341797,87.81999969482422,87.62000274658203,87.80999755859375,191
2026-06-09T14:39:00.000Z,CL,87.80000305175781,87.87999725341797,87.79000091552734,87.8499984741211,200
2026-06-09T14:40:00.000Z,CL,87.87000274658203,87.94999694824219,87.81999969482422,87.8499984741211,312
2026-06-09T14:41:00.000Z,CL,87.83999633789062,87.93000030517578,87.83999633789062,87.87999725341797,178
2026-06-09T14:42:00.000Z,CL,87.87000274658203,88.0,87.86000061035156,87.94999694824219,294
2026-06-09T14:43:00.000Z,CL,87.94999694824219,87.9800033569336,87.91000366210938,87.93000030517578,238
2026-06-09T14:44:00.000Z,CL,87.93000030517578,88.05999755859375,87.93000030517578,88.05000305175781,228
2026-06-09T14:45:00.000Z,CL,88.04000091552734,88.05999755859375,87.95999908447266,87.9800033569336,435
2026-06-09T14:46:00.000Z,CL,87.9800033569336,87.98999786376953,87.88999938964844,87.93000030517578,296
2026-06-09T14:47:00.000Z,CL,87.94000244140625,87.9800033569336,87.91000366210938,87.97000122070312,201
2026-06-09T14:48:00.000Z,CL,87.95999908447266,88.05000305175781,87.94999694824219,88.04000091552734,399
2026-06-09T14:49:00.000Z,CL,88.02999877929688,88.11000061035156,88.0199966430664,88.05999755859375,291
2026-06-09T14:50:00.000Z,CL,88.05999755859375,88.08000183105469,87.9800033569336,87.9800033569336,300
2026-06-09T14:51:00.000Z,CL,87.9800033569336,87.98999786376953,87.73999786376953,87.75,414
2026-06-09T14:52:00.000Z,CL,87.75,87.77999877929688,87.66999816894531,87.77999877929688,347
2026-06-09T14:53:00.000Z,CL,87.76000213623047,87.77999877929688,87.69999694824219,87.73999786376953,115
2026-06-09T14:54:00.000Z,CL,87.7300033569336,87.7699966430664,87.72000122070312,87.73999786376953,243
2026-06-09T14:55:00.000Z,CL,87.73999786376953,87.83000183105469,87.72000122070312,87.81999969482422,217
2026-06-09T14:56:00.000Z,CL,87.80999755859375,87.86000061035156,87.75,87.7699966430664,326
2026-06-09T14:57:00.000Z,CL,87.77999877929688,87.83999633789062,87.70999908447266,87.76000213623047,385
2026-06-09T14:58:00.000Z,CL,87.7699966430664,87.77999877929688,87.6500015258789,87.69000244140625,228
2026-06-09T14:59:00.000Z,CL,87.69000244140625,87.80000305175781,87.66999816894531,87.77999877929688,163
2026-06-09T15:00:00.000Z,CL,87.7699966430664,87.87999725341797,87.75,87.77999877929688,320
2026-06-09T15:01:00.000Z,CL,87.79000091552734,87.80999755859375,87.68000030517578,87.70999908447266,396
2026-06-09T15:02:00.000Z,CL,87.69999694824219,87.7300033569336,87.68000030517578,87.70999908447266,153
2026-06-09T15:03:00.000Z,CL,87.72000122070312,87.73999786376953,87.66999816894531,87.66999816894531,261
2026-06-09T15:04:00.000Z,CL,87.66000366210938,87.81999969482422,87.63999938964844,87.80000305175781,284
2026-06-09T15:05:00.000Z,CL,87.80000305175781,87.83999633789062,87.76000213623047,87.76000213623047,197
2026-06-09T15:06:00.000Z,CL,87.76000213623047,87.79000091552734,87.69999694824219,87.73999786376953,214
2026-06-09T15:07:00.000Z,CL,87.73999786376953,87.75,87.66000366210938,87.68000030517578,221
2026-06-09T15:08:00.000Z,CL,87.68000030517578,87.72000122070312,87.63999938964844,87.68000030517578,207
2026-06-09T15:09:00.000Z,CL,87.68000030517578,87.69000244140625,87.5999984741211,87.5999984741211,130
2026-06-09T15:10:00.000Z,CL,87.61000061035156,87.61000061035156,87.5,87.5,271
2026-06-09T15:11:00.000Z,CL,87.51000213623047,87.55000305175781,87.4800033569336,87.52999877929688,282
2026-06-09T15:12:00.000Z,CL,87.5199966430664,87.54000091552734,87.45999908447266,87.5,224
2026-06-09T15:13:00.000Z,CL,87.51000213623047,87.55999755859375,87.4800033569336,87.55000305175781,103
2026-06-09T15:14:00.000Z,CL,87.55000305175781,87.58000183105469,87.5199966430664,87.55999755859375,180
2026-06-09T15:15:00.000Z,CL,87.55999755859375,87.55999755859375,87.44999694824219,87.48999786376953,238
2026-06-09T15:16:00.000Z,CL,87.4800033569336,87.54000091552734,87.44999694824219,87.45999908447266,193
2026-06-09T15:17:00.000Z,CL,87.45999908447266,87.47000122070312,87.38999938964844,87.44999694824219,354
2026-06-09T15:18:00.000Z,CL,87.44999694824219,87.47000122070312,87.38999938964844,87.44999694824219,263
2026-06-09T15:19:00.000Z,CL,87.44000244140625,87.5199966430664,87.43000030517578,87.4800033569336,214
2026-06-09T15:20:00.000Z,CL,87.4800033569336,87.72000122070312,87.4800033569336,87.62999725341797,375
2026-06-09T15:21:00.000Z,CL,87.62999725341797,87.70999908447266,87.61000061035156,87.66999816894531,140
2026-06-09T15:22:00.000Z,CL,87.66999816894531,87.80999755859375,87.62000274658203,87.7300033569336,360
2026-06-09T15:23:00.000Z,CL,87.72000122070312,87.79000091552734,87.69000244140625,87.77999877929688,435
2026-06-09T15:24:00.000Z,CL,87.77999877929688,87.80999755859375,87.76000213623047,87.77999877929688,175
2026-06-09T15:25:00.000Z,CL,87.77999877929688,87.8499984741211,87.68000030517578,87.77999877929688,407
2026-06-09T15:26:00.000Z,CL,87.77999877929688,87.9000015258789,87.77999877929688,87.87999725341797,458
2026-06-09T15:27:00.000Z,CL,87.88999938964844,87.91000366210938,87.68000030517578,87.75,456
2026-06-09T15:28:00.000Z,CL,87.73999786376953,87.87000274658203,87.73999786376953,87.7699966430664,246
2026-06-09T15:29:00.000Z,CL,87.7699966430664,87.79000091552734,87.69999694824219,87.76000213623047,298
2026-06-09T15:30:00.000Z,CL,87.76000213623047,87.7699966430664,87.61000061035156,87.7300033569336,734
2026-06-09T15:31:00.000Z,CL,87.70999908447266,87.77999877929688,87.68000030517578,87.69000244140625,334
2026-06-09T15:32:00.000Z,CL,87.69999694824219,87.73999786376953,87.56999969482422,87.62999725341797,659
2026-06-09T15:33:00.000Z,CL,87.62999725341797,87.62999725341797,87.56999969482422,87.56999969482422,101
2026-06-09T15:34:00.000Z,CL,87.56999969482422,87.62999725341797,87.55000305175781,87.55999755859375,175
2026-06-09T15:35:00.000Z,CL,87.55999755859375,87.70999908447266,87.55999755859375,87.6500015258789,198
2026-06-09T15:36:00.000Z,CL,87.63999938964844,87.7699966430664,87.63999938964844,87.72000122070312,327
2026-06-09T15:37:00.000Z,CL,87.69999694824219,87.81999969482422,87.69999694824219,87.77999877929688,204
2026-06-09T15:38:00.000Z,CL,87.77999877929688,87.83000183105469,87.77999877929688,87.83000183105469,245
2026-06-09T15:39:00.000Z,CL,87.80999755859375,87.80999755859375,87.4800033569336,87.69000244140625,833
2026-06-09T15:40:00.000Z,CL,87.68000030517578,87.77999877929688,87.62000274658203,87.77999877929688,290
2026-06-09T15:41:00.000Z,CL,87.79000091552734,87.80000305175781,87.6500015258789,87.70999908447266,265
2026-06-09T15:42:00.000Z,CL,87.69999694824219,87.69999694824219,87.52999877929688,87.54000091552734,182
2026-06-09T15:43:00.000Z,CL,87.54000091552734,87.5999984741211,87.4800033569336,87.5999984741211,209
2026-06-09T15:44:00.000Z,CL,87.58000183105469,87.68000030517578,87.54000091552734,87.55999755859375,268
2026-06-09T15:45:00.000Z,CL,87.55000305175781,87.58000183105469,87.5199966430664,87.58000183105469,116
2026-06-09T15:46:00.000Z,CL,87.56999969482422,87.58000183105469,87.47000122070312,87.48999786376953,510
2026-06-09T15:47:00.000Z,CL,87.4800033569336,87.55999755859375,87.4800033569336,87.51000213623047,270
2026-06-09T15:48:00.000Z,CL,87.5,87.54000091552734,87.4800033569336,87.5,113
2026-06-09T15:49:00.000Z,CL,87.48999786376953,87.48999786376953,87.29000091552734,87.36000061035156,732
2026-06-09T15:50:00.000Z,CL,87.36000061035156,87.37999725341797,87.30999755859375,87.33000183105469,129
2026-06-09T15:51:00.000Z,CL,87.33000183105469,87.38999938964844,87.05000305175781,87.12999725341797,1311
2026-06-09T15:52:00.000Z,CL,87.12999725341797,87.16000366210938,87.08000183105469,87.1500015258789,516
2026-06-09T15:53:00.000Z,CL,87.16000366210938,87.2300033569336,87.13999938964844,87.19999694824219,451
2026-06-09T15:54:00.000Z,CL,87.19000244140625,87.29000091552734,87.16999816894531,87.22000122070312,355
2026-06-09T15:55:00.000Z,CL,87.19999694824219,87.22000122070312,87.05999755859375,87.05999755859375,355
2026-06-09T15:56:00.000Z,CL,87.05999755859375,87.06999969482422,86.81999969482422,86.87999725341797,1976
2026-06-09T15:57:00.000Z,CL,86.86000061035156,86.94000244140625,86.80000305175781,86.81999969482422,760
2026-06-09T15:58:00.000Z,CL,86.80000305175781,86.83000183105469,86.72000122070312,86.79000091552734,517
2026-06-09T15:59:00.000Z,CL,86.7699966430664,86.7699966430664,86.69999694824219,86.69999694824219,308
2026-06-09T16:00:00.000Z,CL,86.69999694824219,86.70999908447266,86.54000091552734,86.55999755859375,2130
2026-06-09T16:01:00.000Z,CL,86.56999969482422,86.69000244140625,86.54000091552734,86.58000183105469,885
2026-06-09T16:02:00.000Z,CL,86.58999633789062,86.58999633789062,86.44000244140625,86.48999786376953,874
2026-06-09T16:03:00.000Z,CL,86.4800033569336,86.5199966430664,86.4000015258789,86.51000213623047,1258
2026-06-09T16:04:00.000Z,CL,86.51000213623047,86.58000183105469,86.44999694824219,86.45999908447266,515
2026-06-09T16:05:00.000Z,CL,86.45999908447266,86.58999633789062,86.44000244140625,86.55999755859375,803
2026-06-09T16:06:00.000Z,CL,86.55000305175781,86.61000061035156,86.41000366210938,86.5199966430664,633
2026-06-09T16:07:00.000Z,CL,86.51000213623047,86.58000183105469,86.45999908447266,86.4800033569336,382
2026-06-09T16:08:00.000Z,CL,86.4800033569336,86.48999786376953,86.25,86.33999633789062,763
2026-06-09T16:09:00.000Z,CL,86.33000183105469,86.37999725341797,86.05000305175781,86.1500015258789,1151
2026-06-09T16:10:00.000Z,CL,86.1500015258789,86.19999694824219,86.0,86.05999755859375,1170
2026-06-09T16:11:00.000Z,CL,86.05999755859375,86.0999984741211,85.94999694824219,86.05999755859375,713
2026-06-09T16:12:00.000Z,CL,86.05000305175781,86.0999984741211,85.9800033569336,86.05000305175781,670
2026-06-09T16:13:00.000Z,CL,86.04000091552734,86.12999725341797,86.0199966430664,86.12999725341797,498
2026-06-09T16:14:00.000Z,CL,86.12999725341797,86.2300033569336,86.11000061035156,86.1500015258789,473
2026-06-09T16:15:00.000Z,CL,86.1500015258789,86.29000091552734,86.12999725341797,86.26000213623047,672
2026-06-09T16:16:00.000Z,CL,86.2699966430664,86.3499984741211,86.22000122070312,86.33000183105469,725
2026-06-09T16:17:00.000Z,CL,86.33999633789062,86.47000122070312,86.33999633789062,86.41999816894531,500
2026-06-09T16:18:00.000Z,CL,86.41000366210938,86.55000305175781,86.4000015258789,86.51000213623047,604
2026-06-09T16:19:00.000Z,CL,86.5,86.61000061035156,86.48999786376953,86.54000091552734,373
2026-06-09T16:20:00.000Z,CL,86.52999877929688,86.58000183105469,86.48999786376953,86.55999755859375,438
2026-06-09T16:21:00.000Z,CL,86.55000305175781,86.5999984741211,86.4800033569336,86.4800033569336,370
2026-06-09T16:22:00.000Z,CL,86.4800033569336,86.54000091552734,86.45999908447266,86.5,334
2026-06-09T16:23:00.000Z,CL,86.5,86.5999984741211,86.4800033569336,86.58000183105469,277
2026-06-09T16:24:00.000Z,CL,86.58000183105469,86.58000183105469,86.41999816894531,86.43000030517578,234
2026-06-09T16:25:00.000Z,CL,86.44000244140625,86.45999908447266,86.36000061035156,86.44000244140625,600
2026-06-09T16:26:00.000Z,CL,86.44000244140625,86.47000122070312,86.41999816894531,86.45999908447266,213
2026-06-09T16:27:00.000Z,CL,86.45999908447266,86.5199966430664,86.44999694824219,86.5,207
2026-06-09T16:28:00.000Z,CL,86.48999786376953,86.55000305175781,86.4800033569336,86.51000213623047,156
2026-06-09T16:29:00.000Z,CL,86.5199966430664,86.55999755859375,86.5199966430664,86.55000305175781,129
2026-06-09T16:30:00.000Z,CL,86.54000091552734,86.66999816894531,86.52999877929688,86.62999725341797,432
2026-06-09T16:31:00.000Z,CL,86.62000274658203,86.68000030517578,86.58999633789062,86.63999938964844,364
2026-06-09T16:32:00.000Z,CL,86.63999938964844,86.63999938964844,86.45999908447266,86.47000122070312,339
2026-06-09T16:33:00.000Z,CL,86.45999908447266,86.5199966430664,86.44999694824219,86.47000122070312,326
2026-06-09T16:34:00.000Z,CL,86.47000122070312,86.47000122070312,86.37000274658203,86.37999725341797,793
2026-06-09T16:35:00.000Z,CL,86.37000274658203,86.43000030517578,86.37000274658203,86.37999725341797,235
2026-06-09T16:36:00.000Z,CL,86.4000015258789,86.41000366210938,86.29000091552734,86.38999938964844,315
2026-06-09T16:37:00.000Z,CL,86.38999938964844,86.4000015258789,86.33000183105469,86.3499984741211,161
2026-06-09T16:38:00.000Z,CL,86.3499984741211,88.5,86.33999633789062,88.33000183105469,6772
2026-06-09T16:39:00.000Z,CL,88.3499984741211,89.48999786376953,88.20999908447266,88.80000305175781,5090
2026-06-09T16:40:00.000Z,CL,88.73999786376953,89.29000091552734,88.72000122070312,88.7699966430664,3418
2026-06-09T16:41:00.000Z,CL,88.76000213623047,89.19999694824219,88.44999694824219,89.12999725341797,2699
2026-06-09T16:42:00.000Z,CL,89.12000274658203,89.16999816894531,88.6500015258789,88.68000030517578,1676
2026-06-09T16:43:00.000Z,CL,88.68000030517578,88.72000122070312,88.05999755859375,88.11000061035156,2238
2026-06-09T16:44:00.000Z,CL,88.11000061035156,88.38999938964844,87.91999816894531,87.97000122070312,1679
2026-06-09T16:45:00.000Z,CL,87.97000122070312,88.02999877929688,87.80999755859375,88.0,1426
2026-06-09T16:46:00.000Z,CL,87.95999908447266,88.31999969482422,87.94999694824219,88.12999725341797,1056
2026-06-09T16:47:00.000Z,CL,88.13999938964844,88.25,88.05000305175781,88.16000366210938,514
2026-06-09T16:48:00.000Z,CL,88.16999816894531,88.44999694824219,87.97000122070312,88.22000122070312,1602
2026-06-09T16:49:00.000Z,CL,88.23999786376953,88.36000061035156,88.12999725341797,88.13999938964844,629
2026-06-09T16:50:00.000Z,CL,88.12000274658203,88.22000122070312,87.98999786376953,88.19999694824219,718
2026-06-09T16:51:00.000Z,CL,88.19000244140625,88.20999908447266,87.9800033569336,88.0,447
2026-06-09T16:52:00.000Z,CL,88.0,88.27999877929688,87.9800033569336,88.23999786376953,597
2026-06-09T16:53:00.000Z,CL,88.2300033569336,88.2300033569336,87.66999816894531,87.7300033569336,1465
2026-06-09T16:54:00.000Z,CL,87.70999908447266,87.83000183105469,87.61000061035156,87.79000091552734,733
2026-06-09T16:55:00.000Z,CL,87.77999877929688,87.86000061035156,87.5199966430664,87.56999969482422,485
2026-06-09T16:56:00.000Z,CL,87.55999755859375,87.75,87.54000091552734,87.69999694824219,398
2026-06-09T16:57:00.000Z,CL,87.66000366210938,87.94999694824219,87.62999725341797,87.93000030517578,565
2026-06-09T16:58:00.000Z,CL,87.94999694824219,88.0,87.83999633789062,87.91000366210938,533
2026-06-09T16:59:00.000Z,CL,87.91000366210938,87.93000030517578,87.7699966430664,87.87000274658203,432
2026-06-09T17:00:00.000Z,CL,87.87000274658203,88.08999633789062,87.83999633789062,87.94999694824219,493
2026-06-09T17:01:00.000Z,CL,87.94999694824219,88.01000213623047,87.88999938964844,87.95999908447266,283
2026-06-09T17:02:00.000Z,CL,87.97000122070312,87.97000122070312,87.6500015258789,87.76000213623047,866
2026-06-09T17:03:00.000Z,CL,87.7699966430664,87.87999725341797,87.62000274658203,87.7699966430664,481
2026-06-09T17:04:00.000Z,CL,87.75,87.81999969482422,87.68000030517578,87.75,479
2026-06-09T17:05:00.000Z,CL,87.7300033569336,87.9800033569336,87.7300033569336,87.86000061035156,497
2026-06-09T17:06:00.000Z,CL,87.8499984741211,87.94999694824219,87.80000305175781,87.91999816894531,380
2026-06-09T17:07:00.000Z,CL,87.91999816894531,88.0,87.86000061035156,87.91999816894531,274
2026-06-09T17:08:00.000Z,CL,87.91000366210938,88.02999877929688,87.9000015258789,88.01000213623047,267
2026-06-09T17:09:00.000Z,CL,88.01000213623047,88.05999755859375,87.94000244140625,88.0,266
2026-06-09T17:10:00.000Z,CL,87.98999786376953,88.41000366210938,87.9800033569336,88.27999877929688,937
2026-06-09T17:11:00.000Z,CL,88.2699966430664,88.30000305175781,88.05999755859375,88.0999984741211,494
2026-06-09T17:12:00.000Z,CL,88.0999984741211,88.1500015258789,88.05999755859375,88.11000061035156,224
2026-06-09T17:13:00.000Z,CL,88.0999984741211,88.1500015258789,88.0199966430664,88.02999877929688,335
2026-06-09T17:14:00.000Z,CL,88.02999877929688,88.3499984741211,87.91000366210938,88.02999877929688,1655
2026-06-09T17:15:00.000Z,CL,88.05999755859375,88.16999816894531,88.02999877929688,88.11000061035156,402
2026-06-09T17:16:00.000Z,CL,88.12000274658203,88.12000274658203,87.94999694824219,87.95999908447266,423
2026-06-09T17:17:00.000Z,CL,87.95999908447266,87.9800033569336,87.69000244140625,87.76000213623047,554
2026-06-09T17:18:00.000Z,CL,87.76000213623047,87.81999969482422,87.66000366210938,87.69999694824219,595
2026-06-09T17:19:00.000Z,CL,87.69999694824219,87.75,87.68000030517578,87.7300033569336,232
2026-06-09T17:20:00.000Z,CL,87.72000122070312,87.77999877929688,87.48999786376953,87.6500015258789,1178
2026-06-09T17:21:00.000Z,CL,87.6500015258789,87.6500015258789,87.30000305175781,87.37999725341797,793
2026-06-09T17:22:00.000Z,CL,87.37999725341797,87.44999694824219,87.27999877929688,87.4000015258789,594
2026-06-09T17:23:00.000Z,CL,87.41000366210938,87.43000030517578,87.25,87.2699966430664,441
2026-06-09T17:24:00.000Z,CL,87.2699966430664,87.33000183105469,87.1500015258789,87.19000244140625,633
2026-06-09T17:25:00.000Z,CL,87.18000030517578,87.23999786376953,87.12000274658203,87.22000122070312,326
2026-06-09T17:26:00.000Z,CL,87.19999694824219,87.26000213623047,87.1500015258789,87.25,329
2026-06-09T17:27:00.000Z,CL,87.23999786376953,87.38999938964844,87.20999908447266,87.27999877929688,456
2026-06-09T17:28:00.000Z,CL,87.29000091552734,87.6500015258789,87.29000091552734,87.5,963
2026-06-09T17:29:00.000Z,CL,87.5,87.68000030517578,87.45999908447266,87.55999755859375,463
2026-06-09T17:30:00.000Z,CL,87.56999969482422,87.68000030517578,87.5,87.66000366210938,629
2026-06-09T17:31:00.000Z,CL,87.66999816894531,87.81999969482422,87.66999816894531,87.80999755859375,537
2026-06-09T17:32:00.000Z,CL,87.80999755859375,87.9000015258789,87.7699966430664,87.77999877929688,598
2026-06-09T17:33:00.000Z,CL,87.79000091552734,87.87999725341797,87.7699966430664,87.87999725341797,235
2026-06-09T17:34:00.000Z,CL,87.88999938964844,87.94999694824219,87.83999633789062,87.87000274658203,329
2026-06-09T17:35:00.000Z,CL,87.87000274658203,87.98999786376953,87.87000274658203,87.91999816894531,238
2026-06-09T17:36:00.000Z,CL,87.9000015258789,87.97000122070312,87.86000061035156,87.88999938964844,213
2026-06-09T17:37:00.000Z,CL,87.88999938964844,87.9800033569336,87.86000061035156,87.94999694824219,171
2026-06-09T17:38:00.000Z,CL,87.94999694824219,87.97000122070312,87.91999816894531,87.94999694824219,158
2026-06-09T17:39:00.000Z,CL,87.94999694824219,88.16000366210938,87.94999694824219,88.11000061035156,728
2026-06-09T17:40:00.000Z,CL,88.0999984741211,88.25,88.06999969482422,88.19000244140625,593
2026-06-09T17:41:00.000Z,CL,88.18000030517578,88.2300033569336,88.12999725341797,88.1500015258789,424
2026-06-09T17:42:00.000Z,CL,88.1500015258789,88.25,88.13999938964844,88.23999786376953,435
2026-06-09T17:43:00.000Z,CL,88.23999786376953,88.30000305175781,88.20999908447266,88.30000305175781,369
2026-06-09T17:44:00.000Z,CL,88.29000091552734,88.3499984741211,88.22000122070312,88.27999877929688,549
2026-06-09T17:45:00.000Z,CL,88.2699966430664,88.30000305175781,88.18000030517578,88.22000122070312,275
2026-06-09T17:46:00.000Z,CL,88.19999694824219,88.5,88.19999694824219,88.45999908447266,752
2026-06-09T17:47:00.000Z,CL,88.44000244140625,88.48999786376953,88.36000061035156,88.38999938964844,374
2026-06-09T17:48:00.000Z,CL,88.37000274658203,88.43000030517578,88.30999755859375,88.33000183105469,275
2026-06-09T17:49:00.000Z,CL,88.33999633789062,88.3499984741211,88.19999694824219,88.2300033569336,277
2026-06-09T17:50:00.000Z,CL,88.23999786376953,88.26000213623047,88.12000274658203,88.19000244140625,389
2026-06-09T17:51:00.000Z,CL,88.20999908447266,88.23999786376953,88.13999938964844,88.20999908447266,202
2026-06-09T17:52:00.000Z,CL,88.20999908447266,88.33000183105469,88.20999908447266,88.2699966430664,260
2026-06-09T17:53:00.000Z,CL,88.29000091552734,88.33999633789062,88.19000244140625,88.19000244140625,308
2026-06-09T17:54:00.000Z,CL,88.20999908447266,88.2300033569336,88.16999816894531,88.20999908447266,191
2026-06-09T17:55:00.000Z,CL,88.19999694824219,88.26000213623047,88.1500015258789,88.19999694824219,306
2026-06-09T17:56:00.000Z,CL,88.19999694824219,88.26000213623047,88.16000366210938,88.20999908447266,716
2026-06-09T17:57:00.000Z,CL,88.19999694824219,88.25,88.16000366210938,88.20999908447266,292
2026-06-09T17:58:00.000Z,CL,88.20999908447266,88.23999786376953,88.19000244140625,88.22000122070312,189
2026-06-09T17:59:00.000Z,CL,88.19999694824219,88.25,88.1500015258789,88.1500015258789,286
2026-06-09T18:00:00.000Z,CL,88.1500015258789,88.16000366210938,87.97000122070312,88.0199966430664,1000
2026-06-09T18:01:00.000Z,CL,88.02999877929688,88.08999633789062,87.94999694824219,88.08000183105469,509
2026-06-09T18:02:00.000Z,CL,88.0999984741211,88.16999816894531,88.06999969482422,88.1500015258789,337
2026-06-09T18:03:00.000Z,CL,88.16000366210938,88.27999877929688,88.16000366210938,88.2300033569336,326
2026-06-09T18:04:00.000Z,CL,88.2300033569336,88.30000305175781,88.20999908447266,88.2300033569336,208
2026-06-09T18:05:00.000Z,CL,88.25,88.33000183105469,88.25,88.27999877929688,257
2026-06-09T18:06:00.000Z,CL,88.2699966430664,88.37999725341797,88.25,88.33000183105469,366
2026-06-09T18:07:00.000Z,CL,88.33000183105469,88.41000366210938,88.31999969482422,88.38999938964844,294
2026-06-09T18:08:00.000Z,CL,88.38999938964844,88.4000015258789,88.30999755859375,88.33000183105469,385
2026-06-09T18:09:00.000Z,CL,88.33999633789062,88.41000366210938,88.20999908447266,88.26000213623047,580
2026-06-09T18:10:00.000Z,CL,88.26000213623047,88.52999877929688,88.25,88.36000061035156,1196
2026-06-09T18:11:00.000Z,CL,88.37000274658203,88.55000305175781,88.36000061035156,88.52999877929688,851
2026-06-09T18:12:00.000Z,CL,88.54000091552734,88.54000091552734,88.41999816894531,88.47000122070312,508
2026-06-09T18:13:00.000Z,CL,88.47000122070312,88.52999877929688,88.43000030517578,88.43000030517578,437
2026-06-09T18:14:00.000Z,CL,88.44000244140625,88.47000122070312,88.33000183105469,88.37000274658203,541
2026-06-09T18:15:00.000Z,CL,88.37999725341797,88.56999969482422,88.37999725341797,88.4800033569336,461
2026-06-09T18:16:00.000Z,CL,88.47000122070312,88.5999984741211,88.47000122070312,88.58000183105469,402
2026-06-09T18:17:00.000Z,CL,88.58000183105469,88.62999725341797,88.43000030517578,88.48999786376953,497
2026-06-09T18:18:00.000Z,CL,88.4800033569336,88.4800033569336,88.2699966430664,88.29000091552734,453
2026-06-09T18:19:00.000Z,CL,88.29000091552734,88.36000061035156,88.22000122070312,88.27999877929688,510
2026-06-09T18:20:00.000Z,CL,88.27999877929688,88.36000061035156,88.19000244140625,88.30999755859375,617
2026-06-09T18:21:00.000Z,CL,88.31999969482422,88.44000244140625,88.30999755859375,88.36000061035156,392
2026-06-09T18:22:00.000Z,CL,88.36000061035156,88.37000274658203,88.20999908447266,88.22000122070312,400
2026-06-09T18:23:00.000Z,CL,88.20999908447266,88.26000213623047,88.16000366210938,88.16000366210938,643
2026-06-09T18:24:00.000Z,CL,88.16000366210938,88.19999694824219,88.06999969482422,88.11000061035156,750
2026-06-09T18:25:00.000Z,CL,88.0999984741211,88.23999786376953,88.0999984741211,88.23999786376953,495
2026-06-09T18:26:00.000Z,CL,88.2300033569336,88.3499984741211,88.22000122070312,88.29000091552734,627
2026-06-09T18:27:00.000Z,CL,88.29000091552734,88.33000183105469,88.16999816894531,88.16999816894531,1141
2026-06-09T18:28:00.000Z,CL,88.1500015258789,88.41999816894531,88.06999969482422,88.19999694824219,8217
2026-06-09T18:29:00.000Z,CL,88.19999694824219,88.19999694824219,88.08999633789062,88.16000366210938,5583
2026-06-09T18:30:00.000Z,CL,88.16000366210938,88.18000030517578,87.98999786376953,88.05999755859375,1369
2026-06-09T18:31:00.000Z,CL,88.05999755859375,88.11000061035156,88.02999877929688,88.0999984741211,375
2026-06-09T18:32:00.000Z,CL,88.12000274658203,88.19000244140625,88.11000061035156,88.19000244140625,253
2026-06-09T18:33:00.000Z,CL,88.19000244140625,88.20999908447266,88.12999725341797,88.20999908447266,90
2026-06-09T18:34:00.000Z,CL,88.20999908447266,88.2300033569336,88.18000030517578,88.22000122070312,112
2026-06-09T18:35:00.000Z,CL,88.20999908447266,88.31999969482422,88.19999694824219,88.2699966430664,125
2026-06-09T18:36:00.000Z,CL,88.27999877929688,88.29000091552734,88.19000244140625,88.19999694824219,89
2026-06-09T18:37:00.000Z,CL,88.18000030517578,88.26000213623047,88.13999938964844,88.2300033569336,85
2026-06-09T18:38:00.000Z,CL,88.23999786376953,88.26000213623047,88.16999816894531,88.18000030517578,39
2026-06-09T18:39:00.000Z,CL,88.18000030517578,88.19999694824219,88.16000366210938,88.19999694824219,38
2026-06-09T18:40:00.000Z,CL,88.20999908447266,88.37000274658203,88.19999694824219,88.2300033569336,543
2026-06-09T18:41:00.000Z,CL,88.22000122070312,88.2300033569336,88.11000061035156,88.12999725341797,87
2026-06-09T18:42:00.000Z,CL,88.1500015258789,88.19999694824219,88.1500015258789,88.16000366210938,27
2026-06-09T18:43:00.000Z,CL,88.1500015258789,88.19999694824219,88.13999938964844,88.18000030517578,51
2026-06-09T18:44:00.000Z,CL,88.16000366210938,88.19000244140625,88.0999984741211,88.13999938964844,66
2026-06-09T18:45:00.000Z,CL,88.12000274658203,88.16000366210938,88.12000274658203,88.1500015258789,68
2026-06-09T18:46:00.000Z,CL,88.16000366210938,88.16000366210938,88.11000061035156,88.12000274658203,124
2026-06-09T18:47:00.000Z,CL,88.12000274658203,88.16000366210938,88.12000274658203,88.13999938964844,28
2026-06-09T18:48:00.000Z,CL,88.12999725341797,88.13999938964844,88.12000274658203,88.12999725341797,45
2026-06-09T18:49:00.000Z,CL,88.12999725341797,88.23999786376953,88.08999633789062,88.1500015258789,430
2026-06-09T18:50:00.000Z,CL,88.1500015258789,88.18000030517578,88.12999725341797,88.1500015258789,52
2026-06-09T18:51:00.000Z,CL,88.1500015258789,88.16999816894531,88.1500015258789,88.16000366210938,113
2026-06-09T18:52:00.000Z,CL,88.16000366210938,88.19000244140625,88.0999984741211,88.16000366210938,247
2026-06-09T18:53:00.000Z,CL,88.1500015258789,88.16999816894531,88.13999938964844,88.1500015258789,83
2026-06-09T18:54:00.000Z,CL,88.16000366210938,88.19000244140625,88.13999938964844,88.16999816894531,177
2026-06-09T18:55:00.000Z,CL,88.1500015258789,88.22000122070312,88.13999938964844,88.20999908447266,59
2026-06-09T18:56:00.000Z,CL,88.20999908447266,88.2699966430664,88.20999908447266,88.20999908447266,151
2026-06-09T18:57:00.000Z,CL,88.20999908447266,88.2300033569336,88.19000244140625,88.19999694824219,51
2026-06-09T18:58:00.000Z,CL,88.19999694824219,88.19999694824219,87.9800033569336,88.05000305175781,723
2026-06-09T18:59:00.000Z,CL,88.05999755859375,88.06999969482422,88.02999877929688,88.05000305175781,142
2026-06-09T19:00:00.000Z,CL,88.06999969482422,88.08999633789062,88.05000305175781,88.05000305175781,45
2026-06-09T19:01:00.000Z,CL,88.05000305175781,88.08000183105469,88.0,88.04000091552734,177
2026-06-09T19:02:00.000Z,CL,88.04000091552734,88.05999755859375,87.93000030517578,87.94999694824219,225
2026-06-09T19:03:00.000Z,CL,87.94999694824219,88.02999877929688,87.94999694824219,88.01000213623047,67
2026-06-09T19:04:00.000Z,CL,88.01000213623047,88.05000305175781,88.0,88.04000091552734,32
2026-06-09T19:05:00.000Z,CL,88.05999755859375,88.08000183105469,88.0199966430664,88.05000305175781,47
2026-06-09T19:06:00.000Z,CL,88.05999755859375,88.0999984741211,88.05000305175781,88.08999633789062,237
2026-06-09T19:07:00.000Z,CL,88.08000183105469,88.0999984741211,88.06999969482422,88.06999969482422,85
2026-06-09T19:08:00.000Z,CL,88.05999755859375,88.12999725341797,88.05000305175781,88.12999725341797,75
2026-06-09T19:09:00.000Z,CL,88.12000274658203,88.19000244140625,88.12000274658203,88.16000366210938,88
2026-06-09T19:10:00.000Z,CL,88.18000030517578,88.20999908447266,88.16999816894531,88.16999816894531,82
2026-06-09T19:11:00.000Z,CL,88.18000030517578,88.2300033569336,88.16999816894531,88.18000030517578,66
2026-06-09T19:12:00.000Z,CL,88.16999816894531,88.16999816894531,88.11000061035156,88.12000274658203,78
2026-06-09T19:13:00.000Z,CL,88.12000274658203,88.16000366210938,88.12000274658203,88.13999938964844,80
2026-06-09T19:14:00.000Z,CL,88.13999938964844,88.1500015258789,88.12000274658203,88.13999938964844,173
2026-06-09T19:15:00.000Z,CL,88.16000366210938,88.16999816894531,88.12999725341797,88.13999938964844,110
2026-06-09T19:16:00.000Z,CL,88.13999938964844,88.1500015258789,88.11000061035156,88.12000274658203,26
2026-06-09T19:17:00.000Z,CL,88.11000061035156,88.11000061035156,88.0,88.05999755859375,166
2026-06-09T19:18:00.000Z,CL,88.05000305175781,88.06999969482422,88.0199966430664,88.05999755859375,133
2026-06-09T19:19:00.000Z,CL,88.06999969482422,88.08000183105469,88.04000091552734,88.05999755859375,155
2026-06-09T19:20:00.000Z,CL,88.06999969482422,88.11000061035156,88.05999755859375,88.11000061035156,97
2026-06-09T19:21:00.000Z,CL,88.11000061035156,88.13999938964844,88.0999984741211,88.13999938964844,26
2026-06-09T19:22:00.000Z,CL,88.13999938964844,88.16000366210938,88.13999938964844,88.1500015258789,45
2026-06-09T19:23:00.000Z,CL,88.1500015258789,88.16999816894531,88.12000274658203,88.12999725341797,95
2026-06-09T19:24:00.000Z,CL,88.13999938964844,88.16000366210938,88.06999969482422,88.08000183105469,108
2026-06-09T19:25:00.000Z,CL,88.08000183105469,88.12999725341797,88.08000183105469,88.11000061035156,129
2026-06-09T19:26:00.000Z,CL,88.11000061035156,88.12999725341797,88.08999633789062,88.0999984741211,29
2026-06-09T19:27:00.000Z,CL,88.0999984741211,88.12000274658203,88.08000183105469,88.11000061035156,61
2026-06-09T19:28:00.000Z,CL,88.11000061035156,88.12999725341797,88.11000061035156,88.12000274658203,27
2026-06-09T19:29:00.000Z,CL,88.11000061035156,88.1500015258789,88.11000061035156,88.13999938964844,23
2026-06-09T19:30:00.000Z,CL,88.1500015258789,88.18000030517578,88.05999755859375,88.05999755859375,55
2026-06-09T19:31:00.000Z,CL,88.05000305175781,88.12000274658203,88.05000305175781,88.11000061035156,101
2026-06-09T19:32:00.000Z,CL,88.0999984741211,88.16999816894531,88.0999984741211,88.16000366210938,47
2026-06-09T19:33:00.000Z,CL,88.16999816894531,88.19000244140625,88.1500015258789,88.16999816894531,46
2026-06-09T19:34:00.000Z,CL,88.16000366210938,88.18000030517578,88.1500015258789,88.16999816894531,115
2026-06-09T19:35:00.000Z,CL,88.16000366210938,88.18000030517578,88.16000366210938,88.16999816894531,16
2026-06-09T19:36:00.000Z,CL,88.16999816894531,88.19000244140625,88.16000366210938,88.16999816894531,234
2026-06-09T19:37:00.000Z,CL,88.16000366210938,88.23999786376953,88.16000366210938,88.18000030517578,205
2026-06-09T19:38:00.000Z,CL,88.18000030517578,88.19999694824219,88.18000030517578,88.19000244140625,28
2026-06-09T19:39:00.000Z,CL,88.19000244140625,88.20999908447266,88.19000244140625,88.20999908447266,45
2026-06-09T19:40:00.000Z,CL,88.20999908447266,88.22000122070312,88.16999816894531,88.19000244140625,127
2026-06-09T19:41:00.000Z,CL,88.18000030517578,88.20999908447266,88.1500015258789,88.19000244140625,35
2026-06-09T19:42:00.000Z,CL,88.18000030517578,88.19000244140625,88.16999816894531,88.18000030517578,33
2026-06-09T19:43:00.000Z,CL,88.2300033569336,88.2300033569336,88.19999694824219,88.22000122070312,33
2026-06-09T19:44:00.000Z,CL,88.2300033569336,88.30999755859375,88.22000122070312,88.2699966430664,98
2026-06-09T19:45:00.000Z,CL,88.2699966430664,88.36000061035156,88.2699966430664,88.33999633789062,214
2026-06-09T19:46:00.000Z,CL,88.33999633789062,88.37000274658203,88.31999969482422,88.36000061035156,96
2026-06-09T19:47:00.000Z,CL,88.3499984741211,88.44999694824219,88.33999633789062,88.41000366210938,337
2026-06-09T19:48:00.000Z,CL,88.37999725341797,88.38999938964844,88.3499984741211,88.36000061035156,225
2026-06-09T19:49:00.000Z,CL,88.3499984741211,88.41999816894531,88.33999633789062,88.41999816894531,38
2026-06-09T19:50:00.000Z,CL,88.41999816894531,88.4800033569336,88.33000183105469,88.47000122070312,287
2026-06-09T19:51:00.000Z,CL,88.47000122070312,88.5199966430664,88.45999908447266,88.5,70
2026-06-09T19:52:00.000Z,CL,88.5,88.56999969482422,88.5,88.55999755859375,131
2026-06-09T19:53:00.000Z,CL,88.55999755859375,88.61000061035156,88.55000305175781,88.58999633789062,137
2026-06-09T19:54:00.000Z,CL,88.58999633789062,88.5999984741211,88.54000091552734,88.58000183105469,100
2026-06-09T19:55:00.000Z,CL,88.58000183105469,88.61000061035156,88.44999694824219,88.5199966430664,259
2026-06-09T19:56:00.000Z,CL,88.51000213623047,88.55999755859375,88.22000122070312,88.44000244140625,792
2026-06-09T19:57:00.000Z,CL,88.43000030517578,88.45999908447266,88.31999969482422,88.36000061035156,184
2026-06-09T19:58:00.000Z,CL,88.37000274658203,88.41000366210938,88.30999755859375,88.31999969482422,71
2026-06-09T19:59:00.000Z,CL,88.31999969482422,88.37999725341797,88.2699966430664,88.30000305175781,213
2026-06-09T20:00:00.000Z,CL,88.30999755859375,88.38999938964844,88.30999755859375,88.37000274658203,45
2026-06-09T20:01:00.000Z,CL,88.38999938964844,88.38999938964844,88.27999877929688,88.30999755859375,115
2026-06-09T20:02:00.000Z,CL,88.30999755859375,88.44000244140625,88.30999755859375,88.41999816894531,85
2026-06-09T20:03:00.000Z,CL,88.41999816894531,88.55999755859375,88.37000274658203,88.47000122070312,715
2026-06-09T20:04:00.000Z,CL,88.45999908447266,88.54000091552734,88.2300033569336,88.27999877929688,560
2026-06-09T20:05:00.000Z,CL,88.29000091552734,88.33999633789062,88.2699966430664,88.29000091552734,63
2026-06-09T20:06:00.000Z,CL,88.30000305175781,88.41000366210938,88.30000305175781,88.38999938964844,106
2026-06-09T20:07:00.000Z,CL,88.38999938964844,88.51000213623047,88.37000274658203,88.48999786376953,189
2026-06-09T20:08:00.000Z,CL,88.5,88.5199966430664,88.48999786376953,88.51000213623047,234
2026-06-09T20:09:00.000Z,CL,88.48999786376953,88.5199966430664,88.44999694824219,88.4800033569336,53
2026-06-09T20:10:00.000Z,CL,88.45999908447266,88.5,88.45999908447266,88.48999786376953,15
2026-06-09T20:11:00.000Z,CL,88.5,88.5,88.47000122070312,88.47000122070312,22
2026-06-09T20:12:00.000Z,CL,88.45999908447266,88.47000122070312,88.44999694824219,88.47000122070312,25
2026-06-09T20:13:00.000Z,CL,88.4800033569336,88.5,88.4800033569336,88.5,12
2026-06-09T20:14:00.000Z,CL,88.5,88.54000091552734,88.5,88.5199966430664,101
2026-06-09T20:15:00.000Z,CL,88.5199966430664,88.5199966430664,88.41999816894531,88.4800033569336,125
2026-06-09T20:16:00.000Z,CL,88.47000122070312,88.48999786376953,88.45999908447266,88.48999786376953,47
2026-06-09T20:17:00.000Z,CL,88.47000122070312,88.47000122070312,88.4000015258789,88.41000366210938,74
2026-06-09T20:18:00.000Z,CL,88.41999816894531,88.44000244140625,88.4000015258789,88.44000244140625,63
2026-06-09T20:19:00.000Z,CL,88.43000030517578,88.47000122070312,88.41999816894531,88.47000122070312,209
2026-06-09T20:20:00.000Z,CL,88.47000122070312,88.47000122070312,88.45999908447266,88.45999908447266,16
2026-06-09T20:21:00.000Z,CL,88.44000244140625,88.44000244140625,88.41999816894531,88.41999816894531,7
2026-06-09T20:22:00.000Z,CL,88.43000030517578,88.44000244140625,88.43000030517578,88.44000244140625,2
2026-06-09T20:23:00.000Z,CL,88.44000244140625,88.47000122070312,88.44000244140625,88.47000122070312,16
2026-06-09T20:24:00.000Z,CL,88.45999908447266,88.48999786376953,88.45999908447266,88.45999908447266,21
2026-06-09T20:25:00.000Z,CL,88.4800033569336,88.58000183105469,88.4800033569336,88.54000091552734,232
2026-06-09T20:26:00.000Z,CL,88.54000091552734,88.55000305175781,88.51000213623047,88.51000213623047,44
2026-06-09T20:27:00.000Z,CL,88.51000213623047,88.51000213623047,88.44999694824219,88.45999908447266,66
2026-06-09T20:28:00.000Z,CL,88.47000122070312,88.48999786376953,88.47000122070312,88.4800033569336,39
2026-06-09T20:29:00.000Z,CL,88.4800033569336,88.4800033569336,88.45999908447266,88.45999908447266,14
2026-06-09T20:30:00.000Z,CL,88.45999908447266,88.48999786376953,88.43000030517578,88.45999908447266,68
2026-06-09T20:31:00.000Z,CL,88.45999908447266,88.48999786376953,88.43000030517578,88.48999786376953,53
2026-06-09T20:32:00.000Z,CL,88.47000122070312,88.5199966430664,88.45999908447266,88.47000122070312,57
2026-06-09T20:33:00.000Z,CL,88.4800033569336,88.4800033569336,88.37000274658203,88.41000366210938,66
2026-06-09T20:34:00.000Z,CL,88.41000366210938,88.47000122070312,88.41000366210938,88.47000122070312,21
2026-06-09T20:35:00.000Z,CL,88.48999786376953,88.5,88.33000183105469,88.38999938964844,133
2026-06-09T20:36:00.000Z,CL,88.38999938964844,88.45999908447266,88.37999725341797,88.41999816894531,139
2026-06-09T20:37:00.000Z,CL,88.41999816894531,88.54000091552734,88.41000366210938,88.54000091552734,514
2026-06-09T20:38:00.000Z,CL,88.5199966430664,88.58000183105469,88.48999786376953,88.55999755859375,48
2026-06-09T20:39:00.000Z,CL,88.56999969482422,88.62999725341797,88.56999969482422,88.58999633789062,199
2026-06-09T20:40:00.000Z,CL,88.58000183105469,88.5999984741211,88.52999877929688,88.5999984741211,48
2026-06-09T20:41:00.000Z,CL,88.5999984741211,88.68000030517578,88.5999984741211,88.66999816894531,357
2026-06-09T20:42:00.000Z,CL,88.66999816894531,88.68000030517578,88.66999816894531,88.66999816894531,14
2026-06-09T20:43:00.000Z,CL,88.66999816894531,88.69000244140625,88.6500015258789,88.66999816894531,117
2026-06-09T20:44:00.000Z,CL,88.66999816894531,88.66999816894531,88.6500015258789,88.6500015258789,75
2026-06-09T20:45:00.000Z,CL,88.62999725341797,88.73999786376953,88.62000274658203,88.72000122070312,136
2026-06-09T20:46:00.000Z,CL,88.7300033569336,88.77999877929688,88.70999908447266,88.72000122070312,243
2026-06-09T20:47:00.000Z,CL,88.70999908447266,88.72000122070312,88.69000244140625,88.69999694824219,175
2026-06-09T20:48:00.000Z,CL,88.70999908447266,88.75,88.70999908447266,88.72000122070312,53
2026-06-09T20:49:00.000Z,CL,88.7300033569336,88.7699966430664,88.72000122070312,88.75,142
2026-06-09T20:50:00.000Z,CL,88.75,88.7699966430664,88.69999694824219,88.72000122070312,199
2026-06-09T20:51:00.000Z,CL,88.72000122070312,88.72000122070312,88.69999694824219,88.69999694824219,36
2026-06-09T20:52:00.000Z,CL,88.69999694824219,88.70999908447266,88.66000366210938,88.66000366210938,44
2026-06-09T20:53:00.000Z,CL,88.66000366210938,88.7300033569336,88.66000366210938,88.70999908447266,296
2026-06-09T20:54:00.000Z,CL,88.72000122070312,88.75,88.70999908447266,88.73999786376953,75
2026-06-09T20:55:00.000Z,CL,88.7300033569336,88.75,88.69999694824219,88.69999694824219,52
2026-06-09T20:56:00.000Z,CL,88.72000122070312,88.72000122070312,88.69000244140625,88.69999694824219,71
2026-06-09T20:57:00.000Z,CL,88.70999908447266,88.75,88.69999694824219,88.73999786376953,114
2026-06-09T20:58:00.000Z,CL,88.7300033569336,88.73999786376953,88.69000244140625,88.69999694824219,143
2026-06-09T20:59:00.000Z,CL,88.69999694824219,88.70999908447266,88.68000030517578,88.69999694824219,184
2026-06-09T22:00:00.000Z,CL,89.4000015258789,89.77999877929688,89.2300033569336,89.4000015258789,0
2026-06-09T22:01:00.000Z,CL,89.45999908447266,89.62000274658203,89.30999755859375,89.58999633789062,317
2026-06-09T22:02:00.000Z,CL,89.51000213623047,89.91000366210938,89.5,89.88999938964844,282
2026-06-09T22:03:00.000Z,CL,89.83000183105469,89.88999938964844,89.5999984741211,89.66000366210938,217
2026-06-09T22:04:00.000Z,CL,89.62999725341797,89.8499984741211,89.38999938964844,89.4000015258789,164
2026-06-09T22:05:00.000Z,CL,89.37999725341797,89.4000015258789,88.81999969482422,89.11000061035156,304
2026-06-09T22:06:00.000Z,CL,89.12000274658203,89.69999694824219,89.08999633789062,89.44999694824219,289
2026-06-09T22:07:00.000Z,CL,89.44000244140625,89.44000244140625,88.9800033569336,89.23999786376953,128
2026-06-09T22:08:00.000Z,CL,89.22000122070312,89.48999786376953,89.19999694824219,89.30999755859375,112
2026-06-09T22:09:00.000Z,CL,89.3499984741211,89.36000061035156,89.26000213623047,89.2699966430664,33
2026-06-09T22:10:00.000Z,CL,89.26000213623047,89.26000213623047,89.08000183105469,89.1500015258789,55
2026-06-09T22:11:00.000Z,CL,89.19000244140625,89.19000244140625,89.02999877929688,89.02999877929688,102
2026-06-09T22:12:00.000Z,CL,89.02999877929688,89.16999816894531,89.02999877929688,89.11000061035156,62
2026-06-09T22:13:00.000Z,CL,89.11000061035156,89.1500015258789,88.75,88.83999633789062,241
2026-06-09T22:14:00.000Z,CL,88.79000091552734,88.95999908447266,88.7699966430664,88.95999908447266,111
2026-06-09T22:15:00.000Z,CL,88.97000122070312,88.97000122070312,88.75,88.80000305175781,96
2026-06-09T22:16:00.000Z,CL,88.7699966430664,88.77999877929688,88.6500015258789,88.72000122070312,83
2026-06-09T22:17:00.000Z,CL,88.69999694824219,89.06999969482422,88.69999694824219,89.06999969482422,70
2026-06-09T22:18:00.000Z,CL,88.95999908447266,88.9800033569336,88.8499984741211,88.94999694824219,16
2026-06-09T22:19:00.000Z,CL,88.94999694824219,88.9800033569336,88.80999755859375,88.80999755859375,37
2026-06-09T22:20:00.000Z,CL,88.80999755859375,88.81999969482422,88.79000091552734,88.80000305175781,39
2026-06-09T22:21:00.000Z,CL,88.8499984741211,88.8499984741211,88.75,88.75,45
2026-06-09T22:22:00.000Z,CL,88.79000091552734,88.86000061035156,88.69999694824219,88.86000061035156,77
2026-06-09T22:23:00.000Z,CL,88.83000183105469,88.93000030517578,88.80999755859375,88.91999816894531,29
2026-06-09T22:24:00.000Z,CL,88.94000244140625,88.94000244140625,88.9000015258789,88.9000015258789,10
2026-06-09T22:25:00.000Z,CL,88.88999938964844,88.93000030517578,88.83999633789062,88.88999938964844,33
2026-06-09T22:26:00.000Z,CL,88.87999725341797,88.91000366210938,88.81999969482422,88.87999725341797,37
2026-06-09T22:27:00.000Z,CL,88.83999633789062,88.87000274658203,88.83999633789062,88.87000274658203,2
2026-06-09T22:28:00.000Z,CL,88.87999725341797,88.87999725341797,88.8499984741211,88.87999725341797,4
2026-06-09T22:29:00.000Z,CL,88.87000274658203,88.87000274658203,88.80000305175781,88.8499984741211,26
2026-06-09T22:30:00.000Z,CL,88.87000274658203,89.05000305175781,88.86000061035156,89.02999877929688,68
2026-06-09T22:31:00.000Z,CL,89.0,89.05000305175781,88.91000366210938,88.97000122070312,35
2026-06-09T22:32:00.000Z,CL,88.9800033569336,89.0,88.91999816894531,88.98999786376953,27
2026-06-09T22:33:00.000Z,CL,89.0,89.05999755859375,88.98999786376953,89.05000305175781,87
2026-06-09T22:34:00.000Z,CL,89.02999877929688,89.02999877929688,88.95999908447266,88.98999786376953,24
2026-06-09T22:35:00.000Z,CL,89.01000213623047,89.0999984741211,89.01000213623047,89.05000305175781,31
2026-06-09T22:36:00.000Z,CL,89.05999755859375,89.08000183105469,88.9800033569336,89.02999877929688,34
2026-06-09T22:37:00.000Z,CL,89.02999877929688,89.12999725341797,89.0,89.08999633789062,56
2026-06-09T22:38:00.000Z,CL,89.06999969482422,89.06999969482422,88.91000366210938,88.94999694824219,67
2026-06-09T22:39:00.000Z,CL,88.9800033569336,89.0199966430664,88.9800033569336,89.0199966430664,20
2026-06-09T22:40:00.000Z,CL,89.02999877929688,89.05999755859375,88.94000244140625,88.97000122070312,47
2026-06-09T22:41:00.000Z,CL,89.0,89.06999969482422,89.0,89.06999969482422,25
2026-06-09T22:42:00.000Z,CL,89.06999969482422,89.0999984741211,89.02999877929688,89.05000305175781,40
2026-06-09T22:43:00.000Z,CL,89.05999755859375,89.05999755859375,88.97000122070312,89.04000091552734,53
2026-06-09T22:44:00.000Z,CL,89.02999877929688,89.02999877929688,88.94999694824219,89.01000213623047,22
2026-06-09T22:45:00.000Z,CL,89.0199966430664,89.0999984741211,89.0199966430664,89.06999969482422,33
2026-06-09T22:46:00.000Z,CL,89.0199966430664,89.05000305175781,89.0199966430664,89.05000305175781,24
2026-06-09T22:47:00.000Z,CL,89.02999877929688,89.05000305175781,89.01000213623047,89.0199966430664,19
2026-06-09T22:48:00.000Z,CL,89.0199966430664,89.0999984741211,89.0199966430664,89.08999633789062,20
2026-06-09T22:49:00.000Z,CL,89.12999725341797,89.12999725341797,89.11000061035156,89.12000274658203,8
2026-06-09T22:50:00.000Z,CL,89.13999938964844,89.1500015258789,89.11000061035156,89.11000061035156,59
2026-06-09T22:51:00.000Z,CL,89.13999938964844,89.13999938964844,89.12000274658203,89.12000274658203,3
2026-06-09T22:52:00.000Z,CL,89.11000061035156,89.2699966430664,89.11000061035156,89.19999694824219,145
2026-06-09T22:53:00.000Z,CL,89.19000244140625,89.20999908447266,89.16999816894531,89.20999908447266,26
2026-06-09T22:54:00.000Z,CL,89.19999694824219,89.19999694824219,89.12000274658203,89.12999725341797,18
2026-06-09T22:55:00.000Z,CL,89.11000061035156,89.11000061035156,89.08999633789062,89.0999984741211,8
2026-06-09T22:56:00.000Z,CL,89.12999725341797,89.12999725341797,89.12999725341797,89.12999725341797,1
2026-06-09T22:57:00.000Z,CL,89.12999725341797,89.12999725341797,89.11000061035156,89.11000061035156,11
2026-06-09T22:58:00.000Z,CL,89.12000274658203,89.13999938964844,89.11000061035156,89.12000274658203,13
2026-06-09T22:59:00.000Z,CL,89.13999938964844,89.1500015258789,89.12000274658203,89.12000274658203,8
2026-06-09T23:00:00.000Z,CL,89.11000061035156,89.1500015258789,89.11000061035156,89.12000274658203,9
2026-06-09T23:01:00.000Z,CL,89.11000061035156,89.11000061035156,88.95999908447266,88.95999908447266,131
2026-06-09T23:02:00.000Z,CL,88.9800033569336,89.02999877929688,88.9800033569336,89.01000213623047,20
2026-06-09T23:03:00.000Z,CL,88.9800033569336,89.0,88.93000030517578,88.93000030517578,21
2026-06-09T23:04:00.000Z,CL,88.94999694824219,88.94999694824219,88.8499984741211,88.91000366210938,32
2026-06-09T23:05:00.000Z,CL,88.91000366210938,88.95999908447266,88.88999938964844,88.91999816894531,41
2026-06-09T23:06:00.000Z,CL,88.94000244140625,88.94999694824219,88.94000244140625,88.94999694824219,5
2026-06-09T23:07:00.000Z,CL,88.97000122070312,89.0,88.97000122070312,88.97000122070312,9
2026-06-09T23:08:00.000Z,CL,88.97000122070312,88.97000122070312,88.9000015258789,88.93000030517578,16
2026-06-09T23:09:00.000Z,CL,88.91999816894531,88.95999908447266,88.91000366210938,88.94000244140625,36
2026-06-09T23:10:00.000Z,CL,88.94999694824219,88.95999908447266,88.93000030517578,88.95999908447266,22
2026-06-09T23:11:00.000Z,CL,88.95999908447266,88.9800033569336,88.94999694824219,88.9800033569336,15
2026-06-09T23:12:00.000Z,CL,89.0,89.0,88.95999908447266,88.98999786376953,24
2026-06-09T23:13:00.000Z,CL,88.95999908447266,88.95999908447266,88.88999938964844,88.9000015258789,31
2026-06-09T23:14:00.000Z,CL,88.91999816894531,89.0,88.91999816894531,89.0,46
2026-06-09T23:15:00.000Z,CL,88.97000122070312,88.97000122070312,88.94999694824219,88.95999908447266,14
2026-06-09T23:16:00.000Z,CL,88.95999908447266,88.98999786376953,88.94000244140625,88.95999908447266,19
2026-06-09T23:17:00.000Z,CL,88.94000244140625,88.98999786376953,88.94000244140625,88.98999786376953,12
2026-06-09T23:18:00.000Z,CL,88.9800033569336,89.0,88.97000122070312,88.98999786376953,11
2026-06-09T23:19:00.000Z,CL,89.0,89.0,88.98999786376953,89.0,30
2026-06-09T23:20:00.000Z,CL,89.0,89.0,88.97000122070312,88.97000122070312,12
2026-06-09T23:21:00.000Z,CL,88.9800033569336,89.08000183105469,88.9800033569336,89.06999969482422,172
2026-06-09T23:22:00.000Z,CL,89.04000091552734,89.06999969482422,89.0199966430664,89.05999755859375,34
2026-06-09T23:23:00.000Z,CL,89.05999755859375,89.22000122070312,89.01000213623047,89.18000030517578,110
2026-06-09T23:24:00.000Z,CL,89.18000030517578,89.22000122070312,89.16999816894531,89.20999908447266,55
2026-06-09T23:25:00.000Z,CL,89.20999908447266,89.26000213623047,89.18000030517578,89.20999908447266,42
2026-06-09T23:26:00.000Z,CL,89.16000366210938,89.18000030517578,89.13999938964844,89.13999938964844,14
2026-06-09T23:27:00.000Z,CL,89.13999938964844,89.13999938964844,89.0999984741211,89.0999984741211,9
2026-06-09T23:28:00.000Z,CL,89.0999984741211,89.13999938964844,89.0999984741211,89.13999938964844,8
2026-06-09T23:29:00.000Z,CL,89.13999938964844,89.19999694824219,89.13999938964844,89.18000030517578,23
2026-06-09T23:30:00.000Z,CL,89.13999938964844,89.16000366210938,89.13999938964844,89.16000366210938,3
2026-06-09T23:31:00.000Z,CL,89.13999938964844,89.16999816894531,89.13999938964844,89.16999816894531,7
2026-06-09T23:32:00.000Z,CL,89.12000274658203,89.12000274658203,89.08000183105469,89.0999984741211,9
2026-06-09T23:33:00.000Z,CL,89.08000183105469,89.08000183105469,89.05000305175781,89.05000305175781,9
2026-06-09T23:34:00.000Z,CL,89.04000091552734,89.05999755859375,89.04000091552734,89.05999755859375,5
2026-06-09T23:35:00.000Z,CL,89.04000091552734,89.04000091552734,89.01000213623047,89.04000091552734,14
2026-06-09T23:36:00.000Z,CL,89.04000091552734,89.04000091552734,89.02999877929688,89.04000091552734,8
2026-06-09T23:37:00.000Z,CL,89.04000091552734,89.04000091552734,89.04000091552734,89.04000091552734,4
2026-06-09T23:38:00.000Z,CL,89.05000305175781,89.05000305175781,89.05000305175781,89.05000305175781,1
2026-06-09T23:40:00.000Z,CL,89.04000091552734,89.04000091552734,89.02999877929688,89.04000091552734,8
2026-06-09T23:41:00.000Z,CL,89.06999969482422,89.06999969482422,89.05999755859375,89.05999755859375,2
2026-06-09T23:42:00.000Z,CL,89.05000305175781,89.05000305175781,89.05000305175781,89.05000305175781,1
2026-06-09T23:43:00.000Z,CL,89.04000091552734,89.04000091552734,89.0199966430664,89.0199966430664,4
2026-06-09T23:44:00.000Z,CL,89.0199966430664,89.0199966430664,88.95999908447266,88.98999786376953,24
2026-06-09T23:45:00.000Z,CL,89.01000213623047,89.0199966430664,89.01000213623047,89.0199966430664,17
2026-06-09T23:46:00.000Z,CL,89.0199966430664,89.0199966430664,89.01000213623047,89.0199966430664,4
2026-06-09T23:47:00.000Z,CL,89.04000091552734,89.1500015258789,89.04000091552734,89.1500015258789,29
2026-06-09T23:48:00.000Z,CL,89.1500015258789,89.1500015258789,89.12000274658203,89.13999938964844,10
2026-06-09T23:49:00.000Z,CL,89.13999938964844,89.33999633789062,89.13999938964844,89.30999755859375,131
2026-06-09T23:50:00.000Z,CL,89.29000091552734,89.29000091552734,89.25,89.26000213623047,13
2026-06-09T23:51:00.000Z,CL,89.25,89.25,89.12999725341797,89.12999725341797,24
2026-06-09T23:52:00.000Z,CL,89.12999725341797,89.13999938964844,89.12000274658203,89.12000274658203,5
2026-06-09T23:53:00.000Z,CL,89.13999938964844,89.1500015258789,89.0999984741211,89.11000061035156,8
2026-06-09T23:54:00.000Z,CL,89.16000366210938,89.16000366210938,89.16000366210938,89.16000366210938,1
2026-06-09T23:55:00.000Z,CL,89.1500015258789,89.16999816894531,89.12000274658203,89.16000366210938,14
2026-06-09T23:56:00.000Z,CL,89.18000030517578,89.19000244140625,89.18000030517578,89.18000030517578,6
2026-06-09T23:57:00.000Z,CL,89.19000244140625,89.23999786376953,89.19000244140625,89.19999694824219,18
2026-06-09T23:58:00.000Z,CL,89.19999694824219,89.22000122070312,89.19999694824219,89.20999908447266,7
2026-06-09T23:59:00.000Z,CL,89.19999694824219,89.19999694824219,89.13999938964844,89.18000030517578,27
2026-06-10T00:00:00.000Z,CL,89.19000244140625,89.30999755859375,89.18000030517578,89.30000305175781,184
2026-06-10T00:01:00.000Z,CL,89.27999877929688,89.30000305175781,89.22000122070312,89.22000122070312,85
2026-06-10T00:02:00.000Z,CL,89.23999786376953,89.23999786376953,88.91000366210938,88.94999694824219,160
2026-06-10T00:03:00.000Z,CL,88.94999694824219,89.0199966430664,88.9000015258789,89.0199966430664,49
2026-06-10T00:04:00.000Z,CL,89.0199966430664,89.04000091552734,88.86000061035156,88.94999694824219,49
2026-06-10T00:05:00.000Z,CL,88.93000030517578,89.01000213623047,88.93000030517578,88.94000244140625,44
2026-06-10T00:06:00.000Z,CL,88.93000030517578,88.94000244140625,88.8499984741211,88.94000244140625,67
2026-06-10T00:07:00.000Z,CL,88.95999908447266,88.95999908447266,88.87999725341797,88.87999725341797,20
2026-06-10T00:08:00.000Z,CL,88.93000030517578,89.08000183105469,88.91000366210938,89.08000183105469,55
2026-06-10T00:09:00.000Z,CL,89.04000091552734,89.11000061035156,89.0,89.0,72
2026-06-10T00:10:00.000Z,CL,89.01000213623047,89.31999969482422,89.0,89.2300033569336,380
2026-06-10T00:11:00.000Z,CL,89.2300033569336,89.25,89.22000122070312,89.25,26
2026-06-10T00:12:00.000Z,CL,89.26000213623047,89.41999816894531,89.26000213623047,89.31999969482422,91
2026-06-10T00:13:00.000Z,CL,89.2699966430664,89.3499984741211,89.23999786376953,89.3499984741211,56
2026-06-10T00:14:00.000Z,CL,89.33999633789062,89.33999633789062,89.26000213623047,89.27999877929688,25
2026-06-10T00:15:00.000Z,CL,89.30000305175781,89.37999725341797,89.30000305175781,89.3499984741211,29
2026-06-10T00:16:00.000Z,CL,89.36000061035156,89.41999816894531,89.29000091552734,89.41999816894531,26
2026-06-10T00:17:00.000Z,CL,89.4000015258789,89.5,89.36000061035156,89.45999908447266,64
2026-06-10T00:18:00.000Z,CL,89.44999694824219,89.47000122070312,89.41999816894531,89.44000244140625,28
2026-06-10T00:19:00.000Z,CL,89.45999908447266,89.45999908447266,89.41999816894531,89.41999816894531,16
2026-06-10T00:20:00.000Z,CL,89.41999816894531,89.5,89.41999816894531,89.48999786376953,64
2026-06-10T00:21:00.000Z,CL,89.48999786376953,89.56999969482422,89.44999694824219,89.48999786376953,123
2026-06-10T00:22:00.000Z,CL,89.4800033569336,89.63999938964844,89.4800033569336,89.5999984741211,101
2026-06-10T00:23:00.000Z,CL,89.5999984741211,89.66000366210938,89.58000183105469,89.61000061035156,39
2026-06-10T00:24:00.000Z,CL,89.62000274658203,89.66000366210938,89.56999969482422,89.66000366210938,20
2026-06-10T00:25:00.000Z,CL,89.62999725341797,89.69999694824219,89.58999633789062,89.68000030517578,60
2026-06-10T00:26:00.000Z,CL,89.68000030517578,89.81999969482422,89.6500015258789,89.76000213623047,103
2026-06-10T00:27:00.000Z,CL,89.76000213623047,89.81999969482422,89.62999725341797,89.63999938964844,97
2026-06-10T00:28:00.000Z,CL,89.61000061035156,89.69999694824219,89.61000061035156,89.66999816894531,17
2026-06-10T00:29:00.000Z,CL,89.68000030517578,89.7300033569336,89.63999938964844,89.63999938964844,24
2026-06-10T00:30:00.000Z,CL,89.62999725341797,89.72000122070312,89.5999984741211,89.72000122070312,45
2026-06-10T00:31:00.000Z,CL,89.72000122070312,89.72000122070312,89.62999725341797,89.69000244140625,34
2026-06-10T00:32:00.000Z,CL,89.69999694824219,89.72000122070312,89.69000244140625,89.72000122070312,7
2026-06-10T00:33:00.000Z,CL,89.70999908447266,89.73999786376953,89.66000366210938,89.68000030517578,52
2026-06-10T00:34:00.000Z,CL,89.66999816894531,89.76000213623047,89.62000274658203,89.76000213623047,46
2026-06-10T00:35:00.000Z,CL,89.75,89.80000305175781,89.75,89.76000213623047,51
2026-06-10T00:36:00.000Z,CL,89.75,89.7699966430664,89.73999786376953,89.76000213623047,22
2026-06-10T00:37:00.000Z,CL,89.7699966430664,90.0,89.7699966430664,89.83000183105469,353
2026-06-10T00:38:00.000Z,CL,89.81999969482422,89.81999969482422,89.70999908447266,89.72000122070312,62
2026-06-10T00:39:00.000Z,CL,89.70999908447266,89.7300033569336,89.63999938964844,89.66000366210938,58
2026-06-10T00:40:00.000Z,CL,89.66000366210938,89.7699966430664,89.66000366210938,89.76000213623047,43
2026-06-10T00:41:00.000Z,CL,89.76000213623047,89.81999969482422,89.75,89.81999969482422,30
2026-06-10T00:42:00.000Z,CL,89.80000305175781,89.81999969482422,89.76000213623047,89.7699966430664,23
2026-06-10T00:43:00.000Z,CL,89.73999786376953,89.83999633789062,89.73999786376953,89.83999633789062,29
2026-06-10T00:44:00.000Z,CL,89.83999633789062,89.83999633789062,89.76000213623047,89.77999877929688,12
2026-06-10T00:45:00.000Z,CL,89.77999877929688,89.77999877929688,89.70999908447266,89.70999908447266,12
2026-06-10T00:46:00.000Z,CL,89.72000122070312,89.75,89.72000122070312,89.72000122070312,13
2026-06-10T00:47:00.000Z,CL,89.69999694824219,89.72000122070312,89.58999633789062,89.6500015258789,148
2026-06-10T00:48:00.000Z,CL,89.66000366210938,89.72000122070312,89.61000061035156,89.62999725341797,83
2026-06-10T00:49:00.000Z,CL,89.66000366210938,89.68000030517578,89.55000305175781,89.56999969482422,38
2026-06-10T00:50:00.000Z,CL,89.58999633789062,89.58999633789062,89.54000091552734,89.58000183105469,42
2026-06-10T00:51:00.000Z,CL,89.58999633789062,89.62999725341797,89.54000091552734,89.55999755859375,90
2026-06-10T00:52:00.000Z,CL,89.55999755859375,89.56999969482422,89.3499984741211,89.3499984741211,202
2026-06-10T00:53:00.000Z,CL,89.3499984741211,89.4000015258789,89.30000305175781,89.31999969482422,88
2026-06-10T00:54:00.000Z,CL,89.33999633789062,89.37000274658203,89.33000183105469,89.36000061035156,13
2026-06-10T00:55:00.000Z,CL,89.33000183105469,89.33999633789062,89.19999694824219,89.2699966430664,190
2026-06-10T00:56:00.000Z,CL,89.26000213623047,89.2699966430664,88.97000122070312,89.11000061035156,270
2026-06-10T00:57:00.000Z,CL,89.12000274658203,89.13999938964844,88.95999908447266,89.01000213623047,264
2026-06-10T00:58:00.000Z,CL,88.98999786376953,89.0,88.76000213623047,88.8499984741211,341
2026-06-10T00:59:00.000Z,CL,88.81999969482422,88.91000366210938,88.76000213623047,88.86000061035156,234
2026-06-10T01:00:00.000Z,CL,88.8499984741211,89.11000061035156,88.83000183105469,89.0,185
2026-06-10T01:01:00.000Z,CL,89.0,89.0,88.80999755859375,88.91999816894531,151
2026-06-10T01:02:00.000Z,CL,88.91999816894531,88.98999786376953,88.87999725341797,88.94999694824219,42
2026-06-10T01:03:00.000Z,CL,88.95999908447266,89.05999755859375,88.95999908447266,89.05000305175781,32
2026-06-10T01:04:00.000Z,CL,89.05999755859375,89.05999755859375,88.94999694824219,88.98999786376953,54
2026-06-10T01:05:00.000Z,CL,88.97000122070312,89.0199966430664,88.91999816894531,89.0,49
2026-06-10T01:06:00.000Z,CL,88.97000122070312,89.0199966430664,88.9000015258789,88.95999908447266,43
2026-06-10T01:07:00.000Z,CL,88.94000244140625,88.95999908447266,88.83999633789062,88.93000030517578,47
2026-06-10T01:08:00.000Z,CL,88.95999908447266,88.98999786376953,88.8499984741211,88.87000274658203,60
2026-06-10T01:09:00.000Z,CL,88.87000274658203,88.91000366210938,88.80999755859375,88.83999633789062,41
2026-06-10T01:10:00.000Z,CL,88.8499984741211,88.8499984741211,88.52999877929688,88.54000091552734,414
2026-06-10T01:11:00.000Z,CL,88.55999755859375,88.70999908447266,88.54000091552734,88.5999984741211,115
2026-06-10T01:12:00.000Z,CL,88.6500015258789,88.73999786376953,88.5999984741211,88.69999694824219,102
2026-06-10T01:13:00.000Z,CL,88.72000122070312,88.75,88.68000030517578,88.72000122070312,51
2026-06-10T01:14:00.000Z,CL,88.73999786376953,88.75,88.69999694824219,88.69999694824219,32
2026-06-10T01:15:00.000Z,CL,88.70999908447266,88.83000183105469,88.6500015258789,88.68000030517578,69
2026-06-10T01:16:00.000Z,CL,88.68000030517578,88.69000244140625,88.47000122070312,88.5199966430664,110
2026-06-10T01:17:00.000Z,CL,88.54000091552734,88.55000305175781,88.38999938964844,88.4000015258789,130
2026-06-10T01:18:00.000Z,CL,88.41000366210938,88.44999694824219,88.27999877929688,88.37999725341797,288
2026-06-10T01:19:00.000Z,CL,88.4000015258789,88.5199966430664,88.38999938964844,88.5199966430664,96
2026-06-10T01:20:00.000Z,CL,88.52999877929688,88.5999984741211,88.51000213623047,88.52999877929688,99
2026-06-10T01:21:00.000Z,CL,88.5199966430664,88.54000091552734,88.4000015258789,88.52999877929688,76
2026-06-10T01:22:00.000Z,CL,88.52999877929688,88.52999877929688,88.43000030517578,88.44999694824219,18
2026-06-10T01:23:00.000Z,CL,88.45999908447266,88.5,88.41999816894531,88.47000122070312,20
2026-06-10T01:24:00.000Z,CL,88.48999786376953,88.55999755859375,88.48999786376953,88.54000091552734,14
2026-06-10T01:25:00.000Z,CL,88.5199966430664,88.5999984741211,88.5199966430664,88.55000305175781,20
2026-06-10T01:26:00.000Z,CL,88.58000183105469,88.62999725341797,88.58000183105469,88.5999984741211,24
2026-06-10T01:27:00.000Z,CL,88.5999984741211,88.63999938964844,88.55000305175781,88.55000305175781,57
2026-06-10T01:28:00.000Z,CL,88.54000091552734,88.63999938964844,88.5199966430664,88.61000061035156,36
2026-06-10T01:29:00.000Z,CL,88.6500015258789,88.77999877929688,88.58999633789062,88.70999908447266,388
2026-06-10T01:30:00.000Z,CL,88.68000030517578,88.76000213623047,88.63999938964844,88.76000213623047,62
2026-06-10T01:31:00.000Z,CL,88.76000213623047,88.80000305175781,88.69999694824219,88.70999908447266,118
2026-06-10T01:32:00.000Z,CL,88.72000122070312,88.75,88.6500015258789,88.70999908447266,31
2026-06-10T01:33:00.000Z,CL,88.69000244140625,88.73999786376953,88.69000244140625,88.69000244140625,19
2026-06-10T01:34:00.000Z,CL,88.72000122070312,88.7300033569336,88.66999816894531,88.69000244140625,7
2026-06-10T01:35:00.000Z,CL,88.68000030517578,88.70999908447266,88.68000030517578,88.70999908447266,13
2026-06-10T01:36:00.000Z,CL,88.73999786376953,88.83999633789062,88.73999786376953,88.83999633789062,56
2026-06-10T01:37:00.000Z,CL,88.83000183105469,88.9000015258789,88.83000183105469,88.9000015258789,18
2026-06-10T01:38:00.000Z,CL,88.9000015258789,89.0199966430664,88.88999938964844,88.88999938964844,134
2026-06-10T01:39:00.000Z,CL,88.87999725341797,88.91000366210938,88.80999755859375,88.87999725341797,31
2026-06-10T01:40:00.000Z,CL,88.9000015258789,88.93000030517578,88.83000183105469,88.8499984741211,63
2026-06-10T01:41:00.000Z,CL,88.8499984741211,88.91999816894531,88.83999633789062,88.88999938964844,19
2026-06-10T01:42:00.000Z,CL,88.87999725341797,88.98999786376953,88.87999725341797,88.98999786376953,58
2026-06-10T01:43:00.000Z,CL,88.98999786376953,89.0199966430664,88.9000015258789,88.95999908447266,99
2026-06-10T01:44:00.000Z,CL,88.94999694824219,89.0199966430664,88.94999694824219,89.0199966430664,23
2026-06-10T01:45:00.000Z,CL,89.01000213623047,89.02999877929688,88.95999908447266,88.95999908447266,16
2026-06-10T01:46:00.000Z,CL,89.0,89.08000183105469,89.0,89.04000091552734,29
2026-06-10T01:47:00.000Z,CL,89.0199966430664,89.04000091552734,89.0199966430664,89.04000091552734,15
2026-06-10T01:48:00.000Z,CL,89.04000091552734,89.06999969482422,88.9800033569336,89.0,29
2026-06-10T01:49:00.000Z,CL,89.01000213623047,89.11000061035156,89.01000213623047,89.06999969482422,61
2026-06-10T01:50:00.000Z,CL,89.05000305175781,89.05999755859375,89.0,89.0,39
2026-06-10T01:51:00.000Z,CL,89.04000091552734,89.12000274658203,89.02999877929688,89.12000274658203,24
2026-06-10T01:52:00.000Z,CL,89.16000366210938,89.36000061035156,89.08000183105469,89.12999725341797,236
2026-06-10T01:53:00.000Z,CL,89.13999938964844,89.25,89.12999725341797,89.20999908447266,56
2026-06-10T01:54:00.000Z,CL,89.23999786376953,89.26000213623047,89.20999908447266,89.25,34
2026-06-10T01:55:00.000Z,CL,89.2699966430664,89.27999877929688,89.1500015258789,89.1500015258789,57
2026-06-10T01:56:00.000Z,CL,89.19000244140625,89.19000244140625,89.08999633789062,89.11000061035156,71
2026-06-10T01:57:00.000Z,CL,89.16999816894531,89.18000030517578,89.12000274658203,89.1500015258789,22
2026-06-10T01:58:00.000Z,CL,89.1500015258789,89.2699966430664,89.12999725341797,89.26000213623047,117
2026-06-10T01:59:00.000Z,CL,89.25,89.30000305175781,89.2300033569336,89.2699966430664,20
2026-06-10T02:00:00.000Z,CL,89.26000213623047,89.36000061035156,89.25,89.30000305175781,122
2026-06-10T02:01:00.000Z,CL,89.30999755859375,89.30999755859375,89.26000213623047,89.27999877929688,8
2026-06-10T02:02:00.000Z,CL,89.30000305175781,89.36000061035156,89.27999877929688,89.30999755859375,24
2026-06-10T02:03:00.000Z,CL,89.33000183105469,89.37000274658203,89.33000183105469,89.33999633789062,72
2026-06-10T02:04:00.000Z,CL,89.37000274658203,89.37000274658203,89.33999633789062,89.33999633789062,12
2026-06-10T02:05:00.000Z,CL,89.33999633789062,89.4000015258789,89.23999786376953,89.2699966430664,137
2026-06-10T02:06:00.000Z,CL,89.25,89.25,89.20999908447266,89.23999786376953,36
2026-06-10T02:07:00.000Z,CL,89.23999786376953,89.30000305175781,89.23999786376953,89.30000305175781,12
2026-06-10T02:08:00.000Z,CL,89.33000183105469,89.3499984741211,89.30999755859375,89.30999755859375,12
2026-06-10T02:09:00.000Z,CL,89.33000183105469,89.33999633789062,89.23999786376953,89.26000213623047,34
2026-06-10T02:10:00.000Z,CL,89.29000091552734,89.30000305175781,89.2300033569336,89.2300033569336,14
2026-06-10T02:11:00.000Z,CL,89.22000122070312,89.23999786376953,89.1500015258789,89.1500015258789,52
2026-06-10T02:12:00.000Z,CL,89.1500015258789,89.1500015258789,89.08000183105469,89.12999725341797,43
2026-06-10T02:13:00.000Z,CL,89.0999984741211,89.0999984741211,89.05999755859375,89.06999969482422,50
2026-06-10T02:14:00.000Z,CL,89.05999755859375,89.08000183105469,89.04000091552734,89.05000305175781,27
2026-06-10T02:15:00.000Z,CL,89.05000305175781,89.05999755859375,89.0199966430664,89.02999877929688,17
2026-06-10T02:16:00.000Z,CL,89.05000305175781,89.11000061035156,89.05000305175781,89.08999633789062,23
2026-06-10T02:17:00.000Z,CL,89.05999755859375,89.08999633789062,89.01000213623047,89.0199966430664,39
2026-06-10T02:18:00.000Z,CL,89.02999877929688,89.06999969482422,89.0,89.0199966430664,37
2026-06-10T02:19:00.000Z,CL,89.0,89.02999877929688,88.9800033569336,89.01000213623047,30
2026-06-10T02:20:00.000Z,CL,88.98999786376953,88.98999786376953,88.91999816894531,88.94999694824219,47
2026-06-10T02:21:00.000Z,CL,88.94000244140625,88.95999908447266,88.83999633789062,88.83999633789062,106
2026-06-10T02:22:00.000Z,CL,88.83999633789062,88.8499984741211,88.81999969482422,88.83999633789062,21
2026-06-10T02:23:00.000Z,CL,88.87000274658203,88.87999725341797,88.8499984741211,88.87000274658203,20
2026-06-10T02:24:00.000Z,CL,88.87000274658203,88.87000274658203,88.76000213623047,88.81999969482422,51
2026-06-10T02:25:00.000Z,CL,88.81999969482422,88.86000061035156,88.80000305175781,88.83999633789062,32
2026-06-10T02:26:00.000Z,CL,88.86000061035156,88.94999694824219,88.86000061035156,88.91000366210938,34
2026-06-10T02:27:00.000Z,CL,88.9000015258789,88.94000244140625,88.9000015258789,88.94000244140625,19
2026-06-10T02:28:00.000Z,CL,88.93000030517578,88.97000122070312,88.93000030517578,88.95999908447266,33
2026-06-10T02:29:00.000Z,CL,88.94999694824219,88.95999908447266,88.93000030517578,88.94000244140625,11
2026-06-10T02:30:00.000Z,CL,88.94999694824219,88.9800033569336,88.91999816894531,88.9800033569336,13
2026-06-10T02:31:00.000Z,CL,88.94000244140625,88.94999694824219,88.88999938964844,88.9000015258789,29
2026-06-10T02:32:00.000Z,CL,88.88999938964844,89.0,88.88999938964844,89.0,58
2026-06-10T02:33:00.000Z,CL,88.9800033569336,89.05000305175781,88.94999694824219,88.9800033569336,18
2026-06-10T02:34:00.000Z,CL,88.9800033569336,88.9800033569336,88.94000244140625,88.94999694824219,14
2026-06-10T02:35:00.000Z,CL,88.93000030517578,88.94999694824219,88.93000030517578,88.94999694824219,6
2026-06-10T02:36:00.000Z,CL,88.91999816894531,88.91999816894531,88.83000183105469,88.83000183105469,30
2026-06-10T02:37:00.000Z,CL,88.83999633789062,88.88999938964844,88.83999633789062,88.88999938964844,9
2026-06-10T02:38:00.000Z,CL,88.9000015258789,88.91999816894531,88.86000061035156,88.9000015258789,13
2026-06-10T02:39:00.000Z,CL,88.88999938964844,88.9000015258789,88.87999725341797,88.87999725341797,12
2026-06-10T02:40:00.000Z,CL,88.87999725341797,88.88999938964844,88.8499984741211,88.86000061035156,8
2026-06-10T02:41:00.000Z,CL,88.87000274658203,88.87000274658203,88.81999969482422,88.81999969482422,22
2026-06-10T02:42:00.000Z,CL,88.81999969482422,88.9000015258789,88.81999969482422,88.9000015258789,28
2026-06-10T02:43:00.000Z,CL,88.9000015258789,88.9000015258789,88.8499984741211,88.86000061035156,18
2026-06-10T02:44:00.000Z,CL,88.87000274658203,88.87000274658203,88.80999755859375,88.81999969482422,21
2026-06-10T02:45:00.000Z,CL,88.80999755859375,88.80999755859375,88.79000091552734,88.80999755859375,30
2026-06-10T02:46:00.000Z,CL,88.80000305175781,88.80000305175781,88.75,88.79000091552734,29
2026-06-10T02:47:00.000Z,CL,88.76000213623047,88.83000183105469,88.76000213623047,88.83000183105469,14
2026-06-10T02:48:00.000Z,CL,88.80000305175781,88.80000305175781,88.79000091552734,88.79000091552734,7
2026-06-10T02:49:00.000Z,CL,88.80000305175781,88.81999969482422,88.7300033569336,88.76000213623047,59
2026-06-10T02:50:00.000Z,CL,88.7699966430664,88.83000183105469,88.75,88.83000183105469,48
2026-06-10T02:51:00.000Z,CL,88.81999969482422,88.87000274658203,88.81999969482422,88.86000061035156,31
2026-06-10T02:52:00.000Z,CL,88.87000274658203,88.91000366210938,88.8499984741211,88.9000015258789,41
2026-06-10T02:53:00.000Z,CL,88.88999938964844,88.9800033569336,88.88999938964844,88.9800033569336,75
2026-06-10T02:54:00.000Z,CL,88.95999908447266,88.97000122070312,88.94999694824219,88.97000122070312,10
2026-06-10T02:55:00.000Z,CL,88.94999694824219,89.01000213623047,88.94999694824219,88.9800033569336,32
2026-06-10T02:56:00.000Z,CL,88.97000122070312,88.98999786376953,88.94000244140625,88.94000244140625,20
2026-06-10T02:57:00.000Z,CL,88.95999908447266,88.95999908447266,88.91999816894531,88.91999816894531,30
2026-06-10T02:58:00.000Z,CL,88.91000366210938,88.94000244140625,88.91000366210938,88.93000030517578,48
2026-06-10T02:59:00.000Z,CL,88.94999694824219,88.97000122070312,88.94000244140625,88.95999908447266,22
2026-06-10T03:00:00.000Z,CL,88.95999908447266,89.1500015258789,88.94000244140625,89.06999969482422,97
2026-06-10T03:01:00.000Z,CL,89.06999969482422,89.11000061035156,89.04000091552734,89.0999984741211,22
2026-06-10T03:02:00.000Z,CL,89.08000183105469,89.08000183105469,89.05000305175781,89.05000305175781,11
2026-06-10T03:03:00.000Z,CL,89.05999755859375,89.05999755859375,88.95999908447266,88.95999908447266,23
2026-06-10T03:04:00.000Z,CL,88.95999908447266,88.97000122070312,88.88999938964844,88.88999938964844,28
2026-06-10T03:05:00.000Z,CL,88.87999725341797,88.91000366210938,88.87000274658203,88.87000274658203,36
2026-06-10T03:06:00.000Z,CL,88.86000061035156,88.94999694824219,88.83999633789062,88.94999694824219,47
2026-06-10T03:07:00.000Z,CL,88.94000244140625,89.01000213623047,88.94000244140625,89.0,15
2026-06-10T03:08:00.000Z,CL,89.0,89.04000091552734,89.0,89.04000091552734,8
2026-06-10T03:09:00.000Z,CL,89.0199966430664,89.02999877929688,89.0,89.0199966430664,17
2026-06-10T03:10:00.000Z,CL,89.02999877929688,89.04000091552734,88.98999786376953,89.02999877929688,18
2026-06-10T03:11:00.000Z,CL,89.0199966430664,89.0199966430664,88.9800033569336,88.98999786376953,8
2026-06-10T03:12:00.000Z,CL,89.01000213623047,89.01000213623047,88.91000366210938,88.94000244140625,16
2026-06-10T03:13:00.000Z,CL,88.95999908447266,89.0,88.95999908447266,88.98999786376953,32
2026-06-10T03:14:00.000Z,CL,88.98999786376953,89.01000213623047,88.98999786376953,88.98999786376953,5
2026-06-10T03:15:00.000Z,CL,89.0,89.05000305175781,89.0,89.0,12
2026-06-10T03:16:00.000Z,CL,88.98999786376953,88.98999786376953,88.91999816894531,88.97000122070312,30
2026-06-10T03:17:00.000Z,CL,88.98999786376953,89.05000305175781,88.98999786376953,89.05000305175781,21
2026-06-10T03:18:00.000Z,CL,89.04000091552734,89.08000183105469,89.04000091552734,89.06999969482422,29
2026-06-10T03:19:00.000Z,CL,89.05999755859375,89.05999755859375,89.0,89.02999877929688,46
2026-06-10T03:20:00.000Z,CL,89.05000305175781,89.13999938964844,89.05000305175781,89.08999633789062,53
2026-06-10T03:21:00.000Z,CL,89.05999755859375,89.1500015258789,89.05000305175781,89.1500015258789,37
2026-06-10T03:22:00.000Z,CL,89.12000274658203,89.1500015258789,89.11000061035156,89.11000061035156,7
2026-06-10T03:23:00.000Z,CL,89.11000061035156,89.16000366210938,89.11000061035156,89.16000366210938,9
2026-06-10T03:24:00.000Z,CL,89.1500015258789,89.1500015258789,89.11000061035156,89.12999725341797,8
2026-06-10T03:25:00.000Z,CL,89.0999984741211,89.0999984741211,89.08000183105469,89.08000183105469,7
2026-06-10T03:26:00.000Z,CL,89.08999633789062,89.0999984741211,89.02999877929688,89.04000091552734,18
2026-06-10T03:27:00.000Z,CL,89.04000091552734,89.08999633789062,89.0199966430664,89.08999633789062,16
2026-06-10T03:28:00.000Z,CL,89.05999755859375,89.08000183105469,89.05999755859375,89.08000183105469,6
2026-06-10T03:29:00.000Z,CL,89.05000305175781,89.05000305175781,89.0,89.0199966430664,33
2026-06-10T03:30:00.000Z,CL,89.0199966430664,89.04000091552734,88.91999816894531,88.91999816894531,31
2026-06-10T03:31:00.000Z,CL,88.91000366210938,88.91000366210938,88.8499984741211,88.91000366210938,138
2026-06-10T03:32:00.000Z,CL,88.88999938964844,88.88999938964844,88.86000061035156,88.87000274658203,39
2026-06-10T03:33:00.000Z,CL,88.87000274658203,88.87000274658203,88.79000091552734,88.80000305175781,57
2026-06-10T03:34:00.000Z,CL,88.80999755859375,88.87999725341797,88.80999755859375,88.86000061035156,23
2026-06-10T03:35:00.000Z,CL,88.87000274658203,88.94000244140625,88.87000274658203,88.91000366210938,34
2026-06-10T03:36:00.000Z,CL,88.9000015258789,88.9000015258789,88.8499984741211,88.8499984741211,32
2026-06-10T03:37:00.000Z,CL,88.86000061035156,88.87999725341797,88.8499984741211,88.8499984741211,15
2026-06-10T03:38:00.000Z,CL,88.8499984741211,88.86000061035156,88.75,88.76000213623047,33
2026-06-10T03:39:00.000Z,CL,88.76000213623047,88.7699966430664,88.7300033569336,88.75,37
2026-06-10T03:40:00.000Z,CL,88.76000213623047,88.80999755859375,88.76000213623047,88.80999755859375,28
2026-06-10T03:41:00.000Z,CL,88.77999877929688,88.87999725341797,88.77999877929688,88.8499984741211,30
2026-06-10T03:42:00.000Z,CL,88.8499984741211,88.87000274658203,88.8499984741211,88.87000274658203,13
2026-06-10T03:43:00.000Z,CL,88.87000274658203,88.87999725341797,88.86000061035156,88.87999725341797,5
2026-06-10T03:44:00.000Z,CL,88.9000015258789,88.91999816894531,88.88999938964844,88.91999816894531,8
2026-06-10T03:45:00.000Z,CL,88.91999816894531,88.91999816894531,88.87999725341797,88.91000366210938,11
2026-06-10T03:46:00.000Z,CL,88.91000366210938,88.91000366210938,88.87999725341797,88.88999938964844,7
2026-06-10T03:47:00.000Z,CL,88.9000015258789,88.91000366210938,88.88999938964844,88.9000015258789,11
2026-06-10T03:48:00.000Z,CL,88.87000274658203,88.87000274658203,88.80999755859375,88.83999633789062,23
2026-06-10T03:49:00.000Z,CL,88.83999633789062,88.83999633789062,88.76000213623047,88.80999755859375,16
2026-06-10T03:50:00.000Z,CL,88.80999755859375,88.80999755859375,88.79000091552734,88.80000305175781,17
2026-06-10T03:51:00.000Z,CL,88.80000305175781,88.80000305175781,88.75,88.76000213623047,16
2026-06-10T03:52:00.000Z,CL,88.76000213623047,88.76000213623047,88.66000366210938,88.72000122070312,93
2026-06-10T03:53:00.000Z,CL,88.70999908447266,88.70999908447266,88.68000030517578,88.69999694824219,19
2026-06-10T03:54:00.000Z,CL,88.70999908447266,88.73999786376953,88.62000274658203,88.63999938964844,52
2026-06-10T03:55:00.000Z,CL,88.6500015258789,88.69999694824219,88.6500015258789,88.68000030517578,17
2026-06-10T03:56:00.000Z,CL,88.66000366210938,88.66000366210938,88.62000274658203,88.62000274658203,9
2026-06-10T03:57:00.000Z,CL,88.61000061035156,88.62000274658203,88.58000183105469,88.61000061035156,35
2026-06-10T03:58:00.000Z,CL,88.58999633789062,88.62000274658203,88.56999969482422,88.61000061035156,14
2026-06-10T04:00:00.000Z,CL,88.61000061035156,88.73999786376953,88.61000061035156,88.7300033569336,30
2026-06-10T04:01:00.000Z,CL,88.72000122070312,88.73999786376953,88.70999908447266,88.73999786376953,10
2026-06-10T04:02:00.000Z,CL,88.75,88.76000213623047,88.73999786376953,88.75,11
2026-06-10T04:03:00.000Z,CL,88.76000213623047,88.79000091552734,88.76000213623047,88.79000091552734,7
2026-06-10T04:04:00.000Z,CL,88.77999877929688,88.77999877929688,88.76000213623047,88.7699966430664,7
2026-06-10T04:06:00.000Z,CL,88.7699966430664,88.81999969482422,88.76000213623047,88.81999969482422,14
2026-06-10T04:07:00.000Z,CL,88.81999969482422,88.81999969482422,88.79000091552734,88.80000305175781,4
2026-06-10T04:08:00.000Z,CL,88.80000305175781,88.81999969482422,88.80000305175781,88.81999969482422,6
2026-06-10T04:09:00.000Z,CL,88.81999969482422,88.81999969482422,88.77999877929688,88.77999877929688,5
2026-06-10T04:10:00.000Z,CL,88.80000305175781,88.80000305175781,88.80000305175781,88.80000305175781,1
2026-06-10T04:11:00.000Z,CL,88.79000091552734,88.79000091552734,88.7300033569336,88.7300033569336,22
2026-06-10T04:12:00.000Z,CL,88.7300033569336,88.73999786376953,88.7300033569336,88.73999786376953,12
2026-06-10T04:13:00.000Z,CL,88.75,88.79000091552734,88.69999694824219,88.69999694824219,21
2026-06-10T04:14:00.000Z,CL,88.72000122070312,88.72000122070312,88.69000244140625,88.72000122070312,17
2026-06-10T04:15:00.000Z,CL,88.70999908447266,88.72000122070312,88.68000030517578,88.70999908447266,31
2026-06-10T04:16:00.000Z,CL,88.69999694824219,88.69999694824219,88.69999694824219,88.69999694824219,1
2026-06-10T04:17:00.000Z,CL,88.69999694824219,88.70999908447266,88.69999694824219,88.70999908447266,2
2026-06-10T04:18:00.000Z,CL,88.72000122070312,88.73999786376953,88.72000122070312,88.7300033569336,8
2026-06-10T04:19:00.000Z,CL,88.70999908447266,88.77999877929688,88.70999908447266,88.77999877929688,19
2026-06-10T04:20:00.000Z,CL,88.77999877929688,88.77999877929688,88.7300033569336,88.7300033569336,12
2026-06-10T04:21:00.000Z,CL,88.72000122070312,88.76000213623047,88.72000122070312,88.76000213623047,6
2026-06-10T04:22:00.000Z,CL,88.73999786376953,88.7699966430664,88.73999786376953,88.7699966430664,5
2026-06-10T04:23:00.000Z,CL,88.7699966430664,88.80000305175781,88.7699966430664,88.79000091552734,3
2026-06-10T04:24:00.000Z,CL,88.77999877929688,88.80000305175781,88.77999877929688,88.80000305175781,16
2026-06-10T04:25:00.000Z,CL,88.80000305175781,88.80999755859375,88.7699966430664,88.77999877929688,8
2026-06-10T04:26:00.000Z,CL,88.76000213623047,88.81999969482422,88.76000213623047,88.81999969482422,8
2026-06-10T04:27:00.000Z,CL,88.80999755859375,88.8499984741211,88.80999755859375,88.83999633789062,14
2026-06-10T04:28:00.000Z,CL,88.86000061035156,88.87999725341797,88.86000061035156,88.86000061035156,11
2026-06-10T04:29:00.000Z,CL,88.86000061035156,88.87000274658203,88.86000061035156,88.87000274658203,8
2026-06-10T04:30:00.000Z,CL,88.87999725341797,88.93000030517578,88.87999725341797,88.9000015258789,16
2026-06-10T04:31:00.000Z,CL,88.91000366210938,88.91000366210938,88.77999877929688,88.80000305175781,39
2026-06-10T04:32:00.000Z,CL,88.81999969482422,88.83999633789062,88.81999969482422,88.81999969482422,7
2026-06-10T04:33:00.000Z,CL,88.83000183105469,88.83000183105469,88.7300033569336,88.75,34
2026-06-10T04:34:00.000Z,CL,88.72000122070312,88.76000213623047,88.70999908447266,88.7300033569336,7
2026-06-10T04:35:00.000Z,CL,88.7300033569336,88.73999786376953,88.68000030517578,88.73999786376953,45
2026-06-10T04:36:00.000Z,CL,88.70999908447266,88.7300033569336,88.70999908447266,88.7300033569336,26
2026-06-10T04:37:00.000Z,CL,88.75,88.75,88.73999786376953,88.75,3
2026-06-10T04:38:00.000Z,CL,88.72000122070312,88.76000213623047,88.72000122070312,88.72000122070312,9
2026-06-10T04:39:00.000Z,CL,88.7300033569336,88.75,88.7300033569336,88.75,3
2026-06-10T04:40:00.000Z,CL,88.7300033569336,88.7300033569336,88.72000122070312,88.7300033569336,4
2026-06-10T04:41:00.000Z,CL,88.73999786376953,88.73999786376953,88.69000244140625,88.72000122070312,9
2026-06-10T04:42:00.000Z,CL,88.69999694824219,88.69999694824219,88.66000366210938,88.68000030517578,12
2026-06-10T04:43:00.000Z,CL,88.66999816894531,88.69000244140625,88.6500015258789,88.68000030517578,7
2026-06-10T04:44:00.000Z,CL,88.70999908447266,88.70999908447266,88.70999908447266,88.70999908447266,2
2026-06-10T04:45:00.000Z,CL,88.72000122070312,88.72000122070312,88.72000122070312,88.72000122070312,1
2026-06-10T04:46:00.000Z,CL,88.69999694824219,88.7300033569336,88.69000244140625,88.7300033569336,7
2026-06-10T04:47:00.000Z,CL,88.73999786376953,88.75,88.72000122070312,88.72000122070312,4
2026-06-10T04:48:00.000Z,CL,88.75,88.77999877929688,88.75,88.77999877929688,12
2026-06-10T04:49:00.000Z,CL,88.79000091552734,88.79000091552734,88.72000122070312,88.72000122070312,14
2026-06-10T04:50:00.000Z,CL,88.75,88.75,88.75,88.75,1
2026-06-10T04:51:00.000Z,CL,88.75,88.76000213623047,88.75,88.76000213623047,3
2026-06-10T04:52:00.000Z,CL,88.76000213623047,88.76000213623047,88.75,88.76000213623047,10
2026-06-10T04:53:00.000Z,CL,88.76000213623047,88.76000213623047,88.73999786376953,88.73999786376953,6
2026-06-10T04:54:00.000Z,CL,88.72000122070312,88.73999786376953,88.6500015258789,88.69999694824219,34
2026-06-10T04:55:00.000Z,CL,88.68000030517578,88.68000030517578,88.68000030517578,88.68000030517578,1
2026-06-10T04:56:00.000Z,CL,88.68000030517578,88.69000244140625,88.66000366210938,88.66000366210938,8
2026-06-10T04:57:00.000Z,CL,88.68000030517578,88.69000244140625,88.66999816894531,88.66999816894531,4
2026-06-10T04:58:00.000Z,CL,88.66999816894531,88.68000030517578,88.66999816894531,88.66999816894531,3
2026-06-10T04:59:00.000Z,CL,88.68000030517578,88.68000030517578,88.63999938964844,88.66000366210938,6
2026-06-10T05:00:00.000Z,CL,88.68000030517578,88.73999786376953,88.68000030517578,88.7300033569336,40
2026-06-10T05:01:00.000Z,CL,88.7300033569336,88.76000213623047,88.7300033569336,88.7300033569336,3
2026-06-10T05:02:00.000Z,CL,88.75,88.7699966430664,88.68000030517578,88.68000030517578,57
2026-06-10T05:03:00.000Z,CL,88.68000030517578,88.68000030517578,88.62000274658203,88.62999725341797,19
2026-06-10T05:04:00.000Z,CL,88.61000061035156,88.66999816894531,88.61000061035156,88.62000274658203,18
2026-06-10T05:05:00.000Z,CL,88.61000061035156,88.66000366210938,88.55000305175781,88.56999969482422,62
2026-06-10T05:06:00.000Z,CL,88.58999633789062,88.58999633789062,88.44000244140625,88.47000122070312,89
2026-06-10T05:07:00.000Z,CL,88.47000122070312,88.5199966430664,88.43000030517578,88.47000122070312,39
2026-06-10T05:08:00.000Z,CL,88.47000122070312,88.58000183105469,88.47000122070312,88.58000183105469,16
2026-06-10T05:09:00.000Z,CL,88.56999969482422,88.56999969482422,88.48999786376953,88.48999786376953,25
2026-06-10T05:10:00.000Z,CL,88.4800033569336,88.52999877929688,88.4800033569336,88.52999877929688,17
2026-06-10T05:11:00.000Z,CL,88.54000091552734,88.58999633789062,88.52999877929688,88.58999633789062,11
2026-06-10T05:12:00.000Z,CL,88.58999633789062,88.58999633789062,88.55999755859375,88.58999633789062,7
2026-06-10T05:13:00.000Z,CL,88.58999633789062,88.63999938964844,88.58999633789062,88.58999633789062,52
2026-06-10T05:14:00.000Z,CL,88.58999633789062,88.58999633789062,88.58999633789062,88.58999633789062,1
2026-06-10T05:15:00.000Z,CL,88.58000183105469,88.62000274658203,88.58000183105469,88.5999984741211,31
2026-06-10T05:16:00.000Z,CL,88.62000274658203,88.62000274658203,88.55000305175781,88.55000305175781,64
2026-06-10T05:17:00.000Z,CL,88.55000305175781,88.56999969482422,88.5199966430664,88.5199966430664,7
2026-06-10T05:18:00.000Z,CL,88.4800033569336,88.4800033569336,88.47000122070312,88.47000122070312,12
2026-06-10T05:19:00.000Z,CL,88.45999908447266,88.4800033569336,88.43000030517578,88.45999908447266,20
2026-06-10T05:20:00.000Z,CL,88.45999908447266,88.47000122070312,88.36000061035156,88.36000061035156,95
2026-06-10T05:21:00.000Z,CL,88.37000274658203,88.41000366210938,88.33999633789062,88.37999725341797,42
2026-06-10T05:22:00.000Z,CL,88.38999938964844,88.44000244140625,88.37000274658203,88.37999725341797,19
2026-06-10T05:23:00.000Z,CL,88.37000274658203,88.37000274658203,88.26000213623047,88.30000305175781,52
2026-06-10T05:24:00.000Z,CL,88.29000091552734,88.3499984741211,88.22000122070312,88.3499984741211,41
2026-06-10T05:25:00.000Z,CL,88.33999633789062,88.33999633789062,88.2300033569336,88.26000213623047,52
2026-06-10T05:26:00.000Z,CL,88.25,88.27999877929688,88.2300033569336,88.23999786376953,26
2026-06-10T05:27:00.000Z,CL,88.2699966430664,88.2699966430664,88.06999969482422,88.0999984741211,195
2026-06-10T05:28:00.000Z,CL,88.11000061035156,88.19999694824219,88.08999633789062,88.16999816894531,118
2026-06-10T05:29:00.000Z,CL,88.18000030517578,88.25,88.18000030517578,88.19999694824219,27
2026-06-10T05:30:00.000Z,CL,88.16999816894531,88.26000213623047,88.0999984741211,88.25,123
2026-06-10T05:31:00.000Z,CL,88.23999786376953,88.25,88.16999816894531,88.18000030517578,27
2026-06-10T05:32:00.000Z,CL,88.19000244140625,88.20999908447266,88.06999969482422,88.06999969482422,42
2026-06-10T05:33:00.000Z,CL,88.12000274658203,88.12000274658203,88.01000213623047,88.01000213623047,77
2026-06-10T05:34:00.000Z,CL,88.0199966430664,88.08999633789062,88.0199966430664,88.06999969482422,56
2026-06-10T05:35:00.000Z,CL,88.08000183105469,88.0999984741211,88.04000091552734,88.05999755859375,21
2026-06-10T05:36:00.000Z,CL,88.05999755859375,88.0999984741211,88.01000213623047,88.01000213623047,35
2026-06-10T05:37:00.000Z,CL,88.0199966430664,88.11000061035156,87.95999908447266,88.0199966430664,159
2026-06-10T05:38:00.000Z,CL,88.0199966430664,88.04000091552734,87.94999694824219,87.95999908447266,91
2026-06-10T05:39:00.000Z,CL,87.94999694824219,87.97000122070312,87.91999816894531,87.95999908447266,40
2026-06-10T05:40:00.000Z,CL,87.94999694824219,88.0,87.91999816894531,87.91999816894531,17
2026-06-10T05:41:00.000Z,CL,87.91000366210938,87.95999908447266,87.87999725341797,87.94000244140625,54
2026-06-10T05:42:00.000Z,CL,87.97000122070312,88.0999984741211,87.95999908447266,88.06999969482422,79
2026-06-10T05:43:00.000Z,CL,88.06999969482422,88.12000274658203,88.02999877929688,88.06999969482422,36
2026-06-10T05:44:00.000Z,CL,88.08000183105469,88.16999816894531,88.05999755859375,88.1500015258789,24
2026-06-10T05:45:00.000Z,CL,88.1500015258789,88.20999908447266,88.1500015258789,88.20999908447266,25
2026-06-10T05:46:00.000Z,CL,88.20999908447266,88.26000213623047,88.19000244140625,88.22000122070312,62
2026-06-10T05:47:00.000Z,CL,88.20999908447266,88.26000213623047,88.20999908447266,88.26000213623047,18
2026-06-10T05:48:00.000Z,CL,88.23999786376953,88.23999786376953,88.1500015258789,88.16000366210938,38
2026-06-10T05:49:00.000Z,CL,88.16999816894531,88.18000030517578,88.0999984741211,88.13999938964844,32
2026-06-10T05:50:00.000Z,CL,88.12000274658203,88.12999725341797,88.0199966430664,88.02999877929688,59
2026-06-10T05:51:00.000Z,CL,88.04000091552734,88.05000305175781,88.0,88.04000091552734,25
2026-06-10T05:52:00.000Z,CL,88.02999877929688,88.02999877929688,87.94999694824219,87.9800033569336,19
2026-06-10T05:53:00.000Z,CL,87.95999908447266,88.01000213623047,87.95999908447266,88.01000213623047,4
2026-06-10T05:54:00.000Z,CL,88.02999877929688,88.12000274658203,88.0199966430664,88.11000061035156,30
2026-06-10T05:55:00.000Z,CL,88.0999984741211,88.16999816894531,88.05000305175781,88.12999725341797,45
2026-06-10T05:56:00.000Z,CL,88.13999938964844,88.18000030517578,88.13999938964844,88.1500015258789,30
2026-06-10T05:57:00.000Z,CL,88.16999816894531,88.16999816894531,88.11000061035156,88.11000061035156,8
2026-06-10T05:58:00.000Z,CL,88.12999725341797,88.12999725341797,88.08999633789062,88.08999633789062,19
2026-06-10T05:59:00.000Z,CL,88.06999969482422,88.08000183105469,88.04000091552734,88.06999969482422,21
2026-06-10T06:00:00.000Z,CL,88.06999969482422,88.16000366210938,87.95999908447266,88.12999725341797,89
2026-06-10T06:01:00.000Z,CL,88.12999725341797,88.12999725341797,88.05000305175781,88.05000305175781,31
2026-06-10T06:02:00.000Z,CL,88.05999755859375,88.05999755859375,88.02999877929688,88.05999755859375,18
2026-06-10T06:03:00.000Z,CL,88.08999633789062,88.08999633789062,88.0,88.02999877929688,21
2026-06-10T06:04:00.000Z,CL,88.0199966430664,88.0199966430664,87.87999725341797,87.95999908447266,127
2026-06-10T06:05:00.000Z,CL,88.01000213623047,88.01000213623047,87.95999908447266,87.98999786376953,48
2026-06-10T06:06:00.000Z,CL,87.97000122070312,87.97000122070312,87.9000015258789,87.94000244140625,128
2026-06-10T06:07:00.000Z,CL,87.95999908447266,87.97000122070312,87.83000183105469,87.87000274658203,139
2026-06-10T06:08:00.000Z,CL,87.86000061035156,87.95999908447266,87.86000061035156,87.94000244140625,34
2026-06-10T06:09:00.000Z,CL,87.95999908447266,88.04000091552734,87.94000244140625,87.98999786376953,53
2026-06-10T06:10:00.000Z,CL,88.01000213623047,88.1500015258789,88.0,88.0999984741211,88
2026-06-10T06:11:00.000Z,CL,88.12000274658203,88.12000274658203,88.02999877929688,88.05000305175781,23
2026-06-10T06:12:00.000Z,CL,88.04000091552734,88.16000366210938,88.02999877929688,88.0999984741211,196
2026-06-10T06:13:00.000Z,CL,88.06999969482422,88.06999969482422,87.97000122070312,87.97000122070312,56
2026-06-10T06:14:00.000Z,CL,87.9800033569336,88.04000091552734,87.94999694824219,87.97000122070312,106
2026-06-10T06:15:00.000Z,CL,87.95999908447266,87.97000122070312,87.91000366210938,87.91999816894531,39
2026-06-10T06:16:00.000Z,CL,87.93000030517578,87.94999694824219,87.83999633789062,87.86000061035156,87
2026-06-10T06:17:00.000Z,CL,87.8499984741211,87.88999938964844,87.83999633789062,87.87000274658203,33
2026-06-10T06:18:00.000Z,CL,87.86000061035156,87.9000015258789,87.8499984741211,87.87999725341797,67
2026-06-10T06:19:00.000Z,CL,87.83999633789062,87.83999633789062,87.69999694824219,87.69999694824219,258
2026-06-10T06:20:00.000Z,CL,87.69000244140625,87.69000244140625,87.61000061035156,87.69000244140625,158
2026-06-10T06:21:00.000Z,CL,87.68000030517578,87.77999877929688,87.66999816894531,87.73999786376953,42
2026-06-10T06:22:00.000Z,CL,87.73999786376953,87.83999633789062,87.73999786376953,87.77999877929688,39
2026-06-10T06:23:00.000Z,CL,87.7699966430664,87.79000091552734,87.73999786376953,87.76000213623047,17
2026-06-10T06:24:00.000Z,CL,87.76000213623047,87.86000061035156,87.76000213623047,87.83999633789062,43
2026-06-10T06:25:00.000Z,CL,87.80999755859375,87.80999755859375,87.79000091552734,87.80000305175781,23
2026-06-10T06:26:00.000Z,CL,87.80000305175781,87.80999755859375,87.73999786376953,87.80000305175781,25
2026-06-10T06:27:00.000Z,CL,87.80999755859375,88.02999877929688,87.80000305175781,87.97000122070312,203
2026-06-10T06:28:00.000Z,CL,87.97000122070312,87.97000122070312,87.91000366210938,87.91999816894531,39
2026-06-10T06:29:00.000Z,CL,87.93000030517578,87.94000244140625,87.9000015258789,87.91000366210938,23
2026-06-10T06:30:00.000Z,CL,87.91999816894531,87.97000122070312,87.8499984741211,87.97000122070312,48
2026-06-10T06:31:00.000Z,CL,87.97000122070312,88.06999969482422,87.97000122070312,88.0199966430664,76
2026-06-10T06:32:00.000Z,CL,88.0199966430664,88.05999755859375,88.01000213623047,88.05999755859375,19
2026-06-10T06:33:00.000Z,CL,88.06999969482422,88.08999633789062,88.0199966430664,88.04000091552734,60
2026-06-10T06:34:00.000Z,CL,88.0199966430664,88.05999755859375,88.01000213623047,88.05000305175781,16
2026-06-10T06:35:00.000Z,CL,88.06999969482422,88.12999725341797,88.05999755859375,88.12000274658203,80
2026-06-10T06:36:00.000Z,CL,88.11000061035156,88.12000274658203,87.91000366210938,87.91000366210938,44
2026-06-10T06:37:00.000Z,CL,87.9000015258789,87.91999816894531,87.80999755859375,87.83999633789062,97
2026-06-10T06:38:00.000Z,CL,87.83999633789062,87.93000030517578,87.80999755859375,87.93000030517578,57
2026-06-10T06:39:00.000Z,CL,87.94000244140625,88.05000305175781,87.93000030517578,88.05000305175781,61
2026-06-10T06:40:00.000Z,CL,88.04000091552734,88.12000274658203,88.04000091552734,88.08999633789062,54
2026-06-10T06:41:00.000Z,CL,88.08999633789062,88.12000274658203,88.05000305175781,88.12000274658203,21
2026-06-10T06:42:00.000Z,CL,88.13999938964844,88.1500015258789,88.05000305175781,88.05000305175781,56
2026-06-10T06:43:00.000Z,CL,88.04000091552734,88.04000091552734,87.98999786376953,88.04000091552734,26
2026-06-10T06:44:00.000Z,CL,88.05000305175781,88.06999969482422,87.93000030517578,87.97000122070312,54
2026-06-10T06:45:00.000Z,CL,87.9800033569336,88.04000091552734,87.9800033569336,88.02999877929688,43
2026-06-10T06:46:00.000Z,CL,88.02999877929688,88.02999877929688,87.98999786376953,87.98999786376953,26
2026-06-10T06:47:00.000Z,CL,88.01000213623047,88.01000213623047,87.9800033569336,87.9800033569336,4
2026-06-10T06:48:00.000Z,CL,87.98999786376953,88.05000305175781,87.98999786376953,88.02999877929688,15
2026-06-10T06:49:00.000Z,CL,88.02999877929688,88.04000091552734,87.98999786376953,88.02999877929688,19
2026-06-10T06:50:00.000Z,CL,88.0,88.08999633789062,88.0,88.08999633789062,23
2026-06-10T06:51:00.000Z,CL,88.11000061035156,88.12000274658203,87.98999786376953,87.98999786376953,52
2026-06-10T06:52:00.000Z,CL,88.0,88.06999969482422,88.0,88.06999969482422,13
2026-06-10T06:53:00.000Z,CL,88.05999755859375,88.0999984741211,88.05999755859375,88.0999984741211,6
2026-06-10T06:54:00.000Z,CL,88.08999633789062,88.12000274658203,88.0199966430664,88.0199966430664,24
2026-06-10T06:55:00.000Z,CL,88.05999755859375,88.0999984741211,88.05999755859375,88.0999984741211,14
2026-06-10T06:56:00.000Z,CL,88.11000061035156,88.2300033569336,88.0999984741211,88.19999694824219,64
2026-06-10T06:57:00.000Z,CL,88.19000244140625,88.20999908447266,88.1500015258789,88.16999816894531,123
2026-06-10T06:58:00.000Z,CL,88.18000030517578,88.20999908447266,88.16999816894531,88.19999694824219,19
2026-06-10T06:59:00.000Z,CL,88.19000244140625,88.29000091552734,88.19000244140625,88.26000213623047,344
2026-06-10T07:00:00.000Z,CL,88.26000213623047,88.27999877929688,88.12000274658203,88.19000244140625,128
2026-06-10T07:01:00.000Z,CL,88.13999938964844,88.19000244140625,88.05000305175781,88.12000274658203,103
2026-06-10T07:02:00.000Z,CL,88.12000274658203,88.13999938964844,88.08999633789062,88.13999938964844,40
2026-06-10T07:03:00.000Z,CL,88.12999725341797,88.19000244140625,88.12999725341797,88.1500015258789,36
2026-06-10T07:04:00.000Z,CL,88.13999938964844,88.18000030517578,88.13999938964844,88.18000030517578,35
2026-06-10T07:05:00.000Z,CL,88.16999816894531,88.19999694824219,88.16000366210938,88.19999694824219,33
2026-06-10T07:06:00.000Z,CL,88.18000030517578,88.2699966430664,88.18000030517578,88.25,27
2026-06-10T07:07:00.000Z,CL,88.2300033569336,88.2300033569336,88.1500015258789,88.19999694824219,33
2026-06-10T07:08:00.000Z,CL,88.19000244140625,88.25,88.16999816894531,88.2300033569336,28
2026-06-10T07:09:00.000Z,CL,88.23999786376953,88.23999786376953,88.18000030517578,88.19000244140625,32
2026-06-10T07:10:00.000Z,CL,88.19000244140625,88.19000244140625,88.04000091552734,88.05999755859375,65
2026-06-10T07:11:00.000Z,CL,88.04000091552734,88.08999633789062,87.9800033569336,88.08000183105469,46
2026-06-10T07:12:00.000Z,CL,88.06999969482422,88.08000183105469,88.0199966430664,88.04000091552734,49
2026-06-10T07:13:00.000Z,CL,88.05000305175781,88.05999755859375,87.93000030517578,87.94000244140625,49
2026-06-10T07:14:00.000Z,CL,87.91999816894531,87.91999816894531,87.77999877929688,87.83000183105469,199
2026-06-10T07:15:00.000Z,CL,87.81999969482422,87.83999633789062,87.69000244140625,87.80000305175781,165
2026-06-10T07:16:00.000Z,CL,87.77999877929688,87.88999938964844,87.7699966430664,87.83000183105469,75
2026-06-10T07:17:00.000Z,CL,87.83000183105469,87.91999816894531,87.83000183105469,87.88999938964844,88
2026-06-10T07:18:00.000Z,CL,87.87000274658203,87.91999816894531,87.8499984741211,87.87000274658203,43
2026-06-10T07:19:00.000Z,CL,87.83999633789062,87.87999725341797,87.80999755859375,87.83999633789062,78
2026-06-10T07:20:00.000Z,CL,87.81999969482422,87.88999938964844,87.7699966430664,87.88999938964844,36
2026-06-10T07:21:00.000Z,CL,87.9000015258789,87.95999908447266,87.83999633789062,87.8499984741211,60
2026-06-10T07:22:00.000Z,CL,87.8499984741211,87.87999725341797,87.8499984741211,87.86000061035156,53
2026-06-10T07:23:00.000Z,CL,87.87000274658203,87.88999938964844,87.7699966430664,87.83000183105469,58
2026-06-10T07:24:00.000Z,CL,87.80000305175781,87.9800033569336,87.77999877929688,87.87999725341797,87
2026-06-10T07:25:00.000Z,CL,87.88999938964844,87.91999816894531,87.87000274658203,87.9000015258789,63
2026-06-10T07:26:00.000Z,CL,87.91999816894531,87.98999786376953,87.87999725341797,87.91000366210938,55
2026-06-10T07:27:00.000Z,CL,87.91000366210938,88.06999969482422,87.87999725341797,88.02999877929688,64
2026-06-10T07:28:00.000Z,CL,88.05000305175781,88.0999984741211,88.0199966430664,88.02999877929688,25
2026-06-10T07:29:00.000Z,CL,88.02999877929688,88.25,88.02999877929688,88.20999908447266,135
2026-06-10T07:30:00.000Z,CL,88.19000244140625,88.38999938964844,88.19000244140625,88.30000305175781,236
2026-06-10T07:31:00.000Z,CL,88.31999969482422,88.38999938964844,88.26000213623047,88.37000274658203,117
2026-06-10T07:32:00.000Z,CL,88.36000061035156,88.44000244140625,88.33000183105469,88.33999633789062,131
2026-06-10T07:33:00.000Z,CL,88.36000061035156,88.38999938964844,88.36000061035156,88.36000061035156,36
2026-06-10T07:34:00.000Z,CL,88.36000061035156,88.4000015258789,88.29000091552734,88.4000015258789,115
2026-06-10T07:35:00.000Z,CL,88.38999938964844,88.47000122070312,88.38999938964844,88.44999694824219,104
2026-06-10T07:36:00.000Z,CL,88.45999908447266,88.61000061035156,88.41000366210938,88.55000305175781,266
2026-06-10T07:37:00.000Z,CL,88.55000305175781,88.62000274658203,88.52999877929688,88.5999984741211,113
2026-06-10T07:38:00.000Z,CL,88.58000183105469,88.6500015258789,88.52999877929688,88.5999984741211,85
2026-06-10T07:39:00.000Z,CL,88.61000061035156,88.66999816894531,88.55000305175781,88.55999755859375,83
2026-06-10T07:40:00.000Z,CL,88.54000091552734,88.58000183105469,88.5,88.55000305175781,50
2026-06-10T07:41:00.000Z,CL,88.52999877929688,88.52999877929688,88.38999938964844,88.43000030517578,84
2026-06-10T07:42:00.000Z,CL,88.41000366210938,88.47000122070312,88.4000015258789,88.41999816894531,41
2026-06-10T07:43:00.000Z,CL,88.41999816894531,88.41999816894531,88.36000061035156,88.37999725341797,60
2026-06-10T07:44:00.000Z,CL,88.37000274658203,88.4000015258789,88.36000061035156,88.37999725341797,27
2026-06-10T07:45:00.000Z,CL,88.37999725341797,88.41000366210938,88.30999755859375,88.30999755859375,43
2026-06-10T07:46:00.000Z,CL,88.33000183105469,88.33000183105469,88.27999877929688,88.30000305175781,82
2026-06-10T07:47:00.000Z,CL,88.30999755859375,88.33999633789062,88.1500015258789,88.16999816894531,155
2026-06-10T07:48:00.000Z,CL,88.19000244140625,88.41999816894531,88.13999938964844,88.41999816894531,204
2026-06-10T07:49:00.000Z,CL,88.41000366210938,88.55000305175781,88.38999938964844,88.45999908447266,129
2026-06-10T07:50:00.000Z,CL,88.44000244140625,88.45999908447266,88.36000061035156,88.36000061035156,64
2026-06-10T07:51:00.000Z,CL,88.37000274658203,88.38999938964844,88.29000091552734,88.30000305175781,68
2026-06-10T07:52:00.000Z,CL,88.29000091552734,88.4000015258789,88.29000091552734,88.38999938964844,54
2026-06-10T07:53:00.000Z,CL,88.38999938964844,88.41000366210938,88.31999969482422,88.33000183105469,72
2026-06-10T07:54:00.000Z,CL,88.33000183105469,88.33999633789062,88.20999908447266,88.22000122070312,52
2026-06-10T07:55:00.000Z,CL,88.20999908447266,88.22000122070312,88.05000305175781,88.08000183105469,174
2026-06-10T07:56:00.000Z,CL,88.06999969482422,88.13999938964844,88.04000091552734,88.11000061035156,74
2026-06-10T07:57:00.000Z,CL,88.11000061035156,88.12999725341797,88.05000305175781,88.0999984741211,92
2026-06-10T07:58:00.000Z,CL,88.11000061035156,88.18000030517578,88.11000061035156,88.1500015258789,39
2026-06-10T07:59:00.000Z,CL,88.1500015258789,88.1500015258789,88.01000213623047,88.0199966430664,54
2026-06-10T08:00:00.000Z,CL,88.0,88.0999984741211,87.95999908447266,88.05000305175781,148
2026-06-10T08:01:00.000Z,CL,88.05999755859375,88.12999725341797,88.0,88.12999725341797,102
2026-06-10T08:02:00.000Z,CL,88.12999725341797,88.25,88.11000061035156,88.25,78
2026-06-10T08:03:00.000Z,CL,88.2699966430664,88.33000183105469,88.18000030517578,88.30999755859375,149
2026-06-10T08:04:00.000Z,CL,88.29000091552734,88.29000091552734,88.18000030517578,88.2699966430664,54
2026-06-10T08:05:00.000Z,CL,88.2699966430664,88.37999725341797,88.2699966430664,88.30999755859375,71
2026-06-10T08:06:00.000Z,CL,88.30999755859375,88.33999633789062,88.30000305175781,88.31999969482422,27
2026-06-10T08:07:00.000Z,CL,88.31999969482422,88.31999969482422,88.23999786376953,88.2699966430664,61
2026-06-10T08:08:00.000Z,CL,88.2699966430664,88.2699966430664,88.20999908447266,88.26000213623047,76
2026-06-10T08:09:00.000Z,CL,88.2699966430664,88.41999816894531,88.26000213623047,88.33999633789062,74
2026-06-10T08:10:00.000Z,CL,88.33999633789062,88.43000030517578,88.33000183105469,88.36000061035156,70
2026-06-10T08:11:00.000Z,CL,88.36000061035156,88.38999938964844,88.30000305175781,88.30999755859375,83
2026-06-10T08:12:00.000Z,CL,88.31999969482422,88.36000061035156,88.29000091552734,88.3499984741211,50
2026-06-10T08:13:00.000Z,CL,88.31999969482422,88.44999694824219,88.29000091552734,88.43000030517578,82
2026-06-10T08:14:00.000Z,CL,88.45999908447266,88.5999984741211,88.44000244140625,88.55000305175781,188
2026-06-10T08:15:00.000Z,CL,88.52999877929688,88.63999938964844,88.51000213623047,88.56999969482422,92
2026-06-10T08:16:00.000Z,CL,88.56999969482422,88.58999633789062,88.44999694824219,88.47000122070312,102
2026-06-10T08:17:00.000Z,CL,88.44999694824219,88.51000213623047,88.44999694824219,88.47000122070312,37
2026-06-10T08:18:00.000Z,CL,88.44999694824219,88.4800033569336,88.44000244140625,88.4800033569336,12
2026-06-10T08:19:00.000Z,CL,88.44999694824219,88.52999877929688,88.41000366210938,88.44999694824219,89
2026-06-10T08:20:00.000Z,CL,88.45999908447266,88.62000274658203,88.44999694824219,88.62000274658203,93
2026-06-10T08:21:00.000Z,CL,88.62000274658203,88.72000122070312,88.58000183105469,88.66000366210938,123
2026-06-10T08:22:00.000Z,CL,88.6500015258789,88.68000030517578,88.58000183105469,88.58999633789062,110
2026-06-10T08:23:00.000Z,CL,88.55999755859375,88.5999984741211,88.48999786376953,88.5,53
2026-06-10T08:24:00.000Z,CL,88.4800033569336,88.72000122070312,88.41999816894531,88.5999984741211,431
2026-06-10T08:25:00.000Z,CL,88.5999984741211,88.73999786376953,88.55999755859375,88.66000366210938,84
2026-06-10T08:26:00.000Z,CL,88.66999816894531,88.7699966430664,88.58999633789062,88.72000122070312,120
2026-06-10T08:27:00.000Z,CL,88.70999908447266,88.8499984741211,88.68000030517578,88.76000213623047,261
2026-06-10T08:28:00.000Z,CL,88.73999786376953,88.75,88.63999938964844,88.69000244140625,159
2026-06-10T08:29:00.000Z,CL,88.70999908447266,88.75,88.55999755859375,88.62000274658203,392
2026-06-10T08:30:00.000Z,CL,88.5999984741211,88.72000122070312,88.56999969482422,88.69999694824219,157
2026-06-10T08:31:00.000Z,CL,88.69000244140625,88.72000122070312,88.55000305175781,88.55999755859375,152
2026-06-10T08:32:00.000Z,CL,88.54000091552734,88.55999755859375,88.4000015258789,88.44000244140625,108
2026-06-10T08:33:00.000Z,CL,88.4000015258789,88.43000030517578,88.29000091552734,88.30999755859375,130
2026-06-10T08:34:00.000Z,CL,88.30000305175781,88.31999969482422,88.23999786376953,88.23999786376953,121
2026-06-10T08:35:00.000Z,CL,88.2699966430664,88.29000091552734,88.2300033569336,88.23999786376953,73
2026-06-10T08:36:00.000Z,CL,88.2300033569336,88.2300033569336,88.12999725341797,88.13999938964844,94
2026-06-10T08:37:00.000Z,CL,88.16999816894531,88.20999908447266,88.11000061035156,88.1500015258789,90
2026-06-10T08:38:00.000Z,CL,88.12000274658203,88.12000274658203,87.98999786376953,88.01000213623047,146
2026-06-10T08:39:00.000Z,CL,88.01000213623047,88.12999725341797,88.0,88.12999725341797,128
2026-06-10T08:40:00.000Z,CL,88.12999725341797,88.13999938964844,88.0999984741211,88.13999938964844,56
2026-06-10T08:41:00.000Z,CL,88.12999725341797,88.19999694824219,88.08000183105469,88.12999725341797,131
2026-06-10T08:42:00.000Z,CL,88.12000274658203,88.20999908447266,88.11000061035156,88.16999816894531,54
2026-06-10T08:43:00.000Z,CL,88.16999816894531,88.19000244140625,88.12000274658203,88.12000274658203,66
2026-06-10T08:44:00.000Z,CL,88.0999984741211,88.16000366210938,88.02999877929688,88.05999755859375,45
2026-06-10T08:45:00.000Z,CL,88.05999755859375,88.05999755859375,87.94999694824219,87.97000122070312,83
2026-06-10T08:46:00.000Z,CL,87.95999908447266,88.05999755859375,87.94000244140625,88.05000305175781,68
2026-06-10T08:47:00.000Z,CL,88.02999877929688,88.05000305175781,87.88999938964844,87.93000030517578,90
2026-06-10T08:48:00.000Z,CL,87.93000030517578,87.93000030517578,87.83999633789062,87.87000274658203,88
2026-06-10T08:49:00.000Z,CL,87.87000274658203,87.87999725341797,87.68000030517578,87.80999755859375,339
2026-06-10T08:50:00.000Z,CL,87.80999755859375,87.81999969482422,87.63999938964844,87.66000366210938,123
2026-06-10T08:51:00.000Z,CL,87.6500015258789,87.70999908447266,87.4800033569336,87.69000244140625,304
2026-06-10T08:52:00.000Z,CL,87.69000244140625,87.70999908447266,87.6500015258789,87.6500015258789,110
2026-06-10T08:53:00.000Z,CL,87.66000366210938,87.69000244140625,87.45999908447266,87.55000305175781,147
2026-06-10T08:54:00.000Z,CL,87.55000305175781,87.58999633789062,87.5199966430664,87.52999877929688,108
2026-06-10T08:55:00.000Z,CL,87.5199966430664,87.52999877929688,87.38999938964844,87.41000366210938,190
2026-06-10T08:56:00.000Z,CL,87.43000030517578,87.48999786376953,87.41999816894531,87.47000122070312,112
2026-06-10T08:57:00.000Z,CL,87.45999908447266,87.61000061035156,87.45999908447266,87.4800033569336,217
2026-06-10T08:58:00.000Z,CL,87.48999786376953,87.62000274658203,87.48999786376953,87.62000274658203,47
2026-06-10T08:59:00.000Z,CL,87.62999725341797,87.68000030517578,87.56999969482422,87.68000030517578,69
2026-06-10T09:00:00.000Z,CL,87.69000244140625,87.70999908447266,87.62000274658203,87.62999725341797,69
2026-06-10T09:01:00.000Z,CL,87.63999938964844,87.63999938964844,87.61000061035156,87.62000274658203,38
2026-06-10T09:02:00.000Z,CL,87.62000274658203,87.62999725341797,87.56999969482422,87.56999969482422,52
2026-06-10T09:03:00.000Z,CL,87.61000061035156,87.61000061035156,87.43000030517578,87.55000305175781,179
2026-06-10T09:04:00.000Z,CL,87.55000305175781,87.58000183105469,87.5199966430664,87.55999755859375,37
2026-06-10T09:05:00.000Z,CL,87.55000305175781,87.55000305175781,87.4000015258789,87.41999816894531,74
2026-06-10T09:06:00.000Z,CL,87.44000244140625,87.58999633789062,87.43000030517578,87.55999755859375,58
2026-06-10T09:07:00.000Z,CL,87.58000183105469,87.62000274658203,87.55000305175781,87.61000061035156,30
2026-06-10T09:08:00.000Z,CL,87.62000274658203,87.66999816894531,87.5999984741211,87.62999725341797,66
2026-06-10T09:09:00.000Z,CL,87.63999938964844,87.63999938964844,87.55000305175781,87.56999969482422,86
2026-06-10T09:10:00.000Z,CL,87.56999969482422,87.62999725341797,87.48999786376953,87.62000274658203,88
2026-06-10T09:11:00.000Z,CL,87.62000274658203,87.68000030517578,87.62000274658203,87.66999816894531,47
2026-06-10T09:12:00.000Z,CL,87.69000244140625,87.69999694824219,87.61000061035156,87.6500015258789,37
2026-06-10T09:13:00.000Z,CL,87.68000030517578,87.70999908447266,87.66000366210938,87.69000244140625,41
2026-06-10T09:14:00.000Z,CL,87.69000244140625,87.76000213623047,87.69000244140625,87.7300033569336,83
2026-06-10T09:15:00.000Z,CL,87.75,87.79000091552734,87.7300033569336,87.73999786376953,69
2026-06-10T09:16:00.000Z,CL,87.73999786376953,87.7699966430664,87.66000366210938,87.66000366210938,37
2026-06-10T09:17:00.000Z,CL,87.63999938964844,87.66000366210938,87.44000244140625,87.44999694824219,121
2026-06-10T09:18:00.000Z,CL,87.44000244140625,87.55999755859375,87.44000244140625,87.51000213623047,80
2026-06-10T09:19:00.000Z,CL,87.52999877929688,87.6500015258789,87.51000213623047,87.6500015258789,79
2026-06-10T09:20:00.000Z,CL,87.62000274658203,87.76000213623047,87.61000061035156,87.72000122070312,102
2026-06-10T09:21:00.000Z,CL,87.75,87.77999877929688,87.72000122070312,87.7300033569336,36
2026-06-10T09:22:00.000Z,CL,87.73999786376953,87.80000305175781,87.73999786376953,87.80000305175781,44
2026-06-10T09:23:00.000Z,CL,87.79000091552734,87.83000183105469,87.75,87.80000305175781,91
2026-06-10T09:24:00.000Z,CL,87.7699966430664,87.80000305175781,87.76000213623047,87.7699966430664,14
2026-06-10T09:25:00.000Z,CL,87.7699966430664,87.80000305175781,87.7300033569336,87.75,71
2026-06-10T09:26:00.000Z,CL,87.73999786376953,87.75,87.63999938964844,87.66000366210938,91
2026-06-10T09:27:00.000Z,CL,87.6500015258789,87.72000122070312,87.62000274658203,87.72000122070312,55
2026-06-10T09:28:00.000Z,CL,87.70999908447266,87.81999969482422,87.63999938964844,87.80999755859375,100
2026-06-10T09:29:00.000Z,CL,87.80000305175781,87.80999755859375,87.73999786376953,87.7699966430664,72
2026-06-10T09:30:00.000Z,CL,87.75,87.80999755859375,87.58000183105469,87.61000061035156,144
2026-06-10T09:31:00.000Z,CL,87.62000274658203,87.72000122070312,87.62000274658203,87.69000244140625,61
2026-06-10T09:32:00.000Z,CL,87.70999908447266,87.76000213623047,87.69999694824219,87.72000122070312,63
2026-06-10T09:33:00.000Z,CL,87.72000122070312,87.83000183105469,87.72000122070312,87.83000183105469,74
2026-06-10T09:34:00.000Z,CL,87.80999755859375,87.9000015258789,87.7699966430664,87.7699966430664,128
2026-06-10T09:35:00.000Z,CL,87.77999877929688,87.80999755859375,87.7699966430664,87.80000305175781,52
2026-06-10T09:36:00.000Z,CL,87.79000091552734,87.91000366210938,87.77999877929688,87.91000366210938,63
2026-06-10T09:37:00.000Z,CL,87.91000366210938,87.95999908447266,87.88999938964844,87.94000244140625,48
2026-06-10T09:38:00.000Z,CL,87.94000244140625,87.97000122070312,87.91000366210938,87.94000244140625,43
2026-06-10T09:39:00.000Z,CL,87.95999908447266,88.05999755859375,87.91999816894531,88.0199966430664,132
2026-06-10T09:40:00.000Z,CL,88.04000091552734,88.22000122070312,88.04000091552734,88.19999694824219,123
2026-06-10T09:41:00.000Z,CL,88.20999908447266,88.30000305175781,88.19000244140625,88.25,127
2026-06-10T09:42:00.000Z,CL,88.26000213623047,88.43000030517578,88.23999786376953,88.4000015258789,329
2026-06-10T09:43:00.000Z,CL,88.41000366210938,88.51000213623047,88.31999969482422,88.33000183105469,226
2026-06-10T09:44:00.000Z,CL,88.33999633789062,88.4000015258789,88.27999877929688,88.38999938964844,162
2026-06-10T09:45:00.000Z,CL,88.37000274658203,88.37000274658203,88.26000213623047,88.2699966430664,49
2026-06-10T09:46:00.000Z,CL,88.26000213623047,88.26000213623047,88.18000030517578,88.26000213623047,56
2026-06-10T09:47:00.000Z,CL,88.26000213623047,88.26000213623047,88.16000366210938,88.19000244140625,43
2026-06-10T09:48:00.000Z,CL,88.19000244140625,88.19999694824219,88.1500015258789,88.16999816894531,41
2026-06-10T09:49:00.000Z,CL,88.16999816894531,88.16999816894531,88.0999984741211,88.0999984741211,49
2026-06-10T09:50:00.000Z,CL,88.0999984741211,88.11000061035156,88.05000305175781,88.06999969482422,27
2026-06-10T09:51:00.000Z,CL,88.05999755859375,88.0999984741211,88.05999755859375,88.0999984741211,24
2026-06-10T09:52:00.000Z,CL,88.08000183105469,88.16999816894531,88.08000183105469,88.12000274658203,68
2026-06-10T09:53:00.000Z,CL,88.11000061035156,88.12000274658203,88.02999877929688,88.05999755859375,81
2026-06-10T09:54:00.000Z,CL,88.05000305175781,88.05000305175781,87.95999908447266,88.01000213623047,85
2026-06-10T09:55:00.000Z,CL,88.01000213623047,88.01000213623047,87.95999908447266,87.9800033569336,45
2026-06-10T09:56:00.000Z,CL,87.97000122070312,87.97000122070312,87.87000274658203,87.9000015258789,47
2026-06-10T09:57:00.000Z,CL,87.94000244140625,87.94999694824219,87.87999725341797,87.91999816894531,51
2026-06-10T09:58:00.000Z,CL,87.94000244140625,87.94999694824219,87.9000015258789,87.93000030517578,56
2026-06-10T09:59:00.000Z,CL,87.94000244140625,87.94999694824219,87.9000015258789,87.91999816894531,38
2026-06-10T10:00:00.000Z,CL,87.9000015258789,88.05000305175781,87.87000274658203,88.04000091552734,71
2026-06-10T10:01:00.000Z,CL,88.05999755859375,88.13999938964844,88.04000091552734,88.05000305175781,71
2026-06-10T10:02:00.000Z,CL,88.06999969482422,88.16999816894531,88.06999969482422,88.08000183105469,80
2026-06-10T10:03:00.000Z,CL,88.08000183105469,88.08999633789062,88.05000305175781,88.05000305175781,21
2026-06-10T10:04:00.000Z,CL,88.05999755859375,88.0999984741211,88.05999755859375,88.08000183105469,27
2026-06-10T10:05:00.000Z,CL,88.08999633789062,88.20999908447266,88.05999755859375,88.20999908447266,63
2026-06-10T10:06:00.000Z,CL,88.18000030517578,88.18000030517578,88.12999725341797,88.12999725341797,23
2026-06-10T10:07:00.000Z,CL,88.11000061035156,88.13999938964844,88.11000061035156,88.13999938964844,19
2026-06-10T10:08:00.000Z,CL,88.13999938964844,88.13999938964844,88.05999755859375,88.06999969482422,41
2026-06-10T10:09:00.000Z,CL,88.04000091552734,88.12000274658203,88.04000091552734,88.08999633789062,46
2026-06-10T10:10:00.000Z,CL,88.11000061035156,88.19999694824219,88.11000061035156,88.11000061035156,33
2026-06-10T10:11:00.000Z,CL,88.12000274658203,88.12000274658203,88.11000061035156,88.11000061035156,9
2026-06-10T10:12:00.000Z,CL,88.12999725341797,88.18000030517578,88.12999725341797,88.16000366210938,45
2026-06-10T10:13:00.000Z,CL,88.16000366210938,88.2300033569336,88.16000366210938,88.2300033569336,49
2026-06-10T10:14:00.000Z,CL,88.23999786376953,88.30000305175781,88.2300033569336,88.30000305175781,46
2026-06-10T10:15:00.000Z,CL,88.29000091552734,88.3499984741211,88.2699966430664,88.29000091552734,74
2026-06-10T10:16:00.000Z,CL,88.2699966430664,88.3499984741211,88.2699966430664,88.31999969482422,49
2026-06-10T10:17:00.000Z,CL,88.30999755859375,88.4000015258789,88.30999755859375,88.37999725341797,95
2026-06-10T10:18:00.000Z,CL,88.36000061035156,88.44000244140625,88.36000061035156,88.43000030517578,38
2026-06-10T10:19:00.000Z,CL,88.43000030517578,88.47000122070312,88.4000015258789,88.41999816894531,43
2026-06-10T10:20:00.000Z,CL,88.41000366210938,88.41999816894531,88.37000274658203,88.41000366210938,43
2026-06-10T10:21:00.000Z,CL,88.41000366210938,88.41000366210938,88.2699966430664,88.30000305175781,117
2026-06-10T10:22:00.000Z,CL,88.29000091552734,88.30999755859375,88.25,88.29000091552734,26
2026-06-10T10:23:00.000Z,CL,88.2699966430664,88.2699966430664,88.22000122070312,88.2300033569336,24
2026-06-10T10:24:00.000Z,CL,88.22000122070312,88.2300033569336,88.19999694824219,88.2300033569336,25
2026-06-10T10:25:00.000Z,CL,88.20999908447266,88.25,88.18000030517578,88.22000122070312,56
2026-06-10T10:26:00.000Z,CL,88.22000122070312,88.2300033569336,88.19999694824219,88.2300033569336,33
2026-06-10T10:27:00.000Z,CL,88.2300033569336,88.2300033569336,88.16000366210938,88.18000030517578,72
2026-06-10T10:28:00.000Z,CL,88.1500015258789,88.2300033569336,88.12000274658203,88.1500015258789,53
2026-06-10T10:29:00.000Z,CL,88.1500015258789,88.19000244140625,88.13999938964844,88.1500015258789,57
2026-06-10T10:30:00.000Z,CL,88.1500015258789,88.19000244140625,88.06999969482422,88.11000061035156,55
2026-06-10T10:31:00.000Z,CL,88.08999633789062,88.12999725341797,88.06999969482422,88.08999633789062,47
2026-06-10T10:32:00.000Z,CL,88.12000274658203,88.1500015258789,88.08000183105469,88.0999984741211,33
2026-06-10T10:33:00.000Z,CL,88.08999633789062,88.20999908447266,88.08999633789062,88.12999725341797,131
2026-06-10T10:34:00.000Z,CL,88.1500015258789,88.2699966430664,88.1500015258789,88.25,68
2026-06-10T10:35:00.000Z,CL,88.25,88.25,88.1500015258789,88.20999908447266,42
2026-06-10T10:36:00.000Z,CL,88.20999908447266,88.22000122070312,88.0999984741211,88.11000061035156,70
2026-06-10T10:37:00.000Z,CL,88.0999984741211,88.12000274658203,87.98999786376953,88.0199966430664,115
2026-06-10T10:38:00.000Z,CL,88.0199966430664,88.02999877929688,87.97000122070312,87.98999786376953,84
2026-06-10T10:39:00.000Z,CL,87.97000122070312,88.0,87.94999694824219,87.95999908447266,42
2026-06-10T10:40:00.000Z,CL,87.94000244140625,88.04000091552734,87.93000030517578,88.04000091552734,55
2026-06-10T10:41:00.000Z,CL,88.04000091552734,88.04000091552734,87.97000122070312,88.0,48
2026-06-10T10:42:00.000Z,CL,88.0199966430664,88.04000091552734,87.97000122070312,87.97000122070312,31
2026-06-10T10:43:00.000Z,CL,87.9800033569336,87.9800033569336,87.87999725341797,87.91999816894531,97
2026-06-10T10:44:00.000Z,CL,87.91999816894531,87.93000030517578,87.83000183105469,87.83999633789062,70
2026-06-10T10:45:00.000Z,CL,87.83000183105469,87.83999633789062,87.75,87.83000183105469,144
2026-06-10T10:46:00.000Z,CL,87.83000183105469,87.88999938964844,87.79000091552734,87.81999969482422,144
2026-06-10T10:47:00.000Z,CL,87.83999633789062,87.9000015258789,87.81999969482422,87.87999725341797,70
2026-06-10T10:48:00.000Z,CL,87.91000366210938,88.02999877929688,87.91000366210938,88.02999877929688,97
2026-06-10T10:49:00.000Z,CL,88.02999877929688,88.0999984741211,88.02999877929688,88.02999877929688,53
2026-06-10T10:50:00.000Z,CL,88.05000305175781,88.05000305175781,88.0,88.01000213623047,21
2026-06-10T10:51:00.000Z,CL,88.01000213623047,88.0199966430664,87.97000122070312,87.98999786376953,24
2026-06-10T10:52:00.000Z,CL,87.98999786376953,87.98999786376953,87.94000244140625,87.95999908447266,27
2026-06-10T10:53:00.000Z,CL,87.94999694824219,88.01000213623047,87.94000244140625,87.94000244140625,30
2026-06-10T10:54:00.000Z,CL,87.94999694824219,88.05000305175781,87.94000244140625,88.01000213623047,83
2026-06-10T10:55:00.000Z,CL,87.97000122070312,87.98999786376953,87.95999908447266,87.98999786376953,16
2026-06-10T10:56:00.000Z,CL,88.01000213623047,88.05000305175781,87.7699966430664,87.81999969482422,328
2026-06-10T10:57:00.000Z,CL,87.81999969482422,87.93000030517578,87.7699966430664,87.91999816894531,152
2026-06-10T10:58:00.000Z,CL,87.94000244140625,88.02999877929688,87.86000061035156,88.02999877929688,116
2026-06-10T10:59:00.000Z,CL,88.04000091552734,88.04000091552734,88.0,88.02999877929688,64
2026-06-10T11:00:00.000Z,CL,88.0,88.05000305175781,87.95999908447266,87.95999908447266,95
2026-06-10T11:01:00.000Z,CL,87.94999694824219,87.97000122070312,87.77999877929688,87.77999877929688,119
2026-06-10T11:02:00.000Z,CL,87.77999877929688,87.86000061035156,87.76000213623047,87.80999755859375,106
2026-06-10T11:03:00.000Z,CL,87.8499984741211,89.41999816894531,87.83999633789062,89.33000183105469,2388
2026-06-10T11:04:00.000Z,CL,89.37999725341797,89.63999938964844,88.8499984741211,89.5,1559
2026-06-10T11:05:00.000Z,CL,89.48999786376953,89.94000244140625,89.41000366210938,89.63999938964844,1671
2026-06-10T11:06:00.000Z,CL,89.62999725341797,89.86000061035156,89.37999725341797,89.43000030517578,850
2026-06-10T11:07:00.000Z,CL,89.44000244140625,89.52999877929688,89.08000183105469,89.13999938964844,688
2026-06-10T11:08:00.000Z,CL,89.13999938964844,89.3499984741211,89.12999725341797,89.25,564
2026-06-10T11:09:00.000Z,CL,89.25,89.68000030517578,89.25,89.63999938964844,558
2026-06-10T11:10:00.000Z,CL,89.63999938964844,89.66999816894531,89.37999725341797,89.47000122070312,361
2026-06-10T11:11:00.000Z,CL,89.45999908447266,89.52999877929688,89.3499984741211,89.41000366210938,248
2026-06-10T11:12:00.000Z,CL,89.38999938964844,89.5,89.3499984741211,89.44999694824219,277
2026-06-10T11:13:00.000Z,CL,89.45999908447266,89.52999877929688,89.37000274658203,89.44999694824219,203
2026-06-10T11:14:00.000Z,CL,89.4800033569336,89.62999725341797,89.3499984741211,89.37999725341797,328
2026-06-10T11:15:00.000Z,CL,89.37999725341797,89.5199966430664,89.33000183105469,89.4000015258789,325
2026-06-10T11:16:00.000Z,CL,89.4000015258789,89.45999908447266,89.30999755859375,89.38999938964844,228
2026-06-10T11:17:00.000Z,CL,89.4000015258789,89.41999816894531,89.27999877929688,89.36000061035156,156
2026-06-10T11:18:00.000Z,CL,89.38999938964844,89.6500015258789,89.20999908447266,89.58000183105469,640
2026-06-10T11:19:00.000Z,CL,89.58999633789062,89.6500015258789,89.4800033569336,89.61000061035156,190
2026-06-10T11:20:00.000Z,CL,89.62999725341797,89.62999725341797,89.38999938964844,89.41000366210938,249
2026-06-10T11:21:00.000Z,CL,89.41000366210938,89.41999816894531,89.12000274658203,89.19999694824219,609
2026-06-10T11:22:00.000Z,CL,89.16999816894531,89.25,89.08000183105469,89.2300033569336,254
2026-06-10T11:23:00.000Z,CL,89.25,89.26000213623047,88.94999694824219,89.08999633789062,418
2026-06-10T11:24:00.000Z,CL,89.08999633789062,89.4800033569336,89.08999633789062,89.38999938964844,527
2026-06-10T11:25:00.000Z,CL,89.37999725341797,90.41999816894531,89.3499984741211,90.05999755859375,3777
2026-06-10T11:26:00.000Z,CL,90.05000305175781,90.11000061035156,89.75,89.80999755859375,573
2026-06-10T11:27:00.000Z,CL,89.83000183105469,90.16999816894531,89.80999755859375,89.97000122070312,538
2026-06-10T11:28:00.000Z,CL,89.98999786376953,90.08000183105469,89.81999969482422,89.87999725341797,273
2026-06-10T11:29:00.000Z,CL,89.86000061035156,90.0999984741211,89.81999969482422,89.87999725341797,345
2026-06-10T11:30:00.000Z,CL,89.87999725341797,89.9000015258789,89.72000122070312,89.81999969482422,231
2026-06-10T11:31:00.000Z,CL,89.83000183105469,90.12000274658203,89.83000183105469,90.06999969482422,388
2026-06-10T11:32:00.000Z,CL,90.08000183105469,90.12000274658203,89.81999969482422,89.9800033569336,280
2026-06-10T11:33:00.000Z,CL,89.94999694824219,89.9800033569336,89.63999938964844,89.80999755859375,471
2026-06-10T11:34:00.000Z,CL,89.7699966430664,89.87999725341797,89.7300033569336,89.79000091552734,407
2026-06-10T11:35:00.000Z,CL,89.81999969482422,89.94999694824219,89.80000305175781,89.81999969482422,259
2026-06-10T11:36:00.000Z,CL,89.81999969482422,89.9000015258789,89.80999755859375,89.86000061035156,151
2026-06-10T11:37:00.000Z,CL,89.88999938964844,90.06999969482422,89.8499984741211,89.94999694824219,157
2026-06-10T11:38:00.000Z,CL,89.94000244140625,90.16999816894531,89.91000366210938,90.13999938964844,346
2026-06-10T11:39:00.000Z,CL,90.1500015258789,90.2699966430664,90.08999633789062,90.19000244140625,270
2026-06-10T11:40:00.000Z,CL,90.20999908447266,90.2300033569336,90.0199966430664,90.04000091552734,213
2026-06-10T11:41:00.000Z,CL,90.02999877929688,90.12999725341797,89.94999694824219,90.08000183105469,373
2026-06-10T11:42:00.000Z,CL,90.06999969482422,90.22000122070312,90.02999877929688,90.22000122070312,415
2026-06-10T11:43:00.000Z,CL,90.22000122070312,90.22000122070312,90.0,90.08000183105469,261
2026-06-10T11:44:00.000Z,CL,90.08999633789062,90.0999984741211,90.0199966430664,90.05000305175781,173
2026-06-10T11:45:00.000Z,CL,90.04000091552734,90.08000183105469,89.97000122070312,89.9800033569336,108
2026-06-10T11:46:00.000Z,CL,89.98999786376953,90.04000091552734,89.91000366210938,89.93000030517578,197
2026-06-10T11:47:00.000Z,CL,89.94000244140625,89.94999694824219,89.83999633789062,89.91999816894531,188
2026-06-10T11:48:00.000Z,CL,89.9000015258789,89.9800033569336,89.86000061035156,89.86000061035156,156
2026-06-10T11:49:00.000Z,CL,89.86000061035156,90.01000213623047,89.81999969482422,89.91999816894531,224
2026-06-10T11:50:00.000Z,CL,89.93000030517578,90.04000091552734,89.83999633789062,89.87999725341797,244
2026-06-10T11:51:00.000Z,CL,89.91999816894531,89.93000030517578,89.76000213623047,89.80999755859375,175
2026-06-10T11:52:00.000Z,CL,89.81999969482422,89.91999816894531,89.76000213623047,89.88999938964844,175
2026-06-10T11:53:00.000Z,CL,89.9000015258789,89.9800033569336,89.88999938964844,89.95999908447266,152
2026-06-10T11:54:00.000Z,CL,89.97000122070312,90.04000091552734,89.94999694824219,90.0,174
2026-06-10T11:55:00.000Z,CL,89.98999786376953,90.0199966430664,89.9000015258789,89.95999908447266,134
2026-06-10T11:56:00.000Z,CL,89.95999908447266,90.12999725341797,89.95999908447266,90.08999633789062,243
2026-06-10T11:57:00.000Z,CL,90.0999984741211,90.11000061035156,89.91000366210938,89.91000366210938,239
2026-06-10T11:58:00.000Z,CL,89.91999816894531,89.9800033569336,89.87000274658203,89.94999694824219,128
2026-06-10T11:59:00.000Z,CL,89.94999694824219,90.05999755859375,89.94999694824219,90.05000305175781,121
2026-06-10T12:00:00.000Z,CL,90.04000091552734,90.08000183105469,89.94000244140625,89.95999908447266,391
2026-06-10T12:01:00.000Z,CL,89.94000244140625,89.98999786376953,89.91000366210938,89.94000244140625,280
2026-06-10T12:02:00.000Z,CL,89.93000030517578,89.98999786376953,89.87999725341797,89.94000244140625,294
2026-06-10T12:03:00.000Z,CL,89.91999816894531,89.94999694824219,89.87999725341797,89.91999816894531,128
2026-06-10T12:04:00.000Z,CL,89.94000244140625,89.9800033569336,89.80000305175781,89.80999755859375,420
2026-06-10T12:05:00.000Z,CL,89.81999969482422,89.81999969482422,89.62999725341797,89.6500015258789,342
2026-06-10T12:06:00.000Z,CL,89.66000366210938,89.80000305175781,89.62000274658203,89.77999877929688,308
2026-06-10T12:07:00.000Z,CL,89.79000091552734,89.86000061035156,89.7699966430664,89.8499984741211,222
2026-06-10T12:08:00.000Z,CL,89.86000061035156,90.04000091552734,89.8499984741211,89.9800033569336,702
2026-06-10T12:09:00.000Z,CL,89.95999908447266,90.06999969482422,89.93000030517578,90.0199966430664,189
2026-06-10T12:10:00.000Z,CL,90.02999877929688,90.0999984741211,90.0,90.02999877929688,176
2026-06-10T12:11:00.000Z,CL,90.02999877929688,90.02999877929688,89.94000244140625,89.94999694824219,122
2026-06-10T12:12:00.000Z,CL,89.94000244140625,90.08000183105469,89.94000244140625,90.0199966430664,176
2026-06-10T12:13:00.000Z,CL,90.0199966430664,90.04000091552734,89.61000061035156,89.66999816894531,1061
2026-06-10T12:14:00.000Z,CL,89.66999816894531,89.83999633789062,89.55000305175781,89.81999969482422,745
2026-06-10T12:15:00.000Z,CL,89.83999633789062,89.8499984741211,89.58000183105469,89.7699966430664,606
2026-06-10T12:16:00.000Z,CL,89.76000213623047,89.93000030517578,89.69999694824219,89.73999786376953,424
2026-06-10T12:17:00.000Z,CL,89.7300033569336,89.80000305175781,89.62000274658203,89.6500015258789,334
2026-06-10T12:18:00.000Z,CL,89.6500015258789,89.81999969482422,89.62999725341797,89.77999877929688,344
2026-06-10T12:19:00.000Z,CL,89.79000091552734,89.86000061035156,89.73999786376953,89.79000091552734,160
2026-06-10T12:20:00.000Z,CL,89.79000091552734,89.79000091552734,89.72000122070312,89.73999786376953,135
2026-06-10T12:21:00.000Z,CL,89.73999786376953,89.83000183105469,89.70999908447266,89.80999755859375,110
2026-06-10T12:22:00.000Z,CL,89.83000183105469,89.8499984741211,89.80000305175781,89.80000305175781,77
2026-06-10T12:23:00.000Z,CL,89.80999755859375,89.91999816894531,89.76000213623047,89.80999755859375,200
2026-06-10T12:24:00.000Z,CL,89.80999755859375,89.83000183105469,89.79000091552734,89.80000305175781,52
2026-06-10T12:25:00.000Z,CL,89.79000091552734,89.79000091552734,89.69000244140625,89.69000244140625,99
2026-06-10T12:26:00.000Z,CL,89.68000030517578,89.7300033569336,89.58999633789062,89.6500015258789,168
2026-06-10T12:27:00.000Z,CL,89.62999725341797,89.76000213623047,89.56999969482422,89.68000030517578,173
2026-06-10T12:28:00.000Z,CL,89.68000030517578,89.80000305175781,89.66999816894531,89.80000305175781,196
2026-06-10T12:29:00.000Z,CL,89.7699966430664,89.81999969482422,89.70999908447266,89.70999908447266,259
2026-06-10T12:30:00.000Z,CL,89.75,89.77999877929688,89.56999969482422,89.76000213623047,354
2026-06-10T12:31:00.000Z,CL,89.73999786376953,89.83999633789062,89.66999816894531,89.76000213623047,671
2026-06-10T12:32:00.000Z,CL,89.7699966430664,89.77999877929688,89.52999877929688,89.55000305175781,401
2026-06-10T12:33:00.000Z,CL,89.52999877929688,89.55000305175781,89.36000061035156,89.43000030517578,569
2026-06-10T12:34:00.000Z,CL,89.41999816894531,89.48999786376953,89.37999725341797,89.41999816894531,183
2026-06-10T12:35:00.000Z,CL,89.4000015258789,89.43000030517578,89.2699966430664,89.30000305175781,282
2026-06-10T12:36:00.000Z,CL,89.30000305175781,89.38999938964844,89.29000091552734,89.33999633789062,134
2026-06-10T12:37:00.000Z,CL,89.33000183105469,89.38999938964844,89.2699966430664,89.30999755859375,325
2026-06-10T12:38:00.000Z,CL,89.33999633789062,89.47000122070312,89.2699966430664,89.31999969482422,273
2026-06-10T12:39:00.000Z,CL,89.33000183105469,89.5,89.33000183105469,89.44000244140625,140
2026-06-10T12:40:00.000Z,CL,89.44000244140625,89.4800033569336,89.3499984741211,89.38999938964844,206
2026-06-10T12:41:00.000Z,CL,89.37999725341797,89.38999938964844,89.16999816894531,89.19999694824219,410
2026-06-10T12:42:00.000Z,CL,89.19000244140625,89.19999694824219,89.0199966430664,89.16999816894531,379
2026-06-10T12:43:00.000Z,CL,89.16000366210938,89.27999877929688,89.12999725341797,89.25,229
2026-06-10T12:44:00.000Z,CL,89.23999786376953,89.33999633789062,89.20999908447266,89.22000122070312,195
2026-06-10T12:45:00.000Z,CL,89.22000122070312,89.2300033569336,89.12999725341797,89.1500015258789,196
2026-06-10T12:46:00.000Z,CL,89.12999725341797,89.12999725341797,88.94000244140625,89.04000091552734,750
2026-06-10T12:47:00.000Z,CL,89.0199966430664,89.08000183105469,88.95999908447266,89.08000183105469,258
2026-06-10T12:48:00.000Z,CL,89.06999969482422,89.06999969482422,88.97000122070312,89.0,274
2026-06-10T12:49:00.000Z,CL,89.01000213623047,89.0199966430664,88.95999908447266,89.0,197
2026-06-10T12:50:00.000Z,CL,89.0,89.0199966430664,88.8499984741211,88.87999725341797,500
2026-06-10T12:51:00.000Z,CL,88.88999938964844,88.91000366210938,88.83000183105469,88.86000061035156,286
2026-06-10T12:52:00.000Z,CL,88.8499984741211,88.86000061035156,88.75,88.7699966430664,712
2026-06-10T12:53:00.000Z,CL,88.77999877929688,88.8499984741211,88.70999908447266,88.83999633789062,274
2026-06-10T12:54:00.000Z,CL,88.8499984741211,88.86000061035156,88.77999877929688,88.80000305175781,183
2026-06-10T12:55:00.000Z,CL,88.80999755859375,89.0,88.80999755859375,88.95999908447266,571
2026-06-10T12:56:00.000Z,CL,88.97000122070312,89.0999984741211,88.95999908447266,89.05999755859375,311
2026-06-10T12:57:00.000Z,CL,89.05999755859375,89.0999984741211,88.94000244140625,89.08999633789062,317
2026-06-10T12:58:00.000Z,CL,89.08000183105469,89.11000061035156,89.04000091552734,89.08000183105469,204
2026-06-10T12:59:00.000Z,CL,89.05999755859375,89.12999725341797,89.05999755859375,89.08000183105469,167
2026-06-10T13:00:00.000Z,CL,89.06999969482422,89.1500015258789,88.9000015258789,89.0199966430664,706
2026-06-10T13:01:00.000Z,CL,89.02999877929688,89.22000122070312,88.9800033569336,89.22000122070312,327
2026-06-10T13:02:00.000Z,CL,89.22000122070312,89.41999816894531,89.22000122070312,89.37000274658203,537
2026-06-10T13:03:00.000Z,CL,89.38999938964844,89.5,89.38999938964844,89.43000030517578,375
2026-06-10T13:04:00.000Z,CL,89.44000244140625,89.5199966430664,89.43000030517578,89.5,447
2026-06-10T13:05:00.000Z,CL,89.51000213623047,89.62000274658203,89.47000122070312,89.58999633789062,343
2026-06-10T13:06:00.000Z,CL,89.58000183105469,89.61000061035156,89.4800033569336,89.4800033569336,235
2026-06-10T13:07:00.000Z,CL,89.4800033569336,89.4800033569336,89.33000183105469,89.37000274658203,162
2026-06-10T13:08:00.000Z,CL,89.36000061035156,89.47000122070312,89.33000183105469,89.47000122070312,280
2026-06-10T13:09:00.000Z,CL,89.47000122070312,89.5199966430664,89.4000015258789,89.44000244140625,340
2026-06-10T13:10:00.000Z,CL,89.44999694824219,89.5,89.43000030517578,89.4800033569336,173
2026-06-10T13:11:00.000Z,CL,89.47000122070312,89.4800033569336,89.33999633789062,89.36000061035156,114
2026-06-10T13:12:00.000Z,CL,89.36000061035156,89.38999938964844,89.27999877929688,89.33999633789062,239
2026-06-10T13:13:00.000Z,CL,89.33000183105469,89.3499984741211,89.27999877929688,89.33999633789062,151
2026-06-10T13:14:00.000Z,CL,89.36000061035156,89.58000183105469,89.3499984741211,89.52999877929688,383
2026-06-10T13:15:00.000Z,CL,89.54000091552734,89.54000091552734,89.44000244140625,89.44999694824219,165
2026-06-10T13:16:00.000Z,CL,89.45999908447266,89.48999786376953,89.41000366210938,89.44000244140625,74
2026-06-10T13:17:00.000Z,CL,89.44000244140625,89.48999786376953,89.43000030517578,89.45999908447266,127
2026-06-10T13:18:00.000Z,CL,89.47000122070312,89.47000122070312,89.37000274658203,89.37000274658203,104
2026-06-10T13:19:00.000Z,CL,89.37999725341797,89.37999725341797,89.2699966430664,89.27999877929688,114
2026-06-10T13:20:00.000Z,CL,89.27999877929688,89.33999633789062,89.26000213623047,89.31999969482422,181
2026-06-10T13:21:00.000Z,CL,89.30999755859375,89.41000366210938,89.25,89.4000015258789,298
2026-06-10T13:22:00.000Z,CL,89.38999938964844,89.48999786376953,89.37999725341797,89.44000244140625,157
2026-06-10T13:23:00.000Z,CL,89.43000030517578,89.43000030517578,89.38999938964844,89.41000366210938,135
2026-06-10T13:24:00.000Z,CL,89.4000015258789,89.41999816894531,89.33000183105469,89.4000015258789,105
2026-06-10T13:25:00.000Z,CL,89.38999938964844,89.45999908447266,89.38999938964844,89.44999694824219,196
2026-06-10T13:26:00.000Z,CL,89.43000030517578,89.51000213623047,89.33000183105469,89.5,230
2026-06-10T13:27:00.000Z,CL,89.4800033569336,89.55999755859375,89.44999694824219,89.45999908447266,127
2026-06-10T13:28:00.000Z,CL,89.44000244140625,89.44999694824219,89.37000274658203,89.37999725341797,127
2026-06-10T13:29:00.000Z,CL,89.38999938964844,89.43000030517578,89.30999755859375,89.3499984741211,157
2026-06-10T13:30:00.000Z,CL,89.36000061035156,89.4800033569336,89.30000305175781,89.44999694824219,381
2026-06-10T13:31:00.000Z,CL,89.44999694824219,89.52999877929688,89.41000366210938,89.45999908447266,119
2026-06-10T13:32:00.000Z,CL,89.45999908447266,89.51000213623047,89.41000366210938,89.47000122070312,125
2026-06-10T13:33:00.000Z,CL,89.4800033569336,89.55999755859375,89.47000122070312,89.5,162
2026-06-10T13:34:00.000Z,CL,89.5,89.58000183105469,89.43000030517578,89.55999755859375,316
2026-06-10T13:35:00.000Z,CL,89.56999969482422,89.58999633789062,89.19000244140625,89.2699966430664,475
2026-06-10T13:36:00.000Z,CL,89.2699966430664,89.36000061035156,89.2300033569336,89.23999786376953,204
2026-06-10T13:37:00.000Z,CL,89.23999786376953,89.26000213623047,89.16000366210938,89.19999694824219,336
2026-06-10T13:38:00.000Z,CL,89.19000244140625,89.33000183105469,89.16000366210938,89.25,323
2026-06-10T13:39:00.000Z,CL,89.25,89.27999877929688,89.1500015258789,89.25,238
2026-06-10T13:40:00.000Z,CL,89.26000213623047,89.31999969482422,89.23999786376953,89.25,146
2026-06-10T13:41:00.000Z,CL,89.25,89.37999725341797,89.25,89.3499984741211,181
2026-06-10T13:42:00.000Z,CL,89.30999755859375,89.37000274658203,89.19000244140625,89.23999786376953,216
2026-06-10T13:43:00.000Z,CL,89.23999786376953,89.2699966430664,89.20999908447266,89.2699966430664,114
2026-06-10T13:44:00.000Z,CL,89.2699966430664,89.30000305175781,89.23999786376953,89.30000305175781,112
2026-06-10T13:45:00.000Z,CL,89.29000091552734,89.31999969482422,89.19999694824219,89.20999908447266,238
2026-06-10T13:46:00.000Z,CL,89.22000122070312,89.33999633789062,89.22000122070312,89.31999969482422,263
2026-06-10T13:47:00.000Z,CL,89.33999633789062,89.45999908447266,89.33999633789062,89.44999694824219,161
2026-06-10T13:48:00.000Z,CL,89.44000244140625,89.48999786376953,89.38999938964844,89.45999908447266,228
2026-06-10T13:49:00.000Z,CL,89.44999694824219,89.54000091552734,89.44999694824219,89.4800033569336,207
2026-06-10T13:50:00.000Z,CL,89.47000122070312,89.73999786376953,89.44999694824219,89.72000122070312,345
2026-06-10T13:51:00.000Z,CL,89.69999694824219,89.9000015258789,89.68000030517578,89.77999877929688,516
2026-06-10T13:52:00.000Z,CL,89.7699966430664,89.86000061035156,89.70999908447266,89.80000305175781,638
2026-06-10T13:53:00.000Z,CL,89.80000305175781,89.80000305175781,89.69999694824219,89.7699966430664,256
2026-06-10T13:54:00.000Z,CL,89.76000213623047,89.77999877929688,89.63999938964844,89.69999694824219,210
2026-06-10T13:55:00.000Z,CL,89.68000030517578,89.83999633789062,89.68000030517578,89.77999877929688,355
2026-06-10T13:56:00.000Z,CL,89.79000091552734,89.83000183105469,89.7699966430664,89.80000305175781,128
2026-06-10T13:57:00.000Z,CL,89.80000305175781,89.83000183105469,89.77999877929688,89.80999755859375,142
2026-06-10T13:58:00.000Z,CL,89.80000305175781,89.81999969482422,89.76000213623047,89.77999877929688,121
2026-06-10T13:59:00.000Z,CL,89.77999877929688,89.80000305175781,89.7699966430664,89.79000091552734,112
2026-06-10T14:00:00.000Z,CL,89.77999877929688,89.93000030517578,89.75,89.9000015258789,305
2026-06-10T14:01:00.000Z,CL,89.9000015258789,89.9000015258789,89.83000183105469,89.8499984741211,196
2026-06-10T14:02:00.000Z,CL,89.88999938964844,89.88999938964844,89.79000091552734,89.79000091552734,246
2026-06-10T14:03:00.000Z,CL,89.80999755859375,89.80999755859375,89.73999786376953,89.79000091552734,140
2026-06-10T14:04:00.000Z,CL,89.80000305175781,89.94000244140625,89.79000091552734,89.93000030517578,283
2026-06-10T14:05:00.000Z,CL,89.93000030517578,90.0,89.83999633789062,89.87999725341797,385
2026-06-10T14:06:00.000Z,CL,89.86000061035156,89.87000274658203,89.77999877929688,89.80000305175781,174
2026-06-10T14:07:00.000Z,CL,89.83000183105469,89.87000274658203,89.80999755859375,89.87000274658203,77
2026-06-10T14:08:00.000Z,CL,89.86000061035156,89.97000122070312,89.8499984741211,89.95999908447266,320
2026-06-10T14:09:00.000Z,CL,89.9800033569336,90.0,89.91000366210938,89.91000366210938,205
2026-06-10T14:10:00.000Z,CL,89.91000366210938,89.91000366210938,89.79000091552734,89.81999969482422,684
2026-06-10T14:11:00.000Z,CL,89.81999969482422,89.87999725341797,89.79000091552734,89.81999969482422,127
2026-06-10T14:12:00.000Z,CL,89.83999633789062,89.83999633789062,89.77999877929688,89.79000091552734,210
2026-06-10T14:13:00.000Z,CL,89.77999877929688,89.79000091552734,89.6500015258789,89.72000122070312,583
2026-06-10T14:14:00.000Z,CL,89.70999908447266,89.8499984741211,89.69999694824219,89.77999877929688,378
2026-06-10T14:15:00.000Z,CL,89.77999877929688,89.83000183105469,89.72000122070312,89.7699966430664,212
2026-06-10T14:16:00.000Z,CL,89.77999877929688,89.88999938964844,89.5999984741211,89.72000122070312,1184
2026-06-10T14:17:00.000Z,CL,89.72000122070312,89.80999755859375,89.70999908447266,89.77999877929688,164
2026-06-10T14:18:00.000Z,CL,89.77999877929688,89.83000183105469,89.75,89.79000091552734,293
2026-06-10T14:19:00.000Z,CL,89.77999877929688,89.80999755859375,89.70999908447266,89.75,219
2026-06-10T14:20:00.000Z,CL,89.77999877929688,89.87000274658203,89.75,89.86000061035156,255
2026-06-10T14:21:00.000Z,CL,89.87000274658203,89.91999816894531,89.66000366210938,89.66999816894531,845
2026-06-10T14:22:00.000Z,CL,89.66999816894531,89.72000122070312,89.6500015258789,89.69999694824219,298
2026-06-10T14:23:00.000Z,CL,89.69999694824219,89.69999694824219,89.5999984741211,89.5999984741211,302
2026-06-10T14:24:00.000Z,CL,89.5999984741211,89.6500015258789,89.55999755859375,89.58000183105469,275
2026-06-10T14:25:00.000Z,CL,89.58999633789062,89.6500015258789,89.4800033569336,89.63999938964844,389
2026-06-10T14:26:00.000Z,CL,89.6500015258789,89.68000030517578,89.62999725341797,89.68000030517578,247
2026-06-10T14:27:00.000Z,CL,89.66000366210938,89.70999908447266,89.62999725341797,89.68000030517578,183
2026-06-10T14:28:00.000Z,CL,89.69000244140625,89.8499984741211,89.68000030517578,89.79000091552734,298
2026-06-10T14:29:00.000Z,CL,89.79000091552734,89.83999633789062,89.69999694824219,89.7300033569336,284
2026-06-10T14:30:00.000Z,CL,89.7300033569336,89.94999694824219,89.6500015258789,89.91999816894531,241
2026-06-10T14:31:00.000Z,CL,89.93000030517578,90.19000244140625,89.9000015258789,90.05999755859375,1377
2026-06-10T14:32:00.000Z,CL,90.05000305175781,90.06999969482422,89.97000122070312,89.97000122070312,373
2026-06-10T14:33:00.000Z,CL,89.9800033569336,90.16000366210938,89.9800033569336,90.05000305175781,370
2026-06-10T14:34:00.000Z,CL,90.06999969482422,90.08999633789062,89.9800033569336,90.0199966430664,407
2026-06-10T14:35:00.000Z,CL,90.04000091552734,90.0999984741211,90.0,90.08000183105469,200
2026-06-10T14:36:00.000Z,CL,90.08999633789062,90.12999725341797,90.05999755859375,90.12000274658203,216
2026-06-10T14:37:00.000Z,CL,90.12999725341797,90.2300033569336,90.08999633789062,90.12999725341797,699
2026-06-10T14:38:00.000Z,CL,90.12999725341797,90.18000030517578,90.08999633789062,90.18000030517578,190
2026-06-10T14:39:00.000Z,CL,90.16000366210938,90.25,90.16000366210938,90.19000244140625,534
2026-06-10T14:40:00.000Z,CL,90.19999694824219,90.22000122070312,90.11000061035156,90.1500015258789,266
2026-06-10T14:41:00.000Z,CL,90.12000274658203,90.12000274658203,90.05000305175781,90.08999633789062,331
2026-06-10T14:42:00.000Z,CL,90.12000274658203,90.20999908447266,90.0999984741211,90.19000244140625,157
2026-06-10T14:43:00.000Z,CL,90.19999694824219,90.25,90.18000030517578,90.20999908447266,262
2026-06-10T14:44:00.000Z,CL,90.20999908447266,90.2699966430664,90.19999694824219,90.25,223
2026-06-10T14:45:00.000Z,CL,90.2300033569336,90.2300033569336,90.11000061035156,90.16999816894531,254
2026-06-10T14:46:00.000Z,CL,90.18000030517578,90.18000030517578,90.05000305175781,90.08000183105469,428
2026-06-10T14:47:00.000Z,CL,90.06999969482422,90.12000274658203,90.06999969482422,90.08999633789062,427
2026-06-10T14:48:00.000Z,CL,90.08000183105469,90.0999984741211,90.0,90.04000091552734,248
2026-06-10T14:49:00.000Z,CL,90.04000091552734,90.05999755859375,89.94999694824219,89.98999786376953,550
2026-06-10T14:50:00.000Z,CL,89.98999786376953,90.02999877929688,89.95999908447266,89.97000122070312,620
2026-06-10T14:51:00.000Z,CL,89.95999908447266,90.2300033569336,89.91000366210938,90.08000183105469,1101
2026-06-10T14:52:00.000Z,CL,90.08999633789062,90.19999694824219,90.08999633789062,90.12999725341797,259
2026-06-10T14:53:00.000Z,CL,90.11000061035156,90.12000274658203,90.02999877929688,90.08999633789062,130
2026-06-10T14:54:00.000Z,CL,90.08999633789062,90.13999938964844,90.08000183105469,90.12999725341797,587
2026-06-10T14:55:00.000Z,CL,90.13999938964844,90.26000213623047,90.12999725341797,90.2300033569336,441
2026-06-10T14:56:00.000Z,CL,90.2300033569336,90.33999633789062,90.2300033569336,90.27999877929688,717
2026-06-10T14:57:00.000Z,CL,90.27999877929688,90.31999969482422,90.26000213623047,90.31999969482422,286
2026-06-10T14:58:00.000Z,CL,90.30000305175781,90.37999725341797,90.27999877929688,90.30000305175781,545
2026-06-10T14:59:00.000Z,CL,90.29000091552734,90.30000305175781,90.22000122070312,90.26000213623047,178
2026-06-10T15:00:00.000Z,CL,90.2699966430664,90.29000091552734,90.1500015258789,90.1500015258789,247
2026-06-10T15:01:00.000Z,CL,90.1500015258789,90.1500015258789,89.87000274658203,89.9000015258789,919
2026-06-10T15:02:00.000Z,CL,89.9000015258789,90.0,89.9000015258789,89.98999786376953,247
2026-06-10T15:03:00.000Z,CL,89.98999786376953,90.0999984741211,89.9000015258789,90.08999633789062,250
2026-06-10T15:04:00.000Z,CL,90.08000183105469,90.16000366210938,90.06999969482422,90.08999633789062,180
2026-06-10T15:05:00.000Z,CL,90.08999633789062,90.1500015258789,90.0199966430664,90.06999969482422,414
2026-06-10T15:06:00.000Z,CL,90.05999755859375,90.12000274658203,90.05000305175781,90.12000274658203,107
2026-06-10T15:07:00.000Z,CL,90.11000061035156,90.12999725341797,90.0,90.0199966430664,196
2026-06-10T15:08:00.000Z,CL,90.0199966430664,90.02999877929688,89.91999816894531,89.91999816894531,224
2026-06-10T15:09:00.000Z,CL,89.93000030517578,89.94000244140625,89.9000015258789,89.93000030517578,132
2026-06-10T15:10:00.000Z,CL,89.91999816894531,89.93000030517578,89.83000183105469,89.83999633789062,196
2026-06-10T15:11:00.000Z,CL,89.8499984741211,89.87000274658203,89.77999877929688,89.8499984741211,204
2026-06-10T15:12:00.000Z,CL,89.86000061035156,89.87000274658203,89.68000030517578,89.69000244140625,733
2026-06-10T15:13:00.000Z,CL,89.68000030517578,89.69999694824219,89.5999984741211,89.61000061035156,301
2026-06-10T15:14:00.000Z,CL,89.62000274658203,89.73999786376953,89.62000274658203,89.73999786376953,163
2026-06-10T15:15:00.000Z,CL,89.76000213623047,89.83000183105469,89.75,89.83000183105469,215
2026-06-10T15:16:00.000Z,CL,89.81999969482422,89.83000183105469,89.69999694824219,89.7300033569336,387
2026-06-10T15:17:00.000Z,CL,89.72000122070312,89.87999725341797,89.72000122070312,89.8499984741211,178
2026-06-10T15:18:00.000Z,CL,89.86000061035156,89.9000015258789,89.83000183105469,89.87000274658203,129
2026-06-10T15:19:00.000Z,CL,89.86000061035156,89.9000015258789,89.79000091552734,89.81999969482422,225
2026-06-10T15:20:00.000Z,CL,89.81999969482422,89.8499984741211,89.76000213623047,89.76000213623047,226
2026-06-10T15:21:00.000Z,CL,89.77999877929688,89.80999755859375,89.73999786376953,89.76000213623047,187
2026-06-10T15:22:00.000Z,CL,89.75,89.75,89.66999816894531,89.69000244140625,171
2026-06-10T15:23:00.000Z,CL,89.69000244140625,89.70999908447266,89.62000274658203,89.68000030517578,259
2026-06-10T15:24:00.000Z,CL,89.69999694824219,89.7699966430664,89.62000274658203,89.75,251
2026-06-10T15:25:00.000Z,CL,89.75,89.80999755859375,89.69000244140625,89.69999694824219,558
2026-06-10T15:26:00.000Z,CL,89.69000244140625,89.73999786376953,89.68000030517578,89.73999786376953,143
2026-06-10T15:27:00.000Z,CL,89.73999786376953,89.76000213623047,89.55000305175781,89.55999755859375,314
2026-06-10T15:28:00.000Z,CL,89.58000183105469,89.58000183105469,89.41000366210938,89.44000244140625,858
2026-06-10T15:29:00.000Z,CL,89.43000030517578,89.55999755859375,89.41999816894531,89.54000091552734,573
2026-06-10T15:30:00.000Z,CL,89.55000305175781,89.55999755859375,89.37999725341797,89.38999938964844,647
2026-06-10T15:31:00.000Z,CL,89.38999938964844,89.5,89.36000061035156,89.48999786376953,328
2026-06-10T15:32:00.000Z,CL,89.4800033569336,89.54000091552734,89.4800033569336,89.5199966430664,288
2026-06-10T15:33:00.000Z,CL,89.51000213623047,89.55000305175781,89.4000015258789,89.52999877929688,510
2026-06-10T15:34:00.000Z,CL,89.52999877929688,89.55999755859375,89.41999816894531,89.47000122070312,281
2026-06-10T15:35:00.000Z,CL,89.47000122070312,89.62000274658203,89.47000122070312,89.61000061035156,216
2026-06-10T15:36:00.000Z,CL,89.62000274658203,89.68000030517578,89.55999755859375,89.58000183105469,281
2026-06-10T15:37:00.000Z,CL,89.55999755859375,89.7300033569336,89.55999755859375,89.72000122070312,403
2026-06-10T15:38:00.000Z,CL,89.70999908447266,89.75,89.69000244140625,89.73999786376953,458
2026-06-10T15:39:00.000Z,CL,89.75,89.79000091552734,89.69000244140625,89.73999786376953,216
2026-06-10T15:40:00.000Z,CL,89.73999786376953,89.86000061035156,89.7300033569336,89.79000091552734,219
2026-06-10T15:41:00.000Z,CL,89.80000305175781,89.83999633789062,89.7699966430664,89.80999755859375,251
2026-06-10T15:42:00.000Z,CL,89.80000305175781,90.05000305175781,89.80000305175781,90.05000305175781,392
2026-06-10T15:43:00.000Z,CL,90.05000305175781,90.05999755859375,89.98999786376953,90.0199966430664,141
2026-06-10T15:44:00.000Z,CL,90.01000213623047,90.04000091552734,89.98999786376953,90.0,199
2026-06-10T15:45:00.000Z,CL,90.01000213623047,90.04000091552734,89.94999694824219,89.97000122070312,291
2026-06-10T15:46:00.000Z,CL,89.98999786376953,90.0,89.91000366210938,89.97000122070312,269
2026-06-10T15:47:00.000Z,CL,89.97000122070312,90.80000305175781,89.97000122070312,90.5999984741211,3508
2026-06-10T15:48:00.000Z,CL,90.58999633789062,91.11000061035156,90.58000183105469,90.77999877929688,2832
2026-06-10T15:49:00.000Z,CL,90.79000091552734,90.8499984741211,90.58999633789062,90.66000366210938,1311
2026-06-10T15:50:00.000Z,CL,90.68000030517578,91.11000061035156,90.5199966430664,90.95999908447266,3226
2026-06-10T15:51:00.000Z,CL,90.94999694824219,91.41000366210938,90.87999725341797,91.33000183105469,2120
2026-06-10T15:52:00.000Z,CL,91.33000183105469,91.47000122070312,91.19999694824219,91.20999908447266,1645
2026-06-10T15:53:00.000Z,CL,91.19999694824219,91.2699966430664,90.91999816894531,90.94000244140625,1325
2026-06-10T15:54:00.000Z,CL,90.97000122070312,91.0,90.79000091552734,90.91999816894531,1058
2026-06-10T15:55:00.000Z,CL,90.93000030517578,90.97000122070312,90.70999908447266,90.7300033569336,1089
2026-06-10T15:56:00.000Z,CL,90.7300033569336,90.77999877929688,90.61000061035156,90.70999908447266,744
2026-06-10T15:57:00.000Z,CL,90.69999694824219,90.70999908447266,90.51000213623047,90.5199966430664,650
2026-06-10T15:58:00.000Z,CL,90.52999877929688,90.58999633789062,90.5,90.58000183105469,697
2026-06-10T15:59:00.000Z,CL,90.56999969482422,90.68000030517578,90.56999969482422,90.62999725341797,378
2026-06-10T16:00:00.000Z,CL,90.62000274658203,90.6500015258789,90.52999877929688,90.62000274658203,405
2026-06-10T16:01:00.000Z,CL,90.63999938964844,90.80999755859375,90.58000183105469,90.7300033569336,946
2026-06-10T16:02:00.000Z,CL,90.7300033569336,90.87999725341797,90.70999908447266,90.87000274658203,365
2026-06-10T16:03:00.000Z,CL,90.88999938964844,90.91000366210938,90.68000030517578,90.83999633789062,520
2026-06-10T16:04:00.000Z,CL,90.8499984741211,90.87999725341797,90.77999877929688,90.81999969482422,305
2026-06-10T16:05:00.000Z,CL,90.83999633789062,91.04000091552734,90.81999969482422,91.02999877929688,405
2026-06-10T16:06:00.000Z,CL,91.04000091552734,91.06999969482422,90.7699966430664,90.9000015258789,753
2026-06-10T16:07:00.000Z,CL,90.9000015258789,90.94999694824219,90.86000061035156,90.91999816894531,241
2026-06-10T16:08:00.000Z,CL,90.94000244140625,91.13999938964844,90.91999816894531,91.0999984741211,343
2026-06-10T16:09:00.000Z,CL,91.0999984741211,91.16999816894531,91.0999984741211,91.12999725341797,230
2026-06-10T16:10:00.000Z,CL,91.13999938964844,91.18000030517578,91.04000091552734,91.05999755859375,305
2026-06-10T16:11:00.000Z,CL,91.06999969482422,91.25,91.02999877929688,91.11000061035156,781
2026-06-10T16:12:00.000Z,CL,91.08999633789062,91.16999816894531,91.08000183105469,91.13999938964844,176
2026-06-10T16:13:00.000Z,CL,91.12000274658203,91.13999938964844,91.08000183105469,91.11000061035156,96
2026-06-10T16:14:00.000Z,CL,91.08000183105469,91.11000061035156,90.95999908447266,91.02999877929688,506
2026-06-10T16:15:00.000Z,CL,91.04000091552734,91.08000183105469,91.0199966430664,91.02999877929688,194
2026-06-10T16:16:00.000Z,CL,91.04000091552734,91.04000091552734,90.8499984741211,90.93000030517578,756
2026-06-10T16:17:00.000Z,CL,90.94000244140625,90.9800033569336,90.86000061035156,90.91999816894531,267
2026-06-10T16:18:00.000Z,CL,90.93000030517578,90.93000030517578,90.87000274658203,90.91999816894531,152
2026-06-10T16:19:00.000Z,CL,90.91000366210938,90.94999694824219,90.87000274658203,90.9000015258789,240
2026-06-10T16:20:00.000Z,CL,90.88999938964844,90.88999938964844,90.66000366210938,90.86000061035156,597
2026-06-10T16:21:00.000Z,CL,90.87000274658203,90.93000030517578,90.79000091552734,90.81999969482422,194
2026-06-10T16:22:00.000Z,CL,90.80000305175781,90.94000244140625,90.80000305175781,90.91999816894531,152
2026-06-10T16:23:00.000Z,CL,90.9000015258789,90.94000244140625,90.8499984741211,90.8499984741211,200
2026-06-10T16:24:00.000Z,CL,90.87000274658203,90.9800033569336,90.87000274658203,90.97000122070312,184
2026-06-10T16:25:00.000Z,CL,90.97000122070312,91.0999984741211,90.93000030517578,90.9800033569336,253
2026-06-10T16:26:00.000Z,CL,90.98999786376953,91.0,90.87000274658203,90.91999816894531,137
2026-06-10T16:27:00.000Z,CL,90.9000015258789,90.94999694824219,90.87000274658203,90.91000366210938,130
2026-06-10T16:28:00.000Z,CL,90.93000030517578,91.02999877929688,90.88999938964844,90.98999786376953,388
2026-06-10T16:29:00.000Z,CL,91.01000213623047,91.0199966430664,90.91999816894531,90.93000030517578,400
2026-06-10T16:30:00.000Z,CL,90.91999816894531,91.05000305175781,90.91000366210938,91.04000091552734,323
2026-06-10T16:31:00.000Z,CL,91.0199966430664,91.08999633789062,91.0,91.08999633789062,292
2026-06-10T16:32:00.000Z,CL,91.0999984741211,91.11000061035156,91.02999877929688,91.08999633789062,296
2026-06-10T16:33:00.000Z,CL,91.08000183105469,91.08999633789062,91.01000213623047,91.04000091552734,197
2026-06-10T16:34:00.000Z,CL,91.04000091552734,91.05999755859375,90.94999694824219,90.94999694824219,178
2026-06-10T16:35:00.000Z,CL,90.94999694824219,91.05000305175781,90.91999816894531,90.98999786376953,225
2026-06-10T16:36:00.000Z,CL,91.0,91.08000183105469,91.0,91.02999877929688,331
2026-06-10T16:37:00.000Z,CL,91.0199966430664,91.04000091552734,90.88999938964844,90.94999694824219,193
2026-06-10T16:38:00.000Z,CL,90.94000244140625,90.9800033569336,90.91999816894531,90.94000244140625,184
2026-06-10T16:39:00.000Z,CL,90.93000030517578,91.08999633789062,90.93000030517578,91.0,212
2026-06-10T16:40:00.000Z,CL,90.98999786376953,91.02999877929688,90.97000122070312,91.0199966430664,166
2026-06-10T16:41:00.000Z,CL,91.0199966430664,91.08000183105469,91.0199966430664,91.04000091552734,185
2026-06-10T16:42:00.000Z,CL,91.02999877929688,91.05000305175781,91.0,91.0,138
2026-06-10T16:43:00.000Z,CL,90.98999786376953,90.98999786376953,90.94000244140625,90.94999694824219,162
2026-06-10T16:44:00.000Z,CL,90.93000030517578,91.01000213623047,90.93000030517578,91.0,157
2026-06-10T16:45:00.000Z,CL,90.98999786376953,91.08000183105469,90.98999786376953,91.02999877929688,250
2026-06-10T16:46:00.000Z,CL,91.0199966430664,91.04000091552734,90.98999786376953,91.02999877929688,111
2026-06-10T16:47:00.000Z,CL,91.02999877929688,91.08999633789062,91.02999877929688,91.06999969482422,222
2026-06-10T16:48:00.000Z,CL,91.06999969482422,91.0999984741211,91.05000305175781,91.05999755859375,208
2026-06-10T16:49:00.000Z,CL,91.05000305175781,91.08000183105469,91.0199966430664,91.05999755859375,297
2026-06-10T16:50:00.000Z,CL,91.05999755859375,91.0999984741211,91.02999877929688,91.04000091552734,317
2026-06-10T16:51:00.000Z,CL,91.04000091552734,91.04000091552734,90.97000122070312,90.9800033569336,268
2026-06-10T16:52:00.000Z,CL,90.98999786376953,91.02999877929688,90.97000122070312,91.0,227
2026-06-10T16:53:00.000Z,CL,91.01000213623047,91.08000183105469,90.98999786376953,91.06999969482422,135
2026-06-10T16:54:00.000Z,CL,91.06999969482422,91.13999938964844,91.05999755859375,91.12999725341797,235
2026-06-10T16:55:00.000Z,CL,91.12000274658203,91.27999877929688,91.11000061035156,91.18000030517578,451
2026-06-10T16:56:00.000Z,CL,91.18000030517578,91.19000244140625,91.08999633789062,91.11000061035156,159
2026-06-10T16:57:00.000Z,CL,91.11000061035156,91.12000274658203,91.02999877929688,91.08999633789062,202
2026-06-10T16:58:00.000Z,CL,91.0999984741211,91.11000061035156,91.06999969482422,91.08999633789062,139
2026-06-10T16:59:00.000Z,CL,91.08999633789062,91.08999633789062,90.95999908447266,91.05000305175781,448
2026-06-10T17:00:00.000Z,CL,91.04000091552734,91.05000305175781,90.83000183105469,90.86000061035156,678
2026-06-10T17:01:00.000Z,CL,90.8499984741211,90.93000030517578,90.8499984741211,90.91999816894531,292
2026-06-10T17:02:00.000Z,CL,90.91000366210938,91.0,90.91000366210938,90.98999786376953,240
2026-06-10T17:03:00.000Z,CL,90.98999786376953,91.06999969482422,90.98999786376953,91.0199966430664,310
2026-06-10T17:04:00.000Z,CL,91.02999877929688,91.02999877929688,90.98999786376953,91.01000213623047,357
2026-06-10T17:05:00.000Z,CL,91.0,91.22000122070312,91.0,91.19000244140625,453
2026-06-10T17:06:00.000Z,CL,91.19999694824219,91.23999786376953,91.12999725341797,91.12999725341797,186
2026-06-10T17:07:00.000Z,CL,91.12999725341797,91.16000366210938,91.0999984741211,91.12999725341797,258
2026-06-10T17:08:00.000Z,CL,91.1500015258789,91.20999908447266,91.13999938964844,91.16999816894531,273
2026-06-10T17:09:00.000Z,CL,91.18000030517578,91.22000122070312,91.16000366210938,91.16000366210938,109
2026-06-10T17:10:00.000Z,CL,91.1500015258789,91.19999694824219,91.13999938964844,91.19000244140625,145
2026-06-10T17:11:00.000Z,CL,91.19000244140625,91.19000244140625,91.1500015258789,91.16000366210938,152
2026-06-10T17:12:00.000Z,CL,91.1500015258789,91.20999908447266,91.1500015258789,91.20999908447266,133
2026-06-10T17:13:00.000Z,CL,91.19999694824219,91.26000213623047,91.18000030517578,91.22000122070312,338
2026-06-10T17:14:00.000Z,CL,91.20999908447266,91.26000213623047,91.19000244140625,91.19000244140625,183
2026-06-10T17:15:00.000Z,CL,91.19999694824219,91.25,91.19999694824219,91.20999908447266,133
2026-06-10T17:16:00.000Z,CL,91.22000122070312,91.30999755859375,91.20999908447266,91.2699966430664,504
2026-06-10T17:17:00.000Z,CL,91.2699966430664,91.30999755859375,91.2699966430664,91.30000305175781,582
2026-06-10T17:18:00.000Z,CL,91.29000091552734,91.30999755859375,91.2699966430664,91.29000091552734,199
2026-06-10T17:19:00.000Z,CL,91.29000091552734,91.44999694824219,91.27999877929688,91.41999816894531,462
2026-06-10T17:20:00.000Z,CL,91.41999816894531,91.43000030517578,91.33999633789062,91.33999633789062,332
2026-06-10T17:21:00.000Z,CL,91.3499984741211,91.37000274658203,91.30999755859375,91.33000183105469,226
2026-06-10T17:22:00.000Z,CL,91.33000183105469,91.33999633789062,91.25,91.30999755859375,274
2026-06-10T17:23:00.000Z,CL,91.30000305175781,91.30000305175781,91.26000213623047,91.27999877929688,217
2026-06-10T17:24:00.000Z,CL,91.27999877929688,91.45999908447266,91.26000213623047,91.38999938964844,484
2026-06-10T17:25:00.000Z,CL,91.4000015258789,91.41999816894531,91.33000183105469,91.33000183105469,338
2026-06-10T17:26:00.000Z,CL,91.3499984741211,91.38999938964844,91.33000183105469,91.37999725341797,190
2026-06-10T17:27:00.000Z,CL,91.38999938964844,91.44000244140625,91.37999725341797,91.38999938964844,183
2026-06-10T17:28:00.000Z,CL,91.4000015258789,91.44000244140625,91.38999938964844,91.41000366210938,265
2026-06-10T17:29:00.000Z,CL,91.43000030517578,91.44999694824219,91.4000015258789,91.43000030517578,477
2026-06-10T17:30:00.000Z,CL,91.43000030517578,91.55000305175781,91.43000030517578,91.52999877929688,469
2026-06-10T17:31:00.000Z,CL,91.54000091552734,91.63999938964844,91.52999877929688,91.62000274658203,509
2026-06-10T17:32:00.000Z,CL,91.62999725341797,91.69999694824219,91.5199966430664,91.55999755859375,759
2026-06-10T17:33:00.000Z,CL,91.56999969482422,91.69000244140625,91.55999755859375,91.61000061035156,287
2026-06-10T17:34:00.000Z,CL,91.5999984741211,91.66999816894531,91.58999633789062,91.6500015258789,392
2026-06-10T17:35:00.000Z,CL,91.6500015258789,91.69000244140625,91.62000274658203,91.69000244140625,211
2026-06-10T17:36:00.000Z,CL,91.69000244140625,91.7300033569336,91.61000061035156,91.61000061035156,211
2026-06-10T17:37:00.000Z,CL,91.61000061035156,91.61000061035156,91.51000213623047,91.54000091552734,274
2026-06-10T17:38:00.000Z,CL,91.54000091552734,91.58000183105469,91.44000244140625,91.44999694824219,287
2026-06-10T17:39:00.000Z,CL,91.45999908447266,91.58999633789062,91.44999694824219,91.58000183105469,403
2026-06-10T17:40:00.000Z,CL,91.58999633789062,91.5999984741211,91.5199966430664,91.58999633789062,274
2026-06-10T17:41:00.000Z,CL,91.58000183105469,91.62999725341797,91.56999969482422,91.5999984741211,169
2026-06-10T17:42:00.000Z,CL,91.58999633789062,91.58999633789062,91.54000091552734,91.56999969482422,115
2026-06-10T17:43:00.000Z,CL,91.58000183105469,91.62000274658203,91.56999969482422,91.61000061035156,141
2026-06-10T17:44:00.000Z,CL,91.61000061035156,91.61000061035156,91.58999633789062,91.61000061035156,124
2026-06-10T17:45:00.000Z,CL,91.5999984741211,91.5999984741211,91.45999908447266,91.45999908447266,200
2026-06-10T17:46:00.000Z,CL,91.44999694824219,91.44999694824219,91.3499984741211,91.41999816894531,490
2026-06-10T17:47:00.000Z,CL,91.43000030517578,91.45999908447266,91.41999816894531,91.44000244140625,248
2026-06-10T17:48:00.000Z,CL,91.43000030517578,91.45999908447266,91.4000015258789,91.4000015258789,188
2026-06-10T17:49:00.000Z,CL,91.41000366210938,91.47000122070312,91.4000015258789,91.44000244140625,410
2026-06-10T17:50:00.000Z,CL,91.44999694824219,91.83999633789062,91.38999938964844,91.55000305175781,1873
2026-06-10T17:51:00.000Z,CL,91.51000213623047,91.55000305175781,91.36000061035156,91.37000274658203,540
2026-06-10T17:52:00.000Z,CL,91.37999725341797,91.4800033569336,91.37000274658203,91.41999816894531,432
2026-06-10T17:53:00.000Z,CL,91.4000015258789,91.44000244140625,91.26000213623047,91.2699966430664,408
2026-06-10T17:54:00.000Z,CL,91.2699966430664,91.30000305175781,91.16000366210938,91.19000244140625,1275
2026-06-10T17:55:00.000Z,CL,91.19000244140625,91.19999694824219,91.0999984741211,91.12000274658203,453
2026-06-10T17:56:00.000Z,CL,91.11000061035156,91.12000274658203,91.01000213623047,91.0199966430664,850
2026-06-10T17:57:00.000Z,CL,91.02999877929688,91.04000091552734,90.95999908447266,91.0199966430664,830
2026-06-10T17:58:00.000Z,CL,91.0199966430664,91.04000091552734,90.88999938964844,90.9000015258789,1033
2026-06-10T17:59:00.000Z,CL,90.91000366210938,90.91999816894531,90.8499984741211,90.88999938964844,451
2026-06-10T18:00:00.000Z,CL,90.9000015258789,90.91000366210938,90.62000274658203,90.80000305175781,1230
2026-06-10T18:01:00.000Z,CL,90.80999755859375,90.87999725341797,90.80000305175781,90.87000274658203,483
2026-06-10T18:02:00.000Z,CL,90.87000274658203,90.91000366210938,90.80000305175781,90.80000305175781,346
2026-06-10T18:03:00.000Z,CL,90.80000305175781,90.83999633789062,90.68000030517578,90.68000030517578,592
2026-06-10T18:04:00.000Z,CL,90.66999816894531,90.66999816894531,90.55999755859375,90.5999984741211,766
2026-06-10T18:05:00.000Z,CL,90.62000274658203,90.6500015258789,90.5199966430664,90.5199966430664,629
2026-06-10T18:06:00.000Z,CL,90.54000091552734,90.58000183105469,90.51000213623047,90.52999877929688,404
2026-06-10T18:07:00.000Z,CL,90.5199966430664,90.66999816894531,90.5199966430664,90.61000061035156,1054
2026-06-10T18:08:00.000Z,CL,90.61000061035156,90.63999938964844,90.54000091552734,90.55999755859375,275
2026-06-10T18:09:00.000Z,CL,90.55999755859375,90.69000244140625,90.55000305175781,90.66999816894531,331
2026-06-10T18:10:00.000Z,CL,90.66000366210938,90.66999816894531,90.51000213623047,90.55000305175781,562
2026-06-10T18:11:00.000Z,CL,90.55999755859375,90.55999755859375,90.45999908447266,90.47000122070312,808
2026-06-10T18:12:00.000Z,CL,90.47000122070312,90.48999786376953,90.4000015258789,90.45999908447266,649
2026-06-10T18:13:00.000Z,CL,90.45999908447266,90.56999969482422,90.44999694824219,90.54000091552734,461
2026-06-10T18:14:00.000Z,CL,90.52999877929688,90.55000305175781,90.4800033569336,90.48999786376953,267
2026-06-10T18:15:00.000Z,CL,90.5,90.51000213623047,90.45999908447266,90.4800033569336,327
2026-06-10T18:16:00.000Z,CL,90.4800033569336,90.62999725341797,90.47000122070312,90.61000061035156,784
2026-06-10T18:17:00.000Z,CL,90.62000274658203,90.75,90.62000274658203,90.75,744
2026-06-10T18:18:00.000Z,CL,90.73999786376953,90.87999725341797,90.7300033569336,90.8499984741211,746
2026-06-10T18:19:00.000Z,CL,90.8499984741211,90.8499984741211,90.69999694824219,90.76000213623047,493
2026-06-10T18:20:00.000Z,CL,90.76000213623047,90.79000091552734,90.68000030517578,90.68000030517578,311
2026-06-10T18:21:00.000Z,CL,90.68000030517578,90.68000030517578,90.43000030517578,90.54000091552734,1167
2026-06-10T18:22:00.000Z,CL,90.54000091552734,90.56999969482422,90.5,90.52999877929688,369
2026-06-10T18:23:00.000Z,CL,90.54000091552734,90.54000091552734,90.44000244140625,90.44000244140625,352
2026-06-10T18:24:00.000Z,CL,90.43000030517578,90.5,90.43000030517578,90.44999694824219,381
2026-06-10T18:25:00.000Z,CL,90.45999908447266,90.52999877929688,90.41000366210938,90.5199966430664,414
2026-06-10T18:26:00.000Z,CL,90.5199966430664,90.56999969482422,90.44999694824219,90.4800033569336,492
2026-06-10T18:27:00.000Z,CL,90.47000122070312,90.5999984741211,90.44999694824219,90.55000305175781,809
2026-06-10T18:28:00.000Z,CL,90.55999755859375,90.56999969482422,89.9800033569336,89.9800033569336,6223
2026-06-10T18:29:00.000Z,CL,89.9800033569336,90.0,89.80999755859375,89.93000030517578,5554
2026-06-10T18:30:00.000Z,CL,89.91999816894531,90.02999877929688,89.91000366210938,89.95999908447266,1456
2026-06-10T18:31:00.000Z,CL,89.97000122070312,90.20999908447266,89.95999908447266,90.19000244140625,1011
2026-06-10T18:32:00.000Z,CL,90.19000244140625,90.20999908447266,90.11000061035156,90.16999816894531,622
2026-06-10T18:33:00.000Z,CL,90.16999816894531,90.19000244140625,90.06999969482422,90.18000030517578,457
2026-06-10T18:34:00.000Z,CL,90.16999816894531,90.2300033569336,90.16000366210938,90.19000244140625,188
2026-06-10T18:35:00.000Z,CL,90.20999908447266,90.5,90.0999984741211,90.16999816894531,1117
2026-06-10T18:36:00.000Z,CL,90.1500015258789,90.25,90.08999633789062,90.20999908447266,133
2026-06-10T18:37:00.000Z,CL,90.23999786376953,90.2699966430664,90.16000366210938,90.18000030517578,166
2026-06-10T18:38:00.000Z,CL,90.19000244140625,90.26000213623047,90.19000244140625,90.25,130
2026-06-10T18:39:00.000Z,CL,90.2300033569336,90.2300033569336,90.1500015258789,90.16999816894531,81
2026-06-10T18:40:00.000Z,CL,90.16999816894531,90.20999908447266,90.13999938964844,90.16000366210938,61
2026-06-10T18:41:00.000Z,CL,90.19000244140625,90.19999694824219,90.16999816894531,90.19999694824219,23
2026-06-10T18:42:00.000Z,CL,90.18000030517578,90.19999694824219,90.16000366210938,90.19999694824219,29
2026-06-10T18:43:00.000Z,CL,90.22000122070312,90.22000122070312,90.1500015258789,90.18000030517578,102
2026-06-10T18:44:00.000Z,CL,90.16999816894531,90.20999908447266,90.1500015258789,90.18000030517578,57
2026-06-10T18:45:00.000Z,CL,90.19000244140625,90.25,90.16999816894531,90.18000030517578,409
2026-06-10T18:46:00.000Z,CL,90.16000366210938,90.22000122070312,90.12000274658203,90.20999908447266,317
2026-06-10T18:47:00.000Z,CL,90.22000122070312,90.23999786376953,90.19000244140625,90.23999786376953,66
2026-06-10T18:48:00.000Z,CL,90.23999786376953,90.23999786376953,90.19000244140625,90.19000244140625,56
2026-06-10T18:49:00.000Z,CL,90.19000244140625,90.26000213623047,90.19000244140625,90.25,47
2026-06-10T18:50:00.000Z,CL,90.26000213623047,90.33000183105469,90.26000213623047,90.26000213623047,83
2026-06-10T18:51:00.000Z,CL,90.26000213623047,90.27999877929688,90.22000122070312,90.26000213623047,43
2026-06-10T18:52:00.000Z,CL,90.2699966430664,90.29000091552734,90.25,90.2699966430664,45
2026-06-10T18:53:00.000Z,CL,90.2699966430664,90.30000305175781,90.23999786376953,90.25,125
2026-06-10T18:54:00.000Z,CL,90.2699966430664,90.27999877929688,90.23999786376953,90.26000213623047,157
2026-06-10T18:55:00.000Z,CL,90.23999786376953,90.27999877929688,90.2300033569336,90.25,165
2026-06-10T18:56:00.000Z,CL,90.26000213623047,90.26000213623047,90.19999694824219,90.20999908447266,149
2026-06-10T18:57:00.000Z,CL,90.20999908447266,90.20999908447266,90.12999725341797,90.19000244140625,108
2026-06-10T18:58:00.000Z,CL,90.19999694824219,90.22000122070312,90.16999816894531,90.19999694824219,90
2026-06-10T18:59:00.000Z,CL,90.20999908447266,90.20999908447266,90.18000030517578,90.19000244140625,27
2026-06-10T19:00:00.000Z,CL,90.18000030517578,90.20999908447266,90.12000274658203,90.20999908447266,83
2026-06-10T19:01:00.000Z,CL,90.2300033569336,90.23999786376953,90.19999694824219,90.19999694824219,8
2026-06-10T19:02:00.000Z,CL,90.19999694824219,90.20999908447266,90.16999816894531,90.18000030517578,26
2026-06-10T19:03:00.000Z,CL,90.16000366210938,90.25,90.1500015258789,90.23999786376953,141
2026-06-10T19:04:00.000Z,CL,90.25,90.38999938964844,90.25,90.37999725341797,364
2026-06-10T19:05:00.000Z,CL,90.38999938964844,90.56999969482422,90.37999725341797,90.44999694824219,420
2026-06-10T19:06:00.000Z,CL,90.43000030517578,90.47000122070312,90.3499984741211,90.36000061035156,187
2026-06-10T19:07:00.000Z,CL,90.36000061035156,90.41999816894531,90.3499984741211,90.41999816894531,89
2026-06-10T19:08:00.000Z,CL,90.41999816894531,90.43000030517578,90.41999816894531,90.41999816894531,18
2026-06-10T19:09:00.000Z,CL,90.43000030517578,90.44999694824219,90.4000015258789,90.41999816894531,68
2026-06-10T19:10:00.000Z,CL,90.43000030517578,90.44000244140625,90.38999938964844,90.41000366210938,61
2026-06-10T19:11:00.000Z,CL,90.4000015258789,90.43000030517578,90.33000183105469,90.36000061035156,62
2026-06-10T19:12:00.000Z,CL,90.33999633789062,90.33999633789062,90.30999755859375,90.33000183105469,37
2026-06-10T19:13:00.000Z,CL,90.33000183105469,90.36000061035156,90.31999969482422,90.3499984741211,14
2026-06-10T19:14:00.000Z,CL,90.36000061035156,90.37000274658203,90.33999633789062,90.3499984741211,23
2026-06-10T19:15:00.000Z,CL,90.33999633789062,90.4000015258789,90.33999633789062,90.37999725341797,34
2026-06-10T19:16:00.000Z,CL,90.38999938964844,90.4000015258789,90.36000061035156,90.38999938964844,25
2026-06-10T19:17:00.000Z,CL,90.37999725341797,90.45999908447266,90.37999725341797,90.44999694824219,92
2026-06-10T19:18:00.000Z,CL,90.44999694824219,90.48999786376953,90.44999694824219,90.44999694824219,47
2026-06-10T19:19:00.000Z,CL,90.44000244140625,90.44999694824219,90.41999816894531,90.44999694824219,5
2026-06-10T19:20:00.000Z,CL,90.44999694824219,90.48999786376953,90.43000030517578,90.44000244140625,32
2026-06-10T19:21:00.000Z,CL,90.44999694824219,90.47000122070312,90.41000366210938,90.47000122070312,94
2026-06-10T19:22:00.000Z,CL,90.4800033569336,90.4800033569336,90.44000244140625,90.45999908447266,34
2026-06-10T19:23:00.000Z,CL,90.45999908447266,90.47000122070312,90.43000030517578,90.44000244140625,31
2026-06-10T19:24:00.000Z,CL,90.43000030517578,90.43000030517578,90.41000366210938,90.41999816894531,11
2026-06-10T19:25:00.000Z,CL,90.41000366210938,90.41000366210938,90.36000061035156,90.37000274658203,70
2026-06-10T19:26:00.000Z,CL,90.37000274658203,90.37000274658203,90.3499984741211,90.36000061035156,27
2026-06-10T19:27:00.000Z,CL,90.33999633789062,90.38999938964844,90.33999633789062,90.37999725341797,19
2026-06-10T19:28:00.000Z,CL,90.37000274658203,90.38999938964844,90.30999755859375,90.38999938964844,60
2026-06-10T19:29:00.000Z,CL,90.4000015258789,90.41000366210938,90.37000274658203,90.37000274658203,36
2026-06-10T19:30:00.000Z,CL,90.37000274658203,90.41999816894531,90.36000061035156,90.38999938964844,53
2026-06-10T19:31:00.000Z,CL,90.4000015258789,90.43000030517578,90.4000015258789,90.41999816894531,21
2026-06-10T19:32:00.000Z,CL,90.41999816894531,90.47000122070312,90.41999816894531,90.44999694824219,121
2026-06-10T19:33:00.000Z,CL,90.44999694824219,90.48999786376953,90.44999694824219,90.47000122070312,119
2026-06-10T19:34:00.000Z,CL,90.45999908447266,90.45999908447266,90.44000244140625,90.44000244140625,65
2026-06-10T19:35:00.000Z,CL,90.44999694824219,90.4800033569336,90.44999694824219,90.47000122070312,58
2026-06-10T19:36:00.000Z,CL,90.47000122070312,90.4800033569336,90.43000030517578,90.4800033569336,65
2026-06-10T19:37:00.000Z,CL,90.4800033569336,90.51000213623047,90.4800033569336,90.5,61
2026-06-10T19:38:00.000Z,CL,90.51000213623047,90.55000305175781,90.51000213623047,90.51000213623047,152
2026-06-10T19:39:00.000Z,CL,90.5199966430664,90.52999877929688,90.45999908447266,90.47000122070312,81
2026-06-10T19:40:00.000Z,CL,90.4800033569336,90.5,90.4800033569336,90.4800033569336,148
2026-06-10T19:41:00.000Z,CL,90.48999786376953,90.58999633789062,90.48999786376953,90.5199966430664,593
2026-06-10T19:42:00.000Z,CL,90.51000213623047,90.5199966430664,90.41000366210938,90.5199966430664,174
2026-06-10T19:43:00.000Z,CL,90.5199966430664,90.5199966430664,90.45999908447266,90.45999908447266,45
2026-06-10T19:44:00.000Z,CL,90.47000122070312,90.51000213623047,90.47000122070312,90.51000213623047,28
2026-06-10T19:45:00.000Z,CL,90.5,90.58000183105469,90.5,90.58000183105469,204
2026-06-10T19:46:00.000Z,CL,90.56999969482422,90.58999633789062,90.56999969482422,90.56999969482422,106
2026-06-10T19:47:00.000Z,CL,90.58000183105469,90.58000183105469,90.5199966430664,90.55000305175781,63
2026-06-10T19:48:00.000Z,CL,90.56999969482422,90.5999984741211,90.55999755859375,90.5999984741211,62
2026-06-10T19:49:00.000Z,CL,90.58999633789062,90.5999984741211,90.55999755859375,90.58000183105469,93
2026-06-10T19:50:00.000Z,CL,90.58000183105469,90.61000061035156,90.48999786376953,90.5,198
2026-06-10T19:51:00.000Z,CL,90.5199966430664,90.52999877929688,90.4800033569336,90.4800033569336,66
2026-06-10T19:52:00.000Z,CL,90.4800033569336,90.52999877929688,90.47000122070312,90.5199966430664,143
2026-06-10T19:53:00.000Z,CL,90.5199966430664,90.52999877929688,90.4800033569336,90.4800033569336,297
2026-06-10T19:54:00.000Z,CL,90.47000122070312,90.4800033569336,90.43000030517578,90.44999694824219,60
2026-06-10T19:55:00.000Z,CL,90.45999908447266,90.47000122070312,90.4000015258789,90.45999908447266,103
2026-06-10T19:56:00.000Z,CL,90.47000122070312,90.48999786376953,90.45999908447266,90.48999786376953,21
2026-06-10T19:57:00.000Z,CL,90.48999786376953,90.51000213623047,90.47000122070312,90.47000122070312,39
2026-06-10T19:58:00.000Z,CL,90.45999908447266,90.47000122070312,90.44999694824219,90.45999908447266,35
2026-06-10T19:59:00.000Z,CL,90.47000122070312,90.47000122070312,90.41000366210938,90.41999816894531,105
2026-06-10T20:00:00.000Z,CL,90.4000015258789,90.54000091552734,90.4000015258789,90.48999786376953,123
2026-06-10T20:01:00.000Z,CL,90.45999908447266,90.45999908447266,90.31999969482422,90.3499984741211,109
2026-06-10T20:02:00.000Z,CL,90.33000183105469,90.3499984741211,90.2699966430664,90.31999969482422,71
2026-06-10T20:03:00.000Z,CL,90.33000183105469,90.37000274658203,90.31999969482422,90.33999633789062,44
2026-06-10T20:04:00.000Z,CL,90.33999633789062,90.3499984741211,90.2699966430664,90.29000091552734,63
2026-06-10T20:05:00.000Z,CL,90.30000305175781,90.36000061035156,90.30000305175781,90.36000061035156,52
2026-06-10T20:06:00.000Z,CL,90.36000061035156,90.37999725341797,90.3499984741211,90.3499984741211,30
2026-06-10T20:07:00.000Z,CL,90.37000274658203,90.41000366210938,90.3499984741211,90.41000366210938,43
2026-06-10T20:08:00.000Z,CL,90.41000366210938,90.43000030517578,90.41000366210938,90.43000030517578,25
2026-06-10T20:09:00.000Z,CL,90.41999816894531,90.77999877929688,90.41000366210938,90.72000122070312,816
2026-06-10T20:10:00.000Z,CL,90.73999786376953,90.7699966430664,90.62000274658203,90.66999816894531,165
2026-06-10T20:11:00.000Z,CL,90.68000030517578,90.75,90.5999984741211,90.70999908447266,235
2026-06-10T20:12:00.000Z,CL,90.68000030517578,90.76000213623047,90.56999969482422,90.73999786376953,337
2026-06-10T20:13:00.000Z,CL,90.73999786376953,90.91000366210938,90.72000122070312,90.86000061035156,180
2026-06-10T20:14:00.000Z,CL,90.87000274658203,90.94000244140625,90.86000061035156,90.93000030517578,72
2026-06-10T20:15:00.000Z,CL,90.94000244140625,90.94999694824219,90.88999938964844,90.94999694824219,46
2026-06-10T20:16:00.000Z,CL,90.91000366210938,90.9800033569336,90.83999633789062,90.95999908447266,110
2026-06-10T20:17:00.000Z,CL,90.94999694824219,90.97000122070312,90.81999969482422,90.83999633789062,123
2026-06-10T20:18:00.000Z,CL,90.83999633789062,90.88999938964844,90.83999633789062,90.88999938964844,35
2026-06-10T20:19:00.000Z,CL,90.87999725341797,90.87999725341797,90.80999755859375,90.83999633789062,59
2026-06-10T20:20:00.000Z,CL,90.83000183105469,90.95999908447266,90.83000183105469,90.94000244140625,233
2026-06-10T20:21:00.000Z,CL,90.95999908447266,90.95999908447266,90.91999816894531,90.95999908447266,164
2026-06-10T20:22:00.000Z,CL,90.95999908447266,91.02999877929688,90.95999908447266,91.01000213623047,887
2026-06-10T20:23:00.000Z,CL,91.0199966430664,91.12999725341797,91.0199966430664,91.08999633789062,205
2026-06-10T20:24:00.000Z,CL,91.06999969482422,91.1500015258789,91.04000091552734,91.0999984741211,178
2026-06-10T20:25:00.000Z,CL,91.11000061035156,91.13999938964844,91.08000183105469,91.08000183105469,58
2026-06-10T20:26:00.000Z,CL,91.06999969482422,91.0999984741211,91.0199966430664,91.02999877929688,31
2026-06-10T20:27:00.000Z,CL,91.04000091552734,91.08000183105469,90.98999786376953,91.08000183105469,135
2026-06-10T20:28:00.000Z,CL,91.08000183105469,91.12999725341797,91.04000091552734,91.04000091552734,81
2026-06-10T20:29:00.000Z,CL,91.06999969482422,91.08999633789062,91.02999877929688,91.04000091552734,32
2026-06-10T20:30:00.000Z,CL,91.04000091552734,91.1500015258789,91.02999877929688,91.12000274658203,76
2026-06-10T20:31:00.000Z,CL,91.13999938964844,91.22000122070312,91.13999938964844,91.19000244140625,159
2026-06-10T20:32:00.000Z,CL,91.20999908447266,91.20999908447266,91.08000183105469,91.08000183105469,44
2026-06-10T20:33:00.000Z,CL,91.08999633789062,91.0999984741211,91.02999877929688,91.05000305175781,38
2026-06-10T20:34:00.000Z,CL,91.05999755859375,91.06999969482422,91.01000213623047,91.05000305175781,58
2026-06-10T20:35:00.000Z,CL,91.05000305175781,91.11000061035156,91.04000091552734,91.08000183105469,115
2026-06-10T20:36:00.000Z,CL,91.06999969482422,91.08999633789062,91.06999969482422,91.08999633789062,7
2026-06-10T20:37:00.000Z,CL,91.08999633789062,91.25,91.05000305175781,91.16999816894531,1125
2026-06-10T20:38:00.000Z,CL,91.16999816894531,91.30999755859375,91.1500015258789,91.20999908447266,193
2026-06-10T20:39:00.000Z,CL,91.20999908447266,91.25,91.16999816894531,91.23999786376953,62
2026-06-10T20:40:00.000Z,CL,91.23999786376953,91.27999877929688,91.22000122070312,91.26000213623047,53
2026-06-10T20:41:00.000Z,CL,91.26000213623047,91.26000213623047,91.20999908447266,91.22000122070312,46
2026-06-10T20:42:00.000Z,CL,91.2300033569336,91.29000091552734,91.2300033569336,91.29000091552734,27
2026-06-10T20:43:00.000Z,CL,91.27999877929688,91.56999969482422,91.27999877929688,91.52999877929688,282
2026-06-10T20:44:00.000Z,CL,91.5199966430664,91.5199966430664,91.3499984741211,91.44000244140625,435
2026-06-10T20:45:00.000Z,CL,91.43000030517578,91.55000305175781,91.41000366210938,91.5199966430664,124
2026-06-10T20:46:00.000Z,CL,91.55000305175781,91.73999786376953,91.55000305175781,91.66000366210938,1060
2026-06-10T20:47:00.000Z,CL,91.66999816894531,91.80000305175781,91.6500015258789,91.79000091552734,295
2026-06-10T20:48:00.000Z,CL,91.77999877929688,91.80000305175781,91.69999694824219,91.75,230
2026-06-10T20:49:00.000Z,CL,91.75,91.79000091552734,91.66999816894531,91.72000122070312,218
2026-06-10T20:50:00.000Z,CL,91.69000244140625,91.87000274658203,91.68000030517578,91.81999969482422,175
2026-06-10T20:51:00.000Z,CL,91.83000183105469,91.86000061035156,91.73999786376953,91.76000213623047,245
2026-06-10T20:52:00.000Z,CL,91.77999877929688,91.77999877929688,91.69999694824219,91.72000122070312,92
2026-06-10T20:53:00.000Z,CL,91.70999908447266,91.75,91.68000030517578,91.75,130
2026-06-10T20:54:00.000Z,CL,91.75,91.79000091552734,91.75,91.76000213623047,175
2026-06-10T20:55:00.000Z,CL,91.75,91.80999755859375,91.75,91.77999877929688,168
2026-06-10T20:56:00.000Z,CL,91.79000091552734,91.8499984741211,91.79000091552734,91.83000183105469,147
2026-06-10T20:57:00.000Z,CL,91.83000183105469,91.8499984741211,91.80000305175781,91.83000183105469,60
2026-06-10T20:58:00.000Z,CL,91.81999969482422,91.81999969482422,91.76000213623047,91.7699966430664,158
2026-06-10T20:59:00.000Z,CL,91.80000305175781,91.86000061035156,91.79000091552734,91.8499984741211,287
2026-06-10T21:00:00.000Z,CL,91.8499984741211,91.8499984741211,91.8499984741211,91.8499984741211,4
2026-06-10T22:00:00.000Z,CL,92.25,92.38999938964844,91.9000015258789,92.0,0
2026-06-10T22:01:00.000Z,CL,91.95999908447266,92.0999984741211,91.95999908447266,92.06999969482422,127
2026-06-10T22:02:00.000Z,CL,92.08000183105469,92.23999786376953,92.05999755859375,92.23999786376953,97
2026-06-10T22:03:00.000Z,CL,92.22000122070312,92.25,92.0,92.06999969482422,267
2026-06-10T22:04:00.000Z,CL,92.08000183105469,92.18000030517578,92.06999969482422,92.11000061035156,90
2026-06-10T22:05:00.000Z,CL,92.12999725341797,92.22000122070312,92.12000274658203,92.22000122070312,31
2026-06-10T22:06:00.000Z,CL,92.20999908447266,92.25,92.12999725341797,92.19999694824219,92
2026-06-10T22:07:00.000Z,CL,92.19999694824219,92.25,92.05999755859375,92.05999755859375,99
2026-06-10T22:08:00.000Z,CL,92.05999755859375,92.0999984741211,92.02999877929688,92.05999755859375,32
2026-06-10T22:09:00.000Z,CL,92.0999984741211,92.16000366210938,92.0999984741211,92.16000366210938,29
2026-06-10T22:10:00.000Z,CL,92.16999816894531,92.22000122070312,92.1500015258789,92.16999816894531,75
2026-06-10T22:11:00.000Z,CL,92.16999816894531,92.4000015258789,92.16999816894531,92.4000015258789,155
2026-06-10T22:12:00.000Z,CL,92.37999725341797,92.44999694824219,92.19999694824219,92.25,161
2026-06-10T22:13:00.000Z,CL,92.25,92.3499984741211,92.25,92.29000091552734,20
2026-06-10T22:14:00.000Z,CL,92.30000305175781,92.30999755859375,92.22000122070312,92.25,56
2026-06-10T22:15:00.000Z,CL,92.2300033569336,92.23999786376953,92.16999816894531,92.2300033569336,109
2026-06-10T22:16:00.000Z,CL,92.2300033569336,92.23999786376953,92.22000122070312,92.2300033569336,6
2026-06-10T22:17:00.000Z,CL,92.23999786376953,92.30999755859375,92.13999938964844,92.2699966430664,162
2026-06-10T22:18:00.000Z,CL,92.27999877929688,92.29000091552734,92.19000244140625,92.25,51
2026-06-10T22:19:00.000Z,CL,92.27999877929688,92.30000305175781,92.20999908447266,92.20999908447266,30
2026-06-10T22:20:00.000Z,CL,92.19999694824219,92.20999908447266,92.12999725341797,92.16000366210938,45
2026-06-10T22:21:00.000Z,CL,92.18000030517578,92.30999755859375,92.18000030517578,92.30999755859375,226
2026-06-10T22:22:00.000Z,CL,92.27999877929688,92.33000183105469,92.25,92.27999877929688,36
2026-06-10T22:23:00.000Z,CL,92.29000091552734,92.41000366210938,92.29000091552734,92.41000366210938,35
2026-06-10T22:24:00.000Z,CL,92.37999725341797,92.43000030517578,92.36000061035156,92.36000061035156,69
2026-06-10T22:25:00.000Z,CL,92.38999938964844,92.41999816894531,92.37999725341797,92.38999938964844,51
2026-06-10T22:26:00.000Z,CL,92.38999938964844,92.4000015258789,92.37999725341797,92.4000015258789,13
2026-06-10T22:27:00.000Z,CL,92.38999938964844,92.41000366210938,92.37999725341797,92.37999725341797,22
2026-06-10T22:28:00.000Z,CL,92.38999938964844,92.4000015258789,92.36000061035156,92.36000061035156,24
2026-06-10T22:29:00.000Z,CL,92.37999725341797,92.4000015258789,92.27999877929688,92.33000183105469,55
2026-06-10T22:30:00.000Z,CL,92.31999969482422,92.33000183105469,92.2300033569336,92.2300033569336,43
2026-06-10T22:31:00.000Z,CL,92.2300033569336,92.2300033569336,92.0999984741211,92.0999984741211,108
2026-06-10T22:32:00.000Z,CL,92.11000061035156,92.11000061035156,92.04000091552734,92.05000305175781,24
2026-06-10T22:33:00.000Z,CL,92.05000305175781,92.08000183105469,92.0199966430664,92.05999755859375,31
2026-06-10T22:34:00.000Z,CL,92.08000183105469,92.23999786376953,92.06999969482422,92.22000122070312,118
2026-06-10T22:35:00.000Z,CL,92.22000122070312,92.25,92.12000274658203,92.25,76
2026-06-10T22:36:00.000Z,CL,92.2300033569336,92.2300033569336,92.16999816894531,92.16999816894531,21
2026-06-10T22:37:00.000Z,CL,92.19000244140625,92.19000244140625,92.1500015258789,92.1500015258789,11
2026-06-10T22:38:00.000Z,CL,92.18000030517578,92.19000244140625,92.1500015258789,92.18000030517578,21
2026-06-10T22:39:00.000Z,CL,92.18000030517578,92.18000030517578,92.13999938964844,92.1500015258789,6
2026-06-10T22:40:00.000Z,CL,92.18000030517578,92.18000030517578,92.13999938964844,92.13999938964844,11
2026-06-10T22:41:00.000Z,CL,92.11000061035156,92.19000244140625,92.05999755859375,92.12999725341797,55
2026-06-10T22:42:00.000Z,CL,92.13999938964844,92.16999816894531,92.12999725341797,92.16000366210938,16
2026-06-10T22:43:00.000Z,CL,92.1500015258789,92.1500015258789,92.0999984741211,92.12999725341797,20
2026-06-10T22:44:00.000Z,CL,92.1500015258789,92.56999969482422,92.1500015258789,92.41000366210938,459
2026-06-10T22:45:00.000Z,CL,92.41999816894531,92.58999633789062,92.38999938964844,92.44000244140625,160
2026-06-10T22:46:00.000Z,CL,92.41999816894531,92.54000091552734,92.30999755859375,92.30999755859375,210
2026-06-10T22:47:00.000Z,CL,92.30999755859375,92.56999969482422,92.30999755859375,92.52999877929688,129
2026-06-10T22:48:00.000Z,CL,92.5199966430664,92.5999984741211,92.37999725341797,92.5199966430664,166
2026-06-10T22:49:00.000Z,CL,92.5,92.66000366210938,92.47000122070312,92.62999725341797,105
2026-06-10T22:50:00.000Z,CL,92.63999938964844,92.66999816894531,92.62000274658203,92.6500015258789,69
2026-06-10T22:51:00.000Z,CL,92.62000274658203,92.62000274658203,92.52999877929688,92.58000183105469,78
2026-06-10T22:52:00.000Z,CL,92.5999984741211,92.80000305175781,92.5999984741211,92.76000213623047,125
2026-06-10T22:53:00.000Z,CL,92.7699966430664,93.08000183105469,92.7699966430664,93.04000091552734,414
2026-06-10T22:54:00.000Z,CL,93.0199966430664,93.08000183105469,92.81999969482422,92.87999725341797,284
2026-06-10T22:55:00.000Z,CL,92.91999816894531,93.0199966430664,92.88999938964844,93.01000213623047,82
2026-06-10T22:56:00.000Z,CL,93.0199966430664,93.2300033569336,93.01000213623047,93.13999938964844,392
2026-06-10T22:57:00.000Z,CL,93.0999984741211,93.31999969482422,93.08000183105469,93.18000030517578,350
2026-06-10T22:58:00.000Z,CL,93.19999694824219,93.30999755859375,93.13999938964844,93.25,140
2026-06-10T22:59:00.000Z,CL,93.25,93.36000061035156,93.25,93.3499984741211,75
2026-06-10T23:00:00.000Z,CL,93.3499984741211,93.44999694824219,93.2699966430664,93.30000305175781,250
2026-06-10T23:01:00.000Z,CL,93.30000305175781,93.30999755859375,93.1500015258789,93.25,80
2026-06-10T23:02:00.000Z,CL,93.20999908447266,93.2699966430664,93.19999694824219,93.2300033569336,82
2026-06-10T23:03:00.000Z,CL,93.20999908447266,93.37999725341797,93.19999694824219,93.33000183105469,144
2026-06-10T23:04:00.000Z,CL,93.33000183105469,93.41999816894531,93.30999755859375,93.33999633789062,105
2026-06-10T23:05:00.000Z,CL,93.3499984741211,93.3499984741211,93.04000091552734,93.12000274658203,157
2026-06-10T23:06:00.000Z,CL,93.12000274658203,93.19999694824219,93.12000274658203,93.18000030517578,50
2026-06-10T23:07:00.000Z,CL,93.16000366210938,93.20999908447266,93.13999938964844,93.20999908447266,58
2026-06-10T23:08:00.000Z,CL,93.2300033569336,93.25,93.19000244140625,93.19999694824219,43
2026-06-10T23:09:00.000Z,CL,93.2300033569336,93.26000213623047,93.18000030517578,93.26000213623047,38
2026-06-10T23:10:00.000Z,CL,93.2699966430664,93.33999633789062,93.16000366210938,93.29000091552734,176
2026-06-10T23:11:00.000Z,CL,93.33000183105469,93.44999694824219,93.33000183105469,93.41000366210938,85
2026-06-10T23:12:00.000Z,CL,93.41000366210938,93.51000213623047,93.36000061035156,93.47000122070312,107
2026-06-10T23:13:00.000Z,CL,93.45999908447266,93.58000183105469,93.45999908447266,93.5199966430664,130
2026-06-10T23:14:00.000Z,CL,93.52999877929688,93.5999984741211,93.48999786376953,93.54000091552734,78
2026-06-10T23:15:00.000Z,CL,93.5,93.51000213623047,93.36000061035156,93.45999908447266,125
2026-06-10T23:16:00.000Z,CL,93.44000244140625,93.51000213623047,93.43000030517578,93.5,25
2026-06-10T23:17:00.000Z,CL,93.45999908447266,93.4800033569336,93.33000183105469,93.33000183105469,102
2026-06-10T23:18:00.000Z,CL,93.33999633789062,93.54000091552734,93.30999755859375,93.4800033569336,86
2026-06-10T23:19:00.000Z,CL,93.51000213623047,93.63999938964844,92.72000122070312,93.22000122070312,800
2026-06-10T23:20:00.000Z,CL,93.26000213623047,93.30000305175781,92.5199966430664,92.80999755859375,962
2026-06-10T23:21:00.000Z,CL,92.81999969482422,93.05000305175781,92.66999816894531,92.75,508
2026-06-10T23:22:00.000Z,CL,92.77999877929688,92.88999938964844,92.70999908447266,92.70999908447266,239
2026-06-10T23:23:00.000Z,CL,92.73999786376953,93.0199966430664,92.69999694824219,93.01000213623047,434
2026-06-10T23:24:00.000Z,CL,93.01000213623047,93.0199966430664,92.80999755859375,92.9000015258789,206
2026-06-10T23:25:00.000Z,CL,92.9000015258789,92.93000030517578,92.72000122070312,92.81999969482422,313
2026-06-10T23:26:00.000Z,CL,92.79000091552734,92.79000091552734,92.55000305175781,92.58999633789062,313
2026-06-10T23:27:00.000Z,CL,92.62000274658203,92.73999786376953,92.61000061035156,92.69999694824219,127
2026-06-10T23:28:00.000Z,CL,92.75,92.75,92.52999877929688,92.54000091552734,135
2026-06-10T23:29:00.000Z,CL,92.54000091552734,92.72000122070312,92.5,92.66000366210938,135
2026-06-10T23:30:00.000Z,CL,92.63999938964844,92.68000030517578,92.55999755859375,92.62999725341797,79
2026-06-10T23:31:00.000Z,CL,92.68000030517578,92.95999908447266,92.68000030517578,92.87000274658203,220
2026-06-10T23:32:00.000Z,CL,92.8499984741211,93.12000274658203,92.77999877929688,92.8499984741211,388
2026-06-10T23:33:00.000Z,CL,92.81999969482422,92.87999725341797,92.70999908447266,92.80000305175781,212
2026-06-10T23:34:00.000Z,CL,92.81999969482422,92.91000366210938,92.7699966430664,92.7699966430664,59
2026-06-10T23:35:00.000Z,CL,92.80000305175781,92.80999755859375,92.66000366210938,92.75,128
2026-06-10T23:36:00.000Z,CL,92.75,92.75,92.5999984741211,92.5999984741211,118
2026-06-10T23:37:00.000Z,CL,92.66999816894531,92.66999816894531,92.5999984741211,92.63999938964844,35
2026-06-10T23:38:00.000Z,CL,92.66999816894531,92.7699966430664,92.6500015258789,92.7300033569336,55
2026-06-10T23:39:00.000Z,CL,92.7300033569336,92.7699966430664,92.70999908447266,92.72000122070312,7
2026-06-10T23:40:00.000Z,CL,92.75,92.76000213623047,92.72000122070312,92.76000213623047,25
2026-06-10T23:41:00.000Z,CL,92.73999786376953,92.73999786376953,92.6500015258789,92.68000030517578,14
2026-06-10T23:42:00.000Z,CL,92.68000030517578,92.7300033569336,92.6500015258789,92.7300033569336,29
2026-06-10T23:43:00.000Z,CL,92.70999908447266,92.72000122070312,92.70999908447266,92.72000122070312,7
2026-06-10T23:44:00.000Z,CL,92.69999694824219,92.86000061035156,92.69999694824219,92.83999633789062,76
2026-06-10T23:45:00.000Z,CL,92.83000183105469,93.05000305175781,92.83000183105469,93.01000213623047,146
2026-06-10T23:46:00.000Z,CL,92.97000122070312,93.0,92.9000015258789,92.9000015258789,24
2026-06-10T23:47:00.000Z,CL,92.94000244140625,92.94000244140625,92.80000305175781,92.83999633789062,70
2026-06-10T23:48:00.000Z,CL,92.81999969482422,92.94000244140625,92.70999908447266,92.94000244140625,125
2026-06-10T23:49:00.000Z,CL,92.97000122070312,93.0,92.91999816894531,92.91999816894531,31
2026-06-10T23:50:00.000Z,CL,92.91999816894531,92.91999816894531,92.88999938964844,92.91000366210938,16
2026-06-10T23:51:00.000Z,CL,92.87999725341797,92.87999725341797,92.7300033569336,92.7300033569336,62
2026-06-10T23:52:00.000Z,CL,92.69999694824219,92.69999694824219,92.5999984741211,92.5999984741211,34
2026-06-10T23:53:00.000Z,CL,92.62999725341797,92.69000244140625,92.5999984741211,92.5999984741211,26
2026-06-10T23:54:00.000Z,CL,92.63999938964844,92.68000030517578,92.5999984741211,92.66000366210938,61
2026-06-10T23:55:00.000Z,CL,92.66999816894531,92.69000244140625,92.54000091552734,92.58999633789062,40
2026-06-10T23:56:00.000Z,CL,92.55999755859375,92.61000061035156,92.55000305175781,92.5999984741211,23
2026-06-10T23:57:00.000Z,CL,92.62999725341797,92.66000366210938,92.58000183105469,92.66000366210938,39
2026-06-10T23:58:00.000Z,CL,92.66999816894531,92.66999816894531,92.58999633789062,92.66000366210938,82
2026-06-10T23:59:00.000Z,CL,92.66000366210938,92.66000366210938,92.44999694824219,92.47000122070312,137
2026-06-11T00:00:00.000Z,CL,92.52999877929688,92.56999969482422,92.29000091552734,92.33000183105469,553
2026-06-11T00:01:00.000Z,CL,92.31999969482422,92.44999694824219,92.25,92.3499984741211,210
2026-06-11T00:02:00.000Z,CL,92.33999633789062,92.4000015258789,92.26000213623047,92.4000015258789,202
2026-06-11T00:03:00.000Z,CL,92.37999725341797,92.5199966430664,92.36000061035156,92.51000213623047,310
2026-06-11T00:04:00.000Z,CL,92.5,92.5999984741211,92.48999786376953,92.5999984741211,129
2026-06-11T00:05:00.000Z,CL,92.58999633789062,92.62999725341797,92.5,92.55999755859375,129
2026-06-11T00:06:00.000Z,CL,92.55999755859375,92.66999816894531,92.5,92.51000213623047,152
2026-06-11T00:07:00.000Z,CL,92.51000213623047,92.68000030517578,92.45999908447266,92.68000030517578,106
2026-06-11T00:08:00.000Z,CL,92.68000030517578,92.7300033569336,92.66999816894531,92.69000244140625,72
2026-06-11T00:09:00.000Z,CL,92.69000244140625,92.73999786376953,92.6500015258789,92.72000122070312,75
2026-06-11T00:10:00.000Z,CL,92.70999908447266,92.75,92.66000366210938,92.70999908447266,125
2026-06-11T00:11:00.000Z,CL,92.69999694824219,92.7300033569336,92.62999725341797,92.63999938964844,72
2026-06-11T00:12:00.000Z,CL,92.62000274658203,92.62999725341797,92.5,92.52999877929688,88
2026-06-11T00:13:00.000Z,CL,92.54000091552734,92.54000091552734,92.44999694824219,92.4800033569336,100
2026-06-11T00:14:00.000Z,CL,92.4800033569336,92.56999969482422,92.45999908447266,92.55999755859375,28
2026-06-11T00:15:00.000Z,CL,92.55999755859375,92.58000183105469,92.1500015258789,92.18000030517578,335
2026-06-11T00:16:00.000Z,CL,92.16999816894531,92.26000213623047,92.0999984741211,92.19999694824219,154
2026-06-11T00:17:00.000Z,CL,92.19999694824219,92.23999786376953,91.91000366210938,92.02999877929688,456
2026-06-11T00:18:00.000Z,CL,92.05000305175781,92.25,92.01000213623047,92.20999908447266,253
2026-06-11T00:19:00.000Z,CL,92.19999694824219,92.23999786376953,92.12999725341797,92.19999694824219,146
2026-06-11T00:20:00.000Z,CL,92.16999816894531,92.30000305175781,92.12999725341797,92.2699966430664,49
2026-06-11T00:21:00.000Z,CL,92.29000091552734,92.33000183105469,92.06999969482422,92.0999984741211,113
2026-06-11T00:22:00.000Z,CL,92.0999984741211,92.22000122070312,92.0999984741211,92.19999694824219,40
2026-06-11T00:23:00.000Z,CL,92.22000122070312,92.26000213623047,92.20999908447266,92.22000122070312,21
2026-06-11T00:24:00.000Z,CL,92.2300033569336,92.33999633789062,92.2300033569336,92.30999755859375,61
2026-06-11T00:25:00.000Z,CL,92.30000305175781,92.37000274658203,92.2699966430664,92.33999633789062,71
2026-06-11T00:26:00.000Z,CL,92.3499984741211,92.55000305175781,92.3499984741211,92.44999694824219,326
2026-06-11T00:27:00.000Z,CL,92.44999694824219,92.45999908447266,92.41000366210938,92.44000244140625,28
2026-06-11T00:28:00.000Z,CL,92.44000244140625,92.52999877929688,92.44000244140625,92.45999908447266,55
2026-06-11T00:29:00.000Z,CL,92.45999908447266,92.4800033569336,92.37000274658203,92.37000274658203,39
2026-06-11T00:30:00.000Z,CL,92.37999725341797,92.48999786376953,92.36000061035156,92.44999694824219,108
2026-06-11T00:31:00.000Z,CL,92.43000030517578,92.43000030517578,92.41000366210938,92.41000366210938,17
2026-06-11T00:32:00.000Z,CL,92.38999938964844,92.41000366210938,92.33000183105469,92.33999633789062,31
2026-06-11T00:33:00.000Z,CL,92.36000061035156,92.47000122070312,92.36000061035156,92.37999725341797,54
2026-06-11T00:34:00.000Z,CL,92.36000061035156,92.44999694824219,92.3499984741211,92.41000366210938,32
2026-06-11T00:35:00.000Z,CL,92.41000366210938,92.41999816894531,92.38999938964844,92.41000366210938,17
2026-06-11T00:36:00.000Z,CL,92.38999938964844,92.62000274658203,92.37999725341797,92.41000366210938,220
2026-06-11T00:37:00.000Z,CL,92.38999938964844,92.44000244140625,92.30000305175781,92.30000305175781,79
2026-06-11T00:38:00.000Z,CL,92.33000183105469,92.37999725341797,92.30000305175781,92.31999969482422,46
2026-06-11T00:39:00.000Z,CL,92.37000274658203,92.38999938964844,92.33999633789062,92.38999938964844,13
2026-06-11T00:40:00.000Z,CL,92.37999725341797,92.38999938964844,92.3499984741211,92.3499984741211,10
2026-06-11T00:41:00.000Z,CL,92.33999633789062,92.37999725341797,92.19000244140625,92.20999908447266,93
2026-06-11T00:42:00.000Z,CL,92.2300033569336,92.2300033569336,92.16999816894531,92.16999816894531,36
2026-06-11T00:43:00.000Z,CL,92.16999816894531,92.30000305175781,92.16999816894531,92.30000305175781,39
2026-06-11T00:44:00.000Z,CL,92.30999755859375,92.43000030517578,92.30999755859375,92.38999938964844,66
2026-06-11T00:45:00.000Z,CL,92.37999725341797,92.37999725341797,92.22000122070312,92.30000305175781,85
2026-06-11T00:46:00.000Z,CL,92.29000091552734,92.29000091552734,92.1500015258789,92.1500015258789,18
2026-06-11T00:47:00.000Z,CL,92.16999816894531,92.19999694824219,92.12999725341797,92.19999694824219,41
2026-06-11T00:48:00.000Z,CL,92.22000122070312,92.26000213623047,92.22000122070312,92.26000213623047,18
2026-06-11T00:49:00.000Z,CL,92.26000213623047,92.30999755859375,92.26000213623047,92.30000305175781,17
2026-06-11T00:50:00.000Z,CL,92.30999755859375,92.30999755859375,92.2699966430664,92.29000091552734,20
2026-06-11T00:51:00.000Z,CL,92.27999877929688,92.30999755859375,92.25,92.30999755859375,27
2026-06-11T00:52:00.000Z,CL,92.29000091552734,92.29000091552734,92.22000122070312,92.27999877929688,26
2026-06-11T00:53:00.000Z,CL,92.29000091552734,92.37000274658203,92.29000091552734,92.37000274658203,25
2026-06-11T00:54:00.000Z,CL,92.37999725341797,92.41999816894531,92.36000061035156,92.4000015258789,31
2026-06-11T00:55:00.000Z,CL,92.38999938964844,92.43000030517578,92.3499984741211,92.38999938964844,56
2026-06-11T00:56:00.000Z,CL,92.37999725341797,92.38999938964844,92.29000091552734,92.3499984741211,77
2026-06-11T00:57:00.000Z,CL,92.33999633789062,92.36000061035156,92.30999755859375,92.33000183105469,23
2026-06-11T00:58:00.000Z,CL,92.31999969482422,92.41999816894531,92.31999969482422,92.38999938964844,28
2026-06-11T00:59:00.000Z,CL,92.38999938964844,92.4000015258789,92.31999969482422,92.3499984741211,42
2026-06-11T01:00:00.000Z,CL,92.36000061035156,92.37999725341797,92.1500015258789,92.3499984741211,241
2026-06-11T01:01:00.000Z,CL,92.33999633789062,92.33999633789062,92.18000030517578,92.2300033569336,80
2026-06-11T01:02:00.000Z,CL,92.19000244140625,92.19999694824219,92.11000061035156,92.19000244140625,75
2026-06-11T01:03:00.000Z,CL,92.25,92.25,92.12000274658203,92.19999694824219,138
2026-06-11T01:04:00.000Z,CL,92.19999694824219,92.25,91.5199966430664,91.9800033569336,937
2026-06-11T01:05:00.000Z,CL,92.01000213623047,92.08000183105469,91.94999694824219,92.06999969482422,169
2026-06-11T01:06:00.000Z,CL,92.06999969482422,92.16000366210938,92.05999755859375,92.13999938964844,125
2026-06-11T01:07:00.000Z,CL,92.1500015258789,92.30000305175781,92.0999984741211,92.16999816894531,249
2026-06-11T01:08:00.000Z,CL,92.16000366210938,92.16000366210938,92.0199966430664,92.05000305175781,84
2026-06-11T01:09:00.000Z,CL,92.04000091552734,92.05999755859375,91.95999908447266,92.02999877929688,105
2026-06-11T01:10:00.000Z,CL,92.05000305175781,92.05999755859375,91.81999969482422,91.87000274658203,189
2026-06-11T01:11:00.000Z,CL,91.87000274658203,91.87999725341797,91.79000091552734,91.80000305175781,99
2026-06-11T01:12:00.000Z,CL,91.80999755859375,91.86000061035156,91.77999877929688,91.80999755859375,70
2026-06-11T01:13:00.000Z,CL,91.81999969482422,91.8499984741211,91.69000244140625,91.72000122070312,147
2026-06-11T01:14:00.000Z,CL,91.72000122070312,91.79000091552734,91.69999694824219,91.76000213623047,59
2026-06-11T01:15:00.000Z,CL,91.7699966430664,91.80999755859375,91.69000244140625,91.79000091552734,89
2026-06-11T01:16:00.000Z,CL,91.80000305175781,91.80999755859375,91.72000122070312,91.72000122070312,56
2026-06-11T01:17:00.000Z,CL,91.7300033569336,91.83000183105469,91.72000122070312,91.75,147
2026-06-11T01:18:00.000Z,CL,91.76000213623047,91.76000213623047,91.66000366210938,91.73999786376953,63
2026-06-11T01:19:00.000Z,CL,91.75,91.77999877929688,91.66000366210938,91.66000366210938,63
2026-06-11T01:20:00.000Z,CL,91.66999816894531,91.72000122070312,91.6500015258789,91.70999908447266,58
2026-06-11T01:21:00.000Z,CL,91.70999908447266,91.81999969482422,91.69000244140625,91.80999755859375,70
2026-06-11T01:22:00.000Z,CL,91.80999755859375,91.83999633789062,91.79000091552734,91.79000091552734,45
2026-06-11T01:23:00.000Z,CL,91.83000183105469,91.83000183105469,91.70999908447266,91.75,69
2026-06-11T01:24:00.000Z,CL,91.75,91.76000213623047,91.70999908447266,91.72000122070312,15
2026-06-11T01:25:00.000Z,CL,91.70999908447266,91.7300033569336,91.61000061035156,91.63999938964844,128
2026-06-11T01:26:00.000Z,CL,91.66000366210938,91.66999816894531,91.56999969482422,91.62999725341797,110
2026-06-11T01:27:00.000Z,CL,91.66999816894531,91.66999816894531,91.56999969482422,91.56999969482422,27
2026-06-11T01:28:00.000Z,CL,91.58000183105469,91.58000183105469,91.5199966430664,91.55000305175781,61
2026-06-11T01:29:00.000Z,CL,91.58999633789062,91.58999633789062,91.5,91.55999755859375,122
2026-06-11T01:30:00.000Z,CL,91.58000183105469,91.68000030517578,91.55000305175781,91.6500015258789,52
2026-06-11T01:31:00.000Z,CL,91.62999725341797,91.63999938964844,91.55000305175781,91.55999755859375,40
2026-06-11T01:32:00.000Z,CL,91.56999969482422,91.56999969482422,91.44999694824219,91.5,55
2026-06-11T01:33:00.000Z,CL,91.5199966430664,91.58999633789062,91.5199966430664,91.52999877929688,32
2026-06-11T01:34:00.000Z,CL,91.5199966430664,91.5199966430664,91.41999816894531,91.4800033569336,57
2026-06-11T01:35:00.000Z,CL,91.5,91.5199966430664,91.30000305175781,91.33999633789062,140
2026-06-11T01:36:00.000Z,CL,91.33999633789062,91.41999816894531,91.31999969482422,91.41999816894531,137
2026-06-11T01:37:00.000Z,CL,91.43000030517578,91.43000030517578,91.31999969482422,91.33000183105469,43
2026-06-11T01:38:00.000Z,CL,91.33999633789062,91.4000015258789,91.25,91.2699966430664,103
2026-06-11T01:39:00.000Z,CL,91.27999877929688,91.37999725341797,91.2699966430664,91.27999877929688,53
2026-06-11T01:40:00.000Z,CL,91.30000305175781,91.3499984741211,91.2300033569336,91.2300033569336,83
2026-06-11T01:41:00.000Z,CL,91.2699966430664,91.31999969482422,91.19999694824219,91.30999755859375,86
2026-06-11T01:42:00.000Z,CL,91.31999969482422,91.36000061035156,91.26000213623047,91.3499984741211,70
2026-06-11T01:43:00.000Z,CL,91.36000061035156,91.4000015258789,91.3499984741211,91.37000274658203,51
2026-06-11T01:44:00.000Z,CL,91.3499984741211,91.4000015258789,91.30999755859375,91.4000015258789,38
2026-06-11T01:45:00.000Z,CL,91.38999938964844,91.47000122070312,91.38999938964844,91.47000122070312,54
2026-06-11T01:46:00.000Z,CL,91.4800033569336,91.5,91.44000244140625,91.44999694824219,51
2026-06-11T01:47:00.000Z,CL,91.44000244140625,91.44999694824219,91.38999938964844,91.44999694824219,26
2026-06-11T01:48:00.000Z,CL,91.45999908447266,91.5,91.44999694824219,91.4800033569336,48
2026-06-11T01:49:00.000Z,CL,91.5,91.54000091552734,91.4800033569336,91.51000213623047,23
2026-06-11T01:50:00.000Z,CL,91.55000305175781,91.56999969482422,91.5199966430664,91.52999877929688,29
2026-06-11T01:51:00.000Z,CL,91.52999877929688,91.61000061035156,91.5199966430664,91.58000183105469,26
2026-06-11T01:52:00.000Z,CL,91.58000183105469,91.58000183105469,91.54000091552734,91.55999755859375,29
2026-06-11T01:53:00.000Z,CL,91.56999969482422,91.58000183105469,91.55000305175781,91.55999755859375,36
2026-06-11T01:54:00.000Z,CL,91.55999755859375,91.55999755859375,91.52999877929688,91.52999877929688,17
2026-06-11T01:55:00.000Z,CL,91.5199966430664,91.68000030517578,91.5199966430664,91.66000366210938,185
2026-06-11T01:56:00.000Z,CL,91.69000244140625,91.69000244140625,91.63999938964844,91.6500015258789,27
2026-06-11T01:57:00.000Z,CL,91.62000274658203,91.66999816894531,91.58999633789062,91.66999816894531,36
2026-06-11T01:58:00.000Z,CL,91.66000366210938,91.69999694824219,91.6500015258789,91.6500015258789,26
2026-06-11T01:59:00.000Z,CL,91.6500015258789,91.66000366210938,91.62000274658203,91.6500015258789,13
2026-06-11T02:00:00.000Z,CL,91.63999938964844,91.6500015258789,91.58000183105469,91.58999633789062,24
2026-06-11T02:01:00.000Z,CL,91.58000183105469,91.5999984741211,91.55999755859375,91.58999633789062,30
2026-06-11T02:02:00.000Z,CL,91.52999877929688,91.54000091552734,91.5,91.5199966430664,16
2026-06-11T02:03:00.000Z,CL,91.51000213623047,91.52999877929688,91.5,91.5199966430664,19
2026-06-11T02:04:00.000Z,CL,91.51000213623047,91.51000213623047,91.45999908447266,91.47000122070312,30
2026-06-11T02:05:00.000Z,CL,91.47000122070312,91.5199966430664,91.44000244140625,91.51000213623047,25
2026-06-11T02:06:00.000Z,CL,91.5199966430664,91.54000091552734,91.4800033569336,91.52999877929688,26
2026-06-11T02:07:00.000Z,CL,91.54000091552734,91.54000091552734,91.4800033569336,91.4800033569336,14
2026-06-11T02:08:00.000Z,CL,91.5,91.5,91.44000244140625,91.44000244140625,34
2026-06-11T02:09:00.000Z,CL,91.44999694824219,91.4800033569336,91.44999694824219,91.47000122070312,18
2026-06-11T02:10:00.000Z,CL,91.47000122070312,91.4800033569336,91.44000244140625,91.4800033569336,30
2026-06-11T02:11:00.000Z,CL,91.4800033569336,91.5,91.45999908447266,91.48999786376953,33
2026-06-11T02:12:00.000Z,CL,91.5,91.5,91.44999694824219,91.45999908447266,37
2026-06-11T02:13:00.000Z,CL,91.47000122070312,91.56999969482422,91.47000122070312,91.55999755859375,53
2026-06-11T02:14:00.000Z,CL,91.55999755859375,91.69999694824219,91.55999755859375,91.69999694824219,47
2026-06-11T02:15:00.000Z,CL,91.69999694824219,91.73999786376953,91.69000244140625,91.73999786376953,50
2026-06-11T02:16:00.000Z,CL,91.7699966430664,91.77999877929688,91.73999786376953,91.75,24
2026-06-11T02:17:00.000Z,CL,91.73999786376953,91.75,91.66999816894531,91.68000030517578,44
2026-06-11T02:18:00.000Z,CL,91.68000030517578,91.70999908447266,91.66000366210938,91.69999694824219,13
2026-06-11T02:19:00.000Z,CL,91.69000244140625,91.75,91.69000244140625,91.7300033569336,13
2026-06-11T02:20:00.000Z,CL,91.73999786376953,91.80999755859375,91.73999786376953,91.77999877929688,28
2026-06-11T02:21:00.000Z,CL,91.79000091552734,91.8499984741211,91.79000091552734,91.8499984741211,32
2026-06-11T02:22:00.000Z,CL,91.81999969482422,91.88999938964844,91.81999969482422,91.87000274658203,41
2026-06-11T02:23:00.000Z,CL,91.87000274658203,91.91000366210938,91.83999633789062,91.91000366210938,57
2026-06-11T02:24:00.000Z,CL,91.88999938964844,91.9000015258789,91.8499984741211,91.88999938964844,35
2026-06-11T02:25:00.000Z,CL,91.88999938964844,91.93000030517578,91.88999938964844,91.93000030517578,30
2026-06-11T02:26:00.000Z,CL,91.94000244140625,91.94000244140625,91.9000015258789,91.9000015258789,24
2026-06-11T02:27:00.000Z,CL,91.91999816894531,91.94999694824219,91.88999938964844,91.9000015258789,59
2026-06-11T02:28:00.000Z,CL,91.91000366210938,91.91999816894531,91.86000061035156,91.87999725341797,61
2026-06-11T02:29:00.000Z,CL,91.87999725341797,91.98999786376953,91.8499984741211,91.86000061035156,98
2026-06-11T02:30:00.000Z,CL,91.8499984741211,91.87000274658203,91.7699966430664,91.86000061035156,78
2026-06-11T02:31:00.000Z,CL,91.8499984741211,91.9000015258789,91.8499984741211,91.87999725341797,17
2026-06-11T02:32:00.000Z,CL,91.86000061035156,91.86000061035156,91.80999755859375,91.80999755859375,6
2026-06-11T02:33:00.000Z,CL,91.76000213623047,91.76000213623047,91.6500015258789,91.68000030517578,47
2026-06-11T02:34:00.000Z,CL,91.69000244140625,91.69000244140625,91.5999984741211,91.5999984741211,33
2026-06-11T02:35:00.000Z,CL,91.5999984741211,91.61000061035156,91.55999755859375,91.5999984741211,25
2026-06-11T02:36:00.000Z,CL,91.58000183105469,91.63999938964844,91.58000183105469,91.61000061035156,17
2026-06-11T02:37:00.000Z,CL,91.62000274658203,91.62000274658203,91.5999984741211,91.62000274658203,19
2026-06-11T02:38:00.000Z,CL,91.62999725341797,91.68000030517578,91.5999984741211,91.62000274658203,80
2026-06-11T02:39:00.000Z,CL,91.66000366210938,91.70999908447266,91.66000366210938,91.70999908447266,12
2026-06-11T02:40:00.000Z,CL,91.72000122070312,91.77999877929688,91.69999694824219,91.75,19
2026-06-11T02:41:00.000Z,CL,91.77999877929688,91.79000091552734,91.75,91.76000213623047,21
2026-06-11T02:42:00.000Z,CL,91.76000213623047,91.76000213623047,91.70999908447266,91.73999786376953,14
2026-06-11T02:43:00.000Z,CL,91.76000213623047,91.76000213623047,91.76000213623047,91.76000213623047,1
2026-06-11T02:44:00.000Z,CL,91.7699966430664,91.77999877929688,91.7699966430664,91.7699966430664,10
2026-06-11T02:45:00.000Z,CL,91.77999877929688,91.8499984741211,91.76000213623047,91.76000213623047,34
2026-06-11T02:46:00.000Z,CL,91.76000213623047,91.77999877929688,91.70999908447266,91.72000122070312,18
2026-06-11T02:47:00.000Z,CL,91.7300033569336,91.73999786376953,91.69999694824219,91.69999694824219,7
2026-06-11T02:48:00.000Z,CL,91.69999694824219,91.73999786376953,91.69999694824219,91.73999786376953,4
2026-06-11T02:49:00.000Z,CL,91.69000244140625,91.72000122070312,91.68000030517578,91.72000122070312,12
2026-06-11T02:50:00.000Z,CL,91.72000122070312,91.75,91.70999908447266,91.7300033569336,15
2026-06-11T02:51:00.000Z,CL,91.70999908447266,91.73999786376953,91.66999816894531,91.69000244140625,33
2026-06-11T02:52:00.000Z,CL,91.7300033569336,91.75,91.72000122070312,91.72000122070312,12
2026-06-11T02:53:00.000Z,CL,91.69999694824219,91.69999694824219,91.69000244140625,91.69000244140625,2
2026-06-11T02:54:00.000Z,CL,91.66000366210938,91.68000030517578,91.66000366210938,91.66999816894531,8
2026-06-11T02:55:00.000Z,CL,91.68000030517578,91.69000244140625,91.5999984741211,91.5999984741211,30
2026-06-11T02:56:00.000Z,CL,91.58000183105469,91.5999984741211,91.5199966430664,91.56999969482422,39
2026-06-11T02:57:00.000Z,CL,91.56999969482422,91.56999969482422,91.5,91.54000091552734,44
2026-06-11T02:58:00.000Z,CL,91.55000305175781,91.55000305175781,91.45999908447266,91.5,23
2026-06-11T02:59:00.000Z,CL,91.5199966430664,91.56999969482422,91.5199966430664,91.56999969482422,18
2026-06-11T03:00:00.000Z,CL,91.55999755859375,91.58000183105469,91.54000091552734,91.56999969482422,16
2026-06-11T03:01:00.000Z,CL,91.55999755859375,91.5999984741211,91.55999755859375,91.58999633789062,9
2026-06-11T03:02:00.000Z,CL,91.58999633789062,91.5999984741211,91.56999969482422,91.56999969482422,4
2026-06-11T03:03:00.000Z,CL,91.55999755859375,91.58000183105469,91.55000305175781,91.58000183105469,9
2026-06-11T03:04:00.000Z,CL,91.56999969482422,91.56999969482422,91.56999969482422,91.56999969482422,4
2026-06-11T03:05:00.000Z,CL,91.58000183105469,91.5999984741211,91.55000305175781,91.58000183105469,6
2026-06-11T03:06:00.000Z,CL,91.58999633789062,91.66999816894531,91.58999633789062,91.66000366210938,16
2026-06-11T03:07:00.000Z,CL,91.68000030517578,91.69000244140625,91.6500015258789,91.66999816894531,24
2026-06-11T03:08:00.000Z,CL,91.66999816894531,91.69000244140625,91.6500015258789,91.66999816894531,18
2026-06-11T03:09:00.000Z,CL,91.66999816894531,91.66999816894531,91.66999816894531,91.66999816894531,1
2026-06-11T03:10:00.000Z,CL,91.66000366210938,91.66999816894531,91.6500015258789,91.6500015258789,12
2026-06-11T03:11:00.000Z,CL,91.63999938964844,91.66000366210938,91.63999938964844,91.6500015258789,16
2026-06-11T03:12:00.000Z,CL,91.66999816894531,91.7300033569336,91.66999816894531,91.72000122070312,24
2026-06-11T03:13:00.000Z,CL,91.70999908447266,91.73999786376953,91.70999908447266,91.73999786376953,11
2026-06-11T03:14:00.000Z,CL,91.7300033569336,91.7300033569336,91.72000122070312,91.72000122070312,23
2026-06-11T03:15:00.000Z,CL,91.70999908447266,91.76000213623047,91.68000030517578,91.69000244140625,98
2026-06-11T03:16:00.000Z,CL,91.68000030517578,91.68000030517578,91.6500015258789,91.6500015258789,6
2026-06-11T03:17:00.000Z,CL,91.63999938964844,91.68000030517578,91.61000061035156,91.66000366210938,31
2026-06-11T03:18:00.000Z,CL,91.66000366210938,91.66000366210938,91.6500015258789,91.66000366210938,7
2026-06-11T03:19:00.000Z,CL,91.66999816894531,91.68000030517578,91.63999938964844,91.68000030517578,18
2026-06-11T03:20:00.000Z,CL,91.69000244140625,91.72000122070312,91.68000030517578,91.68000030517578,59
2026-06-11T03:21:00.000Z,CL,91.66999816894531,91.7699966430664,91.66000366210938,91.7699966430664,37
2026-06-11T03:22:00.000Z,CL,91.77999877929688,91.81999969482422,91.77999877929688,91.80000305175781,32
2026-06-11T03:23:00.000Z,CL,91.81999969482422,91.8499984741211,91.81999969482422,91.8499984741211,28
2026-06-11T03:24:00.000Z,CL,91.86000061035156,91.87000274658203,91.86000061035156,91.87000274658203,14
2026-06-11T03:25:00.000Z,CL,91.87000274658203,91.91999816894531,91.86000061035156,91.88999938964844,49
2026-06-11T03:26:00.000Z,CL,91.88999938964844,91.94000244140625,91.88999938964844,91.93000030517578,53
2026-06-11T03:27:00.000Z,CL,91.93000030517578,91.94999694824219,91.91999816894531,91.93000030517578,26
2026-06-11T03:28:00.000Z,CL,91.91999816894531,91.91999816894531,91.8499984741211,91.86000061035156,36
2026-06-11T03:29:00.000Z,CL,91.86000061035156,91.9000015258789,91.83999633789062,91.87000274658203,77
2026-06-11T03:30:00.000Z,CL,91.87000274658203,91.87999725341797,91.8499984741211,91.86000061035156,33
2026-06-11T03:31:00.000Z,CL,91.86000061035156,91.86000061035156,91.79000091552734,91.80000305175781,30
2026-06-11T03:32:00.000Z,CL,91.79000091552734,91.80999755859375,91.7699966430664,91.7699966430664,11
2026-06-11T03:33:00.000Z,CL,91.7699966430664,91.80000305175781,91.76000213623047,91.77999877929688,19
2026-06-11T03:34:00.000Z,CL,91.77999877929688,91.79000091552734,91.77999877929688,91.77999877929688,6
2026-06-11T03:35:00.000Z,CL,91.80000305175781,91.83999633789062,91.79000091552734,91.83999633789062,18
2026-06-11T03:36:00.000Z,CL,91.8499984741211,91.94000244140625,91.83999633789062,91.91999816894531,47
2026-06-11T03:37:00.000Z,CL,91.91999816894531,91.97000122070312,91.91999816894531,91.97000122070312,23
2026-06-11T03:38:00.000Z,CL,91.94999694824219,91.95999908447266,91.94000244140625,91.95999908447266,13
2026-06-11T03:39:00.000Z,CL,91.94000244140625,91.97000122070312,91.94000244140625,91.94999694824219,14
2026-06-11T03:40:00.000Z,CL,91.94999694824219,92.05999755859375,91.94000244140625,92.05000305175781,80
2026-06-11T03:41:00.000Z,CL,92.04000091552734,92.08999633789062,92.04000091552734,92.05999755859375,38
2026-06-11T03:42:00.000Z,CL,92.06999969482422,92.11000061035156,92.04000091552734,92.05000305175781,40
2026-06-11T03:43:00.000Z,CL,92.04000091552734,92.08000183105469,92.04000091552734,92.05999755859375,34
2026-06-11T03:44:00.000Z,CL,92.08000183105469,92.08000183105469,92.0199966430664,92.02999877929688,19
2026-06-11T03:45:00.000Z,CL,92.02999877929688,92.02999877929688,91.95999908447266,91.95999908447266,47
2026-06-11T03:46:00.000Z,CL,91.9800033569336,92.01000213623047,91.94000244140625,92.01000213623047,34
2026-06-11T03:47:00.000Z,CL,91.9800033569336,91.9800033569336,91.9000015258789,91.91999816894531,16
2026-06-11T03:48:00.000Z,CL,91.93000030517578,91.93000030517578,91.83999633789062,91.8499984741211,37
2026-06-11T03:49:00.000Z,CL,91.8499984741211,91.87000274658203,91.83999633789062,91.86000061035156,17
2026-06-11T03:50:00.000Z,CL,91.86000061035156,91.87999725341797,91.75,91.7699966430664,55
2026-06-11T03:51:00.000Z,CL,91.80000305175781,91.80999755859375,91.77999877929688,91.79000091552734,21
2026-06-11T03:52:00.000Z,CL,91.77999877929688,91.81999969482422,91.77999877929688,91.80000305175781,14
2026-06-11T03:53:00.000Z,CL,91.77999877929688,91.77999877929688,91.69999694824219,91.77999877929688,67
2026-06-11T03:54:00.000Z,CL,91.79000091552734,91.81999969482422,91.79000091552734,91.80999755859375,26
2026-06-11T03:55:00.000Z,CL,91.80999755859375,91.8499984741211,91.80999755859375,91.8499984741211,13
2026-06-11T03:56:00.000Z,CL,91.87000274658203,91.87000274658203,91.8499984741211,91.86000061035156,5
2026-06-11T03:57:00.000Z,CL,91.81999969482422,91.83000183105469,91.80999755859375,91.83000183105469,6
2026-06-11T03:58:00.000Z,CL,91.81999969482422,91.81999969482422,91.79000091552734,91.80999755859375,18
2026-06-11T04:00:00.000Z,CL,91.81999969482422,91.86000061035156,91.81999969482422,91.83999633789062,19
2026-06-11T04:01:00.000Z,CL,91.86000061035156,91.88999938964844,91.86000061035156,91.87999725341797,12
2026-06-11T04:02:00.000Z,CL,91.86000061035156,91.87999725341797,91.86000061035156,91.87999725341797,5
2026-06-11T04:03:00.000Z,CL,91.88999938964844,91.94000244140625,91.88999938964844,91.93000030517578,33
2026-06-11T04:04:00.000Z,CL,91.93000030517578,91.93000030517578,91.93000030517578,91.93000030517578,3
2026-06-11T04:05:00.000Z,CL,91.9000015258789,91.91000366210938,91.9000015258789,91.91000366210938,4
2026-06-11T04:06:00.000Z,CL,91.9000015258789,91.9000015258789,91.87999725341797,91.88999938964844,15
2026-06-11T04:07:00.000Z,CL,91.9000015258789,91.94999694824219,91.9000015258789,91.93000030517578,24
2026-06-11T04:08:00.000Z,CL,91.94000244140625,91.94999694824219,91.94000244140625,91.94999694824219,5
2026-06-11T04:09:00.000Z,CL,91.94000244140625,91.94999694824219,91.87000274658203,91.87000274658203,24
2026-06-11T04:10:00.000Z,CL,91.87999725341797,91.87999725341797,91.83000183105469,91.8499984741211,26
2026-06-11T04:11:00.000Z,CL,91.83999633789062,91.83999633789062,91.81999969482422,91.81999969482422,3
2026-06-11T04:12:00.000Z,CL,91.80999755859375,91.81999969482422,91.7699966430664,91.80000305175781,47
2026-06-11T04:13:00.000Z,CL,91.77999877929688,91.81999969482422,91.77999877929688,91.81999969482422,7
2026-06-11T04:14:00.000Z,CL,91.81999969482422,91.83000183105469,91.80999755859375,91.83000183105469,15
2026-06-11T04:15:00.000Z,CL,91.83999633789062,91.83999633789062,91.79000091552734,91.79000091552734,39
2026-06-11T04:16:00.000Z,CL,91.80000305175781,91.80000305175781,91.77999877929688,91.80000305175781,3
2026-06-11T04:17:00.000Z,CL,91.77999877929688,91.81999969482422,91.7699966430664,91.7699966430664,27
2026-06-11T04:18:00.000Z,CL,91.79000091552734,91.80000305175781,91.7699966430664,91.7699966430664,10
2026-06-11T04:19:00.000Z,CL,91.76000213623047,91.76000213623047,91.70999908447266,91.7300033569336,35
2026-06-11T04:20:00.000Z,CL,91.7300033569336,91.7699966430664,91.61000061035156,91.61000061035156,84
2026-06-11T04:21:00.000Z,CL,91.62000274658203,91.6500015258789,91.58999633789062,91.63999938964844,39
2026-06-11T04:22:00.000Z,CL,91.62999725341797,91.69000244140625,91.62000274658203,91.66000366210938,23
2026-06-11T04:23:00.000Z,CL,91.6500015258789,91.6500015258789,91.61000061035156,91.61000061035156,5
2026-06-11T04:24:00.000Z,CL,91.63999938964844,91.6500015258789,91.63999938964844,91.63999938964844,4
2026-06-11T04:25:00.000Z,CL,91.66000366210938,91.69000244140625,91.62000274658203,91.62000274658203,26
2026-06-11T04:26:00.000Z,CL,91.61000061035156,91.63999938964844,91.5999984741211,91.61000061035156,17
2026-06-11T04:27:00.000Z,CL,91.62000274658203,91.62999725341797,91.62000274658203,91.62000274658203,3
2026-06-11T04:28:00.000Z,CL,91.62000274658203,91.72000122070312,91.5999984741211,91.66999816894531,90
2026-06-11T04:29:00.000Z,CL,91.6500015258789,91.6500015258789,91.61000061035156,91.61000061035156,25
2026-06-11T04:30:00.000Z,CL,91.62000274658203,91.62000274658203,91.58999633789062,91.61000061035156,8
2026-06-11T04:31:00.000Z,CL,91.62000274658203,91.66000366210938,91.61000061035156,91.61000061035156,41
2026-06-11T04:33:00.000Z,CL,91.62999725341797,91.6500015258789,91.61000061035156,91.62999725341797,9
2026-06-11T04:34:00.000Z,CL,91.63999938964844,91.69999694824219,91.63999938964844,91.66000366210938,44
2026-06-11T04:35:00.000Z,CL,91.66999816894531,91.66999816894531,91.66000366210938,91.66000366210938,10
2026-06-11T04:36:00.000Z,CL,91.6500015258789,91.66999816894531,91.62999725341797,91.62999725341797,9
2026-06-11T04:37:00.000Z,CL,91.63999938964844,91.63999938964844,91.62000274658203,91.62999725341797,5
2026-06-11T04:38:00.000Z,CL,91.62999725341797,91.62999725341797,91.48999786376953,91.51000213623047,174
2026-06-11T04:39:00.000Z,CL,91.5199966430664,91.5199966430664,91.45999908447266,91.45999908447266,181
2026-06-11T04:40:00.000Z,CL,91.45999908447266,91.47000122070312,91.4000015258789,91.44000244140625,62
2026-06-11T04:41:00.000Z,CL,91.44000244140625,91.44000244140625,91.23999786376953,91.25,166
2026-06-11T04:42:00.000Z,CL,91.25,91.2699966430664,91.1500015258789,91.2699966430664,102
2026-06-11T04:43:00.000Z,CL,91.2699966430664,91.30999755859375,91.16000366210938,91.18000030517578,86
2026-06-11T04:44:00.000Z,CL,91.16000366210938,91.26000213623047,91.12000274658203,91.23999786376953,78
2026-06-11T04:45:00.000Z,CL,91.2300033569336,91.23999786376953,91.13999938964844,91.18000030517578,39
2026-06-11T04:46:00.000Z,CL,91.19999694824219,91.26000213623047,91.05999755859375,91.12000274658203,173
2026-06-11T04:47:00.000Z,CL,91.12000274658203,91.1500015258789,91.0,91.05999755859375,188
2026-06-11T04:48:00.000Z,CL,91.05000305175781,91.12000274658203,91.04000091552734,91.08999633789062,47
2026-06-11T04:49:00.000Z,CL,91.08999633789062,91.12000274658203,91.06999969482422,91.06999969482422,17
2026-06-11T04:50:00.000Z,CL,91.08000183105469,91.0999984741211,91.0,91.05999755859375,114
2026-06-11T04:51:00.000Z,CL,91.06999969482422,91.1500015258789,91.06999969482422,91.1500015258789,54
2026-06-11T04:52:00.000Z,CL,91.16000366210938,91.16000366210938,91.0999984741211,91.0999984741211,8
2026-06-11T04:53:00.000Z,CL,91.11000061035156,91.12000274658203,91.05999755859375,91.05999755859375,35
2026-06-11T04:54:00.000Z,CL,91.08999633789062,91.12000274658203,91.08999633789062,91.0999984741211,34
2026-06-11T04:55:00.000Z,CL,91.0999984741211,91.16000366210938,91.0999984741211,91.1500015258789,16
2026-06-11T04:56:00.000Z,CL,91.12000274658203,91.16000366210938,91.12000274658203,91.13999938964844,18
2026-06-11T04:57:00.000Z,CL,91.12999725341797,91.12999725341797,91.12999725341797,91.12999725341797,3
2026-06-11T04:58:00.000Z,CL,91.12000274658203,91.1500015258789,91.12000274658203,91.12999725341797,21
2026-06-11T04:59:00.000Z,CL,91.16000366210938,91.16000366210938,91.11000061035156,91.11000061035156,24
2026-06-11T05:00:00.000Z,CL,91.0999984741211,91.16999816894531,91.0999984741211,91.12999725341797,26
2026-06-11T05:01:00.000Z,CL,91.12000274658203,91.12999725341797,91.06999969482422,91.08999633789062,19
2026-06-11T05:02:00.000Z,CL,91.08000183105469,91.1500015258789,91.06999969482422,91.06999969482422,26
2026-06-11T05:03:00.000Z,CL,91.06999969482422,91.12999725341797,91.06999969482422,91.12999725341797,11
2026-06-11T05:04:00.000Z,CL,91.12000274658203,91.13999938964844,91.12000274658203,91.12999725341797,30
2026-06-11T05:05:00.000Z,CL,91.12000274658203,91.1500015258789,91.11000061035156,91.1500015258789,23
2026-06-11T05:06:00.000Z,CL,91.16000366210938,91.16999816894531,91.1500015258789,91.16999816894531,11
2026-06-11T05:07:00.000Z,CL,91.1500015258789,91.16999816894531,91.13999938964844,91.16999816894531,14
2026-06-11T05:08:00.000Z,CL,91.18000030517578,91.19000244140625,91.01000213623047,91.05000305175781,82
2026-06-11T05:09:00.000Z,CL,91.06999969482422,91.06999969482422,90.94999694824219,90.97000122070312,32
2026-06-11T05:10:00.000Z,CL,91.01000213623047,91.02999877929688,90.91999816894531,91.02999877929688,174
2026-06-11T05:11:00.000Z,CL,91.05000305175781,91.06999969482422,91.05000305175781,91.05999755859375,12
2026-06-11T05:12:00.000Z,CL,91.06999969482422,91.11000061035156,91.06999969482422,91.08000183105469,24
2026-06-11T05:13:00.000Z,CL,91.05000305175781,91.12000274658203,91.05000305175781,91.11000061035156,11
2026-06-11T05:14:00.000Z,CL,91.08999633789062,91.08999633789062,91.05999755859375,91.08999633789062,14
2026-06-11T05:15:00.000Z,CL,91.08000183105469,91.11000061035156,91.08000183105469,91.0999984741211,8
2026-06-11T05:16:00.000Z,CL,91.12000274658203,91.12000274658203,91.0999984741211,91.12000274658203,16
2026-06-11T05:17:00.000Z,CL,91.12999725341797,91.12999725341797,91.11000061035156,91.11000061035156,8
2026-06-11T05:18:00.000Z,CL,91.0999984741211,91.12000274658203,91.0999984741211,91.12000274658203,5
2026-06-11T05:19:00.000Z,CL,91.11000061035156,91.11000061035156,91.06999969482422,91.08000183105469,6
2026-06-11T05:20:00.000Z,CL,91.08000183105469,91.08000183105469,90.9800033569336,90.9800033569336,24
2026-06-11T05:21:00.000Z,CL,91.01000213623047,91.01000213623047,90.83000183105469,90.88999938964844,114
2026-06-11T05:22:00.000Z,CL,90.88999938964844,90.94999694824219,90.87000274658203,90.91999816894531,48
2026-06-11T05:23:00.000Z,CL,90.93000030517578,90.94999694824219,90.93000030517578,90.94999694824219,4
2026-06-11T05:24:00.000Z,CL,90.97000122070312,90.9800033569336,90.86000061035156,90.91000366210938,33
2026-06-11T05:25:00.000Z,CL,90.91000366210938,90.94999694824219,90.9000015258789,90.94999694824219,10
2026-06-11T05:26:00.000Z,CL,90.91999816894531,90.91999816894531,90.81999969482422,90.87000274658203,55
2026-06-11T05:27:00.000Z,CL,90.87999725341797,90.87999725341797,90.7699966430664,90.86000061035156,80
2026-06-11T05:28:00.000Z,CL,90.87999725341797,90.97000122070312,90.87999725341797,90.93000030517578,53
2026-06-11T05:29:00.000Z,CL,90.93000030517578,90.97000122070312,90.91999816894531,90.97000122070312,18
2026-06-11T05:30:00.000Z,CL,90.94000244140625,90.94000244140625,90.69000244140625,90.8499984741211,142
2026-06-11T05:31:00.000Z,CL,90.86000061035156,90.9000015258789,90.8499984741211,90.88999938964844,32
2026-06-11T05:32:00.000Z,CL,90.88999938964844,90.88999938964844,90.83999633789062,90.83999633789062,25
2026-06-11T05:33:00.000Z,CL,90.83999633789062,90.83999633789062,90.75,90.80000305175781,37
2026-06-11T05:34:00.000Z,CL,90.77999877929688,90.79000091552734,90.72000122070312,90.72000122070312,57
2026-06-11T05:35:00.000Z,CL,90.69999694824219,90.83000183105469,90.69999694824219,90.80000305175781,50
2026-06-11T05:36:00.000Z,CL,90.79000091552734,90.83999633789062,90.76000213623047,90.80000305175781,23
2026-06-11T05:37:00.000Z,CL,90.79000091552734,90.80000305175781,90.77999877929688,90.79000091552734,20
2026-06-11T05:38:00.000Z,CL,90.80000305175781,90.83999633789062,90.80000305175781,90.83999633789062,31
2026-06-11T05:39:00.000Z,CL,90.83999633789062,90.83999633789062,90.83999633789062,90.83999633789062,3
2026-06-11T05:40:00.000Z,CL,90.80000305175781,90.80000305175781,90.66999816894531,90.68000030517578,46
2026-06-11T05:41:00.000Z,CL,90.69000244140625,90.73999786376953,90.69000244140625,90.7300033569336,18
2026-06-11T05:42:00.000Z,CL,90.75,90.77999877929688,90.66000366210938,90.69000244140625,36
2026-06-11T05:43:00.000Z,CL,90.68000030517578,90.68000030517578,90.58000183105469,90.63999938964844,376
2026-06-11T05:44:00.000Z,CL,90.6500015258789,90.70999908447266,90.62999725341797,90.63999938964844,77
2026-06-11T05:45:00.000Z,CL,90.6500015258789,90.69999694824219,90.61000061035156,90.68000030517578,35
2026-06-11T05:46:00.000Z,CL,90.68000030517578,90.68000030517578,90.56999969482422,90.5999984741211,33
2026-06-11T05:47:00.000Z,CL,90.58999633789062,90.62999725341797,90.58999633789062,90.58999633789062,10
2026-06-11T05:48:00.000Z,CL,90.55999755859375,90.58000183105469,90.44000244140625,90.44000244140625,183
2026-06-11T05:49:00.000Z,CL,90.44000244140625,90.5,90.38999938964844,90.4800033569336,149
2026-06-11T05:50:00.000Z,CL,90.45999908447266,90.55000305175781,90.45999908447266,90.55000305175781,54
2026-06-11T05:51:00.000Z,CL,90.55000305175781,90.5999984741211,90.51000213623047,90.52999877929688,67
2026-06-11T05:52:00.000Z,CL,90.54000091552734,90.58000183105469,90.52999877929688,90.55000305175781,32
2026-06-11T05:53:00.000Z,CL,90.55999755859375,90.58000183105469,90.51000213623047,90.52999877929688,21
2026-06-11T05:54:00.000Z,CL,90.54000091552734,90.55999755859375,90.5199966430664,90.55000305175781,19
2026-06-11T05:55:00.000Z,CL,90.54000091552734,90.55000305175781,90.44999694824219,90.44999694824219,38
2026-06-11T05:56:00.000Z,CL,90.44999694824219,90.44999694824219,90.33999633789062,90.44999694824219,97
2026-06-11T05:57:00.000Z,CL,90.44999694824219,90.44999694824219,90.37000274658203,90.44999694824219,58
2026-06-11T05:58:00.000Z,CL,90.45999908447266,90.55000305175781,90.43000030517578,90.55000305175781,47
2026-06-11T05:59:00.000Z,CL,90.55999755859375,90.68000030517578,90.55999755859375,90.5999984741211,53
2026-06-11T06:00:00.000Z,CL,90.63999938964844,90.70999908447266,90.5999984741211,90.69999694824219,60
2026-06-11T06:01:00.000Z,CL,90.69000244140625,90.76000213623047,90.68000030517578,90.7300033569336,69
2026-06-11T06:02:00.000Z,CL,90.73999786376953,90.75,90.66999816894531,90.70999908447266,30
2026-06-11T06:03:00.000Z,CL,90.7300033569336,90.75,90.66999816894531,90.7300033569336,68
2026-06-11T06:04:00.000Z,CL,90.73999786376953,90.8499984741211,90.73999786376953,90.83999633789062,108
2026-06-11T06:05:00.000Z,CL,90.83999633789062,90.8499984741211,90.72000122070312,90.72000122070312,54
2026-06-11T06:06:00.000Z,CL,90.73999786376953,90.91999816894531,90.73999786376953,90.8499984741211,181
2026-06-11T06:07:00.000Z,CL,90.83999633789062,90.93000030517578,90.81999969482422,90.91000366210938,39
2026-06-11T06:08:00.000Z,CL,90.9000015258789,90.94000244140625,90.88999938964844,90.94000244140625,22
2026-06-11T06:09:00.000Z,CL,90.91999816894531,90.95999908447266,90.91000366210938,90.91999816894531,47
2026-06-11T06:10:00.000Z,CL,90.91999816894531,90.91999816894531,90.83999633789062,90.8499984741211,55
2026-06-11T06:11:00.000Z,CL,90.8499984741211,90.91999816894531,90.80999755859375,90.91999816894531,58
2026-06-11T06:12:00.000Z,CL,90.91999816894531,90.91999816894531,90.80999755859375,90.81999969482422,34
2026-06-11T06:13:00.000Z,CL,90.80999755859375,90.83000183105469,90.76000213623047,90.80000305175781,83
2026-06-11T06:14:00.000Z,CL,90.80000305175781,90.80000305175781,90.75,90.76000213623047,43
2026-06-11T06:15:00.000Z,CL,90.73999786376953,90.79000091552734,90.73999786376953,90.79000091552734,20
2026-06-11T06:16:00.000Z,CL,90.80999755859375,90.83999633789062,90.79000091552734,90.80000305175781,25
2026-06-11T06:17:00.000Z,CL,90.79000091552734,90.79000091552734,90.7699966430664,90.7699966430664,4
2026-06-11T06:18:00.000Z,CL,90.77999877929688,90.79000091552734,90.7300033569336,90.7300033569336,24
2026-06-11T06:19:00.000Z,CL,90.73999786376953,90.76000213623047,90.70999908447266,90.75,68
2026-06-11T06:20:00.000Z,CL,90.75,90.7699966430664,90.7300033569336,90.7300033569336,23
2026-06-11T06:21:00.000Z,CL,90.72000122070312,90.72000122070312,90.68000030517578,90.69999694824219,53
2026-06-11T06:22:00.000Z,CL,90.72000122070312,90.73999786376953,90.69999694824219,90.70999908447266,31
2026-06-11T06:23:00.000Z,CL,90.69999694824219,90.7699966430664,90.68000030517578,90.76000213623047,64
2026-06-11T06:24:00.000Z,CL,90.76000213623047,90.76000213623047,90.7300033569336,90.73999786376953,27
2026-06-11T06:25:00.000Z,CL,90.73999786376953,90.75,90.69999694824219,90.69999694824219,12
2026-06-11T06:26:00.000Z,CL,90.69999694824219,90.72000122070312,90.66000366210938,90.68000030517578,42
2026-06-11T06:27:00.000Z,CL,90.66999816894531,90.66999816894531,90.54000091552734,90.55999755859375,91
2026-06-11T06:28:00.000Z,CL,90.56999969482422,90.56999969482422,90.44999694824219,90.45999908447266,76
2026-06-11T06:29:00.000Z,CL,90.47000122070312,90.51000213623047,90.45999908447266,90.4800033569336,42
2026-06-11T06:30:00.000Z,CL,90.48999786376953,90.5,90.43000030517578,90.45999908447266,43
2026-06-11T06:31:00.000Z,CL,90.47000122070312,90.54000091552734,90.45999908447266,90.54000091552734,46
2026-06-11T06:32:00.000Z,CL,90.55000305175781,90.6500015258789,90.55000305175781,90.63999938964844,67
2026-06-11T06:33:00.000Z,CL,90.6500015258789,90.69000244140625,90.58999633789062,90.58999633789062,67
2026-06-11T06:34:00.000Z,CL,90.58000183105469,90.61000061035156,90.56999969482422,90.58999633789062,24
2026-06-11T06:35:00.000Z,CL,90.58999633789062,90.63999938964844,90.55999755859375,90.62999725341797,75
2026-06-11T06:36:00.000Z,CL,90.62000274658203,90.62000274658203,90.56999969482422,90.58999633789062,30
2026-06-11T06:37:00.000Z,CL,90.58000183105469,90.58999633789062,90.5,90.5,63
2026-06-11T06:38:00.000Z,CL,90.51000213623047,90.51000213623047,90.44000244140625,90.45999908447266,41
2026-06-11T06:39:00.000Z,CL,90.45999908447266,90.48999786376953,90.43000030517578,90.48999786376953,39
2026-06-11T06:40:00.000Z,CL,90.44000244140625,90.45999908447266,90.38999938964844,90.44999694824219,57
2026-06-11T06:41:00.000Z,CL,90.5,90.54000091552734,90.5,90.52999877929688,30
2026-06-11T06:42:00.000Z,CL,90.5199966430664,90.54000091552734,90.4800033569336,90.54000091552734,62
2026-06-11T06:43:00.000Z,CL,90.5199966430664,90.55999755859375,90.48999786376953,90.55999755859375,29
2026-06-11T06:44:00.000Z,CL,90.54000091552734,90.58000183105469,90.52999877929688,90.58000183105469,14
2026-06-11T06:45:00.000Z,CL,90.55999755859375,90.56999969482422,90.4000015258789,90.5,109
2026-06-11T06:46:00.000Z,CL,90.5199966430664,90.55999755859375,90.4800033569336,90.4800033569336,29
2026-06-11T06:47:00.000Z,CL,90.48999786376953,90.5,90.4800033569336,90.5,14
2026-06-11T06:48:00.000Z,CL,90.5,90.56999969482422,90.44999694824219,90.55000305175781,102
2026-06-11T06:49:00.000Z,CL,90.58000183105469,90.66999816894531,90.58000183105469,90.66000366210938,61
2026-06-11T06:50:00.000Z,CL,90.66999816894531,90.66999816894531,90.58999633789062,90.5999984741211,52
2026-06-11T06:51:00.000Z,CL,90.5999984741211,90.62000274658203,90.55999755859375,90.58000183105469,32
2026-06-11T06:52:00.000Z,CL,90.58999633789062,90.61000061035156,90.54000091552734,90.55999755859375,54
2026-06-11T06:53:00.000Z,CL,90.56999969482422,90.58999633789062,90.4800033569336,90.5,43
2026-06-11T06:54:00.000Z,CL,90.5199966430664,90.58999633789062,90.5199966430664,90.56999969482422,43
2026-06-11T06:55:00.000Z,CL,90.56999969482422,90.58000183105469,90.55999755859375,90.56999969482422,31
2026-06-11T06:56:00.000Z,CL,90.56999969482422,90.62000274658203,90.55000305175781,90.58000183105469,27
2026-06-11T06:57:00.000Z,CL,90.55999755859375,90.58000183105469,90.48999786376953,90.5,43
2026-06-11T06:58:00.000Z,CL,90.47000122070312,90.54000091552734,90.45999908447266,90.52999877929688,60
2026-06-11T06:59:00.000Z,CL,90.54000091552734,90.54000091552734,90.44000244140625,90.47000122070312,44
2026-06-11T07:00:00.000Z,CL,90.47000122070312,90.47000122070312,90.18000030517578,90.19999694824219,411
2026-06-11T07:01:00.000Z,CL,90.22000122070312,90.31999969482422,90.19000244140625,90.30000305175781,115
2026-06-11T07:02:00.000Z,CL,90.30999755859375,90.30999755859375,90.22000122070312,90.30000305175781,49
2026-06-11T07:03:00.000Z,CL,90.30000305175781,90.30000305175781,90.12999725341797,90.16000366210938,366
2026-06-11T07:04:00.000Z,CL,90.18000030517578,90.18000030517578,90.08999633789062,90.12999725341797,452
2026-06-11T07:05:00.000Z,CL,90.12000274658203,90.22000122070312,90.0999984741211,90.19999694824219,102
2026-06-11T07:06:00.000Z,CL,90.20999908447266,90.29000091552734,90.16000366210938,90.25,178
2026-06-11T07:07:00.000Z,CL,90.26000213623047,90.33000183105469,90.26000213623047,90.2699966430664,74
2026-06-11T07:08:00.000Z,CL,90.26000213623047,90.2699966430664,90.2300033569336,90.2699966430664,55
2026-06-11T07:09:00.000Z,CL,90.25,90.30999755859375,90.23999786376953,90.25,64
2026-06-11T07:10:00.000Z,CL,90.23999786376953,90.23999786376953,90.12000274658203,90.1500015258789,97
2026-06-11T07:11:00.000Z,CL,90.16000366210938,90.29000091552734,90.16000366210938,90.27999877929688,55
2026-06-11T07:12:00.000Z,CL,90.27999877929688,90.3499984741211,90.27999877929688,90.33000183105469,43
2026-06-11T07:13:00.000Z,CL,90.33000183105469,90.55000305175781,90.30000305175781,90.31999969482422,458
2026-06-11T07:14:00.000Z,CL,90.31999969482422,90.38999938964844,90.30999755859375,90.3499984741211,95
2026-06-11T07:15:00.000Z,CL,90.33999633789062,90.4000015258789,90.33000183105469,90.3499984741211,30
2026-06-11T07:16:00.000Z,CL,90.33999633789062,90.37000274658203,90.25,90.27999877929688,40
2026-06-11T07:17:00.000Z,CL,90.30999755859375,90.37000274658203,90.30999755859375,90.33999633789062,24
2026-06-11T07:18:00.000Z,CL,90.36000061035156,90.37000274658203,90.27999877929688,90.27999877929688,25
2026-06-11T07:19:00.000Z,CL,90.30999755859375,90.41999816894531,90.30999755859375,90.4000015258789,39
2026-06-11T07:20:00.000Z,CL,90.4000015258789,90.4000015258789,90.33000183105469,90.3499984741211,35
2026-06-11T07:21:00.000Z,CL,90.33000183105469,90.3499984741211,90.16999816894531,90.19000244140625,156
2026-06-11T07:22:00.000Z,CL,90.18000030517578,90.25,90.16000366210938,90.23999786376953,78
2026-06-11T07:23:00.000Z,CL,90.22000122070312,90.22000122070312,90.06999969482422,90.08999633789062,144
2026-06-11T07:24:00.000Z,CL,90.08999633789062,90.08999633789062,89.97000122070312,89.9800033569336,596
2026-06-11T07:25:00.000Z,CL,89.98999786376953,90.05000305175781,89.95999908447266,89.98999786376953,215
2026-06-11T07:26:00.000Z,CL,89.98999786376953,89.98999786376953,89.81999969482422,89.94999694824219,298
2026-06-11T07:27:00.000Z,CL,89.94999694824219,89.94999694824219,89.81999969482422,89.8499984741211,165
2026-06-11T07:28:00.000Z,CL,89.8499984741211,89.94000244140625,89.83000183105469,89.9000015258789,179
2026-06-11T07:29:00.000Z,CL,89.9000015258789,89.9000015258789,89.81999969482422,89.87000274658203,91
2026-06-11T07:30:00.000Z,CL,89.8499984741211,89.8499984741211,89.66999816894531,89.7300033569336,260
2026-06-11T07:31:00.000Z,CL,89.7300033569336,89.87999725341797,89.69000244140625,89.7699966430664,126
2026-06-11T07:32:00.000Z,CL,89.7699966430664,89.77999877929688,89.51000213623047,89.62000274658203,273
2026-06-11T07:33:00.000Z,CL,89.62000274658203,89.69000244140625,89.56999969482422,89.66000366210938,209
2026-06-11T07:34:00.000Z,CL,89.6500015258789,89.66999816894531,89.4800033569336,89.62000274658203,236
2026-06-11T07:35:00.000Z,CL,89.5999984741211,89.5999984741211,89.36000061035156,89.52999877929688,260
2026-06-11T07:36:00.000Z,CL,89.54000091552734,89.56999969482422,89.44999694824219,89.4800033569336,199
2026-06-11T07:37:00.000Z,CL,89.5,89.54000091552734,89.41000366210938,89.54000091552734,96
2026-06-11T07:38:00.000Z,CL,89.55000305175781,89.55999755859375,89.5,89.5,75
2026-06-11T07:39:00.000Z,CL,89.5199966430664,89.56999969482422,89.48999786376953,89.54000091552734,58
2026-06-11T07:40:00.000Z,CL,89.55000305175781,89.68000030517578,89.55000305175781,89.68000030517578,112
2026-06-11T07:41:00.000Z,CL,89.66999816894531,89.70999908447266,89.58999633789062,89.63999938964844,112
2026-06-11T07:42:00.000Z,CL,89.62999725341797,89.62999725341797,89.5,89.52999877929688,74
2026-06-11T07:43:00.000Z,CL,89.54000091552734,89.58000183105469,89.45999908447266,89.47000122070312,112
2026-06-11T07:44:00.000Z,CL,89.51000213623047,89.63999938964844,89.5,89.5999984741211,102
2026-06-11T07:45:00.000Z,CL,89.5999984741211,89.6500015258789,89.56999969482422,89.58999633789062,117
2026-06-11T07:46:00.000Z,CL,89.56999969482422,89.58999633789062,89.52999877929688,89.55000305175781,67
2026-06-11T07:47:00.000Z,CL,89.55999755859375,89.66999816894531,89.55000305175781,89.66000366210938,77
2026-06-11T07:48:00.000Z,CL,89.66000366210938,89.69000244140625,89.63999938964844,89.68000030517578,61
2026-06-11T07:49:00.000Z,CL,89.68000030517578,89.77999877929688,89.68000030517578,89.76000213623047,70
2026-06-11T07:50:00.000Z,CL,89.73999786376953,89.73999786376953,89.66999816894531,89.73999786376953,45
2026-06-11T07:51:00.000Z,CL,89.75,89.80000305175781,89.7300033569336,89.75,73
2026-06-11T07:52:00.000Z,CL,89.7300033569336,89.75,89.66000366210938,89.69999694824219,50
2026-06-11T07:53:00.000Z,CL,89.70999908447266,89.7300033569336,89.54000091552734,89.61000061035156,117
2026-06-11T07:54:00.000Z,CL,89.62000274658203,89.76000213623047,89.62000274658203,89.69000244140625,89
2026-06-11T07:55:00.000Z,CL,89.69999694824219,89.73999786376953,89.69000244140625,89.7300033569336,35
2026-06-11T07:56:00.000Z,CL,89.73999786376953,89.83999633789062,89.7300033569336,89.81999969482422,57
2026-06-11T07:57:00.000Z,CL,89.80999755859375,89.83999633789062,89.79000091552734,89.80000305175781,48
2026-06-11T07:58:00.000Z,CL,89.77999877929688,89.83000183105469,89.76000213623047,89.77999877929688,39
2026-06-11T07:59:00.000Z,CL,89.79000091552734,89.83000183105469,89.7699966430664,89.83000183105469,102
2026-06-11T08:00:00.000Z,CL,89.83999633789062,89.91000366210938,89.73999786376953,89.73999786376953,137
2026-06-11T08:01:00.000Z,CL,89.76000213623047,89.8499984741211,89.73999786376953,89.76000213623047,82
2026-06-11T08:02:00.000Z,CL,89.7699966430664,89.79000091552734,89.66000366210938,89.7300033569336,100
2026-06-11T08:03:00.000Z,CL,89.7300033569336,89.73999786376953,89.68000030517578,89.7300033569336,56
2026-06-11T08:04:00.000Z,CL,89.7300033569336,89.76000213623047,89.66999816894531,89.75,70
2026-06-11T08:05:00.000Z,CL,89.7699966430664,89.7699966430664,89.68000030517578,89.69999694824219,40
2026-06-11T08:06:00.000Z,CL,89.69000244140625,89.69000244140625,89.5999984741211,89.5999984741211,52
2026-06-11T08:07:00.000Z,CL,89.61000061035156,89.68000030517578,89.5999984741211,89.62000274658203,60
2026-06-11T08:08:00.000Z,CL,89.62000274658203,89.6500015258789,89.55999755859375,89.55999755859375,94
2026-06-11T08:09:00.000Z,CL,89.55999755859375,89.58999633789062,89.44000244140625,89.44999694824219,251
2026-06-11T08:10:00.000Z,CL,89.44000244140625,89.48999786376953,89.41000366210938,89.45999908447266,152
2026-06-11T08:11:00.000Z,CL,89.44999694824219,89.48999786376953,89.38999938964844,89.44000244140625,82
2026-06-11T08:12:00.000Z,CL,89.43000030517578,89.47000122070312,89.41999816894531,89.47000122070312,44
2026-06-11T08:13:00.000Z,CL,89.4800033569336,89.52999877929688,89.45999908447266,89.52999877929688,114
2026-06-11T08:14:00.000Z,CL,89.52999877929688,89.5999984741211,89.41000366210938,89.43000030517578,150
2026-06-11T08:15:00.000Z,CL,89.41999816894531,89.45999908447266,89.36000061035156,89.37000274658203,76
2026-06-11T08:16:00.000Z,CL,89.3499984741211,89.36000061035156,89.26000213623047,89.30000305175781,182
2026-06-11T08:17:00.000Z,CL,89.29000091552734,89.30999755859375,89.20999908447266,89.30999755859375,192
2026-06-11T08:18:00.000Z,CL,89.30999755859375,89.33000183105469,89.19999694824219,89.22000122070312,133
2026-06-11T08:19:00.000Z,CL,89.23999786376953,89.25,89.11000061035156,89.12999725341797,120
2026-06-11T08:20:00.000Z,CL,89.12999725341797,89.30999755859375,89.08999633789062,89.30000305175781,162
2026-06-11T08:21:00.000Z,CL,89.30000305175781,89.30000305175781,89.16999816894531,89.18000030517578,151
2026-06-11T08:22:00.000Z,CL,89.19000244140625,89.23999786376953,89.13999938964844,89.20999908447266,75
2026-06-11T08:23:00.000Z,CL,89.22000122070312,89.25,89.13999938964844,89.20999908447266,179
2026-06-11T08:24:00.000Z,CL,89.20999908447266,89.20999908447266,89.02999877929688,89.16000366210938,121
2026-06-11T08:25:00.000Z,CL,89.16000366210938,89.25,89.16000366210938,89.2300033569336,67
2026-06-11T08:26:00.000Z,CL,89.22000122070312,89.25,89.18000030517578,89.22000122070312,46
2026-06-11T08:27:00.000Z,CL,89.2300033569336,89.33999633789062,89.19000244140625,89.31999969482422,100
2026-06-11T08:28:00.000Z,CL,89.31999969482422,89.37000274658203,89.22000122070312,89.33999633789062,162
2026-06-11T08:29:00.000Z,CL,89.3499984741211,89.55999755859375,89.27999877929688,89.5,356
2026-06-11T08:30:00.000Z,CL,89.45999908447266,89.55999755859375,89.44999694824219,89.4800033569336,264
2026-06-11T08:31:00.000Z,CL,89.47000122070312,89.4800033569336,89.27999877929688,89.30000305175781,109
2026-06-11T08:32:00.000Z,CL,89.29000091552734,89.38999938964844,89.2699966430664,89.27999877929688,149
2026-06-11T08:33:00.000Z,CL,89.2699966430664,89.30999755859375,89.19999694824219,89.2300033569336,90
2026-06-11T08:34:00.000Z,CL,89.19999694824219,89.23999786376953,88.94000244140625,88.94999694824219,425
2026-06-11T08:35:00.000Z,CL,88.95999908447266,89.0199966430664,88.93000030517578,88.98999786376953,211
2026-06-11T08:36:00.000Z,CL,88.9800033569336,89.0,88.8499984741211,88.94000244140625,237
2026-06-11T08:37:00.000Z,CL,88.94000244140625,89.12000274658203,88.93000030517578,89.12000274658203,90
2026-06-11T08:38:00.000Z,CL,89.11000061035156,89.12000274658203,88.95999908447266,89.05000305175781,72
2026-06-11T08:39:00.000Z,CL,89.05999755859375,89.16000366210938,89.05999755859375,89.06999969482422,218
2026-06-11T08:40:00.000Z,CL,89.05000305175781,89.05999755859375,88.9000015258789,88.9000015258789,127
2026-06-11T08:41:00.000Z,CL,88.91000366210938,89.01000213623047,88.91000366210938,88.98999786376953,71
2026-06-11T08:42:00.000Z,CL,88.9800033569336,89.0,88.9000015258789,88.91999816894531,115
2026-06-11T08:43:00.000Z,CL,88.91999816894531,88.91999816894531,88.7699966430664,88.83000183105469,243
2026-06-11T08:44:00.000Z,CL,88.86000061035156,88.97000122070312,88.86000061035156,88.9000015258789,385
2026-06-11T08:45:00.000Z,CL,88.9000015258789,88.91000366210938,88.81999969482422,88.86000061035156,137
2026-06-11T08:46:00.000Z,CL,88.87000274658203,88.94000244140625,88.80000305175781,88.88999938964844,53
2026-06-11T08:47:00.000Z,CL,88.9000015258789,89.05999755859375,88.88999938964844,89.04000091552734,82
2026-06-11T08:48:00.000Z,CL,89.05000305175781,89.08000183105469,88.94000244140625,89.05999755859375,188
2026-06-11T08:49:00.000Z,CL,89.05000305175781,89.19000244140625,89.05000305175781,89.16999816894531,242
2026-06-11T08:50:00.000Z,CL,89.16999816894531,89.19000244140625,89.08999633789062,89.12000274658203,184
2026-06-11T08:51:00.000Z,CL,89.0999984741211,89.0999984741211,89.05999755859375,89.05999755859375,35
2026-06-11T08:52:00.000Z,CL,89.05999755859375,89.08000183105469,89.0,89.02999877929688,55
2026-06-11T08:53:00.000Z,CL,89.02999877929688,89.06999969482422,89.01000213623047,89.02999877929688,130
2026-06-11T08:54:00.000Z,CL,89.04000091552734,89.08000183105469,89.02999877929688,89.05000305175781,39
2026-06-11T08:55:00.000Z,CL,89.02999877929688,89.05999755859375,88.98999786376953,89.05999755859375,83
2026-06-11T08:56:00.000Z,CL,89.05999755859375,89.0999984741211,89.02999877929688,89.08999633789062,157
2026-06-11T08:57:00.000Z,CL,89.08999633789062,89.11000061035156,89.08000183105469,89.08000183105469,65
2026-06-11T08:58:00.000Z,CL,89.08000183105469,89.12000274658203,89.08000183105469,89.08999633789062,58
2026-06-11T08:59:00.000Z,CL,89.08000183105469,89.12000274658203,89.04000091552734,89.0999984741211,74
2026-06-11T09:00:00.000Z,CL,89.11000061035156,89.16000366210938,89.11000061035156,89.16000366210938,52
2026-06-11T09:01:00.000Z,CL,89.16999816894531,89.36000061035156,89.16000366210938,89.3499984741211,250
2026-06-11T09:02:00.000Z,CL,89.3499984741211,89.41000366210938,89.23999786376953,89.23999786376953,135
2026-06-11T09:03:00.000Z,CL,89.23999786376953,89.30000305175781,89.22000122070312,89.26000213623047,62
2026-06-11T09:04:00.000Z,CL,89.2699966430664,89.2699966430664,89.16000366210938,89.16000366210938,35
2026-06-11T09:05:00.000Z,CL,89.13999938964844,89.19999694824219,89.12999725341797,89.18000030517578,41
2026-06-11T09:06:00.000Z,CL,89.16999816894531,89.26000213623047,89.1500015258789,89.26000213623047,40
2026-06-11T09:07:00.000Z,CL,89.26000213623047,89.30999755859375,89.20999908447266,89.30999755859375,49
2026-06-11T09:08:00.000Z,CL,89.30999755859375,89.51000213623047,89.30999755859375,89.41000366210938,388
2026-06-11T09:09:00.000Z,CL,89.4000015258789,89.55000305175781,89.37000274658203,89.47000122070312,201
2026-06-11T09:10:00.000Z,CL,89.45999908447266,89.52999877929688,89.38999938964844,89.52999877929688,149
2026-06-11T09:11:00.000Z,CL,89.5199966430664,89.61000061035156,89.51000213623047,89.58999633789062,82
2026-06-11T09:12:00.000Z,CL,89.58000183105469,89.63999938964844,89.56999969482422,89.61000061035156,92
2026-06-11T09:13:00.000Z,CL,89.58999633789062,89.61000061035156,89.51000213623047,89.58999633789062,94
2026-06-11T09:14:00.000Z,CL,89.58000183105469,89.5999984741211,89.5199966430664,89.55000305175781,78
2026-06-11T09:15:00.000Z,CL,89.54000091552734,89.56999969482422,89.48999786376953,89.54000091552734,76
2026-06-11T09:16:00.000Z,CL,89.55000305175781,89.55999755859375,89.51000213623047,89.52999877929688,29
2026-06-11T09:17:00.000Z,CL,89.51000213623047,89.52999877929688,89.5,89.51000213623047,13
2026-06-11T09:18:00.000Z,CL,89.51000213623047,89.52999877929688,89.47000122070312,89.47000122070312,45
2026-06-11T09:19:00.000Z,CL,89.48999786376953,89.58000183105469,89.48999786376953,89.58000183105469,34
2026-06-11T09:20:00.000Z,CL,89.56999969482422,89.58000183105469,89.51000213623047,89.56999969482422,44
2026-06-11T09:21:00.000Z,CL,89.58999633789062,89.61000061035156,89.55999755859375,89.56999969482422,72
2026-06-11T09:22:00.000Z,CL,89.55000305175781,89.56999969482422,89.52999877929688,89.55999755859375,61
2026-06-11T09:23:00.000Z,CL,89.55000305175781,89.55999755859375,89.55000305175781,89.55000305175781,9
2026-06-11T09:24:00.000Z,CL,89.54000091552734,89.55000305175781,89.43000030517578,89.47000122070312,74
2026-06-11T09:25:00.000Z,CL,89.4800033569336,89.5,89.43000030517578,89.44000244140625,39
2026-06-11T09:26:00.000Z,CL,89.44999694824219,89.48999786376953,89.4000015258789,89.45999908447266,32
2026-06-11T09:27:00.000Z,CL,89.44999694824219,89.44999694824219,89.33000183105469,89.33999633789062,52
2026-06-11T09:28:00.000Z,CL,89.3499984741211,89.41000366210938,89.33999633789062,89.37999725341797,75
2026-06-11T09:29:00.000Z,CL,89.37000274658203,89.43000030517578,89.36000061035156,89.38999938964844,68
2026-06-11T09:30:00.000Z,CL,89.4000015258789,89.51000213623047,89.37999725341797,89.43000030517578,88
2026-06-11T09:31:00.000Z,CL,89.44000244140625,89.44999694824219,89.41000366210938,89.43000030517578,21
2026-06-11T09:32:00.000Z,CL,89.44999694824219,89.51000213623047,89.43000030517578,89.51000213623047,24
2026-06-11T09:33:00.000Z,CL,89.48999786376953,89.54000091552734,89.4800033569336,89.5,68
2026-06-11T09:34:00.000Z,CL,89.48999786376953,89.58999633789062,89.48999786376953,89.58000183105469,34
2026-06-11T09:35:00.000Z,CL,89.56999969482422,89.58999633789062,89.56999969482422,89.56999969482422,29
2026-06-11T09:36:00.000Z,CL,89.61000061035156,89.66000366210938,89.61000061035156,89.66000366210938,121
2026-06-11T09:37:00.000Z,CL,89.66000366210938,89.79000091552734,89.66000366210938,89.73999786376953,192
2026-06-11T09:38:00.000Z,CL,89.73999786376953,89.76000213623047,89.69000244140625,89.69999694824219,132
2026-06-11T09:39:00.000Z,CL,89.72000122070312,89.80000305175781,89.72000122070312,89.76000213623047,108
2026-06-11T09:40:00.000Z,CL,89.75,89.75,89.66999816894531,89.70999908447266,54
2026-06-11T09:41:00.000Z,CL,89.69999694824219,89.7300033569336,89.69999694824219,89.70999908447266,29
2026-06-11T09:42:00.000Z,CL,89.68000030517578,89.69000244140625,89.61000061035156,89.63999938964844,54
2026-06-11T09:43:00.000Z,CL,89.6500015258789,89.6500015258789,89.58000183105469,89.58999633789062,37
2026-06-11T09:44:00.000Z,CL,89.58000183105469,89.6500015258789,89.56999969482422,89.63999938964844,34
2026-06-11T09:45:00.000Z,CL,89.6500015258789,89.6500015258789,89.62000274658203,89.62000274658203,18
2026-06-11T09:46:00.000Z,CL,89.66999816894531,89.66999816894531,89.56999969482422,89.58999633789062,32
2026-06-11T09:47:00.000Z,CL,89.56999969482422,89.62999725341797,89.55999755859375,89.61000061035156,32
2026-06-11T09:48:00.000Z,CL,89.62000274658203,89.7300033569336,89.61000061035156,89.7300033569336,34
2026-06-11T09:49:00.000Z,CL,89.70999908447266,89.73999786376953,89.68000030517578,89.69000244140625,37
2026-06-11T09:50:00.000Z,CL,89.66999816894531,89.66999816894531,89.5199966430664,89.55000305175781,89
2026-06-11T09:51:00.000Z,CL,89.54000091552734,89.5999984741211,89.41999816894531,89.43000030517578,107
2026-06-11T09:52:00.000Z,CL,89.41999816894531,89.41999816894531,89.36000061035156,89.37999725341797,94
2026-06-11T09:53:00.000Z,CL,89.37999725341797,89.41999816894531,89.36000061035156,89.37999725341797,47
2026-06-11T09:54:00.000Z,CL,89.38999938964844,89.4000015258789,89.20999908447266,89.20999908447266,129
2026-06-11T09:55:00.000Z,CL,89.19999694824219,89.2699966430664,89.11000061035156,89.16999816894531,214
2026-06-11T09:56:00.000Z,CL,89.16000366210938,89.18000030517578,89.06999969482422,89.18000030517578,152
2026-06-11T09:57:00.000Z,CL,89.20999908447266,89.26000213623047,89.13999938964844,89.23999786376953,87
2026-06-11T09:58:00.000Z,CL,89.23999786376953,89.26000213623047,89.19000244140625,89.19000244140625,70
2026-06-11T09:59:00.000Z,CL,89.19999694824219,89.31999969482422,89.16000366210938,89.30999755859375,89
2026-06-11T10:00:00.000Z,CL,89.30000305175781,89.33000183105469,89.2699966430664,89.30000305175781,49
2026-06-11T10:01:00.000Z,CL,89.29000091552734,89.37999725341797,89.26000213623047,89.37000274658203,70
2026-06-11T10:02:00.000Z,CL,89.37000274658203,89.41999816894531,89.11000061035156,89.3499984741211,240
2026-06-11T10:03:00.000Z,CL,89.37000274658203,89.4000015258789,89.36000061035156,89.4000015258789,36
2026-06-11T10:04:00.000Z,CL,89.37999725341797,89.5199966430664,89.37999725341797,89.41000366210938,116
2026-06-11T10:05:00.000Z,CL,89.38999938964844,89.38999938964844,89.30000305175781,89.30999755859375,36
2026-06-11T10:06:00.000Z,CL,89.30999755859375,89.31999969482422,89.29000091552734,89.31999969482422,23
2026-06-11T10:07:00.000Z,CL,89.30999755859375,89.3499984741211,89.30000305175781,89.3499984741211,46
2026-06-11T10:08:00.000Z,CL,89.3499984741211,89.3499984741211,89.2699966430664,89.33999633789062,9
2026-06-11T10:09:00.000Z,CL,89.3499984741211,89.37000274658203,89.30999755859375,89.36000061035156,20
2026-06-11T10:10:00.000Z,CL,89.37999725341797,89.4000015258789,89.37000274658203,89.37999725341797,23
2026-06-11T10:11:00.000Z,CL,89.37999725341797,89.38999938964844,89.27999877929688,89.31999969482422,32
2026-06-11T10:12:00.000Z,CL,89.33000183105469,89.33000183105469,89.27999877929688,89.31999969482422,17
2026-06-11T10:13:00.000Z,CL,89.30000305175781,89.30999755859375,89.26000213623047,89.30000305175781,24
2026-06-11T10:14:00.000Z,CL,89.30999755859375,89.33999633789062,89.30999755859375,89.33999633789062,11
2026-06-11T10:15:00.000Z,CL,89.31999969482422,89.33999633789062,89.31999969482422,89.31999969482422,10
2026-06-11T10:16:00.000Z,CL,89.31999969482422,89.37000274658203,89.31999969482422,89.33999633789062,28
2026-06-11T10:17:00.000Z,CL,89.33000183105469,89.43000030517578,89.33000183105469,89.41999816894531,16
2026-06-11T10:18:00.000Z,CL,89.41999816894531,89.44000244140625,89.38999938964844,89.41999816894531,49
2026-06-11T10:19:00.000Z,CL,89.41999816894531,89.47000122070312,89.41999816894531,89.44999694824219,47
2026-06-11T10:20:00.000Z,CL,89.41999816894531,89.48999786376953,89.41999816894531,89.41999816894531,32
2026-06-11T10:21:00.000Z,CL,89.43000030517578,89.44999694824219,89.37000274658203,89.44000244140625,57
2026-06-11T10:22:00.000Z,CL,89.44999694824219,89.44999694824219,89.41000366210938,89.43000030517578,9
2026-06-11T10:23:00.000Z,CL,89.43000030517578,89.43000030517578,89.20999908447266,89.22000122070312,68
2026-06-11T10:24:00.000Z,CL,89.22000122070312,89.27999877929688,89.22000122070312,89.26000213623047,35
2026-06-11T10:25:00.000Z,CL,89.25,89.25,89.12999725341797,89.1500015258789,76
2026-06-11T10:26:00.000Z,CL,89.12999725341797,89.12999725341797,89.05000305175781,89.0999984741211,113
2026-06-11T10:27:00.000Z,CL,89.08999633789062,89.08999633789062,89.01000213623047,89.06999969482422,108
2026-06-11T10:28:00.000Z,CL,89.05999755859375,89.22000122070312,89.05999755859375,89.16000366210938,161
2026-06-11T10:29:00.000Z,CL,89.18000030517578,89.33000183105469,89.08999633789062,89.30000305175781,320
2026-06-11T10:30:00.000Z,CL,89.26000213623047,89.29000091552734,89.19000244140625,89.20999908447266,104
2026-06-11T10:31:00.000Z,CL,89.22000122070312,89.22000122070312,89.13999938964844,89.1500015258789,51
2026-06-11T10:32:00.000Z,CL,89.16000366210938,89.16999816894531,89.05000305175781,89.08000183105469,93
2026-06-11T10:33:00.000Z,CL,89.08000183105469,89.08000183105469,88.94000244140625,88.94000244140625,158
2026-06-11T10:34:00.000Z,CL,88.94000244140625,88.94999694824219,88.75,88.83999633789062,1047
2026-06-11T10:35:00.000Z,CL,88.83999633789062,89.02999877929688,88.83000183105469,89.0,139
2026-06-11T10:36:00.000Z,CL,88.98999786376953,89.01000213623047,88.93000030517578,89.01000213623047,61
2026-06-11T10:37:00.000Z,CL,89.0,89.08999633789062,89.0,89.05999755859375,88
2026-06-11T10:38:00.000Z,CL,89.05999755859375,89.11000061035156,89.05000305175781,89.11000061035156,30
2026-06-11T10:39:00.000Z,CL,89.0999984741211,89.13999938964844,89.05000305175781,89.05999755859375,145
2026-06-11T10:40:00.000Z,CL,89.05999755859375,89.16999816894531,89.05999755859375,89.16999816894531,29
2026-06-11T10:41:00.000Z,CL,89.16999816894531,89.20999908447266,89.1500015258789,89.16000366210938,118
2026-06-11T10:42:00.000Z,CL,89.16000366210938,89.19999694824219,89.08000183105469,89.18000030517578,60
2026-06-11T10:43:00.000Z,CL,89.18000030517578,89.19000244140625,89.12999725341797,89.19000244140625,45
2026-06-11T10:44:00.000Z,CL,89.16999816894531,89.2699966430664,89.16000366210938,89.18000030517578,44
2026-06-11T10:45:00.000Z,CL,89.16999816894531,89.22000122070312,89.16999816894531,89.19000244140625,28
2026-06-11T10:46:00.000Z,CL,89.20999908447266,89.25,89.19999694824219,89.22000122070312,76
2026-06-11T10:47:00.000Z,CL,89.23999786376953,89.37000274658203,89.2300033569336,89.33999633789062,89
2026-06-11T10:48:00.000Z,CL,89.33999633789062,89.33999633789062,89.27999877929688,89.30000305175781,32
2026-06-11T10:49:00.000Z,CL,89.31999969482422,89.33999633789062,89.27999877929688,89.30000305175781,25
2026-06-11T10:50:00.000Z,CL,89.29000091552734,89.29000091552734,89.23999786376953,89.25,32
2026-06-11T10:51:00.000Z,CL,89.23999786376953,89.25,89.06999969482422,89.08000183105469,159
2026-06-11T10:52:00.000Z,CL,89.06999969482422,89.13999938964844,89.04000091552734,89.12000274658203,41
2026-06-11T10:53:00.000Z,CL,89.11000061035156,89.12999725341797,89.08999633789062,89.11000061035156,15
2026-06-11T10:54:00.000Z,CL,89.11000061035156,89.16000366210938,89.05999755859375,89.16000366210938,47
2026-06-11T10:55:00.000Z,CL,89.16999816894531,89.18000030517578,89.12000274658203,89.1500015258789,46
2026-06-11T10:56:00.000Z,CL,89.16000366210938,89.16000366210938,89.0999984741211,89.13999938964844,51
2026-06-11T10:57:00.000Z,CL,89.13999938964844,89.13999938964844,89.05999755859375,89.08999633789062,51
2026-06-11T10:58:00.000Z,CL,89.08000183105469,89.13999938964844,89.06999969482422,89.11000061035156,104
2026-06-11T10:59:00.000Z,CL,89.0999984741211,89.0999984741211,88.95999908447266,88.95999908447266,228
2026-06-11T11:00:00.000Z,CL,88.95999908447266,89.13999938964844,88.95999908447266,89.12999725341797,295
2026-06-11T11:01:00.000Z,CL,89.0999984741211,89.12999725341797,89.02999877929688,89.04000091552734,87
2026-06-11T11:02:00.000Z,CL,89.0199966430664,89.05000305175781,88.87000274658203,88.93000030517578,122
2026-06-11T11:03:00.000Z,CL,88.94000244140625,88.9800033569336,88.93000030517578,88.9800033569336,25
2026-06-11T11:04:00.000Z,CL,88.9800033569336,89.0199966430664,88.91999816894531,88.95999908447266,43
2026-06-11T11:05:00.000Z,CL,88.9800033569336,89.05000305175781,88.95999908447266,89.0,57
2026-06-11T11:06:00.000Z,CL,89.01000213623047,89.0999984741211,89.01000213623047,89.05999755859375,42
2026-06-11T11:07:00.000Z,CL,89.08000183105469,89.08000183105469,89.04000091552734,89.06999969482422,49
2026-06-11T11:08:00.000Z,CL,89.08000183105469,89.2699966430664,89.08000183105469,89.11000061035156,357
2026-06-11T11:09:00.000Z,CL,89.12000274658203,89.20999908447266,89.08000183105469,89.18000030517578,95
2026-06-11T11:10:00.000Z,CL,89.16999816894531,89.16999816894531,89.06999969482422,89.0999984741211,66
2026-06-11T11:11:00.000Z,CL,89.08999633789062,89.08999633789062,89.02999877929688,89.08000183105469,52
2026-06-11T11:12:00.000Z,CL,89.0999984741211,89.18000030517578,89.0999984741211,89.13999938964844,76
2026-06-11T11:13:00.000Z,CL,89.12000274658203,89.16999816894531,89.11000061035156,89.13999938964844,33
2026-06-11T11:14:00.000Z,CL,89.12000274658203,89.18000030517578,89.11000061035156,89.18000030517578,24
2026-06-11T11:15:00.000Z,CL,89.18000030517578,89.19999694824219,89.1500015258789,89.19999694824219,28
2026-06-11T11:16:00.000Z,CL,89.20999908447266,89.30000305175781,89.13999938964844,89.13999938964844,185
2026-06-11T11:17:00.000Z,CL,89.1500015258789,89.1500015258789,88.9800033569336,89.01000213623047,161
2026-06-11T11:18:00.000Z,CL,89.0199966430664,89.04000091552734,88.93000030517578,88.97000122070312,79
2026-06-11T11:19:00.000Z,CL,89.01000213623047,89.05000305175781,88.9800033569336,89.05000305175781,23
2026-06-11T11:20:00.000Z,CL,89.05999755859375,89.08000183105469,89.0199966430664,89.06999969482422,71
2026-06-11T11:21:00.000Z,CL,89.06999969482422,89.13999938964844,89.06999969482422,89.12999725341797,63
2026-06-11T11:22:00.000Z,CL,89.12999725341797,89.20999908447266,89.04000091552734,89.19999694824219,240
2026-06-11T11:23:00.000Z,CL,89.20999908447266,89.23999786376953,89.18000030517578,89.22000122070312,65
2026-06-11T11:24:00.000Z,CL,89.22000122070312,89.29000091552734,89.19999694824219,89.26000213623047,109
2026-06-11T11:25:00.000Z,CL,89.26000213623047,89.2699966430664,89.18000030517578,89.23999786376953,92
2026-06-11T11:26:00.000Z,CL,89.2300033569336,89.33999633789062,89.22000122070312,89.33999633789062,82
2026-06-11T11:27:00.000Z,CL,89.33999633789062,89.37000274658203,89.23999786376953,89.30999755859375,149
2026-06-11T11:28:00.000Z,CL,89.30999755859375,89.33999633789062,89.16000366210938,89.2300033569336,332
2026-06-11T11:29:00.000Z,CL,89.2300033569336,89.30999755859375,89.02999877929688,89.13999938964844,412
2026-06-11T11:30:00.000Z,CL,89.13999938964844,89.26000213623047,88.75,88.93000030517578,675
2026-06-11T11:31:00.000Z,CL,88.93000030517578,89.0,88.9000015258789,88.94999694824219,169
2026-06-11T11:32:00.000Z,CL,88.94000244140625,88.94999694824219,88.62999725341797,88.7300033569336,428
2026-06-11T11:33:00.000Z,CL,88.75,88.93000030517578,88.73999786376953,88.9000015258789,191
2026-06-11T11:34:00.000Z,CL,88.91000366210938,89.0,88.9000015258789,88.9800033569336,79
2026-06-11T11:35:00.000Z,CL,88.97000122070312,89.04000091552734,88.94000244140625,88.95999908447266,88
2026-06-11T11:36:00.000Z,CL,88.93000030517578,88.94000244140625,88.81999969482422,88.87000274658203,87
2026-06-11T11:37:00.000Z,CL,88.86000061035156,88.86000061035156,88.77999877929688,88.80999755859375,85
2026-06-11T11:38:00.000Z,CL,88.80999755859375,89.05000305175781,88.77999877929688,88.97000122070312,438
2026-06-11T11:39:00.000Z,CL,88.97000122070312,88.97000122070312,88.83000183105469,88.91999816894531,193
2026-06-11T11:40:00.000Z,CL,88.9000015258789,88.94000244140625,88.83999633789062,88.9000015258789,41
2026-06-11T11:41:00.000Z,CL,88.88999938964844,88.9000015258789,88.77999877929688,88.86000061035156,76
2026-06-11T11:42:00.000Z,CL,88.8499984741211,88.94999694824219,88.72000122070312,88.75,203
2026-06-11T11:43:00.000Z,CL,88.75,88.79000091552734,88.69000244140625,88.73999786376953,98
2026-06-11T11:44:00.000Z,CL,88.7300033569336,88.87000274658203,88.70999908447266,88.83000183105469,68
2026-06-11T11:45:00.000Z,CL,88.81999969482422,88.8499984741211,88.79000091552734,88.80999755859375,129
2026-06-11T11:46:00.000Z,CL,88.8499984741211,88.88999938964844,88.83000183105469,88.87000274658203,58
2026-06-11T11:47:00.000Z,CL,88.87000274658203,88.9000015258789,88.83999633789062,88.87000274658203,32
2026-06-11T11:48:00.000Z,CL,88.9000015258789,88.9000015258789,88.80000305175781,88.80000305175781,57
2026-06-11T11:49:00.000Z,CL,88.79000091552734,88.86000061035156,88.79000091552734,88.86000061035156,35
2026-06-11T11:50:00.000Z,CL,88.8499984741211,89.0,88.8499984741211,89.0,134
2026-06-11T11:51:00.000Z,CL,88.98999786376953,88.98999786376953,88.91999816894531,88.95999908447266,91
2026-06-11T11:52:00.000Z,CL,88.94999694824219,88.94999694824219,88.91000366210938,88.91999816894531,97
2026-06-11T11:53:00.000Z,CL,88.91000366210938,88.91000366210938,88.83999633789062,88.86000061035156,88
2026-06-11T11:54:00.000Z,CL,88.86000061035156,89.0,88.86000061035156,88.9800033569336,193
2026-06-11T11:55:00.000Z,CL,88.9800033569336,89.0,88.94999694824219,88.9800033569336,42
2026-06-11T11:56:00.000Z,CL,88.95999908447266,88.9800033569336,88.91999816894531,88.94999694824219,52
2026-06-11T11:57:00.000Z,CL,88.91999816894531,88.98999786376953,88.91999816894531,88.9800033569336,22
2026-06-11T11:58:00.000Z,CL,88.9800033569336,89.0,88.97000122070312,88.97000122070312,34
2026-06-11T11:59:00.000Z,CL,88.9800033569336,89.08999633789062,88.95999908447266,89.04000091552734,98
2026-06-11T12:00:00.000Z,CL,89.05000305175781,89.0999984741211,88.95999908447266,89.01000213623047,141
2026-06-11T12:01:00.000Z,CL,89.0,89.01000213623047,88.94999694824219,89.0,65
2026-06-11T12:02:00.000Z,CL,89.01000213623047,89.11000061035156,89.0,89.0999984741211,88
2026-06-11T12:03:00.000Z,CL,89.12000274658203,89.12999725341797,89.08999633789062,89.08999633789062,20
2026-06-11T12:04:00.000Z,CL,89.08000183105469,89.12999725341797,89.05999755859375,89.12000274658203,86
2026-06-11T12:05:00.000Z,CL,89.0999984741211,89.12000274658203,89.08000183105469,89.08999633789062,28
2026-06-11T12:06:00.000Z,CL,89.08000183105469,89.0999984741211,89.05999755859375,89.0999984741211,29
2026-06-11T12:07:00.000Z,CL,89.0999984741211,89.12000274658203,89.06999969482422,89.08000183105469,58
2026-06-11T12:08:00.000Z,CL,89.08000183105469,89.08999633789062,89.0,89.0199966430664,51
2026-06-11T12:09:00.000Z,CL,89.0199966430664,89.0199966430664,88.98999786376953,89.01000213623047,134
2026-06-11T12:10:00.000Z,CL,89.0199966430664,89.11000061035156,89.0199966430664,89.0999984741211,121
2026-06-11T12:11:00.000Z,CL,89.08999633789062,89.08999633789062,88.97000122070312,88.97000122070312,38
2026-06-11T12:12:00.000Z,CL,88.98999786376953,89.02999877929688,88.95999908447266,88.9800033569336,58
2026-06-11T12:13:00.000Z,CL,88.98999786376953,89.06999969482422,88.9800033569336,89.05000305175781,173
2026-06-11T12:14:00.000Z,CL,89.05000305175781,89.05999755859375,89.04000091552734,89.04000091552734,15
2026-06-11T12:15:00.000Z,CL,89.0199966430664,89.1500015258789,89.01000213623047,89.11000061035156,100
2026-06-11T12:16:00.000Z,CL,89.11000061035156,89.23999786376953,89.11000061035156,89.2300033569336,123
2026-06-11T12:17:00.000Z,CL,89.23999786376953,89.45999908447266,89.19999694824219,89.43000030517578,336
2026-06-11T12:18:00.000Z,CL,89.41999816894531,89.5,89.37999725341797,89.37999725341797,599
2026-06-11T12:19:00.000Z,CL,89.37999725341797,89.58999633789062,89.37999725341797,89.58999633789062,353
2026-06-11T12:20:00.000Z,CL,89.58999633789062,89.61000061035156,89.55000305175781,89.5999984741211,208
2026-06-11T12:21:00.000Z,CL,89.5999984741211,89.61000061035156,89.5,89.5,224
2026-06-11T12:22:00.000Z,CL,89.5,91.4800033569336,89.41999816894531,91.11000061035156,4877
2026-06-11T12:23:00.000Z,CL,91.0999984741211,91.3499984741211,90.66000366210938,90.8499984741211,1555
2026-06-11T12:24:00.000Z,CL,90.83999633789062,91.25,90.68000030517578,90.87000274658203,1058
2026-06-11T12:25:00.000Z,CL,90.87999725341797,90.95999908447266,90.62999725341797,90.79000091552734,991
2026-06-11T12:26:00.000Z,CL,90.7699966430664,90.94000244140625,90.5,90.55000305175781,692
2026-06-11T12:27:00.000Z,CL,90.58000183105469,90.9000015258789,90.44000244140625,90.81999969482422,862
2026-06-11T12:28:00.000Z,CL,90.80999755859375,90.94000244140625,90.70999908447266,90.80000305175781,299
2026-06-11T12:29:00.000Z,CL,90.79000091552734,90.80999755859375,90.55999755859375,90.62000274658203,297
2026-06-11T12:30:00.000Z,CL,90.6500015258789,90.8499984741211,90.5999984741211,90.69000244140625,228
2026-06-11T12:31:00.000Z,CL,90.72000122070312,90.80000305175781,90.58999633789062,90.77999877929688,546
2026-06-11T12:32:00.000Z,CL,90.77999877929688,90.88999938964844,90.55999755859375,90.80999755859375,616
2026-06-11T12:33:00.000Z,CL,90.81999969482422,90.91000366210938,90.62999725341797,90.68000030517578,522
2026-06-11T12:34:00.000Z,CL,90.66000366210938,90.87000274658203,90.6500015258789,90.75,406
2026-06-11T12:35:00.000Z,CL,90.72000122070312,90.83000183105469,90.70999908447266,90.72000122070312,260
2026-06-11T12:36:00.000Z,CL,90.70999908447266,90.70999908447266,90.5199966430664,90.63999938964844,597
2026-06-11T12:37:00.000Z,CL,90.62999725341797,90.80999755859375,90.5999984741211,90.80999755859375,424
2026-06-11T12:38:00.000Z,CL,90.81999969482422,90.81999969482422,90.52999877929688,90.68000030517578,432
2026-06-11T12:39:00.000Z,CL,90.66999816894531,90.7699966430664,90.62999725341797,90.66000366210938,263
2026-06-11T12:40:00.000Z,CL,90.66999816894531,90.73999786376953,90.56999969482422,90.62000274658203,383
2026-06-11T12:41:00.000Z,CL,90.5999984741211,90.6500015258789,90.52999877929688,90.62000274658203,255
2026-06-11T12:42:00.000Z,CL,90.62000274658203,90.7699966430664,90.62000274658203,90.69999694824219,183
2026-06-11T12:43:00.000Z,CL,90.72000122070312,91.16000366210938,90.69999694824219,91.1500015258789,818
2026-06-11T12:44:00.000Z,CL,91.12999725341797,91.25,90.33999633789062,90.77999877929688,1996
2026-06-11T12:45:00.000Z,CL,90.79000091552734,90.97000122070312,90.7300033569336,90.87000274658203,685
2026-06-11T12:46:00.000Z,CL,90.87999725341797,90.95999908447266,90.5999984741211,90.62000274658203,1005
2026-06-11T12:47:00.000Z,CL,90.63999938964844,90.68000030517578,90.38999938964844,90.4000015258789,815
2026-06-11T12:48:00.000Z,CL,90.41000366210938,90.5199966430664,90.36000061035156,90.37999725341797,325
2026-06-11T12:49:00.000Z,CL,90.37000274658203,90.47000122070312,90.22000122070312,90.37000274658203,324
2026-06-11T12:50:00.000Z,CL,90.3499984741211,90.41000366210938,90.2699966430664,90.38999938964844,195
2026-06-11T12:51:00.000Z,CL,90.38999938964844,90.52999877929688,90.36000061035156,90.43000030517578,326
2026-06-11T12:52:00.000Z,CL,90.41000366210938,90.41999816894531,90.16999816894531,90.27999877929688,574
2026-06-11T12:53:00.000Z,CL,90.27999877929688,90.38999938964844,90.06999969482422,90.2300033569336,1155
2026-06-11T12:54:00.000Z,CL,90.22000122070312,90.30000305175781,90.13999938964844,90.19999694824219,412
2026-06-11T12:55:00.000Z,CL,90.20999908447266,90.20999908447266,89.88999938964844,90.08000183105469,938
2026-06-11T12:56:00.000Z,CL,90.08000183105469,90.12999725341797,89.9000015258789,89.98999786376953,365
2026-06-11T12:57:00.000Z,CL,89.98999786376953,90.1500015258789,89.91000366210938,90.05000305175781,1051
2026-06-11T12:58:00.000Z,CL,90.05999755859375,90.19999694824219,89.87999725341797,89.98999786376953,927
2026-06-11T12:59:00.000Z,CL,89.97000122070312,90.13999938964844,89.94999694824219,90.05999755859375,296
2026-06-11T13:00:00.000Z,CL,90.05999755859375,90.30000305175781,90.01000213623047,90.2699966430664,631
2026-06-11T13:01:00.000Z,CL,90.26000213623047,90.29000091552734,90.13999938964844,90.25,421
2026-06-11T13:02:00.000Z,CL,90.26000213623047,90.30999755859375,90.11000061035156,90.1500015258789,277
2026-06-11T13:03:00.000Z,CL,90.13999938964844,90.22000122070312,90.08999633789062,90.0999984741211,237
2026-06-11T13:04:00.000Z,CL,90.08999633789062,90.11000061035156,89.98999786376953,90.06999969482422,223
2026-06-11T13:05:00.000Z,CL,90.06999969482422,90.26000213623047,90.02999877929688,90.26000213623047,302
2026-06-11T13:06:00.000Z,CL,90.26000213623047,90.31999969482422,90.22000122070312,90.31999969482422,248
2026-06-11T13:07:00.000Z,CL,90.31999969482422,90.38999938964844,90.26000213623047,90.36000061035156,207
2026-06-11T13:08:00.000Z,CL,90.36000061035156,90.44000244140625,90.3499984741211,90.37000274658203,294
2026-06-11T13:09:00.000Z,CL,90.37999725341797,90.37999725341797,90.2699966430664,90.27999877929688,246
2026-06-11T13:10:00.000Z,CL,90.27999877929688,90.30999755859375,90.19999694824219,90.25,272
2026-06-11T13:11:00.000Z,CL,90.26000213623047,90.30999755859375,90.19000244140625,90.30000305175781,215
2026-06-11T13:12:00.000Z,CL,90.27999877929688,90.30999755859375,90.2300033569336,90.30999755859375,139
2026-06-11T13:13:00.000Z,CL,90.30000305175781,90.41999816894531,90.26000213623047,90.41999816894531,200
2026-06-11T13:14:00.000Z,CL,90.41999816894531,90.5,90.38999938964844,90.41000366210938,255
2026-06-11T13:15:00.000Z,CL,90.41000366210938,90.5,90.36000061035156,90.48999786376953,169
2026-06-11T13:16:00.000Z,CL,90.5,90.52999877929688,90.43000030517578,90.44999694824219,244
2026-06-11T13:17:00.000Z,CL,90.44999694824219,90.54000091552734,90.41999816894531,90.48999786376953,184
2026-06-11T13:18:00.000Z,CL,90.5,90.55000305175781,90.5,90.51000213623047,156
2026-06-11T13:19:00.000Z,CL,90.5199966430664,90.58999633789062,90.4800033569336,90.58000183105469,181
2026-06-11T13:20:00.000Z,CL,90.58000183105469,90.66000366210938,90.45999908447266,90.47000122070312,406
2026-06-11T13:21:00.000Z,CL,90.45999908447266,90.47000122070312,90.37999725341797,90.4000015258789,159
2026-06-11T13:22:00.000Z,CL,90.38999938964844,90.41999816894531,90.30999755859375,90.31999969482422,192
2026-06-11T13:23:00.000Z,CL,90.33000183105469,90.33999633789062,90.26000213623047,90.31999969482422,190
2026-06-11T13:24:00.000Z,CL,90.30000305175781,90.33999633789062,90.29000091552734,90.33999633789062,90
2026-06-11T13:25:00.000Z,CL,90.3499984741211,90.4000015258789,90.33999633789062,90.37000274658203,59
2026-06-11T13:26:00.000Z,CL,90.3499984741211,90.3499984741211,90.16999816894531,90.19000244140625,219
2026-06-11T13:27:00.000Z,CL,90.19999694824219,90.19999694824219,90.0999984741211,90.13999938964844,220
2026-06-11T13:28:00.000Z,CL,90.13999938964844,90.18000030517578,90.06999969482422,90.16999816894531,239
2026-06-11T13:29:00.000Z,CL,90.18000030517578,90.23999786376953,90.13999938964844,90.19999694824219,398
2026-06-11T13:30:00.000Z,CL,90.19999694824219,90.23999786376953,89.91999816894531,89.91999816894531,628
2026-06-11T13:31:00.000Z,CL,89.91999816894531,89.95999908447266,89.62999725341797,89.6500015258789,962
2026-06-11T13:32:00.000Z,CL,89.66000366210938,89.70999908447266,89.41999816894531,89.70999908447266,1247
2026-06-11T13:33:00.000Z,CL,89.69999694824219,89.7300033569336,89.47000122070312,89.48999786376953,465
2026-06-11T13:34:00.000Z,CL,89.4800033569336,89.61000061035156,89.44000244140625,89.58999633789062,763
2026-06-11T13:35:00.000Z,CL,89.56999969482422,89.6500015258789,89.55999755859375,89.58000183105469,339
2026-06-11T13:36:00.000Z,CL,89.58999633789062,89.7300033569336,89.54000091552734,89.70999908447266,328
2026-06-11T13:37:00.000Z,CL,89.72000122070312,89.79000091552734,89.66000366210938,89.69999694824219,360
2026-06-11T13:38:00.000Z,CL,89.72000122070312,89.81999969482422,89.70999908447266,89.79000091552734,157
2026-06-11T13:39:00.000Z,CL,89.77999877929688,89.77999877929688,89.69999694824219,89.76000213623047,209
2026-06-11T13:40:00.000Z,CL,89.75,89.8499984741211,89.69000244140625,89.73999786376953,421
2026-06-11T13:41:00.000Z,CL,89.73999786376953,89.76000213623047,89.69000244140625,89.72000122070312,237
2026-06-11T13:42:00.000Z,CL,89.70999908447266,89.76000213623047,89.66000366210938,89.75,273
2026-06-11T13:43:00.000Z,CL,89.7300033569336,89.7699966430664,89.58999633789062,89.66000366210938,310
2026-06-11T13:44:00.000Z,CL,89.66000366210938,89.7300033569336,89.66000366210938,89.68000030517578,121
2026-06-11T13:45:00.000Z,CL,89.66000366210938,89.7300033569336,89.12999725341797,89.33999633789062,1716
2026-06-11T13:46:00.000Z,CL,89.3499984741211,89.43000030517578,89.05000305175781,89.1500015258789,1338
2026-06-11T13:47:00.000Z,CL,89.13999938964844,89.30999755859375,89.13999938964844,89.30000305175781,715
2026-06-11T13:48:00.000Z,CL,89.30999755859375,89.41999816894531,89.30999755859375,89.37000274658203,335
2026-06-11T13:49:00.000Z,CL,89.37000274658203,89.43000030517578,89.2300033569336,89.41999816894531,423
2026-06-11T13:50:00.000Z,CL,89.4000015258789,89.4000015258789,89.22000122070312,89.26000213623047,333
2026-06-11T13:51:00.000Z,CL,89.2699966430664,89.2699966430664,89.1500015258789,89.18000030517578,229
2026-06-11T13:52:00.000Z,CL,89.18000030517578,89.27999877929688,89.13999938964844,89.25,615
2026-06-11T13:53:00.000Z,CL,89.25,89.33000183105469,89.25,89.26000213623047,403
2026-06-11T13:54:00.000Z,CL,89.23999786376953,89.3499984741211,89.1500015258789,89.33999633789062,384
2026-06-11T13:55:00.000Z,CL,89.33000183105469,89.37999725341797,89.30999755859375,89.31999969482422,204
2026-06-11T13:56:00.000Z,CL,89.30000305175781,89.38999938964844,89.27999877929688,89.38999938964844,354
2026-06-11T13:57:00.000Z,CL,89.38999938964844,89.41000366210938,89.36000061035156,89.37000274658203,110
2026-06-11T13:58:00.000Z,CL,89.37999725341797,89.37999725341797,89.19000244140625,89.26000213623047,311
2026-06-11T13:59:00.000Z,CL,89.25,89.3499984741211,89.2300033569336,89.33999633789062,324
2026-06-11T14:00:00.000Z,CL,89.36000061035156,89.51000213623047,89.3499984741211,89.4800033569336,261
2026-06-11T14:01:00.000Z,CL,89.4800033569336,89.56999969482422,89.45999908447266,89.55000305175781,305
2026-06-11T14:02:00.000Z,CL,89.55000305175781,89.62999725341797,89.52999877929688,89.62999725341797,301
2026-06-11T14:03:00.000Z,CL,89.62999725341797,89.80000305175781,89.61000061035156,89.7699966430664,434
2026-06-11T14:04:00.000Z,CL,89.77999877929688,89.77999877929688,89.66999816894531,89.7300033569336,233
2026-06-11T14:05:00.000Z,CL,89.72000122070312,89.79000091552734,89.70999908447266,89.72000122070312,332
2026-06-11T14:06:00.000Z,CL,89.72000122070312,89.72000122070312,89.56999969482422,89.66000366210938,401
2026-06-11T14:07:00.000Z,CL,89.6500015258789,89.69000244140625,89.5999984741211,89.5999984741211,335
2026-06-11T14:08:00.000Z,CL,89.61000061035156,89.7699966430664,89.5999984741211,89.70999908447266,237
2026-06-11T14:09:00.000Z,CL,89.70999908447266,89.87000274658203,89.69000244140625,89.83999633789062,262
2026-06-11T14:10:00.000Z,CL,89.83999633789062,90.08000183105469,89.80000305175781,90.06999969482422,669
2026-06-11T14:11:00.000Z,CL,90.05999755859375,90.05999755859375,89.91000366210938,89.95999908447266,599
2026-06-11T14:12:00.000Z,CL,89.94000244140625,89.95999908447266,89.80999755859375,89.94000244140625,235
2026-06-11T14:13:00.000Z,CL,89.91999816894531,89.97000122070312,89.9000015258789,89.9000015258789,162
2026-06-11T14:14:00.000Z,CL,89.9000015258789,89.9000015258789,89.80999755859375,89.83000183105469,244
2026-06-11T14:15:00.000Z,CL,89.83000183105469,89.8499984741211,89.72000122070312,89.83000183105469,283
2026-06-11T14:16:00.000Z,CL,89.83000183105469,90.01000213623047,89.81999969482422,90.01000213623047,355
2026-06-11T14:17:00.000Z,CL,89.9800033569336,89.98999786376953,89.8499984741211,89.88999938964844,219
2026-06-11T14:18:00.000Z,CL,89.88999938964844,90.1500015258789,89.88999938964844,90.12999725341797,223
2026-06-11T14:19:00.000Z,CL,90.12999725341797,90.2300033569336,90.08999633789062,90.16000366210938,808
2026-06-11T14:20:00.000Z,CL,90.16000366210938,90.19999694824219,90.11000061035156,90.11000061035156,279
2026-06-11T14:21:00.000Z,CL,90.0999984741211,90.20999908447266,90.08999633789062,90.11000061035156,331
2026-06-11T14:22:00.000Z,CL,90.12999725341797,90.12999725341797,89.97000122070312,89.97000122070312,272
2026-06-11T14:23:00.000Z,CL,89.9800033569336,89.98999786376953,89.87999725341797,89.94999694824219,257
2026-06-11T14:24:00.000Z,CL,89.95999908447266,90.08999633789062,89.94999694824219,90.06999969482422,385
2026-06-11T14:25:00.000Z,CL,90.06999969482422,90.19000244140625,90.06999969482422,90.16999816894531,175
2026-06-11T14:26:00.000Z,CL,90.18000030517578,90.19999694824219,90.12999725341797,90.18000030517578,100
2026-06-11T14:27:00.000Z,CL,90.16000366210938,90.18000030517578,90.11000061035156,90.13999938964844,87
2026-06-11T14:28:00.000Z,CL,90.1500015258789,90.1500015258789,90.08999633789062,90.12000274658203,176
2026-06-11T14:29:00.000Z,CL,90.12999725341797,90.16000366210938,90.12000274658203,90.1500015258789,97
2026-06-11T14:30:00.000Z,CL,90.13999938964844,90.3499984741211,90.08999633789062,90.27999877929688,531
2026-06-11T14:31:00.000Z,CL,90.27999877929688,90.31999969482422,90.25,90.26000213623047,432
2026-06-11T14:32:00.000Z,CL,90.26000213623047,90.26000213623047,90.19000244140625,90.2300033569336,188
2026-06-11T14:33:00.000Z,CL,90.2300033569336,90.25,90.16999816894531,90.20999908447266,154
2026-06-11T14:34:00.000Z,CL,90.20999908447266,90.33999633789062,90.20999908447266,90.27999877929688,162
2026-06-11T14:35:00.000Z,CL,90.2699966430664,90.27999877929688,90.16000366210938,90.18000030517578,238
2026-06-11T14:36:00.000Z,CL,90.18000030517578,90.19999694824219,90.12999725341797,90.19999694824219,153
2026-06-11T14:37:00.000Z,CL,90.19999694824219,90.37999725341797,90.19999694824219,90.37000274658203,316
2026-06-11T14:38:00.000Z,CL,90.37000274658203,90.4000015258789,90.22000122070312,90.2699966430664,198
2026-06-11T14:39:00.000Z,CL,90.25,90.31999969482422,90.20999908447266,90.2300033569336,183
2026-06-11T14:40:00.000Z,CL,90.20999908447266,90.20999908447266,90.16999816894531,90.18000030517578,101
2026-06-11T14:41:00.000Z,CL,90.19000244140625,90.19999694824219,90.11000061035156,90.16999816894531,169
2026-06-11T14:42:00.000Z,CL,90.16999816894531,90.19999694824219,90.08999633789062,90.08999633789062,169
2026-06-11T14:43:00.000Z,CL,90.0999984741211,90.19000244140625,90.04000091552734,90.19000244140625,310
2026-06-11T14:44:00.000Z,CL,90.16999816894531,90.25,90.1500015258789,90.2300033569336,138
2026-06-11T14:45:00.000Z,CL,90.23999786376953,90.25,90.19000244140625,90.22000122070312,80
2026-06-11T14:46:00.000Z,CL,90.20999908447266,90.2300033569336,90.16000366210938,90.22000122070312,84
2026-06-11T14:47:00.000Z,CL,90.19999694824219,90.27999877929688,90.18000030517578,90.2699966430664,100
2026-06-11T14:48:00.000Z,CL,90.26000213623047,90.27999877929688,90.2300033569336,90.27999877929688,182
2026-06-11T14:49:00.000Z,CL,90.2699966430664,90.29000091552734,90.18000030517578,90.18000030517578,221
2026-06-11T14:50:00.000Z,CL,90.19000244140625,90.20999908447266,90.0999984741211,90.11000061035156,126
2026-06-11T14:51:00.000Z,CL,90.12000274658203,90.18000030517578,90.11000061035156,90.16999816894531,178
2026-06-11T14:52:00.000Z,CL,90.16999816894531,90.22000122070312,90.16000366210938,90.19000244140625,172
2026-06-11T14:53:00.000Z,CL,90.19999694824219,90.22000122070312,90.1500015258789,90.19000244140625,223
2026-06-11T14:54:00.000Z,CL,90.19999694824219,90.19999694824219,90.0999984741211,90.11000061035156,146
2026-06-11T14:55:00.000Z,CL,90.11000061035156,90.13999938964844,89.95999908447266,89.97000122070312,448
2026-06-11T14:56:00.000Z,CL,89.97000122070312,89.98999786376953,89.91000366210938,89.9800033569336,593
2026-06-11T14:57:00.000Z,CL,89.97000122070312,90.0199966430664,89.94999694824219,89.94999694824219,189
2026-06-11T14:58:00.000Z,CL,89.95999908447266,90.08000183105469,89.87999725341797,90.08000183105469,505
2026-06-11T14:59:00.000Z,CL,90.08000183105469,90.13999938964844,90.05999755859375,90.06999969482422,186
2026-06-11T15:00:00.000Z,CL,90.08000183105469,90.0999984741211,90.01000213623047,90.06999969482422,195
2026-06-11T15:01:00.000Z,CL,90.06999969482422,90.12999725341797,90.05000305175781,90.12000274658203,265
2026-06-11T15:02:00.000Z,CL,90.11000061035156,90.11000061035156,90.01000213623047,90.06999969482422,436
2026-06-11T15:03:00.000Z,CL,90.08999633789062,90.08999633789062,90.02999877929688,90.08000183105469,179
2026-06-11T15:04:00.000Z,CL,90.08000183105469,90.12000274658203,89.97000122070312,90.02999877929688,221
2026-06-11T15:05:00.000Z,CL,90.0199966430664,90.13999938964844,90.01000213623047,90.13999938964844,197
2026-06-11T15:06:00.000Z,CL,90.12999725341797,90.36000061035156,90.12999725341797,90.33999633789062,573
2026-06-11T15:07:00.000Z,CL,90.36000061035156,90.38999938964844,90.23999786376953,90.30000305175781,500
2026-06-11T15:08:00.000Z,CL,90.31999969482422,90.37999725341797,90.2699966430664,90.37999725341797,237
2026-06-11T15:09:00.000Z,CL,90.37000274658203,90.48999786376953,90.33999633789062,90.45999908447266,343
2026-06-11T15:10:00.000Z,CL,90.4800033569336,90.48999786376953,90.33999633789062,90.37999725341797,159
2026-06-11T15:11:00.000Z,CL,90.37000274658203,90.44999694824219,90.31999969482422,90.37000274658203,306
2026-06-11T15:12:00.000Z,CL,90.37000274658203,90.37000274658203,90.02999877929688,90.23999786376953,1123
2026-06-11T15:13:00.000Z,CL,90.26000213623047,90.30000305175781,90.25,90.30000305175781,172
2026-06-11T15:14:00.000Z,CL,90.29000091552734,90.5,90.29000091552734,90.4800033569336,319
2026-06-11T15:15:00.000Z,CL,90.4800033569336,90.5199966430664,90.4000015258789,90.41000366210938,182
2026-06-11T15:16:00.000Z,CL,90.38999938964844,90.4000015258789,90.31999969482422,90.33999633789062,146
2026-06-11T15:17:00.000Z,CL,90.3499984741211,90.44000244140625,90.31999969482422,90.41999816894531,154
2026-06-11T15:18:00.000Z,CL,90.43000030517578,90.55000305175781,90.41000366210938,90.48999786376953,274
2026-06-11T15:19:00.000Z,CL,90.5,90.55000305175781,90.47000122070312,90.4800033569336,434
2026-06-11T15:20:00.000Z,CL,90.4800033569336,90.54000091552734,90.30000305175781,90.3499984741211,309
2026-06-11T15:21:00.000Z,CL,90.33999633789062,90.4000015258789,90.29000091552734,90.33000183105469,222
2026-06-11T15:22:00.000Z,CL,90.33000183105469,90.41999816894531,90.30999755859375,90.36000061035156,175
2026-06-11T15:23:00.000Z,CL,90.38999938964844,90.44000244140625,90.33000183105469,90.37000274658203,298
2026-06-11T15:24:00.000Z,CL,90.37999725341797,90.37999725341797,90.2699966430664,90.27999877929688,252
2026-06-11T15:25:00.000Z,CL,90.27999877929688,90.30000305175781,90.20999908447266,90.2300033569336,158
2026-06-11T15:26:00.000Z,CL,90.22000122070312,90.27999877929688,90.19000244140625,90.25,121
2026-06-11T15:27:00.000Z,CL,90.23999786376953,90.33999633789062,90.23999786376953,90.33999633789062,83
2026-06-11T15:28:00.000Z,CL,90.31999969482422,90.47000122070312,90.27999877929688,90.41000366210938,218
2026-06-11T15:29:00.000Z,CL,90.4000015258789,90.4800033569336,90.36000061035156,90.47000122070312,322
2026-06-11T15:30:00.000Z,CL,90.4800033569336,90.55000305175781,90.37000274658203,90.51000213623047,465
2026-06-11T15:31:00.000Z,CL,90.5199966430664,90.58000183105469,90.47000122070312,90.47000122070312,266
2026-06-11T15:32:00.000Z,CL,90.45999908447266,90.54000091552734,90.44999694824219,90.54000091552734,242
2026-06-11T15:33:00.000Z,CL,90.55000305175781,90.70999908447266,90.55000305175781,90.62000274658203,438
2026-06-11T15:34:00.000Z,CL,90.62999725341797,90.66999816894531,90.58000183105469,90.63999938964844,115
2026-06-11T15:35:00.000Z,CL,90.63999938964844,90.80999755859375,90.62999725341797,90.6500015258789,731
2026-06-11T15:36:00.000Z,CL,90.66999816894531,90.81999969482422,90.66999816894531,90.70999908447266,332
2026-06-11T15:37:00.000Z,CL,90.72000122070312,90.76000213623047,90.69000244140625,90.73999786376953,165
2026-06-11T15:38:00.000Z,CL,90.73999786376953,90.87000274658203,90.73999786376953,90.87000274658203,136
2026-06-11T15:39:00.000Z,CL,90.87000274658203,90.9800033569336,90.83999633789062,90.91000366210938,279
2026-06-11T15:40:00.000Z,CL,90.9000015258789,90.93000030517578,90.81999969482422,90.91999816894531,439
2026-06-11T15:41:00.000Z,CL,90.94000244140625,91.05999755859375,90.93000030517578,91.05000305175781,400
2026-06-11T15:42:00.000Z,CL,91.05000305175781,91.11000061035156,91.0,91.08999633789062,261
2026-06-11T15:43:00.000Z,CL,91.08999633789062,91.19999694824219,91.05000305175781,91.19000244140625,292
2026-06-11T15:44:00.000Z,CL,91.16000366210938,91.20999908447266,91.05000305175781,91.05000305175781,541
2026-06-11T15:45:00.000Z,CL,91.05000305175781,91.16999816894531,91.05000305175781,91.13999938964844,286
2026-06-11T15:46:00.000Z,CL,91.1500015258789,91.1500015258789,90.93000030517578,90.94000244140625,309
2026-06-11T15:47:00.000Z,CL,90.94000244140625,90.98999786376953,90.88999938964844,90.9800033569336,407
2026-06-11T15:48:00.000Z,CL,90.98999786376953,91.05000305175781,90.97000122070312,91.05000305175781,288
2026-06-11T15:49:00.000Z,CL,91.05000305175781,91.08000183105469,90.98999786376953,91.02999877929688,258
2026-06-11T15:50:00.000Z,CL,91.05000305175781,91.05000305175781,90.98999786376953,91.0199966430664,148
2026-06-11T15:51:00.000Z,CL,91.01000213623047,91.04000091552734,90.9800033569336,91.0199966430664,129
2026-06-11T15:52:00.000Z,CL,91.02999877929688,91.06999969482422,91.0199966430664,91.04000091552734,95
2026-06-11T15:53:00.000Z,CL,91.05000305175781,91.06999969482422,91.02999877929688,91.05999755859375,118
2026-06-11T15:54:00.000Z,CL,91.05000305175781,91.05999755859375,91.0,91.01000213623047,220
2026-06-11T15:55:00.000Z,CL,91.0,91.0999984741211,90.87999725341797,90.94999694824219,606
2026-06-11T15:56:00.000Z,CL,90.95999908447266,91.04000091552734,90.88999938964844,90.91000366210938,437
2026-06-11T15:57:00.000Z,CL,90.91000366210938,90.94999694824219,90.91000366210938,90.91999816894531,95
2026-06-11T15:58:00.000Z,CL,90.93000030517578,90.97000122070312,90.91000366210938,90.94999694824219,281
2026-06-11T15:59:00.000Z,CL,90.94999694824219,90.95999908447266,90.80000305175781,90.83999633789062,347
2026-06-11T16:00:00.000Z,CL,90.83999633789062,90.87000274658203,90.73999786376953,90.7699966430664,313
2026-06-11T16:01:00.000Z,CL,90.77999877929688,90.80000305175781,90.69999694824219,90.75,303
2026-06-11T16:02:00.000Z,CL,90.76000213623047,90.77999877929688,90.6500015258789,90.75,237
2026-06-11T16:03:00.000Z,CL,90.76000213623047,90.87000274658203,90.73999786376953,90.86000061035156,335
2026-06-11T16:04:00.000Z,CL,90.8499984741211,90.91000366210938,90.80000305175781,90.87000274658203,419
2026-06-11T16:05:00.000Z,CL,90.8499984741211,90.86000061035156,90.79000091552734,90.83000183105469,198
2026-06-11T16:06:00.000Z,CL,90.81999969482422,90.88999938964844,90.75,90.88999938964844,218
2026-06-11T16:07:00.000Z,CL,90.88999938964844,90.88999938964844,90.80000305175781,90.80999755859375,169
2026-06-11T16:08:00.000Z,CL,90.80000305175781,90.86000061035156,90.80000305175781,90.8499984741211,74
2026-06-11T16:09:00.000Z,CL,90.86000061035156,90.88999938964844,90.8499984741211,90.86000061035156,148
2026-06-11T16:10:00.000Z,CL,90.86000061035156,90.94999694824219,90.83999633789062,90.91999816894531,185
2026-06-11T16:11:00.000Z,CL,90.91999816894531,90.93000030517578,90.86000061035156,90.88999938964844,176
2026-06-11T16:12:00.000Z,CL,90.87999725341797,90.91999816894531,90.87000274658203,90.88999938964844,268
2026-06-11T16:13:00.000Z,CL,90.87999725341797,91.0199966430664,90.87999725341797,91.01000213623047,218
2026-06-11T16:14:00.000Z,CL,91.01000213623047,91.01000213623047,90.9800033569336,90.98999786376953,85
2026-06-11T16:15:00.000Z,CL,90.9800033569336,90.9800033569336,90.87000274658203,90.93000030517578,374
2026-06-11T16:16:00.000Z,CL,90.93000030517578,90.95999908447266,90.93000030517578,90.95999908447266,52
2026-06-11T16:17:00.000Z,CL,90.95999908447266,91.08999633789062,90.95999908447266,91.08000183105469,224
2026-06-11T16:18:00.000Z,CL,91.06999969482422,91.0999984741211,91.0,91.08000183105469,416
2026-06-11T16:19:00.000Z,CL,91.06999969482422,91.0999984741211,91.0,91.08000183105469,222
2026-06-11T16:20:00.000Z,CL,91.05999755859375,91.05999755859375,90.94999694824219,91.05000305175781,244
2026-06-11T16:21:00.000Z,CL,91.04000091552734,91.5,91.04000091552734,91.26000213623047,1535
2026-06-11T16:22:00.000Z,CL,91.23999786376953,91.33000183105469,91.2300033569336,91.2699966430664,254
2026-06-11T16:23:00.000Z,CL,91.27999877929688,91.30000305175781,91.19999694824219,91.20999908447266,157
2026-06-11T16:24:00.000Z,CL,91.20999908447266,91.25,91.18000030517578,91.19999694824219,204
2026-06-11T16:25:00.000Z,CL,91.18000030517578,91.2300033569336,91.18000030517578,91.22000122070312,83
2026-06-11T16:26:00.000Z,CL,91.20999908447266,91.2300033569336,91.19999694824219,91.22000122070312,172
2026-06-11T16:27:00.000Z,CL,91.22000122070312,91.25,91.20999908447266,91.20999908447266,114
2026-06-11T16:28:00.000Z,CL,91.20999908447266,91.22000122070312,91.13999938964844,91.16999816894531,295
2026-06-11T16:29:00.000Z,CL,91.1500015258789,91.19000244140625,91.11000061035156,91.18000030517578,167
2026-06-11T16:30:00.000Z,CL,91.18000030517578,91.27999877929688,91.18000030517578,91.2699966430664,284
2026-06-11T16:31:00.000Z,CL,91.27999877929688,91.29000091552734,91.16999816894531,91.19999694824219,223
2026-06-11T16:32:00.000Z,CL,91.19999694824219,91.20999908447266,91.1500015258789,91.18000030517578,164
2026-06-11T16:33:00.000Z,CL,91.18000030517578,91.22000122070312,91.16000366210938,91.18000030517578,296
2026-06-11T16:34:00.000Z,CL,91.19999694824219,91.23999786376953,91.16000366210938,91.2300033569336,261
2026-06-11T16:35:00.000Z,CL,91.2300033569336,91.33000183105469,91.2300033569336,91.30000305175781,182
2026-06-11T16:36:00.000Z,CL,91.29000091552734,91.30000305175781,91.25,91.29000091552734,150
2026-06-11T16:37:00.000Z,CL,91.29000091552734,91.31999969482422,91.27999877929688,91.30000305175781,173
2026-06-11T16:38:00.000Z,CL,91.30000305175781,91.36000061035156,91.29000091552734,91.30999755859375,247
2026-06-11T16:39:00.000Z,CL,91.31999969482422,91.41999816894531,91.30999755859375,91.38999938964844,257
2026-06-11T16:40:00.000Z,CL,91.37000274658203,91.37999725341797,91.29000091552734,91.33000183105469,376
2026-06-11T16:41:00.000Z,CL,91.31999969482422,91.36000061035156,91.30999755859375,91.30999755859375,137
2026-06-11T16:42:00.000Z,CL,91.30999755859375,91.30999755859375,91.22000122070312,91.23999786376953,289
2026-06-11T16:43:00.000Z,CL,91.23999786376953,91.23999786376953,91.16999816894531,91.18000030517578,343
2026-06-11T16:44:00.000Z,CL,91.16000366210938,91.16000366210938,91.04000091552734,91.05000305175781,393
2026-06-11T16:45:00.000Z,CL,91.04000091552734,91.05000305175781,90.91000366210938,90.93000030517578,274
2026-06-11T16:46:00.000Z,CL,90.94999694824219,90.95999908447266,90.83999633789062,90.87999725341797,262
2026-06-11T16:47:00.000Z,CL,90.87000274658203,90.91000366210938,90.83999633789062,90.91000366210938,141
2026-06-11T16:48:00.000Z,CL,90.9000015258789,90.93000030517578,90.83999633789062,90.8499984741211,232
2026-06-11T16:49:00.000Z,CL,90.83999633789062,90.91000366210938,90.80999755859375,90.81999969482422,243
2026-06-11T16:50:00.000Z,CL,90.83000183105469,90.87000274658203,90.76000213623047,90.7699966430664,186
2026-06-11T16:51:00.000Z,CL,90.7699966430664,90.7699966430664,90.69000244140625,90.7300033569336,443
2026-06-11T16:52:00.000Z,CL,90.7300033569336,90.79000091552734,90.70999908447266,90.79000091552734,235
2026-06-11T16:53:00.000Z,CL,90.79000091552734,90.80000305175781,90.69999694824219,90.75,134
2026-06-11T16:54:00.000Z,CL,90.75,90.7699966430664,90.69999694824219,90.73999786376953,324
2026-06-11T16:55:00.000Z,CL,90.7300033569336,90.7699966430664,90.70999908447266,90.73999786376953,157
2026-06-11T16:56:00.000Z,CL,90.7300033569336,90.76000213623047,90.68000030517578,90.69000244140625,221
2026-06-11T16:57:00.000Z,CL,90.69000244140625,90.75,90.66999816894531,90.72000122070312,194
2026-06-11T16:58:00.000Z,CL,90.7300033569336,90.83000183105469,90.7300033569336,90.83000183105469,163
2026-06-11T16:59:00.000Z,CL,90.81999969482422,90.88999938964844,90.79000091552734,90.83999633789062,239
2026-06-11T17:00:00.000Z,CL,90.8499984741211,90.91999816894531,90.81999969482422,90.83999633789062,234
2026-06-11T17:01:00.000Z,CL,90.83000183105469,90.8499984741211,90.61000061035156,90.7699966430664,820
2026-06-11T17:02:00.000Z,CL,90.76000213623047,90.81999969482422,90.70999908447266,90.72000122070312,261
2026-06-11T17:03:00.000Z,CL,90.7300033569336,90.87000274658203,90.72000122070312,90.81999969482422,475
2026-06-11T17:04:00.000Z,CL,90.80999755859375,90.80999755859375,90.63999938964844,90.66999816894531,159
2026-06-11T17:05:00.000Z,CL,90.68000030517578,90.70999908447266,90.58000183105469,90.58000183105469,368
2026-06-11T17:06:00.000Z,CL,90.56999969482422,90.69999694824219,90.55000305175781,90.66000366210938,220
2026-06-11T17:07:00.000Z,CL,90.66000366210938,90.68000030517578,90.54000091552734,90.58999633789062,492
2026-06-11T17:08:00.000Z,CL,90.58000183105469,90.69999694824219,90.58000183105469,90.66999816894531,237
2026-06-11T17:09:00.000Z,CL,90.66000366210938,90.66000366210938,90.56999969482422,90.56999969482422,231
2026-06-11T17:10:00.000Z,CL,90.55999755859375,90.58000183105469,90.4800033569336,90.54000091552734,385
2026-06-11T17:11:00.000Z,CL,90.55000305175781,90.58999633789062,90.37000274658203,90.41000366210938,461
2026-06-11T17:12:00.000Z,CL,90.43000030517578,90.43000030517578,90.3499984741211,90.36000061035156,263
2026-06-11T17:13:00.000Z,CL,90.3499984741211,90.62000274658203,90.31999969482422,90.41999816894531,1008
2026-06-11T17:14:00.000Z,CL,90.41000366210938,90.43000030517578,90.3499984741211,90.36000061035156,126
2026-06-11T17:15:00.000Z,CL,90.37000274658203,90.41000366210938,90.37000274658203,90.38999938964844,193
2026-06-11T17:16:00.000Z,CL,90.38999938964844,90.38999938964844,90.33999633789062,90.36000061035156,166
2026-06-11T17:17:00.000Z,CL,90.3499984741211,90.37000274658203,90.33000183105469,90.36000061035156,128
2026-06-11T17:18:00.000Z,CL,90.36000061035156,90.4000015258789,90.31999969482422,90.37000274658203,279
2026-06-11T17:19:00.000Z,CL,90.36000061035156,90.36000061035156,90.18000030517578,90.2300033569336,461
2026-06-11T17:20:00.000Z,CL,90.2300033569336,90.29000091552734,90.16999816894531,90.16999816894531,293
2026-06-11T17:21:00.000Z,CL,90.18000030517578,90.25,90.18000030517578,90.18000030517578,533
2026-06-11T17:22:00.000Z,CL,90.16999816894531,90.19000244140625,90.12000274658203,90.16000366210938,293
2026-06-11T17:23:00.000Z,CL,90.1500015258789,90.19999694824219,90.08999633789062,90.12000274658203,274
2026-06-11T17:24:00.000Z,CL,90.12999725341797,90.16999816894531,90.08000183105469,90.16999816894531,275
2026-06-11T17:25:00.000Z,CL,90.16000366210938,90.29000091552734,90.16000366210938,90.19000244140625,346
2026-06-11T17:26:00.000Z,CL,90.18000030517578,90.23999786376953,90.16999816894531,90.19999694824219,318
2026-06-11T17:27:00.000Z,CL,90.19999694824219,90.19999694824219,90.12999725341797,90.12999725341797,143
2026-06-11T17:28:00.000Z,CL,90.12999725341797,90.18000030517578,88.54000091552734,89.19999694824219,2888
2026-06-11T17:29:00.000Z,CL,89.27999877929688,89.37000274658203,88.27999877929688,88.36000061035156,4936
2026-06-11T17:30:00.000Z,CL,88.37999725341797,88.41000366210938,87.30999755859375,87.58999633789062,4064
2026-06-11T17:31:00.000Z,CL,87.61000061035156,87.97000122070312,87.4000015258789,87.73999786376953,2638
2026-06-11T17:32:00.000Z,CL,87.70999908447266,87.80000305175781,87.08999633789062,87.12999725341797,2233
2026-06-11T17:33:00.000Z,CL,87.12000274658203,87.5,87.06999969482422,87.4800033569336,1910
2026-06-11T17:34:00.000Z,CL,87.48999786376953,87.5,86.9000015258789,87.0,2691
2026-06-11T17:35:00.000Z,CL,86.98999786376953,87.20999908447266,86.8499984741211,87.12000274658203,1163
2026-06-11T17:36:00.000Z,CL,87.13999938964844,87.25,86.63999938964844,87.22000122070312,1600
2026-06-11T17:37:00.000Z,CL,87.19999694824219,87.19999694824219,86.87999725341797,87.0199966430664,1092
2026-06-11T17:38:00.000Z,CL,87.02999877929688,87.16000366210938,86.55000305175781,86.61000061035156,1026
2026-06-11T17:39:00.000Z,CL,86.62999725341797,86.79000091552734,86.58000183105469,86.58000183105469,800
2026-06-11T17:40:00.000Z,CL,86.5999984741211,86.95999908447266,86.55999755859375,86.75,1657
2026-06-11T17:41:00.000Z,CL,86.73999786376953,86.87000274658203,86.54000091552734,86.72000122070312,1097
2026-06-11T17:42:00.000Z,CL,86.70999908447266,86.86000061035156,86.6500015258789,86.72000122070312,585
2026-06-11T17:43:00.000Z,CL,86.72000122070312,86.87000274658203,86.62999725341797,86.80999755859375,567
2026-06-11T17:44:00.000Z,CL,86.80000305175781,86.8499984741211,86.5999984741211,86.7300033569336,780
2026-06-11T17:45:00.000Z,CL,86.7300033569336,87.11000061035156,86.61000061035156,87.08999633789062,1126
2026-06-11T17:46:00.000Z,CL,87.08000183105469,87.26000213623047,87.04000091552734,87.18000030517578,855
2026-06-11T17:47:00.000Z,CL,87.19000244140625,87.19000244140625,87.0199966430664,87.11000061035156,947
2026-06-11T17:48:00.000Z,CL,87.12000274658203,87.2300033569336,87.02999877929688,87.11000061035156,649
2026-06-11T17:49:00.000Z,CL,87.13999938964844,87.26000213623047,87.12000274658203,87.19000244140625,353
2026-06-11T17:50:00.000Z,CL,87.19999694824219,87.38999938964844,87.13999938964844,87.30000305175781,704
2026-06-11T17:51:00.000Z,CL,87.30000305175781,87.31999969482422,87.0199966430664,87.04000091552734,464
2026-06-11T17:52:00.000Z,CL,87.0199966430664,87.18000030517578,86.88999938964844,87.13999938964844,751
2026-06-11T17:53:00.000Z,CL,87.1500015258789,87.2300033569336,87.06999969482422,87.18000030517578,529
2026-06-11T17:54:00.000Z,CL,87.19000244140625,87.27999877929688,87.1500015258789,87.16999816894531,626
2026-06-11T17:55:00.000Z,CL,87.19000244140625,87.27999877929688,87.06999969482422,87.0999984741211,529
2026-06-11T17:56:00.000Z,CL,87.0999984741211,87.43000030517578,87.05999755859375,87.23999786376953,1015
2026-06-11T17:57:00.000Z,CL,87.23999786376953,87.36000061035156,87.1500015258789,87.26000213623047,576
2026-06-11T17:58:00.000Z,CL,87.2699966430664,87.43000030517578,87.16999816894531,87.38999938964844,851
2026-06-11T17:59:00.000Z,CL,87.4000015258789,87.5,87.30000305175781,87.38999938964844,873
2026-06-11T18:00:00.000Z,CL,87.38999938964844,87.45999908447266,87.3499984741211,87.41000366210938,417
2026-06-11T18:01:00.000Z,CL,87.41999816894531,87.62999725341797,87.41000366210938,87.61000061035156,450
2026-06-11T18:02:00.000Z,CL,87.61000061035156,87.83999633789062,87.56999969482422,87.80000305175781,1408
2026-06-11T18:03:00.000Z,CL,87.80000305175781,88.0,87.75,87.94999694824219,1150
2026-06-11T18:04:00.000Z,CL,87.94999694824219,88.04000091552734,87.83999633789062,87.91000366210938,866
2026-06-11T18:05:00.000Z,CL,87.91000366210938,88.29000091552734,87.91000366210938,88.2300033569336,874
2026-06-11T18:06:00.000Z,CL,88.2300033569336,88.26000213623047,88.13999938964844,88.19000244140625,405
2026-06-11T18:07:00.000Z,CL,88.19000244140625,88.2699966430664,88.11000061035156,88.16000366210938,439
2026-06-11T18:08:00.000Z,CL,88.13999938964844,88.18000030517578,88.01000213623047,88.08999633789062,547
2026-06-11T18:09:00.000Z,CL,88.12000274658203,88.26000213623047,88.12000274658203,88.20999908447266,489
2026-06-11T18:10:00.000Z,CL,88.19999694824219,88.19999694824219,87.97000122070312,88.05000305175781,517
2026-06-11T18:11:00.000Z,CL,88.06999969482422,88.06999969482422,87.69999694824219,87.69999694824219,657
2026-06-11T18:12:00.000Z,CL,87.69999694824219,87.72000122070312,87.58999633789062,87.62999725341797,593
2026-06-11T18:13:00.000Z,CL,87.62000274658203,87.66999816894531,87.54000091552734,87.58999633789062,474
2026-06-11T18:14:00.000Z,CL,87.58000183105469,87.63999938964844,87.55000305175781,87.55999755859375,337
2026-06-11T18:15:00.000Z,CL,87.55999755859375,87.66999816894531,87.44000244140625,87.5199966430664,766
2026-06-11T18:16:00.000Z,CL,87.52999877929688,87.62000274658203,87.45999908447266,87.45999908447266,545
2026-06-11T18:17:00.000Z,CL,87.45999908447266,87.54000091552734,87.4000015258789,87.45999908447266,401
2026-06-11T18:18:00.000Z,CL,87.45999908447266,87.45999908447266,87.31999969482422,87.33000183105469,476
2026-06-11T18:19:00.000Z,CL,87.33000183105469,87.4000015258789,87.27999877929688,87.31999969482422,701
2026-06-11T18:20:00.000Z,CL,87.31999969482422,87.3499984741211,87.16000366210938,87.29000091552734,634
2026-06-11T18:21:00.000Z,CL,87.30000305175781,87.33000183105469,87.11000061035156,87.18000030517578,552
2026-06-11T18:22:00.000Z,CL,87.18000030517578,87.86000061035156,87.16999816894531,87.58999633789062,2517
2026-06-11T18:23:00.000Z,CL,87.58000183105469,87.76000213623047,87.43000030517578,87.62999725341797,1163
2026-06-11T18:24:00.000Z,CL,87.5999984741211,87.62999725341797,87.47000122070312,87.56999969482422,427
2026-06-11T18:25:00.000Z,CL,87.58000183105469,87.69999694824219,87.44000244140625,87.44000244140625,922
2026-06-11T18:26:00.000Z,CL,87.44000244140625,87.54000091552734,87.43000030517578,87.48999786376953,735
2026-06-11T18:27:00.000Z,CL,87.48999786376953,87.62000274658203,87.45999908447266,87.58000183105469,655
2026-06-11T18:28:00.000Z,CL,87.56999969482422,87.77999877929688,87.44999694824219,87.7300033569336,4432
2026-06-11T18:29:00.000Z,CL,87.73999786376953,87.86000061035156,87.66000366210938,87.80999755859375,5115
2026-06-11T18:30:00.000Z,CL,87.80999755859375,87.95999908447266,87.7699966430664,87.91000366210938,786
2026-06-11T18:31:00.000Z,CL,87.93000030517578,88.08000183105469,87.91999816894531,88.05000305175781,395
2026-06-11T18:32:00.000Z,CL,88.05999755859375,88.31999969482422,88.05999755859375,88.25,501
2026-06-11T18:33:00.000Z,CL,88.25,88.25,87.98999786376953,88.01000213623047,439
2026-06-11T18:34:00.000Z,CL,88.02999877929688,88.06999969482422,87.94999694824219,88.05000305175781,254
2026-06-11T18:35:00.000Z,CL,88.05999755859375,88.1500015258789,88.04000091552734,88.12000274658203,176
2026-06-11T18:36:00.000Z,CL,88.12000274658203,88.12999725341797,87.9800033569336,87.98999786376953,388
2026-06-11T18:37:00.000Z,CL,87.97000122070312,88.05000305175781,87.95999908447266,87.95999908447266,122
2026-06-11T18:38:00.000Z,CL,87.95999908447266,87.98999786376953,87.9000015258789,87.93000030517578,185
2026-06-11T18:39:00.000Z,CL,87.94000244140625,88.01000213623047,87.9000015258789,87.94999694824219,150
2026-06-11T18:40:00.000Z,CL,87.94999694824219,88.0,87.86000061035156,87.98999786376953,181
2026-06-11T18:41:00.000Z,CL,87.98999786376953,88.02999877929688,87.95999908447266,88.02999877929688,420
2026-06-11T18:42:00.000Z,CL,88.05000305175781,88.08000183105469,87.97000122070312,87.97000122070312,118
2026-06-11T18:43:00.000Z,CL,87.97000122070312,88.01000213623047,87.94000244140625,87.98999786376953,214
2026-06-11T18:44:00.000Z,CL,88.0,88.06999969482422,87.98999786376953,88.05999755859375,103
2026-06-11T18:45:00.000Z,CL,88.08999633789062,88.0999984741211,88.01000213623047,88.02999877929688,125
2026-06-11T18:46:00.000Z,CL,88.04000091552734,88.08000183105469,88.01000213623047,88.08000183105469,46
2026-06-11T18:47:00.000Z,CL,88.11000061035156,88.12000274658203,87.98999786376953,88.08000183105469,229
2026-06-11T18:48:00.000Z,CL,88.08999633789062,88.12000274658203,88.06999969482422,88.08999633789062,82
2026-06-11T18:49:00.000Z,CL,88.0999984741211,88.13999938964844,88.08999633789062,88.11000061035156,96
2026-06-11T18:50:00.000Z,CL,88.12000274658203,88.12000274658203,87.95999908447266,88.08999633789062,165
2026-06-11T18:51:00.000Z,CL,88.0999984741211,88.12000274658203,88.02999877929688,88.04000091552734,112
2026-06-11T18:52:00.000Z,CL,88.0199966430664,88.06999969482422,88.01000213623047,88.0199966430664,126
2026-06-11T18:53:00.000Z,CL,88.02999877929688,88.06999969482422,87.98999786376953,88.02999877929688,408
2026-06-11T18:54:00.000Z,CL,88.04000091552734,88.08000183105469,88.02999877929688,88.08000183105469,40
2026-06-11T18:55:00.000Z,CL,88.05999755859375,88.16000366210938,88.05000305175781,88.0999984741211,165
2026-06-11T18:56:00.000Z,CL,88.0999984741211,88.11000061035156,87.77999877929688,87.9800033569336,773
2026-06-11T18:57:00.000Z,CL,87.97000122070312,87.9800033569336,87.83000183105469,87.86000061035156,187
2026-06-11T18:58:00.000Z,CL,87.86000061035156,87.86000061035156,87.7699966430664,87.81999969482422,177
2026-06-11T18:59:00.000Z,CL,87.83000183105469,87.83999633789062,87.77999877929688,87.80000305175781,137
2026-06-11T19:00:00.000Z,CL,87.77999877929688,87.79000091552734,87.55000305175781,87.58000183105469,320
2026-06-11T19:01:00.000Z,CL,87.5999984741211,87.7300033569336,87.5999984741211,87.7300033569336,171
2026-06-11T19:02:00.000Z,CL,87.7300033569336,87.77999877929688,87.70999908447266,87.70999908447266,119
2026-06-11T19:03:00.000Z,CL,87.70999908447266,87.76000213623047,87.69000244140625,87.69000244140625,118
2026-06-11T19:04:00.000Z,CL,87.69000244140625,87.69999694824219,87.54000091552734,87.54000091552734,109
2026-06-11T19:05:00.000Z,CL,87.55000305175781,87.7300033569336,87.5,87.7300033569336,85
2026-06-11T19:06:00.000Z,CL,87.70999908447266,87.77999877929688,87.5999984741211,87.73999786376953,168
2026-06-11T19:07:00.000Z,CL,87.7300033569336,87.8499984741211,87.7300033569336,87.83999633789062,69
2026-06-11T19:08:00.000Z,CL,87.83000183105469,87.8499984741211,87.80000305175781,87.81999969482422,38
2026-06-11T19:09:00.000Z,CL,87.80000305175781,87.80000305175781,87.4800033569336,87.58999633789062,501
2026-06-11T19:10:00.000Z,CL,87.5999984741211,87.6500015258789,87.58000183105469,87.62000274658203,93
2026-06-11T19:11:00.000Z,CL,87.62999725341797,87.70999908447266,87.41000366210938,87.48999786376953,382
2026-06-11T19:12:00.000Z,CL,87.5,87.68000030517578,87.13999938964844,87.4000015258789,1334
2026-06-11T19:13:00.000Z,CL,87.41000366210938,87.61000061035156,87.37999725341797,87.51000213623047,369
2026-06-11T19:14:00.000Z,CL,87.5199966430664,87.66000366210938,87.4800033569336,87.62999725341797,552
2026-06-11T19:15:00.000Z,CL,87.62000274658203,87.62000274658203,87.27999877929688,87.27999877929688,363
2026-06-11T19:16:00.000Z,CL,87.27999877929688,87.31999969482422,87.0,87.04000091552734,321
2026-06-11T19:17:00.000Z,CL,87.04000091552734,87.27999877929688,86.9800033569336,87.19000244140625,1112
2026-06-11T19:18:00.000Z,CL,87.18000030517578,87.18000030517578,87.08000183105469,87.0999984741211,139
2026-06-11T19:19:00.000Z,CL,87.13999938964844,87.19000244140625,87.05999755859375,87.05999755859375,111
2026-06-11T19:20:00.000Z,CL,87.05000305175781,87.08999633789062,86.94999694824219,87.04000091552734,473
2026-06-11T19:21:00.000Z,CL,87.04000091552734,87.06999969482422,86.95999908447266,86.98999786376953,253
2026-06-11T19:22:00.000Z,CL,87.0,87.08999633789062,86.91999816894531,86.95999908447266,299
2026-06-11T19:23:00.000Z,CL,86.97000122070312,87.05999755859375,86.81999969482422,86.91999816894531,311
2026-06-11T19:24:00.000Z,CL,86.91000366210938,86.95999908447266,86.88999938964844,86.9000015258789,173
2026-06-11T19:25:00.000Z,CL,86.9000015258789,86.93000030517578,86.83999633789062,86.86000061035156,107
2026-06-11T19:26:00.000Z,CL,86.8499984741211,86.86000061035156,86.69000244140625,86.80999755859375,227
2026-06-11T19:27:00.000Z,CL,86.80000305175781,86.93000030517578,86.75,86.9000015258789,231
2026-06-11T19:28:00.000Z,CL,86.91000366210938,86.91000366210938,86.75,86.7699966430664,188
2026-06-11T19:29:00.000Z,CL,86.76000213623047,86.77999877929688,86.69999694824219,86.7300033569336,236
2026-06-11T19:30:00.000Z,CL,86.73999786376953,86.75,86.1500015258789,86.20999908447266,1999
2026-06-11T19:31:00.000Z,CL,86.23999786376953,86.38999938964844,86.06999969482422,86.36000061035156,770
2026-06-11T19:32:00.000Z,CL,86.37000274658203,86.44000244140625,86.01000213623047,86.18000030517578,585
2026-06-11T19:33:00.000Z,CL,86.19999694824219,86.48999786376953,86.12999725341797,86.12999725341797,358
2026-06-11T19:34:00.000Z,CL,86.1500015258789,86.2300033569336,85.94000244140625,85.95999908447266,782
2026-06-11T19:35:00.000Z,CL,85.97000122070312,86.08999633789062,85.87000274658203,86.06999969482422,628
2026-06-11T19:36:00.000Z,CL,86.04000091552734,86.18000030517578,85.9000015258789,86.0199966430664,572
2026-06-11T19:37:00.000Z,CL,86.02999877929688,86.08000183105469,85.86000061035156,85.9000015258789,357
2026-06-11T19:38:00.000Z,CL,85.91999816894531,86.06999969482422,85.80999755859375,86.0,463
2026-06-11T19:39:00.000Z,CL,85.98999786376953,86.2300033569336,85.91999816894531,86.22000122070312,404
2026-06-11T19:40:00.000Z,CL,86.19999694824219,86.19999694824219,85.91999816894531,86.01000213623047,298
2026-06-11T19:41:00.000Z,CL,86.0,86.13999938964844,85.97000122070312,86.08999633789062,288
2026-06-11T19:42:00.000Z,CL,86.12000274658203,86.1500015258789,86.05999755859375,86.08999633789062,134
2026-06-11T19:43:00.000Z,CL,86.08000183105469,86.19000244140625,86.05999755859375,86.0999984741211,238
2026-06-11T19:44:00.000Z,CL,86.11000061035156,86.29000091552734,86.08000183105469,86.27999877929688,253
2026-06-11T19:45:00.000Z,CL,86.27999877929688,86.44000244140625,86.2300033569336,86.41000366210938,303
2026-06-11T19:46:00.000Z,CL,86.41999816894531,86.55999755859375,86.37999725341797,86.55999755859375,458
2026-06-11T19:47:00.000Z,CL,86.52999877929688,86.54000091552734,86.33999633789062,86.36000061035156,154
2026-06-11T19:48:00.000Z,CL,86.36000061035156,86.4800033569336,86.33999633789062,86.45999908447266,84
2026-06-11T19:49:00.000Z,CL,86.45999908447266,86.52999877929688,86.41000366210938,86.48999786376953,134
2026-06-11T19:50:00.000Z,CL,86.5,86.56999969482422,86.43000030517578,86.55000305175781,142
2026-06-11T19:51:00.000Z,CL,86.55999755859375,86.56999969482422,86.48999786376953,86.55999755859375,162
2026-06-11T19:52:00.000Z,CL,86.55999755859375,86.62999725341797,86.5,86.5999984741211,161
2026-06-11T19:53:00.000Z,CL,86.5999984741211,86.62999725341797,86.47000122070312,86.51000213623047,170
2026-06-11T19:54:00.000Z,CL,86.5,86.54000091552734,86.37999725341797,86.4000015258789,64
2026-06-11T19:55:00.000Z,CL,86.4000015258789,86.43000030517578,86.33000183105469,86.37999725341797,148
2026-06-11T19:56:00.000Z,CL,86.37999725341797,86.43000030517578,86.36000061035156,86.38999938964844,180
2026-06-11T19:57:00.000Z,CL,86.37999725341797,86.41999816894531,86.33999633789062,86.41999816894531,269
2026-06-11T19:58:00.000Z,CL,86.43000030517578,86.58000183105469,86.4000015258789,86.45999908447266,264
2026-06-11T19:59:00.000Z,CL,86.47000122070312,86.54000091552734,86.41999816894531,86.52999877929688,275
2026-06-11T20:00:00.000Z,CL,86.54000091552734,86.54000091552734,86.44000244140625,86.44999694824219,109
2026-06-11T20:01:00.000Z,CL,86.47000122070312,86.5199966430664,86.08000183105469,86.41999816894531,526
2026-06-11T20:02:00.000Z,CL,86.41000366210938,86.44999694824219,86.08000183105469,86.33000183105469,306
2026-06-11T20:03:00.000Z,CL,86.30999755859375,86.33999633789062,86.11000061035156,86.16000366210938,183
2026-06-11T20:04:00.000Z,CL,86.16000366210938,86.19999694824219,86.06999969482422,86.16000366210938,169
2026-06-11T20:05:00.000Z,CL,86.12000274658203,86.20999908447266,86.08999633789062,86.19000244140625,161
2026-06-11T20:06:00.000Z,CL,86.19999694824219,86.3499984741211,86.19999694824219,86.23999786376953,169
2026-06-11T20:07:00.000Z,CL,86.23999786376953,86.25,86.16000366210938,86.22000122070312,64
2026-06-11T20:08:00.000Z,CL,86.20999908447266,86.2699966430664,86.12999725341797,86.2699966430664,60
2026-06-11T20:09:00.000Z,CL,86.2699966430664,86.30000305175781,86.20999908447266,86.29000091552734,38
2026-06-11T20:10:00.000Z,CL,86.30999755859375,86.45999908447266,86.30999755859375,86.43000030517578,223
2026-06-11T20:11:00.000Z,CL,86.43000030517578,86.5,86.41999816894531,86.44999694824219,148
2026-06-11T20:12:00.000Z,CL,86.45999908447266,86.58999633789062,86.45999908447266,86.47000122070312,122
2026-06-11T20:13:00.000Z,CL,86.4800033569336,86.4800033569336,86.33000183105469,86.33000183105469,39
2026-06-11T20:14:00.000Z,CL,86.31999969482422,86.33000183105469,86.2300033569336,86.2300033569336,90
2026-06-11T20:15:00.000Z,CL,86.2300033569336,86.30000305175781,86.22000122070312,86.27999877929688,48
2026-06-11T20:16:00.000Z,CL,86.30000305175781,86.30000305175781,86.2300033569336,86.2300033569336,10
2026-06-11T20:17:00.000Z,CL,86.23999786376953,86.2699966430664,86.22000122070312,86.26000213623047,7
2026-06-11T20:18:00.000Z,CL,86.2699966430664,86.33000183105469,86.2699966430664,86.33000183105469,16
2026-06-11T20:19:00.000Z,CL,86.36000061035156,86.36000061035156,86.3499984741211,86.3499984741211,10
2026-06-11T20:20:00.000Z,CL,86.37000274658203,86.37000274658203,86.18000030517578,86.19000244140625,89
2026-06-11T20:21:00.000Z,CL,86.19999694824219,86.20999908447266,86.0999984741211,86.11000061035156,87
2026-06-11T20:22:00.000Z,CL,86.12000274658203,86.19000244140625,86.08999633789062,86.13999938964844,212
2026-06-11T20:23:00.000Z,CL,86.16999816894531,86.18000030517578,86.08000183105469,86.08999633789062,124
2026-06-11T20:24:00.000Z,CL,86.0999984741211,86.13999938964844,86.0199966430664,86.06999969482422,78
2026-06-11T20:25:00.000Z,CL,86.06999969482422,86.08000183105469,86.01000213623047,86.04000091552734,34
2026-06-11T20:26:00.000Z,CL,86.0199966430664,86.16000366210938,85.73999786376953,86.12000274658203,546
2026-06-11T20:27:00.000Z,CL,86.12999725341797,86.22000122070312,86.0999984741211,86.20999908447266,206
2026-06-11T20:28:00.000Z,CL,86.22000122070312,86.23999786376953,86.16000366210938,86.18000030517578,90
2026-06-11T20:29:00.000Z,CL,86.11000061035156,86.1500015258789,85.97000122070312,86.0,67
2026-06-11T20:30:00.000Z,CL,85.98999786376953,86.01000213623047,85.9000015258789,85.98999786376953,161
2026-06-11T20:31:00.000Z,CL,85.97000122070312,86.04000091552734,85.95999908447266,86.0199966430664,50
2026-06-11T20:32:00.000Z,CL,86.01000213623047,86.11000061035156,86.01000213623047,86.11000061035156,39
2026-06-11T20:33:00.000Z,CL,86.13999938964844,86.19999694824219,86.13999938964844,86.16000366210938,47
2026-06-11T20:34:00.000Z,CL,86.18000030517578,86.30000305175781,86.18000030517578,86.30000305175781,66
2026-06-11T20:35:00.000Z,CL,86.29000091552734,86.56999969482422,86.29000091552734,86.31999969482422,373
2026-06-11T20:36:00.000Z,CL,86.33999633789062,86.37000274658203,86.26000213623047,86.30000305175781,117
2026-06-11T20:37:00.000Z,CL,86.31999969482422,86.44999694824219,86.29000091552734,86.43000030517578,214
2026-06-11T20:38:00.000Z,CL,86.4000015258789,86.54000091552734,86.4000015258789,86.5199966430664,140
2026-06-11T20:39:00.000Z,CL,86.5,86.5,86.38999938964844,86.41000366210938,48
2026-06-11T20:40:00.000Z,CL,86.41999816894531,86.41999816894531,86.27999877929688,86.30000305175781,61
2026-06-11T20:41:00.000Z,CL,86.30000305175781,86.43000030517578,86.30000305175781,86.43000030517578,57
2026-06-11T20:42:00.000Z,CL,86.41000366210938,86.44999694824219,86.37999725341797,86.41000366210938,48
2026-06-11T20:43:00.000Z,CL,86.4000015258789,86.41999816894531,86.37999725341797,86.37999725341797,47
2026-06-11T20:44:00.000Z,CL,86.37999725341797,86.37999725341797,86.30999755859375,86.37000274658203,74
2026-06-11T20:45:00.000Z,CL,86.36000061035156,86.44999694824219,86.33999633789062,86.44999694824219,70
2026-06-11T20:46:00.000Z,CL,86.44999694824219,86.48999786376953,86.44999694824219,86.44999694824219,56
2026-06-11T20:47:00.000Z,CL,86.45999908447266,86.47000122070312,86.41000366210938,86.41999816894531,23
2026-06-11T20:48:00.000Z,CL,86.41999816894531,86.45999908447266,86.41999816894531,86.44000244140625,52
2026-06-11T20:49:00.000Z,CL,86.43000030517578,86.43000030517578,86.33999633789062,86.3499984741211,95
2026-06-11T20:50:00.000Z,CL,86.3499984741211,86.38999938964844,86.2699966430664,86.37000274658203,122
2026-06-11T20:51:00.000Z,CL,86.37000274658203,86.43000030517578,86.3499984741211,86.43000030517578,8
2026-06-11T20:52:00.000Z,CL,86.41999816894531,86.47000122070312,86.4000015258789,86.47000122070312,56
2026-06-11T20:53:00.000Z,CL,86.44999694824219,86.58999633789062,86.44999694824219,86.55000305175781,117
2026-06-11T20:54:00.000Z,CL,86.54000091552734,86.56999969482422,86.48999786376953,86.48999786376953,76
2026-06-11T20:55:00.000Z,CL,86.5,86.52999877929688,86.44999694824219,86.48999786376953,119
2026-06-11T20:56:00.000Z,CL,86.48999786376953,86.48999786376953,86.44000244140625,86.47000122070312,82
2026-06-11T20:57:00.000Z,CL,86.4800033569336,86.54000091552734,86.45999908447266,86.51000213623047,51
2026-06-11T20:58:00.000Z,CL,86.52999877929688,86.52999877929688,86.4800033569336,86.4800033569336,55
2026-06-11T20:59:00.000Z,CL,86.45999908447266,86.4800033569336,86.4000015258789,86.41999816894531,121
2026-06-11T22:00:00.000Z,CL,86.63999938964844,86.63999938964844,85.66000366210938,85.68000030517578,0
2026-06-11T22:01:00.000Z,CL,85.69000244140625,85.93000030517578,85.69000244140625,85.80000305175781,454
2026-06-11T22:02:00.000Z,CL,85.86000061035156,85.86000061035156,85.61000061035156,85.61000061035156,279
2026-06-11T22:03:00.000Z,CL,85.62999725341797,85.62999725341797,85.4000015258789,85.5,321
2026-06-11T22:04:00.000Z,CL,85.51000213623047,85.55999755859375,85.41999816894531,85.44999694824219,131
2026-06-11T22:05:00.000Z,CL,85.41999816894531,85.51000213623047,85.19999694824219,85.5,257
2026-06-11T22:06:00.000Z,CL,85.48999786376953,85.56999969482422,85.47000122070312,85.5,89
2026-06-11T22:07:00.000Z,CL,85.44000244140625,85.44999694824219,85.13999938964844,85.29000091552734,162
2026-06-11T22:08:00.000Z,CL,85.26000213623047,85.30000305175781,85.12999725341797,85.2300033569336,104
2026-06-11T22:09:00.000Z,CL,85.27999877929688,85.38999938964844,85.23999786376953,85.30000305175781,129
2026-06-11T22:10:00.000Z,CL,85.30000305175781,85.45999908447266,85.30000305175781,85.33000183105469,153
2026-06-11T22:11:00.000Z,CL,85.36000061035156,85.41000366210938,85.2699966430664,85.41000366210938,56
2026-06-11T22:12:00.000Z,CL,85.41999816894531,85.70999908447266,85.41999816894531,85.66999816894531,137
2026-06-11T22:13:00.000Z,CL,85.66999816894531,85.69999694824219,85.56999969482422,85.62000274658203,33
2026-06-11T22:14:00.000Z,CL,85.63999938964844,85.79000091552734,85.63999938964844,85.75,70
2026-06-11T22:15:00.000Z,CL,85.75,85.80000305175781,85.7300033569336,85.79000091552734,48
2026-06-11T22:16:00.000Z,CL,85.77999877929688,85.77999877929688,85.72000122070312,85.76000213623047,20
2026-06-11T22:17:00.000Z,CL,85.76000213623047,85.80999755859375,85.75,85.77999877929688,14
2026-06-11T22:18:00.000Z,CL,85.80999755859375,85.80999755859375,85.75,85.75,19
2026-06-11T22:19:00.000Z,CL,85.7699966430664,85.83000183105469,85.7699966430664,85.81999969482422,24
2026-06-11T22:20:00.000Z,CL,85.83999633789062,85.8499984741211,85.80000305175781,85.8499984741211,19
2026-06-11T22:21:00.000Z,CL,85.8499984741211,85.87000274658203,85.80000305175781,85.80000305175781,18
2026-06-11T22:22:00.000Z,CL,85.81999969482422,85.81999969482422,85.63999938964844,85.66000366210938,100
2026-06-11T22:23:00.000Z,CL,85.66000366210938,85.75,85.66000366210938,85.7300033569336,36
2026-06-11T22:24:00.000Z,CL,85.70999908447266,85.73999786376953,85.66000366210938,85.69000244140625,16
2026-06-11T22:25:00.000Z,CL,85.69999694824219,85.75,85.68000030517578,85.70999908447266,35
2026-06-11T22:26:00.000Z,CL,85.72000122070312,85.72000122070312,85.66000366210938,85.69999694824219,15
2026-06-11T22:27:00.000Z,CL,85.69000244140625,85.83999633789062,85.68000030517578,85.77999877929688,41
2026-06-11T22:28:00.000Z,CL,85.77999877929688,86.0,85.72000122070312,86.0,97
2026-06-11T22:29:00.000Z,CL,86.0,86.08000183105469,85.9000015258789,86.08000183105469,75
2026-06-11T22:30:00.000Z,CL,86.05000305175781,86.0999984741211,85.9000015258789,86.0199966430664,55
2026-06-11T22:31:00.000Z,CL,85.9800033569336,86.05999755859375,85.97000122070312,85.97000122070312,30
2026-06-11T22:32:00.000Z,CL,85.94000244140625,85.9800033569336,85.9000015258789,85.91000366210938,24
2026-06-11T22:33:00.000Z,CL,85.9000015258789,85.93000030517578,85.9000015258789,85.91999816894531,16
2026-06-11T22:34:00.000Z,CL,85.93000030517578,85.94999694824219,85.93000030517578,85.93000030517578,15
2026-06-11T22:35:00.000Z,CL,85.94999694824219,85.94999694824219,85.9000015258789,85.9000015258789,43
2026-06-11T22:36:00.000Z,CL,85.88999938964844,85.94000244140625,85.88999938964844,85.91000366210938,16
2026-06-11T22:37:00.000Z,CL,85.94000244140625,85.95999908447266,85.94000244140625,85.95999908447266,8
2026-06-11T22:38:00.000Z,CL,85.94999694824219,86.0199966430664,85.94000244140625,86.0199966430664,23
2026-06-11T22:39:00.000Z,CL,86.01000213623047,86.01000213623047,85.95999908447266,85.95999908447266,9
2026-06-11T22:40:00.000Z,CL,85.9800033569336,85.9800033569336,85.83999633789062,85.9000015258789,22
2026-06-11T22:41:00.000Z,CL,85.91000366210938,85.93000030517578,85.88999938964844,85.9000015258789,7
2026-06-11T22:42:00.000Z,CL,85.91999816894531,85.95999908447266,85.66000366210938,85.66999816894531,96
2026-06-11T22:43:00.000Z,CL,85.70999908447266,85.83999633789062,85.70999908447266,85.77999877929688,176
2026-06-11T22:44:00.000Z,CL,85.83000183105469,85.83000183105469,85.72000122070312,85.80000305175781,101
2026-06-11T22:45:00.000Z,CL,85.80000305175781,85.80000305175781,85.72000122070312,85.75,131
2026-06-11T22:46:00.000Z,CL,85.76000213623047,85.76000213623047,85.69999694824219,85.76000213623047,30
2026-06-11T22:47:00.000Z,CL,85.79000091552734,85.83999633789062,85.79000091552734,85.80000305175781,14
2026-06-11T22:48:00.000Z,CL,85.81999969482422,85.94000244140625,85.81999969482422,85.88999938964844,21
2026-06-11T22:49:00.000Z,CL,85.9000015258789,85.91000366210938,85.88999938964844,85.91000366210938,9
2026-06-11T22:50:00.000Z,CL,85.91999816894531,85.91999816894531,85.87000274658203,85.87999725341797,7
2026-06-11T22:51:00.000Z,CL,85.87000274658203,85.91999816894531,85.87000274658203,85.91999816894531,5
2026-06-11T22:52:00.000Z,CL,85.94000244140625,85.95999908447266,85.9000015258789,85.9000015258789,7
2026-06-11T22:53:00.000Z,CL,85.93000030517578,85.94999694824219,85.91000366210938,85.93000030517578,8
2026-06-11T22:54:00.000Z,CL,85.91999816894531,85.93000030517578,85.91000366210938,85.93000030517578,14
2026-06-11T22:55:00.000Z,CL,85.91999816894531,85.93000030517578,85.86000061035156,85.86000061035156,25
2026-06-11T22:56:00.000Z,CL,85.87000274658203,85.94999694824219,85.87000274658203,85.88999938964844,15
2026-06-11T22:57:00.000Z,CL,85.9000015258789,85.93000030517578,85.9000015258789,85.93000030517578,7
2026-06-11T22:58:00.000Z,CL,85.91000366210938,85.94000244140625,85.91000366210938,85.93000030517578,5
2026-06-11T22:59:00.000Z,CL,85.94000244140625,85.97000122070312,85.93000030517578,85.94999694824219,11
2026-06-11T23:00:00.000Z,CL,85.94000244140625,85.94999694824219,85.87999725341797,85.87999725341797,30
2026-06-11T23:01:00.000Z,CL,85.86000061035156,85.86000061035156,85.69000244140625,85.7300033569336,80
2026-06-11T23:02:00.000Z,CL,85.73999786376953,85.80999755859375,85.69999694824219,85.76000213623047,41
2026-06-11T23:03:00.000Z,CL,85.77999877929688,85.83000183105469,85.75,85.80999755859375,12
2026-06-11T23:04:00.000Z,CL,85.8499984741211,85.8499984741211,85.77999877929688,85.79000091552734,289
2026-06-11T23:05:00.000Z,CL,85.80999755859375,85.80999755859375,85.7699966430664,85.7699966430664,89
2026-06-11T23:06:00.000Z,CL,85.77999877929688,85.87000274658203,85.7699966430664,85.86000061035156,26
2026-06-11T23:07:00.000Z,CL,85.87000274658203,85.87000274658203,85.77999877929688,85.83999633789062,155
2026-06-11T23:08:00.000Z,CL,85.8499984741211,85.88999938964844,85.77999877929688,85.80000305175781,105
2026-06-11T23:09:00.000Z,CL,85.77999877929688,85.81999969482422,85.77999877929688,85.77999877929688,55
2026-06-11T23:10:00.000Z,CL,85.80000305175781,85.81999969482422,85.79000091552734,85.80000305175781,26
2026-06-11T23:11:00.000Z,CL,85.80999755859375,85.8499984741211,85.80999755859375,85.8499984741211,11
2026-06-11T23:13:00.000Z,CL,85.8499984741211,85.8499984741211,85.8499984741211,85.8499984741211,1
2026-06-11T23:14:00.000Z,CL,85.8499984741211,85.87000274658203,85.83000183105469,85.83000183105469,9
2026-06-11T23:15:00.000Z,CL,85.83999633789062,85.86000061035156,85.83999633789062,85.8499984741211,9
2026-06-11T23:16:00.000Z,CL,85.86000061035156,85.87999725341797,85.86000061035156,85.87000274658203,11
2026-06-11T23:17:00.000Z,CL,85.87999725341797,85.88999938964844,85.87000274658203,85.87999725341797,10
2026-06-11T23:18:00.000Z,CL,85.87000274658203,85.87999725341797,85.86000061035156,85.87000274658203,5
2026-06-11T23:19:00.000Z,CL,85.87999725341797,85.87999725341797,85.8499984741211,85.8499984741211,16
2026-06-11T23:20:00.000Z,CL,85.87000274658203,85.87999725341797,85.87000274658203,85.87000274658203,6
2026-06-11T23:21:00.000Z,CL,85.87000274658203,85.87000274658203,85.83999633789062,85.83999633789062,8
2026-06-11T23:22:00.000Z,CL,85.83999633789062,85.83999633789062,85.77999877929688,85.80000305175781,15
2026-06-11T23:23:00.000Z,CL,85.80000305175781,85.83000183105469,85.77999877929688,85.83000183105469,22
2026-06-11T23:24:00.000Z,CL,85.83000183105469,85.83999633789062,85.83000183105469,85.83999633789062,8
2026-06-11T23:25:00.000Z,CL,85.83999633789062,85.8499984741211,85.80999755859375,85.80999755859375,21
2026-06-11T23:26:00.000Z,CL,85.80999755859375,85.91000366210938,85.80999755859375,85.91000366210938,14
2026-06-11T23:27:00.000Z,CL,85.87999725341797,85.87999725341797,85.83000183105469,85.83000183105469,10
2026-06-11T23:28:00.000Z,CL,85.83999633789062,85.83999633789062,85.83999633789062,85.83999633789062,1
2026-06-11T23:29:00.000Z,CL,85.8499984741211,85.86000061035156,85.83999633789062,85.83999633789062,8
2026-06-11T23:30:00.000Z,CL,85.86000061035156,85.86000061035156,85.86000061035156,85.86000061035156,2
2026-06-11T23:31:00.000Z,CL,85.87999725341797,85.94999694824219,85.87999725341797,85.94999694824219,32
2026-06-11T23:32:00.000Z,CL,85.93000030517578,85.95999908447266,85.9000015258789,85.95999908447266,15
2026-06-11T23:33:00.000Z,CL,85.94000244140625,85.94999694824219,85.91999816894531,85.94000244140625,7
2026-06-11T23:34:00.000Z,CL,85.94999694824219,85.95999908447266,85.94999694824219,85.95999908447266,8
2026-06-11T23:35:00.000Z,CL,85.94999694824219,85.94999694824219,85.9000015258789,85.91999816894531,27
2026-06-11T23:36:00.000Z,CL,85.91999816894531,86.0,85.91999816894531,85.9800033569336,18
2026-06-11T23:37:00.000Z,CL,85.97000122070312,85.97000122070312,85.95999908447266,85.97000122070312,7
2026-06-11T23:38:00.000Z,CL,85.97000122070312,86.0199966430664,85.97000122070312,86.01000213623047,12
2026-06-11T23:39:00.000Z,CL,86.0,86.04000091552734,85.98999786376953,86.0,23
2026-06-11T23:40:00.000Z,CL,85.97000122070312,85.97000122070312,85.91999816894531,85.94999694824219,30
2026-06-11T23:41:00.000Z,CL,85.94000244140625,86.0999984741211,85.94000244140625,86.04000091552734,60
2026-06-11T23:42:00.000Z,CL,86.05999755859375,86.0999984741211,86.0,86.0199966430664,35
2026-06-11T23:43:00.000Z,CL,86.0199966430664,86.05000305175781,86.0,86.0199966430664,11
2026-06-11T23:44:00.000Z,CL,86.01000213623047,86.01000213623047,86.01000213623047,86.01000213623047,2
2026-06-11T23:45:00.000Z,CL,86.01000213623047,86.02999877929688,86.0,86.0,10
2026-06-11T23:46:00.000Z,CL,86.0199966430664,86.06999969482422,86.0199966430664,86.06999969482422,12
2026-06-11T23:47:00.000Z,CL,86.06999969482422,86.0999984741211,86.06999969482422,86.0999984741211,8
2026-06-11T23:48:00.000Z,CL,86.0999984741211,86.12999725341797,86.06999969482422,86.12999725341797,20
2026-06-11T23:49:00.000Z,CL,86.12999725341797,86.19999694824219,86.12999725341797,86.19000244140625,37
2026-06-11T23:50:00.000Z,CL,86.18000030517578,86.19000244140625,86.12000274658203,86.12999725341797,39
2026-06-11T23:51:00.000Z,CL,86.11000061035156,86.12000274658203,86.0999984741211,86.0999984741211,14
2026-06-11T23:52:00.000Z,CL,86.0999984741211,86.12000274658203,86.0999984741211,86.11000061035156,7
2026-06-11T23:53:00.000Z,CL,86.08999633789062,86.0999984741211,86.08999633789062,86.08999633789062,10
2026-06-11T23:54:00.000Z,CL,86.08000183105469,86.08000183105469,86.05000305175781,86.06999969482422,11
2026-06-11T23:55:00.000Z,CL,86.02999877929688,86.06999969482422,86.02999877929688,86.06999969482422,31
2026-06-11T23:56:00.000Z,CL,86.05999755859375,86.06999969482422,86.05000305175781,86.05999755859375,7
2026-06-11T23:57:00.000Z,CL,86.05000305175781,86.08000183105469,86.05000305175781,86.08000183105469,14
2026-06-11T23:58:00.000Z,CL,86.06999969482422,86.08999633789062,86.05999755859375,86.08999633789062,49
2026-06-11T23:59:00.000Z,CL,86.0999984741211,86.0999984741211,86.05999755859375,86.05999755859375,19
2026-06-12T00:00:00.000Z,CL,86.06999969482422,86.33999633789062,86.04000091552734,86.29000091552734,336
2026-06-12T00:01:00.000Z,CL,86.30000305175781,86.37999725341797,86.2699966430664,86.33999633789062,87
2026-06-12T00:02:00.000Z,CL,86.33999633789062,86.37000274658203,86.30000305175781,86.3499984741211,66
2026-06-12T00:03:00.000Z,CL,86.36000061035156,86.44000244140625,86.3499984741211,86.3499984741211,73
2026-06-12T00:04:00.000Z,CL,86.3499984741211,86.36000061035156,86.30999755859375,86.36000061035156,49
2026-06-12T00:05:00.000Z,CL,86.36000061035156,86.36000061035156,86.23999786376953,86.27999877929688,97
2026-06-12T00:06:00.000Z,CL,86.27999877929688,86.41999816894531,86.26000213623047,86.4000015258789,64
2026-06-12T00:07:00.000Z,CL,86.4000015258789,86.4000015258789,86.30999755859375,86.33000183105469,63
2026-06-12T00:08:00.000Z,CL,86.30999755859375,86.4000015258789,86.30000305175781,86.4000015258789,23
2026-06-12T00:09:00.000Z,CL,86.4000015258789,86.4000015258789,86.2300033569336,86.2300033569336,39
2026-06-12T00:10:00.000Z,CL,86.23999786376953,86.2699966430664,86.19999694824219,86.25,52
2026-06-12T00:11:00.000Z,CL,86.2300033569336,86.31999969482422,86.2300033569336,86.30000305175781,25
2026-06-12T00:12:00.000Z,CL,86.30999755859375,86.4000015258789,86.29000091552734,86.33000183105469,39
2026-06-12T00:13:00.000Z,CL,86.3499984741211,86.3499984741211,86.27999877929688,86.29000091552734,12
2026-06-12T00:14:00.000Z,CL,86.29000091552734,86.29000091552734,86.25,86.25,9
2026-06-12T00:15:00.000Z,CL,86.2699966430664,86.31999969482422,86.2699966430664,86.30999755859375,26
2026-06-12T00:16:00.000Z,CL,86.31999969482422,86.31999969482422,86.30000305175781,86.31999969482422,13
2026-06-12T00:17:00.000Z,CL,86.31999969482422,86.33999633789062,86.30999755859375,86.33000183105469,19
2026-06-12T00:18:00.000Z,CL,86.30999755859375,86.33999633789062,86.2699966430664,86.30999755859375,38
2026-06-12T00:19:00.000Z,CL,86.33000183105469,86.33999633789062,86.29000091552734,86.30999755859375,37
2026-06-12T00:20:00.000Z,CL,86.33999633789062,86.3499984741211,86.27999877929688,86.29000091552734,42
2026-06-12T00:21:00.000Z,CL,86.30000305175781,86.30999755859375,86.2300033569336,86.26000213623047,45
2026-06-12T00:22:00.000Z,CL,86.27999877929688,86.29000091552734,86.2300033569336,86.23999786376953,27
2026-06-12T00:23:00.000Z,CL,86.2300033569336,86.26000213623047,86.20999908447266,86.20999908447266,22
2026-06-12T00:24:00.000Z,CL,86.19000244140625,86.22000122070312,86.19000244140625,86.19999694824219,36
2026-06-12T00:25:00.000Z,CL,86.19000244140625,86.2300033569336,86.18000030517578,86.19000244140625,42
2026-06-12T00:26:00.000Z,CL,86.19999694824219,86.27999877929688,86.19999694824219,86.23999786376953,21
2026-06-12T00:27:00.000Z,CL,86.2300033569336,86.25,86.20999908447266,86.25,22
2026-06-12T00:28:00.000Z,CL,86.22000122070312,86.29000091552734,86.20999908447266,86.25,32
2026-06-12T00:29:00.000Z,CL,86.2300033569336,86.29000091552734,86.20999908447266,86.29000091552734,26
2026-06-12T00:30:00.000Z,CL,86.30000305175781,86.30999755859375,86.2699966430664,86.27999877929688,26
2026-06-12T00:31:00.000Z,CL,86.26000213623047,86.33000183105469,86.26000213623047,86.33000183105469,53
2026-06-12T00:32:00.000Z,CL,86.30000305175781,86.30000305175781,86.23999786376953,86.26000213623047,18
2026-06-12T00:33:00.000Z,CL,86.26000213623047,86.41000366210938,86.25,86.36000061035156,52
2026-06-12T00:34:00.000Z,CL,86.36000061035156,86.37000274658203,86.33999633789062,86.36000061035156,22
2026-06-12T00:35:00.000Z,CL,86.33000183105469,86.36000061035156,86.33000183105469,86.3499984741211,4
2026-06-12T00:36:00.000Z,CL,86.33999633789062,86.37999725341797,86.30000305175781,86.37999725341797,29
2026-06-12T00:37:00.000Z,CL,86.4000015258789,86.45999908447266,86.37000274658203,86.44999694824219,56
2026-06-12T00:38:00.000Z,CL,86.44000244140625,86.45999908447266,86.4000015258789,86.44999694824219,33
2026-06-12T00:39:00.000Z,CL,86.44999694824219,86.4800033569336,86.44000244140625,86.47000122070312,33
2026-06-12T00:40:00.000Z,CL,86.4800033569336,86.5999984741211,86.4800033569336,86.54000091552734,132
2026-06-12T00:41:00.000Z,CL,86.54000091552734,86.54000091552734,86.4800033569336,86.48999786376953,39
2026-06-12T00:42:00.000Z,CL,86.4800033569336,86.55000305175781,86.4800033569336,86.55000305175781,26
2026-06-12T00:43:00.000Z,CL,86.52999877929688,86.52999877929688,86.5,86.5199966430664,10
2026-06-12T00:44:00.000Z,CL,86.51000213623047,86.51000213623047,86.43000030517578,86.43000030517578,35
2026-06-12T00:45:00.000Z,CL,86.41999816894531,86.43000030517578,86.33000183105469,86.3499984741211,27
2026-06-12T00:46:00.000Z,CL,86.3499984741211,86.4000015258789,86.3499984741211,86.38999938964844,17
2026-06-12T00:47:00.000Z,CL,86.37999725341797,86.44000244140625,86.37999725341797,86.41000366210938,69
2026-06-12T00:48:00.000Z,CL,86.4000015258789,86.4000015258789,86.4000015258789,86.4000015258789,1
2026-06-12T00:49:00.000Z,CL,86.4000015258789,86.4000015258789,86.4000015258789,86.4000015258789,11
2026-06-12T00:50:00.000Z,CL,86.4000015258789,86.4000015258789,86.4000015258789,86.4000015258789,1
2026-06-12T00:51:00.000Z,CL,86.38999938964844,86.38999938964844,86.33999633789062,86.36000061035156,12
2026-06-12T00:52:00.000Z,CL,86.36000061035156,86.47000122070312,86.36000061035156,86.41999816894531,39
2026-06-12T00:53:00.000Z,CL,86.43000030517578,86.47000122070312,86.43000030517578,86.47000122070312,15
2026-06-12T00:54:00.000Z,CL,86.45999908447266,86.5,86.45999908447266,86.5,25
2026-06-12T00:55:00.000Z,CL,86.5,86.56999969482422,86.5,86.52999877929688,48
2026-06-12T00:56:00.000Z,CL,86.52999877929688,86.54000091552734,86.4800033569336,86.52999877929688,31
2026-06-12T00:57:00.000Z,CL,86.55000305175781,86.73999786376953,86.55000305175781,86.7300033569336,131
2026-06-12T00:58:00.000Z,CL,86.69999694824219,86.69999694824219,86.62000274658203,86.68000030517578,61
2026-06-12T00:59:00.000Z,CL,86.66000366210938,86.69000244140625,86.63999938964844,86.63999938964844,30
2026-06-12T01:00:00.000Z,CL,86.62999725341797,86.91999816894531,86.61000061035156,86.83000183105469,426
2026-06-12T01:01:00.000Z,CL,86.80000305175781,86.87999725341797,86.6500015258789,86.73999786376953,136
2026-06-12T01:02:00.000Z,CL,86.80000305175781,86.88999938964844,86.70999908447266,86.75,85
2026-06-12T01:03:00.000Z,CL,86.79000091552734,86.79000091552734,86.6500015258789,86.69000244140625,125
2026-06-12T01:04:00.000Z,CL,86.69000244140625,86.73999786376953,86.69000244140625,86.69999694824219,46
2026-06-12T01:05:00.000Z,CL,86.72000122070312,86.79000091552734,86.69999694824219,86.75,27
2026-06-12T01:06:00.000Z,CL,86.70999908447266,86.75,86.69000244140625,86.7300033569336,21
2026-06-12T01:07:00.000Z,CL,86.7300033569336,86.83000183105469,86.69000244140625,86.79000091552734,41
2026-06-12T01:08:00.000Z,CL,86.79000091552734,86.83999633789062,86.7300033569336,86.73999786376953,41
2026-06-12T01:09:00.000Z,CL,86.75,86.7699966430664,86.69000244140625,86.69999694824219,30
2026-06-12T01:10:00.000Z,CL,86.68000030517578,86.72000122070312,86.66000366210938,86.72000122070312,22
2026-06-12T01:11:00.000Z,CL,86.69999694824219,86.77999877929688,86.69999694824219,86.75,29
2026-06-12T01:12:00.000Z,CL,86.75,86.75,86.6500015258789,86.66999816894531,60
2026-06-12T01:13:00.000Z,CL,86.69999694824219,86.72000122070312,86.69000244140625,86.72000122070312,19
2026-06-12T01:14:00.000Z,CL,86.7300033569336,86.76000213623047,86.7300033569336,86.75,13
2026-06-12T01:15:00.000Z,CL,86.77999877929688,86.8499984741211,86.75,86.80000305175781,57
2026-06-12T01:16:00.000Z,CL,86.80000305175781,86.80000305175781,86.7300033569336,86.7300033569336,14
2026-06-12T01:17:00.000Z,CL,86.76000213623047,86.80999755859375,86.76000213623047,86.77999877929688,20
2026-06-12T01:18:00.000Z,CL,86.75,86.77999877929688,86.69999694824219,86.69999694824219,39
2026-06-12T01:19:00.000Z,CL,86.69000244140625,86.72000122070312,86.68000030517578,86.69999694824219,21
2026-06-12T01:20:00.000Z,CL,86.69000244140625,86.69000244140625,86.66999816894531,86.68000030517578,6
2026-06-12T01:21:00.000Z,CL,86.66000366210938,86.69999694824219,86.66000366210938,86.69000244140625,23
2026-06-12T01:22:00.000Z,CL,86.69000244140625,86.73999786376953,86.69000244140625,86.7300033569336,18
2026-06-12T01:23:00.000Z,CL,86.75,86.75,86.69000244140625,86.70999908447266,15
2026-06-12T01:24:00.000Z,CL,86.75,86.77999877929688,86.75,86.77999877929688,10
2026-06-12T01:25:00.000Z,CL,86.77999877929688,86.79000091552734,86.72000122070312,86.76000213623047,24
2026-06-12T01:26:00.000Z,CL,86.76000213623047,86.76000213623047,86.7300033569336,86.7300033569336,6
2026-06-12T01:27:00.000Z,CL,86.69999694824219,86.70999908447266,86.68000030517578,86.69999694824219,28
2026-06-12T01:28:00.000Z,CL,86.69000244140625,86.72000122070312,86.66999816894531,86.70999908447266,19
2026-06-12T01:29:00.000Z,CL,86.69999694824219,86.69999694824219,86.66999816894531,86.69000244140625,13
2026-06-12T01:30:00.000Z,CL,86.69999694824219,86.69999694824219,86.62999725341797,86.62999725341797,34
2026-06-12T01:31:00.000Z,CL,86.63999938964844,86.66000366210938,86.62999725341797,86.6500015258789,17
2026-06-12T01:32:00.000Z,CL,86.66999816894531,86.66999816894531,86.55999755859375,86.62000274658203,66
2026-06-12T01:33:00.000Z,CL,86.62000274658203,86.6500015258789,86.5999984741211,86.61000061035156,50
2026-06-12T01:34:00.000Z,CL,86.61000061035156,86.63999938964844,86.5999984741211,86.62999725341797,32
2026-06-12T01:35:00.000Z,CL,86.61000061035156,86.63999938964844,86.61000061035156,86.63999938964844,11
2026-06-12T01:36:00.000Z,CL,86.62999725341797,86.70999908447266,86.5999984741211,86.70999908447266,49
2026-06-12T01:37:00.000Z,CL,86.70999908447266,86.73999786376953,86.66999816894531,86.72000122070312,27
2026-06-12T01:38:00.000Z,CL,86.69999694824219,86.75,86.66999816894531,86.73999786376953,17
2026-06-12T01:39:00.000Z,CL,86.70999908447266,86.70999908447266,86.66000366210938,86.66999816894531,26
2026-06-12T01:40:00.000Z,CL,86.63999938964844,86.66999816894531,86.63999938964844,86.66999816894531,4
2026-06-12T01:41:00.000Z,CL,86.66999816894531,86.68000030517578,86.66000366210938,86.68000030517578,5
2026-06-12T01:42:00.000Z,CL,86.69999694824219,86.80999755859375,86.69999694824219,86.80000305175781,190
2026-06-12T01:43:00.000Z,CL,86.79000091552734,86.80000305175781,86.69999694824219,86.79000091552734,256
2026-06-12T01:44:00.000Z,CL,86.7699966430664,86.88999938964844,86.7699966430664,86.87999725341797,106
2026-06-12T01:45:00.000Z,CL,86.86000061035156,86.86000061035156,86.80999755859375,86.8499984741211,25
2026-06-12T01:46:00.000Z,CL,86.86000061035156,86.87999725341797,86.79000091552734,86.79000091552734,28
2026-06-12T01:47:00.000Z,CL,86.77999877929688,86.77999877929688,86.72000122070312,86.73999786376953,136
2026-06-12T01:48:00.000Z,CL,86.7300033569336,86.77999877929688,86.7300033569336,86.75,121
2026-06-12T01:49:00.000Z,CL,86.76000213623047,86.76000213623047,86.69999694824219,86.70999908447266,41
2026-06-12T01:50:00.000Z,CL,86.69999694824219,86.76000213623047,86.69000244140625,86.73999786376953,18
2026-06-12T01:51:00.000Z,CL,86.73999786376953,86.86000061035156,86.70999908447266,86.79000091552734,46
2026-06-12T01:52:00.000Z,CL,86.80000305175781,86.83999633789062,86.80000305175781,86.81999969482422,7
2026-06-12T01:53:00.000Z,CL,86.81999969482422,86.87000274658203,86.80000305175781,86.87000274658203,17
2026-06-12T01:54:00.000Z,CL,86.86000061035156,86.87000274658203,86.8499984741211,86.86000061035156,7
2026-06-12T01:55:00.000Z,CL,86.87999725341797,86.87999725341797,86.81999969482422,86.8499984741211,13
2026-06-12T01:56:00.000Z,CL,86.86000061035156,86.87000274658203,86.79000091552734,86.79000091552734,34
2026-06-12T01:57:00.000Z,CL,86.77999877929688,86.77999877929688,86.75,86.75,11
2026-06-12T01:58:00.000Z,CL,86.7699966430664,86.7699966430664,86.7300033569336,86.75,10
2026-06-12T01:59:00.000Z,CL,86.76000213623047,86.80999755859375,86.73999786376953,86.80999755859375,17
2026-06-12T02:00:00.000Z,CL,86.80000305175781,86.83999633789062,86.79000091552734,86.83999633789062,20
2026-06-12T02:01:00.000Z,CL,86.81999969482422,86.86000061035156,86.76000213623047,86.79000091552734,26
2026-06-12T02:02:00.000Z,CL,86.77999877929688,86.83999633789062,86.7300033569336,86.7300033569336,27
2026-06-12T02:03:00.000Z,CL,86.73999786376953,86.77999877929688,86.7300033569336,86.77999877929688,23
2026-06-12T02:04:00.000Z,CL,86.77999877929688,86.77999877929688,86.69000244140625,86.70999908447266,18
2026-06-12T02:05:00.000Z,CL,86.72000122070312,86.73999786376953,86.68000030517578,86.68000030517578,23
2026-06-12T02:06:00.000Z,CL,86.69000244140625,86.7300033569336,86.68000030517578,86.72000122070312,33
2026-06-12T02:07:00.000Z,CL,86.70999908447266,86.73999786376953,86.69999694824219,86.73999786376953,6
2026-06-12T02:08:00.000Z,CL,86.76000213623047,86.79000091552734,86.76000213623047,86.79000091552734,10
2026-06-12T02:09:00.000Z,CL,86.77999877929688,86.79000091552734,86.75,86.7699966430664,14
2026-06-12T02:10:00.000Z,CL,86.7699966430664,86.7699966430664,86.70999908447266,86.72000122070312,19
2026-06-12T02:11:00.000Z,CL,86.73999786376953,86.80000305175781,86.73999786376953,86.80000305175781,14
2026-06-12T02:12:00.000Z,CL,86.80000305175781,86.80999755859375,86.79000091552734,86.80000305175781,12
2026-06-12T02:13:00.000Z,CL,86.80000305175781,86.80000305175781,86.75,86.76000213623047,14
2026-06-12T02:14:00.000Z,CL,86.75,86.7699966430664,86.75,86.7699966430664,11
2026-06-12T02:15:00.000Z,CL,86.77999877929688,86.79000091552734,86.77999877929688,86.79000091552734,4
2026-06-12T02:16:00.000Z,CL,86.79000091552734,86.80000305175781,86.77999877929688,86.77999877929688,33
2026-06-12T02:17:00.000Z,CL,86.80000305175781,86.83000183105469,86.80000305175781,86.83000183105469,11
2026-06-12T02:18:00.000Z,CL,86.83000183105469,86.86000061035156,86.83000183105469,86.8499984741211,13
2026-06-12T02:19:00.000Z,CL,86.8499984741211,86.8499984741211,86.83000183105469,86.83000183105469,7
2026-06-12T02:20:00.000Z,CL,86.81999969482422,86.83000183105469,86.80000305175781,86.81999969482422,7
2026-06-12T02:21:00.000Z,CL,86.83999633789062,86.8499984741211,86.80000305175781,86.81999969482422,34
2026-06-12T02:22:00.000Z,CL,86.80999755859375,86.83999633789062,86.80999755859375,86.83999633789062,16
2026-06-12T02:23:00.000Z,CL,86.83999633789062,86.8499984741211,86.83999633789062,86.8499984741211,6
2026-06-12T02:24:00.000Z,CL,86.8499984741211,86.8499984741211,86.8499984741211,86.8499984741211,3
2026-06-12T02:26:00.000Z,CL,86.8499984741211,86.8499984741211,86.80999755859375,86.80999755859375,18
2026-06-12T02:27:00.000Z,CL,86.80000305175781,86.83000183105469,86.80000305175781,86.83000183105469,32
2026-06-12T02:28:00.000Z,CL,86.83000183105469,86.88999938964844,86.83000183105469,86.87999725341797,41
2026-06-12T02:29:00.000Z,CL,86.87999725341797,86.9000015258789,86.86000061035156,86.88999938964844,25
2026-06-12T02:30:00.000Z,CL,86.87999725341797,86.87999725341797,86.7699966430664,86.83000183105469,61
2026-06-12T02:31:00.000Z,CL,86.83000183105469,86.87000274658203,86.83000183105469,86.87000274658203,12
2026-06-12T02:32:00.000Z,CL,86.8499984741211,86.8499984741211,86.81999969482422,86.83000183105469,14
2026-06-12T02:33:00.000Z,CL,86.83999633789062,86.8499984741211,86.80999755859375,86.80999755859375,19
2026-06-12T02:34:00.000Z,CL,86.83000183105469,86.83999633789062,86.80999755859375,86.83999633789062,22
2026-06-12T02:35:00.000Z,CL,86.81999969482422,86.83000183105469,86.81999969482422,86.83000183105469,5
2026-06-12T02:36:00.000Z,CL,86.80000305175781,86.8499984741211,86.79000091552734,86.8499984741211,78
2026-06-12T02:37:00.000Z,CL,86.83999633789062,86.83999633789062,86.80000305175781,86.80000305175781,15
2026-06-12T02:38:00.000Z,CL,86.79000091552734,86.80000305175781,86.7699966430664,86.80000305175781,11
2026-06-12T02:39:00.000Z,CL,86.81999969482422,86.86000061035156,86.81999969482422,86.83000183105469,18
2026-06-12T02:40:00.000Z,CL,86.83999633789062,86.8499984741211,86.80999755859375,86.80999755859375,15
2026-06-12T02:41:00.000Z,CL,86.80999755859375,86.83000183105469,86.80999755859375,86.83000183105469,10
2026-06-12T02:42:00.000Z,CL,86.80000305175781,86.80999755859375,86.77999877929688,86.77999877929688,12
2026-06-12T02:43:00.000Z,CL,86.77999877929688,86.77999877929688,86.73999786376953,86.76000213623047,31
2026-06-12T02:44:00.000Z,CL,86.73999786376953,86.7699966430664,86.73999786376953,86.76000213623047,73
2026-06-12T02:45:00.000Z,CL,86.7300033569336,86.75,86.7300033569336,86.73999786376953,21
2026-06-12T02:46:00.000Z,CL,86.7300033569336,86.7300033569336,86.66000366210938,86.69999694824219,36
2026-06-12T02:47:00.000Z,CL,86.69999694824219,86.73999786376953,86.69999694824219,86.7300033569336,11
2026-06-12T02:48:00.000Z,CL,86.70999908447266,86.70999908447266,86.69000244140625,86.69000244140625,15
2026-06-12T02:49:00.000Z,CL,86.69999694824219,86.69999694824219,86.5999984741211,86.62999725341797,72
2026-06-12T02:50:00.000Z,CL,86.63999938964844,86.63999938964844,86.5999984741211,86.5999984741211,44
2026-06-12T02:51:00.000Z,CL,86.58999633789062,86.58999633789062,86.5,86.5,68
2026-06-12T02:52:00.000Z,CL,86.5199966430664,86.6500015258789,86.5199966430664,86.62000274658203,50
2026-06-12T02:53:00.000Z,CL,86.63999938964844,86.66000366210938,86.62999725341797,86.66000366210938,6
2026-06-12T02:54:00.000Z,CL,86.68000030517578,86.69999694824219,86.66000366210938,86.69000244140625,58
2026-06-12T02:55:00.000Z,CL,86.69000244140625,86.69000244140625,86.6500015258789,86.68000030517578,21
2026-06-12T02:56:00.000Z,CL,86.68000030517578,86.68000030517578,86.6500015258789,86.6500015258789,6
2026-06-12T02:57:00.000Z,CL,86.6500015258789,86.66000366210938,86.62999725341797,86.6500015258789,10
2026-06-12T02:58:00.000Z,CL,86.66999816894531,86.73999786376953,86.66999816894531,86.72000122070312,20
2026-06-12T02:59:00.000Z,CL,86.73999786376953,86.77999877929688,86.69999694824219,86.73999786376953,40
2026-06-12T03:00:00.000Z,CL,86.7300033569336,86.7699966430664,86.72000122070312,86.7699966430664,16
2026-06-12T03:01:00.000Z,CL,86.77999877929688,86.81999969482422,86.77999877929688,86.79000091552734,21
2026-06-12T03:02:00.000Z,CL,86.79000091552734,86.9800033569336,86.79000091552734,86.94000244140625,91
2026-06-12T03:03:00.000Z,CL,86.91999816894531,86.91999816894531,86.86000061035156,86.87000274658203,32
2026-06-12T03:04:00.000Z,CL,86.86000061035156,86.87000274658203,86.83999633789062,86.8499984741211,18
2026-06-12T03:05:00.000Z,CL,86.87000274658203,86.87999725341797,86.86000061035156,86.87000274658203,38
2026-06-12T03:06:00.000Z,CL,86.8499984741211,86.8499984741211,86.83000183105469,86.8499984741211,8
2026-06-12T03:07:00.000Z,CL,86.81999969482422,86.81999969482422,86.79000091552734,86.80999755859375,17
2026-06-12T03:08:00.000Z,CL,86.81999969482422,86.86000061035156,86.80999755859375,86.80999755859375,18
2026-06-12T03:09:00.000Z,CL,86.81999969482422,86.83999633789062,86.79000091552734,86.79000091552734,16
2026-06-12T03:10:00.000Z,CL,86.80999755859375,86.80999755859375,86.79000091552734,86.79000091552734,13
2026-06-12T03:11:00.000Z,CL,86.83000183105469,86.83000183105469,86.75,86.80999755859375,46
2026-06-12T03:12:00.000Z,CL,86.80999755859375,86.86000061035156,86.80999755859375,86.83999633789062,16
2026-06-12T03:13:00.000Z,CL,86.83999633789062,86.8499984741211,86.83000183105469,86.8499984741211,5
2026-06-12T03:14:00.000Z,CL,86.8499984741211,86.9000015258789,86.83999633789062,86.9000015258789,34
2026-06-12T03:15:00.000Z,CL,86.86000061035156,86.87000274658203,86.86000061035156,86.86000061035156,3
2026-06-12T03:16:00.000Z,CL,86.88999938964844,86.88999938964844,86.86000061035156,86.86000061035156,3
2026-06-12T03:17:00.000Z,CL,86.8499984741211,86.94000244140625,86.8499984741211,86.91999816894531,26
2026-06-12T03:18:00.000Z,CL,86.91999816894531,86.94000244140625,86.91000366210938,86.91999816894531,11
2026-06-12T03:19:00.000Z,CL,86.93000030517578,86.9800033569336,86.88999938964844,86.88999938964844,48
2026-06-12T03:20:00.000Z,CL,86.9000015258789,86.91000366210938,86.88999938964844,86.88999938964844,12
2026-06-12T03:21:00.000Z,CL,86.87999725341797,86.87999725341797,86.83000183105469,86.83000183105469,6
2026-06-12T03:22:00.000Z,CL,86.8499984741211,86.86000061035156,86.83999633789062,86.86000061035156,9
2026-06-12T03:23:00.000Z,CL,86.8499984741211,86.87000274658203,86.8499984741211,86.86000061035156,8
2026-06-12T03:24:00.000Z,CL,86.8499984741211,86.87999725341797,86.8499984741211,86.87000274658203,8
2026-06-12T03:25:00.000Z,CL,86.86000061035156,86.86000061035156,86.81999969482422,86.81999969482422,6
2026-06-12T03:26:00.000Z,CL,86.80999755859375,86.80999755859375,86.77999877929688,86.80000305175781,24
2026-06-12T03:27:00.000Z,CL,86.80999755859375,86.81999969482422,86.7699966430664,86.7699966430664,22
2026-06-12T03:28:00.000Z,CL,86.7699966430664,86.77999877929688,86.69999694824219,86.69999694824219,41
2026-06-12T03:29:00.000Z,CL,86.70999908447266,86.73999786376953,86.69000244140625,86.70999908447266,45
2026-06-12T03:30:00.000Z,CL,86.72000122070312,86.76000213623047,86.69000244140625,86.7300033569336,35
2026-06-12T03:31:00.000Z,CL,86.72000122070312,86.72000122070312,86.58999633789062,86.58999633789062,84
2026-06-12T03:32:00.000Z,CL,86.61000061035156,86.63999938964844,86.52999877929688,86.54000091552734,72
2026-06-12T03:33:00.000Z,CL,86.55000305175781,86.55000305175781,86.44000244140625,86.5,69
2026-06-12T03:34:00.000Z,CL,86.51000213623047,86.52999877929688,86.47000122070312,86.4800033569336,22
2026-06-12T03:35:00.000Z,CL,86.48999786376953,86.55999755859375,86.45999908447266,86.55999755859375,50
2026-06-12T03:36:00.000Z,CL,86.56999969482422,86.61000061035156,86.55999755859375,86.5999984741211,14
2026-06-12T03:37:00.000Z,CL,86.62000274658203,86.62000274658203,86.58999633789062,86.58999633789062,14
2026-06-12T03:38:00.000Z,CL,86.5999984741211,86.5999984741211,86.54000091552734,86.54000091552734,26
2026-06-12T03:39:00.000Z,CL,86.55000305175781,86.55000305175781,86.55000305175781,86.55000305175781,1
2026-06-12T03:40:00.000Z,CL,86.55000305175781,86.55999755859375,86.52999877929688,86.55000305175781,8
2026-06-12T03:41:00.000Z,CL,86.51000213623047,86.58000183105469,86.4800033569336,86.58000183105469,24
2026-06-12T03:42:00.000Z,CL,86.55999755859375,86.62999725341797,86.55999755859375,86.62000274658203,20
2026-06-12T03:43:00.000Z,CL,86.62000274658203,86.62000274658203,86.56999969482422,86.5999984741211,70
2026-06-12T03:44:00.000Z,CL,86.5999984741211,86.5999984741211,86.56999969482422,86.58999633789062,8
2026-06-12T03:45:00.000Z,CL,86.5999984741211,86.62000274658203,86.52999877929688,86.55999755859375,75
2026-06-12T03:46:00.000Z,CL,86.56999969482422,86.61000061035156,86.55999755859375,86.5999984741211,14
2026-06-12T03:47:00.000Z,CL,86.58999633789062,86.61000061035156,86.58999633789062,86.5999984741211,25
2026-06-12T03:48:00.000Z,CL,86.58999633789062,86.58999633789062,86.55000305175781,86.55999755859375,16
2026-06-12T03:49:00.000Z,CL,86.56999969482422,86.56999969482422,86.4000015258789,86.43000030517578,93
2026-06-12T03:50:00.000Z,CL,86.43000030517578,86.43000030517578,86.31999969482422,86.43000030517578,165
2026-06-12T03:51:00.000Z,CL,86.41999816894531,86.41999816894531,86.37999725341797,86.38999938964844,23
2026-06-12T03:52:00.000Z,CL,86.41999816894531,86.41999816894531,86.37999725341797,86.38999938964844,9
2026-06-12T03:53:00.000Z,CL,86.38999938964844,86.4000015258789,86.33000183105469,86.37000274658203,16
2026-06-12T03:54:00.000Z,CL,86.3499984741211,86.36000061035156,86.33999633789062,86.3499984741211,9
2026-06-12T03:55:00.000Z,CL,86.33999633789062,86.33999633789062,86.30999755859375,86.33000183105469,20
2026-06-12T03:56:00.000Z,CL,86.33999633789062,86.3499984741211,86.25,86.25,66
2026-06-12T03:57:00.000Z,CL,86.2699966430664,86.30000305175781,86.20999908447266,86.27999877929688,109
2026-06-12T03:58:00.000Z,CL,86.29000091552734,86.31999969482422,86.25,86.27999877929688,59
2026-06-12T04:00:00.000Z,CL,86.25,86.30999755859375,86.20999908447266,86.30000305175781,56
2026-06-12T04:01:00.000Z,CL,86.30000305175781,86.33000183105469,86.29000091552734,86.30000305175781,28
2026-06-12T04:02:00.000Z,CL,86.30999755859375,86.3499984741211,86.30999755859375,86.31999969482422,98
2026-06-12T04:03:00.000Z,CL,86.29000091552734,86.33999633789062,86.29000091552734,86.33000183105469,19
2026-06-12T04:04:00.000Z,CL,86.30999755859375,86.31999969482422,86.29000091552734,86.30000305175781,13
2026-06-12T04:05:00.000Z,CL,86.30999755859375,86.31999969482422,86.2699966430664,86.30000305175781,20
2026-06-12T04:06:00.000Z,CL,86.30999755859375,86.31999969482422,86.29000091552734,86.30999755859375,28
2026-06-12T04:07:00.000Z,CL,86.31999969482422,86.31999969482422,86.29000091552734,86.29000091552734,10
2026-06-12T04:08:00.000Z,CL,86.27999877929688,86.27999877929688,86.22000122070312,86.22000122070312,10
2026-06-12T04:09:00.000Z,CL,86.22000122070312,86.22000122070312,86.1500015258789,86.1500015258789,30
2026-06-12T04:10:00.000Z,CL,86.1500015258789,86.20999908447266,86.13999938964844,86.16999816894531,57
2026-06-12T04:11:00.000Z,CL,86.1500015258789,86.16000366210938,86.06999969482422,86.13999938964844,74
2026-06-12T04:12:00.000Z,CL,86.1500015258789,86.16000366210938,86.12000274658203,86.16000366210938,30
2026-06-12T04:13:00.000Z,CL,86.1500015258789,86.1500015258789,86.12999725341797,86.13999938964844,7
2026-06-12T04:14:00.000Z,CL,86.13999938964844,86.13999938964844,86.08000183105469,86.11000061035156,24
2026-06-12T04:15:00.000Z,CL,86.11000061035156,86.12000274658203,86.0999984741211,86.11000061035156,16
2026-06-12T04:16:00.000Z,CL,86.11000061035156,86.16000366210938,86.11000061035156,86.1500015258789,25
2026-06-12T04:17:00.000Z,CL,86.16000366210938,86.19999694824219,86.13999938964844,86.18000030517578,59
2026-06-12T04:18:00.000Z,CL,86.19000244140625,86.19000244140625,86.16999816894531,86.18000030517578,7
2026-06-12T04:19:00.000Z,CL,86.19999694824219,86.20999908447266,86.16000366210938,86.18000030517578,27
2026-06-12T04:20:00.000Z,CL,86.18000030517578,86.2699966430664,86.18000030517578,86.20999908447266,33
2026-06-12T04:21:00.000Z,CL,86.22000122070312,86.25,86.19999694824219,86.23999786376953,11
2026-06-12T04:22:00.000Z,CL,86.2300033569336,86.23999786376953,86.20999908447266,86.2300033569336,10
2026-06-12T04:23:00.000Z,CL,86.22000122070312,86.25,86.22000122070312,86.25,10
2026-06-12T04:24:00.000Z,CL,86.25,86.26000213623047,86.20999908447266,86.22000122070312,8
2026-06-12T04:25:00.000Z,CL,86.2300033569336,86.2300033569336,86.16999816894531,86.19000244140625,18
2026-06-12T04:26:00.000Z,CL,86.19000244140625,86.19000244140625,86.19000244140625,86.19000244140625,3
2026-06-12T04:27:00.000Z,CL,86.16999816894531,86.18000030517578,86.16999816894531,86.18000030517578,4
2026-06-12T04:28:00.000Z,CL,86.19000244140625,86.20999908447266,86.18000030517578,86.20999908447266,6
2026-06-12T04:29:00.000Z,CL,86.20999908447266,86.22000122070312,86.1500015258789,86.16000366210938,20
2026-06-12T04:30:00.000Z,CL,86.16999816894531,86.16999816894531,86.11000061035156,86.11000061035156,16
2026-06-12T04:31:00.000Z,CL,86.12000274658203,86.13999938964844,86.0999984741211,86.12000274658203,20
2026-06-12T04:32:00.000Z,CL,86.11000061035156,86.11000061035156,86.0999984741211,86.0999984741211,3
2026-06-12T04:33:00.000Z,CL,86.13999938964844,86.13999938964844,86.13999938964844,86.13999938964844,2
2026-06-12T04:34:00.000Z,CL,86.1500015258789,86.16000366210938,86.13999938964844,86.16000366210938,12
2026-06-12T04:35:00.000Z,CL,86.16999816894531,86.16999816894531,86.12999725341797,86.13999938964844,18
2026-06-12T04:36:00.000Z,CL,86.1500015258789,86.23999786376953,86.1500015258789,86.23999786376953,42
2026-06-12T04:37:00.000Z,CL,86.26000213623047,86.26000213623047,86.23999786376953,86.25,9
2026-06-12T04:38:00.000Z,CL,86.2300033569336,86.2300033569336,86.22000122070312,86.22000122070312,3
2026-06-12T04:39:00.000Z,CL,86.23999786376953,86.2699966430664,86.23999786376953,86.25,5
2026-06-12T04:40:00.000Z,CL,86.23999786376953,86.2699966430664,86.2300033569336,86.2699966430664,5
2026-06-12T04:41:00.000Z,CL,86.2699966430664,86.30000305175781,86.26000213623047,86.26000213623047,19
2026-06-12T04:42:00.000Z,CL,86.25,86.26000213623047,86.23999786376953,86.23999786376953,3
2026-06-12T04:43:00.000Z,CL,86.23999786376953,86.23999786376953,86.2300033569336,86.2300033569336,4
2026-06-12T04:44:00.000Z,CL,86.23999786376953,86.23999786376953,86.2300033569336,86.2300033569336,13
2026-06-12T04:45:00.000Z,CL,86.23999786376953,86.23999786376953,86.23999786376953,86.23999786376953,2
2026-06-12T04:46:00.000Z,CL,86.2300033569336,86.25,86.2300033569336,86.25,12
2026-06-12T04:47:00.000Z,CL,86.25,86.33999633789062,86.25,86.33000183105469,49
2026-06-12T04:48:00.000Z,CL,86.33999633789062,86.36000061035156,86.30000305175781,86.30000305175781,31
2026-06-12T04:49:00.000Z,CL,86.30000305175781,86.30000305175781,86.26000213623047,86.2699966430664,32
2026-06-12T04:50:00.000Z,CL,86.26000213623047,86.2699966430664,86.2300033569336,86.2300033569336,17
2026-06-12T04:51:00.000Z,CL,86.23999786376953,86.25,86.22000122070312,86.25,13
2026-06-12T04:52:00.000Z,CL,86.2300033569336,86.2300033569336,86.19999694824219,86.19999694824219,19
2026-06-12T04:53:00.000Z,CL,86.19000244140625,86.20999908447266,86.19000244140625,86.20999908447266,10
2026-06-12T04:54:00.000Z,CL,86.22000122070312,86.22000122070312,86.20999908447266,86.20999908447266,10
2026-06-12T04:55:00.000Z,CL,86.22000122070312,86.23999786376953,86.22000122070312,86.23999786376953,4
2026-06-12T04:56:00.000Z,CL,86.19999694824219,86.19999694824219,86.1500015258789,86.1500015258789,22
2026-06-12T04:57:00.000Z,CL,86.16000366210938,86.18000030517578,86.12000274658203,86.16000366210938,33
2026-06-12T04:58:00.000Z,CL,86.19000244140625,86.19999694824219,86.16999816894531,86.19999694824219,6
2026-06-12T04:59:00.000Z,CL,86.19000244140625,86.19000244140625,86.06999969482422,86.08000183105469,27
2026-06-12T05:00:00.000Z,CL,86.08000183105469,86.08999633789062,85.91999816894531,86.0,116
2026-06-12T05:01:00.000Z,CL,86.02999877929688,86.05000305175781,85.98999786376953,86.05000305175781,24
2026-06-12T05:02:00.000Z,CL,86.04000091552734,86.05999755859375,86.01000213623047,86.05999755859375,23
2026-06-12T05:03:00.000Z,CL,86.08000183105469,86.08000183105469,85.98999786376953,85.98999786376953,25
2026-06-12T05:04:00.000Z,CL,86.0,86.02999877929688,85.9800033569336,86.01000213623047,16
2026-06-12T05:05:00.000Z,CL,85.98999786376953,86.01000213623047,85.9800033569336,85.9800033569336,15
2026-06-12T05:06:00.000Z,CL,85.9800033569336,86.02999877929688,85.97000122070312,85.98999786376953,18
2026-06-12T05:07:00.000Z,CL,85.9800033569336,86.02999877929688,85.9800033569336,86.02999877929688,9
2026-06-12T05:08:00.000Z,CL,86.04000091552734,86.05999755859375,86.01000213623047,86.01000213623047,17
2026-06-12T05:09:00.000Z,CL,86.0199966430664,86.0199966430664,85.93000030517578,85.95999908447266,32
2026-06-12T05:10:00.000Z,CL,85.94999694824219,85.94999694824219,85.87999725341797,85.91000366210938,55
2026-06-12T05:11:00.000Z,CL,85.9000015258789,85.95999908447266,85.9000015258789,85.95999908447266,43
2026-06-12T05:12:00.000Z,CL,85.97000122070312,85.97000122070312,85.95999908447266,85.95999908447266,18
2026-06-12T05:13:00.000Z,CL,85.94000244140625,86.02999877929688,85.94000244140625,86.0,32
2026-06-12T05:14:00.000Z,CL,85.98999786376953,86.0,85.95999908447266,86.0,19
2026-06-12T05:15:00.000Z,CL,86.0199966430664,86.08999633789062,86.0199966430664,86.08999633789062,26
2026-06-12T05:16:00.000Z,CL,86.06999969482422,86.06999969482422,86.0,86.04000091552734,17
2026-06-12T05:17:00.000Z,CL,86.04000091552734,86.08000183105469,86.04000091552734,86.05999755859375,18
2026-06-12T05:18:00.000Z,CL,86.05000305175781,86.08999633789062,86.05000305175781,86.08000183105469,28
2026-06-12T05:19:00.000Z,CL,86.08000183105469,86.08000183105469,86.05000305175781,86.05999755859375,11
2026-06-12T05:20:00.000Z,CL,86.05000305175781,86.12999725341797,86.05000305175781,86.0999984741211,24
2026-06-12T05:21:00.000Z,CL,86.0999984741211,86.12000274658203,86.08000183105469,86.08999633789062,25
2026-06-12T05:22:00.000Z,CL,86.08000183105469,86.08999633789062,86.0199966430664,86.04000091552734,48
2026-06-12T05:23:00.000Z,CL,86.05000305175781,86.08000183105469,86.05000305175781,86.05999755859375,24
2026-06-12T05:24:00.000Z,CL,86.06999969482422,86.08999633789062,86.05999755859375,86.05999755859375,14
2026-06-12T05:25:00.000Z,CL,86.05000305175781,86.05000305175781,85.97000122070312,85.97000122070312,44
2026-06-12T05:26:00.000Z,CL,85.95999908447266,85.9800033569336,85.9000015258789,85.97000122070312,65
2026-06-12T05:27:00.000Z,CL,85.97000122070312,85.98999786376953,85.94999694824219,85.94999694824219,24
2026-06-12T05:28:00.000Z,CL,85.94000244140625,85.94000244140625,85.91000366210938,85.91999816894531,25
2026-06-12T05:29:00.000Z,CL,85.91999816894531,85.95999908447266,85.91999816894531,85.93000030517578,34
2026-06-12T05:30:00.000Z,CL,85.94000244140625,86.06999969482422,85.91000366210938,86.0199966430664,110
2026-06-12T05:31:00.000Z,CL,86.0199966430664,86.06999969482422,86.0199966430664,86.05999755859375,28
2026-06-12T05:32:00.000Z,CL,86.05999755859375,86.16000366210938,86.05000305175781,86.16000366210938,40
2026-06-12T05:33:00.000Z,CL,86.1500015258789,86.16000366210938,86.08999633789062,86.08999633789062,49
2026-06-12T05:34:00.000Z,CL,86.08999633789062,86.12000274658203,86.08000183105469,86.08000183105469,11
2026-06-12T05:35:00.000Z,CL,86.11000061035156,86.13999938964844,86.05999755859375,86.05999755859375,19
2026-06-12T05:36:00.000Z,CL,86.04000091552734,86.05999755859375,85.95999908447266,85.95999908447266,30
2026-06-12T05:37:00.000Z,CL,85.9800033569336,85.9800033569336,85.91000366210938,85.97000122070312,38
2026-06-12T05:38:00.000Z,CL,86.01000213623047,86.01000213623047,85.9000015258789,85.9000015258789,37
2026-06-12T05:39:00.000Z,CL,85.91000366210938,85.94000244140625,85.86000061035156,85.87999725341797,77
2026-06-12T05:40:00.000Z,CL,85.87999725341797,85.9000015258789,85.83000183105469,85.83000183105469,78
2026-06-12T05:41:00.000Z,CL,85.83000183105469,85.83000183105469,85.7300033569336,85.7699966430664,141
2026-06-12T05:42:00.000Z,CL,85.7699966430664,85.79000091552734,85.69999694824219,85.72000122070312,145
2026-06-12T05:43:00.000Z,CL,85.7300033569336,85.75,85.68000030517578,85.7300033569336,70
2026-06-12T05:44:00.000Z,CL,85.72000122070312,85.81999969482422,85.66999816894531,85.80000305175781,55
2026-06-12T05:45:00.000Z,CL,85.75,85.87999725341797,85.75,85.77999877929688,32
2026-06-12T05:46:00.000Z,CL,85.80000305175781,85.81999969482422,85.79000091552734,85.79000091552734,15
2026-06-12T05:47:00.000Z,CL,85.80999755859375,85.80999755859375,85.79000091552734,85.80000305175781,8
2026-06-12T05:48:00.000Z,CL,85.83000183105469,85.91999816894531,85.83000183105469,85.91999816894531,18
2026-06-12T05:49:00.000Z,CL,85.91000366210938,85.94000244140625,85.9000015258789,85.9000015258789,24
2026-06-12T05:50:00.000Z,CL,85.9000015258789,85.94000244140625,85.87000274658203,85.94000244140625,30
2026-06-12T05:51:00.000Z,CL,85.93000030517578,85.93000030517578,85.91000366210938,85.91000366210938,17
2026-06-12T05:52:00.000Z,CL,85.91999816894531,85.91999816894531,85.8499984741211,85.87999725341797,27
2026-06-12T05:53:00.000Z,CL,85.8499984741211,85.8499984741211,85.80000305175781,85.81999969482422,16
2026-06-12T05:54:00.000Z,CL,85.79000091552734,85.79000091552734,85.72000122070312,85.7699966430664,48
2026-06-12T05:55:00.000Z,CL,85.77999877929688,85.87999725341797,85.77999877929688,85.86000061035156,20
2026-06-12T05:56:00.000Z,CL,85.83999633789062,85.87000274658203,85.83000183105469,85.86000061035156,9
2026-06-12T05:57:00.000Z,CL,85.87999725341797,85.91000366210938,85.87000274658203,85.87000274658203,29
2026-06-12T05:58:00.000Z,CL,85.88999938964844,86.05999755859375,85.88999938964844,86.02999877929688,47
2026-06-12T05:59:00.000Z,CL,86.05000305175781,86.06999969482422,86.02999877929688,86.05999755859375,30
2026-06-12T06:00:00.000Z,CL,86.05999755859375,86.06999969482422,85.94000244140625,85.95999908447266,48
2026-06-12T06:01:00.000Z,CL,85.94999694824219,85.94999694824219,85.87999725341797,85.9000015258789,31
2026-06-12T06:02:00.000Z,CL,85.91000366210938,85.94999694824219,85.88999938964844,85.88999938964844,48
2026-06-12T06:03:00.000Z,CL,85.87999725341797,85.91000366210938,85.8499984741211,85.87000274658203,33
2026-06-12T06:04:00.000Z,CL,85.87999725341797,85.91999816894531,85.83000183105469,85.91999816894531,59
2026-06-12T06:05:00.000Z,CL,85.93000030517578,85.93000030517578,85.83999633789062,85.87999725341797,63
2026-06-12T06:06:00.000Z,CL,85.87000274658203,85.95999908447266,85.86000061035156,85.91000366210938,29
2026-06-12T06:07:00.000Z,CL,85.88999938964844,85.88999938964844,85.83999633789062,85.83999633789062,36
2026-06-12T06:08:00.000Z,CL,85.8499984741211,85.91999816894531,85.83999633789062,85.87999725341797,43
2026-06-12T06:09:00.000Z,CL,85.87000274658203,85.91000366210938,85.86000061035156,85.88999938964844,149
2026-06-12T06:10:00.000Z,CL,85.88999938964844,85.98999786376953,85.87999725341797,85.94999694824219,35
2026-06-12T06:11:00.000Z,CL,85.93000030517578,86.0199966430664,85.93000030517578,85.98999786376953,22
2026-06-12T06:12:00.000Z,CL,85.98999786376953,86.02999877929688,85.97000122070312,86.0,31
2026-06-12T06:13:00.000Z,CL,86.0,86.05000305175781,85.98999786376953,86.02999877929688,26
2026-06-12T06:14:00.000Z,CL,86.04000091552734,86.05999755859375,86.01000213623047,86.04000091552734,57
2026-06-12T06:15:00.000Z,CL,86.05999755859375,86.11000061035156,86.01000213623047,86.01000213623047,107
2026-06-12T06:16:00.000Z,CL,86.01000213623047,86.01000213623047,85.94999694824219,85.97000122070312,48
2026-06-12T06:17:00.000Z,CL,86.01000213623047,86.08000183105469,86.01000213623047,86.05999755859375,27
2026-06-12T06:18:00.000Z,CL,86.05000305175781,86.05000305175781,86.01000213623047,86.04000091552734,21
2026-06-12T06:19:00.000Z,CL,86.04000091552734,86.06999969482422,86.01000213623047,86.06999969482422,18
2026-06-12T06:20:00.000Z,CL,86.06999969482422,86.1500015258789,86.06999969482422,86.0999984741211,34
2026-06-12T06:21:00.000Z,CL,86.11000061035156,86.12999725341797,86.06999969482422,86.06999969482422,24
2026-06-12T06:22:00.000Z,CL,86.11000061035156,86.12999725341797,86.08999633789062,86.0999984741211,12
2026-06-12T06:23:00.000Z,CL,86.08000183105469,86.08999633789062,85.9000015258789,85.91000366210938,66
2026-06-12T06:24:00.000Z,CL,85.9000015258789,85.91000366210938,85.83999633789062,85.87000274658203,76
2026-06-12T06:25:00.000Z,CL,85.86000061035156,85.91999816894531,85.81999969482422,85.81999969482422,58
2026-06-12T06:26:00.000Z,CL,85.81999969482422,85.9000015258789,85.81999969482422,85.86000061035156,18
2026-06-12T06:27:00.000Z,CL,85.88999938964844,85.91000366210938,85.87999725341797,85.9000015258789,18
2026-06-12T06:28:00.000Z,CL,85.93000030517578,85.94999694824219,85.91000366210938,85.94000244140625,24
2026-06-12T06:29:00.000Z,CL,85.95999908447266,86.0,85.91999816894531,85.94999694824219,34
2026-06-12T06:30:00.000Z,CL,85.97000122070312,86.04000091552734,85.97000122070312,86.02999877929688,59
2026-06-12T06:31:00.000Z,CL,86.0199966430664,86.05000305175781,85.9000015258789,85.91999816894531,48
2026-06-12T06:32:00.000Z,CL,85.93000030517578,85.9800033569336,85.91999816894531,85.94999694824219,56
2026-06-12T06:33:00.000Z,CL,85.94999694824219,85.9800033569336,85.91999816894531,85.91999816894531,24
2026-06-12T06:34:00.000Z,CL,85.93000030517578,85.94000244140625,85.87999725341797,85.91000366210938,48
2026-06-12T06:35:00.000Z,CL,85.9000015258789,85.9000015258789,85.79000091552734,85.81999969482422,77
2026-06-12T06:36:00.000Z,CL,85.81999969482422,85.81999969482422,85.73999786376953,85.80000305175781,40
2026-06-12T06:37:00.000Z,CL,85.79000091552734,85.79000091552734,85.7699966430664,85.79000091552734,22
2026-06-12T06:38:00.000Z,CL,85.80999755859375,85.81999969482422,85.7699966430664,85.77999877929688,34
2026-06-12T06:39:00.000Z,CL,85.80000305175781,85.87000274658203,85.79000091552734,85.87000274658203,474
2026-06-12T06:40:00.000Z,CL,85.86000061035156,85.87000274658203,85.80000305175781,85.81999969482422,34
2026-06-12T06:41:00.000Z,CL,85.83000183105469,85.91000366210938,85.80999755859375,85.8499984741211,29
2026-06-12T06:42:00.000Z,CL,85.87999725341797,85.9800033569336,85.87999725341797,85.93000030517578,53
2026-06-12T06:43:00.000Z,CL,85.93000030517578,86.0,85.93000030517578,85.98999786376953,24
2026-06-12T06:44:00.000Z,CL,85.98999786376953,86.01000213623047,85.97000122070312,86.0,59
2026-06-12T06:45:00.000Z,CL,85.97000122070312,86.02999877929688,85.9000015258789,86.0199966430664,74
2026-06-12T06:46:00.000Z,CL,86.01000213623047,86.01000213623047,85.95999908447266,85.97000122070312,22
2026-06-12T06:47:00.000Z,CL,85.9800033569336,86.06999969482422,85.95999908447266,86.05999755859375,27
2026-06-12T06:48:00.000Z,CL,86.05000305175781,86.0999984741211,86.0199966430664,86.0199966430664,35
2026-06-12T06:49:00.000Z,CL,86.04000091552734,86.08000183105469,86.04000091552734,86.04000091552734,19
2026-06-12T06:50:00.000Z,CL,86.02999877929688,86.02999877929688,85.94999694824219,85.94999694824219,45
2026-06-12T06:51:00.000Z,CL,85.94999694824219,85.94999694824219,85.87000274658203,85.88999938964844,29
2026-06-12T06:52:00.000Z,CL,85.9000015258789,85.95999908447266,85.87999725341797,85.91999816894531,95
2026-06-12T06:53:00.000Z,CL,85.9000015258789,85.97000122070312,85.9000015258789,85.91999816894531,72
2026-06-12T06:54:00.000Z,CL,85.93000030517578,86.0199966430664,85.93000030517578,86.0,57
2026-06-12T06:55:00.000Z,CL,86.0,86.02999877929688,85.9800033569336,85.98999786376953,39
2026-06-12T06:56:00.000Z,CL,85.98999786376953,86.0,85.94999694824219,85.9800033569336,36
2026-06-12T06:57:00.000Z,CL,86.0,86.1500015258789,86.0,86.13999938964844,94
2026-06-12T06:58:00.000Z,CL,86.12000274658203,86.12000274658203,86.02999877929688,86.05000305175781,43
2026-06-12T06:59:00.000Z,CL,86.06999969482422,86.1500015258789,86.05999755859375,86.0999984741211,44
2026-06-12T07:00:00.000Z,CL,86.08000183105469,86.1500015258789,86.01000213623047,86.05999755859375,111
2026-06-12T07:01:00.000Z,CL,86.05999755859375,86.12000274658203,86.02999877929688,86.06999969482422,50
2026-06-12T07:02:00.000Z,CL,86.02999877929688,86.04000091552734,85.9800033569336,86.0,54
2026-06-12T07:03:00.000Z,CL,86.01000213623047,86.12999725341797,85.9800033569336,86.12999725341797,37
2026-06-12T07:04:00.000Z,CL,86.13999938964844,86.25,86.13999938964844,86.20999908447266,146
2026-06-12T07:05:00.000Z,CL,86.2300033569336,86.25,86.19000244140625,86.23999786376953,54
2026-06-12T07:06:00.000Z,CL,86.2300033569336,86.29000091552734,86.16999816894531,86.19999694824219,57
2026-06-12T07:07:00.000Z,CL,86.19000244140625,86.22000122070312,86.16000366210938,86.19000244140625,37
2026-06-12T07:08:00.000Z,CL,86.20999908447266,86.33000183105469,86.20999908447266,86.30000305175781,60
2026-06-12T07:09:00.000Z,CL,86.31999969482422,86.33000183105469,86.27999877929688,86.30000305175781,47
2026-06-12T07:10:00.000Z,CL,86.29000091552734,86.29000091552734,86.12000274658203,86.12999725341797,66
2026-06-12T07:11:00.000Z,CL,86.12000274658203,86.18000030517578,86.08999633789062,86.12999725341797,54
2026-06-12T07:12:00.000Z,CL,86.1500015258789,86.22000122070312,86.1500015258789,86.22000122070312,62
2026-06-12T07:13:00.000Z,CL,86.22000122070312,86.2699966430664,86.22000122070312,86.2699966430664,41
2026-06-12T07:14:00.000Z,CL,86.27999877929688,86.3499984741211,86.26000213623047,86.33999633789062,89
2026-06-12T07:15:00.000Z,CL,86.3499984741211,86.37000274658203,86.26000213623047,86.26000213623047,65
2026-06-12T07:16:00.000Z,CL,86.26000213623047,86.29000091552734,86.23999786376953,86.26000213623047,28
2026-06-12T07:17:00.000Z,CL,86.23999786376953,86.4000015258789,86.20999908447266,86.37999725341797,97
2026-06-12T07:18:00.000Z,CL,86.36000061035156,86.38999938964844,86.20999908447266,86.25,122
2026-06-12T07:19:00.000Z,CL,86.23999786376953,86.23999786376953,86.18000030517578,86.20999908447266,33
2026-06-12T07:20:00.000Z,CL,86.22000122070312,86.25,86.18000030517578,86.18000030517578,199
2026-06-12T07:21:00.000Z,CL,86.18000030517578,86.18000030517578,86.02999877929688,86.11000061035156,273
2026-06-12T07:22:00.000Z,CL,86.11000061035156,86.11000061035156,86.05000305175781,86.0999984741211,46
2026-06-12T07:23:00.000Z,CL,86.08000183105469,86.08999633789062,86.0199966430664,86.0199966430664,112
2026-06-12T07:24:00.000Z,CL,86.04000091552734,86.08000183105469,86.0,86.02999877929688,79
2026-06-12T07:25:00.000Z,CL,86.05000305175781,86.12999725341797,86.04000091552734,86.12000274658203,103
2026-06-12T07:26:00.000Z,CL,86.0999984741211,86.0999984741211,86.05999755859375,86.06999969482422,50
2026-06-12T07:27:00.000Z,CL,86.08999633789062,86.12000274658203,86.08000183105469,86.11000061035156,49
2026-06-12T07:28:00.000Z,CL,86.11000061035156,86.12000274658203,86.02999877929688,86.04000091552734,33
2026-06-12T07:29:00.000Z,CL,86.04000091552734,86.06999969482422,86.02999877929688,86.05999755859375,30
2026-06-12T07:30:00.000Z,CL,86.04000091552734,86.04000091552734,85.95999908447266,86.0,53
2026-06-12T07:31:00.000Z,CL,86.0,86.13999938964844,85.95999908447266,86.12000274658203,55
2026-06-12T07:32:00.000Z,CL,86.12000274658203,86.19000244140625,86.08000183105469,86.08000183105469,78
2026-06-12T07:33:00.000Z,CL,86.08999633789062,86.08999633789062,86.0199966430664,86.02999877929688,57
2026-06-12T07:34:00.000Z,CL,86.02999877929688,86.05000305175781,85.83999633789062,85.88999938964844,173
2026-06-12T07:35:00.000Z,CL,85.87000274658203,85.87000274658203,85.44000244140625,85.55000305175781,604
2026-06-12T07:36:00.000Z,CL,85.58000183105469,85.76000213623047,85.58000183105469,85.75,147
2026-06-12T07:37:00.000Z,CL,85.75,85.77999877929688,85.68000030517578,85.75,95
2026-06-12T07:38:00.000Z,CL,85.7699966430664,85.87000274658203,85.73999786376953,85.86000061035156,134
2026-06-12T07:39:00.000Z,CL,85.87000274658203,85.95999908447266,85.8499984741211,85.95999908447266,290
2026-06-12T07:40:00.000Z,CL,85.94999694824219,86.06999969482422,85.93000030517578,85.9800033569336,235
2026-06-12T07:41:00.000Z,CL,85.98999786376953,85.98999786376953,85.80999755859375,85.83000183105469,157
2026-06-12T07:42:00.000Z,CL,85.81999969482422,85.81999969482422,85.7699966430664,85.81999969482422,164
2026-06-12T07:43:00.000Z,CL,85.81999969482422,85.81999969482422,85.73999786376953,85.77999877929688,105
2026-06-12T07:44:00.000Z,CL,85.7699966430664,85.7699966430664,85.5999984741211,85.66000366210938,160
2026-06-12T07:45:00.000Z,CL,85.6500015258789,85.69999694824219,85.62000274658203,85.69999694824219,78
2026-06-12T07:46:00.000Z,CL,85.70999908447266,85.73999786376953,85.62000274658203,85.62999725341797,72
2026-06-12T07:47:00.000Z,CL,85.63999938964844,85.6500015258789,85.51000213623047,85.58000183105469,102
2026-06-12T07:48:00.000Z,CL,85.61000061035156,85.6500015258789,85.58999633789062,85.62000274658203,113
2026-06-12T07:49:00.000Z,CL,85.63999938964844,85.68000030517578,85.62999725341797,85.68000030517578,32
2026-06-12T07:50:00.000Z,CL,85.66000366210938,85.73999786376953,85.6500015258789,85.69999694824219,41
2026-06-12T07:51:00.000Z,CL,85.69999694824219,85.69999694824219,85.62000274658203,85.62000274658203,31
2026-06-12T07:52:00.000Z,CL,85.61000061035156,85.66999816894531,85.58999633789062,85.62999725341797,64
2026-06-12T07:53:00.000Z,CL,85.62000274658203,85.62000274658203,85.5199966430664,85.56999969482422,155
2026-06-12T07:54:00.000Z,CL,85.58000183105469,85.5999984741211,85.44999694824219,85.47000122070312,133
2026-06-12T07:55:00.000Z,CL,85.51000213623047,85.5199966430664,85.3499984741211,85.43000030517578,225
2026-06-12T07:56:00.000Z,CL,85.41999816894531,85.41999816894531,84.91999816894531,85.19999694824219,905
2026-06-12T07:57:00.000Z,CL,85.2300033569336,85.27999877929688,84.91999816894531,85.18000030517578,663
2026-06-12T07:58:00.000Z,CL,85.16999816894531,85.33999633789062,85.12999725341797,85.27999877929688,262
2026-06-12T07:59:00.000Z,CL,85.27999877929688,85.29000091552734,85.12999725341797,85.19000244140625,253
2026-06-12T08:00:00.000Z,CL,85.19999694824219,85.2300033569336,85.04000091552734,85.19999694824219,173
2026-06-12T08:01:00.000Z,CL,85.20999908447266,85.20999908447266,85.01000213623047,85.04000091552734,359
2026-06-12T08:02:00.000Z,CL,85.0199966430664,85.08000183105469,84.87000274658203,84.94000244140625,417
2026-06-12T08:03:00.000Z,CL,84.94000244140625,84.98999786376953,84.7699966430664,84.80999755859375,332
2026-06-12T08:04:00.000Z,CL,84.83000183105469,85.0,84.81999969482422,85.0,172
2026-06-12T08:05:00.000Z,CL,84.95999908447266,85.12999725341797,84.8499984741211,84.86000061035156,420
2026-06-12T08:06:00.000Z,CL,84.8499984741211,84.87999725341797,84.68000030517578,84.69999694824219,283
2026-06-12T08:07:00.000Z,CL,84.69999694824219,84.83999633789062,84.68000030517578,84.68000030517578,356
2026-06-12T08:08:00.000Z,CL,84.69000244140625,84.77999877929688,84.68000030517578,84.69999694824219,171
2026-06-12T08:09:00.000Z,CL,84.70999908447266,84.73999786376953,84.52999877929688,84.55999755859375,203
2026-06-12T08:10:00.000Z,CL,84.56999969482422,84.61000061035156,84.44000244140625,84.4800033569336,347
2026-06-12T08:11:00.000Z,CL,84.47000122070312,84.55000305175781,84.4000015258789,84.41999816894531,318
2026-06-12T08:12:00.000Z,CL,84.43000030517578,84.45999908447266,84.33000183105469,84.44999694824219,509
2026-06-12T08:13:00.000Z,CL,84.44000244140625,84.44000244140625,84.30999755859375,84.33999633789062,235
2026-06-12T08:14:00.000Z,CL,84.3499984741211,84.37999725341797,84.29000091552734,84.37999725341797,184
2026-06-12T08:15:00.000Z,CL,84.38999938964844,84.62999725341797,84.31999969482422,84.5999984741211,355
2026-06-12T08:16:00.000Z,CL,84.58999633789062,84.58999633789062,84.08999633789062,84.11000061035156,447
2026-06-12T08:17:00.000Z,CL,84.12000274658203,84.25,84.05999755859375,84.2300033569336,223
2026-06-12T08:18:00.000Z,CL,84.20999908447266,84.22000122070312,83.86000061035156,83.87000274658203,402
2026-06-12T08:19:00.000Z,CL,83.88999938964844,83.91000366210938,83.69999694824219,83.73999786376953,629
2026-06-12T08:20:00.000Z,CL,83.7300033569336,83.8499984741211,83.66000366210938,83.80000305175781,406
2026-06-12T08:21:00.000Z,CL,83.79000091552734,83.80000305175781,83.62000274658203,83.6500015258789,317
2026-06-12T08:22:00.000Z,CL,83.66000366210938,83.69999694824219,83.47000122070312,83.66000366210938,448
2026-06-12T08:23:00.000Z,CL,83.6500015258789,84.02999877929688,83.6500015258789,83.91000366210938,559
2026-06-12T08:24:00.000Z,CL,83.9000015258789,83.91000366210938,83.69999694824219,83.80999755859375,294
2026-06-12T08:25:00.000Z,CL,83.81999969482422,83.93000030517578,83.75,83.83999633789062,195
2026-06-12T08:26:00.000Z,CL,83.8499984741211,84.04000091552734,83.8499984741211,84.0,280
2026-06-12T08:27:00.000Z,CL,84.0,84.01000213623047,83.70999908447266,83.79000091552734,285
2026-06-12T08:28:00.000Z,CL,83.76000213623047,83.86000061035156,83.62000274658203,83.69999694824219,277
2026-06-12T08:29:00.000Z,CL,83.69000244140625,83.69000244140625,83.4000015258789,83.43000030517578,789
2026-06-12T08:30:00.000Z,CL,83.41999816894531,83.45999908447266,83.2300033569336,83.41999816894531,717
2026-06-12T08:31:00.000Z,CL,83.41000366210938,83.43000030517578,83.19999694824219,83.37000274658203,483
2026-06-12T08:32:00.000Z,CL,83.36000061035156,83.58000183105469,83.31999969482422,83.55999755859375,305
2026-06-12T08:33:00.000Z,CL,83.55000305175781,83.5999984741211,83.5,83.56999969482422,156
2026-06-12T08:34:00.000Z,CL,83.58000183105469,83.77999877929688,83.51000213623047,83.77999877929688,314
2026-06-12T08:35:00.000Z,CL,83.77999877929688,83.80000305175781,83.69000244140625,83.75,298
2026-06-12T08:36:00.000Z,CL,83.76000213623047,83.91999816894531,83.75,83.87000274658203,258
2026-06-12T08:37:00.000Z,CL,83.86000061035156,83.87000274658203,83.69000244140625,83.69999694824219,132
2026-06-12T08:38:00.000Z,CL,83.68000030517578,83.83000183105469,83.66999816894531,83.79000091552734,208
2026-06-12T08:39:00.000Z,CL,83.76000213623047,83.76000213623047,83.69000244140625,83.75,137
2026-06-12T08:40:00.000Z,CL,83.76000213623047,83.9000015258789,83.76000213623047,83.8499984741211,140
2026-06-12T08:41:00.000Z,CL,83.86000061035156,83.97000122070312,83.83000183105469,83.95999908447266,162
2026-06-12T08:42:00.000Z,CL,83.94999694824219,83.9800033569336,83.86000061035156,83.86000061035156,187
2026-06-12T08:43:00.000Z,CL,83.87999725341797,83.9000015258789,83.72000122070312,83.76000213623047,155
2026-06-12T08:44:00.000Z,CL,83.7699966430664,83.80000305175781,83.70999908447266,83.75,85
2026-06-12T08:45:00.000Z,CL,83.76000213623047,83.91000366210938,83.7300033569336,83.91000366210938,190
2026-06-12T08:46:00.000Z,CL,83.91999816894531,83.93000030517578,83.83999633789062,83.86000061035156,150
2026-06-12T08:47:00.000Z,CL,83.8499984741211,83.87000274658203,83.69999694824219,83.73999786376953,112
2026-06-12T08:48:00.000Z,CL,83.75,83.87999725341797,83.7300033569336,83.87999725341797,154
2026-06-12T08:49:00.000Z,CL,83.87999725341797,83.91999816894531,83.77999877929688,83.83999633789062,117
2026-06-12T08:50:00.000Z,CL,83.8499984741211,83.91000366210938,83.83999633789062,83.91000366210938,56
2026-06-12T08:51:00.000Z,CL,83.91000366210938,83.94999694824219,83.83999633789062,83.83999633789062,173
2026-06-12T08:52:00.000Z,CL,83.81999969482422,83.87000274658203,83.7699966430664,83.79000091552734,93
2026-06-12T08:53:00.000Z,CL,83.80999755859375,83.94000244140625,83.80999755859375,83.94000244140625,120
2026-06-12T08:54:00.000Z,CL,83.9000015258789,83.95999908447266,83.83000183105469,83.94000244140625,129
2026-06-12T08:55:00.000Z,CL,83.94000244140625,84.0,83.9000015258789,83.94000244140625,130
2026-06-12T08:56:00.000Z,CL,83.94000244140625,84.0,83.87999725341797,83.88999938964844,177
2026-06-12T08:57:00.000Z,CL,83.9000015258789,83.94000244140625,83.83999633789062,83.87999725341797,123
2026-06-12T08:58:00.000Z,CL,83.87999725341797,83.9000015258789,83.77999877929688,83.83999633789062,193
2026-06-12T08:59:00.000Z,CL,83.81999969482422,83.91999816894531,83.80999755859375,83.87000274658203,117
2026-06-12T09:00:00.000Z,CL,83.87999725341797,83.91000366210938,83.7699966430664,83.8499984741211,136
2026-06-12T09:01:00.000Z,CL,83.86000061035156,83.87000274658203,83.76000213623047,83.80999755859375,78
2026-06-12T09:02:00.000Z,CL,83.80999755859375,83.83000183105469,83.66000366210938,83.68000030517578,162
2026-06-12T09:03:00.000Z,CL,83.66000366210938,83.7300033569336,83.6500015258789,83.6500015258789,95
2026-06-12T09:04:00.000Z,CL,83.6500015258789,83.68000030517578,83.62000274658203,83.63999938964844,102
2026-06-12T09:05:00.000Z,CL,83.63999938964844,83.7699966430664,83.62000274658203,83.70999908447266,129
2026-06-12T09:06:00.000Z,CL,83.72000122070312,83.8499984741211,83.72000122070312,83.8499984741211,77
2026-06-12T09:07:00.000Z,CL,83.8499984741211,83.91000366210938,83.81999969482422,83.87000274658203,137
2026-06-12T09:08:00.000Z,CL,83.87000274658203,83.9800033569336,83.83999633789062,83.94000244140625,162
2026-06-12T09:09:00.000Z,CL,83.94000244140625,83.94000244140625,83.79000091552734,83.83000183105469,76
2026-06-12T09:10:00.000Z,CL,83.83000183105469,83.87999725341797,83.80999755859375,83.8499984741211,48
2026-06-12T09:11:00.000Z,CL,83.8499984741211,83.9800033569336,83.83999633789062,83.94999694824219,91
2026-06-12T09:12:00.000Z,CL,83.94999694824219,83.97000122070312,83.8499984741211,83.87000274658203,81
2026-06-12T09:13:00.000Z,CL,83.87999725341797,83.9000015258789,83.80000305175781,83.83000183105469,98
2026-06-12T09:14:00.000Z,CL,83.83999633789062,83.83999633789062,83.75,83.7699966430664,61
2026-06-12T09:15:00.000Z,CL,83.76000213623047,83.80999755859375,83.69999694824219,83.7300033569336,196
2026-06-12T09:16:00.000Z,CL,83.73999786376953,83.77999877929688,83.47000122070312,83.55999755859375,374
2026-06-12T09:17:00.000Z,CL,83.58999633789062,83.68000030517578,83.58999633789062,83.66000366210938,96
2026-06-12T09:18:00.000Z,CL,83.68000030517578,83.79000091552734,83.68000030517578,83.69000244140625,114
2026-06-12T09:19:00.000Z,CL,83.69000244140625,83.72000122070312,83.62999725341797,83.70999908447266,48
2026-06-12T09:20:00.000Z,CL,83.72000122070312,83.76000213623047,83.69999694824219,83.69999694824219,59
2026-06-12T09:21:00.000Z,CL,83.69000244140625,83.91999816894531,83.6500015258789,83.91000366210938,251
2026-06-12T09:22:00.000Z,CL,83.91000366210938,84.08000183105469,83.9000015258789,84.0199966430664,366
2026-06-12T09:23:00.000Z,CL,83.9800033569336,84.0199966430664,83.94000244140625,83.9800033569336,67
2026-06-12T09:24:00.000Z,CL,83.98999786376953,84.01000213623047,83.87999725341797,83.91000366210938,83
2026-06-12T09:25:00.000Z,CL,83.88999938964844,84.05000305175781,83.86000061035156,84.0199966430664,130
2026-06-12T09:26:00.000Z,CL,84.01000213623047,84.0199966430664,83.87999725341797,83.87999725341797,50
2026-06-12T09:27:00.000Z,CL,83.87999725341797,83.93000030517578,83.76000213623047,83.77999877929688,96
2026-06-12T09:28:00.000Z,CL,83.79000091552734,83.83000183105469,83.77999877929688,83.80999755859375,80
2026-06-12T09:29:00.000Z,CL,83.80000305175781,83.80999755859375,83.69000244140625,83.80999755859375,107
2026-06-12T09:30:00.000Z,CL,83.80999755859375,83.80999755859375,83.69000244140625,83.72000122070312,110
2026-06-12T09:31:00.000Z,CL,83.75,83.7699966430664,83.73999786376953,83.76000213623047,39
2026-06-12T09:32:00.000Z,CL,83.76000213623047,83.86000061035156,83.76000213623047,83.83999633789062,57
2026-06-12T09:33:00.000Z,CL,83.83000183105469,83.83000183105469,83.70999908447266,83.72000122070312,34
2026-06-12T09:34:00.000Z,CL,83.70999908447266,83.70999908447266,83.58000183105469,83.61000061035156,89
2026-06-12T09:35:00.000Z,CL,83.5999984741211,83.72000122070312,83.58000183105469,83.72000122070312,106
2026-06-12T09:36:00.000Z,CL,83.70999908447266,83.76000213623047,83.68000030517578,83.76000213623047,64
2026-06-12T09:37:00.000Z,CL,83.76000213623047,83.79000091552734,83.73999786376953,83.7699966430664,80
2026-06-12T09:38:00.000Z,CL,83.80000305175781,83.83999633789062,83.77999877929688,83.83000183105469,50
2026-06-12T09:39:00.000Z,CL,83.81999969482422,83.91999816894531,83.77999877929688,83.9000015258789,77
2026-06-12T09:40:00.000Z,CL,83.9000015258789,83.91999816894531,83.83999633789062,83.86000061035156,69
2026-06-12T09:41:00.000Z,CL,83.83999633789062,83.91000366210938,83.83999633789062,83.87999725341797,55
2026-06-12T09:42:00.000Z,CL,83.87999725341797,83.88999938964844,83.86000061035156,83.88999938964844,40
2026-06-12T09:43:00.000Z,CL,83.87999725341797,83.95999908447266,83.87999725341797,83.95999908447266,78
2026-06-12T09:44:00.000Z,CL,83.94000244140625,83.94000244140625,83.8499984741211,83.8499984741211,97
2026-06-12T09:45:00.000Z,CL,83.87000274658203,83.93000030517578,83.8499984741211,83.9000015258789,78
2026-06-12T09:46:00.000Z,CL,83.88999938964844,83.9000015258789,83.86000061035156,83.9000015258789,55
2026-06-12T09:47:00.000Z,CL,83.87000274658203,83.95999908447266,83.8499984741211,83.95999908447266,60
2026-06-12T09:48:00.000Z,CL,83.94999694824219,84.22000122070312,83.94999694824219,84.19999694824219,268
2026-06-12T09:49:00.000Z,CL,84.18000030517578,84.18000030517578,84.05999755859375,84.06999969482422,127
2026-06-12T09:50:00.000Z,CL,84.05999755859375,84.06999969482422,84.01000213623047,84.02999877929688,71
2026-06-12T09:51:00.000Z,CL,84.02999877929688,84.06999969482422,83.97000122070312,84.0,85
2026-06-12T09:52:00.000Z,CL,84.0,84.02999877929688,83.95999908447266,84.0,134
2026-06-12T09:53:00.000Z,CL,84.0,84.05000305175781,84.0,84.01000213623047,94
2026-06-12T09:54:00.000Z,CL,84.0199966430664,84.05999755859375,83.98999786376953,84.05999755859375,54
2026-06-12T09:55:00.000Z,CL,84.05000305175781,84.05000305175781,83.88999938964844,83.94999694824219,134
2026-06-12T09:56:00.000Z,CL,83.94999694824219,83.98999786376953,83.94000244140625,83.98999786376953,63
2026-06-12T09:57:00.000Z,CL,83.98999786376953,84.0199966430664,83.94999694824219,83.94999694824219,63
2026-06-12T09:58:00.000Z,CL,83.95999908447266,83.98999786376953,83.91999816894531,83.91999816894531,60
2026-06-12T09:59:00.000Z,CL,83.91000366210938,84.16000366210938,83.88999938964844,84.16000366210938,287
2026-06-12T10:00:00.000Z,CL,84.16000366210938,84.25,84.12000274658203,84.16000366210938,284
2026-06-12T10:01:00.000Z,CL,84.16000366210938,84.19999694824219,84.08000183105469,84.16999816894531,75
2026-06-12T10:02:00.000Z,CL,84.18000030517578,84.18000030517578,84.02999877929688,84.12000274658203,71
2026-06-12T10:03:00.000Z,CL,84.12999725341797,84.13999938964844,84.12000274658203,84.13999938964844,38
2026-06-12T10:04:00.000Z,CL,84.12000274658203,84.19000244140625,84.12000274658203,84.18000030517578,42
2026-06-12T10:05:00.000Z,CL,84.19000244140625,84.23999786376953,84.16000366210938,84.20999908447266,37
2026-06-12T10:06:00.000Z,CL,84.20999908447266,84.22000122070312,84.16999816894531,84.18000030517578,37
2026-06-12T10:07:00.000Z,CL,84.16999816894531,84.2300033569336,84.1500015258789,84.2300033569336,71
2026-06-12T10:08:00.000Z,CL,84.2300033569336,84.23999786376953,84.11000061035156,84.1500015258789,89
2026-06-12T10:09:00.000Z,CL,84.16999816894531,84.16999816894531,84.06999969482422,84.06999969482422,58
2026-06-12T10:10:00.000Z,CL,84.05999755859375,84.08000183105469,84.01000213623047,84.05000305175781,76
2026-06-12T10:11:00.000Z,CL,84.05000305175781,84.33999633789062,84.05000305175781,84.25,973
2026-06-12T10:12:00.000Z,CL,84.25,84.27999877929688,84.20999908447266,84.22000122070312,102
2026-06-12T10:13:00.000Z,CL,84.20999908447266,84.31999969482422,84.13999938964844,84.27999877929688,92
2026-06-12T10:14:00.000Z,CL,84.23999786376953,84.30000305175781,84.18000030517578,84.19999694824219,83
2026-06-12T10:15:00.000Z,CL,84.19999694824219,84.25,84.18000030517578,84.25,42
2026-06-12T10:16:00.000Z,CL,84.2300033569336,84.25,84.20999908447266,84.23999786376953,40
2026-06-12T10:17:00.000Z,CL,84.25,84.43000030517578,84.2300033569336,84.41000366210938,115
2026-06-12T10:18:00.000Z,CL,84.38999938964844,84.48999786376953,84.37000274658203,84.43000030517578,276
2026-06-12T10:19:00.000Z,CL,84.4000015258789,84.4000015258789,84.30000305175781,84.33000183105469,80
2026-06-12T10:20:00.000Z,CL,84.31999969482422,84.43000030517578,84.30999755859375,84.38999938964844,52
2026-06-12T10:21:00.000Z,CL,84.38999938964844,84.48999786376953,84.37000274658203,84.41000366210938,129
2026-06-12T10:22:00.000Z,CL,84.38999938964844,84.41000366210938,84.33999633789062,84.38999938964844,93
2026-06-12T10:23:00.000Z,CL,84.4000015258789,84.41999816894531,84.38999938964844,84.38999938964844,16
2026-06-12T10:24:00.000Z,CL,84.37000274658203,84.37000274658203,84.30000305175781,84.31999969482422,45
2026-06-12T10:25:00.000Z,CL,84.31999969482422,84.72000122070312,84.30000305175781,84.66999816894531,781
2026-06-12T10:26:00.000Z,CL,84.66999816894531,85.05000305175781,84.66000366210938,84.88999938964844,731
2026-06-12T10:27:00.000Z,CL,84.91000366210938,84.94000244140625,84.7699966430664,84.86000061035156,236
2026-06-12T10:28:00.000Z,CL,84.83000183105469,84.95999908447266,84.7699966430664,84.91999816894531,120
2026-06-12T10:29:00.000Z,CL,84.91000366210938,84.95999908447266,84.86000061035156,84.91999816894531,157
2026-06-12T10:30:00.000Z,CL,84.93000030517578,85.0,84.80000305175781,84.97000122070312,271
2026-06-12T10:31:00.000Z,CL,84.95999908447266,85.13999938964844,84.95999908447266,85.0999984741211,454
2026-06-12T10:32:00.000Z,CL,85.12999725341797,85.27999877929688,84.86000061035156,84.87000274658203,520
2026-06-12T10:33:00.000Z,CL,84.86000061035156,85.01000213623047,84.76000213623047,84.9800033569336,329
2026-06-12T10:34:00.000Z,CL,85.0,85.08000183105469,84.94999694824219,85.01000213623047,293
2026-06-12T10:35:00.000Z,CL,85.0,85.01000213623047,84.83999633789062,84.87000274658203,124
2026-06-12T10:36:00.000Z,CL,84.88999938964844,84.9000015258789,84.77999877929688,84.83000183105469,133
2026-06-12T10:37:00.000Z,CL,84.80999755859375,84.81999969482422,84.7300033569336,84.73999786376953,76
2026-06-12T10:38:00.000Z,CL,84.76000213623047,84.81999969482422,84.73999786376953,84.76000213623047,140
2026-06-12T10:39:00.000Z,CL,84.73999786376953,84.83000183105469,84.69999694824219,84.80999755859375,103
2026-06-12T10:40:00.000Z,CL,84.80999755859375,84.83000183105469,84.69000244140625,84.75,150
2026-06-12T10:41:00.000Z,CL,84.73999786376953,84.83000183105469,84.73999786376953,84.76000213623047,218
2026-06-12T10:42:00.000Z,CL,84.76000213623047,84.91000366210938,84.7300033569336,84.88999938964844,219
2026-06-12T10:43:00.000Z,CL,84.88999938964844,84.88999938964844,84.7699966430664,84.80999755859375,79
2026-06-12T10:44:00.000Z,CL,84.81999969482422,84.83000183105469,84.75,84.75,49
2026-06-12T10:45:00.000Z,CL,84.76000213623047,84.83999633789062,84.75,84.7699966430664,69
2026-06-12T10:46:00.000Z,CL,84.76000213623047,84.76000213623047,84.66999816894531,84.68000030517578,63
2026-06-12T10:47:00.000Z,CL,84.69000244140625,84.77999877929688,84.69000244140625,84.72000122070312,85
2026-06-12T10:48:00.000Z,CL,84.75,84.75,84.70999908447266,84.73999786376953,22
2026-06-12T10:49:00.000Z,CL,84.7300033569336,84.80000305175781,84.72000122070312,84.7699966430664,18
2026-06-12T10:50:00.000Z,CL,84.80000305175781,84.87999725341797,84.80000305175781,84.83000183105469,161
2026-06-12T10:51:00.000Z,CL,84.81999969482422,84.87000274658203,84.81999969482422,84.8499984741211,37
2026-06-12T10:52:00.000Z,CL,84.83999633789062,84.88999938964844,84.83999633789062,84.87000274658203,50
2026-06-12T10:53:00.000Z,CL,84.87000274658203,84.87999725341797,84.80999755859375,84.86000061035156,50
2026-06-12T10:54:00.000Z,CL,84.86000061035156,84.87999725341797,84.76000213623047,84.76000213623047,90
2026-06-12T10:55:00.000Z,CL,84.76000213623047,84.79000091552734,84.6500015258789,84.68000030517578,67
2026-06-12T10:56:00.000Z,CL,84.68000030517578,84.79000091552734,84.62000274658203,84.79000091552734,215
2026-06-12T10:57:00.000Z,CL,84.7699966430664,84.8499984741211,84.7699966430664,84.83000183105469,103
2026-06-12T10:58:00.000Z,CL,84.81999969482422,84.83000183105469,84.4800033569336,84.77999877929688,656
2026-06-12T10:59:00.000Z,CL,84.7699966430664,84.7699966430664,84.68000030517578,84.69999694824219,134
2026-06-12T11:00:00.000Z,CL,84.69000244140625,84.7699966430664,84.66000366210938,84.75,82
2026-06-12T11:01:00.000Z,CL,84.76000213623047,84.76000213623047,84.6500015258789,84.68000030517578,45
2026-06-12T11:02:00.000Z,CL,84.66000366210938,84.72000122070312,84.66000366210938,84.70999908447266,49
2026-06-12T11:03:00.000Z,CL,84.69999694824219,84.70999908447266,84.61000061035156,84.66999816894531,100
2026-06-12T11:04:00.000Z,CL,84.68000030517578,84.7300033569336,84.68000030517578,84.69000244140625,83
2026-06-12T11:05:00.000Z,CL,84.66000366210938,84.68000030517578,84.6500015258789,84.66000366210938,26
2026-06-12T11:06:00.000Z,CL,84.66999816894531,84.73999786376953,84.62000274658203,84.6500015258789,167
2026-06-12T11:07:00.000Z,CL,84.66000366210938,84.66000366210938,84.55999755859375,84.58000183105469,137
2026-06-12T11:08:00.000Z,CL,84.56999969482422,84.62999725341797,84.54000091552734,84.56999969482422,92
2026-06-12T11:09:00.000Z,CL,84.61000061035156,84.6500015258789,84.58999633789062,84.61000061035156,24
2026-06-12T11:10:00.000Z,CL,84.5999984741211,84.5999984741211,84.55000305175781,84.55000305175781,35
2026-06-12T11:11:00.000Z,CL,84.54000091552734,84.62000274658203,84.52999877929688,84.62000274658203,44
2026-06-12T11:12:00.000Z,CL,84.61000061035156,84.62000274658203,84.51000213623047,84.52999877929688,58
2026-06-12T11:13:00.000Z,CL,84.5199966430664,84.5199966430664,84.4800033569336,84.48999786376953,71
2026-06-12T11:14:00.000Z,CL,84.4800033569336,84.5,84.3499984741211,84.38999938964844,204
2026-06-12T11:15:00.000Z,CL,84.4000015258789,84.4000015258789,84.31999969482422,84.3499984741211,118
2026-06-12T11:16:00.000Z,CL,84.3499984741211,84.44999694824219,84.30999755859375,84.33000183105469,217
2026-06-12T11:17:00.000Z,CL,84.33999633789062,84.37000274658203,84.2699966430664,84.30000305175781,128
2026-06-12T11:18:00.000Z,CL,84.30000305175781,84.36000061035156,84.25,84.3499984741211,153
2026-06-12T11:19:00.000Z,CL,84.33999633789062,84.37999725341797,84.25,84.25,150
2026-06-12T11:20:00.000Z,CL,84.26000213623047,84.26000213623047,84.0999984741211,84.26000213623047,393
2026-06-12T11:21:00.000Z,CL,84.26000213623047,84.26000213623047,84.1500015258789,84.20999908447266,236
2026-06-12T11:22:00.000Z,CL,84.20999908447266,84.23999786376953,84.18000030517578,84.18000030517578,59
2026-06-12T11:23:00.000Z,CL,84.16000366210938,84.16000366210938,84.06999969482422,84.06999969482422,173
2026-06-12T11:24:00.000Z,CL,84.05999755859375,84.0999984741211,84.05999755859375,84.08000183105469,91
2026-06-12T11:25:00.000Z,CL,84.08000183105469,84.13999938964844,84.05000305175781,84.11000061035156,264
2026-06-12T11:26:00.000Z,CL,84.12999725341797,84.22000122070312,84.12000274658203,84.20999908447266,66
2026-06-12T11:27:00.000Z,CL,84.20999908447266,84.20999908447266,84.08000183105469,84.11000061035156,85
2026-06-12T11:28:00.000Z,CL,84.08000183105469,84.25,84.04000091552734,84.19000244140625,171
2026-06-12T11:29:00.000Z,CL,84.18000030517578,84.30999755859375,84.16000366210938,84.27999877929688,133
2026-06-12T11:30:00.000Z,CL,84.27999877929688,84.31999969482422,84.26000213623047,84.29000091552734,107
2026-06-12T11:31:00.000Z,CL,84.29000091552734,84.30999755859375,84.19000244140625,84.30000305175781,142
2026-06-12T11:32:00.000Z,CL,84.30999755859375,84.58000183105469,84.30999755859375,84.5,340
2026-06-12T11:33:00.000Z,CL,84.5,84.56999969482422,84.45999908447266,84.56999969482422,104
2026-06-12T11:34:00.000Z,CL,84.54000091552734,84.54000091552734,84.43000030517578,84.5199966430664,170
2026-06-12T11:35:00.000Z,CL,84.52999877929688,84.58999633789062,84.45999908447266,84.47000122070312,92
2026-06-12T11:36:00.000Z,CL,84.4800033569336,84.58000183105469,84.47000122070312,84.55999755859375,96
2026-06-12T11:37:00.000Z,CL,84.56999969482422,84.66000366210938,84.55000305175781,84.62000274658203,104
2026-06-12T11:38:00.000Z,CL,84.5999984741211,84.66999816894531,84.5999984741211,84.61000061035156,104
2026-06-12T11:39:00.000Z,CL,84.58999633789062,84.61000061035156,84.55000305175781,84.61000061035156,52
2026-06-12T11:40:00.000Z,CL,84.62000274658203,84.62000274658203,84.5199966430664,84.52999877929688,77
2026-06-12T11:41:00.000Z,CL,84.54000091552734,84.54000091552734,84.37999725341797,84.4000015258789,228
2026-06-12T11:42:00.000Z,CL,84.38999938964844,84.43000030517578,84.33999633789062,84.41000366210938,188
2026-06-12T11:43:00.000Z,CL,84.41999816894531,84.45999908447266,84.37000274658203,84.45999908447266,78
2026-06-12T11:44:00.000Z,CL,84.44999694824219,84.48999786376953,84.41000366210938,84.44000244140625,50
2026-06-12T11:45:00.000Z,CL,84.44000244140625,84.54000091552734,84.44000244140625,84.5,53
2026-06-12T11:46:00.000Z,CL,84.48999786376953,84.58000183105469,84.48999786376953,84.58000183105469,105
2026-06-12T11:47:00.000Z,CL,84.58999633789062,84.66999816894531,84.58999633789062,84.66000366210938,137
2026-06-12T11:48:00.000Z,CL,84.6500015258789,84.69000244140625,84.5999984741211,84.63999938964844,168
2026-06-12T11:49:00.000Z,CL,84.62999725341797,84.9000015258789,84.62999725341797,84.87999725341797,356
2026-06-12T11:50:00.000Z,CL,84.87000274658203,84.87999725341797,84.79000091552734,84.83000183105469,121
2026-06-12T11:51:00.000Z,CL,84.83000183105469,85.0199966430664,84.83000183105469,85.01000213623047,148
2026-06-12T11:52:00.000Z,CL,85.0,85.0,84.88999938964844,84.91999816894531,108
2026-06-12T11:53:00.000Z,CL,84.88999938964844,84.93000030517578,84.87000274658203,84.9000015258789,80
2026-06-12T11:54:00.000Z,CL,84.9000015258789,84.9000015258789,84.77999877929688,84.77999877929688,146
2026-06-12T11:55:00.000Z,CL,84.77999877929688,84.94999694824219,84.77999877929688,84.93000030517578,97
2026-06-12T11:56:00.000Z,CL,84.93000030517578,85.13999938964844,84.9000015258789,85.05999755859375,439
2026-06-12T11:57:00.000Z,CL,85.06999969482422,85.19999694824219,85.02999877929688,85.12999725341797,238
2026-06-12T11:58:00.000Z,CL,85.13999938964844,85.16999816894531,85.0,85.0199966430664,208
2026-06-12T11:59:00.000Z,CL,84.98999786376953,84.98999786376953,84.88999938964844,84.9000015258789,115
2026-06-12T12:00:00.000Z,CL,84.87999725341797,85.0199966430664,84.86000061035156,84.98999786376953,119
2026-06-12T12:01:00.000Z,CL,85.01000213623047,85.05000305175781,84.91999816894531,84.97000122070312,142
2026-06-12T12:02:00.000Z,CL,84.97000122070312,84.9800033569336,84.87000274658203,84.87999725341797,80
2026-06-12T12:03:00.000Z,CL,84.87999725341797,84.88999938964844,84.72000122070312,84.81999969482422,246
2026-06-12T12:04:00.000Z,CL,84.83000183105469,85.11000061035156,84.80999755859375,85.0199966430664,339
2026-06-12T12:05:00.000Z,CL,85.0,85.05000305175781,84.94999694824219,85.0199966430664,107
2026-06-12T12:06:00.000Z,CL,85.0,85.06999969482422,84.97000122070312,85.05000305175781,92
2026-06-12T12:07:00.000Z,CL,85.06999969482422,85.08000183105469,84.95999908447266,84.97000122070312,115
2026-06-12T12:08:00.000Z,CL,84.9800033569336,84.9800033569336,84.91999816894531,84.94000244140625,62
2026-06-12T12:09:00.000Z,CL,84.94000244140625,84.95999908447266,84.93000030517578,84.95999908447266,59
2026-06-12T12:10:00.000Z,CL,84.9800033569336,85.0199966430664,84.91000366210938,84.91999816894531,251
2026-06-12T12:11:00.000Z,CL,84.93000030517578,85.01000213623047,84.93000030517578,84.94999694824219,101
2026-06-12T12:12:00.000Z,CL,84.95999908447266,84.9800033569336,84.94000244140625,84.97000122070312,72
2026-06-12T12:13:00.000Z,CL,84.97000122070312,84.98999786376953,84.91999816894531,84.94000244140625,93
2026-06-12T12:14:00.000Z,CL,84.93000030517578,84.98999786376953,84.88999938964844,84.91000366210938,90
2026-06-12T12:15:00.000Z,CL,84.9000015258789,84.9800033569336,84.9000015258789,84.97000122070312,42
2026-06-12T12:16:00.000Z,CL,84.94000244140625,85.0199966430664,84.94000244140625,85.0,92
2026-06-12T12:17:00.000Z,CL,85.0,85.01000213623047,84.94000244140625,84.95999908447266,80
2026-06-12T12:18:00.000Z,CL,84.94999694824219,84.98999786376953,84.91000366210938,84.93000030517578,95
2026-06-12T12:19:00.000Z,CL,84.91999816894531,84.97000122070312,84.88999938964844,84.95999908447266,127
2026-06-12T12:20:00.000Z,CL,84.94999694824219,85.08000183105469,84.94000244140625,85.05000305175781,159
2026-06-12T12:21:00.000Z,CL,85.05000305175781,85.0999984741211,84.97000122070312,85.02999877929688,195
2026-06-12T12:22:00.000Z,CL,85.0199966430664,85.08000183105469,85.01000213623047,85.02999877929688,76
2026-06-12T12:23:00.000Z,CL,85.02999877929688,85.2300033569336,85.02999877929688,85.19999694824219,285
2026-06-12T12:24:00.000Z,CL,85.19000244140625,85.22000122070312,85.13999938964844,85.19000244140625,260
2026-06-12T12:25:00.000Z,CL,85.19999694824219,85.19999694824219,85.12999725341797,85.16999816894531,158
2026-06-12T12:26:00.000Z,CL,85.19000244140625,85.23999786376953,85.16999816894531,85.19000244140625,99
2026-06-12T12:27:00.000Z,CL,85.19000244140625,85.19000244140625,85.11000061035156,85.12000274658203,101
2026-06-12T12:28:00.000Z,CL,85.11000061035156,85.18000030517578,85.11000061035156,85.16999816894531,104
2026-06-12T12:29:00.000Z,CL,85.16000366210938,85.23999786376953,85.16000366210938,85.23999786376953,188
2026-06-12T12:30:00.000Z,CL,85.25,85.3499984741211,85.23999786376953,85.26000213623047,228
2026-06-12T12:31:00.000Z,CL,85.26000213623047,85.37000274658203,85.26000213623047,85.29000091552734,119
2026-06-12T12:32:00.000Z,CL,85.30000305175781,85.31999969482422,85.2300033569336,85.30999755859375,126
2026-06-12T12:33:00.000Z,CL,85.30999755859375,85.47000122070312,85.30999755859375,85.44999694824219,238
2026-06-12T12:34:00.000Z,CL,85.44999694824219,85.47000122070312,85.33999633789062,85.37000274658203,325
2026-06-12T12:35:00.000Z,CL,85.36000061035156,85.5199966430664,85.36000061035156,85.47000122070312,154
2026-06-12T12:36:00.000Z,CL,85.47000122070312,85.5,85.4000015258789,85.43000030517578,152
2026-06-12T12:37:00.000Z,CL,85.43000030517578,85.5199966430664,85.41999816894531,85.45999908447266,105
2026-06-12T12:38:00.000Z,CL,85.44999694824219,85.47000122070312,85.33999633789062,85.37999725341797,238
2026-06-12T12:39:00.000Z,CL,85.37999725341797,85.44999694824219,85.3499984741211,85.41000366210938,160
2026-06-12T12:40:00.000Z,CL,85.4000015258789,85.58999633789062,85.38999938964844,85.44999694824219,590
2026-06-12T12:41:00.000Z,CL,85.43000030517578,85.51000213623047,85.41000366210938,85.47000122070312,89
2026-06-12T12:42:00.000Z,CL,85.45999908447266,85.5,85.37000274658203,85.37999725341797,111
2026-06-12T12:43:00.000Z,CL,85.37999725341797,85.45999908447266,85.37000274658203,85.4000015258789,111
2026-06-12T12:44:00.000Z,CL,85.41000366210938,85.69999694824219,85.38999938964844,85.44999694824219,950
2026-06-12T12:45:00.000Z,CL,85.44000244140625,85.5999984741211,85.44000244140625,85.54000091552734,317
2026-06-12T12:46:00.000Z,CL,85.55999755859375,85.55999755859375,85.37000274658203,85.37999725341797,271
2026-06-12T12:47:00.000Z,CL,85.38999938964844,85.41000366210938,85.19000244140625,85.23999786376953,376
2026-06-12T12:48:00.000Z,CL,85.26000213623047,85.29000091552734,85.0999984741211,85.13999938964844,264
2026-06-12T12:49:00.000Z,CL,85.13999938964844,85.2300033569336,85.12999725341797,85.22000122070312,128
2026-06-12T12:50:00.000Z,CL,85.23999786376953,85.2699966430664,85.12000274658203,85.12000274658203,154
2026-06-12T12:51:00.000Z,CL,85.12999725341797,85.31999969482422,85.12999725341797,85.25,198
2026-06-12T12:52:00.000Z,CL,85.25,85.27999877929688,85.20999908447266,85.2300033569336,65
2026-06-12T12:53:00.000Z,CL,85.25,85.33000183105469,85.2300033569336,85.30999755859375,113
2026-06-12T12:54:00.000Z,CL,85.31999969482422,85.4000015258789,85.30000305175781,85.37000274658203,284
2026-06-12T12:55:00.000Z,CL,85.37000274658203,85.62000274658203,85.36000061035156,85.41000366210938,603
2026-06-12T12:56:00.000Z,CL,85.43000030517578,85.44999694824219,85.33000183105469,85.36000061035156,214
2026-06-12T12:57:00.000Z,CL,85.37000274658203,85.37999725341797,85.27999877929688,85.27999877929688,161
2026-06-12T12:58:00.000Z,CL,85.27999877929688,85.29000091552734,85.18000030517578,85.19000244140625,138
2026-06-12T12:59:00.000Z,CL,85.19999694824219,85.19999694824219,85.08999633789062,85.08999633789062,342
2026-06-12T13:00:00.000Z,CL,85.08999633789062,85.26000213623047,85.08999633789062,85.18000030517578,535
2026-06-12T13:01:00.000Z,CL,85.18000030517578,85.25,85.13999938964844,85.19999694824219,219
2026-06-12T13:02:00.000Z,CL,85.19999694824219,85.19999694824219,84.9800033569336,85.0199966430664,336
2026-06-12T13:03:00.000Z,CL,85.0199966430664,85.0999984741211,84.95999908447266,85.0999984741211,222
2026-06-12T13:04:00.000Z,CL,85.08999633789062,85.19000244140625,85.08999633789062,85.19000244140625,108
2026-06-12T13:05:00.000Z,CL,85.19000244140625,85.26000213623047,85.16999816894531,85.23999786376953,118
2026-06-12T13:06:00.000Z,CL,85.26000213623047,85.45999908447266,85.26000213623047,85.44999694824219,302
2026-06-12T13:07:00.000Z,CL,85.44999694824219,85.44999694824219,85.36000061035156,85.4000015258789,99
2026-06-12T13:08:00.000Z,CL,85.37000274658203,85.43000030517578,85.33999633789062,85.38999938964844,135
2026-06-12T13:09:00.000Z,CL,85.37999725341797,85.41999816894531,85.33999633789062,85.36000061035156,95
2026-06-12T13:10:00.000Z,CL,85.3499984741211,85.52999877929688,85.3499984741211,85.48999786376953,247
2026-06-12T13:11:00.000Z,CL,85.4800033569336,85.5,85.44000244140625,85.47000122070312,165
2026-06-12T13:12:00.000Z,CL,85.4800033569336,85.58999633789062,85.47000122070312,85.56999969482422,223
2026-06-12T13:13:00.000Z,CL,85.58000183105469,85.5999984741211,85.44999694824219,85.45999908447266,153
2026-06-12T13:14:00.000Z,CL,85.44999694824219,85.44999694824219,85.37999725341797,85.38999938964844,303
2026-06-12T13:15:00.000Z,CL,85.38999938964844,85.38999938964844,85.30999755859375,85.33000183105469,160
2026-06-12T13:16:00.000Z,CL,85.31999969482422,85.31999969482422,85.22000122070312,85.23999786376953,133
2026-06-12T13:17:00.000Z,CL,85.23999786376953,85.25,85.1500015258789,85.19000244140625,336
2026-06-12T13:18:00.000Z,CL,85.19000244140625,85.2300033569336,85.16000366210938,85.16999816894531,350
2026-06-12T13:19:00.000Z,CL,85.18000030517578,85.25,85.18000030517578,85.2300033569336,182
2026-06-12T13:20:00.000Z,CL,85.23999786376953,85.25,85.16000366210938,85.19999694824219,202
2026-06-12T13:21:00.000Z,CL,85.22000122070312,85.30000305175781,85.22000122070312,85.26000213623047,128
2026-06-12T13:22:00.000Z,CL,85.27999877929688,85.30999755859375,85.26000213623047,85.27999877929688,93
2026-06-12T13:23:00.000Z,CL,85.2699966430664,85.36000061035156,85.26000213623047,85.36000061035156,106
2026-06-12T13:24:00.000Z,CL,85.37999725341797,85.44000244140625,85.37999725341797,85.38999938964844,145
2026-06-12T13:25:00.000Z,CL,85.37999725341797,85.48999786376953,85.37000274658203,85.48999786376953,179
2026-06-12T13:26:00.000Z,CL,85.5,85.51000213623047,85.3499984741211,85.37999725341797,168
2026-06-12T13:27:00.000Z,CL,85.38999938964844,85.44000244140625,85.37000274658203,85.44000244140625,51
2026-06-12T13:28:00.000Z,CL,85.44999694824219,85.47000122070312,85.31999969482422,85.3499984741211,177
2026-06-12T13:29:00.000Z,CL,85.33999633789062,85.33999633789062,85.30000305175781,85.33000183105469,57
2026-06-12T13:30:00.000Z,CL,85.3499984741211,85.43000030517578,85.30999755859375,85.33999633789062,274
2026-06-12T13:31:00.000Z,CL,85.33000183105469,85.5199966430664,85.31999969482422,85.43000030517578,350
2026-06-12T13:32:00.000Z,CL,85.43000030517578,85.55000305175781,85.38999938964844,85.47000122070312,190
2026-06-12T13:33:00.000Z,CL,85.48999786376953,85.48999786376953,85.41000366210938,85.44999694824219,104
2026-06-12T13:34:00.000Z,CL,85.47000122070312,85.63999938964844,85.44999694824219,85.55999755859375,879
2026-06-12T13:35:00.000Z,CL,85.55999755859375,85.55999755859375,85.44999694824219,85.48999786376953,271
2026-06-12T13:36:00.000Z,CL,85.5199966430664,85.76000213623047,85.45999908447266,85.69000244140625,371
2026-06-12T13:37:00.000Z,CL,85.69000244140625,85.75,85.63999938964844,85.70999908447266,305
2026-06-12T13:38:00.000Z,CL,85.70999908447266,85.8499984741211,85.70999908447266,85.83000183105469,412
2026-06-12T13:39:00.000Z,CL,85.81999969482422,85.91999816894531,85.80999755859375,85.81999969482422,314
2026-06-12T13:40:00.000Z,CL,85.83000183105469,86.75,85.81999969482422,86.62000274658203,2170
2026-06-12T13:41:00.000Z,CL,86.61000061035156,86.86000061035156,86.38999938964844,86.5999984741211,1438
2026-06-12T13:42:00.000Z,CL,86.58999633789062,86.87999725341797,86.33999633789062,86.52999877929688,1619
2026-06-12T13:43:00.000Z,CL,86.54000091552734,86.58000183105469,86.3499984741211,86.43000030517578,756
2026-06-12T13:44:00.000Z,CL,86.43000030517578,86.43000030517578,86.0999984741211,86.23999786376953,808
2026-06-12T13:45:00.000Z,CL,86.23999786376953,86.26000213623047,86.08000183105469,86.16000366210938,420
2026-06-12T13:46:00.000Z,CL,86.1500015258789,86.2699966430664,86.05999755859375,86.2300033569336,623
2026-06-12T13:47:00.000Z,CL,86.2300033569336,86.5,86.2300033569336,86.48999786376953,522
2026-06-12T13:48:00.000Z,CL,86.5,86.55999755859375,86.43000030517578,86.44999694824219,310
2026-06-12T13:49:00.000Z,CL,86.45999908447266,86.51000213623047,86.3499984741211,86.37000274658203,358
2026-06-12T13:50:00.000Z,CL,86.37000274658203,86.5,86.3499984741211,86.48999786376953,288
2026-06-12T13:51:00.000Z,CL,86.48999786376953,86.5199966430664,86.37000274658203,86.38999938964844,404
2026-06-12T13:52:00.000Z,CL,86.37999725341797,86.43000030517578,86.30999755859375,86.33000183105469,264
2026-06-12T13:53:00.000Z,CL,86.33000183105469,86.62000274658203,86.30999755859375,86.61000061035156,1076
2026-06-12T13:54:00.000Z,CL,86.5999984741211,86.7699966430664,86.58999633789062,86.7699966430664,922
2026-06-12T13:55:00.000Z,CL,86.77999877929688,86.87999725341797,86.76000213623047,86.83999633789062,831
2026-06-12T13:56:00.000Z,CL,86.83000183105469,86.95999908447266,86.81999969482422,86.8499984741211,573
2026-06-12T13:57:00.000Z,CL,86.83999633789062,86.9000015258789,86.72000122070312,86.79000091552734,394
2026-06-12T13:58:00.000Z,CL,86.80000305175781,87.04000091552734,86.80000305175781,87.04000091552734,431
2026-06-12T13:59:00.000Z,CL,87.04000091552734,87.04000091552734,86.97000122070312,87.0199966430664,440
2026-06-12T14:00:00.000Z,CL,87.02999877929688,87.19999694824219,86.93000030517578,87.08999633789062,746
2026-06-12T14:01:00.000Z,CL,87.0999984741211,87.16999816894531,86.95999908447266,86.9800033569336,628
2026-06-12T14:02:00.000Z,CL,86.9800033569336,87.2300033569336,86.97000122070312,87.19000244140625,413
2026-06-12T14:03:00.000Z,CL,87.19999694824219,87.2300033569336,86.80000305175781,86.95999908447266,1106
2026-06-12T14:04:00.000Z,CL,86.97000122070312,87.05999755859375,86.80000305175781,86.80999755859375,747
2026-06-12T14:05:00.000Z,CL,86.80000305175781,86.91999816894531,86.75,86.91999816894531,453
2026-06-12T14:06:00.000Z,CL,86.91000366210938,86.94000244140625,86.79000091552734,86.8499984741211,207
2026-06-12T14:07:00.000Z,CL,86.8499984741211,86.87000274658203,86.63999938964844,86.63999938964844,425
2026-06-12T14:08:00.000Z,CL,86.66000366210938,86.73999786376953,86.6500015258789,86.72000122070312,355
2026-06-12T14:09:00.000Z,CL,86.72000122070312,86.83000183105469,86.62000274658203,86.62999725341797,459
2026-06-12T14:10:00.000Z,CL,86.63999938964844,86.68000030517578,86.45999908447266,86.54000091552734,823
2026-06-12T14:11:00.000Z,CL,86.54000091552734,86.66000366210938,86.54000091552734,86.62999725341797,174
2026-06-12T14:12:00.000Z,CL,86.62999725341797,86.66000366210938,86.5199966430664,86.5999984741211,300
2026-06-12T14:13:00.000Z,CL,86.5999984741211,86.63999938964844,86.55999755859375,86.58999633789062,218
2026-06-12T14:14:00.000Z,CL,86.58000183105469,86.58000183105469,86.38999938964844,86.43000030517578,377
2026-06-12T14:15:00.000Z,CL,86.44000244140625,86.47000122070312,86.33999633789062,86.33999633789062,240
2026-06-12T14:16:00.000Z,CL,86.33999633789062,86.38999938964844,86.30999755859375,86.37999725341797,234
2026-06-12T14:17:00.000Z,CL,86.37999725341797,86.37999725341797,86.13999938964844,86.22000122070312,440
2026-06-12T14:18:00.000Z,CL,86.22000122070312,86.38999938964844,86.20999908447266,86.37000274658203,218
2026-06-12T14:19:00.000Z,CL,86.37000274658203,86.54000091552734,86.3499984741211,86.52999877929688,262
2026-06-12T14:20:00.000Z,CL,86.54000091552734,86.63999938964844,86.44999694824219,86.45999908447266,302
2026-06-12T14:21:00.000Z,CL,86.47000122070312,86.6500015258789,86.43000030517578,86.5999984741211,298
2026-06-12T14:22:00.000Z,CL,86.58000183105469,86.6500015258789,86.5199966430664,86.6500015258789,213
2026-06-12T14:23:00.000Z,CL,86.6500015258789,86.7699966430664,86.58999633789062,86.66000366210938,369
2026-06-12T14:24:00.000Z,CL,86.66000366210938,86.68000030517578,86.58999633789062,86.58999633789062,240
2026-06-12T14:25:00.000Z,CL,86.58999633789062,86.62000274658203,86.43000030517578,86.5,238
2026-06-12T14:26:00.000Z,CL,86.5199966430664,86.54000091552734,86.47000122070312,86.47000122070312,191
2026-06-12T14:27:00.000Z,CL,86.45999908447266,86.47000122070312,86.37999725341797,86.38999938964844,126
2026-06-12T14:28:00.000Z,CL,86.38999938964844,86.4800033569336,86.38999938964844,86.4800033569336,239
2026-06-12T14:29:00.000Z,CL,86.45999908447266,86.48999786376953,86.41999816894531,86.45999908447266,88
2026-06-12T14:30:00.000Z,CL,86.4800033569336,86.55999755859375,86.45999908447266,86.5199966430664,200
2026-06-12T14:31:00.000Z,CL,86.52999877929688,86.5999984741211,86.5,86.58999633789062,172
2026-06-12T14:32:00.000Z,CL,86.58999633789062,86.5999984741211,86.54000091552734,86.58999633789062,140
2026-06-12T14:33:00.000Z,CL,86.58999633789062,86.63999938964844,86.5199966430664,86.52999877929688,195
2026-06-12T14:34:00.000Z,CL,86.52999877929688,86.55999755859375,86.45999908447266,86.5,134
2026-06-12T14:35:00.000Z,CL,86.51000213623047,86.52999877929688,86.25,86.31999969482422,572
2026-06-12T14:36:00.000Z,CL,86.33999633789062,86.4000015258789,86.0999984741211,86.2699966430664,877
2026-06-12T14:37:00.000Z,CL,86.27999877929688,86.30000305175781,86.18000030517578,86.27999877929688,211
2026-06-12T14:38:00.000Z,CL,86.25,86.2699966430664,86.13999938964844,86.23999786376953,329
2026-06-12T14:39:00.000Z,CL,86.2699966430664,86.29000091552734,86.1500015258789,86.19999694824219,162
2026-06-12T14:40:00.000Z,CL,86.20999908447266,86.30000305175781,86.19999694824219,86.29000091552734,158
2026-06-12T14:41:00.000Z,CL,86.30000305175781,86.41000366210938,86.27999877929688,86.33000183105469,189
2026-06-12T14:42:00.000Z,CL,86.30999755859375,86.3499984741211,86.27999877929688,86.30000305175781,131
2026-06-12T14:43:00.000Z,CL,86.30999755859375,86.48999786376953,86.30000305175781,86.41999816894531,354
2026-06-12T14:44:00.000Z,CL,86.41999816894531,86.44000244140625,86.31999969482422,86.44000244140625,256
2026-06-12T14:45:00.000Z,CL,86.44999694824219,86.51000213623047,86.41999816894531,86.44000244140625,178
2026-06-12T14:46:00.000Z,CL,86.44000244140625,86.51000213623047,86.36000061035156,86.5,145
2026-06-12T14:47:00.000Z,CL,86.51000213623047,86.62999725341797,86.5,86.51000213623047,441
2026-06-12T14:48:00.000Z,CL,86.5199966430664,86.56999969482422,86.4800033569336,86.5199966430664,185
2026-06-12T14:49:00.000Z,CL,86.52999877929688,86.55000305175781,86.4800033569336,86.55000305175781,85
2026-06-12T14:50:00.000Z,CL,86.55000305175781,86.55999755859375,86.51000213623047,86.51000213623047,112
2026-06-12T14:51:00.000Z,CL,86.51000213623047,86.68000030517578,86.51000213623047,86.58999633789062,317
2026-06-12T14:52:00.000Z,CL,86.5999984741211,86.61000061035156,85.12000274658203,85.77999877929688,3069
2026-06-12T14:53:00.000Z,CL,85.79000091552734,85.79000091552734,85.19999694824219,85.58000183105469,2327
2026-06-12T14:54:00.000Z,CL,85.55999755859375,85.6500015258789,85.2699966430664,85.31999969482422,1311
2026-06-12T14:55:00.000Z,CL,85.30999755859375,85.44000244140625,85.16000366210938,85.43000030517578,700
2026-06-12T14:56:00.000Z,CL,85.41999816894531,85.54000091552734,84.91999816894531,85.02999877929688,1278
2026-06-12T14:57:00.000Z,CL,85.04000091552734,85.0999984741211,84.76000213623047,84.87000274658203,773
2026-06-12T14:58:00.000Z,CL,84.8499984741211,84.97000122070312,84.73999786376953,84.76000213623047,670
2026-06-12T14:59:00.000Z,CL,84.76000213623047,84.97000122070312,84.73999786376953,84.95999908447266,475
2026-06-12T15:00:00.000Z,CL,84.97000122070312,85.04000091552734,84.5999984741211,84.5999984741211,1514
2026-06-12T15:01:00.000Z,CL,84.5999984741211,84.72000122070312,84.51000213623047,84.55999755859375,645
2026-06-12T15:02:00.000Z,CL,84.56999969482422,84.79000091552734,84.56999969482422,84.79000091552734,514
2026-06-12T15:03:00.000Z,CL,84.77999877929688,84.94000244140625,84.69999694824219,84.91000366210938,417
2026-06-12T15:04:00.000Z,CL,84.88999938964844,85.0,84.80999755859375,84.87999725341797,642
2026-06-12T15:05:00.000Z,CL,84.87000274658203,84.87000274658203,84.55999755859375,84.55999755859375,647
2026-06-12T15:06:00.000Z,CL,84.58000183105469,84.72000122070312,84.58000183105469,84.68000030517578,322
2026-06-12T15:07:00.000Z,CL,84.66000366210938,84.83000183105469,84.66000366210938,84.7300033569336,374
2026-06-12T15:08:00.000Z,CL,84.75,84.77999877929688,84.58000183105469,84.68000030517578,344
2026-06-12T15:09:00.000Z,CL,84.68000030517578,84.69000244140625,84.52999877929688,84.55999755859375,258
2026-06-12T15:10:00.000Z,CL,84.56999969482422,84.61000061035156,84.41000366210938,84.41000366210938,422
2026-06-12T15:11:00.000Z,CL,84.43000030517578,84.54000091552734,84.43000030517578,84.47000122070312,285
2026-06-12T15:12:00.000Z,CL,84.44999694824219,84.80000305175781,84.44999694824219,84.77999877929688,455
2026-06-12T15:13:00.000Z,CL,84.7699966430664,84.79000091552734,84.66000366210938,84.66000366210938,307
2026-06-12T15:14:00.000Z,CL,84.68000030517578,84.68000030517578,84.54000091552734,84.61000061035156,270
2026-06-12T15:15:00.000Z,CL,84.5999984741211,84.68000030517578,84.5199966430664,84.66999816894531,211
2026-06-12T15:16:00.000Z,CL,84.66999816894531,84.75,84.62000274658203,84.70999908447266,191
2026-06-12T15:17:00.000Z,CL,84.69999694824219,84.69999694824219,84.33999633789062,84.41000366210938,531
2026-06-12T15:18:00.000Z,CL,84.43000030517578,84.5199966430664,84.37999725341797,84.4000015258789,318
2026-06-12T15:19:00.000Z,CL,84.4000015258789,84.48999786376953,84.3499984741211,84.41999816894531,183
2026-06-12T15:20:00.000Z,CL,84.4000015258789,84.48999786376953,84.37000274658203,84.4800033569336,223
2026-06-12T15:21:00.000Z,CL,84.4800033569336,84.48999786376953,84.2300033569336,84.36000061035156,703
2026-06-12T15:22:00.000Z,CL,84.36000061035156,84.37999725341797,84.30000305175781,84.30999755859375,140
2026-06-12T15:23:00.000Z,CL,84.33000183105469,84.4000015258789,84.33000183105469,84.38999938964844,244
2026-06-12T15:24:00.000Z,CL,84.4000015258789,84.41000366210938,84.2300033569336,84.30999755859375,311
2026-06-12T15:25:00.000Z,CL,84.31999969482422,84.48999786376953,84.29000091552734,84.47000122070312,215
2026-06-12T15:26:00.000Z,CL,84.4800033569336,84.5199966430664,84.31999969482422,84.33000183105469,505
2026-06-12T15:27:00.000Z,CL,84.3499984741211,84.47000122070312,84.33999633789062,84.44000244140625,172
2026-06-12T15:28:00.000Z,CL,84.43000030517578,84.5,84.33000183105469,84.4800033569336,206
2026-06-12T15:29:00.000Z,CL,84.45999908447266,84.51000213623047,84.41000366210938,84.45999908447266,344
2026-06-12T15:30:00.000Z,CL,84.44000244140625,84.4800033569336,84.23999786376953,84.45999908447266,381
2026-06-12T15:31:00.000Z,CL,84.47000122070312,84.55999755859375,84.45999908447266,84.51000213623047,276
2026-06-12T15:32:00.000Z,CL,84.51000213623047,84.52999877929688,84.44000244140625,84.5,272
2026-06-12T15:33:00.000Z,CL,84.47000122070312,84.72000122070312,84.47000122070312,84.62999725341797,798
2026-06-12T15:34:00.000Z,CL,84.62000274658203,84.68000030517578,84.55000305175781,84.58000183105469,291
2026-06-12T15:35:00.000Z,CL,84.56999969482422,84.75,84.33000183105469,84.58000183105469,1193
2026-06-12T15:36:00.000Z,CL,84.58000183105469,84.62000274658203,84.54000091552734,84.58999633789062,128
2026-06-12T15:37:00.000Z,CL,84.58999633789062,84.62000274658203,84.48999786376953,84.51000213623047,204
2026-06-12T15:38:00.000Z,CL,84.5199966430664,84.56999969482422,84.48999786376953,84.5199966430664,76
2026-06-12T15:39:00.000Z,CL,84.51000213623047,84.52999877929688,84.25,84.27999877929688,433
2026-06-12T15:40:00.000Z,CL,84.30000305175781,84.41000366210938,84.25,84.41000366210938,214
2026-06-12T15:41:00.000Z,CL,84.4000015258789,84.4800033569336,84.4000015258789,84.44000244140625,82
2026-06-12T15:42:00.000Z,CL,84.44000244140625,84.55999755859375,84.44000244140625,84.55999755859375,185
2026-06-12T15:43:00.000Z,CL,84.55999755859375,84.55999755859375,84.37999725341797,84.37999725341797,215
2026-06-12T15:44:00.000Z,CL,84.37000274658203,84.48999786376953,84.33999633789062,84.48999786376953,148
2026-06-12T15:45:00.000Z,CL,84.4800033569336,84.48999786376953,84.37999725341797,84.44000244140625,197
2026-06-12T15:46:00.000Z,CL,84.44000244140625,84.44999694824219,84.37999725341797,84.44999694824219,218
2026-06-12T15:47:00.000Z,CL,84.44000244140625,84.45999908447266,84.36000061035156,84.36000061035156,160
2026-06-12T15:48:00.000Z,CL,84.36000061035156,84.4000015258789,84.33000183105469,84.3499984741211,263
2026-06-12T15:49:00.000Z,CL,84.36000061035156,84.5999984741211,84.33000183105469,84.58000183105469,342
2026-06-12T15:50:00.000Z,CL,84.55999755859375,84.55999755859375,84.36000061035156,84.4000015258789,208
2026-06-12T15:51:00.000Z,CL,84.4000015258789,84.41999816894531,84.33000183105469,84.3499984741211,174
2026-06-12T15:52:00.000Z,CL,84.33999633789062,84.3499984741211,84.23999786376953,84.26000213623047,363
2026-06-12T15:53:00.000Z,CL,84.25,84.29000091552734,84.12999725341797,84.2300033569336,345
2026-06-12T15:54:00.000Z,CL,84.22000122070312,84.2699966430664,84.13999938964844,84.22000122070312,144
2026-06-12T15:55:00.000Z,CL,84.2300033569336,84.25,84.1500015258789,84.19000244140625,131
2026-06-12T15:56:00.000Z,CL,84.19000244140625,84.26000213623047,84.13999938964844,84.2300033569336,245
2026-06-12T15:57:00.000Z,CL,84.26000213623047,84.37999725341797,84.25,84.37000274658203,190
2026-06-12T15:58:00.000Z,CL,84.37000274658203,84.38999938964844,84.31999969482422,84.37999725341797,105
2026-06-12T15:59:00.000Z,CL,84.38999938964844,84.43000030517578,84.36000061035156,84.41000366210938,194
2026-06-12T16:00:00.000Z,CL,84.41999816894531,84.62000274658203,84.41000366210938,84.55000305175781,380
2026-06-12T16:01:00.000Z,CL,84.55999755859375,84.7300033569336,84.54000091552734,84.72000122070312,335
2026-06-12T16:02:00.000Z,CL,84.72000122070312,84.7300033569336,84.5999984741211,84.66000366210938,466
2026-06-12T16:03:00.000Z,CL,84.6500015258789,84.70999908447266,84.58999633789062,84.62000274658203,316
2026-06-12T16:04:00.000Z,CL,84.61000061035156,84.61000061035156,84.51000213623047,84.54000091552734,144
2026-06-12T16:05:00.000Z,CL,84.55000305175781,84.76000213623047,84.55000305175781,84.73999786376953,239
2026-06-12T16:06:00.000Z,CL,84.76000213623047,84.77999877929688,84.68000030517578,84.69000244140625,153
2026-06-12T16:07:00.000Z,CL,84.69999694824219,84.72000122070312,84.6500015258789,84.69000244140625,158
2026-06-12T16:08:00.000Z,CL,84.69999694824219,84.79000091552734,84.69000244140625,84.70999908447266,170
2026-06-12T16:09:00.000Z,CL,84.72000122070312,84.75,84.68000030517578,84.7300033569336,253
2026-06-12T16:10:00.000Z,CL,84.73999786376953,84.80000305175781,84.73999786376953,84.75,144
2026-06-12T16:11:00.000Z,CL,84.75,84.76000213623047,84.70999908447266,84.7300033569336,81
2026-06-12T16:12:00.000Z,CL,84.73999786376953,84.79000091552734,84.7300033569336,84.77999877929688,148
2026-06-12T16:13:00.000Z,CL,84.7699966430664,84.7699966430664,84.16999816894531,84.36000061035156,1931
2026-06-12T16:14:00.000Z,CL,84.37000274658203,84.51000213623047,84.23999786376953,84.4800033569336,627
2026-06-12T16:15:00.000Z,CL,84.4800033569336,84.55000305175781,84.2300033569336,84.2699966430664,379
2026-06-12T16:16:00.000Z,CL,84.29000091552734,84.41000366210938,84.2300033569336,84.31999969482422,468
2026-06-12T16:17:00.000Z,CL,84.30999755859375,84.44999694824219,84.27999877929688,84.37999725341797,235
2026-06-12T16:18:00.000Z,CL,84.3499984741211,84.45999908447266,84.3499984741211,84.45999908447266,204
2026-06-12T16:19:00.000Z,CL,84.44999694824219,84.61000061035156,84.41999816894531,84.56999969482422,429
2026-06-12T16:20:00.000Z,CL,84.55999755859375,84.69000244140625,84.5,84.66999816894531,283
2026-06-12T16:21:00.000Z,CL,84.66000366210938,84.73999786376953,84.66000366210938,84.66999816894531,218
2026-06-12T16:22:00.000Z,CL,84.68000030517578,84.79000091552734,84.66999816894531,84.69000244140625,250
2026-06-12T16:23:00.000Z,CL,84.69000244140625,84.70999908447266,84.66000366210938,84.69000244140625,210
2026-06-12T16:24:00.000Z,CL,84.72000122070312,84.76000213623047,84.58999633789062,84.61000061035156,252
2026-06-12T16:25:00.000Z,CL,84.62000274658203,84.75,84.58999633789062,84.70999908447266,297
2026-06-12T16:26:00.000Z,CL,84.69999694824219,84.72000122070312,84.62999725341797,84.70999908447266,166
2026-06-12T16:27:00.000Z,CL,84.69000244140625,84.83999633789062,84.6500015258789,84.80000305175781,374
2026-06-12T16:28:00.000Z,CL,84.79000091552734,84.80000305175781,84.70999908447266,84.72000122070312,113
2026-06-12T16:29:00.000Z,CL,84.72000122070312,84.80000305175781,84.72000122070312,84.79000091552734,69
2026-06-12T16:30:00.000Z,CL,84.80999755859375,84.80999755859375,84.66999816894531,84.7300033569336,185
2026-06-12T16:31:00.000Z,CL,84.72000122070312,84.83999633789062,84.72000122070312,84.80000305175781,208
2026-06-12T16:32:00.000Z,CL,84.77999877929688,84.8499984741211,84.77999877929688,84.80999755859375,91
2026-06-12T16:33:00.000Z,CL,84.80000305175781,84.8499984741211,84.7699966430664,84.79000091552734,171
2026-06-12T16:34:00.000Z,CL,84.77999877929688,84.8499984741211,84.7300033569336,84.73999786376953,283
2026-06-12T16:35:00.000Z,CL,84.73999786376953,84.8499984741211,84.7300033569336,84.8499984741211,195
2026-06-12T16:36:00.000Z,CL,84.83999633789062,84.8499984741211,84.73999786376953,84.76000213623047,245
2026-06-12T16:37:00.000Z,CL,84.7699966430664,84.83000183105469,84.75,84.75,131
2026-06-12T16:38:00.000Z,CL,84.76000213623047,84.80000305175781,84.7300033569336,84.7300033569336,94
2026-06-12T16:39:00.000Z,CL,84.7300033569336,84.75,84.6500015258789,84.69000244140625,236
2026-06-12T16:40:00.000Z,CL,84.69000244140625,84.69000244140625,84.58000183105469,84.66000366210938,232
2026-06-12T16:41:00.000Z,CL,84.6500015258789,84.69999694824219,84.6500015258789,84.68000030517578,123
2026-06-12T16:42:00.000Z,CL,84.69999694824219,84.7699966430664,84.63999938964844,84.76000213623047,238
2026-06-12T16:43:00.000Z,CL,84.76000213623047,84.77999877929688,84.72000122070312,84.72000122070312,140
2026-06-12T16:44:00.000Z,CL,84.70999908447266,84.76000213623047,84.66000366210938,84.75,175
2026-06-12T16:45:00.000Z,CL,84.75,84.77999877929688,84.69000244140625,84.69000244140625,111
2026-06-12T16:46:00.000Z,CL,84.68000030517578,84.68000030517578,84.58000183105469,84.62999725341797,248
2026-06-12T16:47:00.000Z,CL,84.6500015258789,84.6500015258789,84.55000305175781,84.55000305175781,160
2026-06-12T16:48:00.000Z,CL,84.54000091552734,84.54000091552734,84.45999908447266,84.48999786376953,120
2026-06-12T16:49:00.000Z,CL,84.5,84.55000305175781,84.5,84.55000305175781,82
2026-06-12T16:50:00.000Z,CL,84.55999755859375,84.66000366210938,84.55000305175781,84.61000061035156,209
2026-06-12T16:51:00.000Z,CL,84.61000061035156,84.68000030517578,84.52999877929688,84.62000274658203,414
2026-06-12T16:52:00.000Z,CL,84.62000274658203,84.66999816894531,84.55000305175781,84.62000274658203,265
2026-06-12T16:53:00.000Z,CL,84.5999984741211,84.61000061035156,84.5199966430664,84.55000305175781,157
2026-06-12T16:54:00.000Z,CL,84.55999755859375,84.63999938964844,84.55000305175781,84.63999938964844,251
2026-06-12T16:55:00.000Z,CL,84.62999725341797,84.77999877929688,84.62999725341797,84.7300033569336,183
2026-06-12T16:56:00.000Z,CL,84.73999786376953,84.91999816894531,84.73999786376953,84.86000061035156,438
2026-06-12T16:57:00.000Z,CL,84.8499984741211,85.0,84.81999969482422,84.9800033569336,462
2026-06-12T16:58:00.000Z,CL,84.9800033569336,85.0,84.8499984741211,84.86000061035156,267
2026-06-12T16:59:00.000Z,CL,84.8499984741211,84.87999725341797,84.80999755859375,84.83999633789062,121
2026-06-12T17:00:00.000Z,CL,84.8499984741211,84.9000015258789,84.80000305175781,84.81999969482422,226
2026-06-12T17:01:00.000Z,CL,84.80999755859375,84.83999633789062,84.7699966430664,84.7699966430664,113
2026-06-12T17:02:00.000Z,CL,84.7699966430664,84.88999938964844,84.7699966430664,84.88999938964844,226
2026-06-12T17:03:00.000Z,CL,84.9000015258789,84.93000030517578,84.83999633789062,84.91999816894531,148
2026-06-12T17:04:00.000Z,CL,84.91999816894531,84.91999816894531,84.83000183105469,84.83999633789062,240
2026-06-12T17:05:00.000Z,CL,84.83999633789062,84.83999633789062,84.75,84.76000213623047,109
2026-06-12T17:06:00.000Z,CL,84.76000213623047,84.77999877929688,84.44999694824219,84.66000366210938,1072
2026-06-12T17:07:00.000Z,CL,84.66999816894531,84.72000122070312,84.55000305175781,84.6500015258789,217
2026-06-12T17:08:00.000Z,CL,84.66999816894531,84.95999908447266,84.6500015258789,84.86000061035156,402
2026-06-12T17:09:00.000Z,CL,84.87000274658203,84.87000274658203,84.80000305175781,84.83000183105469,140
2026-06-12T17:10:00.000Z,CL,84.83999633789062,84.97000122070312,84.76000213623047,84.94000244140625,303
2026-06-12T17:11:00.000Z,CL,84.94999694824219,84.97000122070312,84.79000091552734,84.80999755859375,183
2026-06-12T17:12:00.000Z,CL,84.80999755859375,84.8499984741211,84.79000091552734,84.80000305175781,95
2026-06-12T17:13:00.000Z,CL,84.80999755859375,84.91999816894531,84.79000091552734,84.91999816894531,214
2026-06-12T17:14:00.000Z,CL,84.97000122070312,84.97000122070312,84.72000122070312,84.81999969482422,401
2026-06-12T17:15:00.000Z,CL,84.81999969482422,84.95999908447266,84.72000122070312,84.75,460
2026-06-12T17:16:00.000Z,CL,84.72000122070312,84.79000091552734,84.70999908447266,84.76000213623047,108
2026-06-12T17:17:00.000Z,CL,84.77999877929688,84.77999877929688,84.68000030517578,84.69999694824219,224
2026-06-12T17:18:00.000Z,CL,84.69999694824219,84.7300033569336,84.69000244140625,84.70999908447266,60
2026-06-12T17:19:00.000Z,CL,84.72000122070312,84.80000305175781,84.68000030517578,84.69000244140625,203
2026-06-12T17:20:00.000Z,CL,84.66000366210938,84.69999694824219,84.66000366210938,84.66999816894531,132
2026-06-12T17:21:00.000Z,CL,84.69000244140625,84.76000213623047,84.6500015258789,84.72000122070312,393
2026-06-12T17:22:00.000Z,CL,84.72000122070312,84.7699966430664,84.66000366210938,84.76000213623047,162
2026-06-12T17:23:00.000Z,CL,84.76000213623047,84.77999877929688,84.72000122070312,84.77999877929688,134
2026-06-12T17:24:00.000Z,CL,84.7699966430664,84.7699966430664,84.68000030517578,84.69000244140625,87
2026-06-12T17:25:00.000Z,CL,84.68000030517578,84.72000122070312,84.63999938964844,84.70999908447266,205
2026-06-12T17:26:00.000Z,CL,84.7300033569336,84.79000091552734,84.72000122070312,84.77999877929688,205
2026-06-12T17:27:00.000Z,CL,84.77999877929688,84.80000305175781,84.69000244140625,84.70999908447266,166
2026-06-12T17:28:00.000Z,CL,84.69999694824219,84.72000122070312,84.62999725341797,84.62999725341797,99
2026-06-12T17:29:00.000Z,CL,84.62999725341797,84.62999725341797,84.5,84.55000305175781,451
2026-06-12T17:30:00.000Z,CL,84.54000091552734,84.66000366210938,84.54000091552734,84.62000274658203,136
2026-06-12T17:31:00.000Z,CL,84.62000274658203,84.68000030517578,84.61000061035156,84.61000061035156,278
2026-06-12T17:32:00.000Z,CL,84.5999984741211,84.62999725341797,84.56999969482422,84.58999633789062,113
2026-06-12T17:33:00.000Z,CL,84.5999984741211,84.62000274658203,84.58000183105469,84.58000183105469,108
2026-06-12T17:34:00.000Z,CL,84.58000183105469,84.6500015258789,84.58000183105469,84.63999938964844,219
2026-06-12T17:35:00.000Z,CL,84.62999725341797,84.69999694824219,84.58000183105469,84.66999816894531,267
2026-06-12T17:36:00.000Z,CL,84.66999816894531,84.73999786376953,84.66000366210938,84.72000122070312,183
2026-06-12T17:37:00.000Z,CL,84.70999908447266,84.72000122070312,84.6500015258789,84.66999816894531,155
2026-06-12T17:38:00.000Z,CL,84.68000030517578,84.77999877929688,84.66999816894531,84.77999877929688,175
2026-06-12T17:39:00.000Z,CL,84.79000091552734,84.79000091552734,84.7300033569336,84.73999786376953,120
2026-06-12T17:40:00.000Z,CL,84.73999786376953,84.80000305175781,84.7300033569336,84.77999877929688,128
2026-06-12T17:41:00.000Z,CL,84.7699966430664,84.80000305175781,84.69999694824219,84.75,137
2026-06-12T17:42:00.000Z,CL,84.73999786376953,84.7699966430664,84.69999694824219,84.73999786376953,244
2026-06-12T17:43:00.000Z,CL,84.73999786376953,84.7699966430664,84.7300033569336,84.73999786376953,64
2026-06-12T17:44:00.000Z,CL,84.7300033569336,84.79000091552734,84.69999694824219,84.77999877929688,138
2026-06-12T17:45:00.000Z,CL,84.7699966430664,84.87999725341797,84.7699966430664,84.87000274658203,182
2026-06-12T17:46:00.000Z,CL,84.87000274658203,84.88999938964844,84.81999969482422,84.81999969482422,173
2026-06-12T17:47:00.000Z,CL,84.81999969482422,84.83999633789062,84.7699966430664,84.77999877929688,167
2026-06-12T17:48:00.000Z,CL,84.7699966430664,84.77999877929688,84.73999786376953,84.75,102
2026-06-12T17:49:00.000Z,CL,84.76000213623047,84.76000213623047,84.69000244140625,84.69000244140625,103
2026-06-12T17:50:00.000Z,CL,84.69000244140625,84.72000122070312,84.66000366210938,84.66999816894531,115
2026-06-12T17:51:00.000Z,CL,84.66000366210938,84.69000244140625,84.62999725341797,84.69000244140625,237
2026-06-12T17:52:00.000Z,CL,84.69000244140625,84.7699966430664,84.66000366210938,84.7699966430664,358
2026-06-12T17:53:00.000Z,CL,84.7699966430664,84.87000274658203,84.7699966430664,84.86000061035156,173
2026-06-12T17:54:00.000Z,CL,84.8499984741211,84.88999938964844,84.81999969482422,84.83999633789062,267
2026-06-12T17:55:00.000Z,CL,84.83000183105469,85.02999877929688,84.83000183105469,85.01000213623047,611
2026-06-12T17:56:00.000Z,CL,85.0,85.04000091552734,84.9800033569336,84.98999786376953,339
2026-06-12T17:57:00.000Z,CL,84.9800033569336,85.0,84.93000030517578,84.94999694824219,217
2026-06-12T17:58:00.000Z,CL,84.94000244140625,84.97000122070312,84.91999816894531,84.93000030517578,225
2026-06-12T17:59:00.000Z,CL,84.93000030517578,84.93000030517578,84.87000274658203,84.91000366210938,158
2026-06-12T18:00:00.000Z,CL,84.9000015258789,84.98999786376953,84.9000015258789,84.98999786376953,173
2026-06-12T18:01:00.000Z,CL,85.01000213623047,85.02999877929688,84.9800033569336,85.01000213623047,278
2026-06-12T18:02:00.000Z,CL,85.0199966430664,85.08999633789062,85.0,85.01000213623047,399
2026-06-12T18:03:00.000Z,CL,85.01000213623047,85.0199966430664,84.94000244140625,84.94999694824219,333
2026-06-12T18:04:00.000Z,CL,84.94000244140625,85.0199966430664,84.94000244140625,85.0199966430664,151
2026-06-12T18:05:00.000Z,CL,85.0199966430664,85.06999969482422,84.97000122070312,85.02999877929688,297
2026-06-12T18:06:00.000Z,CL,85.0199966430664,85.0199966430664,84.87000274658203,84.88999938964844,458
2026-06-12T18:07:00.000Z,CL,84.88999938964844,84.94999694824219,84.87999725341797,84.91000366210938,160
2026-06-12T18:08:00.000Z,CL,84.9000015258789,84.9000015258789,84.70999908447266,84.7300033569336,610
2026-06-12T18:09:00.000Z,CL,84.7300033569336,84.80999755859375,84.72000122070312,84.7699966430664,199
2026-06-12T18:10:00.000Z,CL,84.77999877929688,84.81999969482422,84.75,84.77999877929688,207
2026-06-12T18:11:00.000Z,CL,84.7699966430664,84.8499984741211,84.7699966430664,84.83999633789062,219
2026-06-12T18:12:00.000Z,CL,84.83000183105469,84.87999725341797,84.80000305175781,84.83000183105469,137
2026-06-12T18:13:00.000Z,CL,84.87000274658203,84.93000030517578,84.87000274658203,84.93000030517578,203
2026-06-12T18:14:00.000Z,CL,84.93000030517578,85.01000213623047,84.91999816894531,84.93000030517578,277
2026-06-12T18:15:00.000Z,CL,84.94000244140625,84.97000122070312,84.83000183105469,84.83000183105469,357
2026-06-12T18:16:00.000Z,CL,84.83000183105469,84.94000244140625,84.81999969482422,84.91999816894531,265
2026-06-12T18:17:00.000Z,CL,84.93000030517578,85.0,84.88999938964844,85.0,402
2026-06-12T18:18:00.000Z,CL,85.0,85.0,84.9000015258789,84.93000030517578,304
2026-06-12T18:19:00.000Z,CL,84.94000244140625,84.9800033569336,84.91000366210938,84.91999816894531,207
2026-06-12T18:20:00.000Z,CL,84.93000030517578,84.94999694824219,84.86000061035156,84.91999816894531,250
2026-06-12T18:21:00.000Z,CL,84.93000030517578,84.94000244140625,84.86000061035156,84.87000274658203,203
2026-06-12T18:22:00.000Z,CL,84.87000274658203,84.9000015258789,84.7699966430664,84.87000274658203,360
2026-06-12T18:23:00.000Z,CL,84.87999725341797,84.9000015258789,84.83000183105469,84.88999938964844,247
2026-06-12T18:24:00.000Z,CL,84.9000015258789,84.94999694824219,84.8499984741211,84.86000061035156,291
2026-06-12T18:25:00.000Z,CL,84.86000061035156,84.94999694824219,84.83999633789062,84.88999938964844,319
2026-06-12T18:26:00.000Z,CL,84.88999938964844,84.94999694824219,84.87999725341797,84.9000015258789,280
2026-06-12T18:27:00.000Z,CL,84.9000015258789,84.97000122070312,84.81999969482422,84.91999816894531,663
2026-06-12T18:28:00.000Z,CL,84.91000366210938,85.04000091552734,84.83999633789062,84.88999938964844,2326
2026-06-12T18:29:00.000Z,CL,84.88999938964844,84.91000366210938,84.79000091552734,84.87999725341797,2813
2026-06-12T18:30:00.000Z,CL,84.87999725341797,84.88999938964844,84.70999908447266,84.72000122070312,465
2026-06-12T18:31:00.000Z,CL,84.7300033569336,84.80000305175781,84.7300033569336,84.76000213623047,194
2026-06-12T18:32:00.000Z,CL,84.76000213623047,84.80000305175781,84.7300033569336,84.79000091552734,99
2026-06-12T18:33:00.000Z,CL,84.77999877929688,84.80000305175781,84.73999786376953,84.77999877929688,109
2026-06-12T18:34:00.000Z,CL,84.79000091552734,84.83000183105469,84.76000213623047,84.76000213623047,121
2026-06-12T18:35:00.000Z,CL,84.75,84.7699966430664,84.70999908447266,84.73999786376953,156
2026-06-12T18:36:00.000Z,CL,84.7300033569336,84.76000213623047,84.69999694824219,84.72000122070312,117
2026-06-12T18:37:00.000Z,CL,84.70999908447266,84.7300033569336,84.6500015258789,84.6500015258789,131
2026-06-12T18:38:00.000Z,CL,84.66000366210938,84.69000244140625,84.63999938964844,84.68000030517578,87
2026-06-12T18:39:00.000Z,CL,84.68000030517578,84.69000244140625,84.61000061035156,84.62000274658203,86
2026-06-12T18:40:00.000Z,CL,84.62999725341797,84.62999725341797,84.44000244140625,84.47000122070312,286
2026-06-12T18:41:00.000Z,CL,84.48999786376953,84.51000213623047,84.44000244140625,84.48999786376953,276
2026-06-12T18:42:00.000Z,CL,84.48999786376953,84.48999786376953,84.44999694824219,84.44999694824219,62
2026-06-12T18:43:00.000Z,CL,84.44999694824219,84.44999694824219,84.37999725341797,84.37999725341797,171
2026-06-12T18:44:00.000Z,CL,84.37999725341797,84.4000015258789,84.33999633789062,84.36000061035156,209
2026-06-12T18:45:00.000Z,CL,84.36000061035156,84.43000030517578,84.36000061035156,84.37999725341797,120
2026-06-12T18:46:00.000Z,CL,84.37000274658203,84.38999938964844,84.3499984741211,84.37999725341797,103
2026-06-12T18:47:00.000Z,CL,84.37999725341797,84.44000244140625,84.37000274658203,84.43000030517578,86
2026-06-12T18:48:00.000Z,CL,84.41999816894531,84.45999908447266,84.4000015258789,84.44000244140625,117
2026-06-12T18:49:00.000Z,CL,84.43000030517578,84.43000030517578,84.4000015258789,84.41999816894531,46
2026-06-12T18:50:00.000Z,CL,84.41999816894531,84.44000244140625,84.41000366210938,84.43000030517578,60
2026-06-12T18:51:00.000Z,CL,84.43000030517578,84.44999694824219,84.4000015258789,84.41999816894531,87
2026-06-12T18:52:00.000Z,CL,84.41999816894531,84.45999908447266,84.4000015258789,84.41999816894531,77
2026-06-12T18:53:00.000Z,CL,84.41999816894531,84.45999908447266,84.4000015258789,84.45999908447266,105
2026-06-12T18:54:00.000Z,CL,84.44999694824219,84.44999694824219,84.41999816894531,84.41999816894531,20
2026-06-12T18:55:00.000Z,CL,84.43000030517578,84.43000030517578,84.36000061035156,84.36000061035156,106
2026-06-12T18:56:00.000Z,CL,84.3499984741211,84.36000061035156,84.31999969482422,84.33000183105469,139
2026-06-12T18:57:00.000Z,CL,84.33999633789062,84.41999816894531,84.33999633789062,84.41000366210938,61
2026-06-12T18:58:00.000Z,CL,84.38999938964844,84.4000015258789,84.37000274658203,84.4000015258789,29
2026-06-12T18:59:00.000Z,CL,84.4000015258789,84.47000122070312,84.4000015258789,84.44999694824219,227
2026-06-12T19:00:00.000Z,CL,84.45999908447266,84.47000122070312,84.41000366210938,84.41999816894531,52
2026-06-12T19:01:00.000Z,CL,84.41999816894531,84.44000244140625,84.41000366210938,84.44000244140625,34
2026-06-12T19:02:00.000Z,CL,84.44000244140625,84.44000244140625,84.37000274658203,84.37999725341797,49
2026-06-12T19:03:00.000Z,CL,84.37999725341797,84.37999725341797,84.33000183105469,84.3499984741211,36
2026-06-12T19:04:00.000Z,CL,84.3499984741211,84.38999938964844,84.3499984741211,84.37999725341797,71
2026-06-12T19:05:00.000Z,CL,84.37000274658203,84.44000244140625,84.37000274658203,84.44000244140625,79
2026-06-12T19:06:00.000Z,CL,84.44000244140625,84.48999786376953,84.44000244140625,84.45999908447266,189
2026-06-12T19:07:00.000Z,CL,84.44999694824219,84.62000274658203,84.44999694824219,84.52999877929688,328
2026-06-12T19:08:00.000Z,CL,84.52999877929688,84.55000305175781,84.51000213623047,84.52999877929688,109
2026-06-12T19:09:00.000Z,CL,84.51000213623047,84.62000274658203,84.41000366210938,84.52999877929688,518
2026-06-12T19:10:00.000Z,CL,84.52999877929688,84.55000305175781,84.51000213623047,84.52999877929688,33
2026-06-12T19:11:00.000Z,CL,84.52999877929688,84.55999755859375,84.52999877929688,84.54000091552734,17
2026-06-12T19:12:00.000Z,CL,84.54000091552734,84.54000091552734,84.52999877929688,84.54000091552734,6
2026-06-12T19:13:00.000Z,CL,84.5199966430664,84.52999877929688,84.4800033569336,84.51000213623047,71
2026-06-12T19:14:00.000Z,CL,84.5199966430664,84.54000091552734,84.51000213623047,84.5199966430664,22
2026-06-12T19:15:00.000Z,CL,84.5199966430664,84.5199966430664,84.48999786376953,84.48999786376953,12
2026-06-12T19:16:00.000Z,CL,84.4800033569336,84.51000213623047,84.4800033569336,84.4800033569336,46
2026-06-12T19:17:00.000Z,CL,84.47000122070312,84.48999786376953,84.47000122070312,84.48999786376953,18
2026-06-12T19:18:00.000Z,CL,84.47000122070312,84.5,84.44999694824219,84.48999786376953,26
2026-06-12T19:19:00.000Z,CL,84.47000122070312,84.47000122070312,84.44999694824219,84.45999908447266,14
2026-06-12T19:20:00.000Z,CL,84.45999908447266,84.5,84.45999908447266,84.4800033569336,35
2026-06-12T19:21:00.000Z,CL,84.4800033569336,84.55999755859375,84.4800033569336,84.52999877929688,420
2026-06-12T19:22:00.000Z,CL,84.52999877929688,84.54000091552734,84.48999786376953,84.5,72
2026-06-12T19:23:00.000Z,CL,84.5,84.52999877929688,84.5,84.5,37
2026-06-12T19:24:00.000Z,CL,84.48999786376953,84.5,84.4800033569336,84.5,70
2026-06-12T19:25:00.000Z,CL,84.5,84.5,84.43000030517578,84.43000030517578,61
2026-06-12T19:26:00.000Z,CL,84.43000030517578,84.44999694824219,84.41999816894531,84.44999694824219,54
2026-06-12T19:27:00.000Z,CL,84.44999694824219,84.4800033569336,84.44999694824219,84.44999694824219,42
2026-06-12T19:28:00.000Z,CL,84.45999908447266,84.4800033569336,84.45999908447266,84.47000122070312,16
2026-06-12T19:29:00.000Z,CL,84.45999908447266,84.48999786376953,84.44999694824219,84.44999694824219,46
2026-06-12T19:30:00.000Z,CL,84.44000244140625,84.47000122070312,84.43000030517578,84.44000244140625,74
2026-06-12T19:31:00.000Z,CL,84.47000122070312,84.4800033569336,84.41999816894531,84.43000030517578,33
2026-06-12T19:32:00.000Z,CL,84.43000030517578,84.44000244140625,84.4000015258789,84.41000366210938,66
2026-06-12T19:33:00.000Z,CL,84.41000366210938,84.41999816894531,84.38999938964844,84.41000366210938,27
2026-06-12T19:34:00.000Z,CL,84.41000366210938,84.55999755859375,84.41000366210938,84.54000091552734,93
2026-06-12T19:35:00.000Z,CL,84.54000091552734,84.66000366210938,84.54000091552734,84.62999725341797,178
2026-06-12T19:36:00.000Z,CL,84.62999725341797,84.62999725341797,84.29000091552734,84.52999877929688,860
2026-06-12T19:37:00.000Z,CL,84.52999877929688,84.52999877929688,84.41999816894531,84.5,106
2026-06-12T19:38:00.000Z,CL,84.48999786376953,84.51000213623047,84.44000244140625,84.44000244140625,72
2026-06-12T19:39:00.000Z,CL,84.44999694824219,84.5199966430664,84.44000244140625,84.5,119
2026-06-12T19:40:00.000Z,CL,84.5,84.52999877929688,84.47000122070312,84.5199966430664,134
2026-06-12T19:41:00.000Z,CL,84.5199966430664,84.55000305175781,84.51000213623047,84.5199966430664,44
2026-06-12T19:42:00.000Z,CL,84.51000213623047,84.51000213623047,84.47000122070312,84.47000122070312,67
2026-06-12T19:43:00.000Z,CL,84.45999908447266,84.55000305175781,84.45999908447266,84.55000305175781,108
2026-06-12T19:44:00.000Z,CL,84.54000091552734,84.58000183105469,84.52999877929688,84.55999755859375,99
2026-06-12T19:45:00.000Z,CL,84.55000305175781,84.55999755859375,84.5199966430664,84.55000305175781,73
2026-06-12T19:46:00.000Z,CL,84.55999755859375,84.58000183105469,84.51000213623047,84.5199966430664,84
2026-06-12T19:47:00.000Z,CL,84.51000213623047,84.51000213623047,84.41999816894531,84.43000030517578,69
2026-06-12T19:48:00.000Z,CL,84.41999816894531,84.43000030517578,84.37000274658203,84.41999816894531,89
2026-06-12T19:49:00.000Z,CL,84.41999816894531,84.41999816894531,84.37999725341797,84.38999938964844,185
2026-06-12T19:50:00.000Z,CL,84.37999725341797,84.37999725341797,84.33999633789062,84.37000274658203,74
2026-06-12T19:51:00.000Z,CL,84.37999725341797,84.38999938964844,84.33999633789062,84.36000061035156,49
2026-06-12T19:52:00.000Z,CL,84.36000061035156,84.37000274658203,84.30999755859375,84.3499984741211,127
2026-06-12T19:53:00.000Z,CL,84.3499984741211,84.3499984741211,84.30999755859375,84.31999969482422,40
2026-06-12T19:54:00.000Z,CL,84.31999969482422,84.44000244140625,84.30999755859375,84.37999725341797,274
2026-06-12T19:55:00.000Z,CL,84.37999725341797,84.38999938964844,84.33000183105469,84.33000183105469,69
2026-06-12T19:56:00.000Z,CL,84.33000183105469,84.36000061035156,84.30000305175781,84.31999969482422,59
2026-06-12T19:57:00.000Z,CL,84.30999755859375,84.33000183105469,84.2699966430664,84.31999969482422,74
2026-06-12T19:58:00.000Z,CL,84.30999755859375,84.30999755859375,84.2699966430664,84.30000305175781,167
2026-06-12T19:59:00.000Z,CL,84.27999877929688,84.30999755859375,84.23999786376953,84.30000305175781,290
2026-06-12T20:00:00.000Z,CL,84.30000305175781,84.37999725341797,84.27999877929688,84.37999725341797,81
2026-06-12T20:01:00.000Z,CL,84.37999725341797,84.37999725341797,84.3499984741211,84.37000274658203,110
2026-06-12T20:02:00.000Z,CL,84.3499984741211,84.36000061035156,84.31999969482422,84.33000183105469,69
2026-06-12T20:03:00.000Z,CL,84.33999633789062,84.3499984741211,84.30000305175781,84.30999755859375,54
2026-06-12T20:04:00.000Z,CL,84.31999969482422,84.36000061035156,84.30999755859375,84.36000061035156,29
2026-06-12T20:05:00.000Z,CL,84.3499984741211,84.38999938964844,84.33000183105469,84.37999725341797,49
2026-06-12T20:06:00.000Z,CL,84.37999725341797,84.43000030517578,84.37999725341797,84.41999816894531,13
2026-06-12T20:07:00.000Z,CL,84.41000366210938,84.41000366210938,84.38999938964844,84.4000015258789,16
2026-06-12T20:08:00.000Z,CL,84.41000366210938,84.41000366210938,84.38999938964844,84.4000015258789,21
2026-06-12T20:09:00.000Z,CL,84.41000366210938,84.43000030517578,84.4000015258789,84.43000030517578,20
2026-06-12T20:10:00.000Z,CL,84.44000244140625,84.45999908447266,84.41999816894531,84.44000244140625,43
2026-06-12T20:11:00.000Z,CL,84.44000244140625,84.44000244140625,84.37999725341797,84.37999725341797,3
2026-06-12T20:12:00.000Z,CL,84.36000061035156,84.36000061035156,84.33999633789062,84.36000061035156,18
2026-06-12T20:13:00.000Z,CL,84.33999633789062,84.33999633789062,84.30999755859375,84.33000183105469,16
2026-06-12T20:14:00.000Z,CL,84.31999969482422,84.38999938964844,84.30999755859375,84.38999938964844,50
2026-06-12T20:15:00.000Z,CL,84.37000274658203,84.41000366210938,84.37000274658203,84.38999938964844,16
2026-06-12T20:16:00.000Z,CL,84.37999725341797,84.38999938964844,84.37000274658203,84.37000274658203,15
2026-06-12T20:17:00.000Z,CL,84.3499984741211,84.37999725341797,84.3499984741211,84.37999725341797,8
2026-06-12T20:18:00.000Z,CL,84.37999725341797,84.37999725341797,84.33999633789062,84.33999633789062,20
2026-06-12T20:19:00.000Z,CL,84.33999633789062,84.3499984741211,84.23999786376953,84.23999786376953,87
2026-06-12T20:20:00.000Z,CL,84.25,84.27999877929688,84.22000122070312,84.26000213623047,74
2026-06-12T20:21:00.000Z,CL,84.2699966430664,84.2699966430664,84.25,84.25,3
2026-06-12T20:22:00.000Z,CL,84.23999786376953,84.27999877929688,84.23999786376953,84.26000213623047,21
2026-06-12T20:23:00.000Z,CL,84.2699966430664,84.2699966430664,84.25,84.2699966430664,7
2026-06-12T20:24:00.000Z,CL,84.2699966430664,84.27999877929688,84.2699966430664,84.27999877929688,3
2026-06-12T20:25:00.000Z,CL,84.29000091552734,84.30000305175781,84.27999877929688,84.29000091552734,15
2026-06-12T20:26:00.000Z,CL,84.27999877929688,84.27999877929688,84.26000213623047,84.26000213623047,5
2026-06-12T20:27:00.000Z,CL,84.26000213623047,84.26000213623047,84.22000122070312,84.22000122070312,21
2026-06-12T20:28:00.000Z,CL,84.2300033569336,84.25,84.20999908447266,84.22000122070312,33
2026-06-12T20:29:00.000Z,CL,84.22000122070312,84.2699966430664,84.20999908447266,84.25,69
2026-06-12T20:30:00.000Z,CL,84.2699966430664,84.29000091552734,84.23999786376953,84.25,22
2026-06-12T20:31:00.000Z,CL,84.26000213623047,84.2699966430664,84.26000213623047,84.26000213623047,7
2026-06-12T20:32:00.000Z,CL,84.25,84.27999877929688,84.22000122070312,84.2699966430664,92
2026-06-12T20:33:00.000Z,CL,84.27999877929688,84.30000305175781,84.2699966430664,84.29000091552734,43
2026-06-12T20:34:00.000Z,CL,84.2699966430664,84.27999877929688,84.26000213623047,84.27999877929688,6
2026-06-12T20:35:00.000Z,CL,84.26000213623047,84.2699966430664,84.25,84.25,20
2026-06-12T20:36:00.000Z,CL,84.25,84.29000091552734,84.25,84.27999877929688,40
2026-06-12T20:37:00.000Z,CL,84.27999877929688,84.30000305175781,84.23999786376953,84.23999786376953,162
2026-06-12T20:38:00.000Z,CL,84.25,84.29000091552734,84.25,84.29000091552734,49
2026-06-12T20:39:00.000Z,CL,84.2699966430664,84.2699966430664,84.22000122070312,84.22000122070312,32
2026-06-12T20:40:00.000Z,CL,84.2300033569336,84.23999786376953,84.20999908447266,84.22000122070312,32
2026-06-12T20:41:00.000Z,CL,84.2300033569336,84.2699966430664,84.2300033569336,84.23999786376953,70
2026-06-12T20:42:00.000Z,CL,84.23999786376953,84.29000091552734,84.23999786376953,84.29000091552734,50
2026-06-12T20:43:00.000Z,CL,84.27999877929688,84.27999877929688,84.20999908447266,84.23999786376953,55
2026-06-12T20:44:00.000Z,CL,84.23999786376953,84.27999877929688,84.23999786376953,84.2699966430664,11
2026-06-12T20:45:00.000Z,CL,84.27999877929688,84.30000305175781,84.2300033569336,84.29000091552734,89
2026-06-12T20:46:00.000Z,CL,84.25,84.2699966430664,84.23999786376953,84.26000213623047,16
2026-06-12T20:47:00.000Z,CL,84.27999877929688,84.29000091552734,84.23999786376953,84.27999877929688,18
2026-06-12T20:48:00.000Z,CL,84.29000091552734,84.30000305175781,84.27999877929688,84.27999877929688,89
2026-06-12T20:49:00.000Z,CL,84.29000091552734,84.29000091552734,84.26000213623047,84.26000213623047,129
2026-06-12T20:50:00.000Z,CL,84.2699966430664,84.30000305175781,84.22000122070312,84.22000122070312,53
2026-06-12T20:51:00.000Z,CL,84.23999786376953,84.27999877929688,84.22000122070312,84.27999877929688,29
2026-06-12T20:52:00.000Z,CL,84.27999877929688,84.30000305175781,84.2699966430664,84.30000305175781,65
2026-06-12T20:53:00.000Z,CL,84.29000091552734,84.29000091552734,84.19999694824219,84.22000122070312,79
2026-06-12T20:54:00.000Z,CL,84.22000122070312,84.23999786376953,84.19000244140625,84.22000122070312,46
2026-06-12T20:55:00.000Z,CL,84.2300033569336,84.23999786376953,84.19000244140625,84.22000122070312,40
2026-06-12T20:56:00.000Z,CL,84.23999786376953,84.23999786376953,84.18000030517578,84.19000244140625,58
2026-06-12T20:57:00.000Z,CL,84.20999908447266,84.25,84.19000244140625,84.25,52
2026-06-12T20:58:00.000Z,CL,84.23999786376953,84.26000213623047,84.20999908447266,84.2300033569336,111
2026-06-12T20:59:00.000Z,CL,84.23999786376953,84.30000305175781,84.22000122070312,84.29000091552734,100
