ts,symbol,open,high,low,close,volume
2026-05-28T04:09:00.000Z,ES,7514.0,7514.5,7512.5,7513.5,0
2026-05-28T04:10:00.000Z,ES,7513.75,7514.0,7512.5,7513.0,147
2026-05-28T04:11:00.000Z,ES,7513.5,7513.5,7511.0,7511.5,233
2026-05-28T04:12:00.000Z,ES,7511.5,7511.75,7509.0,7509.25,325
2026-05-28T04:13:00.000Z,ES,7509.0,7510.75,7509.0,7509.0,221
2026-05-28T04:14:00.000Z,ES,7509.25,7510.5,7508.75,7509.5,283
2026-05-28T04:15:00.000Z,ES,7509.5,7509.5,7508.0,7508.25,298
2026-05-28T04:16:00.000Z,ES,7508.0,7511.5,7507.5,7511.0,543
2026-05-28T04:17:00.000Z,ES,7511.25,7511.25,7509.5,7509.5,238
2026-05-28T04:18:00.000Z,ES,7509.75,7510.0,7508.75,7509.75,260
2026-05-28T04:19:00.000Z,ES,7509.75,7510.25,7508.75,7509.0,194
2026-05-28T04:20:00.000Z,ES,7509.0,7509.0,7507.25,7508.0,336
2026-05-28T04:21:00.000Z,ES,7508.0,7508.25,7505.75,7507.0,857
2026-05-28T04:22:00.000Z,ES,7507.0,7509.5,7506.5,7508.25,515
2026-05-28T04:23:00.000Z,ES,7508.0,7509.25,7508.0,7509.0,117
2026-05-28T04:24:00.000Z,ES,7509.0,7510.0,7508.0,7508.25,194
2026-05-28T04:25:00.000Z,ES,7508.25,7509.0,7507.5,7508.0,120
2026-05-28T04:26:00.000Z,ES,7508.25,7508.75,7506.75,7508.5,235
2026-05-28T04:27:00.000Z,ES,7508.5,7509.0,7507.0,7507.5,188
2026-05-28T04:28:00.000Z,ES,7507.5,7509.5,7507.5,7509.5,170
2026-05-28T04:29:00.000Z,ES,7509.75,7510.5,7508.5,7509.5,223
2026-05-28T04:30:00.000Z,ES,7509.25,7510.25,7508.25,7509.5,137
2026-05-28T04:31:00.000Z,ES,7509.5,7510.5,7508.75,7509.75,269
2026-05-28T04:32:00.000Z,ES,7510.0,7511.25,7510.0,7511.25,196
2026-05-28T04:33:00.000Z,ES,7511.0,7511.0,7509.75,7509.75,153
2026-05-28T04:34:00.000Z,ES,7510.0,7511.75,7510.0,7511.5,164
2026-05-28T04:35:00.000Z,ES,7511.5,7513.0,7511.5,7512.75,202
2026-05-28T04:36:00.000Z,ES,7513.0,7513.75,7512.75,7513.75,248
2026-05-28T04:37:00.000Z,ES,7513.5,7514.5,7513.5,7514.5,227
2026-05-28T04:38:00.000Z,ES,7514.5,7514.5,7514.0,7514.5,152
2026-05-28T04:39:00.000Z,ES,7514.25,7514.25,7513.25,7513.25,163
2026-05-28T04:40:00.000Z,ES,7513.5,7515.0,7513.5,7514.25,395
2026-05-28T04:41:00.000Z,ES,7514.0,7514.0,7513.0,7513.0,154
2026-05-28T04:42:00.000Z,ES,7513.0,7513.25,7511.75,7511.75,194
2026-05-28T04:43:00.000Z,ES,7512.0,7513.5,7512.0,7513.0,90
2026-05-28T04:44:00.000Z,ES,7512.75,7512.75,7511.75,7511.75,109
2026-05-28T04:45:00.000Z,ES,7511.5,7511.75,7510.0,7510.5,228
2026-05-28T04:46:00.000Z,ES,7510.5,7511.0,7509.75,7509.75,212
2026-05-28T04:47:00.000Z,ES,7509.75,7511.0,7509.5,7509.5,188
2026-05-28T04:48:00.000Z,ES,7509.5,7509.75,7509.0,7509.25,186
2026-05-28T04:49:00.000Z,ES,7509.25,7510.0,7509.25,7510.0,69
2026-05-28T04:50:00.000Z,ES,7510.0,7510.25,7508.75,7509.75,250
2026-05-28T04:51:00.000Z,ES,7509.75,7513.0,7509.75,7512.25,384
2026-05-28T04:52:00.000Z,ES,7512.25,7512.5,7511.25,7511.25,179
2026-05-28T04:53:00.000Z,ES,7511.25,7511.25,7510.0,7511.25,99
2026-05-28T04:54:00.000Z,ES,7511.25,7511.25,7509.75,7510.0,192
2026-05-28T04:55:00.000Z,ES,7510.25,7512.0,7510.25,7511.0,216
2026-05-28T04:56:00.000Z,ES,7510.75,7511.25,7510.75,7510.75,155
2026-05-28T04:57:00.000Z,ES,7510.75,7511.0,7509.5,7510.0,152
2026-05-28T04:58:00.000Z,ES,7510.0,7510.25,7509.5,7509.75,154
2026-05-28T04:59:00.000Z,ES,7509.75,7510.0,7508.75,7510.0,157
2026-05-28T05:00:00.000Z,ES,7510.0,7511.25,7509.25,7509.5,184
2026-05-28T05:01:00.000Z,ES,7509.25,7509.5,7507.25,7507.75,309
2026-05-28T05:02:00.000Z,ES,7507.25,7508.25,7507.0,7507.5,260
2026-05-28T05:03:00.000Z,ES,7507.25,7508.0,7507.25,7507.75,87
2026-05-28T05:04:00.000Z,ES,7507.75,7510.25,7507.75,7508.75,207
2026-05-28T05:05:00.000Z,ES,7508.75,7509.25,7508.0,7508.25,187
2026-05-28T05:06:00.000Z,ES,7508.25,7509.0,7507.5,7508.5,238
2026-05-28T05:07:00.000Z,ES,7508.75,7510.5,7508.5,7510.25,236
2026-05-28T05:08:00.000Z,ES,7510.5,7511.5,7509.75,7511.5,220
2026-05-28T05:09:00.000Z,ES,7511.5,7511.5,7510.25,7510.25,71
2026-05-28T05:10:00.000Z,ES,7510.5,7512.0,7509.75,7511.75,171
2026-05-28T05:11:00.000Z,ES,7511.75,7513.75,7511.5,7513.5,585
2026-05-28T05:12:00.000Z,ES,7513.75,7514.75,7513.5,7514.0,205
2026-05-28T05:13:00.000Z,ES,7513.75,7514.0,7512.75,7513.25,382
2026-05-28T05:14:00.000Z,ES,7513.0,7514.0,7512.75,7514.0,185
2026-05-28T05:15:00.000Z,ES,7514.0,7514.25,7513.25,7513.25,94
2026-05-28T05:16:00.000Z,ES,7513.5,7513.5,7512.25,7513.0,114
2026-05-28T05:17:00.000Z,ES,7513.0,7513.5,7512.75,7513.0,115
2026-05-28T05:18:00.000Z,ES,7512.75,7513.75,7512.25,7513.25,83
2026-05-28T05:19:00.000Z,ES,7513.25,7513.25,7512.75,7513.0,39
2026-05-28T05:20:00.000Z,ES,7513.25,7514.25,7513.25,7514.25,112
2026-05-28T05:21:00.000Z,ES,7514.25,7516.0,7514.25,7514.75,307
2026-05-28T05:22:00.000Z,ES,7515.0,7516.0,7514.0,7515.25,426
2026-05-28T05:23:00.000Z,ES,7515.25,7515.5,7513.0,7514.75,607
2026-05-28T05:24:00.000Z,ES,7515.0,7516.75,7515.0,7516.5,555
2026-05-28T05:25:00.000Z,ES,7516.5,7517.25,7516.25,7516.5,386
2026-05-28T05:26:00.000Z,ES,7516.5,7517.25,7516.25,7516.75,309
2026-05-28T05:27:00.000Z,ES,7516.75,7517.25,7515.5,7516.5,297
2026-05-28T05:28:00.000Z,ES,7516.5,7517.0,7516.0,7516.75,173
2026-05-28T05:29:00.000Z,ES,7517.0,7517.75,7516.75,7517.75,166
2026-05-28T05:30:00.000Z,ES,7517.75,7522.0,7517.0,7521.5,1175
2026-05-28T05:31:00.000Z,ES,7521.75,7522.25,7520.25,7521.25,625
2026-05-28T05:32:00.000Z,ES,7521.25,7521.5,7520.0,7521.5,380
2026-05-28T05:33:00.000Z,ES,7521.5,7524.25,7521.5,7524.0,677
2026-05-28T05:34:00.000Z,ES,7524.0,7524.75,7523.25,7524.25,588
2026-05-28T05:35:00.000Z,ES,7524.25,7524.25,7523.0,7523.5,550
2026-05-28T05:36:00.000Z,ES,7523.5,7524.75,7522.5,7524.75,494
2026-05-28T05:37:00.000Z,ES,7524.5,7524.75,7522.5,7523.0,223
2026-05-28T05:38:00.000Z,ES,7523.0,7524.0,7523.0,7523.5,161
2026-05-28T05:39:00.000Z,ES,7523.5,7526.0,7523.5,7526.0,413
2026-05-28T05:40:00.000Z,ES,7525.75,7526.25,7525.25,7526.0,376
2026-05-28T05:41:00.000Z,ES,7526.25,7526.5,7525.75,7525.75,185
2026-05-28T05:42:00.000Z,ES,7525.75,7526.0,7525.5,7525.5,100
2026-05-28T05:43:00.000Z,ES,7525.75,7525.75,7524.0,7524.5,245
2026-05-28T05:44:00.000Z,ES,7524.25,7525.25,7524.25,7524.75,140
2026-05-28T05:45:00.000Z,ES,7525.0,7526.25,7525.0,7525.25,460
2026-05-28T05:46:00.000Z,ES,7525.25,7525.75,7525.0,7525.75,67
2026-05-28T05:47:00.000Z,ES,7525.5,7527.25,7525.5,7527.25,154
2026-05-28T05:48:00.000Z,ES,7527.0,7527.5,7526.75,7527.0,198
2026-05-28T05:49:00.000Z,ES,7526.75,7527.25,7526.0,7526.75,87
2026-05-28T05:50:00.000Z,ES,7527.0,7527.5,7526.5,7527.5,118
2026-05-28T05:51:00.000Z,ES,7527.5,7528.5,7527.0,7528.25,210
2026-05-28T05:52:00.000Z,ES,7528.25,7528.25,7527.25,7527.25,162
2026-05-28T05:53:00.000Z,ES,7527.25,7528.0,7526.75,7527.75,241
2026-05-28T05:54:00.000Z,ES,7527.75,7528.75,7527.75,7528.5,111
2026-05-28T05:55:00.000Z,ES,7528.75,7529.25,7526.75,7528.25,393
2026-05-28T05:56:00.000Z,ES,7528.0,7528.5,7527.5,7528.0,184
2026-05-28T05:57:00.000Z,ES,7528.0,7529.25,7527.5,7528.5,298
2026-05-28T05:58:00.000Z,ES,7528.5,7528.5,7527.5,7527.5,186
2026-05-28T05:59:00.000Z,ES,7527.75,7527.75,7527.25,7527.75,125
2026-05-28T06:00:00.000Z,ES,7528.0,7529.75,7528.0,7529.25,633
2026-05-28T06:01:00.000Z,ES,7529.25,7530.5,7529.0,7529.5,426
2026-05-28T06:02:00.000Z,ES,7529.5,7530.0,7529.0,7529.5,147
2026-05-28T06:03:00.000Z,ES,7529.25,7529.25,7527.75,7528.5,550
2026-05-28T06:04:00.000Z,ES,7528.5,7529.25,7528.25,7528.5,183
2026-05-28T06:05:00.000Z,ES,7528.5,7528.5,7527.5,7528.25,167
2026-05-28T06:06:00.000Z,ES,7528.0,7529.25,7528.0,7529.25,152
2026-05-28T06:07:00.000Z,ES,7529.25,7530.0,7528.75,7529.5,450
2026-05-28T06:08:00.000Z,ES,7529.5,7529.5,7527.75,7528.5,275
2026-05-28T06:09:00.000Z,ES,7528.25,7529.0,7528.25,7528.75,130
2026-05-28T06:10:00.000Z,ES,7528.75,7529.5,7528.75,7529.0,144
2026-05-28T06:11:00.000Z,ES,7529.0,7529.5,7528.5,7529.0,105
2026-05-28T06:12:00.000Z,ES,7529.0,7529.5,7528.5,7529.5,166
2026-05-28T06:13:00.000Z,ES,7529.25,7530.5,7529.25,7529.75,533
2026-05-28T06:14:00.000Z,ES,7529.75,7530.5,7529.5,7530.0,167
2026-05-28T06:15:00.000Z,ES,7530.25,7530.75,7529.75,7530.5,304
2026-05-28T06:16:00.000Z,ES,7530.5,7531.25,7530.25,7530.5,185
2026-05-28T06:17:00.000Z,ES,7530.5,7530.75,7530.5,7530.5,181
2026-05-28T06:18:00.000Z,ES,7530.5,7531.0,7530.0,7531.0,222
2026-05-28T06:19:00.000Z,ES,7531.0,7531.0,7530.25,7530.75,112
2026-05-28T06:20:00.000Z,ES,7530.5,7531.25,7530.5,7531.25,141
2026-05-28T06:21:00.000Z,ES,7531.25,7531.5,7530.5,7530.5,221
2026-05-28T06:22:00.000Z,ES,7530.5,7530.75,7529.75,7530.0,170
2026-05-28T06:23:00.000Z,ES,7530.0,7530.0,7528.25,7528.75,407
2026-05-28T06:24:00.000Z,ES,7529.0,7529.25,7528.75,7528.75,136
2026-05-28T06:25:00.000Z,ES,7528.75,7530.0,7528.75,7529.25,200
2026-05-28T06:26:00.000Z,ES,7529.0,7530.5,7529.0,7530.0,286
2026-05-28T06:27:00.000Z,ES,7529.75,7530.0,7528.5,7528.5,277
2026-05-28T06:28:00.000Z,ES,7528.5,7528.75,7528.0,7528.5,189
2026-05-28T06:29:00.000Z,ES,7528.5,7529.5,7528.25,7529.25,257
2026-05-28T06:30:00.000Z,ES,7529.0,7529.0,7527.25,7528.0,395
2026-05-28T06:31:00.000Z,ES,7527.75,7528.75,7527.5,7528.0,197
2026-05-28T06:32:00.000Z,ES,7528.25,7529.25,7528.25,7528.25,173
2026-05-28T06:33:00.000Z,ES,7528.25,7528.25,7527.5,7527.5,111
2026-05-28T06:34:00.000Z,ES,7527.5,7527.5,7526.25,7527.0,414
2026-05-28T06:35:00.000Z,ES,7526.75,7527.25,7526.25,7527.0,214
2026-05-28T06:36:00.000Z,ES,7527.0,7527.5,7526.5,7526.5,222
2026-05-28T06:37:00.000Z,ES,7526.75,7527.5,7526.5,7527.5,112
2026-05-28T06:38:00.000Z,ES,7527.25,7527.75,7526.0,7526.25,286
2026-05-28T06:39:00.000Z,ES,7526.5,7526.75,7526.0,7526.5,191
2026-05-28T06:40:00.000Z,ES,7526.75,7526.75,7526.5,7526.5,158
2026-05-28T06:41:00.000Z,ES,7526.25,7526.5,7525.75,7525.75,95
2026-05-28T06:42:00.000Z,ES,7526.0,7526.0,7524.5,7525.0,254
2026-05-28T06:43:00.000Z,ES,7524.75,7525.5,7524.25,7525.0,346
2026-05-28T06:44:00.000Z,ES,7525.0,7527.75,7524.5,7527.25,449
2026-05-28T06:45:00.000Z,ES,7527.25,7527.5,7526.5,7527.0,148
2026-05-28T06:46:00.000Z,ES,7527.0,7527.0,7526.0,7527.0,130
2026-05-28T06:47:00.000Z,ES,7526.75,7527.5,7526.75,7527.25,72
2026-05-28T06:48:00.000Z,ES,7527.25,7527.75,7526.25,7526.25,189
2026-05-28T06:49:00.000Z,ES,7526.25,7526.25,7525.75,7526.25,101
2026-05-28T06:50:00.000Z,ES,7526.5,7526.5,7524.25,7524.5,196
2026-05-28T06:51:00.000Z,ES,7524.5,7524.75,7523.75,7524.0,162
2026-05-28T06:52:00.000Z,ES,7523.75,7526.0,7523.75,7525.5,206
2026-05-28T06:53:00.000Z,ES,7525.75,7526.25,7525.5,7525.5,132
2026-05-28T06:54:00.000Z,ES,7525.5,7525.75,7525.0,7525.75,79
2026-05-28T06:55:00.000Z,ES,7525.75,7527.5,7525.75,7526.75,131
2026-05-28T06:56:00.000Z,ES,7526.75,7527.5,7526.5,7527.5,126
2026-05-28T06:57:00.000Z,ES,7527.5,7528.0,7526.75,7527.0,122
2026-05-28T06:58:00.000Z,ES,7527.25,7529.0,7527.25,7528.5,215
2026-05-28T06:59:00.000Z,ES,7528.5,7528.75,7528.0,7528.25,142
2026-05-28T07:00:00.000Z,ES,7528.25,7531.25,7528.25,7531.0,741
2026-05-28T07:01:00.000Z,ES,7531.25,7532.5,7530.75,7532.25,419
2026-05-28T07:02:00.000Z,ES,7532.5,7532.5,7530.0,7530.25,319
2026-05-28T07:03:00.000Z,ES,7530.0,7530.25,7528.75,7529.25,346
2026-05-28T07:04:00.000Z,ES,7529.5,7530.75,7529.25,7530.5,376
2026-05-28T07:05:00.000Z,ES,7530.5,7531.25,7529.75,7530.75,348
2026-05-28T07:06:00.000Z,ES,7530.75,7532.5,7530.5,7532.25,366
2026-05-28T07:07:00.000Z,ES,7532.5,7532.75,7531.5,7532.25,352
2026-05-28T07:08:00.000Z,ES,7532.25,7534.25,7531.5,7533.0,733
2026-05-28T07:09:00.000Z,ES,7533.0,7533.0,7531.75,7532.5,227
2026-05-28T07:10:00.000Z,ES,7532.75,7532.75,7529.0,7529.5,426
2026-05-28T07:11:00.000Z,ES,7529.75,7531.5,7529.75,7531.0,340
2026-05-28T07:12:00.000Z,ES,7531.0,7531.5,7530.25,7531.0,283
2026-05-28T07:13:00.000Z,ES,7531.0,7531.75,7530.0,7530.25,512
2026-05-28T07:14:00.000Z,ES,7530.25,7530.75,7530.25,7530.5,155
2026-05-28T07:15:00.000Z,ES,7530.5,7530.75,7529.5,7529.75,283
2026-05-28T07:16:00.000Z,ES,7530.0,7530.0,7529.25,7529.5,213
2026-05-28T07:17:00.000Z,ES,7529.5,7530.5,7528.75,7530.0,251
2026-05-28T07:18:00.000Z,ES,7530.25,7531.25,7530.25,7530.25,143
2026-05-28T07:19:00.000Z,ES,7530.25,7530.75,7530.0,7530.5,138
2026-05-28T07:20:00.000Z,ES,7530.5,7531.5,7530.5,7531.25,164
2026-05-28T07:21:00.000Z,ES,7531.25,7531.5,7530.5,7530.75,191
2026-05-28T07:22:00.000Z,ES,7530.75,7530.75,7528.75,7528.75,150
2026-05-28T07:23:00.000Z,ES,7528.75,7530.25,7528.75,7530.25,168
2026-05-28T07:24:00.000Z,ES,7530.25,7530.5,7529.75,7530.0,156
2026-05-28T07:25:00.000Z,ES,7530.0,7530.75,7529.25,7529.75,166
2026-05-28T07:26:00.000Z,ES,7529.5,7530.0,7528.5,7528.75,254
2026-05-28T07:27:00.000Z,ES,7529.0,7530.5,7528.75,7530.5,175
2026-05-28T07:28:00.000Z,ES,7530.25,7530.25,7529.0,7529.25,153
2026-05-28T07:29:00.000Z,ES,7529.0,7529.5,7529.0,7529.5,142
2026-05-28T07:30:00.000Z,ES,7529.75,7530.75,7529.75,7530.0,104
2026-05-28T07:31:00.000Z,ES,7530.25,7531.0,7528.75,7528.75,334
2026-05-28T07:32:00.000Z,ES,7528.5,7529.75,7528.5,7529.75,220
2026-05-28T07:33:00.000Z,ES,7529.75,7529.75,7528.25,7528.75,264
2026-05-28T07:34:00.000Z,ES,7528.75,7529.0,7528.5,7528.5,195
2026-05-28T07:35:00.000Z,ES,7528.5,7530.25,7528.5,7530.25,199
2026-05-28T07:36:00.000Z,ES,7530.25,7530.5,7528.0,7529.0,652
2026-05-28T07:37:00.000Z,ES,7528.75,7529.5,7528.25,7529.25,289
2026-05-28T07:38:00.000Z,ES,7529.5,7530.0,7529.0,7529.75,130
2026-05-28T07:39:00.000Z,ES,7529.75,7529.75,7529.0,7529.0,146
2026-05-28T07:40:00.000Z,ES,7529.0,7529.25,7529.0,7529.25,135
2026-05-28T07:41:00.000Z,ES,7529.5,7529.75,7528.0,7528.5,194
2026-05-28T07:42:00.000Z,ES,7528.25,7530.25,7528.25,7530.0,125
2026-05-28T07:43:00.000Z,ES,7529.75,7531.5,7529.75,7531.25,182
2026-05-28T07:44:00.000Z,ES,7531.25,7531.25,7529.5,7529.75,176
2026-05-28T07:45:00.000Z,ES,7530.0,7530.25,7528.0,7528.25,167
2026-05-28T07:46:00.000Z,ES,7528.25,7528.75,7527.75,7528.25,246
2026-05-28T07:47:00.000Z,ES,7528.25,7528.75,7525.25,7525.5,453
2026-05-28T07:48:00.000Z,ES,7525.5,7527.0,7525.5,7526.5,224
2026-05-28T07:49:00.000Z,ES,7526.25,7527.75,7526.0,7527.0,200
2026-05-28T07:50:00.000Z,ES,7527.25,7527.75,7526.75,7527.75,244
2026-05-28T07:51:00.000Z,ES,7528.0,7528.25,7526.5,7527.25,179
2026-05-28T07:52:00.000Z,ES,7527.25,7527.5,7525.75,7527.5,313
2026-05-28T07:53:00.000Z,ES,7527.5,7529.0,7527.5,7529.0,131
2026-05-28T07:54:00.000Z,ES,7529.0,7531.25,7529.0,7530.75,296
2026-05-28T07:55:00.000Z,ES,7530.75,7531.25,7530.0,7530.0,185
2026-05-28T07:56:00.000Z,ES,7530.0,7530.25,7529.5,7529.75,100
2026-05-28T07:57:00.000Z,ES,7530.0,7531.0,7529.5,7530.5,126
2026-05-28T07:58:00.000Z,ES,7530.5,7530.75,7530.0,7530.5,71
2026-05-28T07:59:00.000Z,ES,7530.5,7532.25,7530.25,7531.75,216
2026-05-28T08:00:00.000Z,ES,7531.75,7533.75,7531.0,7532.75,743
2026-05-28T08:01:00.000Z,ES,7532.5,7534.5,7531.75,7532.25,520
2026-05-28T08:02:00.000Z,ES,7532.0,7532.0,7529.75,7530.25,279
2026-05-28T08:03:00.000Z,ES,7530.75,7531.25,7530.25,7530.25,127
2026-05-28T08:04:00.000Z,ES,7530.25,7531.75,7529.75,7531.5,444
2026-05-28T08:05:00.000Z,ES,7531.75,7532.0,7530.5,7532.0,490
2026-05-28T08:06:00.000Z,ES,7531.75,7533.75,7531.75,7532.75,216
2026-05-28T08:07:00.000Z,ES,7532.75,7534.25,7532.5,7533.0,276
2026-05-28T08:08:00.000Z,ES,7533.25,7533.25,7531.0,7531.25,317
2026-05-28T08:09:00.000Z,ES,7531.5,7532.25,7530.75,7531.5,164
2026-05-28T08:10:00.000Z,ES,7531.25,7532.25,7531.25,7531.75,215
2026-05-28T08:11:00.000Z,ES,7532.0,7533.25,7531.75,7533.0,101
2026-05-28T08:12:00.000Z,ES,7533.0,7533.5,7532.5,7533.25,118
2026-05-28T08:13:00.000Z,ES,7533.25,7533.25,7532.0,7532.0,122
2026-05-28T08:14:00.000Z,ES,7532.0,7532.25,7531.0,7532.0,117
2026-05-28T08:15:00.000Z,ES,7532.0,7532.0,7531.5,7531.75,134
2026-05-28T08:16:00.000Z,ES,7531.75,7531.75,7530.5,7530.5,121
2026-05-28T08:17:00.000Z,ES,7530.75,7531.5,7530.5,7531.5,83
2026-05-28T08:18:00.000Z,ES,7531.5,7532.75,7531.5,7532.5,200
2026-05-28T08:19:00.000Z,ES,7532.5,7532.75,7532.25,7532.25,126
2026-05-28T08:20:00.000Z,ES,7532.25,7533.0,7532.0,7532.25,105
2026-05-28T08:21:00.000Z,ES,7532.25,7533.0,7532.25,7533.0,140
2026-05-28T08:22:00.000Z,ES,7533.0,7534.25,7533.0,7534.25,238
2026-05-28T08:23:00.000Z,ES,7534.0,7534.25,7533.5,7534.0,177
2026-05-28T08:24:00.000Z,ES,7534.0,7534.25,7533.25,7533.25,206
2026-05-28T08:25:00.000Z,ES,7533.5,7533.5,7532.0,7532.0,244
2026-05-28T08:26:00.000Z,ES,7532.25,7532.75,7531.25,7531.75,148
2026-05-28T08:27:00.000Z,ES,7531.5,7531.75,7529.5,7529.5,297
2026-05-28T08:28:00.000Z,ES,7529.25,7529.5,7526.75,7528.25,747
2026-05-28T08:29:00.000Z,ES,7528.5,7530.5,7528.5,7530.0,417
2026-05-28T08:30:00.000Z,ES,7530.0,7530.75,7529.75,7530.25,174
2026-05-28T08:31:00.000Z,ES,7530.25,7530.5,7529.5,7530.0,75
2026-05-28T08:32:00.000Z,ES,7530.25,7530.5,7529.75,7530.25,85
2026-05-28T08:33:00.000Z,ES,7530.0,7530.0,7529.0,7529.75,87
2026-05-28T08:34:00.000Z,ES,7529.75,7531.75,7529.75,7531.25,491
2026-05-28T08:35:00.000Z,ES,7531.5,7533.0,7531.5,7531.5,204
2026-05-28T08:36:00.000Z,ES,7531.75,7531.75,7531.0,7531.25,198
2026-05-28T08:37:00.000Z,ES,7531.0,7531.25,7530.25,7530.75,147
2026-05-28T08:38:00.000Z,ES,7531.0,7531.25,7530.75,7531.25,114
2026-05-28T08:39:00.000Z,ES,7531.25,7531.5,7530.0,7530.5,107
2026-05-28T08:40:00.000Z,ES,7530.5,7531.25,7530.5,7531.25,148
2026-05-28T08:41:00.000Z,ES,7531.5,7531.75,7531.0,7531.25,180
2026-05-28T08:42:00.000Z,ES,7531.25,7531.25,7530.0,7530.0,101
2026-05-28T08:43:00.000Z,ES,7530.25,7530.5,7530.0,7530.0,155
2026-05-28T08:44:00.000Z,ES,7530.25,7531.0,7530.25,7530.5,71
2026-05-28T08:45:00.000Z,ES,7530.5,7530.5,7529.75,7530.0,86
2026-05-28T08:46:00.000Z,ES,7530.25,7530.75,7530.25,7530.75,93
2026-05-28T08:47:00.000Z,ES,7530.75,7530.75,7530.25,7530.25,60
2026-05-28T08:48:00.000Z,ES,7530.25,7530.25,7529.75,7530.0,94
2026-05-28T08:49:00.000Z,ES,7530.0,7530.25,7529.25,7530.25,107
2026-05-28T08:50:00.000Z,ES,7530.25,7530.5,7529.75,7530.0,161
2026-05-28T08:51:00.000Z,ES,7530.25,7531.25,7530.0,7531.0,228
2026-05-28T08:52:00.000Z,ES,7530.75,7531.75,7530.75,7531.25,151
2026-05-28T08:53:00.000Z,ES,7531.5,7533.25,7531.5,7532.75,169
2026-05-28T08:54:00.000Z,ES,7532.75,7533.25,7532.25,7532.25,121
2026-05-28T08:55:00.000Z,ES,7532.5,7532.75,7532.0,7532.75,127
2026-05-28T08:56:00.000Z,ES,7532.75,7533.25,7532.5,7532.5,97
2026-05-28T08:57:00.000Z,ES,7532.5,7532.75,7532.25,7532.5,101
2026-05-28T08:58:00.000Z,ES,7532.5,7532.75,7532.25,7532.75,153
2026-05-28T08:59:00.000Z,ES,7532.75,7533.25,7532.25,7533.25,158
2026-05-28T09:00:00.000Z,ES,7533.0,7533.5,7532.5,7533.0,125
2026-05-28T09:01:00.000Z,ES,7533.0,7534.0,7533.0,7534.0,224
2026-05-28T09:02:00.000Z,ES,7534.0,7534.5,7533.75,7534.25,205
2026-05-28T09:03:00.000Z,ES,7534.25,7536.0,7534.0,7535.5,456
2026-05-28T09:04:00.000Z,ES,7535.25,7535.5,7533.0,7533.25,276
2026-05-28T09:05:00.000Z,ES,7533.25,7534.75,7533.25,7534.5,371
2026-05-28T09:06:00.000Z,ES,7534.25,7534.25,7533.25,7533.25,97
2026-05-28T09:07:00.000Z,ES,7533.25,7533.5,7533.0,7533.0,121
2026-05-28T09:08:00.000Z,ES,7533.25,7533.5,7530.75,7531.0,285
2026-05-28T09:09:00.000Z,ES,7531.0,7532.0,7531.0,7531.25,101
2026-05-28T09:10:00.000Z,ES,7531.0,7531.25,7530.25,7530.25,212
2026-05-28T09:11:00.000Z,ES,7530.5,7531.25,7530.0,7531.25,168
2026-05-28T09:12:00.000Z,ES,7531.25,7531.75,7531.25,7531.75,61
2026-05-28T09:13:00.000Z,ES,7531.75,7532.25,7530.75,7530.75,169
2026-05-28T09:14:00.000Z,ES,7530.75,7531.5,7530.75,7531.25,142
2026-05-28T09:15:00.000Z,ES,7531.0,7532.0,7531.0,7531.5,124
2026-05-28T09:16:00.000Z,ES,7531.75,7532.0,7531.75,7532.0,87
2026-05-28T09:17:00.000Z,ES,7532.0,7532.5,7531.5,7532.5,104
2026-05-28T09:18:00.000Z,ES,7532.5,7533.0,7532.5,7532.75,95
2026-05-28T09:19:00.000Z,ES,7532.75,7532.75,7532.25,7532.5,101
2026-05-28T09:20:00.000Z,ES,7532.5,7532.75,7531.5,7532.25,148
2026-05-28T09:21:00.000Z,ES,7532.25,7533.0,7532.25,7532.75,200
2026-05-28T09:22:00.000Z,ES,7532.75,7533.0,7532.5,7532.5,55
2026-05-28T09:23:00.000Z,ES,7532.75,7532.75,7531.25,7531.25,186
2026-05-28T09:24:00.000Z,ES,7531.5,7532.5,7531.5,7532.5,157
2026-05-28T09:25:00.000Z,ES,7532.75,7534.25,7532.5,7534.0,168
2026-05-28T09:26:00.000Z,ES,7534.25,7534.25,7533.25,7533.5,249
2026-05-28T09:27:00.000Z,ES,7533.5,7533.75,7532.25,7532.25,183
2026-05-28T09:28:00.000Z,ES,7532.25,7532.25,7531.0,7531.0,139
2026-05-28T09:29:00.000Z,ES,7531.0,7531.5,7531.0,7531.5,158
2026-05-28T09:30:00.000Z,ES,7531.5,7531.5,7530.5,7530.75,280
2026-05-28T09:31:00.000Z,ES,7530.75,7530.75,7529.25,7529.5,220
2026-05-28T09:32:00.000Z,ES,7529.5,7531.0,7529.5,7530.75,227
2026-05-28T09:33:00.000Z,ES,7530.5,7530.75,7529.75,7529.75,151
2026-05-28T09:34:00.000Z,ES,7529.75,7530.25,7529.5,7530.0,219
2026-05-28T09:35:00.000Z,ES,7530.25,7531.5,7529.75,7530.25,343
2026-05-28T09:36:00.000Z,ES,7530.0,7530.75,7530.0,7530.5,163
2026-05-28T09:37:00.000Z,ES,7530.5,7531.0,7530.5,7530.75,93
2026-05-28T09:38:00.000Z,ES,7530.75,7531.0,7527.75,7527.75,271
2026-05-28T09:39:00.000Z,ES,7527.75,7528.25,7527.5,7527.75,244
2026-05-28T09:40:00.000Z,ES,7528.0,7529.0,7528.0,7529.0,245
2026-05-28T09:41:00.000Z,ES,7529.25,7529.75,7529.25,7529.75,153
2026-05-28T09:42:00.000Z,ES,7529.75,7530.0,7529.5,7529.75,101
2026-05-28T09:43:00.000Z,ES,7529.75,7529.75,7528.5,7528.5,232
2026-05-28T09:44:00.000Z,ES,7528.5,7529.5,7528.5,7529.0,122
2026-05-28T09:45:00.000Z,ES,7529.0,7529.0,7528.5,7528.75,128
2026-05-28T09:46:00.000Z,ES,7529.0,7529.5,7528.75,7529.0,90
2026-05-28T09:47:00.000Z,ES,7529.25,7529.75,7529.0,7529.75,88
2026-05-28T09:48:00.000Z,ES,7529.75,7531.0,7529.5,7531.0,202
2026-05-28T09:49:00.000Z,ES,7530.75,7530.75,7530.0,7530.5,132
2026-05-28T09:50:00.000Z,ES,7530.25,7533.25,7530.25,7532.5,261
2026-05-28T09:51:00.000Z,ES,7532.5,7532.75,7531.75,7531.75,101
2026-05-28T09:52:00.000Z,ES,7531.75,7531.75,7531.5,7531.75,131
2026-05-28T09:53:00.000Z,ES,7531.75,7533.0,7531.75,7532.75,149
2026-05-28T09:54:00.000Z,ES,7533.0,7533.75,7532.0,7532.0,298
2026-05-28T09:55:00.000Z,ES,7532.0,7532.25,7531.5,7531.75,156
2026-05-28T09:56:00.000Z,ES,7531.75,7532.25,7531.5,7532.25,49
2026-05-28T09:57:00.000Z,ES,7532.25,7532.5,7531.75,7532.25,151
2026-05-28T09:58:00.000Z,ES,7532.25,7532.25,7532.0,7532.0,93
2026-05-28T09:59:00.000Z,ES,7532.0,7532.25,7531.75,7532.25,55
2026-05-28T10:00:00.000Z,ES,7532.25,7532.5,7532.0,7532.25,98
2026-05-28T10:01:00.000Z,ES,7532.25,7532.25,7530.5,7530.5,164
2026-05-28T10:02:00.000Z,ES,7530.5,7531.25,7530.5,7531.0,148
2026-05-28T10:03:00.000Z,ES,7531.0,7531.25,7530.75,7530.75,91
2026-05-28T10:04:00.000Z,ES,7531.0,7531.5,7530.5,7530.5,194
2026-05-28T10:05:00.000Z,ES,7530.5,7530.75,7529.75,7529.75,152
2026-05-28T10:06:00.000Z,ES,7529.75,7530.0,7528.75,7528.75,146
2026-05-28T10:07:00.000Z,ES,7528.5,7528.75,7528.25,7528.5,118
2026-05-28T10:08:00.000Z,ES,7528.5,7528.5,7528.0,7528.25,150
2026-05-28T10:09:00.000Z,ES,7528.25,7529.25,7528.25,7529.0,102
2026-05-28T10:10:00.000Z,ES,7529.25,7530.0,7529.25,7529.75,76
2026-05-28T10:11:00.000Z,ES,7529.75,7529.75,7529.25,7529.5,57
2026-05-28T10:12:00.000Z,ES,7529.5,7529.75,7529.5,7529.75,63
2026-05-28T10:13:00.000Z,ES,7529.75,7530.0,7528.5,7529.0,64
2026-05-28T10:14:00.000Z,ES,7529.0,7529.25,7528.5,7528.5,56
2026-05-28T10:15:00.000Z,ES,7528.5,7529.0,7528.0,7529.0,141
2026-05-28T10:16:00.000Z,ES,7529.25,7530.0,7529.25,7529.75,108
2026-05-28T10:17:00.000Z,ES,7529.75,7530.0,7528.75,7528.75,134
2026-05-28T10:18:00.000Z,ES,7528.5,7528.5,7527.0,7527.5,284
2026-05-28T10:19:00.000Z,ES,7527.5,7528.0,7527.0,7527.0,129
2026-05-28T10:20:00.000Z,ES,7527.25,7527.5,7526.5,7527.25,189
2026-05-28T10:21:00.000Z,ES,7527.25,7527.5,7526.5,7527.25,256
2026-05-28T10:22:00.000Z,ES,7527.25,7527.5,7525.5,7525.5,204
2026-05-28T10:23:00.000Z,ES,7525.5,7526.0,7525.0,7525.0,224
2026-05-28T10:24:00.000Z,ES,7525.25,7525.75,7524.75,7524.75,253
2026-05-28T10:25:00.000Z,ES,7524.75,7524.75,7524.0,7524.25,197
2026-05-28T10:26:00.000Z,ES,7524.25,7527.25,7524.25,7525.75,421
2026-05-28T10:27:00.000Z,ES,7526.0,7526.5,7525.5,7526.25,179
2026-05-28T10:28:00.000Z,ES,7526.25,7526.5,7525.25,7526.25,110
2026-05-28T10:29:00.000Z,ES,7526.25,7527.25,7526.25,7527.25,194
2026-05-28T10:30:00.000Z,ES,7527.25,7527.25,7525.5,7526.25,215
2026-05-28T10:31:00.000Z,ES,7526.25,7527.5,7526.25,7527.25,228
2026-05-28T10:32:00.000Z,ES,7527.25,7528.0,7526.5,7526.75,392
2026-05-28T10:33:00.000Z,ES,7527.0,7527.25,7526.5,7527.25,360
2026-05-28T10:34:00.000Z,ES,7527.25,7527.25,7526.5,7526.5,305
2026-05-28T10:35:00.000Z,ES,7526.25,7526.5,7525.75,7526.0,185
2026-05-28T10:36:00.000Z,ES,7526.0,7526.25,7525.25,7525.25,295
2026-05-28T10:37:00.000Z,ES,7525.5,7525.75,7525.25,7525.5,131
2026-05-28T10:38:00.000Z,ES,7525.75,7525.75,7525.5,7525.75,97
2026-05-28T10:39:00.000Z,ES,7525.5,7525.75,7525.0,7525.0,253
2026-05-28T10:40:00.000Z,ES,7525.0,7525.5,7524.5,7524.75,372
2026-05-28T10:41:00.000Z,ES,7524.75,7525.0,7524.5,7524.75,131
2026-05-28T10:42:00.000Z,ES,7524.5,7525.0,7523.25,7524.25,351
2026-05-28T10:43:00.000Z,ES,7524.0,7524.75,7523.75,7524.0,199
2026-05-28T10:44:00.000Z,ES,7524.0,7524.5,7523.5,7523.5,164
2026-05-28T10:45:00.000Z,ES,7523.75,7525.5,7523.0,7524.5,419
2026-05-28T10:46:00.000Z,ES,7524.75,7524.75,7524.25,7524.5,212
2026-05-28T10:47:00.000Z,ES,7524.5,7525.0,7524.5,7525.0,206
2026-05-28T10:48:00.000Z,ES,7525.0,7526.25,7524.75,7525.75,330
2026-05-28T10:49:00.000Z,ES,7525.75,7526.25,7525.25,7525.25,209
2026-05-28T10:50:00.000Z,ES,7525.5,7525.75,7520.0,7521.25,1044
2026-05-28T10:51:00.000Z,ES,7521.25,7523.75,7515.0,7522.0,3952
2026-05-28T10:52:00.000Z,ES,7522.25,7522.75,7520.0,7520.75,954
2026-05-28T10:53:00.000Z,ES,7520.75,7522.25,7520.5,7521.5,273
2026-05-28T10:54:00.000Z,ES,7521.25,7523.75,7521.25,7523.25,433
2026-05-28T10:55:00.000Z,ES,7523.25,7523.5,7521.75,7522.75,401
2026-05-28T10:56:00.000Z,ES,7522.75,7522.75,7522.0,7522.25,145
2026-05-28T10:57:00.000Z,ES,7522.0,7522.75,7522.0,7522.75,223
2026-05-28T10:58:00.000Z,ES,7522.75,7522.75,7518.0,7520.25,1648
2026-05-28T10:59:00.000Z,ES,7520.0,7520.75,7518.0,7519.25,627
2026-05-28T11:00:00.000Z,ES,7519.0,7522.0,7518.75,7519.0,1006
2026-05-28T11:01:00.000Z,ES,7519.0,7520.0,7518.25,7520.0,516
2026-05-28T11:02:00.000Z,ES,7520.25,7520.5,7519.5,7520.0,165
2026-05-28T11:03:00.000Z,ES,7520.0,7523.25,7519.25,7521.75,1185
2026-05-28T11:04:00.000Z,ES,7521.75,7522.25,7520.0,7520.5,379
2026-05-28T11:05:00.000Z,ES,7520.75,7521.5,7520.0,7520.5,452
2026-05-28T11:06:00.000Z,ES,7520.5,7520.5,7519.5,7519.5,117
2026-05-28T11:07:00.000Z,ES,7519.75,7520.0,7517.75,7518.75,243
2026-05-28T11:08:00.000Z,ES,7518.75,7519.0,7518.0,7518.5,147
2026-05-28T11:09:00.000Z,ES,7518.5,7520.0,7518.5,7519.75,336
2026-05-28T11:10:00.000Z,ES,7519.5,7519.5,7517.5,7518.0,264
2026-05-28T11:11:00.000Z,ES,7518.0,7518.5,7517.5,7517.75,217
2026-05-28T11:12:00.000Z,ES,7517.75,7520.0,7517.5,7518.75,618
2026-05-28T11:13:00.000Z,ES,7519.0,7519.5,7518.5,7519.25,125
2026-05-28T11:14:00.000Z,ES,7519.5,7519.5,7518.0,7518.25,116
2026-05-28T11:15:00.000Z,ES,7518.25,7520.5,7518.25,7520.25,152
2026-05-28T11:16:00.000Z,ES,7520.25,7521.0,7520.25,7520.5,296
2026-05-28T11:17:00.000Z,ES,7520.25,7521.0,7520.0,7520.25,199
2026-05-28T11:18:00.000Z,ES,7520.25,7520.75,7520.0,7520.75,133
2026-05-28T11:19:00.000Z,ES,7520.5,7520.75,7519.75,7520.75,100
2026-05-28T11:20:00.000Z,ES,7521.0,7521.5,7520.25,7521.5,109
2026-05-28T11:21:00.000Z,ES,7521.5,7522.5,7521.0,7521.5,171
2026-05-28T11:22:00.000Z,ES,7521.75,7521.75,7521.0,7521.25,70
2026-05-28T11:23:00.000Z,ES,7521.5,7521.5,7520.25,7520.75,149
2026-05-28T11:24:00.000Z,ES,7520.5,7520.75,7519.5,7520.25,189
2026-05-28T11:25:00.000Z,ES,7520.5,7521.25,7520.0,7521.25,141
2026-05-28T11:26:00.000Z,ES,7521.25,7521.5,7519.75,7519.75,157
2026-05-28T11:27:00.000Z,ES,7519.75,7520.25,7518.0,7518.0,251
2026-05-28T11:28:00.000Z,ES,7518.0,7519.0,7518.0,7518.5,234
2026-05-28T11:29:00.000Z,ES,7518.5,7518.75,7518.25,7518.5,153
2026-05-28T11:30:00.000Z,ES,7518.5,7519.25,7517.0,7517.25,148
2026-05-28T11:31:00.000Z,ES,7517.25,7518.0,7517.0,7517.5,186
2026-05-28T11:32:00.000Z,ES,7517.25,7517.75,7517.0,7517.75,211
2026-05-28T11:33:00.000Z,ES,7517.75,7518.5,7517.0,7518.0,349
2026-05-28T11:34:00.000Z,ES,7518.0,7519.0,7518.0,7518.75,419
2026-05-28T11:35:00.000Z,ES,7518.5,7519.0,7517.25,7517.75,413
2026-05-28T11:36:00.000Z,ES,7517.75,7519.0,7517.75,7518.75,447
2026-05-28T11:37:00.000Z,ES,7518.75,7520.75,7518.25,7520.25,541
2026-05-28T11:38:00.000Z,ES,7520.5,7520.75,7519.25,7519.75,252
2026-05-28T11:39:00.000Z,ES,7519.75,7520.5,7519.25,7520.25,170
2026-05-28T11:40:00.000Z,ES,7520.25,7522.25,7520.0,7522.25,417
2026-05-28T11:41:00.000Z,ES,7522.5,7523.25,7522.5,7522.75,419
2026-05-28T11:42:00.000Z,ES,7522.75,7523.5,7522.5,7523.0,187
2026-05-28T11:43:00.000Z,ES,7522.75,7523.5,7522.5,7523.25,284
2026-05-28T11:44:00.000Z,ES,7523.25,7524.75,7523.0,7524.25,290
2026-05-28T11:45:00.000Z,ES,7524.5,7524.75,7523.25,7523.75,227
2026-05-28T11:46:00.000Z,ES,7523.75,7523.75,7522.75,7523.5,213
2026-05-28T11:47:00.000Z,ES,7523.5,7523.5,7522.5,7523.25,214
2026-05-28T11:48:00.000Z,ES,7523.5,7523.5,7522.25,7523.25,195
2026-05-28T11:49:00.000Z,ES,7523.0,7523.0,7521.75,7522.0,221
2026-05-28T11:50:00.000Z,ES,7521.75,7522.25,7520.75,7522.0,154
2026-05-28T11:51:00.000Z,ES,7522.0,7523.25,7522.0,7522.5,277
2026-05-28T11:52:00.000Z,ES,7522.25,7522.75,7521.25,7521.75,125
2026-05-28T11:53:00.000Z,ES,7521.75,7521.75,7521.0,7521.0,80
2026-05-28T11:54:00.000Z,ES,7521.0,7521.5,7520.75,7521.25,112
2026-05-28T11:55:00.000Z,ES,7521.5,7521.5,7520.5,7520.75,124
2026-05-28T11:56:00.000Z,ES,7520.75,7523.0,7520.75,7522.75,252
2026-05-28T11:57:00.000Z,ES,7522.75,7523.0,7522.5,7522.75,129
2026-05-28T11:58:00.000Z,ES,7522.75,7523.0,7522.5,7523.0,141
2026-05-28T11:59:00.000Z,ES,7522.75,7522.75,7521.75,7522.0,199
2026-05-28T12:00:00.000Z,ES,7522.0,7523.0,7521.75,7522.5,239
2026-05-28T12:01:00.000Z,ES,7522.25,7522.5,7521.25,7521.25,178
2026-05-28T12:02:00.000Z,ES,7521.25,7521.75,7520.75,7521.25,125
2026-05-28T12:03:00.000Z,ES,7521.25,7522.0,7521.25,7521.5,156
2026-05-28T12:04:00.000Z,ES,7521.5,7521.5,7521.0,7521.25,104
2026-05-28T12:05:00.000Z,ES,7521.0,7522.0,7521.0,7521.75,105
2026-05-28T12:06:00.000Z,ES,7521.75,7523.75,7521.75,7523.0,346
2026-05-28T12:07:00.000Z,ES,7523.0,7525.75,7523.0,7525.25,388
2026-05-28T12:08:00.000Z,ES,7525.5,7525.5,7524.0,7524.5,230
2026-05-28T12:09:00.000Z,ES,7524.25,7524.75,7523.75,7523.75,147
2026-05-28T12:10:00.000Z,ES,7523.75,7524.0,7523.0,7523.5,186
2026-05-28T12:11:00.000Z,ES,7523.25,7524.25,7523.25,7524.0,246
2026-05-28T12:12:00.000Z,ES,7524.0,7524.5,7522.5,7523.25,181
2026-05-28T12:13:00.000Z,ES,7523.5,7524.0,7523.25,7524.0,135
2026-05-28T12:14:00.000Z,ES,7523.75,7526.0,7523.5,7525.25,331
2026-05-28T12:15:00.000Z,ES,7525.0,7525.75,7523.25,7523.5,251
2026-05-28T12:16:00.000Z,ES,7523.5,7524.25,7523.25,7524.25,131
2026-05-28T12:17:00.000Z,ES,7524.5,7524.5,7523.75,7524.0,126
2026-05-28T12:18:00.000Z,ES,7523.75,7524.75,7523.5,7524.0,175
2026-05-28T12:19:00.000Z,ES,7524.0,7524.0,7522.75,7523.0,265
2026-05-28T12:20:00.000Z,ES,7523.0,7523.5,7522.5,7522.5,284
2026-05-28T12:21:00.000Z,ES,7522.5,7523.5,7522.0,7523.25,212
2026-05-28T12:22:00.000Z,ES,7523.25,7523.25,7522.0,7522.5,204
2026-05-28T12:23:00.000Z,ES,7522.5,7522.75,7521.0,7521.25,321
2026-05-28T12:24:00.000Z,ES,7521.25,7521.75,7521.25,7521.75,124
2026-05-28T12:25:00.000Z,ES,7522.0,7524.5,7522.0,7524.0,295
2026-05-28T12:26:00.000Z,ES,7524.25,7524.5,7523.75,7524.25,117
2026-05-28T12:27:00.000Z,ES,7524.0,7524.75,7524.0,7524.5,305
2026-05-28T12:28:00.000Z,ES,7524.75,7525.25,7524.25,7525.25,238
2026-05-28T12:29:00.000Z,ES,7525.0,7525.5,7524.5,7525.0,410
2026-05-28T12:30:00.000Z,ES,7525.0,7530.0,7524.75,7528.0,1474
2026-05-28T12:31:00.000Z,ES,7528.25,7528.75,7526.5,7526.75,547
2026-05-28T12:32:00.000Z,ES,7527.0,7529.75,7526.75,7529.75,889
2026-05-28T12:33:00.000Z,ES,7529.5,7530.0,7529.0,7530.0,1063
2026-05-28T12:34:00.000Z,ES,7530.0,7530.0,7529.0,7529.25,1113
2026-05-28T12:35:00.000Z,ES,7529.25,7530.0,7528.75,7530.0,624
2026-05-28T12:36:00.000Z,ES,7530.0,7533.5,7529.5,7533.25,1622
2026-05-28T12:37:00.000Z,ES,7533.5,7534.25,7532.75,7533.5,779
2026-05-28T12:38:00.000Z,ES,7533.25,7535.5,7533.0,7535.25,852
2026-05-28T12:39:00.000Z,ES,7535.0,7535.0,7532.25,7533.75,866
2026-05-28T12:40:00.000Z,ES,7533.75,7536.0,7533.5,7534.0,804
2026-05-28T12:41:00.000Z,ES,7533.75,7534.0,7533.0,7533.5,493
2026-05-28T12:42:00.000Z,ES,7533.5,7534.25,7532.5,7533.0,651
2026-05-28T12:43:00.000Z,ES,7533.25,7534.25,7533.0,7533.75,322
2026-05-28T12:44:00.000Z,ES,7533.75,7535.75,7533.5,7535.5,429
2026-05-28T12:45:00.000Z,ES,7535.5,7536.75,7535.0,7536.25,697
2026-05-28T12:46:00.000Z,ES,7536.25,7538.0,7536.25,7538.0,659
2026-05-28T12:47:00.000Z,ES,7537.75,7538.0,7535.5,7535.75,519
2026-05-28T12:48:00.000Z,ES,7535.75,7538.5,7535.25,7538.0,676
2026-05-28T12:49:00.000Z,ES,7538.0,7539.75,7537.5,7538.0,722
2026-05-28T12:50:00.000Z,ES,7538.0,7538.75,7537.25,7538.0,392
2026-05-28T12:51:00.000Z,ES,7538.0,7538.75,7537.25,7538.0,636
2026-05-28T12:52:00.000Z,ES,7538.25,7539.0,7538.25,7538.5,367
2026-05-28T12:53:00.000Z,ES,7538.5,7539.25,7537.0,7538.75,659
2026-05-28T12:54:00.000Z,ES,7538.75,7539.25,7538.25,7538.25,349
2026-05-28T12:55:00.000Z,ES,7538.25,7538.75,7537.25,7537.75,314
2026-05-28T12:56:00.000Z,ES,7537.75,7538.5,7537.25,7538.5,354
2026-05-28T12:57:00.000Z,ES,7538.75,7539.25,7537.75,7538.25,370
2026-05-28T12:58:00.000Z,ES,7538.0,7539.5,7538.0,7538.5,359
2026-05-28T12:59:00.000Z,ES,7538.25,7539.0,7537.75,7538.25,249
2026-05-28T13:00:00.000Z,ES,7538.25,7542.25,7538.25,7542.0,1771
2026-05-28T13:01:00.000Z,ES,7542.25,7544.0,7541.5,7542.0,1397
2026-05-28T13:02:00.000Z,ES,7542.25,7542.25,7540.5,7541.5,699
2026-05-28T13:03:00.000Z,ES,7541.5,7542.75,7541.0,7541.25,592
2026-05-28T13:04:00.000Z,ES,7541.0,7542.5,7540.25,7540.5,515
2026-05-28T13:05:00.000Z,ES,7540.5,7541.75,7540.25,7541.0,550
2026-05-28T13:06:00.000Z,ES,7541.0,7541.25,7539.25,7539.5,752
2026-05-28T13:07:00.000Z,ES,7539.5,7539.75,7538.0,7538.0,485
2026-05-28T13:08:00.000Z,ES,7538.0,7538.5,7537.0,7537.75,426
2026-05-28T13:09:00.000Z,ES,7537.75,7538.25,7536.75,7537.25,473
2026-05-28T13:10:00.000Z,ES,7537.25,7537.75,7536.5,7536.75,486
2026-05-28T13:11:00.000Z,ES,7536.75,7537.25,7536.0,7536.0,303
2026-05-28T13:12:00.000Z,ES,7536.25,7537.5,7535.5,7537.5,525
2026-05-28T13:13:00.000Z,ES,7537.5,7538.0,7537.25,7537.25,256
2026-05-28T13:14:00.000Z,ES,7537.5,7537.75,7535.5,7535.5,389
2026-05-28T13:15:00.000Z,ES,7535.75,7537.5,7535.25,7537.25,604
2026-05-28T13:16:00.000Z,ES,7537.5,7537.75,7536.5,7536.5,318
2026-05-28T13:17:00.000Z,ES,7536.5,7536.5,7535.5,7536.25,341
2026-05-28T13:18:00.000Z,ES,7536.25,7536.5,7535.25,7535.25,644
2026-05-28T13:19:00.000Z,ES,7535.25,7536.75,7535.25,7536.75,566
2026-05-28T13:20:00.000Z,ES,7536.75,7536.75,7535.25,7535.5,259
2026-05-28T13:21:00.000Z,ES,7535.5,7535.75,7534.5,7535.25,534
2026-05-28T13:22:00.000Z,ES,7535.5,7536.0,7535.25,7535.75,292
2026-05-28T13:23:00.000Z,ES,7535.75,7536.75,7535.5,7536.25,382
2026-05-28T13:24:00.000Z,ES,7536.0,7536.25,7535.5,7535.75,309
2026-05-28T13:25:00.000Z,ES,7535.75,7537.5,7535.0,7537.0,811
2026-05-28T13:26:00.000Z,ES,7537.0,7538.5,7536.75,7538.0,693
2026-05-28T13:27:00.000Z,ES,7537.75,7538.75,7535.5,7535.75,1130
2026-05-28T13:28:00.000Z,ES,7536.0,7536.75,7535.25,7536.25,1372
2026-05-28T13:29:00.000Z,ES,7536.25,7537.25,7535.0,7535.0,1630
2026-05-28T13:30:00.000Z,ES,7535.25,7537.25,7533.0,7535.5,8557
2026-05-28T13:31:00.000Z,ES,7535.25,7536.0,7532.75,7533.0,4359
2026-05-28T13:32:00.000Z,ES,7532.75,7535.25,7532.0,7532.75,4398
2026-05-28T13:33:00.000Z,ES,7532.75,7532.75,7528.5,7529.0,4069
2026-05-28T13:34:00.000Z,ES,7529.0,7530.75,7527.75,7530.25,3065
2026-05-28T13:35:00.000Z,ES,7530.0,7530.25,7526.0,7528.25,5126
2026-05-28T13:36:00.000Z,ES,7528.25,7528.75,7526.5,7527.5,3519
2026-05-28T13:37:00.000Z,ES,7527.25,7528.75,7526.5,7526.75,3283
2026-05-28T13:38:00.000Z,ES,7526.75,7528.25,7525.75,7526.5,3479
2026-05-28T13:39:00.000Z,ES,7526.5,7527.75,7525.75,7527.0,3074
2026-05-28T13:40:00.000Z,ES,7527.25,7527.75,7525.25,7527.5,3546
2026-05-28T13:41:00.000Z,ES,7527.5,7528.25,7525.75,7526.5,2298
2026-05-28T13:42:00.000Z,ES,7526.75,7529.25,7525.75,7529.25,2850
2026-05-28T13:43:00.000Z,ES,7529.0,7530.25,7527.25,7527.75,2660
2026-05-28T13:44:00.000Z,ES,7527.5,7529.75,7527.5,7528.5,2474
2026-05-28T13:45:00.000Z,ES,7528.75,7532.0,7528.25,7529.75,4762
2026-05-28T13:46:00.000Z,ES,7530.0,7530.25,7527.0,7527.75,4108
2026-05-28T13:47:00.000Z,ES,7527.5,7528.5,7526.25,7527.0,2799
2026-05-28T13:48:00.000Z,ES,7527.0,7528.75,7526.75,7528.0,2428
2026-05-28T13:49:00.000Z,ES,7527.75,7528.25,7526.75,7527.25,2580
2026-05-28T13:50:00.000Z,ES,7527.25,7533.0,7526.25,7531.75,7431
2026-05-28T13:51:00.000Z,ES,7532.0,7532.5,7530.25,7532.25,3288
2026-05-28T13:52:00.000Z,ES,7532.25,7536.25,7531.75,7536.0,4325
2026-05-28T13:53:00.000Z,ES,7535.75,7537.0,7532.5,7533.25,5110
2026-05-28T13:54:00.000Z,ES,7533.5,7535.25,7531.0,7532.0,3848
2026-05-28T13:55:00.000Z,ES,7531.75,7533.5,7531.25,7532.75,2989
2026-05-28T13:56:00.000Z,ES,7532.75,7533.5,7530.5,7533.5,2372
2026-05-28T13:57:00.000Z,ES,7533.5,7535.5,7533.0,7534.0,2504
2026-05-28T13:58:00.000Z,ES,7534.0,7534.75,7532.5,7533.0,1516
2026-05-28T13:59:00.000Z,ES,7532.75,7536.0,7532.5,7535.75,1576
2026-05-28T14:00:00.000Z,ES,7535.75,7539.75,7534.5,7539.75,5697
2026-05-28T14:01:00.000Z,ES,7539.75,7539.75,7537.0,7537.75,4126
2026-05-28T14:02:00.000Z,ES,7537.5,7538.0,7535.5,7536.75,3570
2026-05-28T14:03:00.000Z,ES,7536.5,7537.0,7534.5,7534.75,2835
2026-05-28T14:04:00.000Z,ES,7534.75,7537.0,7533.25,7536.5,3063
2026-05-28T14:05:00.000Z,ES,7536.25,7537.75,7533.5,7534.75,3197
2026-05-28T14:06:00.000Z,ES,7534.75,7536.5,7534.25,7535.75,2274
2026-05-28T14:07:00.000Z,ES,7535.75,7538.5,7535.25,7537.0,2880
2026-05-28T14:08:00.000Z,ES,7536.75,7539.5,7536.5,7539.0,2593
2026-05-28T14:09:00.000Z,ES,7539.0,7540.25,7537.0,7540.0,2549
2026-05-28T14:10:00.000Z,ES,7540.0,7540.25,7535.25,7535.75,3670
2026-05-28T14:11:00.000Z,ES,7535.75,7537.5,7535.0,7536.75,2254
2026-05-28T14:12:00.000Z,ES,7536.75,7562.5,7535.75,7562.0,16990
2026-05-28T14:13:00.000Z,ES,7562.0,7570.5,7550.75,7570.25,24965
2026-05-28T14:14:00.000Z,ES,7570.5,7574.0,7562.5,7564.5,14296
2026-05-28T14:15:00.000Z,ES,7564.5,7566.25,7560.25,7560.5,8169
2026-05-28T14:16:00.000Z,ES,7560.25,7565.75,7555.0,7564.5,6752
2026-05-28T14:17:00.000Z,ES,7564.5,7566.0,7562.75,7564.25,5945
2026-05-28T14:18:00.000Z,ES,7564.0,7568.0,7562.25,7567.25,5525
2026-05-28T14:19:00.000Z,ES,7567.25,7569.0,7563.25,7564.5,4963
2026-05-28T14:20:00.000Z,ES,7564.5,7566.25,7560.5,7560.75,4364
2026-05-28T14:21:00.000Z,ES,7560.75,7561.5,7557.25,7558.5,5458
2026-05-28T14:22:00.000Z,ES,7558.5,7558.75,7554.0,7557.25,6050
2026-05-28T14:23:00.000Z,ES,7557.25,7557.5,7553.5,7553.5,4249
2026-05-28T14:24:00.000Z,ES,7553.5,7558.5,7553.25,7557.75,4106
2026-05-28T14:25:00.000Z,ES,7557.5,7561.0,7556.5,7559.5,2851
2026-05-28T14:26:00.000Z,ES,7559.5,7560.75,7558.5,7560.25,3062
2026-05-28T14:27:00.000Z,ES,7560.25,7561.25,7558.5,7559.25,2431
2026-05-28T14:28:00.000Z,ES,7559.25,7560.75,7558.0,7560.0,3411
2026-05-28T14:29:00.000Z,ES,7560.0,7562.0,7559.75,7561.25,2328
2026-05-28T14:30:00.000Z,ES,7561.5,7563.75,7561.0,7563.0,3417
2026-05-28T14:31:00.000Z,ES,7563.0,7563.75,7558.5,7559.5,3375
2026-05-28T14:32:00.000Z,ES,7559.5,7559.75,7556.75,7557.0,3156
2026-05-28T14:33:00.000Z,ES,7557.25,7558.25,7554.75,7555.0,3985
2026-05-28T14:34:00.000Z,ES,7555.0,7555.25,7552.75,7553.0,5237
2026-05-28T14:35:00.000Z,ES,7553.0,7556.75,7552.75,7555.25,3915
2026-05-28T14:36:00.000Z,ES,7555.25,7556.75,7553.75,7555.0,3374
2026-05-28T14:37:00.000Z,ES,7555.0,7555.5,7553.25,7554.0,2478
2026-05-28T14:38:00.000Z,ES,7554.0,7554.25,7551.25,7553.25,3804
2026-05-28T14:39:00.000Z,ES,7553.5,7554.25,7552.5,7553.25,2490
2026-05-28T14:40:00.000Z,ES,7553.25,7559.0,7552.25,7558.75,3949
2026-05-28T14:41:00.000Z,ES,7558.75,7558.75,7556.25,7556.5,2786
2026-05-28T14:42:00.000Z,ES,7556.25,7556.75,7554.25,7556.25,2790
2026-05-28T14:43:00.000Z,ES,7556.25,7558.25,7556.25,7558.0,1923
2026-05-28T14:44:00.000Z,ES,7558.0,7559.0,7556.5,7558.5,2101
2026-05-28T14:45:00.000Z,ES,7558.5,7561.25,7558.5,7559.75,2562
2026-05-28T14:46:00.000Z,ES,7559.75,7562.25,7552.0,7556.75,10410
2026-05-28T14:47:00.000Z,ES,7556.5,7557.5,7553.5,7555.5,4895
2026-05-28T14:48:00.000Z,ES,7555.75,7559.75,7555.5,7558.5,3028
2026-05-28T14:49:00.000Z,ES,7558.5,7558.5,7555.0,7557.5,3021
2026-05-28T14:50:00.000Z,ES,7557.5,7560.0,7557.25,7559.25,2298
2026-05-28T14:51:00.000Z,ES,7559.25,7560.0,7558.25,7558.75,2187
2026-05-28T14:52:00.000Z,ES,7558.75,7561.0,7557.5,7560.75,2274
2026-05-28T14:53:00.000Z,ES,7560.75,7563.5,7560.5,7561.5,3683
2026-05-28T14:54:00.000Z,ES,7561.5,7562.5,7561.0,7561.75,2335
2026-05-28T14:55:00.000Z,ES,7561.75,7562.75,7560.75,7561.25,2285
2026-05-28T14:56:00.000Z,ES,7561.5,7563.0,7561.0,7562.75,1619
2026-05-28T14:57:00.000Z,ES,7562.75,7563.0,7559.25,7560.0,2836
2026-05-28T14:58:00.000Z,ES,7560.0,7561.25,7557.75,7561.0,3537
2026-05-28T14:59:00.000Z,ES,7560.75,7563.25,7560.75,7562.75,2389
2026-05-28T15:00:00.000Z,ES,7562.75,7567.5,7561.5,7567.5,5257
2026-05-28T15:01:00.000Z,ES,7567.5,7569.25,7566.5,7568.75,4723
2026-05-28T15:02:00.000Z,ES,7568.75,7571.0,7568.0,7570.5,4191
2026-05-28T15:03:00.000Z,ES,7570.5,7571.5,7569.0,7570.25,4396
2026-05-28T15:04:00.000Z,ES,7570.25,7571.5,7570.25,7571.5,2942
2026-05-28T15:05:00.000Z,ES,7571.75,7573.5,7571.25,7572.0,3501
2026-05-28T15:06:00.000Z,ES,7572.25,7572.75,7570.5,7571.25,3368
2026-05-28T15:07:00.000Z,ES,7571.25,7573.25,7571.25,7571.75,2707
2026-05-28T15:08:00.000Z,ES,7572.0,7572.0,7568.5,7569.0,2761
2026-05-28T15:09:00.000Z,ES,7569.0,7570.0,7568.75,7569.75,2543
2026-05-28T15:10:00.000Z,ES,7569.75,7570.75,7568.0,7568.5,1850
2026-05-28T15:11:00.000Z,ES,7568.5,7569.0,7567.0,7567.5,2602
2026-05-28T15:12:00.000Z,ES,7567.5,7568.5,7567.25,7567.5,1888
2026-05-28T15:13:00.000Z,ES,7567.5,7568.0,7566.75,7567.75,1920
2026-05-28T15:14:00.000Z,ES,7567.75,7568.5,7567.0,7567.0,1818
2026-05-28T15:15:00.000Z,ES,7567.25,7568.0,7565.0,7565.25,2678
2026-05-28T15:16:00.000Z,ES,7565.25,7569.25,7565.0,7569.0,1875
2026-05-28T15:17:00.000Z,ES,7569.0,7569.75,7568.5,7568.5,1736
2026-05-28T15:18:00.000Z,ES,7568.5,7569.25,7567.5,7568.25,1518
2026-05-28T15:19:00.000Z,ES,7568.25,7569.0,7567.75,7568.5,1100
2026-05-28T15:20:00.000Z,ES,7568.5,7569.5,7567.75,7569.25,1489
2026-05-28T15:21:00.000Z,ES,7569.0,7569.75,7568.5,7569.5,1490
2026-05-28T15:22:00.000Z,ES,7569.5,7571.25,7569.5,7570.5,1931
2026-05-28T15:23:00.000Z,ES,7570.75,7570.75,7569.25,7570.0,1488
2026-05-28T15:24:00.000Z,ES,7570.0,7571.75,7569.5,7570.75,1723
2026-05-28T15:25:00.000Z,ES,7571.0,7572.75,7570.5,7572.75,2229
2026-05-28T15:26:00.000Z,ES,7572.75,7573.25,7572.0,7573.0,1928
2026-05-28T15:27:00.000Z,ES,7573.0,7575.0,7572.75,7574.75,3220
2026-05-28T15:28:00.000Z,ES,7574.5,7575.25,7573.75,7574.25,3258
2026-05-28T15:29:00.000Z,ES,7574.5,7575.75,7573.25,7573.5,2101
2026-05-28T15:30:00.000Z,ES,7573.5,7574.25,7571.75,7573.5,2641
2026-05-28T15:31:00.000Z,ES,7573.5,7574.0,7572.75,7573.75,1424
2026-05-28T15:32:00.000Z,ES,7573.75,7575.0,7573.0,7574.75,2512
2026-05-28T15:33:00.000Z,ES,7574.5,7575.0,7574.0,7574.25,1852
2026-05-28T15:34:00.000Z,ES,7574.25,7575.0,7573.5,7574.0,1318
2026-05-28T15:35:00.000Z,ES,7574.25,7574.5,7572.75,7574.0,1855
2026-05-28T15:36:00.000Z,ES,7574.25,7576.5,7574.0,7575.25,2604
2026-05-28T15:37:00.000Z,ES,7575.25,7576.25,7574.75,7576.0,1758
2026-05-28T15:38:00.000Z,ES,7576.0,7576.5,7575.0,7575.75,1843
2026-05-28T15:39:00.000Z,ES,7576.0,7576.25,7574.5,7575.25,1431
2026-05-28T15:40:00.000Z,ES,7575.25,7575.5,7574.25,7574.75,1316
2026-05-28T15:41:00.000Z,ES,7575.0,7575.0,7573.0,7573.5,2545
2026-05-28T15:42:00.000Z,ES,7573.5,7574.25,7573.0,7573.5,1189
2026-05-28T15:43:00.000Z,ES,7573.5,7574.75,7572.75,7574.25,1241
2026-05-28T15:44:00.000Z,ES,7574.5,7575.0,7574.0,7574.25,1301
2026-05-28T15:45:00.000Z,ES,7574.25,7575.75,7573.75,7574.25,2674
2026-05-28T15:46:00.000Z,ES,7574.0,7575.25,7573.75,7574.25,1132
2026-05-28T15:47:00.000Z,ES,7574.5,7574.5,7573.0,7574.0,1960
2026-05-28T15:48:00.000Z,ES,7574.0,7574.0,7572.75,7573.5,1124
2026-05-28T15:49:00.000Z,ES,7573.25,7573.75,7572.25,7572.75,1353
2026-05-28T15:50:00.000Z,ES,7573.0,7575.0,7573.0,7574.75,1350
2026-05-28T15:51:00.000Z,ES,7574.75,7576.5,7574.5,7575.75,1488
2026-05-28T15:52:00.000Z,ES,7575.75,7576.25,7575.5,7576.0,838
2026-05-28T15:53:00.000Z,ES,7576.0,7576.5,7575.0,7575.0,862
2026-05-28T15:54:00.000Z,ES,7575.0,7575.75,7574.0,7574.25,1133
2026-05-28T15:55:00.000Z,ES,7574.25,7575.0,7573.75,7574.5,926
2026-05-28T15:56:00.000Z,ES,7574.25,7577.0,7574.25,7576.75,1419
2026-05-28T15:57:00.000Z,ES,7576.75,7576.75,7574.5,7575.0,893
2026-05-28T15:58:00.000Z,ES,7574.75,7575.0,7573.25,7573.5,1274
2026-05-28T15:59:00.000Z,ES,7573.5,7575.25,7573.25,7574.75,1614
2026-05-28T16:00:00.000Z,ES,7574.75,7575.25,7573.5,7573.75,1797
2026-05-28T16:01:00.000Z,ES,7573.5,7573.75,7572.25,7572.5,1423
2026-05-28T16:02:00.000Z,ES,7572.75,7573.75,7571.75,7572.0,1356
2026-05-28T16:03:00.000Z,ES,7572.0,7573.0,7570.75,7573.0,2292
2026-05-28T16:04:00.000Z,ES,7573.25,7573.5,7571.75,7573.0,900
2026-05-28T16:05:00.000Z,ES,7573.25,7575.25,7573.0,7574.5,1515
2026-05-28T16:06:00.000Z,ES,7574.75,7575.0,7573.5,7573.75,1367
2026-05-28T16:07:00.000Z,ES,7573.75,7574.25,7573.25,7574.25,816
2026-05-28T16:08:00.000Z,ES,7574.25,7575.0,7573.5,7574.5,1142
2026-05-28T16:09:00.000Z,ES,7574.5,7575.0,7574.25,7574.75,552
2026-05-28T16:10:00.000Z,ES,7574.75,7576.25,7574.75,7575.75,1065
2026-05-28T16:11:00.000Z,ES,7575.75,7576.25,7575.25,7575.5,1030
2026-05-28T16:12:00.000Z,ES,7575.5,7575.75,7574.0,7574.5,1400
2026-05-28T16:13:00.000Z,ES,7574.5,7575.25,7574.0,7575.0,858
2026-05-28T16:14:00.000Z,ES,7575.0,7576.0,7574.25,7576.0,980
2026-05-28T16:15:00.000Z,ES,7576.0,7576.0,7574.25,7574.5,1683
2026-05-28T16:16:00.000Z,ES,7574.75,7575.5,7574.0,7575.5,737
2026-05-28T16:17:00.000Z,ES,7575.5,7576.75,7574.75,7576.75,1346
2026-05-28T16:18:00.000Z,ES,7576.5,7579.75,7576.5,7579.25,5098
2026-05-28T16:19:00.000Z,ES,7579.25,7579.25,7578.25,7579.0,1863
2026-05-28T16:20:00.000Z,ES,7578.75,7579.0,7577.75,7579.0,1268
2026-05-28T16:21:00.000Z,ES,7578.75,7579.25,7577.75,7577.75,1464
2026-05-28T16:22:00.000Z,ES,7578.0,7578.25,7576.5,7577.0,1832
2026-05-28T16:23:00.000Z,ES,7577.0,7578.75,7577.0,7578.75,946
2026-05-28T16:24:00.000Z,ES,7578.75,7582.75,7578.5,7580.75,4260
2026-05-28T16:25:00.000Z,ES,7580.5,7581.75,7579.25,7579.5,2271
2026-05-28T16:26:00.000Z,ES,7579.5,7580.25,7579.0,7579.25,1431
2026-05-28T16:27:00.000Z,ES,7579.25,7580.0,7579.0,7579.25,1329
2026-05-28T16:28:00.000Z,ES,7579.0,7579.5,7578.25,7578.75,1121
2026-05-28T16:29:00.000Z,ES,7578.75,7579.5,7577.5,7578.0,1185
2026-05-28T16:30:00.000Z,ES,7578.0,7578.5,7577.25,7577.75,1717
2026-05-28T16:31:00.000Z,ES,7577.75,7577.75,7576.25,7577.25,1367
2026-05-28T16:32:00.000Z,ES,7577.0,7577.75,7576.0,7576.75,979
2026-05-28T16:33:00.000Z,ES,7576.75,7577.5,7576.25,7576.75,1449
2026-05-28T16:34:00.000Z,ES,7576.75,7577.0,7576.25,7576.75,791
2026-05-28T16:35:00.000Z,ES,7576.75,7577.5,7576.25,7577.0,998
2026-05-28T16:36:00.000Z,ES,7577.0,7577.0,7574.5,7575.0,1478
2026-05-28T16:37:00.000Z,ES,7574.75,7575.75,7574.5,7575.25,1270
2026-05-28T16:38:00.000Z,ES,7575.0,7576.5,7574.75,7576.0,830
2026-05-28T16:39:00.000Z,ES,7576.0,7577.0,7575.75,7576.0,1027
2026-05-28T16:40:00.000Z,ES,7576.0,7577.0,7575.75,7576.75,1019
2026-05-28T16:41:00.000Z,ES,7577.0,7578.5,7576.75,7578.5,1363
2026-05-28T16:42:00.000Z,ES,7578.5,7578.75,7577.75,7578.25,1134
2026-05-28T16:43:00.000Z,ES,7578.25,7578.5,7576.75,7577.0,1063
2026-05-28T16:44:00.000Z,ES,7576.75,7578.5,7576.75,7578.5,1155
2026-05-28T16:45:00.000Z,ES,7578.25,7579.0,7577.5,7578.75,1584
2026-05-28T16:46:00.000Z,ES,7578.5,7579.5,7578.5,7579.5,1044
2026-05-28T16:47:00.000Z,ES,7579.25,7579.5,7578.75,7579.0,1024
2026-05-28T16:48:00.000Z,ES,7579.25,7579.5,7578.25,7578.5,1012
2026-05-28T16:49:00.000Z,ES,7578.5,7578.5,7577.0,7577.25,1072
2026-05-28T16:50:00.000Z,ES,7577.25,7578.0,7576.75,7577.25,1339
2026-05-28T16:51:00.000Z,ES,7577.0,7578.5,7576.5,7577.5,1422
2026-05-28T16:52:00.000Z,ES,7577.25,7577.5,7576.5,7577.0,926
2026-05-28T16:53:00.000Z,ES,7577.25,7577.75,7577.0,7577.5,589
2026-05-28T16:54:00.000Z,ES,7577.25,7578.0,7576.75,7577.25,763
2026-05-28T16:55:00.000Z,ES,7577.25,7578.5,7577.0,7578.25,612
2026-05-28T16:56:00.000Z,ES,7578.25,7579.75,7578.25,7579.25,1280
2026-05-28T16:57:00.000Z,ES,7579.5,7580.75,7579.25,7580.25,1417
2026-05-28T16:58:00.000Z,ES,7580.25,7581.25,7580.0,7581.0,1317
2026-05-28T16:59:00.000Z,ES,7581.25,7582.25,7580.75,7581.0,1330
2026-05-28T17:00:00.000Z,ES,7581.0,7582.75,7581.0,7582.25,1505
2026-05-28T17:01:00.000Z,ES,7582.25,7582.5,7581.0,7581.25,1306
2026-05-28T17:02:00.000Z,ES,7581.25,7581.75,7580.25,7580.75,1448
2026-05-28T17:03:00.000Z,ES,7581.0,7582.0,7580.75,7581.5,1062
2026-05-28T17:04:00.000Z,ES,7581.5,7581.5,7580.5,7581.25,1133
2026-05-28T17:05:00.000Z,ES,7581.25,7582.5,7580.75,7581.0,1832
2026-05-28T17:06:00.000Z,ES,7581.0,7581.25,7579.75,7580.25,1100
2026-05-28T17:07:00.000Z,ES,7580.25,7580.25,7578.75,7579.5,1372
2026-05-28T17:08:00.000Z,ES,7579.25,7579.75,7578.75,7579.25,959
2026-05-28T17:09:00.000Z,ES,7579.25,7579.5,7578.25,7578.5,904
2026-05-28T17:10:00.000Z,ES,7578.5,7579.25,7578.25,7579.25,850
2026-05-28T17:11:00.000Z,ES,7579.25,7579.25,7577.75,7578.25,1139
2026-05-28T17:12:00.000Z,ES,7578.0,7579.0,7577.75,7577.75,1343
2026-05-28T17:13:00.000Z,ES,7578.0,7578.25,7577.75,7578.0,964
2026-05-28T17:14:00.000Z,ES,7577.75,7577.75,7576.5,7576.75,1408
2026-05-28T17:15:00.000Z,ES,7577.0,7577.75,7576.0,7576.25,1966
2026-05-28T17:16:00.000Z,ES,7576.25,7577.0,7575.5,7575.5,1550
2026-05-28T17:17:00.000Z,ES,7575.75,7576.5,7575.5,7576.25,1047
2026-05-28T17:18:00.000Z,ES,7576.25,7577.0,7575.75,7576.0,1177
2026-05-28T17:19:00.000Z,ES,7576.0,7576.25,7574.75,7575.5,1660
2026-05-28T17:20:00.000Z,ES,7575.5,7577.75,7575.25,7577.5,1530
2026-05-28T17:21:00.000Z,ES,7577.5,7577.75,7576.25,7577.0,968
2026-05-28T17:22:00.000Z,ES,7577.0,7577.5,7576.5,7576.75,1097
2026-05-28T17:23:00.000Z,ES,7576.75,7578.5,7576.0,7578.25,1964
2026-05-28T17:24:00.000Z,ES,7578.5,7579.25,7578.5,7578.75,1202
2026-05-28T17:25:00.000Z,ES,7578.5,7579.25,7577.25,7577.25,1366
2026-05-28T17:26:00.000Z,ES,7577.25,7578.0,7577.0,7578.0,726
2026-05-28T17:27:00.000Z,ES,7578.0,7578.0,7576.75,7577.75,984
2026-05-28T17:28:00.000Z,ES,7578.0,7578.0,7576.75,7577.25,637
2026-05-28T17:29:00.000Z,ES,7577.25,7577.25,7576.0,7576.5,1286
2026-05-28T17:30:00.000Z,ES,7576.75,7578.5,7576.75,7577.75,2679
2026-05-28T17:31:00.000Z,ES,7577.75,7578.5,7577.5,7578.5,727
2026-05-28T17:32:00.000Z,ES,7578.25,7578.5,7577.0,7577.25,867
2026-05-28T17:33:00.000Z,ES,7577.0,7578.0,7577.0,7577.5,663
2026-05-28T17:34:00.000Z,ES,7577.5,7577.5,7575.5,7576.25,1918
2026-05-28T17:35:00.000Z,ES,7576.0,7576.75,7575.75,7576.25,850
2026-05-28T17:36:00.000Z,ES,7576.5,7576.5,7575.0,7576.0,1191
2026-05-28T17:37:00.000Z,ES,7576.25,7578.0,7576.0,7577.75,769
2026-05-28T17:38:00.000Z,ES,7577.5,7578.25,7577.25,7578.25,794
2026-05-28T17:39:00.000Z,ES,7578.25,7578.5,7577.75,7578.5,612
2026-05-28T17:40:00.000Z,ES,7578.5,7578.75,7577.5,7578.75,717
2026-05-28T17:41:00.000Z,ES,7578.75,7579.75,7578.5,7579.25,1254
2026-05-28T17:42:00.000Z,ES,7579.25,7579.5,7578.75,7579.25,628
2026-05-28T17:43:00.000Z,ES,7579.25,7579.5,7579.0,7579.25,524
2026-05-28T17:44:00.000Z,ES,7579.25,7579.5,7578.5,7579.0,621
2026-05-28T17:45:00.000Z,ES,7579.0,7579.5,7578.5,7579.5,928
2026-05-28T17:46:00.000Z,ES,7579.5,7580.25,7578.5,7579.75,1374
2026-05-28T17:47:00.000Z,ES,7579.75,7581.25,7579.5,7580.75,2177
2026-05-28T17:48:00.000Z,ES,7580.75,7581.5,7580.5,7581.25,808
2026-05-28T17:49:00.000Z,ES,7581.25,7582.5,7580.75,7582.0,2546
2026-05-28T17:50:00.000Z,ES,7582.0,7583.75,7582.0,7582.75,2309
2026-05-28T17:51:00.000Z,ES,7583.0,7583.0,7582.0,7582.5,1471
2026-05-28T17:52:00.000Z,ES,7582.5,7583.25,7581.25,7581.5,1995
2026-05-28T17:53:00.000Z,ES,7581.5,7582.5,7581.5,7581.5,905
2026-05-28T17:54:00.000Z,ES,7581.75,7582.75,7581.5,7582.5,1183
2026-05-28T17:55:00.000Z,ES,7582.5,7582.5,7581.0,7581.0,1151
2026-05-28T17:56:00.000Z,ES,7581.25,7581.75,7580.75,7581.25,1313
2026-05-28T17:57:00.000Z,ES,7581.0,7581.5,7580.5,7580.5,1044
2026-05-28T17:58:00.000Z,ES,7580.75,7581.25,7580.25,7581.0,1142
2026-05-28T17:59:00.000Z,ES,7581.0,7582.0,7580.5,7581.0,1445
2026-05-28T18:00:00.000Z,ES,7581.0,7581.75,7580.0,7580.25,1508
2026-05-28T18:01:00.000Z,ES,7580.5,7580.75,7580.0,7580.5,1133
2026-05-28T18:02:00.000Z,ES,7580.75,7582.0,7580.0,7582.0,1095
2026-05-28T18:03:00.000Z,ES,7582.0,7582.5,7581.0,7582.25,1306
2026-05-28T18:04:00.000Z,ES,7582.25,7583.0,7582.25,7582.75,649
2026-05-28T18:05:00.000Z,ES,7582.75,7583.0,7581.75,7582.5,1710
2026-05-28T18:06:00.000Z,ES,7582.5,7582.75,7582.0,7582.5,1210
2026-05-28T18:07:00.000Z,ES,7582.25,7583.0,7582.0,7582.5,815
2026-05-28T18:08:00.000Z,ES,7582.5,7582.75,7581.25,7581.75,866
2026-05-28T18:09:00.000Z,ES,7581.75,7582.25,7581.0,7581.0,1294
2026-05-28T18:10:00.000Z,ES,7581.0,7581.25,7580.0,7580.25,2371
2026-05-28T18:11:00.000Z,ES,7580.25,7580.75,7579.25,7579.5,2467
2026-05-28T18:12:00.000Z,ES,7579.25,7580.25,7578.75,7578.75,1479
2026-05-28T18:13:00.000Z,ES,7578.75,7579.75,7578.75,7578.75,1197
2026-05-28T18:14:00.000Z,ES,7578.75,7580.0,7578.75,7579.25,948
2026-05-28T18:15:00.000Z,ES,7579.25,7580.0,7578.0,7579.5,2645
2026-05-28T18:16:00.000Z,ES,7579.5,7582.25,7579.0,7581.75,2946
2026-05-28T18:17:00.000Z,ES,7581.75,7582.25,7579.25,7579.75,4621
2026-05-28T18:18:00.000Z,ES,7579.75,7581.25,7578.75,7580.0,2565
2026-05-28T18:19:00.000Z,ES,7580.0,7581.5,7579.75,7580.25,1425
2026-05-28T18:20:00.000Z,ES,7580.25,7581.0,7579.25,7579.5,1450
2026-05-28T18:21:00.000Z,ES,7579.75,7580.5,7579.25,7580.25,970
2026-05-28T18:22:00.000Z,ES,7580.25,7581.25,7580.25,7581.0,1122
2026-05-28T18:23:00.000Z,ES,7581.25,7581.5,7580.5,7581.25,920
2026-05-28T18:24:00.000Z,ES,7581.5,7582.25,7581.25,7582.0,1160
2026-05-28T18:25:00.000Z,ES,7582.25,7582.25,7581.5,7581.5,1317
2026-05-28T18:26:00.000Z,ES,7581.75,7582.0,7581.25,7581.25,933
2026-05-28T18:27:00.000Z,ES,7581.25,7582.5,7581.25,7581.25,1643
2026-05-28T18:28:00.000Z,ES,7581.5,7582.0,7581.25,7581.5,1049
2026-05-28T18:29:00.000Z,ES,7581.75,7582.25,7581.5,7581.75,936
2026-05-28T18:30:00.000Z,ES,7581.75,7582.0,7580.25,7580.25,1570
2026-05-28T18:31:00.000Z,ES,7580.25,7581.5,7580.0,7580.75,1277
2026-05-28T18:32:00.000Z,ES,7581.0,7581.25,7579.75,7580.0,1111
2026-05-28T18:33:00.000Z,ES,7580.25,7580.5,7579.25,7579.5,966
2026-05-28T18:34:00.000Z,ES,7579.5,7579.75,7578.75,7579.0,1226
2026-05-28T18:35:00.000Z,ES,7579.0,7579.25,7577.75,7578.5,1668
2026-05-28T18:36:00.000Z,ES,7578.5,7578.75,7577.5,7577.75,1047
2026-05-28T18:37:00.000Z,ES,7577.75,7578.0,7577.0,7577.75,1294
2026-05-28T18:38:00.000Z,ES,7578.0,7579.0,7577.75,7578.0,1291
2026-05-28T18:39:00.000Z,ES,7578.25,7578.5,7577.5,7577.5,1342
2026-05-28T18:40:00.000Z,ES,7577.5,7577.75,7577.0,7577.0,1147
2026-05-28T18:41:00.000Z,ES,7577.0,7579.25,7576.75,7579.25,1382
2026-05-28T18:42:00.000Z,ES,7579.25,7579.25,7577.75,7578.5,1257
2026-05-28T18:43:00.000Z,ES,7578.75,7578.75,7577.25,7577.5,874
2026-05-28T18:44:00.000Z,ES,7577.25,7578.0,7576.75,7577.75,1376
2026-05-28T18:45:00.000Z,ES,7577.75,7578.25,7577.0,7577.25,1030
2026-05-28T18:46:00.000Z,ES,7577.0,7577.75,7577.0,7577.5,983
2026-05-28T18:47:00.000Z,ES,7577.25,7578.0,7577.25,7577.25,650
2026-05-28T18:48:00.000Z,ES,7577.0,7577.25,7576.5,7576.75,1327
2026-05-28T18:49:00.000Z,ES,7576.75,7577.0,7576.0,7576.75,1415
2026-05-28T18:50:00.000Z,ES,7577.0,7577.25,7576.0,7576.75,1086
2026-05-28T18:51:00.000Z,ES,7577.0,7578.5,7576.75,7578.25,1086
2026-05-28T18:52:00.000Z,ES,7578.25,7579.5,7578.25,7578.75,1560
2026-05-28T18:53:00.000Z,ES,7579.0,7579.25,7578.25,7578.75,914
2026-05-28T18:54:00.000Z,ES,7579.0,7579.25,7578.75,7579.25,701
2026-05-28T18:55:00.000Z,ES,7579.0,7580.25,7578.75,7579.75,937
2026-05-28T18:56:00.000Z,ES,7580.0,7580.0,7578.75,7579.25,835
2026-05-28T18:57:00.000Z,ES,7579.25,7579.75,7578.75,7578.75,779
2026-05-28T18:58:00.000Z,ES,7578.75,7579.0,7577.5,7578.25,914
2026-05-28T18:59:00.000Z,ES,7578.25,7578.25,7576.5,7576.75,1303
2026-05-28T19:00:00.000Z,ES,7576.5,7577.0,7575.25,7575.75,1663
2026-05-28T19:01:00.000Z,ES,7575.75,7577.0,7575.25,7576.75,1542
2026-05-28T19:02:00.000Z,ES,7576.75,7578.0,7576.5,7577.5,1240
2026-05-28T19:03:00.000Z,ES,7577.75,7577.75,7577.25,7577.5,811
2026-05-28T19:04:00.000Z,ES,7577.5,7578.25,7577.25,7578.0,1304
2026-05-28T19:05:00.000Z,ES,7578.0,7579.25,7577.75,7579.0,1123
2026-05-28T19:06:00.000Z,ES,7579.25,7579.25,7578.5,7579.25,1394
2026-05-28T19:07:00.000Z,ES,7579.0,7579.0,7578.5,7578.75,1036
2026-05-28T19:08:00.000Z,ES,7578.75,7579.0,7578.0,7578.25,923
2026-05-28T19:09:00.000Z,ES,7578.25,7578.5,7578.0,7578.0,661
2026-05-28T19:10:00.000Z,ES,7578.25,7578.75,7578.0,7578.25,867
2026-05-28T19:11:00.000Z,ES,7578.25,7579.25,7578.0,7579.0,727
2026-05-28T19:12:00.000Z,ES,7579.25,7579.5,7577.0,7577.25,1903
2026-05-28T19:13:00.000Z,ES,7577.0,7577.25,7576.25,7576.75,1498
2026-05-28T19:14:00.000Z,ES,7577.0,7577.25,7576.5,7576.75,741
2026-05-28T19:15:00.000Z,ES,7576.75,7578.0,7576.25,7577.75,1284
2026-05-28T19:16:00.000Z,ES,7578.0,7578.75,7577.0,7577.25,1548
2026-05-28T19:17:00.000Z,ES,7577.25,7577.5,7576.75,7577.0,1542
2026-05-28T19:18:00.000Z,ES,7577.25,7577.75,7576.75,7577.0,1179
2026-05-28T19:19:00.000Z,ES,7577.25,7577.5,7576.0,7577.25,1634
2026-05-28T19:20:00.000Z,ES,7577.5,7577.5,7576.75,7577.0,1241
2026-05-28T19:21:00.000Z,ES,7577.0,7577.75,7576.75,7577.5,1318
2026-05-28T19:22:00.000Z,ES,7577.5,7577.5,7576.75,7577.0,778
2026-05-28T19:23:00.000Z,ES,7577.0,7579.0,7577.0,7579.0,1933
2026-05-28T19:24:00.000Z,ES,7579.0,7580.0,7578.5,7579.75,1731
2026-05-28T19:25:00.000Z,ES,7579.75,7581.5,7579.75,7581.0,2118
2026-05-28T19:26:00.000Z,ES,7581.0,7581.25,7579.75,7580.25,1523
2026-05-28T19:27:00.000Z,ES,7580.25,7581.5,7580.25,7581.0,1207
2026-05-28T19:28:00.000Z,ES,7581.0,7582.0,7580.5,7581.5,1365
2026-05-28T19:29:00.000Z,ES,7581.75,7582.25,7581.0,7582.25,1634
2026-05-28T19:30:00.000Z,ES,7582.0,7583.75,7581.5,7582.5,3611
2026-05-28T19:31:00.000Z,ES,7582.75,7583.5,7582.0,7583.25,2103
2026-05-28T19:32:00.000Z,ES,7583.25,7585.25,7582.25,7584.5,3192
2026-05-28T19:33:00.000Z,ES,7584.5,7585.0,7583.0,7583.0,2188
2026-05-28T19:34:00.000Z,ES,7583.25,7584.75,7582.75,7584.0,1425
2026-05-28T19:35:00.000Z,ES,7584.0,7584.25,7583.0,7584.0,1525
2026-05-28T19:36:00.000Z,ES,7584.0,7585.0,7584.0,7584.5,1452
2026-05-28T19:37:00.000Z,ES,7584.5,7585.5,7584.25,7585.5,2330
2026-05-28T19:38:00.000Z,ES,7585.5,7586.0,7585.0,7585.25,1907
2026-05-28T19:39:00.000Z,ES,7585.5,7586.5,7585.5,7586.25,2322
2026-05-28T19:40:00.000Z,ES,7586.25,7586.5,7584.25,7584.25,3037
2026-05-28T19:41:00.000Z,ES,7584.25,7584.25,7583.25,7584.0,2477
2026-05-28T19:42:00.000Z,ES,7584.0,7584.25,7582.75,7583.0,1854
2026-05-28T19:43:00.000Z,ES,7583.0,7583.25,7582.25,7582.5,1801
2026-05-28T19:44:00.000Z,ES,7582.75,7583.0,7582.25,7582.25,975
2026-05-28T19:45:00.000Z,ES,7582.25,7584.0,7581.75,7583.5,3019
2026-05-28T19:46:00.000Z,ES,7583.5,7584.75,7583.5,7584.5,2546
2026-05-28T19:47:00.000Z,ES,7584.5,7584.5,7583.0,7583.5,1615
2026-05-28T19:48:00.000Z,ES,7583.5,7584.25,7583.25,7584.0,1347
2026-05-28T19:49:00.000Z,ES,7584.0,7584.5,7582.0,7582.25,1870
2026-05-28T19:50:00.000Z,ES,7582.25,7583.5,7579.75,7583.25,5456
2026-05-28T19:51:00.000Z,ES,7583.25,7583.75,7582.0,7582.5,3537
2026-05-28T19:52:00.000Z,ES,7582.5,7583.5,7581.5,7581.75,4010
2026-05-28T19:53:00.000Z,ES,7581.75,7584.0,7581.75,7582.75,4205
2026-05-28T19:54:00.000Z,ES,7582.75,7583.5,7581.5,7582.75,5668
2026-05-28T19:55:00.000Z,ES,7582.75,7583.0,7581.0,7581.75,4454
2026-05-28T19:56:00.000Z,ES,7582.0,7582.0,7580.75,7581.0,3386
2026-05-28T19:57:00.000Z,ES,7581.25,7583.25,7580.75,7583.0,4183
2026-05-28T19:58:00.000Z,ES,7582.75,7583.75,7582.5,7583.25,6348
2026-05-28T19:59:00.000Z,ES,7583.25,7584.25,7580.5,7581.75,47689
2026-05-28T20:00:00.000Z,ES,7582.0,7582.5,7580.0,7581.75,10924
2026-05-28T20:01:00.000Z,ES,7581.5,7585.0,7581.25,7584.0,2304
2026-05-28T20:02:00.000Z,ES,7584.25,7585.0,7583.75,7584.25,1388
2026-05-28T20:03:00.000Z,ES,7584.0,7585.75,7584.0,7584.5,1016
2026-05-28T20:04:00.000Z,ES,7584.75,7585.5,7584.5,7585.25,552
2026-05-28T20:05:00.000Z,ES,7585.0,7587.25,7585.0,7586.5,1882
2026-05-28T20:06:00.000Z,ES,7586.5,7587.5,7586.0,7587.0,974
2026-05-28T20:07:00.000Z,ES,7587.25,7588.75,7587.0,7588.0,1036
2026-05-28T20:08:00.000Z,ES,7588.0,7588.5,7588.0,7588.0,629
2026-05-28T20:09:00.000Z,ES,7588.25,7588.25,7587.5,7587.5,785
2026-05-28T20:10:00.000Z,ES,7587.75,7588.75,7587.5,7588.75,617
2026-05-28T20:11:00.000Z,ES,7588.75,7589.25,7588.5,7588.75,1186
2026-05-28T20:12:00.000Z,ES,7588.75,7589.5,7588.5,7589.0,900
2026-05-28T20:13:00.000Z,ES,7589.25,7590.0,7589.0,7590.0,795
2026-05-28T20:14:00.000Z,ES,7589.75,7590.0,7589.0,7589.5,791
2026-05-28T20:15:00.000Z,ES,7589.5,7589.5,7588.5,7588.75,943
2026-05-28T20:16:00.000Z,ES,7589.0,7590.5,7588.0,7588.0,1228
2026-05-28T20:17:00.000Z,ES,7588.0,7588.75,7588.0,7588.5,821
2026-05-28T20:18:00.000Z,ES,7588.25,7589.5,7587.5,7589.25,907
2026-05-28T20:19:00.000Z,ES,7589.0,7589.5,7588.5,7589.0,576
2026-05-28T20:20:00.000Z,ES,7589.25,7589.5,7588.75,7589.0,288
2026-05-28T20:21:00.000Z,ES,7589.0,7589.0,7588.0,7588.0,347
2026-05-28T20:22:00.000Z,ES,7588.25,7588.5,7587.75,7588.25,256
2026-05-28T20:23:00.000Z,ES,7588.25,7588.25,7587.5,7587.5,367
2026-05-28T20:24:00.000Z,ES,7587.5,7588.0,7587.25,7587.75,433
2026-05-28T20:25:00.000Z,ES,7587.75,7588.0,7587.5,7587.75,192
2026-05-28T20:26:00.000Z,ES,7587.75,7588.0,7587.5,7587.75,192
2026-05-28T20:27:00.000Z,ES,7587.75,7589.5,7587.75,7589.25,289
2026-05-28T20:28:00.000Z,ES,7589.25,7589.75,7588.5,7589.0,897
2026-05-28T20:29:00.000Z,ES,7589.0,7590.0,7589.0,7589.75,512
2026-05-28T20:30:00.000Z,ES,7589.75,7590.25,7589.75,7589.75,610
2026-05-28T20:31:00.000Z,ES,7589.75,7590.75,7589.75,7590.0,341
2026-05-28T20:32:00.000Z,ES,7590.25,7590.25,7589.5,7589.75,122
2026-05-28T20:33:00.000Z,ES,7589.5,7589.75,7588.0,7588.25,431
2026-05-28T20:34:00.000Z,ES,7588.25,7589.25,7588.25,7589.0,285
2026-05-28T20:35:00.000Z,ES,7588.75,7589.25,7588.75,7589.0,138
2026-05-28T20:36:00.000Z,ES,7589.0,7589.25,7588.75,7589.25,160
2026-05-28T20:37:00.000Z,ES,7589.25,7589.25,7588.5,7588.75,529
2026-05-28T20:38:00.000Z,ES,7588.75,7588.75,7587.5,7587.75,273
2026-05-28T20:39:00.000Z,ES,7587.75,7588.5,7587.75,7588.0,271
2026-05-28T20:40:00.000Z,ES,7587.75,7588.0,7587.5,7587.75,191
2026-05-28T20:41:00.000Z,ES,7587.75,7587.75,7587.5,7587.75,113
2026-05-28T20:42:00.000Z,ES,7587.75,7588.0,7587.5,7587.5,86
2026-05-28T20:43:00.000Z,ES,7587.5,7587.75,7587.5,7587.5,153
2026-05-28T20:44:00.000Z,ES,7587.75,7588.0,7587.5,7588.0,213
2026-05-28T20:45:00.000Z,ES,7588.0,7588.0,7587.5,7588.0,297
2026-05-28T20:46:00.000Z,ES,7588.0,7588.25,7587.75,7588.0,176
2026-05-28T20:47:00.000Z,ES,7587.75,7588.25,7587.5,7587.5,211
2026-05-28T20:48:00.000Z,ES,7587.5,7589.5,7587.5,7588.0,506
2026-05-28T20:49:00.000Z,ES,7588.0,7589.0,7587.5,7587.75,488
2026-05-28T20:50:00.000Z,ES,7587.75,7588.25,7587.5,7587.75,231
2026-05-28T20:51:00.000Z,ES,7587.75,7588.5,7587.75,7588.5,171
2026-05-28T20:52:00.000Z,ES,7588.5,7588.5,7587.75,7587.75,455
2026-05-28T20:53:00.000Z,ES,7587.75,7588.75,7587.75,7588.5,325
2026-05-28T20:54:00.000Z,ES,7588.5,7588.5,7587.75,7587.75,220
2026-05-28T20:55:00.000Z,ES,7587.75,7588.25,7587.75,7588.0,295
2026-05-28T20:56:00.000Z,ES,7588.0,7588.25,7588.0,7588.25,304
2026-05-28T20:57:00.000Z,ES,7588.25,7588.5,7588.0,7588.5,333
2026-05-28T20:58:00.000Z,ES,7588.25,7588.75,7588.0,7588.25,668
2026-05-28T20:59:00.000Z,ES,7588.5,7588.75,7587.75,7587.75,473
2026-05-28T22:00:00.000Z,ES,7587.5,7591.75,7587.5,7591.0,0
2026-05-28T22:01:00.000Z,ES,7591.0,7591.0,7588.5,7589.25,324
2026-05-28T22:02:00.000Z,ES,7589.0,7590.75,7589.0,7590.0,153
2026-05-28T22:03:00.000Z,ES,7590.5,7592.25,7590.5,7591.0,266
2026-05-28T22:04:00.000Z,ES,7591.0,7591.75,7591.0,7591.5,84
2026-05-28T22:05:00.000Z,ES,7591.5,7592.5,7591.25,7591.25,181
2026-05-28T22:06:00.000Z,ES,7591.0,7591.75,7590.25,7590.75,185
2026-05-28T22:07:00.000Z,ES,7590.75,7591.25,7589.75,7590.0,192
2026-05-28T22:08:00.000Z,ES,7590.0,7590.25,7588.5,7589.0,251
2026-05-28T22:09:00.000Z,ES,7589.0,7589.25,7588.75,7589.25,165
2026-05-28T22:10:00.000Z,ES,7589.0,7589.5,7586.75,7587.5,500
2026-05-28T22:11:00.000Z,ES,7587.5,7587.75,7585.75,7586.25,361
2026-05-28T22:12:00.000Z,ES,7586.25,7588.5,7586.25,7588.25,192
2026-05-28T22:13:00.000Z,ES,7588.0,7588.0,7587.5,7587.75,55
2026-05-28T22:14:00.000Z,ES,7587.75,7588.5,7587.5,7588.0,108
2026-05-28T22:15:00.000Z,ES,7588.0,7588.0,7586.25,7587.25,155
2026-05-28T22:16:00.000Z,ES,7587.25,7587.25,7586.5,7587.0,82
2026-05-28T22:17:00.000Z,ES,7587.0,7587.75,7586.5,7587.0,69
2026-05-28T22:18:00.000Z,ES,7587.0,7587.5,7586.75,7587.5,52
2026-05-28T22:19:00.000Z,ES,7587.5,7587.5,7587.25,7587.25,20
2026-05-28T22:20:00.000Z,ES,7587.25,7587.75,7587.25,7587.75,36
2026-05-28T22:21:00.000Z,ES,7587.75,7588.5,7587.75,7587.75,97
2026-05-28T22:22:00.000Z,ES,7587.5,7587.75,7586.5,7586.75,121
2026-05-28T22:23:00.000Z,ES,7586.75,7587.25,7586.0,7586.5,125
2026-05-28T22:24:00.000Z,ES,7586.5,7586.75,7585.5,7586.0,100
2026-05-28T22:25:00.000Z,ES,7585.75,7586.75,7585.5,7586.75,122
2026-05-28T22:26:00.000Z,ES,7586.75,7586.75,7586.25,7586.5,54
2026-05-28T22:27:00.000Z,ES,7586.5,7586.75,7585.5,7585.5,150
2026-05-28T22:28:00.000Z,ES,7585.5,7585.75,7585.0,7585.25,177
2026-05-28T22:29:00.000Z,ES,7585.5,7586.75,7585.5,7586.5,93
2026-05-28T22:30:00.000Z,ES,7586.5,7587.0,7586.25,7586.75,134
2026-05-28T22:31:00.000Z,ES,7586.5,7586.5,7585.0,7585.25,225
2026-05-28T22:32:00.000Z,ES,7585.25,7585.75,7585.25,7585.5,62
2026-05-28T22:33:00.000Z,ES,7585.75,7586.0,7585.0,7586.0,160
2026-05-28T22:34:00.000Z,ES,7586.0,7586.0,7585.25,7585.5,51
2026-05-28T22:35:00.000Z,ES,7585.5,7586.25,7585.25,7586.25,118
2026-05-28T22:36:00.000Z,ES,7586.25,7586.5,7586.0,7586.25,57
2026-05-28T22:37:00.000Z,ES,7586.5,7586.5,7586.0,7586.5,61
2026-05-28T22:38:00.000Z,ES,7586.5,7587.25,7586.25,7587.25,70
2026-05-28T22:39:00.000Z,ES,7587.25,7587.5,7587.0,7587.0,66
2026-05-28T22:40:00.000Z,ES,7586.75,7587.5,7586.75,7587.25,92
2026-05-28T22:41:00.000Z,ES,7587.25,7588.5,7587.0,7588.0,292
2026-05-28T22:42:00.000Z,ES,7588.0,7588.0,7587.5,7587.5,95
2026-05-28T22:43:00.000Z,ES,7587.5,7587.5,7587.0,7587.0,32
2026-05-28T22:44:00.000Z,ES,7587.25,7587.25,7587.0,7587.25,33
2026-05-28T22:45:00.000Z,ES,7587.25,7588.0,7587.25,7588.0,60
2026-05-28T22:46:00.000Z,ES,7587.75,7587.75,7587.0,7587.25,69
2026-05-28T22:47:00.000Z,ES,7587.0,7587.25,7586.75,7587.25,35
2026-05-28T22:48:00.000Z,ES,7587.25,7587.25,7587.0,7587.0,29
2026-05-28T22:49:00.000Z,ES,7586.75,7587.0,7586.75,7586.75,49
2026-05-28T22:50:00.000Z,ES,7586.75,7587.0,7586.0,7586.5,92
2026-05-28T22:51:00.000Z,ES,7586.5,7586.5,7586.0,7586.5,39
2026-05-28T22:52:00.000Z,ES,7586.5,7586.75,7586.0,7586.5,39
2026-05-28T22:53:00.000Z,ES,7586.5,7586.75,7586.5,7586.75,22
2026-05-28T22:54:00.000Z,ES,7586.5,7587.25,7586.5,7587.0,52
2026-05-28T22:55:00.000Z,ES,7587.0,7587.0,7586.5,7586.75,22
2026-05-28T22:56:00.000Z,ES,7586.5,7586.75,7585.75,7586.25,55
2026-05-28T22:57:00.000Z,ES,7586.5,7586.5,7585.5,7585.75,90
2026-05-28T22:58:00.000Z,ES,7585.75,7586.0,7585.75,7585.75,28
2026-05-28T22:59:00.000Z,ES,7585.5,7585.75,7585.25,7585.5,45
2026-05-28T23:00:00.000Z,ES,7585.5,7587.75,7585.5,7587.25,223
2026-05-28T23:01:00.000Z,ES,7587.0,7587.75,7587.0,7587.0,84
2026-05-28T23:02:00.000Z,ES,7587.5,7587.5,7587.0,7587.25,37
2026-05-28T23:03:00.000Z,ES,7587.5,7588.75,7587.5,7588.25,118
2026-05-28T23:04:00.000Z,ES,7588.25,7588.75,7588.25,7588.5,63
2026-05-28T23:05:00.000Z,ES,7588.25,7588.25,7587.25,7587.5,148
2026-05-28T23:06:00.000Z,ES,7587.25,7587.75,7587.25,7587.75,23
2026-05-28T23:07:00.000Z,ES,7587.75,7587.75,7587.25,7587.25,22
2026-05-28T23:08:00.000Z,ES,7587.25,7587.5,7587.0,7587.0,29
2026-05-28T23:09:00.000Z,ES,7587.0,7587.75,7587.0,7587.25,32
2026-05-28T23:10:00.000Z,ES,7587.25,7587.25,7586.75,7587.0,81
2026-05-28T23:11:00.000Z,ES,7587.0,7587.25,7587.0,7587.25,23
2026-05-28T23:12:00.000Z,ES,7587.25,7587.75,7587.25,7587.5,45
2026-05-28T23:13:00.000Z,ES,7587.5,7587.5,7587.5,7587.5,17
2026-05-28T23:14:00.000Z,ES,7587.5,7588.5,7587.5,7588.0,52
2026-05-28T23:15:00.000Z,ES,7588.0,7588.25,7587.75,7588.0,22
2026-05-28T23:16:00.000Z,ES,7588.25,7589.25,7588.25,7589.0,149
2026-05-28T23:17:00.000Z,ES,7589.25,7589.75,7589.0,7589.25,78
2026-05-28T23:18:00.000Z,ES,7589.0,7589.75,7589.0,7589.75,57
2026-05-28T23:19:00.000Z,ES,7589.75,7590.0,7589.75,7590.0,100
2026-05-28T23:20:00.000Z,ES,7590.0,7590.0,7589.5,7589.5,44
2026-05-28T23:21:00.000Z,ES,7589.5,7589.5,7589.25,7589.5,41
2026-05-28T23:22:00.000Z,ES,7589.5,7589.75,7589.25,7589.5,43
2026-05-28T23:23:00.000Z,ES,7589.75,7589.75,7589.75,7589.75,32
2026-05-28T23:24:00.000Z,ES,7589.75,7589.75,7589.0,7589.0,90
2026-05-28T23:25:00.000Z,ES,7588.75,7588.75,7588.5,7588.75,68
2026-05-28T23:26:00.000Z,ES,7589.0,7589.5,7588.75,7589.0,47
2026-05-28T23:27:00.000Z,ES,7589.0,7589.0,7588.5,7588.5,20
2026-05-28T23:28:00.000Z,ES,7588.5,7588.75,7588.5,7588.5,27
2026-05-28T23:29:00.000Z,ES,7588.5,7589.25,7588.0,7589.0,115
2026-05-28T23:30:00.000Z,ES,7588.75,7588.75,7587.0,7587.75,178
2026-05-28T23:31:00.000Z,ES,7587.5,7588.25,7587.25,7587.5,58
2026-05-28T23:32:00.000Z,ES,7587.5,7587.75,7587.5,7587.75,15
2026-05-28T23:33:00.000Z,ES,7587.75,7588.0,7587.5,7587.5,20
2026-05-28T23:34:00.000Z,ES,7587.75,7587.75,7586.75,7587.0,29
2026-05-28T23:35:00.000Z,ES,7587.0,7587.75,7586.75,7587.75,49
2026-05-28T23:36:00.000Z,ES,7587.75,7587.75,7587.5,7587.75,13
2026-05-28T23:37:00.000Z,ES,7587.75,7587.75,7587.5,7587.5,28
2026-05-28T23:38:00.000Z,ES,7587.75,7587.75,7587.0,7587.25,23
2026-05-28T23:39:00.000Z,ES,7587.25,7587.5,7587.25,7587.25,27
2026-05-28T23:40:00.000Z,ES,7587.0,7587.25,7587.0,7587.25,15
2026-05-28T23:41:00.000Z,ES,7587.25,7587.5,7587.25,7587.5,27
2026-05-28T23:42:00.000Z,ES,7587.75,7587.75,7587.5,7587.75,66
2026-05-28T23:43:00.000Z,ES,7587.75,7588.0,7586.75,7587.0,97
2026-05-28T23:44:00.000Z,ES,7587.0,7587.0,7586.75,7587.0,18
2026-05-28T23:45:00.000Z,ES,7587.0,7587.0,7586.0,7586.25,76
2026-05-28T23:46:00.000Z,ES,7586.25,7586.5,7585.0,7586.0,252
2026-05-28T23:47:00.000Z,ES,7586.0,7586.25,7585.5,7586.0,60
2026-05-28T23:48:00.000Z,ES,7585.75,7586.0,7584.0,7586.0,371
2026-05-28T23:49:00.000Z,ES,7585.75,7585.75,7585.25,7585.5,55
2026-05-28T23:50:00.000Z,ES,7585.5,7586.0,7585.0,7585.25,55
2026-05-28T23:51:00.000Z,ES,7585.25,7585.75,7584.75,7585.25,56
2026-05-28T23:52:00.000Z,ES,7585.25,7585.5,7585.0,7585.25,50
2026-05-28T23:53:00.000Z,ES,7585.5,7585.75,7585.25,7585.5,14
2026-05-28T23:54:00.000Z,ES,7585.5,7585.5,7585.0,7585.25,38
2026-05-28T23:55:00.000Z,ES,7585.0,7585.25,7584.5,7584.5,42
2026-05-28T23:56:00.000Z,ES,7584.75,7585.25,7584.75,7584.75,43
2026-05-28T23:57:00.000Z,ES,7584.75,7585.75,7584.75,7585.5,31
2026-05-28T23:58:00.000Z,ES,7585.5,7585.75,7585.5,7585.75,33
2026-05-28T23:59:00.000Z,ES,7585.75,7586.25,7585.25,7585.25,84
2026-05-29T00:00:00.000Z,ES,7585.0,7585.25,7583.5,7583.75,269
2026-05-29T00:01:00.000Z,ES,7583.75,7585.0,7583.25,7583.75,232
2026-05-29T00:02:00.000Z,ES,7583.5,7584.25,7583.5,7584.25,169
2026-05-29T00:03:00.000Z,ES,7584.25,7584.75,7582.25,7582.5,371
2026-05-29T00:04:00.000Z,ES,7582.75,7583.5,7582.25,7583.0,276
2026-05-29T00:05:00.000Z,ES,7582.75,7583.75,7582.5,7583.25,202
2026-05-29T00:06:00.000Z,ES,7583.25,7583.25,7582.0,7583.0,187
2026-05-29T00:07:00.000Z,ES,7583.0,7583.75,7582.0,7583.75,122
2026-05-29T00:08:00.000Z,ES,7583.75,7583.75,7583.0,7583.0,79
2026-05-29T00:09:00.000Z,ES,7583.0,7583.5,7582.5,7583.0,61
2026-05-29T00:10:00.000Z,ES,7583.0,7584.75,7582.5,7584.25,148
2026-05-29T00:11:00.000Z,ES,7584.25,7584.25,7583.25,7583.5,71
2026-05-29T00:12:00.000Z,ES,7583.75,7584.25,7583.25,7583.25,92
2026-05-29T00:13:00.000Z,ES,7583.5,7583.5,7582.75,7583.0,256
2026-05-29T00:14:00.000Z,ES,7583.0,7583.75,7583.0,7583.5,101
2026-05-29T00:15:00.000Z,ES,7583.5,7583.5,7582.5,7583.25,314
2026-05-29T00:16:00.000Z,ES,7583.75,7584.75,7583.75,7584.75,177
2026-05-29T00:17:00.000Z,ES,7584.75,7584.75,7584.0,7584.0,112
2026-05-29T00:18:00.000Z,ES,7584.0,7584.75,7583.75,7584.75,103
2026-05-29T00:19:00.000Z,ES,7584.75,7584.75,7584.25,7584.75,91
2026-05-29T00:20:00.000Z,ES,7584.5,7585.75,7584.5,7585.25,126
2026-05-29T00:21:00.000Z,ES,7585.25,7585.25,7583.75,7583.75,158
2026-05-29T00:22:00.000Z,ES,7583.75,7584.0,7582.75,7583.25,192
2026-05-29T00:23:00.000Z,ES,7583.5,7583.75,7583.25,7583.5,114
2026-05-29T00:24:00.000Z,ES,7583.5,7583.75,7583.25,7583.5,69
2026-05-29T00:25:00.000Z,ES,7583.5,7584.5,7583.0,7584.5,197
2026-05-29T00:26:00.000Z,ES,7584.5,7586.0,7584.0,7584.75,327
2026-05-29T00:27:00.000Z,ES,7584.75,7585.25,7584.5,7584.5,133
2026-05-29T00:28:00.000Z,ES,7584.5,7584.75,7583.25,7583.75,131
2026-05-29T00:29:00.000Z,ES,7584.0,7584.0,7583.0,7583.0,136
2026-05-29T00:30:00.000Z,ES,7583.0,7583.0,7581.75,7582.25,177
2026-05-29T00:31:00.000Z,ES,7582.0,7582.25,7580.0,7580.5,361
2026-05-29T00:32:00.000Z,ES,7580.5,7581.0,7579.75,7580.5,365
2026-05-29T00:33:00.000Z,ES,7580.5,7580.75,7580.0,7580.5,112
2026-05-29T00:34:00.000Z,ES,7580.5,7580.5,7578.5,7579.0,272
2026-05-29T00:35:00.000Z,ES,7579.0,7579.5,7578.75,7579.25,119
2026-05-29T00:36:00.000Z,ES,7579.25,7579.75,7579.0,7579.25,199
2026-05-29T00:37:00.000Z,ES,7579.5,7580.0,7579.25,7579.5,220
2026-05-29T00:38:00.000Z,ES,7579.5,7579.75,7579.0,7579.0,110
2026-05-29T00:39:00.000Z,ES,7579.25,7579.25,7578.5,7579.0,151
2026-05-29T00:40:00.000Z,ES,7579.25,7579.25,7577.5,7577.5,273
2026-05-29T00:41:00.000Z,ES,7577.75,7578.0,7577.0,7577.25,146
2026-05-29T00:42:00.000Z,ES,7577.0,7578.25,7577.0,7578.0,168
2026-05-29T00:43:00.000Z,ES,7578.25,7578.75,7577.75,7578.5,132
2026-05-29T00:44:00.000Z,ES,7578.5,7578.75,7577.75,7578.0,188
2026-05-29T00:45:00.000Z,ES,7578.0,7578.5,7577.5,7578.25,140
2026-05-29T00:46:00.000Z,ES,7578.25,7578.25,7577.25,7577.5,131
2026-05-29T00:47:00.000Z,ES,7577.75,7577.75,7576.5,7577.0,217
2026-05-29T00:48:00.000Z,ES,7576.75,7577.5,7576.75,7577.25,158
2026-05-29T00:49:00.000Z,ES,7577.25,7577.75,7577.25,7577.75,131
2026-05-29T00:50:00.000Z,ES,7577.75,7578.75,7577.5,7578.75,235
2026-05-29T00:51:00.000Z,ES,7578.5,7578.5,7577.5,7577.75,146
2026-05-29T00:52:00.000Z,ES,7577.75,7577.75,7577.25,7577.5,85
2026-05-29T00:53:00.000Z,ES,7577.25,7577.25,7575.75,7576.5,447
2026-05-29T00:54:00.000Z,ES,7576.5,7577.5,7576.5,7576.5,168
2026-05-29T00:55:00.000Z,ES,7576.5,7577.0,7576.5,7576.5,112
2026-05-29T00:56:00.000Z,ES,7576.75,7578.25,7576.75,7578.25,143
2026-05-29T00:57:00.000Z,ES,7578.25,7578.25,7577.25,7577.25,78
2026-05-29T00:58:00.000Z,ES,7577.5,7577.5,7577.0,7577.25,102
2026-05-29T00:59:00.000Z,ES,7577.25,7578.0,7577.25,7577.5,150
2026-05-29T01:00:00.000Z,ES,7577.5,7579.5,7577.5,7579.0,572
2026-05-29T01:01:00.000Z,ES,7579.0,7579.25,7577.25,7577.5,158
2026-05-29T01:02:00.000Z,ES,7577.75,7578.0,7577.0,7577.25,169
2026-05-29T01:03:00.000Z,ES,7577.0,7577.0,7574.0,7575.0,556
2026-05-29T01:04:00.000Z,ES,7575.0,7576.0,7574.75,7575.5,233
2026-05-29T01:05:00.000Z,ES,7575.5,7577.0,7575.5,7576.5,232
2026-05-29T01:06:00.000Z,ES,7576.5,7577.5,7575.75,7576.25,220
2026-05-29T01:07:00.000Z,ES,7576.5,7577.5,7576.5,7577.25,129
2026-05-29T01:08:00.000Z,ES,7577.25,7578.5,7577.0,7577.25,255
2026-05-29T01:09:00.000Z,ES,7577.25,7578.25,7577.25,7577.75,344
2026-05-29T01:10:00.000Z,ES,7578.0,7578.75,7577.75,7578.25,206
2026-05-29T01:11:00.000Z,ES,7578.5,7578.5,7577.0,7577.0,178
2026-05-29T01:12:00.000Z,ES,7577.25,7578.0,7576.75,7576.75,120
2026-05-29T01:13:00.000Z,ES,7576.5,7576.75,7575.25,7575.25,124
2026-05-29T01:14:00.000Z,ES,7575.5,7576.25,7575.25,7576.25,101
2026-05-29T01:15:00.000Z,ES,7576.0,7576.25,7575.25,7576.0,239
2026-05-29T01:16:00.000Z,ES,7576.0,7576.75,7575.75,7576.25,108
2026-05-29T01:17:00.000Z,ES,7576.25,7577.0,7576.0,7576.75,137
2026-05-29T01:18:00.000Z,ES,7576.5,7578.0,7576.25,7577.5,222
2026-05-29T01:19:00.000Z,ES,7577.25,7577.5,7577.0,7577.25,80
2026-05-29T01:20:00.000Z,ES,7577.0,7577.25,7576.0,7576.25,182
2026-05-29T01:21:00.000Z,ES,7576.25,7577.0,7575.5,7576.0,131
2026-05-29T01:22:00.000Z,ES,7576.0,7576.25,7575.75,7576.0,101
2026-05-29T01:23:00.000Z,ES,7576.0,7577.0,7575.0,7575.0,403
2026-05-29T01:24:00.000Z,ES,7575.25,7575.75,7574.75,7575.5,146
2026-05-29T01:25:00.000Z,ES,7575.5,7576.0,7575.25,7575.5,157
2026-05-29T01:26:00.000Z,ES,7575.5,7575.75,7574.5,7575.0,130
2026-05-29T01:27:00.000Z,ES,7574.75,7575.0,7574.5,7574.75,134
2026-05-29T01:28:00.000Z,ES,7574.75,7576.0,7574.75,7575.0,84
2026-05-29T01:29:00.000Z,ES,7575.25,7575.25,7574.25,7574.75,97
2026-05-29T01:30:00.000Z,ES,7574.75,7575.0,7572.75,7574.75,603
2026-05-29T01:31:00.000Z,ES,7574.75,7574.75,7573.75,7574.0,225
2026-05-29T01:32:00.000Z,ES,7574.0,7574.75,7573.75,7574.5,259
2026-05-29T01:33:00.000Z,ES,7574.75,7575.0,7574.25,7574.5,100
2026-05-29T01:34:00.000Z,ES,7574.25,7575.0,7574.0,7575.0,102
2026-05-29T01:35:00.000Z,ES,7575.0,7575.5,7574.5,7574.5,176
2026-05-29T01:36:00.000Z,ES,7574.5,7575.25,7574.25,7574.75,72
2026-05-29T01:37:00.000Z,ES,7574.75,7576.0,7574.75,7575.5,79
2026-05-29T01:38:00.000Z,ES,7575.75,7575.75,7574.75,7575.0,86
2026-05-29T01:39:00.000Z,ES,7575.0,7575.5,7574.5,7575.5,108
2026-05-29T01:40:00.000Z,ES,7575.75,7576.5,7575.5,7576.5,63
2026-05-29T01:41:00.000Z,ES,7576.5,7577.0,7576.25,7576.75,197
2026-05-29T01:42:00.000Z,ES,7576.75,7578.25,7576.25,7578.0,281
2026-05-29T01:43:00.000Z,ES,7578.0,7578.5,7576.75,7577.5,276
2026-05-29T01:44:00.000Z,ES,7577.75,7578.0,7577.25,7577.75,77
2026-05-29T01:45:00.000Z,ES,7578.0,7579.5,7578.0,7579.0,239
2026-05-29T01:46:00.000Z,ES,7579.0,7579.0,7578.25,7578.5,307
2026-05-29T01:47:00.000Z,ES,7578.25,7578.25,7575.5,7576.0,285
2026-05-29T01:48:00.000Z,ES,7576.0,7576.75,7576.0,7576.25,145
2026-05-29T01:49:00.000Z,ES,7576.25,7576.25,7574.75,7575.25,126
2026-05-29T01:50:00.000Z,ES,7575.0,7575.5,7574.5,7575.5,181
2026-05-29T01:51:00.000Z,ES,7575.25,7576.75,7575.25,7576.25,136
2026-05-29T01:52:00.000Z,ES,7576.25,7576.5,7575.75,7575.75,81
2026-05-29T01:53:00.000Z,ES,7575.75,7576.25,7575.25,7575.75,77
2026-05-29T01:54:00.000Z,ES,7576.0,7576.75,7576.0,7576.75,79
2026-05-29T01:55:00.000Z,ES,7576.75,7577.25,7576.75,7577.25,104
2026-05-29T01:56:00.000Z,ES,7577.25,7577.25,7576.25,7576.5,93
2026-05-29T01:57:00.000Z,ES,7576.5,7578.25,7576.5,7577.25,172
2026-05-29T01:58:00.000Z,ES,7577.25,7577.25,7577.0,7577.0,52
2026-05-29T01:59:00.000Z,ES,7577.25,7577.5,7577.0,7577.25,89
2026-05-29T02:00:00.000Z,ES,7577.25,7577.75,7577.0,7577.0,137
2026-05-29T02:01:00.000Z,ES,7577.25,7578.5,7577.25,7577.75,113
2026-05-29T02:02:00.000Z,ES,7578.0,7578.75,7577.75,7578.25,93
2026-05-29T02:03:00.000Z,ES,7578.0,7578.0,7577.0,7577.25,109
2026-05-29T02:04:00.000Z,ES,7577.25,7577.75,7576.75,7577.75,121
2026-05-29T02:05:00.000Z,ES,7577.5,7577.5,7576.5,7576.5,126
2026-05-29T02:06:00.000Z,ES,7576.5,7578.0,7576.25,7577.75,255
2026-05-29T02:07:00.000Z,ES,7577.75,7579.0,7577.5,7578.75,257
2026-05-29T02:08:00.000Z,ES,7579.0,7579.75,7578.75,7579.75,174
2026-05-29T02:09:00.000Z,ES,7580.0,7580.25,7579.5,7580.25,252
2026-05-29T02:10:00.000Z,ES,7580.5,7580.5,7579.25,7579.5,157
2026-05-29T02:11:00.000Z,ES,7579.25,7580.25,7579.25,7580.25,109
2026-05-29T02:12:00.000Z,ES,7580.25,7581.25,7580.0,7581.0,214
2026-05-29T02:13:00.000Z,ES,7580.75,7581.0,7580.25,7580.25,103
2026-05-29T02:14:00.000Z,ES,7580.5,7581.25,7580.25,7581.0,136
2026-05-29T02:15:00.000Z,ES,7580.75,7581.0,7579.75,7579.75,197
2026-05-29T02:16:00.000Z,ES,7580.0,7580.0,7578.5,7578.75,197
2026-05-29T02:17:00.000Z,ES,7578.75,7579.0,7578.5,7579.0,95
2026-05-29T02:18:00.000Z,ES,7579.0,7579.75,7579.0,7579.75,46
2026-05-29T02:19:00.000Z,ES,7579.75,7580.0,7579.25,7579.75,45
2026-05-29T02:20:00.000Z,ES,7579.75,7579.75,7578.25,7578.5,87
2026-05-29T02:21:00.000Z,ES,7578.5,7579.25,7578.5,7578.75,36
2026-05-29T02:22:00.000Z,ES,7579.0,7579.0,7578.75,7579.0,43
2026-05-29T02:23:00.000Z,ES,7578.75,7579.0,7577.5,7577.5,77
2026-05-29T02:24:00.000Z,ES,7577.5,7578.0,7577.0,7577.25,119
2026-05-29T02:25:00.000Z,ES,7577.0,7577.75,7576.75,7577.5,61
2026-05-29T02:26:00.000Z,ES,7577.5,7577.5,7576.5,7576.5,78
2026-05-29T02:27:00.000Z,ES,7576.25,7576.25,7574.25,7575.0,294
2026-05-29T02:28:00.000Z,ES,7575.0,7576.0,7574.75,7575.75,85
2026-05-29T02:29:00.000Z,ES,7576.0,7576.25,7575.75,7575.75,79
2026-05-29T02:30:00.000Z,ES,7575.75,7576.75,7575.5,7576.5,104
2026-05-29T02:31:00.000Z,ES,7576.5,7577.25,7575.75,7575.75,125
2026-05-29T02:32:00.000Z,ES,7575.75,7577.25,7575.0,7577.0,100
2026-05-29T02:33:00.000Z,ES,7577.25,7578.0,7576.75,7576.75,97
2026-05-29T02:34:00.000Z,ES,7577.0,7577.25,7576.5,7577.25,112
2026-05-29T02:35:00.000Z,ES,7577.25,7577.75,7577.25,7577.5,33
2026-05-29T02:36:00.000Z,ES,7577.5,7577.5,7576.75,7577.0,71
2026-05-29T02:37:00.000Z,ES,7577.0,7577.0,7576.5,7577.0,79
2026-05-29T02:38:00.000Z,ES,7577.25,7578.25,7577.25,7577.75,78
2026-05-29T02:39:00.000Z,ES,7577.5,7578.0,7577.5,7578.0,12
2026-05-29T02:40:00.000Z,ES,7578.0,7578.5,7578.0,7578.5,36
2026-05-29T02:41:00.000Z,ES,7578.5,7578.75,7578.0,7578.5,70
2026-05-29T02:42:00.000Z,ES,7578.5,7578.75,7578.25,7578.25,38
2026-05-29T02:43:00.000Z,ES,7578.25,7578.5,7578.0,7578.0,43
2026-05-29T02:44:00.000Z,ES,7577.75,7577.75,7577.25,7577.75,69
2026-05-29T02:45:00.000Z,ES,7577.75,7578.25,7577.5,7577.5,70
2026-05-29T02:46:00.000Z,ES,7577.25,7577.25,7576.75,7577.0,172
2026-05-29T02:47:00.000Z,ES,7576.75,7577.5,7576.25,7577.0,163
2026-05-29T02:48:00.000Z,ES,7577.0,7577.0,7576.5,7577.0,52
2026-05-29T02:49:00.000Z,ES,7577.25,7577.5,7576.75,7577.0,45
2026-05-29T02:50:00.000Z,ES,7576.75,7576.75,7575.5,7575.75,96
2026-05-29T02:51:00.000Z,ES,7576.0,7576.5,7575.75,7576.0,54
2026-05-29T02:52:00.000Z,ES,7576.0,7576.0,7575.75,7576.0,29
2026-05-29T02:53:00.000Z,ES,7576.25,7576.25,7575.75,7576.0,51
2026-05-29T02:54:00.000Z,ES,7576.0,7576.0,7575.5,7575.5,92
2026-05-29T02:55:00.000Z,ES,7575.5,7576.5,7575.5,7576.5,65
2026-05-29T02:56:00.000Z,ES,7576.5,7577.0,7576.5,7577.0,65
2026-05-29T02:57:00.000Z,ES,7576.75,7577.25,7576.75,7577.25,45
2026-05-29T02:58:00.000Z,ES,7577.0,7577.0,7575.25,7575.25,72
2026-05-29T02:59:00.000Z,ES,7575.5,7576.5,7575.5,7576.0,60
2026-05-29T03:00:00.000Z,ES,7576.25,7577.25,7575.75,7577.25,228
2026-05-29T03:01:00.000Z,ES,7577.25,7577.75,7576.75,7577.25,108
2026-05-29T03:02:00.000Z,ES,7577.5,7578.25,7577.25,7577.25,80
2026-05-29T03:03:00.000Z,ES,7577.25,7578.5,7577.25,7578.5,78
2026-05-29T03:04:00.000Z,ES,7578.25,7579.25,7578.25,7578.75,116
2026-05-29T03:05:00.000Z,ES,7578.75,7579.25,7578.5,7579.25,151
2026-05-29T03:06:00.000Z,ES,7579.0,7580.0,7579.0,7580.0,74
2026-05-29T03:07:00.000Z,ES,7580.0,7581.0,7579.75,7580.5,264
2026-05-29T03:08:00.000Z,ES,7580.25,7580.75,7580.0,7580.0,83
2026-05-29T03:09:00.000Z,ES,7580.25,7580.75,7580.25,7580.25,110
2026-05-29T03:10:00.000Z,ES,7580.5,7580.5,7579.25,7579.75,110
2026-05-29T03:11:00.000Z,ES,7580.0,7580.5,7579.75,7580.25,77
2026-05-29T03:12:00.000Z,ES,7580.25,7580.75,7580.0,7580.5,95
2026-05-29T03:13:00.000Z,ES,7580.5,7581.5,7580.25,7581.0,108
2026-05-29T03:14:00.000Z,ES,7581.0,7581.0,7579.75,7580.0,142
2026-05-29T03:15:00.000Z,ES,7580.0,7580.25,7579.75,7580.0,138
2026-05-29T03:16:00.000Z,ES,7580.0,7580.25,7580.0,7580.0,18
2026-05-29T03:17:00.000Z,ES,7579.75,7580.75,7579.75,7580.5,96
2026-05-29T03:18:00.000Z,ES,7580.25,7580.75,7580.0,7580.75,83
2026-05-29T03:19:00.000Z,ES,7581.0,7581.0,7579.25,7580.0,95
2026-05-29T03:20:00.000Z,ES,7580.0,7580.5,7580.0,7580.5,39
2026-05-29T03:21:00.000Z,ES,7580.5,7581.0,7580.5,7580.75,103
2026-05-29T03:22:00.000Z,ES,7580.75,7581.0,7580.75,7581.0,65
2026-05-29T03:23:00.000Z,ES,7581.0,7581.25,7580.5,7581.0,118
2026-05-29T03:24:00.000Z,ES,7581.25,7582.0,7580.75,7581.0,163
2026-05-29T03:25:00.000Z,ES,7580.75,7581.0,7579.75,7579.75,200
2026-05-29T03:26:00.000Z,ES,7579.75,7581.0,7579.75,7581.0,85
2026-05-29T03:27:00.000Z,ES,7580.75,7580.75,7580.0,7580.5,43
2026-05-29T03:28:00.000Z,ES,7580.5,7580.5,7580.5,7580.5,26
2026-05-29T03:29:00.000Z,ES,7580.5,7580.75,7580.0,7580.5,41
2026-05-29T03:30:00.000Z,ES,7580.75,7580.75,7580.0,7580.0,58
2026-05-29T03:31:00.000Z,ES,7580.0,7580.0,7579.25,7579.5,105
2026-05-29T03:32:00.000Z,ES,7579.75,7580.25,7579.25,7579.75,63
2026-05-29T03:33:00.000Z,ES,7580.0,7580.0,7579.5,7580.0,43
2026-05-29T03:34:00.000Z,ES,7580.0,7580.5,7580.0,7580.0,54
2026-05-29T03:35:00.000Z,ES,7579.75,7579.75,7579.25,7579.25,55
2026-05-29T03:36:00.000Z,ES,7579.5,7579.75,7579.25,7579.75,40
2026-05-29T03:37:00.000Z,ES,7579.75,7579.75,7579.75,7579.75,18
2026-05-29T03:38:00.000Z,ES,7580.0,7580.5,7579.75,7579.75,39
2026-05-29T03:39:00.000Z,ES,7580.0,7580.75,7580.0,7580.5,81
2026-05-29T03:40:00.000Z,ES,7580.5,7581.0,7580.5,7581.0,59
2026-05-29T03:41:00.000Z,ES,7581.0,7581.5,7580.75,7581.25,86
2026-05-29T03:42:00.000Z,ES,7581.0,7581.25,7580.5,7580.5,47
2026-05-29T03:43:00.000Z,ES,7580.5,7580.75,7580.25,7580.25,32
2026-05-29T03:44:00.000Z,ES,7580.25,7580.75,7580.0,7580.75,41
2026-05-29T03:45:00.000Z,ES,7580.5,7580.5,7580.0,7580.5,74
2026-05-29T03:46:00.000Z,ES,7580.25,7580.75,7580.0,7580.75,36
2026-05-29T03:47:00.000Z,ES,7580.75,7581.5,7580.75,7581.5,123
2026-05-29T03:48:00.000Z,ES,7581.75,7582.25,7581.25,7581.75,124
2026-05-29T03:49:00.000Z,ES,7581.75,7582.25,7581.75,7582.25,177
2026-05-29T03:50:00.000Z,ES,7582.25,7582.75,7582.25,7582.5,89
2026-05-29T03:51:00.000Z,ES,7582.5,7582.5,7581.75,7581.75,92
2026-05-29T03:52:00.000Z,ES,7582.0,7582.25,7578.25,7579.5,419
2026-05-29T03:53:00.000Z,ES,7579.25,7580.5,7579.0,7580.5,178
2026-05-29T03:54:00.000Z,ES,7580.5,7581.25,7580.5,7581.25,83
2026-05-29T03:55:00.000Z,ES,7581.0,7581.75,7581.0,7581.25,160
2026-05-29T03:56:00.000Z,ES,7581.0,7581.0,7579.5,7580.25,121
2026-05-29T03:57:00.000Z,ES,7580.25,7580.75,7580.25,7580.5,70
2026-05-29T03:58:00.000Z,ES,7580.5,7580.75,7580.5,7580.5,24
2026-05-29T04:09:00.000Z,ES,7582.0,7582.5,7581.75,7582.5,119
2026-05-29T04:10:00.000Z,ES,7582.5,7583.0,7582.25,7582.75,168
2026-05-29T04:11:00.000Z,ES,7582.5,7583.0,7582.0,7582.25,118
2026-05-29T04:12:00.000Z,ES,7582.5,7582.75,7582.5,7582.75,67
2026-05-29T04:13:00.000Z,ES,7582.75,7582.75,7582.25,7582.5,49
2026-05-29T04:14:00.000Z,ES,7582.25,7582.75,7582.25,7582.25,61
2026-05-29T04:15:00.000Z,ES,7582.25,7583.75,7582.25,7583.5,235
2026-05-29T04:16:00.000Z,ES,7583.5,7584.25,7583.25,7584.0,152
2026-05-29T04:17:00.000Z,ES,7584.0,7584.0,7582.5,7582.75,121
2026-05-29T04:18:00.000Z,ES,7583.0,7583.5,7583.0,7583.5,79
2026-05-29T04:19:00.000Z,ES,7583.5,7583.5,7583.25,7583.5,90
2026-05-29T04:20:00.000Z,ES,7583.5,7584.5,7583.5,7584.0,95
2026-05-29T04:21:00.000Z,ES,7583.75,7584.5,7583.75,7584.0,79
2026-05-29T04:22:00.000Z,ES,7584.0,7584.0,7583.5,7583.75,84
2026-05-29T04:23:00.000Z,ES,7583.75,7584.25,7583.75,7584.25,58
2026-05-29T04:24:00.000Z,ES,7584.0,7584.25,7583.75,7583.75,67
2026-05-29T04:25:00.000Z,ES,7584.0,7584.0,7583.75,7584.0,60
2026-05-29T04:26:00.000Z,ES,7583.75,7584.25,7583.75,7584.0,55
2026-05-29T04:27:00.000Z,ES,7584.0,7584.5,7584.0,7584.5,82
2026-05-29T04:28:00.000Z,ES,7584.25,7584.5,7584.0,7584.5,85
2026-05-29T04:29:00.000Z,ES,7584.25,7584.5,7583.75,7584.0,207
2026-05-29T04:30:00.000Z,ES,7584.0,7584.5,7584.0,7584.25,113
2026-05-29T04:31:00.000Z,ES,7584.0,7584.25,7583.5,7583.5,104
2026-05-29T04:32:00.000Z,ES,7583.5,7584.25,7583.25,7584.25,251
2026-05-29T04:33:00.000Z,ES,7584.25,7585.5,7584.25,7585.0,191
2026-05-29T04:34:00.000Z,ES,7585.0,7585.75,7585.0,7585.0,88
2026-05-29T04:35:00.000Z,ES,7585.25,7585.5,7584.75,7585.25,65
2026-05-29T04:36:00.000Z,ES,7585.25,7585.75,7585.25,7585.75,65
2026-05-29T04:37:00.000Z,ES,7585.75,7585.75,7585.25,7585.75,178
2026-05-29T04:38:00.000Z,ES,7585.5,7585.75,7585.25,7585.5,60
2026-05-29T04:39:00.000Z,ES,7585.5,7586.25,7585.5,7586.0,246
2026-05-29T04:40:00.000Z,ES,7586.25,7586.25,7585.5,7585.5,128
2026-05-29T04:41:00.000Z,ES,7585.75,7586.0,7585.5,7585.5,110
2026-05-29T04:42:00.000Z,ES,7585.5,7585.75,7585.5,7585.75,73
2026-05-29T04:43:00.000Z,ES,7585.75,7586.0,7585.75,7586.0,72
2026-05-29T04:44:00.000Z,ES,7586.0,7586.75,7585.75,7586.75,188
2026-05-29T04:45:00.000Z,ES,7586.5,7586.5,7585.75,7585.75,93
2026-05-29T04:46:00.000Z,ES,7585.75,7586.0,7585.25,7585.5,54
2026-05-29T04:47:00.000Z,ES,7585.5,7586.0,7585.5,7586.0,66
2026-05-29T04:48:00.000Z,ES,7585.75,7586.0,7585.5,7586.0,74
2026-05-29T04:49:00.000Z,ES,7586.0,7587.5,7585.75,7586.25,222
2026-05-29T04:50:00.000Z,ES,7586.0,7586.0,7584.75,7584.75,120
2026-05-29T04:51:00.000Z,ES,7585.0,7585.25,7584.75,7585.0,76
2026-05-29T04:52:00.000Z,ES,7585.25,7585.25,7584.5,7584.5,51
2026-05-29T04:53:00.000Z,ES,7584.75,7585.25,7584.75,7585.25,67
2026-05-29T04:54:00.000Z,ES,7585.5,7586.0,7585.25,7585.5,78
2026-05-29T04:55:00.000Z,ES,7585.75,7585.75,7584.75,7585.0,49
2026-05-29T04:56:00.000Z,ES,7584.75,7585.0,7584.5,7585.0,68
2026-05-29T04:57:00.000Z,ES,7585.0,7585.25,7584.75,7584.75,40
2026-05-29T04:58:00.000Z,ES,7584.75,7585.0,7584.5,7584.75,86
2026-05-29T04:59:00.000Z,ES,7584.75,7585.25,7584.75,7585.0,53
2026-05-29T05:00:00.000Z,ES,7585.25,7585.5,7584.5,7584.5,113
2026-05-29T05:01:00.000Z,ES,7584.75,7585.5,7584.75,7585.5,108
2026-05-29T05:02:00.000Z,ES,7585.5,7586.25,7585.5,7586.25,185
2026-05-29T05:03:00.000Z,ES,7586.25,7587.25,7586.0,7587.0,243
2026-05-29T05:04:00.000Z,ES,7587.0,7587.25,7586.25,7586.5,190
2026-05-29T05:05:00.000Z,ES,7586.25,7586.25,7585.25,7585.75,116
2026-05-29T05:06:00.000Z,ES,7585.75,7586.0,7585.5,7585.5,53
2026-05-29T05:07:00.000Z,ES,7585.5,7586.25,7585.5,7586.25,53
2026-05-29T05:08:00.000Z,ES,7586.25,7586.5,7586.0,7586.0,69
2026-05-29T05:09:00.000Z,ES,7586.25,7586.5,7586.25,7586.25,21
2026-05-29T05:10:00.000Z,ES,7586.0,7586.0,7585.25,7585.5,100
2026-05-29T05:11:00.000Z,ES,7585.5,7586.0,7585.5,7585.75,52
2026-05-29T05:12:00.000Z,ES,7585.75,7586.5,7585.75,7586.5,80
2026-05-29T05:13:00.000Z,ES,7586.5,7587.5,7586.5,7586.75,195
2026-05-29T05:14:00.000Z,ES,7586.5,7586.75,7586.25,7586.25,83
2026-05-29T05:15:00.000Z,ES,7586.5,7586.5,7586.25,7586.25,40
2026-05-29T05:16:00.000Z,ES,7586.25,7586.25,7586.0,7586.0,129
2026-05-29T05:17:00.000Z,ES,7586.0,7586.5,7586.0,7586.5,47
2026-05-29T05:18:00.000Z,ES,7586.25,7586.25,7586.0,7586.0,47
2026-05-29T05:19:00.000Z,ES,7586.0,7586.0,7585.25,7585.5,100
2026-05-29T05:20:00.000Z,ES,7585.75,7586.25,7585.75,7586.0,48
2026-05-29T05:21:00.000Z,ES,7586.25,7586.5,7586.25,7586.5,96
2026-05-29T05:22:00.000Z,ES,7586.5,7586.75,7586.25,7586.5,49
2026-05-29T05:23:00.000Z,ES,7586.5,7586.5,7586.25,7586.5,29
2026-05-29T05:24:00.000Z,ES,7586.5,7586.5,7585.75,7586.0,44
2026-05-29T05:25:00.000Z,ES,7586.25,7586.25,7586.0,7586.25,44
2026-05-29T05:26:00.000Z,ES,7586.0,7588.0,7586.0,7587.5,234
2026-05-29T05:27:00.000Z,ES,7587.5,7588.0,7587.25,7587.5,183
2026-05-29T05:28:00.000Z,ES,7587.5,7588.0,7587.5,7587.75,94
2026-05-29T05:29:00.000Z,ES,7587.5,7587.75,7587.25,7587.5,89
2026-05-29T05:30:00.000Z,ES,7587.25,7587.5,7586.0,7586.75,193
2026-05-29T05:31:00.000Z,ES,7586.75,7586.75,7585.75,7585.75,149
2026-05-29T05:32:00.000Z,ES,7585.5,7585.75,7585.0,7585.0,180
2026-05-29T05:33:00.000Z,ES,7585.0,7586.0,7585.0,7586.0,85
2026-05-29T05:34:00.000Z,ES,7586.0,7587.0,7586.0,7586.75,92
2026-05-29T05:35:00.000Z,ES,7586.75,7587.0,7586.5,7586.5,68
2026-05-29T05:36:00.000Z,ES,7586.25,7586.75,7585.25,7586.0,192
2026-05-29T05:37:00.000Z,ES,7586.0,7586.25,7585.5,7585.5,56
2026-05-29T05:38:00.000Z,ES,7585.5,7585.5,7584.0,7584.25,143
2026-05-29T05:39:00.000Z,ES,7584.25,7584.5,7584.0,7584.25,151
2026-05-29T05:40:00.000Z,ES,7584.5,7584.5,7584.0,7584.25,104
2026-05-29T05:41:00.000Z,ES,7584.5,7584.5,7584.0,7584.25,33
2026-05-29T05:42:00.000Z,ES,7584.5,7585.25,7584.5,7585.25,88
2026-05-29T05:43:00.000Z,ES,7585.0,7585.5,7584.75,7585.25,66
2026-05-29T05:44:00.000Z,ES,7585.25,7585.75,7585.25,7585.5,71
2026-05-29T05:45:00.000Z,ES,7585.75,7586.5,7585.75,7586.5,67
2026-05-29T05:46:00.000Z,ES,7586.5,7587.0,7586.5,7587.0,78
2026-05-29T05:47:00.000Z,ES,7586.75,7587.25,7586.75,7587.0,84
2026-05-29T05:48:00.000Z,ES,7586.75,7587.0,7586.5,7586.5,116
2026-05-29T05:49:00.000Z,ES,7586.75,7587.0,7586.75,7587.0,83
2026-05-29T05:50:00.000Z,ES,7586.75,7586.75,7586.0,7586.0,114
2026-05-29T05:51:00.000Z,ES,7586.0,7586.5,7586.0,7586.0,94
2026-05-29T05:52:00.000Z,ES,7586.25,7587.0,7586.25,7586.5,182
2026-05-29T05:53:00.000Z,ES,7586.75,7587.25,7586.75,7587.25,60
2026-05-29T05:54:00.000Z,ES,7587.25,7587.25,7586.5,7586.75,93
2026-05-29T05:55:00.000Z,ES,7586.75,7586.75,7586.0,7586.25,93
2026-05-29T05:56:00.000Z,ES,7586.25,7586.5,7586.0,7586.25,32
2026-05-29T05:57:00.000Z,ES,7586.0,7586.0,7584.75,7585.0,149
2026-05-29T05:58:00.000Z,ES,7585.25,7585.5,7585.0,7585.5,76
2026-05-29T05:59:00.000Z,ES,7585.5,7586.0,7585.5,7586.0,60
2026-05-29T06:00:00.000Z,ES,7586.0,7587.5,7586.0,7587.5,245
2026-05-29T06:01:00.000Z,ES,7587.25,7587.5,7586.5,7586.5,191
2026-05-29T06:02:00.000Z,ES,7586.5,7588.0,7586.25,7587.75,175
2026-05-29T06:03:00.000Z,ES,7588.0,7588.25,7587.5,7587.75,204
2026-05-29T06:04:00.000Z,ES,7588.0,7588.75,7587.75,7588.25,209
2026-05-29T06:05:00.000Z,ES,7588.0,7588.75,7587.75,7588.5,166
2026-05-29T06:06:00.000Z,ES,7588.75,7589.0,7588.5,7589.0,94
2026-05-29T06:07:00.000Z,ES,7589.0,7589.5,7588.75,7589.0,137
2026-05-29T06:08:00.000Z,ES,7589.0,7589.25,7588.75,7589.0,174
2026-05-29T06:09:00.000Z,ES,7589.0,7589.5,7589.0,7589.5,137
2026-05-29T06:10:00.000Z,ES,7589.5,7589.75,7588.5,7588.75,663
2026-05-29T06:11:00.000Z,ES,7588.75,7589.75,7588.75,7589.75,126
2026-05-29T06:12:00.000Z,ES,7589.75,7589.75,7589.0,7589.5,425
2026-05-29T06:13:00.000Z,ES,7589.25,7589.5,7589.0,7589.25,37
2026-05-29T06:14:00.000Z,ES,7589.0,7590.25,7589.0,7589.25,348
2026-05-29T06:15:00.000Z,ES,7589.25,7590.25,7589.25,7590.0,179
2026-05-29T06:16:00.000Z,ES,7590.0,7590.25,7589.75,7590.25,119
2026-05-29T06:17:00.000Z,ES,7590.0,7590.0,7588.75,7588.75,217
2026-05-29T06:18:00.000Z,ES,7588.5,7589.75,7588.5,7589.75,200
2026-05-29T06:19:00.000Z,ES,7589.75,7590.0,7589.5,7589.75,133
2026-05-29T06:20:00.000Z,ES,7589.75,7590.25,7589.5,7590.0,623
2026-05-29T06:21:00.000Z,ES,7590.0,7590.0,7589.5,7589.5,121
2026-05-29T06:22:00.000Z,ES,7589.75,7592.5,7589.75,7592.0,803
2026-05-29T06:23:00.000Z,ES,7591.75,7592.0,7591.0,7591.5,241
2026-05-29T06:24:00.000Z,ES,7591.5,7591.75,7591.0,7591.75,281
2026-05-29T06:25:00.000Z,ES,7591.75,7592.5,7590.25,7590.75,373
2026-05-29T06:26:00.000Z,ES,7590.5,7590.5,7589.75,7589.75,187
2026-05-29T06:27:00.000Z,ES,7589.75,7590.5,7588.75,7588.75,271
2026-05-29T06:28:00.000Z,ES,7588.75,7588.75,7587.5,7588.25,518
2026-05-29T06:29:00.000Z,ES,7588.5,7589.25,7587.5,7587.75,349
2026-05-29T06:30:00.000Z,ES,7587.75,7588.75,7587.0,7588.5,505
2026-05-29T06:31:00.000Z,ES,7588.5,7589.0,7588.25,7588.5,286
2026-05-29T06:32:00.000Z,ES,7588.5,7589.75,7588.25,7589.25,303
2026-05-29T06:33:00.000Z,ES,7589.0,7589.25,7588.75,7588.75,133
2026-05-29T06:34:00.000Z,ES,7589.0,7589.0,7588.5,7588.5,107
2026-05-29T06:35:00.000Z,ES,7588.5,7589.25,7588.5,7589.0,169
2026-05-29T06:36:00.000Z,ES,7589.0,7589.5,7589.0,7589.5,111
2026-05-29T06:37:00.000Z,ES,7589.5,7589.5,7588.5,7588.75,142
2026-05-29T06:38:00.000Z,ES,7588.75,7590.5,7588.75,7589.75,139
2026-05-29T06:39:00.000Z,ES,7589.75,7590.0,7589.5,7589.5,117
2026-05-29T06:40:00.000Z,ES,7589.75,7590.0,7589.0,7589.25,79
2026-05-29T06:41:00.000Z,ES,7589.25,7589.5,7589.0,7589.25,77
2026-05-29T06:42:00.000Z,ES,7589.25,7590.25,7589.25,7590.25,58
2026-05-29T06:43:00.000Z,ES,7590.25,7590.25,7589.5,7589.75,76
2026-05-29T06:44:00.000Z,ES,7589.5,7590.75,7589.5,7590.25,129
2026-05-29T06:45:00.000Z,ES,7590.0,7590.5,7589.75,7590.25,190
2026-05-29T06:46:00.000Z,ES,7590.25,7590.5,7590.0,7590.25,81
2026-05-29T06:47:00.000Z,ES,7590.25,7590.75,7590.0,7590.75,122
2026-05-29T06:48:00.000Z,ES,7590.75,7591.0,7590.5,7590.5,112
2026-05-29T06:49:00.000Z,ES,7590.5,7591.0,7590.5,7591.0,53
2026-05-29T06:50:00.000Z,ES,7591.0,7591.5,7590.5,7591.25,189
2026-05-29T06:51:00.000Z,ES,7591.5,7591.75,7591.25,7591.75,26
2026-05-29T06:52:00.000Z,ES,7591.75,7592.5,7591.75,7592.5,153
2026-05-29T06:53:00.000Z,ES,7592.5,7592.5,7592.25,7592.25,119
2026-05-29T06:54:00.000Z,ES,7592.25,7592.25,7592.0,7592.0,96
2026-05-29T06:55:00.000Z,ES,7592.25,7592.5,7591.5,7591.75,266
2026-05-29T06:56:00.000Z,ES,7591.75,7592.0,7591.5,7591.75,267
2026-05-29T06:57:00.000Z,ES,7591.75,7592.0,7591.5,7591.75,81
2026-05-29T06:58:00.000Z,ES,7591.75,7592.25,7591.75,7592.0,106
2026-05-29T06:59:00.000Z,ES,7592.0,7592.75,7592.0,7592.5,425
2026-05-29T07:00:00.000Z,ES,7592.5,7592.75,7591.5,7591.75,1151
2026-05-29T07:01:00.000Z,ES,7591.75,7592.0,7590.75,7591.0,367
2026-05-29T07:02:00.000Z,ES,7591.0,7591.0,7589.75,7590.0,329
2026-05-29T07:03:00.000Z,ES,7590.0,7590.5,7590.0,7590.5,124
2026-05-29T07:04:00.000Z,ES,7590.5,7590.75,7590.25,7590.25,172
2026-05-29T07:05:00.000Z,ES,7590.5,7591.75,7590.25,7591.0,205
2026-05-29T07:06:00.000Z,ES,7590.75,7591.5,7589.75,7590.0,290
2026-05-29T07:07:00.000Z,ES,7590.0,7590.75,7590.0,7590.5,171
2026-05-29T07:08:00.000Z,ES,7590.5,7590.75,7590.5,7590.5,97
2026-05-29T07:09:00.000Z,ES,7590.75,7591.5,7590.75,7591.5,174
2026-05-29T07:10:00.000Z,ES,7591.25,7591.25,7591.0,7591.25,87
2026-05-29T07:11:00.000Z,ES,7591.5,7592.5,7591.25,7591.75,232
2026-05-29T07:12:00.000Z,ES,7591.5,7591.5,7590.25,7590.5,224
2026-05-29T07:13:00.000Z,ES,7590.75,7590.75,7590.0,7590.25,192
2026-05-29T07:14:00.000Z,ES,7590.25,7590.25,7589.25,7589.75,139
2026-05-29T07:15:00.000Z,ES,7589.75,7590.0,7589.0,7589.5,219
2026-05-29T07:16:00.000Z,ES,7589.5,7590.0,7588.5,7589.75,249
2026-05-29T07:17:00.000Z,ES,7589.5,7589.75,7589.0,7589.5,149
2026-05-29T07:18:00.000Z,ES,7589.5,7589.5,7588.0,7588.5,281
2026-05-29T07:19:00.000Z,ES,7588.5,7588.75,7588.25,7588.25,112
2026-05-29T07:20:00.000Z,ES,7588.25,7588.75,7588.0,7588.25,237
2026-05-29T07:21:00.000Z,ES,7588.25,7588.25,7586.5,7586.75,498
2026-05-29T07:22:00.000Z,ES,7586.5,7586.5,7585.25,7586.5,451
2026-05-29T07:23:00.000Z,ES,7586.25,7587.75,7586.25,7587.25,260
2026-05-29T07:24:00.000Z,ES,7587.0,7587.0,7585.75,7585.75,158
2026-05-29T07:25:00.000Z,ES,7585.5,7585.75,7584.25,7585.0,294
2026-05-29T07:26:00.000Z,ES,7584.75,7585.25,7584.5,7585.0,193
2026-05-29T07:27:00.000Z,ES,7584.75,7585.25,7584.5,7584.75,205
2026-05-29T07:28:00.000Z,ES,7585.0,7585.5,7584.75,7585.5,249
2026-05-29T07:29:00.000Z,ES,7585.5,7586.0,7585.5,7585.75,172
2026-05-29T07:30:00.000Z,ES,7585.75,7586.0,7584.25,7584.75,277
2026-05-29T07:31:00.000Z,ES,7584.75,7585.75,7584.0,7584.75,304
2026-05-29T07:32:00.000Z,ES,7585.0,7585.25,7582.75,7583.5,427
2026-05-29T07:33:00.000Z,ES,7583.5,7584.5,7582.75,7584.5,549
2026-05-29T07:34:00.000Z,ES,7584.75,7585.25,7584.5,7584.75,204
2026-05-29T07:35:00.000Z,ES,7584.5,7584.5,7583.5,7583.75,152
2026-05-29T07:36:00.000Z,ES,7584.0,7584.5,7580.0,7580.75,922
2026-05-29T07:37:00.000Z,ES,7581.0,7584.0,7581.0,7583.5,557
2026-05-29T07:38:00.000Z,ES,7583.25,7583.75,7582.5,7583.5,259
2026-05-29T07:39:00.000Z,ES,7583.5,7583.5,7582.0,7582.5,253
2026-05-29T07:40:00.000Z,ES,7582.5,7583.25,7582.5,7583.0,153
2026-05-29T07:41:00.000Z,ES,7583.0,7583.0,7582.0,7583.0,209
2026-05-29T07:42:00.000Z,ES,7583.25,7583.25,7582.0,7582.0,191
2026-05-29T07:43:00.000Z,ES,7582.0,7582.5,7581.75,7581.75,126
2026-05-29T07:44:00.000Z,ES,7582.0,7582.5,7582.0,7582.25,91
2026-05-29T07:45:00.000Z,ES,7582.25,7582.5,7581.75,7582.25,71
2026-05-29T07:46:00.000Z,ES,7582.5,7583.25,7582.25,7583.25,151
2026-05-29T07:47:00.000Z,ES,7583.0,7583.5,7582.75,7583.25,313
2026-05-29T07:48:00.000Z,ES,7583.25,7584.0,7583.0,7584.0,411
2026-05-29T07:49:00.000Z,ES,7584.0,7585.0,7583.75,7583.75,245
2026-05-29T07:50:00.000Z,ES,7583.75,7585.0,7583.75,7584.25,254
2026-05-29T07:51:00.000Z,ES,7584.5,7585.0,7584.25,7584.75,132
2026-05-29T07:52:00.000Z,ES,7585.0,7585.75,7584.75,7585.5,175
2026-05-29T07:53:00.000Z,ES,7585.25,7585.75,7585.0,7585.25,157
2026-05-29T07:54:00.000Z,ES,7585.25,7585.5,7584.75,7584.75,104
2026-05-29T07:55:00.000Z,ES,7584.75,7587.0,7584.75,7586.5,362
2026-05-29T07:56:00.000Z,ES,7586.5,7587.0,7585.75,7585.75,411
2026-05-29T07:57:00.000Z,ES,7585.75,7586.0,7585.25,7585.75,154
2026-05-29T07:58:00.000Z,ES,7585.75,7586.25,7585.25,7586.25,99
2026-05-29T07:59:00.000Z,ES,7586.25,7586.75,7586.25,7586.5,106
2026-05-29T08:00:00.000Z,ES,7586.5,7589.25,7586.25,7588.5,580
2026-05-29T08:01:00.000Z,ES,7588.5,7588.75,7587.75,7588.75,324
2026-05-29T08:02:00.000Z,ES,7588.75,7589.5,7588.5,7589.25,302
2026-05-29T08:03:00.000Z,ES,7589.25,7589.25,7588.0,7588.5,193
2026-05-29T08:04:00.000Z,ES,7588.25,7588.75,7586.0,7586.25,351
2026-05-29T08:05:00.000Z,ES,7586.25,7587.75,7586.25,7587.5,409
2026-05-29T08:06:00.000Z,ES,7587.5,7587.5,7585.5,7585.75,240
2026-05-29T08:07:00.000Z,ES,7585.75,7586.0,7584.5,7585.25,377
2026-05-29T08:08:00.000Z,ES,7585.25,7586.5,7585.25,7586.0,137
2026-05-29T08:09:00.000Z,ES,7586.0,7586.5,7585.75,7586.25,142
2026-05-29T08:10:00.000Z,ES,7586.25,7587.0,7586.0,7586.75,138
2026-05-29T08:11:00.000Z,ES,7586.75,7587.25,7586.25,7586.75,153
2026-05-29T08:12:00.000Z,ES,7587.0,7588.5,7587.0,7588.25,216
2026-05-29T08:13:00.000Z,ES,7588.0,7588.25,7587.75,7588.0,172
2026-05-29T08:14:00.000Z,ES,7588.0,7588.5,7588.0,7588.25,94
2026-05-29T08:15:00.000Z,ES,7588.25,7588.75,7588.25,7588.5,123
2026-05-29T08:16:00.000Z,ES,7588.25,7589.0,7588.25,7588.5,76
2026-05-29T08:17:00.000Z,ES,7588.75,7588.75,7587.75,7587.75,136
2026-05-29T08:18:00.000Z,ES,7587.75,7588.0,7587.25,7587.75,135
2026-05-29T08:19:00.000Z,ES,7587.75,7588.0,7587.25,7587.5,131
2026-05-29T08:20:00.000Z,ES,7587.25,7588.25,7587.25,7588.0,147
2026-05-29T08:21:00.000Z,ES,7588.25,7588.75,7588.0,7588.25,143
2026-05-29T08:22:00.000Z,ES,7588.25,7588.25,7588.0,7588.25,77
2026-05-29T08:23:00.000Z,ES,7588.25,7588.5,7587.25,7587.25,180
2026-05-29T08:24:00.000Z,ES,7587.0,7587.25,7586.5,7586.75,171
2026-05-29T08:25:00.000Z,ES,7587.0,7587.0,7584.75,7585.25,377
2026-05-29T08:26:00.000Z,ES,7585.0,7585.5,7584.75,7585.25,116
2026-05-29T08:27:00.000Z,ES,7585.5,7586.75,7585.5,7586.75,150
2026-05-29T08:28:00.000Z,ES,7586.75,7587.5,7586.25,7587.0,370
2026-05-29T08:29:00.000Z,ES,7587.0,7588.0,7586.75,7587.5,108
2026-05-29T08:30:00.000Z,ES,7587.5,7587.75,7587.25,7587.5,108
2026-05-29T08:31:00.000Z,ES,7587.5,7587.75,7587.0,7587.5,99
2026-05-29T08:32:00.000Z,ES,7587.75,7588.0,7587.5,7588.0,79
2026-05-29T08:33:00.000Z,ES,7587.75,7588.75,7587.0,7587.0,153
2026-05-29T08:34:00.000Z,ES,7587.0,7587.75,7587.0,7587.75,76
2026-05-29T08:35:00.000Z,ES,7587.75,7587.75,7585.75,7586.5,505
2026-05-29T08:36:00.000Z,ES,7586.5,7587.75,7586.5,7587.25,104
2026-05-29T08:37:00.000Z,ES,7587.5,7587.75,7587.0,7587.5,95
2026-05-29T08:38:00.000Z,ES,7587.75,7588.5,7587.5,7588.0,145
2026-05-29T08:39:00.000Z,ES,7587.75,7588.0,7587.5,7588.0,58
2026-05-29T08:40:00.000Z,ES,7588.0,7588.25,7587.25,7587.25,162
2026-05-29T08:41:00.000Z,ES,7587.25,7588.25,7587.0,7588.0,160
2026-05-29T08:42:00.000Z,ES,7588.0,7588.0,7587.5,7587.5,59
2026-05-29T08:43:00.000Z,ES,7587.5,7587.5,7586.75,7587.0,77
2026-05-29T08:44:00.000Z,ES,7587.0,7587.0,7585.75,7586.0,130
2026-05-29T08:45:00.000Z,ES,7585.75,7586.0,7584.25,7584.75,349
2026-05-29T08:46:00.000Z,ES,7584.5,7584.5,7584.0,7584.0,145
2026-05-29T08:47:00.000Z,ES,7584.0,7584.5,7583.5,7583.5,223
2026-05-29T08:48:00.000Z,ES,7583.75,7584.0,7583.25,7583.5,135
2026-05-29T08:49:00.000Z,ES,7583.5,7583.5,7582.25,7582.75,203
2026-05-29T08:50:00.000Z,ES,7582.75,7583.5,7582.5,7583.0,282
2026-05-29T08:51:00.000Z,ES,7583.0,7583.25,7582.25,7582.75,281
2026-05-29T08:52:00.000Z,ES,7582.75,7583.0,7582.25,7583.0,157
2026-05-29T08:53:00.000Z,ES,7583.25,7584.5,7583.25,7584.25,344
2026-05-29T08:54:00.000Z,ES,7584.25,7584.5,7583.25,7584.5,351
2026-05-29T08:55:00.000Z,ES,7584.25,7585.25,7584.25,7585.0,137
2026-05-29T08:56:00.000Z,ES,7585.0,7585.5,7585.0,7585.5,191
2026-05-29T08:57:00.000Z,ES,7585.5,7586.25,7585.25,7586.25,123
2026-05-29T08:58:00.000Z,ES,7586.25,7586.25,7585.25,7585.75,242
2026-05-29T08:59:00.000Z,ES,7585.5,7586.0,7585.25,7586.0,161
2026-05-29T09:00:00.000Z,ES,7586.0,7587.0,7585.25,7587.0,537
2026-05-29T09:01:00.000Z,ES,7587.0,7587.5,7586.5,7587.0,380
2026-05-29T09:02:00.000Z,ES,7587.0,7588.5,7586.5,7588.25,441
2026-05-29T09:03:00.000Z,ES,7588.5,7590.0,7588.0,7590.0,424
2026-05-29T09:04:00.000Z,ES,7590.0,7590.0,7589.0,7589.0,227
2026-05-29T09:05:00.000Z,ES,7589.0,7589.5,7588.5,7588.5,175
2026-05-29T09:06:00.000Z,ES,7588.5,7589.0,7588.5,7588.5,88
2026-05-29T09:07:00.000Z,ES,7588.75,7589.0,7588.5,7588.75,61
2026-05-29T09:08:00.000Z,ES,7588.75,7589.25,7588.75,7589.0,101
2026-05-29T09:09:00.000Z,ES,7589.0,7590.75,7589.0,7589.75,258
2026-05-29T09:10:00.000Z,ES,7589.75,7591.0,7589.25,7590.5,344
2026-05-29T09:11:00.000Z,ES,7590.5,7592.75,7590.25,7592.25,374
2026-05-29T09:12:00.000Z,ES,7592.25,7592.25,7591.75,7592.0,269
2026-05-29T09:13:00.000Z,ES,7591.75,7593.5,7591.5,7592.0,580
2026-05-29T09:14:00.000Z,ES,7592.25,7592.75,7592.0,7592.75,174
2026-05-29T09:15:00.000Z,ES,7592.75,7593.0,7591.5,7591.5,393
2026-05-29T09:16:00.000Z,ES,7591.75,7593.25,7591.5,7592.75,328
2026-05-29T09:17:00.000Z,ES,7592.75,7593.0,7592.25,7592.75,172
2026-05-29T09:18:00.000Z,ES,7593.0,7593.25,7592.5,7593.0,114
2026-05-29T09:19:00.000Z,ES,7593.25,7595.0,7593.25,7594.5,497
2026-05-29T09:20:00.000Z,ES,7594.5,7595.25,7593.5,7593.5,322
2026-05-29T09:21:00.000Z,ES,7593.5,7593.5,7592.25,7592.5,322
2026-05-29T09:22:00.000Z,ES,7592.5,7592.5,7592.0,7592.0,150
2026-05-29T09:23:00.000Z,ES,7592.0,7592.25,7591.75,7591.75,158
2026-05-29T09:24:00.000Z,ES,7591.75,7591.75,7590.75,7591.0,204
2026-05-29T09:25:00.000Z,ES,7591.0,7591.0,7589.75,7590.25,321
2026-05-29T09:26:00.000Z,ES,7590.0,7590.0,7589.75,7589.75,158
2026-05-29T09:27:00.000Z,ES,7589.75,7590.5,7589.75,7590.5,217
2026-05-29T09:28:00.000Z,ES,7590.5,7591.5,7590.25,7591.25,212
2026-05-29T09:29:00.000Z,ES,7591.25,7593.0,7591.25,7592.25,405
2026-05-29T09:30:00.000Z,ES,7592.25,7592.5,7591.75,7592.0,229
2026-05-29T09:31:00.000Z,ES,7591.75,7592.5,7591.5,7591.5,146
2026-05-29T09:32:00.000Z,ES,7591.5,7591.5,7590.75,7591.25,135
2026-05-29T09:33:00.000Z,ES,7591.25,7592.0,7591.25,7592.0,86
2026-05-29T09:34:00.000Z,ES,7592.0,7592.0,7591.0,7591.75,113
2026-05-29T09:35:00.000Z,ES,7591.75,7591.75,7590.5,7591.0,88
2026-05-29T09:36:00.000Z,ES,7591.0,7591.75,7590.75,7590.75,113
2026-05-29T09:37:00.000Z,ES,7590.75,7591.0,7590.0,7590.5,155
2026-05-29T09:38:00.000Z,ES,7590.5,7590.75,7590.25,7590.5,100
2026-05-29T09:39:00.000Z,ES,7590.75,7591.25,7590.5,7590.75,333
2026-05-29T09:40:00.000Z,ES,7590.75,7591.5,7590.75,7591.25,160
2026-05-29T09:41:00.000Z,ES,7591.25,7591.75,7590.75,7591.25,170
2026-05-29T09:42:00.000Z,ES,7591.25,7591.25,7589.75,7590.0,112
2026-05-29T09:43:00.000Z,ES,7590.25,7590.5,7590.25,7590.5,62
2026-05-29T09:44:00.000Z,ES,7590.5,7590.75,7590.0,7590.25,101
2026-05-29T09:45:00.000Z,ES,7590.5,7591.5,7590.0,7591.5,105
2026-05-29T09:46:00.000Z,ES,7591.5,7592.0,7591.25,7592.0,166
2026-05-29T09:47:00.000Z,ES,7592.0,7593.25,7591.75,7593.0,262
2026-05-29T09:48:00.000Z,ES,7593.0,7593.0,7591.25,7591.75,318
2026-05-29T09:49:00.000Z,ES,7591.75,7592.25,7591.75,7592.25,105
2026-05-29T09:50:00.000Z,ES,7592.25,7592.25,7591.75,7592.0,114
2026-05-29T09:51:00.000Z,ES,7591.75,7591.75,7591.25,7591.25,66
2026-05-29T09:52:00.000Z,ES,7591.25,7591.5,7590.25,7590.75,191
2026-05-29T09:53:00.000Z,ES,7590.5,7590.75,7590.0,7590.0,98
2026-05-29T09:54:00.000Z,ES,7590.25,7590.5,7589.75,7590.5,137
2026-05-29T09:55:00.000Z,ES,7590.5,7591.25,7590.25,7590.25,98
2026-05-29T09:56:00.000Z,ES,7590.5,7591.0,7590.0,7590.75,176
2026-05-29T09:57:00.000Z,ES,7590.75,7591.25,7590.5,7590.75,168
2026-05-29T09:58:00.000Z,ES,7590.75,7591.25,7590.5,7591.0,217
2026-05-29T09:59:00.000Z,ES,7591.0,7591.25,7590.0,7590.25,137
2026-05-29T10:00:00.000Z,ES,7590.5,7590.5,7589.25,7589.75,239
2026-05-29T10:01:00.000Z,ES,7590.0,7590.0,7588.0,7588.5,259
2026-05-29T10:02:00.000Z,ES,7588.5,7588.75,7587.75,7588.0,169
2026-05-29T10:03:00.000Z,ES,7588.0,7588.0,7587.5,7587.5,162
2026-05-29T10:04:00.000Z,ES,7587.5,7587.5,7585.75,7585.75,245
2026-05-29T10:05:00.000Z,ES,7585.75,7586.0,7585.25,7585.5,245
2026-05-29T10:06:00.000Z,ES,7585.5,7587.0,7585.25,7586.5,274
2026-05-29T10:07:00.000Z,ES,7586.75,7586.75,7585.5,7585.75,191
2026-05-29T10:08:00.000Z,ES,7585.75,7586.75,7585.75,7586.25,96
2026-05-29T10:09:00.000Z,ES,7586.25,7586.25,7585.0,7585.25,154
2026-05-29T10:10:00.000Z,ES,7585.25,7585.75,7585.0,7585.75,163
2026-05-29T10:11:00.000Z,ES,7586.0,7586.75,7586.0,7586.5,145
2026-05-29T10:12:00.000Z,ES,7586.5,7586.75,7586.25,7586.5,104
2026-05-29T10:13:00.000Z,ES,7586.75,7587.5,7586.75,7587.25,91
2026-05-29T10:14:00.000Z,ES,7587.25,7587.25,7586.25,7587.25,245
2026-05-29T10:15:00.000Z,ES,7587.25,7587.75,7587.0,7587.75,268
2026-05-29T10:16:00.000Z,ES,7587.75,7588.25,7587.5,7588.0,286
2026-05-29T10:17:00.000Z,ES,7587.5,7587.5,7585.75,7585.75,288
2026-05-29T10:18:00.000Z,ES,7585.75,7586.75,7585.75,7586.5,102
2026-05-29T10:19:00.000Z,ES,7586.5,7587.0,7586.5,7587.0,50
2026-05-29T10:20:00.000Z,ES,7587.0,7588.25,7587.0,7587.75,160
2026-05-29T10:21:00.000Z,ES,7588.0,7588.0,7587.25,7587.25,111
2026-05-29T10:22:00.000Z,ES,7587.25,7588.0,7587.25,7588.0,172
2026-05-29T10:23:00.000Z,ES,7588.0,7588.75,7587.5,7588.25,197
2026-05-29T10:24:00.000Z,ES,7588.5,7588.5,7587.75,7588.25,159
2026-05-29T10:25:00.000Z,ES,7588.25,7588.5,7587.75,7588.0,133
2026-05-29T10:26:00.000Z,ES,7588.0,7588.25,7587.25,7587.25,53
2026-05-29T10:27:00.000Z,ES,7587.25,7588.25,7587.25,7588.25,99
2026-05-29T10:28:00.000Z,ES,7588.25,7588.25,7588.0,7588.25,94
2026-05-29T10:29:00.000Z,ES,7588.25,7589.25,7588.25,7588.5,175
2026-05-29T10:30:00.000Z,ES,7588.75,7588.75,7587.75,7587.75,151
2026-05-29T10:31:00.000Z,ES,7587.75,7588.0,7587.5,7587.75,130
2026-05-29T10:32:00.000Z,ES,7587.5,7588.5,7587.5,7587.75,79
2026-05-29T10:33:00.000Z,ES,7587.75,7587.75,7587.0,7587.25,91
2026-05-29T10:34:00.000Z,ES,7587.5,7589.5,7587.5,7589.0,158
2026-05-29T10:35:00.000Z,ES,7589.0,7589.75,7587.75,7588.0,408
2026-05-29T10:36:00.000Z,ES,7588.0,7589.5,7588.0,7589.5,603
2026-05-29T10:37:00.000Z,ES,7589.5,7590.75,7589.5,7590.25,278
2026-05-29T10:38:00.000Z,ES,7590.0,7590.75,7589.75,7590.25,145
2026-05-29T10:39:00.000Z,ES,7590.0,7590.0,7589.0,7589.25,129
2026-05-29T10:40:00.000Z,ES,7589.5,7589.5,7589.0,7589.0,110
2026-05-29T10:41:00.000Z,ES,7589.25,7589.25,7588.75,7589.0,88
2026-05-29T10:42:00.000Z,ES,7588.75,7589.0,7588.0,7588.25,128
2026-05-29T10:43:00.000Z,ES,7588.5,7589.75,7588.5,7589.25,116
2026-05-29T10:44:00.000Z,ES,7589.0,7590.25,7588.5,7589.75,216
2026-05-29T10:45:00.000Z,ES,7589.75,7591.25,7589.5,7590.5,252
2026-05-29T10:46:00.000Z,ES,7590.5,7591.25,7590.25,7591.0,166
2026-05-29T10:47:00.000Z,ES,7591.0,7591.0,7590.5,7591.0,133
2026-05-29T10:48:00.000Z,ES,7591.25,7591.25,7589.75,7590.0,255
2026-05-29T10:49:00.000Z,ES,7590.0,7590.5,7589.75,7590.5,139
2026-05-29T10:50:00.000Z,ES,7590.5,7591.0,7590.5,7590.75,45
2026-05-29T10:51:00.000Z,ES,7590.5,7590.5,7590.25,7590.25,102
2026-05-29T10:52:00.000Z,ES,7590.25,7590.5,7590.0,7590.5,67
2026-05-29T10:53:00.000Z,ES,7590.5,7591.0,7590.0,7591.0,246
2026-05-29T10:54:00.000Z,ES,7590.75,7591.0,7590.25,7590.25,101
2026-05-29T10:55:00.000Z,ES,7590.25,7590.5,7590.25,7590.25,95
2026-05-29T10:56:00.000Z,ES,7590.25,7590.75,7590.25,7590.5,60
2026-05-29T10:57:00.000Z,ES,7590.5,7590.5,7589.5,7589.5,49
2026-05-29T10:58:00.000Z,ES,7589.75,7590.25,7589.25,7590.25,129
2026-05-29T10:59:00.000Z,ES,7590.25,7590.25,7589.75,7590.25,137
2026-05-29T11:00:00.000Z,ES,7590.25,7592.5,7589.5,7592.0,631
2026-05-29T11:01:00.000Z,ES,7592.0,7592.5,7592.0,7592.5,198
2026-05-29T11:02:00.000Z,ES,7592.0,7592.5,7592.0,7592.5,249
2026-05-29T11:03:00.000Z,ES,7592.25,7593.25,7592.25,7592.75,213
2026-05-29T11:04:00.000Z,ES,7592.75,7592.75,7592.25,7592.25,112
2026-05-29T11:05:00.000Z,ES,7592.5,7593.25,7592.5,7592.5,151
2026-05-29T11:06:00.000Z,ES,7592.5,7593.25,7592.0,7592.5,288
2026-05-29T11:07:00.000Z,ES,7592.25,7592.5,7591.75,7592.25,260
2026-05-29T11:08:00.000Z,ES,7592.5,7592.5,7592.0,7592.0,108
2026-05-29T11:09:00.000Z,ES,7592.25,7592.25,7591.75,7591.75,130
2026-05-29T11:10:00.000Z,ES,7592.0,7592.0,7591.5,7592.0,268
2026-05-29T11:11:00.000Z,ES,7592.0,7592.25,7591.75,7592.25,193
2026-05-29T11:12:00.000Z,ES,7592.25,7592.25,7591.75,7592.0,195
2026-05-29T11:13:00.000Z,ES,7592.0,7592.5,7591.5,7592.5,386
2026-05-29T11:14:00.000Z,ES,7592.5,7593.0,7591.75,7592.75,492
2026-05-29T11:15:00.000Z,ES,7592.75,7593.0,7592.25,7593.0,167
2026-05-29T11:16:00.000Z,ES,7592.75,7593.75,7592.5,7593.75,143
2026-05-29T11:17:00.000Z,ES,7593.5,7594.0,7593.0,7593.0,113
2026-05-29T11:18:00.000Z,ES,7592.75,7593.5,7592.75,7593.0,218
2026-05-29T11:19:00.000Z,ES,7593.0,7593.75,7593.0,7593.75,241
2026-05-29T11:20:00.000Z,ES,7593.75,7595.0,7593.75,7594.75,538
2026-05-29T11:21:00.000Z,ES,7594.75,7595.75,7594.75,7595.75,491
2026-05-29T11:22:00.000Z,ES,7595.75,7595.75,7595.0,7595.5,570
2026-05-29T11:23:00.000Z,ES,7595.5,7595.75,7593.25,7594.25,453
2026-05-29T11:24:00.000Z,ES,7594.25,7594.75,7593.75,7594.25,212
2026-05-29T11:25:00.000Z,ES,7594.25,7595.5,7594.0,7594.0,155
2026-05-29T11:26:00.000Z,ES,7593.75,7593.75,7592.25,7592.5,401
2026-05-29T11:27:00.000Z,ES,7592.5,7593.25,7592.5,7592.75,225
2026-05-29T11:28:00.000Z,ES,7592.75,7592.75,7590.5,7591.0,427
2026-05-29T11:29:00.000Z,ES,7591.0,7591.5,7590.0,7590.0,376
2026-05-29T11:30:00.000Z,ES,7590.25,7590.75,7588.0,7588.0,317
2026-05-29T11:31:00.000Z,ES,7588.25,7588.75,7587.25,7587.25,404
2026-05-29T11:32:00.000Z,ES,7587.25,7588.0,7587.0,7587.5,242
2026-05-29T11:33:00.000Z,ES,7587.25,7588.0,7586.75,7588.0,295
2026-05-29T11:34:00.000Z,ES,7587.75,7588.25,7586.75,7587.0,214
2026-05-29T11:35:00.000Z,ES,7587.25,7587.5,7586.25,7587.25,280
2026-05-29T11:36:00.000Z,ES,7587.25,7588.5,7587.25,7587.75,219
2026-05-29T11:37:00.000Z,ES,7587.5,7588.75,7587.5,7588.5,185
2026-05-29T11:38:00.000Z,ES,7588.5,7590.0,7588.5,7589.5,227
2026-05-29T11:39:00.000Z,ES,7589.75,7589.75,7589.0,7589.25,167
2026-05-29T11:40:00.000Z,ES,7589.5,7590.75,7589.5,7590.5,233
2026-05-29T11:41:00.000Z,ES,7590.75,7591.5,7590.25,7591.5,309
2026-05-29T11:42:00.000Z,ES,7591.5,7592.0,7591.0,7591.5,637
2026-05-29T11:43:00.000Z,ES,7591.5,7592.25,7591.0,7592.0,368
2026-05-29T11:44:00.000Z,ES,7591.75,7592.5,7591.25,7591.25,335
2026-05-29T11:45:00.000Z,ES,7591.0,7593.0,7590.75,7592.75,271
2026-05-29T11:46:00.000Z,ES,7592.75,7593.0,7592.25,7592.5,202
2026-05-29T11:47:00.000Z,ES,7592.5,7592.75,7591.75,7592.0,150
2026-05-29T11:48:00.000Z,ES,7592.0,7592.0,7591.0,7591.25,227
2026-05-29T11:49:00.000Z,ES,7591.0,7591.75,7591.0,7591.0,159
2026-05-29T11:50:00.000Z,ES,7591.0,7591.75,7590.75,7591.0,191
2026-05-29T11:51:00.000Z,ES,7591.25,7591.5,7590.0,7590.25,301
2026-05-29T11:52:00.000Z,ES,7590.5,7591.0,7584.75,7585.25,2076
2026-05-29T11:53:00.000Z,ES,7585.0,7591.0,7584.25,7590.5,2005
2026-05-29T11:54:00.000Z,ES,7590.5,7591.75,7590.0,7590.5,414
2026-05-29T11:55:00.000Z,ES,7590.25,7592.25,7590.25,7592.0,320
2026-05-29T11:56:00.000Z,ES,7592.0,7593.0,7591.75,7592.5,268
2026-05-29T11:57:00.000Z,ES,7592.25,7593.0,7591.5,7593.0,259
2026-05-29T11:58:00.000Z,ES,7593.25,7593.5,7592.75,7593.0,230
2026-05-29T11:59:00.000Z,ES,7593.0,7593.75,7592.75,7593.5,253
2026-05-29T12:00:00.000Z,ES,7593.5,7594.0,7593.0,7593.5,323
2026-05-29T12:01:00.000Z,ES,7593.25,7593.5,7592.25,7592.5,163
2026-05-29T12:02:00.000Z,ES,7592.25,7592.75,7591.75,7592.0,292
2026-05-29T12:03:00.000Z,ES,7592.0,7592.25,7591.75,7592.0,106
2026-05-29T12:04:00.000Z,ES,7592.0,7592.0,7590.75,7591.0,315
2026-05-29T12:05:00.000Z,ES,7591.0,7591.0,7590.0,7590.0,460
2026-05-29T12:06:00.000Z,ES,7590.0,7590.75,7590.0,7590.25,313
2026-05-29T12:07:00.000Z,ES,7590.25,7590.5,7590.0,7590.25,115
2026-05-29T12:08:00.000Z,ES,7590.25,7591.75,7590.0,7591.5,270
2026-05-29T12:09:00.000Z,ES,7591.25,7591.5,7589.75,7590.5,378
2026-05-29T12:10:00.000Z,ES,7590.5,7591.25,7590.5,7591.25,158
2026-05-29T12:11:00.000Z,ES,7591.25,7591.75,7591.25,7591.75,163
2026-05-29T12:12:00.000Z,ES,7591.75,7591.75,7590.25,7590.25,216
2026-05-29T12:13:00.000Z,ES,7590.25,7590.5,7590.0,7590.25,201
2026-05-29T12:14:00.000Z,ES,7590.25,7590.75,7589.5,7590.25,231
2026-05-29T12:15:00.000Z,ES,7590.0,7591.0,7589.25,7591.0,212
2026-05-29T12:16:00.000Z,ES,7591.0,7591.75,7591.0,7591.75,231
2026-05-29T12:17:00.000Z,ES,7591.75,7591.75,7591.25,7591.5,136
2026-05-29T12:18:00.000Z,ES,7591.5,7592.75,7590.75,7592.5,348
2026-05-29T12:19:00.000Z,ES,7592.25,7593.0,7592.25,7592.5,136
2026-05-29T12:20:00.000Z,ES,7592.75,7592.75,7591.0,7591.0,187
2026-05-29T12:21:00.000Z,ES,7591.25,7591.25,7589.5,7590.0,223
2026-05-29T12:22:00.000Z,ES,7589.75,7590.5,7589.75,7589.75,125
2026-05-29T12:23:00.000Z,ES,7590.0,7591.25,7589.75,7591.25,214
2026-05-29T12:24:00.000Z,ES,7591.25,7591.5,7590.5,7591.0,204
2026-05-29T12:25:00.000Z,ES,7590.5,7590.75,7590.25,7590.5,157
2026-05-29T12:26:00.000Z,ES,7590.5,7591.0,7590.0,7590.75,177
2026-05-29T12:27:00.000Z,ES,7591.0,7591.0,7590.5,7590.75,153
2026-05-29T12:28:00.000Z,ES,7591.0,7591.5,7590.5,7591.25,124
2026-05-29T12:29:00.000Z,ES,7591.25,7592.0,7591.0,7592.0,136
2026-05-29T12:30:00.000Z,ES,7592.0,7592.75,7591.75,7591.75,290
2026-05-29T12:31:00.000Z,ES,7591.75,7592.5,7591.0,7591.0,252
2026-05-29T12:32:00.000Z,ES,7591.0,7592.0,7590.75,7591.5,267
2026-05-29T12:33:00.000Z,ES,7591.5,7591.5,7586.0,7589.75,2578
2026-05-29T12:34:00.000Z,ES,7590.0,7590.25,7587.75,7589.25,1028
2026-05-29T12:35:00.000Z,ES,7589.0,7589.25,7587.75,7588.25,330
2026-05-29T12:36:00.000Z,ES,7588.0,7589.0,7587.75,7588.5,292
2026-05-29T12:37:00.000Z,ES,7588.5,7589.0,7587.5,7588.0,390
2026-05-29T12:38:00.000Z,ES,7588.0,7588.0,7586.25,7586.75,392
2026-05-29T12:39:00.000Z,ES,7586.5,7587.75,7586.25,7587.0,232
2026-05-29T12:40:00.000Z,ES,7587.0,7587.5,7586.25,7587.5,366
2026-05-29T12:41:00.000Z,ES,7587.5,7587.75,7587.0,7587.5,182
2026-05-29T12:42:00.000Z,ES,7587.5,7587.5,7587.0,7587.5,180
2026-05-29T12:43:00.000Z,ES,7587.5,7588.5,7587.0,7588.5,268
2026-05-29T12:44:00.000Z,ES,7588.75,7589.25,7587.5,7589.0,231
2026-05-29T12:45:00.000Z,ES,7588.75,7588.75,7587.75,7588.5,185
2026-05-29T12:46:00.000Z,ES,7588.25,7588.25,7586.5,7587.5,377
2026-05-29T12:47:00.000Z,ES,7587.75,7588.25,7587.25,7588.25,167
2026-05-29T12:48:00.000Z,ES,7588.25,7588.5,7588.0,7588.25,164
2026-05-29T12:49:00.000Z,ES,7588.25,7588.5,7587.75,7588.5,168
2026-05-29T12:50:00.000Z,ES,7588.5,7590.0,7588.5,7589.75,385
2026-05-29T12:51:00.000Z,ES,7589.75,7591.0,7589.5,7590.5,370
2026-05-29T12:52:00.000Z,ES,7590.5,7592.0,7590.25,7590.75,519
2026-05-29T12:53:00.000Z,ES,7591.0,7591.0,7590.0,7591.0,321
2026-05-29T12:54:00.000Z,ES,7591.0,7591.25,7590.25,7591.25,321
2026-05-29T12:55:00.000Z,ES,7591.0,7591.25,7590.0,7590.0,272
2026-05-29T12:56:00.000Z,ES,7590.0,7591.25,7590.0,7591.0,153
2026-05-29T12:57:00.000Z,ES,7591.25,7592.25,7590.75,7591.75,331
2026-05-29T12:58:00.000Z,ES,7591.75,7592.0,7591.25,7591.75,141
2026-05-29T12:59:00.000Z,ES,7591.75,7592.0,7591.25,7591.25,164
2026-05-29T13:00:00.000Z,ES,7591.5,7592.5,7590.5,7591.0,550
2026-05-29T13:01:00.000Z,ES,7590.75,7591.0,7590.25,7590.25,220
2026-05-29T13:02:00.000Z,ES,7590.5,7592.0,7590.5,7591.5,299
2026-05-29T13:03:00.000Z,ES,7591.5,7593.0,7591.25,7592.75,549
2026-05-29T13:04:00.000Z,ES,7593.0,7593.25,7592.0,7592.5,354
2026-05-29T13:05:00.000Z,ES,7592.25,7593.0,7591.75,7592.25,340
2026-05-29T13:06:00.000Z,ES,7592.25,7592.25,7591.0,7591.0,256
2026-05-29T13:07:00.000Z,ES,7591.0,7592.0,7591.0,7592.0,273
2026-05-29T13:08:00.000Z,ES,7591.75,7592.0,7591.25,7591.25,153
2026-05-29T13:09:00.000Z,ES,7591.25,7591.25,7590.0,7590.5,300
2026-05-29T13:10:00.000Z,ES,7590.25,7590.5,7589.5,7590.0,407
2026-05-29T13:11:00.000Z,ES,7590.0,7590.25,7589.0,7590.25,338
2026-05-29T13:12:00.000Z,ES,7590.25,7591.0,7590.25,7591.0,215
2026-05-29T13:13:00.000Z,ES,7591.0,7591.0,7589.5,7590.0,386
2026-05-29T13:14:00.000Z,ES,7590.0,7590.0,7589.0,7589.25,326
2026-05-29T13:15:00.000Z,ES,7589.25,7589.5,7587.75,7589.0,575
2026-05-29T13:16:00.000Z,ES,7589.0,7589.25,7587.75,7588.5,776
2026-05-29T13:17:00.000Z,ES,7588.5,7589.5,7588.25,7589.25,580
2026-05-29T13:18:00.000Z,ES,7589.25,7589.5,7588.0,7588.25,460
2026-05-29T13:19:00.000Z,ES,7588.25,7588.75,7588.0,7588.5,186
2026-05-29T13:20:00.000Z,ES,7588.5,7589.0,7588.0,7588.25,521
2026-05-29T13:21:00.000Z,ES,7588.25,7588.75,7588.0,7588.25,429
2026-05-29T13:22:00.000Z,ES,7588.25,7588.75,7587.75,7588.0,420
2026-05-29T13:23:00.000Z,ES,7588.0,7588.5,7587.25,7587.5,259
2026-05-29T13:24:00.000Z,ES,7587.75,7588.5,7587.25,7588.5,536
2026-05-29T13:25:00.000Z,ES,7588.5,7589.75,7588.5,7589.5,880
2026-05-29T13:26:00.000Z,ES,7589.25,7589.25,7588.25,7589.0,452
2026-05-29T13:27:00.000Z,ES,7588.75,7589.75,7588.5,7589.25,704
2026-05-29T13:28:00.000Z,ES,7589.25,7590.0,7587.75,7589.75,1245
2026-05-29T13:29:00.000Z,ES,7589.5,7591.0,7588.25,7590.75,2213
2026-05-29T13:30:00.000Z,ES,7590.5,7591.25,7586.75,7587.75,10681
2026-05-29T13:31:00.000Z,ES,7587.75,7592.5,7587.5,7592.25,6205
2026-05-29T13:32:00.000Z,ES,7592.25,7594.5,7591.25,7592.25,7743
2026-05-29T13:33:00.000Z,ES,7592.25,7594.5,7592.0,7593.0,5616
2026-05-29T13:34:00.000Z,ES,7593.25,7594.25,7591.25,7591.75,3638
2026-05-29T13:35:00.000Z,ES,7591.5,7596.25,7591.25,7595.5,4993
2026-05-29T13:36:00.000Z,ES,7595.5,7596.75,7594.5,7596.5,4106
2026-05-29T13:37:00.000Z,ES,7596.75,7598.0,7596.0,7597.75,4335
2026-05-29T13:38:00.000Z,ES,7597.75,7598.75,7596.25,7598.5,3159
2026-05-29T13:39:00.000Z,ES,7598.5,7598.75,7597.25,7598.75,2470
2026-05-29T13:40:00.000Z,ES,7598.75,7601.0,7597.0,7600.5,4414
2026-05-29T13:41:00.000Z,ES,7600.5,7604.25,7600.5,7604.25,4102
2026-05-29T13:42:00.000Z,ES,7604.25,7604.5,7602.25,7602.75,3842
2026-05-29T13:43:00.000Z,ES,7602.75,7604.25,7601.75,7601.75,4023
2026-05-29T13:44:00.000Z,ES,7602.0,7606.0,7601.25,7605.75,3951
2026-05-29T13:45:00.000Z,ES,7605.75,7608.75,7605.75,7606.25,5871
2026-05-29T13:46:00.000Z,ES,7606.0,7607.25,7604.0,7604.25,4816
2026-05-29T13:47:00.000Z,ES,7604.0,7608.0,7603.75,7607.75,4062
2026-05-29T13:48:00.000Z,ES,7607.75,7608.0,7605.5,7607.25,4783
2026-05-29T13:49:00.000Z,ES,7607.25,7607.5,7606.0,7607.0,3697
2026-05-29T13:50:00.000Z,ES,7607.25,7607.5,7604.75,7605.75,3030
2026-05-29T13:51:00.000Z,ES,7605.75,7606.25,7604.0,7605.25,3182
2026-05-29T13:52:00.000Z,ES,7605.0,7607.75,7604.5,7607.75,2560
2026-05-29T13:53:00.000Z,ES,7607.75,7609.5,7607.25,7609.25,3234
2026-05-29T13:54:00.000Z,ES,7609.25,7610.0,7608.0,7609.75,2661
2026-05-29T13:55:00.000Z,ES,7609.75,7609.75,7607.5,7608.0,2851
2026-05-29T13:56:00.000Z,ES,7608.0,7609.25,7606.75,7608.75,2220
2026-05-29T13:57:00.000Z,ES,7608.5,7609.0,7607.25,7607.75,1909
2026-05-29T13:58:00.000Z,ES,7607.75,7608.75,7607.25,7608.25,1768
2026-05-29T13:59:00.000Z,ES,7608.25,7609.25,7606.25,7609.0,2643
2026-05-29T14:00:00.000Z,ES,7608.75,7611.5,7606.25,7609.5,6467
2026-05-29T14:01:00.000Z,ES,7609.5,7610.75,7608.75,7609.5,2729
2026-05-29T14:02:00.000Z,ES,7609.5,7611.5,7609.0,7609.75,2845
2026-05-29T14:03:00.000Z,ES,7609.75,7610.5,7607.75,7608.5,3237
2026-05-29T14:04:00.000Z,ES,7608.75,7608.75,7606.25,7607.75,2862
2026-05-29T14:05:00.000Z,ES,7607.5,7608.5,7606.75,7607.5,2868
2026-05-29T14:06:00.000Z,ES,7607.75,7608.75,7606.0,7608.75,3220
2026-05-29T14:07:00.000Z,ES,7608.5,7609.0,7606.25,7606.75,2445
2026-05-29T14:08:00.000Z,ES,7606.75,7606.75,7603.5,7603.5,3279
2026-05-29T14:09:00.000Z,ES,7603.75,7605.5,7603.5,7604.0,2924
2026-05-29T14:10:00.000Z,ES,7604.0,7607.25,7603.5,7603.75,3513
2026-05-29T14:11:00.000Z,ES,7603.75,7606.0,7602.75,7605.75,3719
2026-05-29T14:12:00.000Z,ES,7605.5,7608.5,7604.75,7608.25,2680
2026-05-29T14:13:00.000Z,ES,7608.25,7608.25,7605.0,7606.0,2391
2026-05-29T14:14:00.000Z,ES,7606.0,7606.5,7604.0,7604.0,1881
2026-05-29T14:15:00.000Z,ES,7604.25,7604.25,7600.75,7601.0,5270
2026-05-29T14:16:00.000Z,ES,7601.25,7602.0,7599.25,7600.5,5019
2026-05-29T14:17:00.000Z,ES,7600.5,7601.25,7597.5,7598.0,4747
2026-05-29T14:18:00.000Z,ES,7598.0,7600.25,7597.75,7600.25,4348
2026-05-29T14:19:00.000Z,ES,7600.25,7600.25,7595.75,7598.5,5281
2026-05-29T14:20:00.000Z,ES,7598.25,7600.75,7598.25,7600.25,3879
2026-05-29T14:21:00.000Z,ES,7600.25,7600.25,7597.0,7597.25,3539
2026-05-29T14:22:00.000Z,ES,7597.5,7600.5,7596.5,7598.75,3419
2026-05-29T14:23:00.000Z,ES,7598.5,7600.5,7596.0,7596.25,3373
2026-05-29T14:24:00.000Z,ES,7596.25,7598.5,7593.25,7593.5,5040
2026-05-29T14:25:00.000Z,ES,7593.25,7595.0,7591.5,7593.25,7534
2026-05-29T14:26:00.000Z,ES,7593.25,7593.5,7589.25,7590.25,7860
2026-05-29T14:27:00.000Z,ES,7590.0,7595.0,7589.75,7594.75,6896
2026-05-29T14:28:00.000Z,ES,7594.5,7598.0,7593.75,7597.25,4897
2026-05-29T14:29:00.000Z,ES,7597.25,7597.5,7593.5,7597.0,4207
2026-05-29T14:30:00.000Z,ES,7596.75,7598.5,7596.25,7597.5,4443
2026-05-29T14:31:00.000Z,ES,7597.75,7598.5,7595.25,7596.5,4039
2026-05-29T14:32:00.000Z,ES,7596.5,7598.0,7592.75,7593.75,4996
2026-05-29T14:33:00.000Z,ES,7593.75,7596.5,7592.75,7595.75,3392
2026-05-29T14:34:00.000Z,ES,7595.75,7599.75,7595.0,7599.75,4266
2026-05-29T14:35:00.000Z,ES,7599.75,7600.25,7595.25,7596.5,4160
2026-05-29T14:36:00.000Z,ES,7596.25,7596.75,7592.75,7594.75,4219
2026-05-29T14:37:00.000Z,ES,7594.5,7594.75,7587.75,7588.25,4842
2026-05-29T14:38:00.000Z,ES,7588.25,7591.25,7587.5,7590.25,5382
2026-05-29T14:39:00.000Z,ES,7590.0,7590.0,7586.75,7587.0,4907
2026-05-29T14:40:00.000Z,ES,7586.75,7590.25,7586.25,7587.75,5673
2026-05-29T14:41:00.000Z,ES,7587.5,7589.5,7586.5,7588.25,4855
2026-05-29T14:42:00.000Z,ES,7588.0,7588.0,7582.75,7584.0,7396
2026-05-29T14:43:00.000Z,ES,7584.0,7585.0,7582.25,7582.75,5451
2026-05-29T14:44:00.000Z,ES,7583.0,7586.75,7581.75,7582.75,6122
2026-05-29T14:45:00.000Z,ES,7582.25,7582.5,7577.5,7580.25,7647
2026-05-29T14:46:00.000Z,ES,7580.0,7580.5,7577.75,7579.5,4381
2026-05-29T14:47:00.000Z,ES,7579.25,7581.75,7578.75,7580.75,5104
2026-05-29T14:48:00.000Z,ES,7580.75,7584.0,7580.0,7583.25,4752
2026-05-29T14:49:00.000Z,ES,7583.5,7583.75,7580.25,7580.5,3566
2026-05-29T14:50:00.000Z,ES,7580.5,7584.0,7579.5,7582.25,3549
2026-05-29T14:51:00.000Z,ES,7582.5,7594.75,7580.0,7588.75,17901
2026-05-29T14:52:00.000Z,ES,7588.75,7595.25,7588.5,7594.25,10772
2026-05-29T14:53:00.000Z,ES,7594.5,7598.25,7592.25,7592.25,8758
2026-05-29T14:54:00.000Z,ES,7592.5,7594.75,7586.75,7588.75,5641
2026-05-29T14:55:00.000Z,ES,7588.75,7594.25,7588.5,7593.25,3088
2026-05-29T14:56:00.000Z,ES,7593.5,7595.75,7592.5,7594.5,4117
2026-05-29T14:57:00.000Z,ES,7594.75,7595.75,7593.0,7594.75,2750
2026-05-29T14:58:00.000Z,ES,7594.75,7595.25,7591.25,7591.75,2544
2026-05-29T14:59:00.000Z,ES,7592.0,7592.0,7589.75,7590.75,2367
2026-05-29T15:00:00.000Z,ES,7591.0,7593.75,7589.75,7589.75,2670
2026-05-29T15:01:00.000Z,ES,7589.75,7594.75,7589.25,7593.75,3249
2026-05-29T15:02:00.000Z,ES,7594.0,7594.25,7590.5,7592.75,2720
2026-05-29T15:03:00.000Z,ES,7592.5,7593.5,7591.75,7592.75,2272
2026-05-29T15:04:00.000Z,ES,7592.75,7594.5,7592.5,7594.0,2073
2026-05-29T15:05:00.000Z,ES,7593.75,7594.0,7590.5,7591.5,3055
2026-05-29T15:06:00.000Z,ES,7591.5,7595.25,7591.25,7594.25,2430
2026-05-29T15:07:00.000Z,ES,7594.0,7596.0,7593.25,7594.75,2580
2026-05-29T15:08:00.000Z,ES,7594.5,7597.5,7594.25,7597.5,3953
2026-05-29T15:09:00.000Z,ES,7597.25,7598.25,7596.75,7597.25,2366
2026-05-29T15:10:00.000Z,ES,7597.25,7599.75,7597.25,7599.25,3556
2026-05-29T15:11:00.000Z,ES,7599.25,7601.0,7599.0,7600.5,3838
2026-05-29T15:12:00.000Z,ES,7600.5,7603.25,7600.5,7602.5,4015
2026-05-29T15:13:00.000Z,ES,7602.25,7603.5,7601.25,7602.75,3193
2026-05-29T15:14:00.000Z,ES,7602.75,7603.5,7602.0,7603.5,2803
2026-05-29T15:15:00.000Z,ES,7603.25,7604.75,7603.25,7604.25,3463
2026-05-29T15:16:00.000Z,ES,7604.25,7604.75,7601.5,7602.0,3191
2026-05-29T15:17:00.000Z,ES,7601.75,7603.0,7600.75,7601.0,2656
2026-05-29T15:18:00.000Z,ES,7601.0,7601.75,7599.5,7600.25,2890
2026-05-29T15:19:00.000Z,ES,7600.25,7601.25,7599.0,7599.0,2010
2026-05-29T15:20:00.000Z,ES,7599.25,7599.25,7593.25,7595.25,4639
2026-05-29T15:21:00.000Z,ES,7595.25,7597.0,7594.75,7596.25,2271
2026-05-29T15:22:00.000Z,ES,7596.25,7599.25,7596.0,7598.75,1901
2026-05-29T15:23:00.000Z,ES,7598.75,7600.0,7597.75,7599.5,2154
2026-05-29T15:24:00.000Z,ES,7599.5,7600.75,7599.0,7599.25,1584
2026-05-29T15:25:00.000Z,ES,7599.0,7599.5,7595.5,7596.75,2007
2026-05-29T15:26:00.000Z,ES,7596.75,7599.0,7596.75,7598.5,1740
2026-05-29T15:27:00.000Z,ES,7598.5,7599.5,7597.0,7598.25,2624
2026-05-29T15:28:00.000Z,ES,7598.25,7602.0,7598.25,7601.25,2915
2026-05-29T15:29:00.000Z,ES,7601.5,7603.5,7597.75,7598.25,5838
2026-05-29T15:30:00.000Z,ES,7598.5,7601.25,7597.75,7601.25,5829
2026-05-29T15:31:00.000Z,ES,7601.0,7601.0,7599.25,7600.25,3054
2026-05-29T15:32:00.000Z,ES,7600.25,7601.5,7600.0,7601.0,1632
2026-05-29T15:33:00.000Z,ES,7601.0,7603.0,7600.5,7601.75,1735
2026-05-29T15:34:00.000Z,ES,7601.5,7602.75,7600.0,7600.25,3172
2026-05-29T15:35:00.000Z,ES,7600.25,7602.5,7600.0,7602.25,2337
2026-05-29T15:36:00.000Z,ES,7602.5,7603.5,7602.0,7603.25,1544
2026-05-29T15:37:00.000Z,ES,7603.25,7603.5,7598.0,7599.25,6423
2026-05-29T15:38:00.000Z,ES,7599.0,7601.25,7598.75,7600.75,2964
2026-05-29T15:39:00.000Z,ES,7601.0,7602.5,7600.5,7602.0,1655
2026-05-29T15:40:00.000Z,ES,7602.0,7603.75,7602.0,7603.5,1454
2026-05-29T15:41:00.000Z,ES,7603.75,7604.0,7599.75,7600.75,5640
2026-05-29T15:42:00.000Z,ES,7600.5,7601.5,7598.5,7599.0,3121
2026-05-29T15:43:00.000Z,ES,7599.0,7599.25,7596.5,7596.5,3675
2026-05-29T15:51:00.000Z,ES,7597.25,7598.75,7597.0,7598.5,16292
2026-05-29T15:52:00.000Z,ES,7598.5,7599.5,7596.75,7596.75,1635
2026-05-29T15:53:00.000Z,ES,7596.75,7597.25,7595.0,7596.0,1238
2026-05-29T15:54:00.000Z,ES,7596.25,7597.75,7596.25,7597.0,1181
2026-05-29T15:55:00.000Z,ES,7596.75,7597.75,7595.5,7596.75,1261
2026-05-29T15:56:00.000Z,ES,7596.75,7597.0,7595.5,7596.25,1317
2026-05-29T15:57:00.000Z,ES,7596.25,7596.5,7593.5,7594.25,1864
2026-05-29T15:58:00.000Z,ES,7594.25,7595.5,7594.25,7595.0,1154
2026-05-29T15:59:00.000Z,ES,7594.75,7596.0,7594.25,7594.75,1058
2026-05-29T16:00:00.000Z,ES,7594.75,7595.5,7593.75,7595.0,1581
2026-05-29T16:01:00.000Z,ES,7595.0,7598.0,7594.25,7597.5,1699
2026-05-29T16:02:00.000Z,ES,7597.5,7599.5,7597.25,7597.75,1480
2026-05-29T16:03:00.000Z,ES,7597.75,7599.75,7597.75,7599.5,1084
2026-05-29T16:04:00.000Z,ES,7599.25,7600.0,7599.0,7599.5,1056
2026-05-29T16:05:00.000Z,ES,7599.75,7600.0,7598.75,7599.5,865
2026-05-29T16:06:00.000Z,ES,7599.5,7601.0,7599.5,7600.75,1343
2026-05-29T16:07:00.000Z,ES,7601.0,7602.25,7600.75,7601.0,1347
2026-05-29T16:08:00.000Z,ES,7601.0,7603.0,7601.0,7603.0,1264
2026-05-29T16:09:00.000Z,ES,7603.0,7603.25,7602.25,7603.0,997
2026-05-29T16:10:00.000Z,ES,7603.25,7605.25,7602.75,7604.5,2555
2026-05-29T16:11:00.000Z,ES,7604.75,7605.0,7602.75,7603.25,1800
2026-05-29T16:12:00.000Z,ES,7603.5,7604.5,7603.0,7603.75,1170
2026-05-29T16:13:00.000Z,ES,7603.5,7604.25,7602.25,7604.25,2302
2026-05-29T16:14:00.000Z,ES,7604.25,7604.25,7602.75,7603.25,1125
2026-05-29T16:15:00.000Z,ES,7603.25,7603.5,7602.0,7603.25,1476
2026-05-29T16:16:00.000Z,ES,7603.25,7604.0,7602.25,7603.0,1083
2026-05-29T16:17:00.000Z,ES,7603.0,7603.25,7601.0,7601.5,1090
2026-05-29T16:18:00.000Z,ES,7601.5,7601.75,7598.5,7598.5,1755
2026-05-29T16:19:00.000Z,ES,7598.75,7599.75,7598.75,7599.0,1051
2026-05-29T16:20:00.000Z,ES,7598.75,7599.25,7598.25,7599.0,1305
2026-05-29T16:21:00.000Z,ES,7599.0,7600.75,7598.75,7600.0,1549
2026-05-29T16:22:00.000Z,ES,7600.25,7602.5,7600.0,7601.75,1490
2026-05-29T16:23:00.000Z,ES,7602.0,7603.0,7601.25,7602.75,1010
2026-05-29T16:24:00.000Z,ES,7602.75,7603.25,7600.5,7600.5,1623
2026-05-29T16:25:00.000Z,ES,7600.5,7600.5,7597.5,7597.75,1985
2026-05-29T16:26:00.000Z,ES,7598.0,7598.0,7597.25,7597.75,1224
2026-05-29T16:27:00.000Z,ES,7597.75,7599.0,7597.5,7597.75,1181
2026-05-29T16:28:00.000Z,ES,7597.75,7598.75,7597.5,7598.25,856
2026-05-29T16:29:00.000Z,ES,7598.25,7598.75,7597.75,7598.0,951
2026-05-29T16:30:00.000Z,ES,7598.0,7598.0,7596.25,7596.75,1763
2026-05-29T16:31:00.000Z,ES,7596.75,7602.0,7595.25,7600.25,9996
2026-05-29T16:32:00.000Z,ES,7600.5,7601.75,7599.5,7600.75,2553
2026-05-29T16:33:00.000Z,ES,7600.75,7603.75,7600.75,7603.75,1869
2026-05-29T16:34:00.000Z,ES,7603.75,7604.5,7603.0,7603.25,1469
2026-05-29T16:35:00.000Z,ES,7603.25,7604.0,7602.75,7603.25,1784
2026-05-29T16:36:00.000Z,ES,7603.0,7604.0,7602.5,7603.25,1960
2026-05-29T16:37:00.000Z,ES,7603.25,7606.75,7603.0,7604.5,5913
2026-05-29T16:38:00.000Z,ES,7604.75,7606.0,7604.0,7606.0,1819
2026-05-29T16:39:00.000Z,ES,7606.0,7607.75,7605.5,7607.25,4077
2026-05-29T16:40:00.000Z,ES,7607.25,7608.5,7607.0,7607.75,2712
2026-05-29T16:41:00.000Z,ES,7607.75,7608.25,7607.0,7607.25,1592
2026-05-29T16:42:00.000Z,ES,7607.5,7607.5,7605.0,7605.5,2114
2026-05-29T16:43:00.000Z,ES,7605.5,7605.75,7605.0,7605.5,1109
2026-05-29T16:44:00.000Z,ES,7605.5,7605.5,7604.25,7605.25,1553
2026-05-29T16:45:00.000Z,ES,7605.0,7606.0,7603.0,7603.5,1596
2026-05-29T16:46:00.000Z,ES,7603.5,7605.0,7603.25,7605.0,1219
2026-05-29T16:47:00.000Z,ES,7605.0,7606.0,7602.75,7603.5,2411
2026-05-29T16:48:00.000Z,ES,7603.5,7604.0,7603.0,7603.25,1039
2026-05-29T16:49:00.000Z,ES,7603.25,7603.25,7601.75,7602.0,3053
2026-05-29T16:50:00.000Z,ES,7602.0,7602.25,7600.0,7600.5,1823
2026-05-29T16:51:00.000Z,ES,7600.5,7602.0,7599.75,7600.0,1388
2026-05-29T16:52:00.000Z,ES,7600.0,7600.5,7598.0,7600.5,1739
2026-05-29T16:53:00.000Z,ES,7600.5,7601.5,7600.25,7600.5,1290
2026-05-29T16:54:00.000Z,ES,7600.75,7601.25,7599.75,7600.0,1151
2026-05-29T16:55:00.000Z,ES,7599.75,7600.5,7597.5,7597.5,2218
2026-05-29T16:56:00.000Z,ES,7597.25,7598.25,7595.5,7597.5,2680
2026-05-29T16:57:00.000Z,ES,7597.75,7598.0,7595.5,7597.5,1974
2026-05-29T16:58:00.000Z,ES,7597.75,7598.25,7596.75,7597.25,1445
2026-05-29T16:59:00.000Z,ES,7597.0,7598.75,7597.0,7598.25,1292
2026-05-29T17:00:00.000Z,ES,7598.0,7599.25,7597.5,7598.5,1616
2026-05-29T17:01:00.000Z,ES,7598.75,7600.5,7598.5,7600.25,1466
2026-05-29T17:02:00.000Z,ES,7600.5,7600.5,7599.0,7599.75,1144
2026-05-29T17:03:00.000Z,ES,7600.0,7600.0,7597.25,7597.75,1181
2026-05-29T17:04:00.000Z,ES,7598.0,7598.75,7596.0,7596.5,2447
2026-05-29T17:05:00.000Z,ES,7596.75,7596.75,7595.25,7596.0,1990
2026-05-29T17:06:00.000Z,ES,7596.0,7598.5,7596.0,7598.0,1534
2026-05-29T17:07:00.000Z,ES,7597.75,7598.5,7597.5,7598.5,1084
2026-05-29T17:08:00.000Z,ES,7598.5,7598.5,7597.25,7598.25,718
2026-05-29T17:09:00.000Z,ES,7598.5,7598.75,7597.5,7597.75,932
2026-05-29T17:10:00.000Z,ES,7597.75,7599.75,7597.25,7597.25,1129
2026-05-29T17:11:00.000Z,ES,7597.5,7597.75,7595.5,7596.25,1690
2026-05-29T17:12:00.000Z,ES,7596.5,7598.0,7595.5,7596.75,2631
2026-05-29T17:13:00.000Z,ES,7596.75,7598.5,7596.5,7598.25,905
2026-05-29T17:14:00.000Z,ES,7598.25,7598.75,7597.5,7597.75,856
2026-05-29T17:15:00.000Z,ES,7597.75,7598.75,7596.75,7598.0,1625
2026-05-29T17:16:00.000Z,ES,7598.25,7600.0,7598.0,7599.5,1138
2026-05-29T17:17:00.000Z,ES,7599.75,7600.25,7598.75,7598.75,770
2026-05-29T17:18:00.000Z,ES,7598.75,7598.75,7597.5,7598.0,745
2026-05-29T17:19:00.000Z,ES,7598.25,7599.25,7597.75,7598.5,693
2026-05-29T17:20:00.000Z,ES,7598.5,7599.0,7595.5,7596.0,2018
2026-05-29T17:21:00.000Z,ES,7595.75,7596.25,7592.5,7594.25,5544
2026-05-29T17:22:00.000Z,ES,7594.5,7594.75,7592.5,7594.0,2113
2026-05-29T17:23:00.000Z,ES,7594.0,7594.5,7592.0,7594.25,2842
2026-05-29T17:24:00.000Z,ES,7594.25,7599.25,7594.0,7596.75,5485
2026-05-29T17:25:00.000Z,ES,7597.0,7597.25,7593.25,7594.5,2302
2026-05-29T17:26:00.000Z,ES,7594.25,7595.0,7594.25,7594.25,1200
2026-05-29T17:27:00.000Z,ES,7594.0,7595.0,7593.75,7594.75,1245
2026-05-29T17:28:00.000Z,ES,7594.75,7596.25,7594.25,7596.25,1163
2026-05-29T17:29:00.000Z,ES,7596.5,7597.0,7596.0,7596.0,1083
2026-05-29T17:30:00.000Z,ES,7596.25,7597.25,7595.0,7595.0,1311
2026-05-29T17:31:00.000Z,ES,7595.25,7596.5,7594.5,7595.75,1362
2026-05-29T17:32:00.000Z,ES,7595.75,7595.75,7594.25,7595.0,1561
2026-05-29T17:33:00.000Z,ES,7595.0,7595.5,7593.5,7594.25,2036
2026-05-29T17:34:00.000Z,ES,7594.25,7595.75,7593.5,7595.0,1213
2026-05-29T17:35:00.000Z,ES,7595.25,7595.5,7593.75,7594.0,1372
2026-05-29T17:36:00.000Z,ES,7594.0,7594.5,7592.75,7594.25,1212
2026-05-29T17:37:00.000Z,ES,7594.25,7594.75,7593.25,7594.75,960
2026-05-29T17:38:00.000Z,ES,7594.5,7596.25,7593.75,7593.75,1242
2026-05-29T17:39:00.000Z,ES,7593.75,7594.25,7592.75,7594.0,936
2026-05-29T17:40:00.000Z,ES,7593.75,7595.0,7592.75,7593.25,1211
2026-05-29T17:41:00.000Z,ES,7593.5,7594.25,7592.0,7592.75,1165
2026-05-29T17:42:00.000Z,ES,7592.5,7593.5,7591.25,7591.5,1157
2026-05-29T17:43:00.000Z,ES,7591.5,7592.0,7590.75,7590.75,1360
2026-05-29T17:44:00.000Z,ES,7590.75,7591.75,7590.25,7590.75,1211
2026-05-29T17:45:00.000Z,ES,7591.0,7592.0,7590.0,7590.75,1707
2026-05-29T17:46:00.000Z,ES,7591.0,7591.0,7590.0,7590.75,2002
2026-05-29T17:47:00.000Z,ES,7591.0,7591.75,7590.25,7590.75,1329
2026-05-29T17:48:00.000Z,ES,7590.75,7591.5,7590.25,7591.0,1013
2026-05-29T17:49:00.000Z,ES,7591.25,7591.5,7590.75,7591.25,876
2026-05-29T17:50:00.000Z,ES,7591.0,7591.25,7588.75,7591.0,2323
2026-05-29T17:51:00.000Z,ES,7590.75,7593.25,7590.75,7593.0,1919
2026-05-29T17:52:00.000Z,ES,7592.75,7592.75,7590.5,7590.75,1349
2026-05-29T17:53:00.000Z,ES,7590.5,7591.25,7589.5,7589.75,1603
2026-05-29T17:54:00.000Z,ES,7589.75,7590.0,7588.5,7588.5,1861
2026-05-29T17:55:00.000Z,ES,7588.5,7588.75,7585.75,7586.25,3635
2026-05-29T17:56:00.000Z,ES,7586.25,7587.0,7585.5,7586.0,2229
2026-05-29T17:57:00.000Z,ES,7585.75,7586.0,7583.25,7585.25,3121
2026-05-29T17:58:00.000Z,ES,7585.25,7585.5,7584.0,7584.25,2651
2026-05-29T17:59:00.000Z,ES,7584.5,7584.75,7582.5,7583.5,2934
2026-05-29T18:00:00.000Z,ES,7583.25,7584.0,7581.75,7583.25,3493
2026-05-29T18:01:00.000Z,ES,7583.25,7585.5,7583.25,7583.75,2372
2026-05-29T18:02:00.000Z,ES,7583.75,7587.75,7583.0,7587.0,3029
2026-05-29T18:03:00.000Z,ES,7586.75,7587.5,7585.75,7587.25,1978
2026-05-29T18:04:00.000Z,ES,7587.0,7588.25,7586.75,7588.0,1465
2026-05-29T18:05:00.000Z,ES,7588.0,7589.0,7587.75,7588.0,1722
2026-05-29T18:06:00.000Z,ES,7588.25,7588.75,7587.25,7588.75,1712
2026-05-29T18:07:00.000Z,ES,7588.5,7589.5,7588.25,7589.5,1400
2026-05-29T18:08:00.000Z,ES,7589.75,7589.75,7587.5,7588.75,1539
2026-05-29T18:09:00.000Z,ES,7588.75,7590.0,7588.5,7590.0,940
2026-05-29T18:10:00.000Z,ES,7590.0,7590.5,7588.5,7589.25,1710
2026-05-29T18:11:00.000Z,ES,7589.0,7591.5,7588.75,7591.25,1860
2026-05-29T18:12:00.000Z,ES,7591.25,7591.75,7590.0,7590.25,1323
2026-05-29T18:13:00.000Z,ES,7590.0,7590.0,7589.0,7589.25,1179
2026-05-29T18:14:00.000Z,ES,7589.25,7589.25,7585.75,7588.0,2923
2026-05-29T18:15:00.000Z,ES,7588.0,7588.5,7587.0,7587.5,1803
2026-05-29T18:16:00.000Z,ES,7587.25,7587.5,7586.5,7586.5,1141
2026-05-29T18:17:00.000Z,ES,7586.5,7587.5,7586.25,7586.75,973
2026-05-29T18:18:00.000Z,ES,7586.75,7589.5,7586.5,7588.25,3087
2026-05-29T18:19:00.000Z,ES,7588.25,7590.0,7588.25,7589.75,1405
2026-05-29T18:20:00.000Z,ES,7589.75,7591.25,7589.5,7590.0,2050
2026-05-29T18:21:00.000Z,ES,7590.0,7591.0,7589.5,7590.0,1075
2026-05-29T18:22:00.000Z,ES,7590.0,7592.5,7589.75,7592.25,1976
2026-05-29T18:23:00.000Z,ES,7592.0,7592.5,7591.5,7592.25,1181
2026-05-29T18:24:00.000Z,ES,7592.25,7592.75,7591.75,7592.75,985
2026-05-29T18:25:00.000Z,ES,7592.75,7592.75,7591.0,7591.75,1018
2026-05-29T18:26:00.000Z,ES,7592.0,7593.75,7591.75,7593.75,1169
2026-05-29T18:27:00.000Z,ES,7593.5,7594.25,7593.0,7594.25,1221
2026-05-29T18:28:00.000Z,ES,7594.0,7594.75,7593.75,7594.25,1596
2026-05-29T18:29:00.000Z,ES,7594.0,7594.5,7593.0,7593.5,1085
2026-05-29T18:30:00.000Z,ES,7593.5,7596.5,7593.5,7595.5,2201
2026-05-29T18:31:00.000Z,ES,7595.5,7597.5,7595.0,7597.5,1811
2026-05-29T18:32:00.000Z,ES,7597.5,7597.75,7596.5,7597.0,1235
2026-05-29T18:33:00.000Z,ES,7596.75,7597.0,7596.0,7596.75,1207
2026-05-29T18:34:00.000Z,ES,7596.75,7598.25,7596.75,7597.5,1670
2026-05-29T18:35:00.000Z,ES,7597.25,7598.0,7596.5,7597.0,1175
2026-05-29T18:36:00.000Z,ES,7596.75,7597.0,7595.75,7596.5,1640
2026-05-29T18:37:00.000Z,ES,7596.5,7597.5,7595.5,7596.0,1594
2026-05-29T18:38:00.000Z,ES,7595.75,7596.0,7594.5,7594.5,1309
2026-05-29T18:39:00.000Z,ES,7594.5,7597.0,7594.5,7596.5,1274
2026-05-29T18:40:00.000Z,ES,7596.5,7597.5,7596.25,7596.25,1208
2026-05-29T18:41:00.000Z,ES,7596.25,7596.5,7595.0,7595.5,1187
2026-05-29T18:42:00.000Z,ES,7595.5,7595.75,7594.75,7594.75,1121
2026-05-29T18:43:00.000Z,ES,7594.75,7596.25,7594.0,7596.0,1466
2026-05-29T18:44:00.000Z,ES,7596.0,7596.25,7593.75,7594.75,996
2026-05-29T18:45:00.000Z,ES,7594.75,7594.75,7584.75,7586.75,10018
2026-05-29T18:46:00.000Z,ES,7587.0,7589.25,7586.0,7588.75,5979
2026-05-29T18:47:00.000Z,ES,7588.75,7590.25,7587.75,7588.75,3900
2026-05-29T18:48:00.000Z,ES,7588.75,7589.75,7587.5,7588.25,3032
2026-05-29T18:49:00.000Z,ES,7588.5,7589.25,7587.5,7588.75,1761
2026-05-29T18:50:00.000Z,ES,7588.75,7590.5,7587.5,7589.5,1419
2026-05-29T18:51:00.000Z,ES,7589.5,7589.5,7585.5,7586.0,2880
2026-05-29T18:52:00.000Z,ES,7586.0,7587.5,7585.5,7586.0,2335
2026-05-29T18:53:00.000Z,ES,7586.0,7587.25,7585.25,7587.0,1324
2026-05-29T18:54:00.000Z,ES,7586.75,7588.25,7586.75,7587.5,1442
2026-05-29T18:55:00.000Z,ES,7587.25,7588.75,7586.5,7588.0,2049
2026-05-29T18:56:00.000Z,ES,7587.75,7589.25,7587.0,7587.0,1623
2026-05-29T18:57:00.000Z,ES,7587.0,7587.25,7585.5,7585.75,1481
2026-05-29T18:58:00.000Z,ES,7586.0,7586.0,7584.5,7585.5,2323
2026-05-29T18:59:00.000Z,ES,7585.5,7586.0,7584.5,7585.25,1707
2026-05-29T19:00:00.000Z,ES,7585.25,7587.25,7584.0,7584.25,2500
2026-05-29T19:01:00.000Z,ES,7584.25,7586.5,7583.75,7586.25,1995
2026-05-29T19:02:00.000Z,ES,7586.25,7587.75,7585.75,7587.25,1484
2026-05-29T19:03:00.000Z,ES,7587.0,7589.5,7587.0,7589.25,2479
2026-05-29T19:04:00.000Z,ES,7589.25,7590.0,7588.25,7589.25,1994
2026-05-29T19:05:00.000Z,ES,7589.25,7591.75,7589.0,7591.0,1819
2026-05-29T19:06:00.000Z,ES,7590.75,7591.5,7590.25,7591.25,1456
2026-05-29T19:07:00.000Z,ES,7591.0,7593.0,7591.0,7593.0,1409
2026-05-29T19:08:00.000Z,ES,7593.0,7593.5,7592.25,7592.75,1797
2026-05-29T19:09:00.000Z,ES,7592.75,7593.75,7592.25,7593.25,1507
2026-05-29T19:10:00.000Z,ES,7593.0,7593.5,7592.25,7593.5,1281
2026-05-29T19:11:00.000Z,ES,7593.25,7595.25,7592.75,7594.75,2447
2026-05-29T19:12:00.000Z,ES,7595.0,7595.75,7594.25,7595.25,1660
2026-05-29T19:13:00.000Z,ES,7595.25,7595.75,7594.5,7595.5,1898
2026-05-29T19:14:00.000Z,ES,7595.25,7595.75,7593.75,7594.5,1862
2026-05-29T19:15:00.000Z,ES,7594.5,7595.25,7593.75,7593.75,2193
2026-05-29T19:16:00.000Z,ES,7593.75,7594.5,7592.25,7594.5,4291
2026-05-29T19:17:00.000Z,ES,7594.5,7594.5,7591.25,7591.75,3315
2026-05-29T19:18:00.000Z,ES,7592.0,7592.5,7590.75,7591.0,2412
2026-05-29T19:19:00.000Z,ES,7591.0,7593.25,7590.25,7592.5,3129
2026-05-29T19:20:00.000Z,ES,7592.5,7593.5,7591.5,7592.75,1781
2026-05-29T19:21:00.000Z,ES,7592.75,7594.0,7592.25,7593.0,2813
2026-05-29T19:22:00.000Z,ES,7593.25,7594.5,7593.25,7593.75,1628
2026-05-29T19:23:00.000Z,ES,7594.0,7595.75,7593.75,7595.25,1779
2026-05-29T19:24:00.000Z,ES,7595.25,7596.75,7594.75,7595.5,2403
2026-05-29T19:25:00.000Z,ES,7595.5,7596.0,7594.75,7595.0,1794
2026-05-29T19:26:00.000Z,ES,7595.25,7596.5,7593.75,7596.5,2156
2026-05-29T19:27:00.000Z,ES,7596.5,7598.0,7596.25,7598.0,2410
2026-05-29T19:28:00.000Z,ES,7597.75,7599.5,7597.5,7599.5,1867
2026-05-29T19:29:00.000Z,ES,7599.25,7599.5,7598.5,7599.25,2104
2026-05-29T19:30:00.000Z,ES,7599.5,7600.5,7599.0,7600.0,3341
2026-05-29T19:31:00.000Z,ES,7600.0,7602.25,7599.5,7602.0,3020
2026-05-29T19:32:00.000Z,ES,7601.75,7602.25,7600.75,7601.75,2343
2026-05-29T19:33:00.000Z,ES,7601.75,7602.25,7601.25,7602.0,2105
2026-05-29T19:34:00.000Z,ES,7602.0,7603.0,7601.25,7602.75,2729
2026-05-29T19:35:00.000Z,ES,7602.75,7604.25,7602.0,7603.5,3041
2026-05-29T19:36:00.000Z,ES,7603.5,7603.75,7601.25,7603.0,3327
2026-05-29T19:37:00.000Z,ES,7603.0,7604.75,7602.75,7604.5,2375
2026-05-29T19:38:00.000Z,ES,7604.5,7605.75,7604.0,7605.75,2671
2026-05-29T19:39:00.000Z,ES,7605.75,7605.75,7603.5,7605.0,4039
2026-05-29T19:40:00.000Z,ES,7605.25,7605.5,7603.5,7604.75,2462
2026-05-29T19:41:00.000Z,ES,7604.75,7606.25,7604.5,7606.25,3375
2026-05-29T19:42:00.000Z,ES,7606.0,7607.0,7604.0,7604.5,3828
2026-05-29T19:43:00.000Z,ES,7604.5,7605.5,7604.25,7604.25,2751
2026-05-29T19:44:00.000Z,ES,7604.25,7604.75,7602.5,7602.5,3510
2026-05-29T19:45:00.000Z,ES,7602.5,7604.25,7602.5,7603.5,2946
2026-05-29T19:46:00.000Z,ES,7603.5,7603.5,7600.75,7600.75,3387
2026-05-29T19:47:00.000Z,ES,7600.75,7602.75,7600.25,7601.25,2981
2026-05-29T19:48:00.000Z,ES,7601.25,7603.5,7601.0,7603.5,2373
2026-05-29T19:49:00.000Z,ES,7603.75,7603.75,7602.25,7602.75,2152
2026-05-29T19:50:00.000Z,ES,7602.75,7604.0,7599.25,7600.25,10607
2026-05-29T19:51:00.000Z,ES,7600.0,7600.25,7596.25,7597.25,7646
2026-05-29T19:52:00.000Z,ES,7597.25,7600.25,7596.75,7597.75,5900
2026-05-29T19:53:00.000Z,ES,7597.5,7599.0,7595.75,7596.0,6324
2026-05-29T19:54:00.000Z,ES,7596.0,7597.5,7594.5,7596.25,8950
2026-05-29T19:55:00.000Z,ES,7596.25,7598.25,7595.25,7597.0,9189
2026-05-29T19:56:00.000Z,ES,7596.75,7597.0,7595.0,7595.5,5301
2026-05-29T19:57:00.000Z,ES,7595.75,7596.0,7594.0,7594.5,6008
2026-05-29T19:58:00.000Z,ES,7594.75,7596.25,7594.5,7594.75,9683
2026-05-29T19:59:00.000Z,ES,7594.5,7599.0,7593.0,7594.5,131841
2026-05-29T20:00:00.000Z,ES,7594.75,7598.5,7593.25,7597.5,29220
2026-05-29T20:01:00.000Z,ES,7597.25,7598.25,7596.5,7598.0,3509
2026-05-29T20:02:00.000Z,ES,7598.25,7598.25,7596.25,7596.25,2651
2026-05-29T20:03:00.000Z,ES,7596.5,7597.25,7595.75,7596.5,2093
2026-05-29T20:04:00.000Z,ES,7596.5,7598.75,7596.25,7598.25,1901
2026-05-29T20:05:00.000Z,ES,7598.25,7598.5,7596.75,7597.0,1361
2026-05-29T20:06:00.000Z,ES,7596.75,7597.25,7595.75,7597.25,1123
2026-05-29T20:07:00.000Z,ES,7597.0,7598.0,7596.5,7597.0,1238
2026-05-29T20:08:00.000Z,ES,7597.0,7599.0,7597.0,7598.0,1340
2026-05-29T20:09:00.000Z,ES,7598.25,7598.25,7597.0,7597.75,736
2026-05-29T20:10:00.000Z,ES,7597.75,7598.0,7596.25,7596.5,1358
2026-05-29T20:11:00.000Z,ES,7596.5,7596.5,7595.25,7595.25,1489
2026-05-29T20:12:00.000Z,ES,7595.25,7596.0,7594.5,7594.75,1697
2026-05-29T20:13:00.000Z,ES,7594.75,7595.75,7594.5,7594.75,831
2026-05-29T20:14:00.000Z,ES,7595.0,7596.75,7594.5,7596.25,1296
2026-05-29T20:15:00.000Z,ES,7596.5,7596.5,7594.0,7594.0,788
2026-05-29T20:16:00.000Z,ES,7593.75,7594.5,7593.0,7594.5,980
2026-05-29T20:17:00.000Z,ES,7594.5,7594.75,7593.0,7593.25,555
2026-05-29T20:18:00.000Z,ES,7593.25,7593.5,7592.25,7592.5,630
2026-05-29T20:19:00.000Z,ES,7592.5,7592.5,7591.0,7591.75,555
2026-05-29T20:20:00.000Z,ES,7591.75,7592.25,7590.5,7591.0,1184
2026-05-29T20:21:00.000Z,ES,7590.75,7592.0,7590.75,7590.75,380
2026-05-29T20:22:00.000Z,ES,7591.0,7591.0,7590.25,7590.5,588
2026-05-29T20:23:00.000Z,ES,7590.5,7590.75,7590.0,7590.5,361
2026-05-29T20:24:00.000Z,ES,7590.5,7594.0,7590.5,7593.0,940
2026-05-29T20:25:00.000Z,ES,7593.0,7593.25,7590.5,7590.5,672
2026-05-29T20:26:00.000Z,ES,7590.5,7590.5,7589.25,7589.5,640
2026-05-29T20:27:00.000Z,ES,7589.75,7590.25,7589.25,7590.25,636
2026-05-29T20:28:00.000Z,ES,7590.25,7590.75,7589.75,7590.5,498
2026-05-29T20:29:00.000Z,ES,7590.25,7590.75,7589.25,7590.75,1182
2026-05-29T20:30:00.000Z,ES,7591.0,7591.5,7590.0,7590.75,440
2026-05-29T20:31:00.000Z,ES,7590.5,7591.0,7590.25,7590.75,267
2026-05-29T20:32:00.000Z,ES,7590.75,7591.25,7590.25,7590.75,394
2026-05-29T20:33:00.000Z,ES,7591.0,7591.75,7591.0,7591.5,485
2026-05-29T20:34:00.000Z,ES,7591.25,7592.25,7591.25,7592.25,491
2026-05-29T20:35:00.000Z,ES,7592.25,7592.5,7591.75,7592.5,361
2026-05-29T20:36:00.000Z,ES,7592.75,7592.75,7592.0,7592.0,470
2026-05-29T20:37:00.000Z,ES,7592.0,7592.0,7591.5,7591.5,358
2026-05-29T20:38:00.000Z,ES,7591.75,7592.25,7591.5,7592.0,288
2026-05-29T20:39:00.000Z,ES,7592.25,7592.5,7592.0,7592.0,323
2026-05-29T20:40:00.000Z,ES,7592.0,7592.0,7591.0,7591.0,534
2026-05-29T20:41:00.000Z,ES,7590.75,7591.0,7589.75,7590.0,472
2026-05-29T20:42:00.000Z,ES,7590.0,7590.75,7589.75,7590.5,275
2026-05-29T20:43:00.000Z,ES,7590.75,7590.75,7589.75,7590.0,373
2026-05-29T20:44:00.000Z,ES,7590.0,7590.25,7589.75,7590.0,399
2026-05-29T20:45:00.000Z,ES,7590.25,7591.0,7589.75,7590.75,834
2026-05-29T20:46:00.000Z,ES,7590.75,7590.75,7589.5,7589.75,333
2026-05-29T20:47:00.000Z,ES,7589.75,7589.75,7589.25,7589.5,312
2026-05-29T20:48:00.000Z,ES,7589.5,7589.75,7589.25,7589.75,245
2026-05-29T20:49:00.000Z,ES,7589.75,7590.25,7589.5,7589.75,426
2026-05-29T20:50:00.000Z,ES,7590.0,7592.0,7589.25,7591.5,596
2026-05-29T20:51:00.000Z,ES,7591.5,7593.75,7591.5,7593.5,586
2026-05-29T20:52:00.000Z,ES,7593.5,7594.0,7592.5,7592.75,932
2026-05-29T20:53:00.000Z,ES,7592.5,7592.5,7592.0,7592.0,555
2026-05-29T20:54:00.000Z,ES,7592.0,7592.25,7590.5,7590.75,596
2026-05-29T20:55:00.000Z,ES,7590.75,7591.25,7589.25,7589.5,345
2026-05-29T20:56:00.000Z,ES,7589.75,7591.0,7589.5,7590.75,532
2026-05-29T20:57:00.000Z,ES,7590.75,7591.0,7589.5,7590.0,486
2026-05-29T20:58:00.000Z,ES,7590.0,7590.5,7589.75,7590.5,236
2026-05-29T20:59:00.000Z,ES,7590.5,7595.75,7590.25,7595.75,428
2026-05-31T22:10:00.000Z,ES,7589.0,7591.5,7587.75,7590.75,0
2026-05-31T22:11:00.000Z,ES,7590.5,7591.25,7589.75,7590.0,139
2026-05-31T22:12:00.000Z,ES,7590.25,7591.0,7590.0,7590.75,130
2026-05-31T22:13:00.000Z,ES,7591.25,7592.5,7591.25,7592.5,149
2026-05-31T22:14:00.000Z,ES,7592.5,7594.75,7591.5,7594.75,355
2026-05-31T22:15:00.000Z,ES,7594.25,7594.5,7593.5,7593.75,165
2026-05-31T22:16:00.000Z,ES,7594.0,7595.0,7592.0,7594.5,469
2026-05-31T22:17:00.000Z,ES,7594.5,7594.5,7593.5,7593.75,205
2026-05-31T22:18:00.000Z,ES,7593.5,7595.0,7593.5,7594.5,155
2026-05-31T22:19:00.000Z,ES,7594.5,7595.5,7594.0,7594.25,219
2026-05-31T22:20:00.000Z,ES,7594.25,7594.25,7592.25,7593.0,458
2026-05-31T22:21:00.000Z,ES,7593.25,7594.25,7592.25,7593.75,424
2026-05-31T22:22:00.000Z,ES,7593.75,7596.0,7593.5,7595.25,277
2026-05-31T22:23:00.000Z,ES,7595.25,7596.0,7594.0,7596.0,226
2026-05-31T22:24:00.000Z,ES,7596.0,7597.5,7595.75,7596.5,272
2026-05-31T22:25:00.000Z,ES,7596.5,7597.0,7595.25,7597.0,253
2026-05-31T22:26:00.000Z,ES,7597.0,7597.5,7596.25,7596.75,144
2026-05-31T22:27:00.000Z,ES,7596.75,7597.0,7596.25,7596.25,93
2026-05-31T22:28:00.000Z,ES,7596.0,7596.5,7595.25,7596.5,207
2026-05-31T22:29:00.000Z,ES,7596.25,7597.0,7595.5,7595.75,262
2026-05-31T22:30:00.000Z,ES,7595.5,7598.75,7595.5,7598.0,447
2026-05-31T22:31:00.000Z,ES,7598.0,7598.0,7596.5,7596.5,117
2026-05-31T22:32:00.000Z,ES,7596.75,7598.0,7596.5,7597.75,113
2026-05-31T22:33:00.000Z,ES,7597.75,7598.5,7597.25,7597.25,165
2026-05-31T22:34:00.000Z,ES,7597.5,7598.0,7596.5,7597.75,106
2026-05-31T22:35:00.000Z,ES,7597.5,7597.5,7596.0,7596.25,205
2026-05-31T22:36:00.000Z,ES,7596.25,7597.5,7596.25,7597.25,132
2026-05-31T22:37:00.000Z,ES,7597.25,7597.25,7595.25,7596.5,201
2026-05-31T22:38:00.000Z,ES,7596.25,7597.0,7595.75,7596.5,149
2026-05-31T22:39:00.000Z,ES,7596.5,7596.5,7596.25,7596.25,28
2026-05-31T22:40:00.000Z,ES,7596.25,7598.0,7596.25,7597.5,103
2026-05-31T22:41:00.000Z,ES,7597.25,7598.25,7597.25,7598.25,79
2026-05-31T22:42:00.000Z,ES,7598.25,7598.5,7597.75,7598.0,85
2026-05-31T22:43:00.000Z,ES,7598.25,7598.25,7597.75,7598.25,47
2026-05-31T22:44:00.000Z,ES,7598.25,7600.0,7598.25,7599.75,134
2026-05-31T22:45:00.000Z,ES,7600.0,7601.75,7599.75,7601.0,300
2026-05-31T22:46:00.000Z,ES,7600.75,7602.25,7600.0,7601.0,382
2026-05-31T22:47:00.000Z,ES,7601.0,7602.5,7601.0,7602.0,220
2026-05-31T22:48:00.000Z,ES,7602.0,7602.5,7601.75,7601.75,154
2026-05-31T22:49:00.000Z,ES,7601.75,7602.25,7601.25,7602.0,78
2026-05-31T22:50:00.000Z,ES,7602.0,7603.25,7601.75,7602.25,165
2026-05-31T22:51:00.000Z,ES,7602.25,7602.5,7602.25,7602.5,24
2026-05-31T22:52:00.000Z,ES,7602.75,7603.0,7602.5,7602.75,88
2026-05-31T22:53:00.000Z,ES,7602.75,7602.75,7602.0,7602.25,96
2026-05-31T22:54:00.000Z,ES,7602.5,7602.5,7601.75,7601.75,73
2026-05-31T22:55:00.000Z,ES,7601.75,7602.25,7601.5,7601.75,110
2026-05-31T22:56:00.000Z,ES,7602.0,7602.25,7601.25,7601.75,44
2026-05-31T22:57:00.000Z,ES,7601.75,7602.75,7601.75,7602.75,44
2026-05-31T22:58:00.000Z,ES,7602.5,7602.75,7601.75,7602.75,99
2026-05-31T22:59:00.000Z,ES,7602.5,7602.5,7601.0,7601.5,129
2026-05-31T23:00:00.000Z,ES,7601.5,7602.0,7600.25,7600.75,187
2026-05-31T23:01:00.000Z,ES,7601.0,7601.5,7601.0,7601.25,163
2026-05-31T23:02:00.000Z,ES,7601.25,7601.75,7601.0,7601.5,38
2026-05-31T23:03:00.000Z,ES,7601.75,7603.5,7601.75,7603.25,240
2026-05-31T23:04:00.000Z,ES,7603.5,7604.0,7602.75,7603.0,116
2026-05-31T23:05:00.000Z,ES,7602.75,7603.75,7602.75,7602.75,77
2026-05-31T23:06:00.000Z,ES,7602.75,7603.25,7602.75,7603.25,55
2026-05-31T23:07:00.000Z,ES,7603.0,7603.25,7603.0,7603.25,35
2026-05-31T23:08:00.000Z,ES,7603.0,7603.25,7602.0,7602.75,70
2026-05-31T23:09:00.000Z,ES,7602.5,7603.25,7602.5,7603.25,47
2026-05-31T23:10:00.000Z,ES,7603.0,7603.25,7602.5,7603.0,56
2026-05-31T23:11:00.000Z,ES,7603.0,7603.5,7602.75,7603.0,49
2026-05-31T23:12:00.000Z,ES,7603.0,7603.5,7602.5,7603.5,79
2026-05-31T23:13:00.000Z,ES,7603.5,7603.5,7603.25,7603.5,32
2026-05-31T23:14:00.000Z,ES,7603.25,7604.0,7603.0,7603.0,124
2026-05-31T23:15:00.000Z,ES,7602.75,7603.75,7602.75,7602.75,178
2026-05-31T23:16:00.000Z,ES,7603.0,7603.0,7602.5,7603.0,40
2026-05-31T23:17:00.000Z,ES,7602.75,7603.5,7602.75,7603.25,64
2026-05-31T23:18:00.000Z,ES,7603.0,7603.25,7602.75,7603.25,38
2026-05-31T23:19:00.000Z,ES,7603.0,7603.25,7602.75,7603.0,87
2026-05-31T23:20:00.000Z,ES,7603.0,7603.5,7603.0,7603.5,38
2026-05-31T23:21:00.000Z,ES,7603.5,7603.75,7602.5,7602.5,97
2026-05-31T23:22:00.000Z,ES,7602.5,7602.5,7600.75,7601.25,164
2026-05-31T23:23:00.000Z,ES,7601.5,7601.75,7601.5,7601.75,72
2026-05-31T23:24:00.000Z,ES,7601.75,7602.5,7601.5,7601.5,155
2026-05-31T23:25:00.000Z,ES,7601.5,7602.25,7601.5,7601.75,65
2026-05-31T23:26:00.000Z,ES,7602.0,7602.25,7602.0,7602.25,76
2026-05-31T23:27:00.000Z,ES,7602.25,7603.5,7602.0,7603.0,74
2026-05-31T23:28:00.000Z,ES,7603.0,7604.75,7602.5,7603.75,131
2026-05-31T23:29:00.000Z,ES,7603.75,7604.25,7603.75,7603.75,59
2026-05-31T23:30:00.000Z,ES,7604.0,7605.25,7603.75,7604.5,256
2026-05-31T23:31:00.000Z,ES,7604.75,7605.0,7603.25,7603.5,110
2026-05-31T23:32:00.000Z,ES,7603.25,7605.0,7603.25,7604.25,130
2026-05-31T23:33:00.000Z,ES,7604.25,7604.25,7603.0,7603.0,113
2026-05-31T23:34:00.000Z,ES,7603.25,7604.0,7603.0,7603.75,39
2026-05-31T23:35:00.000Z,ES,7603.5,7603.75,7602.75,7602.75,25
2026-05-31T23:36:00.000Z,ES,7603.0,7603.5,7602.75,7603.25,38
2026-05-31T23:37:00.000Z,ES,7603.25,7604.5,7603.25,7604.5,45
2026-05-31T23:38:00.000Z,ES,7604.25,7604.5,7603.75,7604.25,52
2026-05-31T23:39:00.000Z,ES,7604.0,7604.25,7603.0,7604.25,101
2026-05-31T23:40:00.000Z,ES,7604.0,7604.0,7603.25,7603.5,47
2026-05-31T23:41:00.000Z,ES,7604.0,7604.0,7603.5,7603.5,29
2026-05-31T23:42:00.000Z,ES,7603.5,7603.5,7603.25,7603.25,26
2026-05-31T23:43:00.000Z,ES,7603.25,7603.75,7603.25,7603.25,14
2026-05-31T23:44:00.000Z,ES,7603.75,7604.5,7603.75,7603.75,57
2026-05-31T23:45:00.000Z,ES,7603.75,7604.75,7603.25,7604.0,102
2026-05-31T23:46:00.000Z,ES,7603.75,7604.0,7603.25,7604.0,54
2026-05-31T23:47:00.000Z,ES,7603.5,7603.5,7603.0,7603.5,39
2026-05-31T23:48:00.000Z,ES,7603.5,7603.75,7603.0,7603.25,29
2026-05-31T23:49:00.000Z,ES,7602.75,7604.0,7602.75,7603.75,66
2026-05-31T23:50:00.000Z,ES,7603.75,7604.75,7602.5,7604.75,150
2026-05-31T23:51:00.000Z,ES,7604.5,7605.25,7603.75,7605.25,121
2026-05-31T23:52:00.000Z,ES,7605.25,7606.5,7605.0,7605.5,146
2026-05-31T23:53:00.000Z,ES,7605.25,7605.5,7604.75,7605.0,63
2026-05-31T23:54:00.000Z,ES,7605.25,7605.5,7605.25,7605.5,33
2026-05-31T23:55:00.000Z,ES,7605.25,7606.0,7605.0,7605.5,68
2026-05-31T23:56:00.000Z,ES,7605.5,7605.5,7605.0,7605.5,31
2026-05-31T23:57:00.000Z,ES,7605.25,7606.0,7605.25,7605.75,45
2026-05-31T23:58:00.000Z,ES,7605.5,7605.75,7604.75,7605.0,91
2026-05-31T23:59:00.000Z,ES,7604.75,7605.75,7604.75,7605.25,144
2026-06-01T00:00:00.000Z,ES,7605.25,7606.25,7604.5,7605.75,516
2026-06-01T00:01:00.000Z,ES,7605.75,7607.25,7605.75,7606.75,631
2026-06-01T00:02:00.000Z,ES,7606.75,7609.0,7606.75,7608.75,356
2026-06-01T00:03:00.000Z,ES,7608.75,7609.5,7608.5,7608.5,202
2026-06-01T00:04:00.000Z,ES,7608.5,7609.5,7607.75,7609.25,452
2026-06-01T00:05:00.000Z,ES,7609.25,7612.0,7609.25,7611.25,656
2026-06-01T00:06:00.000Z,ES,7611.25,7611.75,7610.0,7610.25,414
2026-06-01T00:07:00.000Z,ES,7610.25,7610.25,7608.25,7608.5,308
2026-06-01T00:08:00.000Z,ES,7608.75,7609.0,7608.25,7608.75,160
2026-06-01T00:09:00.000Z,ES,7608.75,7610.0,7608.75,7609.0,193
2026-06-01T00:10:00.000Z,ES,7609.0,7610.75,7608.5,7609.75,404
2026-06-01T00:11:00.000Z,ES,7609.5,7609.5,7607.5,7608.0,254
2026-06-01T00:12:00.000Z,ES,7608.25,7608.5,7607.25,7607.75,180
2026-06-01T00:13:00.000Z,ES,7607.5,7609.0,7607.5,7608.75,123
2026-06-01T00:14:00.000Z,ES,7608.5,7609.25,7607.75,7609.25,174
2026-06-01T00:15:00.000Z,ES,7609.25,7610.5,7608.75,7609.5,289
2026-06-01T00:16:00.000Z,ES,7609.75,7609.75,7608.5,7609.25,137
2026-06-01T00:17:00.000Z,ES,7609.0,7609.5,7607.75,7608.0,131
2026-06-01T00:18:00.000Z,ES,7607.75,7608.0,7607.0,7607.25,126
2026-06-01T00:19:00.000Z,ES,7607.0,7608.0,7607.0,7607.75,187
2026-06-01T00:20:00.000Z,ES,7608.0,7609.25,7608.0,7608.5,154
2026-06-01T00:21:00.000Z,ES,7608.75,7610.5,7608.75,7610.0,256
2026-06-01T00:22:00.000Z,ES,7610.25,7611.5,7610.25,7610.75,221
2026-06-01T00:23:00.000Z,ES,7610.75,7611.0,7610.0,7610.5,194
2026-06-01T00:24:00.000Z,ES,7610.75,7611.0,7610.0,7610.75,160
2026-06-01T00:25:00.000Z,ES,7610.75,7611.0,7610.25,7610.25,133
2026-06-01T00:26:00.000Z,ES,7610.0,7610.25,7609.5,7610.25,109
2026-06-01T00:27:00.000Z,ES,7610.25,7611.0,7610.25,7610.75,148
2026-06-01T00:28:00.000Z,ES,7610.75,7612.0,7610.75,7612.0,256
2026-06-01T00:29:00.000Z,ES,7611.75,7612.0,7611.25,7611.75,216
2026-06-01T00:30:00.000Z,ES,7611.5,7613.5,7610.25,7611.25,640
2026-06-01T00:31:00.000Z,ES,7611.5,7611.5,7610.25,7610.25,165
2026-06-01T00:32:00.000Z,ES,7610.25,7610.5,7609.5,7610.5,250
2026-06-01T00:33:00.000Z,ES,7610.25,7611.0,7609.5,7610.5,192
2026-06-01T00:34:00.000Z,ES,7610.5,7610.5,7610.0,7610.5,91
2026-06-01T00:35:00.000Z,ES,7610.5,7610.75,7610.25,7610.25,59
2026-06-01T00:36:00.000Z,ES,7610.0,7610.0,7609.5,7610.0,154
2026-06-01T00:37:00.000Z,ES,7610.0,7611.0,7609.75,7610.75,254
2026-06-01T00:38:00.000Z,ES,7610.75,7611.25,7610.25,7611.0,176
2026-06-01T00:39:00.000Z,ES,7611.0,7611.0,7610.25,7610.25,147
2026-06-01T00:40:00.000Z,ES,7610.5,7611.0,7609.75,7611.0,135
2026-06-01T00:41:00.000Z,ES,7611.0,7611.75,7610.75,7611.5,139
2026-06-01T00:42:00.000Z,ES,7611.75,7612.0,7611.25,7612.0,157
2026-06-01T00:43:00.000Z,ES,7612.0,7612.25,7611.75,7612.0,110
2026-06-01T00:44:00.000Z,ES,7612.0,7612.25,7611.0,7611.5,139
2026-06-01T00:45:00.000Z,ES,7611.5,7612.5,7611.5,7612.5,314
2026-06-01T00:46:00.000Z,ES,7612.25,7612.75,7612.0,7612.25,170
2026-06-01T00:47:00.000Z,ES,7612.0,7612.25,7611.5,7611.75,182
2026-06-01T00:48:00.000Z,ES,7611.75,7612.25,7611.25,7611.5,110
2026-06-01T00:49:00.000Z,ES,7611.5,7612.25,7611.5,7611.75,120
2026-06-01T00:50:00.000Z,ES,7612.0,7612.0,7610.75,7612.0,207
2026-06-01T00:51:00.000Z,ES,7611.75,7612.5,7611.5,7612.5,117
2026-06-01T00:52:00.000Z,ES,7612.5,7613.0,7612.25,7613.0,166
2026-06-01T00:53:00.000Z,ES,7612.75,7613.25,7612.5,7613.0,149
2026-06-01T00:54:00.000Z,ES,7613.0,7613.0,7611.5,7612.25,234
2026-06-01T00:55:00.000Z,ES,7612.25,7614.0,7612.25,7612.75,358
2026-06-01T00:56:00.000Z,ES,7612.5,7613.0,7611.75,7612.0,154
2026-06-01T00:57:00.000Z,ES,7612.0,7612.25,7611.5,7611.5,188
2026-06-01T00:58:00.000Z,ES,7611.5,7611.75,7610.75,7611.25,168
2026-06-01T00:59:00.000Z,ES,7611.5,7611.75,7611.25,7611.75,156
2026-06-01T01:00:00.000Z,ES,7611.5,7612.75,7609.75,7610.25,629
2026-06-01T01:01:00.000Z,ES,7610.25,7610.5,7609.0,7609.25,248
2026-06-01T01:02:00.000Z,ES,7609.25,7610.25,7609.25,7610.0,191
2026-06-01T01:03:00.000Z,ES,7609.75,7610.0,7609.0,7609.0,199
2026-06-01T01:04:00.000Z,ES,7609.25,7609.5,7609.0,7609.25,149
2026-06-01T01:05:00.000Z,ES,7609.5,7609.75,7609.0,7609.25,163
2026-06-01T01:06:00.000Z,ES,7609.25,7610.0,7609.0,7609.0,193
2026-06-01T01:07:00.000Z,ES,7609.0,7609.25,7608.25,7609.25,156
2026-06-01T01:08:00.000Z,ES,7609.25,7610.0,7609.25,7609.5,134
2026-06-01T01:09:00.000Z,ES,7609.5,7609.5,7608.75,7609.0,92
2026-06-01T01:10:00.000Z,ES,7609.0,7609.25,7608.75,7608.75,75
2026-06-01T01:11:00.000Z,ES,7609.0,7610.0,7608.5,7609.75,270
2026-06-01T01:12:00.000Z,ES,7609.75,7610.5,7609.5,7610.25,144
2026-06-01T01:13:00.000Z,ES,7610.25,7610.75,7610.0,7610.25,127
2026-06-01T01:14:00.000Z,ES,7610.0,7610.25,7609.5,7610.25,74
2026-06-01T01:15:00.000Z,ES,7610.25,7611.0,7610.0,7610.75,89
2026-06-01T01:16:00.000Z,ES,7610.75,7611.25,7610.75,7610.75,158
2026-06-01T01:17:00.000Z,ES,7610.75,7611.5,7610.75,7611.0,120
2026-06-01T01:18:00.000Z,ES,7611.0,7611.0,7610.5,7610.5,69
2026-06-01T01:19:00.000Z,ES,7610.75,7611.25,7610.75,7610.75,99
2026-06-01T01:20:00.000Z,ES,7610.75,7613.0,7610.75,7612.75,232
2026-06-01T01:21:00.000Z,ES,7613.0,7613.25,7612.5,7612.75,157
2026-06-01T01:22:00.000Z,ES,7613.0,7613.0,7612.0,7612.25,146
2026-06-01T01:23:00.000Z,ES,7612.25,7612.25,7611.75,7611.75,81
2026-06-01T01:24:00.000Z,ES,7611.75,7612.0,7611.25,7611.75,203
2026-06-01T01:25:00.000Z,ES,7611.75,7612.75,7611.5,7612.5,270
2026-06-01T01:26:00.000Z,ES,7612.75,7612.75,7611.25,7611.5,412
2026-06-01T01:27:00.000Z,ES,7611.5,7612.0,7611.0,7611.75,131
2026-06-01T01:28:00.000Z,ES,7611.75,7611.75,7611.0,7611.25,193
2026-06-01T01:29:00.000Z,ES,7611.25,7611.75,7610.75,7610.75,122
2026-06-01T01:30:00.000Z,ES,7610.75,7611.25,7610.25,7610.5,169
2026-06-01T01:31:00.000Z,ES,7610.75,7611.0,7610.5,7610.75,65
2026-06-01T01:32:00.000Z,ES,7610.75,7611.0,7610.5,7610.75,101
2026-06-01T01:33:00.000Z,ES,7611.0,7611.75,7610.5,7611.25,136
2026-06-01T01:34:00.000Z,ES,7611.25,7612.5,7611.25,7612.25,113
2026-06-01T01:35:00.000Z,ES,7612.5,7612.75,7612.25,7612.75,203
2026-06-01T01:36:00.000Z,ES,7612.5,7613.0,7612.25,7612.75,155
2026-06-01T01:37:00.000Z,ES,7612.75,7612.75,7611.75,7612.5,241
2026-06-01T01:38:00.000Z,ES,7612.25,7612.5,7612.25,7612.25,98
2026-06-01T01:39:00.000Z,ES,7612.25,7612.5,7611.75,7611.75,151
2026-06-01T01:40:00.000Z,ES,7611.75,7612.25,7611.25,7612.0,151
2026-06-01T01:41:00.000Z,ES,7612.0,7612.25,7611.5,7611.5,181
2026-06-01T01:42:00.000Z,ES,7611.75,7612.5,7611.75,7612.0,189
2026-06-01T01:43:00.000Z,ES,7612.0,7612.75,7612.0,7612.5,235
2026-06-01T01:44:00.000Z,ES,7612.75,7612.75,7612.5,7612.75,98
2026-06-01T01:45:00.000Z,ES,7612.75,7613.25,7612.25,7612.75,150
2026-06-01T01:46:00.000Z,ES,7612.75,7613.0,7612.25,7613.0,112
2026-06-01T01:47:00.000Z,ES,7613.0,7613.25,7613.0,7613.0,95
2026-06-01T01:48:00.000Z,ES,7613.25,7613.5,7612.75,7613.5,185
2026-06-01T01:49:00.000Z,ES,7613.5,7613.5,7612.25,7613.25,315
2026-06-01T01:50:00.000Z,ES,7613.25,7613.5,7613.0,7613.0,144
2026-06-01T01:51:00.000Z,ES,7613.0,7613.5,7613.0,7613.25,169
2026-06-01T01:52:00.000Z,ES,7613.0,7614.0,7613.0,7614.0,352
2026-06-01T01:53:00.000Z,ES,7614.0,7614.0,7613.25,7613.5,176
2026-06-01T01:54:00.000Z,ES,7613.75,7614.5,7613.75,7614.25,139
2026-06-01T01:55:00.000Z,ES,7614.25,7614.25,7613.5,7614.0,122
2026-06-01T01:56:00.000Z,ES,7613.75,7614.0,7613.5,7613.75,113
2026-06-01T01:57:00.000Z,ES,7613.75,7614.0,7613.5,7613.75,114
2026-06-01T01:58:00.000Z,ES,7614.0,7614.0,7613.0,7614.0,324
2026-06-01T01:59:00.000Z,ES,7614.0,7614.25,7613.75,7613.75,153
2026-06-01T02:00:00.000Z,ES,7613.75,7615.0,7613.75,7614.25,267
2026-06-01T02:01:00.000Z,ES,7614.5,7615.0,7614.5,7615.0,290
2026-06-01T02:02:00.000Z,ES,7615.25,7616.0,7615.0,7615.75,366
2026-06-01T02:03:00.000Z,ES,7615.75,7615.75,7614.75,7615.5,327
2026-06-01T02:04:00.000Z,ES,7615.5,7616.0,7614.75,7615.0,184
2026-06-01T02:05:00.000Z,ES,7615.0,7615.5,7614.75,7615.25,192
2026-06-01T02:06:00.000Z,ES,7615.25,7615.5,7615.25,7615.5,155
2026-06-01T02:07:00.000Z,ES,7615.5,7616.25,7615.5,7616.25,362
2026-06-01T02:08:00.000Z,ES,7616.25,7616.5,7616.0,7616.25,167
2026-06-01T02:09:00.000Z,ES,7616.5,7617.0,7616.25,7616.5,220
2026-06-01T02:10:00.000Z,ES,7616.75,7617.0,7616.5,7616.5,172
2026-06-01T02:11:00.000Z,ES,7616.5,7616.5,7616.0,7616.0,218
2026-06-01T02:12:00.000Z,ES,7616.25,7616.5,7615.75,7616.5,158
2026-06-01T02:13:00.000Z,ES,7616.5,7617.5,7616.5,7617.0,210
2026-06-01T02:14:00.000Z,ES,7617.0,7617.5,7617.0,7617.0,92
2026-06-01T02:15:00.000Z,ES,7617.0,7617.25,7616.5,7617.0,164
2026-06-01T02:16:00.000Z,ES,7616.75,7616.75,7616.25,7616.75,86
2026-06-01T02:17:00.000Z,ES,7616.75,7617.0,7616.5,7617.0,67
2026-06-01T02:18:00.000Z,ES,7616.75,7617.0,7616.75,7617.0,74
2026-06-01T02:19:00.000Z,ES,7617.25,7617.25,7616.25,7616.5,84
2026-06-01T02:20:00.000Z,ES,7616.75,7617.0,7616.5,7617.0,98
2026-06-01T02:21:00.000Z,ES,7616.75,7617.25,7616.75,7616.75,76
2026-06-01T02:22:00.000Z,ES,7616.75,7617.25,7616.75,7617.25,48
2026-06-01T02:23:00.000Z,ES,7617.25,7617.5,7617.25,7617.5,131
2026-06-01T02:24:00.000Z,ES,7617.5,7617.75,7617.25,7617.25,173
2026-06-01T02:25:00.000Z,ES,7617.5,7617.75,7616.75,7617.0,188
2026-06-01T02:26:00.000Z,ES,7617.0,7617.5,7616.75,7617.25,46
2026-06-01T02:27:00.000Z,ES,7617.25,7617.25,7616.25,7616.5,121
2026-06-01T02:28:00.000Z,ES,7616.5,7616.75,7616.25,7616.75,27
2026-06-01T02:29:00.000Z,ES,7616.75,7617.0,7616.5,7616.75,28
2026-06-01T02:30:00.000Z,ES,7616.75,7617.0,7614.75,7615.25,210
2026-06-01T02:31:00.000Z,ES,7615.25,7615.75,7615.0,7615.25,113
2026-06-01T02:32:00.000Z,ES,7615.25,7615.5,7615.0,7615.5,83
2026-06-01T02:33:00.000Z,ES,7615.5,7615.75,7615.25,7615.75,64
2026-06-01T02:34:00.000Z,ES,7615.75,7616.25,7615.75,7616.0,85
2026-06-01T02:35:00.000Z,ES,7616.0,7616.5,7616.0,7616.5,42
2026-06-01T02:36:00.000Z,ES,7616.5,7617.0,7616.5,7616.75,97
2026-06-01T02:37:00.000Z,ES,7616.75,7616.75,7616.5,7616.5,83
2026-06-01T02:38:00.000Z,ES,7616.5,7616.75,7616.25,7616.25,33
2026-06-01T02:39:00.000Z,ES,7616.25,7616.75,7616.25,7616.75,74
2026-06-01T02:40:00.000Z,ES,7616.5,7616.5,7615.75,7615.75,42
2026-06-01T02:41:00.000Z,ES,7615.75,7616.0,7615.75,7615.75,44
2026-06-01T02:42:00.000Z,ES,7615.75,7616.0,7615.5,7615.75,81
2026-06-01T02:43:00.000Z,ES,7615.5,7616.0,7615.5,7615.75,56
2026-06-01T02:44:00.000Z,ES,7616.0,7616.0,7614.75,7615.0,148
2026-06-01T02:45:00.000Z,ES,7615.0,7615.5,7615.0,7615.5,58
2026-06-01T02:46:00.000Z,ES,7615.5,7615.5,7615.0,7615.25,47
2026-06-01T02:47:00.000Z,ES,7615.25,7615.25,7615.0,7615.0,109
2026-06-01T02:48:00.000Z,ES,7615.0,7615.5,7614.25,7614.5,185
2026-06-01T02:49:00.000Z,ES,7614.25,7615.0,7614.0,7615.0,173
2026-06-01T02:50:00.000Z,ES,7615.0,7615.25,7614.75,7615.0,58
2026-06-01T02:51:00.000Z,ES,7615.0,7615.0,7614.5,7614.5,60
2026-06-01T02:52:00.000Z,ES,7614.5,7614.75,7614.5,7614.75,28
2026-06-01T02:53:00.000Z,ES,7615.0,7615.25,7614.75,7615.25,26
2026-06-01T02:54:00.000Z,ES,7615.25,7615.25,7614.75,7614.75,78
2026-06-01T02:55:00.000Z,ES,7614.75,7615.0,7614.75,7614.75,16
2026-06-01T02:56:00.000Z,ES,7615.0,7615.25,7615.0,7615.25,42
2026-06-01T02:57:00.000Z,ES,7615.25,7615.25,7615.25,7615.25,9
2026-06-01T02:58:00.000Z,ES,7615.25,7615.75,7615.25,7615.5,115
2026-06-01T02:59:00.000Z,ES,7615.75,7615.75,7615.5,7615.5,49
2026-06-01T03:00:00.000Z,ES,7615.5,7616.75,7615.5,7616.25,216
2026-06-01T03:01:00.000Z,ES,7616.5,7616.5,7616.0,7616.5,118
2026-06-01T03:02:00.000Z,ES,7616.5,7617.0,7616.5,7616.75,55
2026-06-01T03:03:00.000Z,ES,7616.75,7617.25,7616.75,7617.0,35
2026-06-01T03:04:00.000Z,ES,7617.0,7617.25,7616.75,7617.0,74
2026-06-01T03:05:00.000Z,ES,7617.0,7617.0,7616.0,7616.5,156
2026-06-01T03:06:00.000Z,ES,7616.5,7616.75,7616.5,7616.75,56
2026-06-01T03:07:00.000Z,ES,7616.75,7616.75,7616.25,7616.75,128
2026-06-01T03:08:00.000Z,ES,7616.75,7617.0,7616.75,7616.75,83
2026-06-01T03:09:00.000Z,ES,7616.5,7616.75,7616.0,7616.0,137
2026-06-01T03:10:00.000Z,ES,7616.25,7616.25,7615.5,7615.75,71
2026-06-01T03:11:00.000Z,ES,7615.75,7616.0,7615.75,7615.75,45
2026-06-01T03:12:00.000Z,ES,7615.75,7615.75,7615.0,7615.0,72
2026-06-01T03:13:00.000Z,ES,7615.25,7615.75,7615.25,7615.75,39
2026-06-01T03:14:00.000Z,ES,7615.75,7615.75,7615.25,7615.25,67
2026-06-01T03:15:00.000Z,ES,7615.25,7615.5,7615.0,7615.5,68
2026-06-01T03:16:00.000Z,ES,7615.5,7616.0,7615.5,7616.0,28
2026-06-01T03:17:00.000Z,ES,7616.0,7616.0,7615.25,7616.0,134
2026-06-01T03:18:00.000Z,ES,7616.0,7616.0,7611.0,7613.75,1972
2026-06-01T03:19:00.000Z,ES,7613.5,7615.75,7613.5,7615.0,458
2026-06-01T03:20:00.000Z,ES,7615.0,7615.0,7614.5,7615.0,63
2026-06-01T03:21:00.000Z,ES,7615.0,7615.0,7614.5,7615.0,69
2026-06-01T03:22:00.000Z,ES,7615.0,7616.5,7614.75,7616.5,127
2026-06-01T03:23:00.000Z,ES,7616.5,7617.0,7616.5,7616.75,130
2026-06-01T03:24:00.000Z,ES,7616.75,7617.5,7616.75,7617.25,195
2026-06-01T03:25:00.000Z,ES,7617.5,7617.75,7617.25,7617.5,149
2026-06-01T03:26:00.000Z,ES,7617.5,7617.75,7617.25,7617.5,192
2026-06-01T03:27:00.000Z,ES,7617.75,7617.75,7617.5,7617.75,190
2026-06-01T03:28:00.000Z,ES,7617.75,7618.0,7617.0,7617.0,165
2026-06-01T03:29:00.000Z,ES,7617.0,7617.5,7617.0,7617.5,30
2026-06-01T03:30:00.000Z,ES,7617.25,7618.75,7617.25,7618.5,254
2026-06-01T03:31:00.000Z,ES,7618.5,7619.25,7618.5,7619.0,302
2026-06-01T03:32:00.000Z,ES,7619.0,7619.75,7618.75,7618.75,282
2026-06-01T03:33:00.000Z,ES,7618.75,7619.5,7618.75,7619.25,133
2026-06-01T03:34:00.000Z,ES,7619.25,7619.25,7618.5,7618.5,145
2026-06-01T03:35:00.000Z,ES,7618.5,7618.5,7617.75,7617.75,98
2026-06-01T03:36:00.000Z,ES,7618.0,7618.25,7617.5,7617.75,81
2026-06-01T03:37:00.000Z,ES,7618.0,7618.0,7617.0,7617.0,108
2026-06-01T03:38:00.000Z,ES,7617.0,7617.0,7616.25,7616.25,103
2026-06-01T03:39:00.000Z,ES,7616.0,7616.5,7615.5,7616.0,126
2026-06-01T03:40:00.000Z,ES,7615.75,7616.0,7615.25,7615.5,80
2026-06-01T03:41:00.000Z,ES,7615.5,7615.5,7614.25,7614.75,327
2026-06-01T03:42:00.000Z,ES,7614.75,7614.75,7613.25,7614.0,174
2026-06-01T03:43:00.000Z,ES,7614.25,7614.25,7613.0,7613.0,122
2026-06-01T03:44:00.000Z,ES,7613.25,7613.5,7612.5,7612.5,149
2026-06-01T03:45:00.000Z,ES,7612.75,7613.25,7612.75,7613.0,112
2026-06-01T03:46:00.000Z,ES,7612.75,7613.75,7612.5,7613.75,209
2026-06-01T03:47:00.000Z,ES,7613.5,7614.5,7613.25,7613.5,195
2026-06-01T03:48:00.000Z,ES,7613.5,7613.75,7613.0,7613.25,84
2026-06-01T03:49:00.000Z,ES,7613.5,7614.0,7613.5,7613.75,82
2026-06-01T03:50:00.000Z,ES,7614.0,7614.25,7613.5,7613.5,89
2026-06-01T03:51:00.000Z,ES,7613.5,7613.5,7612.75,7613.25,229
2026-06-01T03:52:00.000Z,ES,7613.5,7613.5,7612.75,7612.75,82
2026-06-01T03:53:00.000Z,ES,7613.0,7613.0,7612.25,7612.25,53
2026-06-01T03:54:00.000Z,ES,7612.5,7612.5,7611.5,7612.0,190
2026-06-01T03:55:00.000Z,ES,7612.0,7612.75,7612.0,7612.25,57
2026-06-01T03:56:00.000Z,ES,7612.25,7612.75,7612.25,7612.5,23
2026-06-01T03:57:00.000Z,ES,7612.25,7612.25,7611.5,7611.75,92
2026-06-01T03:58:00.000Z,ES,7611.5,7612.5,7611.5,7612.5,89
2026-06-01T04:00:00.000Z,ES,7612.25,7613.5,7612.25,7613.25,115
2026-06-01T04:01:00.000Z,ES,7613.25,7614.0,7613.25,7614.0,84
2026-06-01T04:02:00.000Z,ES,7613.75,7614.0,7613.5,7613.5,112
2026-06-01T04:03:00.000Z,ES,7613.75,7614.0,7613.25,7613.5,136
2026-06-01T04:04:00.000Z,ES,7613.75,7614.0,7613.75,7613.75,71
2026-06-01T04:05:00.000Z,ES,7613.75,7614.0,7613.75,7613.75,34
2026-06-01T04:06:00.000Z,ES,7613.5,7613.5,7612.75,7613.25,82
2026-06-01T04:07:00.000Z,ES,7613.5,7613.75,7613.25,7613.75,42
2026-06-01T04:08:00.000Z,ES,7614.0,7614.75,7614.0,7614.75,95
2026-06-01T04:09:00.000Z,ES,7614.75,7615.0,7614.25,7614.5,111
2026-06-01T04:10:00.000Z,ES,7614.5,7615.25,7613.75,7614.75,129
2026-06-01T04:11:00.000Z,ES,7614.5,7614.5,7614.0,7614.25,86
2026-06-01T04:12:00.000Z,ES,7614.0,7614.75,7614.0,7614.25,80
2026-06-01T04:13:00.000Z,ES,7614.5,7614.75,7614.0,7614.25,130
2026-06-01T04:14:00.000Z,ES,7614.25,7614.25,7613.75,7614.25,36
2026-06-01T04:15:00.000Z,ES,7614.25,7614.25,7613.5,7613.5,30
2026-06-01T04:16:00.000Z,ES,7613.75,7614.0,7613.5,7613.5,77
2026-06-01T04:17:00.000Z,ES,7613.5,7613.75,7613.5,7613.5,66
2026-06-01T04:18:00.000Z,ES,7613.75,7613.75,7613.5,7613.5,37
2026-06-01T04:19:00.000Z,ES,7613.5,7613.75,7613.25,7613.75,42
2026-06-01T04:20:00.000Z,ES,7613.75,7613.75,7613.5,7613.75,35
2026-06-01T04:21:00.000Z,ES,7613.75,7614.0,7613.25,7613.25,39
2026-06-01T04:22:00.000Z,ES,7613.5,7613.5,7613.25,7613.25,54
2026-06-01T04:23:00.000Z,ES,7613.25,7614.25,7613.25,7614.25,49
2026-06-01T04:24:00.000Z,ES,7614.25,7615.0,7614.0,7615.0,189
2026-06-01T04:25:00.000Z,ES,7615.0,7615.25,7614.75,7615.25,183
2026-06-01T04:26:00.000Z,ES,7615.25,7615.5,7615.0,7615.25,85
2026-06-01T04:27:00.000Z,ES,7615.0,7615.0,7614.0,7614.5,108
2026-06-01T04:28:00.000Z,ES,7614.25,7614.25,7614.0,7614.25,48
2026-06-01T04:29:00.000Z,ES,7614.25,7615.0,7614.25,7614.75,27
2026-06-01T04:30:00.000Z,ES,7615.0,7615.5,7615.0,7615.0,53
2026-06-01T04:31:00.000Z,ES,7615.0,7615.0,7614.5,7614.5,51
2026-06-01T04:32:00.000Z,ES,7614.25,7614.75,7614.25,7614.5,23
2026-06-01T04:33:00.000Z,ES,7614.5,7614.75,7614.25,7614.25,54
2026-06-01T04:34:00.000Z,ES,7614.5,7614.75,7614.25,7614.25,56
2026-06-01T04:35:00.000Z,ES,7614.25,7615.25,7614.25,7615.25,169
2026-06-01T04:36:00.000Z,ES,7615.0,7616.0,7615.0,7616.0,167
2026-06-01T04:37:00.000Z,ES,7616.0,7616.0,7615.5,7615.5,105
2026-06-01T04:38:00.000Z,ES,7615.5,7616.0,7615.0,7615.25,66
2026-06-01T04:39:00.000Z,ES,7615.25,7616.0,7615.25,7616.0,52
2026-06-01T04:40:00.000Z,ES,7615.75,7616.5,7615.75,7616.0,54
2026-06-01T04:41:00.000Z,ES,7616.0,7616.25,7616.0,7616.0,34
2026-06-01T04:42:00.000Z,ES,7616.0,7616.25,7616.0,7616.0,55
2026-06-01T04:43:00.000Z,ES,7616.25,7617.5,7616.0,7617.0,273
2026-06-01T04:44:00.000Z,ES,7617.0,7618.0,7617.0,7617.75,232
2026-06-01T04:45:00.000Z,ES,7617.75,7617.75,7617.25,7617.5,51
2026-06-01T04:46:00.000Z,ES,7617.5,7617.5,7617.0,7617.25,100
2026-06-01T04:47:00.000Z,ES,7617.25,7617.5,7616.75,7616.75,94
2026-06-01T04:48:00.000Z,ES,7616.5,7617.0,7616.5,7616.5,145
2026-06-01T04:49:00.000Z,ES,7616.25,7616.75,7616.25,7616.75,66
2026-06-01T04:50:00.000Z,ES,7616.5,7616.75,7616.5,7616.75,37
2026-06-01T04:51:00.000Z,ES,7616.5,7617.0,7616.5,7617.0,35
2026-06-01T04:52:00.000Z,ES,7617.25,7617.5,7617.0,7617.0,32
2026-06-01T04:53:00.000Z,ES,7617.0,7617.75,7617.0,7617.75,236
2026-06-01T04:54:00.000Z,ES,7617.75,7617.75,7617.25,7617.25,126
2026-06-01T04:55:00.000Z,ES,7617.0,7617.25,7616.75,7617.25,64
2026-06-01T04:56:00.000Z,ES,7617.25,7617.75,7617.25,7617.5,91
2026-06-01T04:57:00.000Z,ES,7617.5,7617.5,7617.0,7617.0,23
2026-06-01T04:58:00.000Z,ES,7617.25,7617.25,7617.0,7617.25,40
2026-06-01T04:59:00.000Z,ES,7617.25,7617.5,7617.25,7617.5,17
2026-06-01T05:00:00.000Z,ES,7617.5,7617.5,7617.0,7617.0,105
2026-06-01T05:01:00.000Z,ES,7617.0,7617.0,7616.5,7616.5,73
2026-06-01T05:02:00.000Z,ES,7616.75,7617.5,7616.5,7617.25,131
2026-06-01T05:03:00.000Z,ES,7617.25,7617.25,7616.5,7616.5,31
2026-06-01T05:04:00.000Z,ES,7616.5,7617.25,7616.5,7617.0,65
2026-06-01T05:05:00.000Z,ES,7617.0,7617.75,7617.0,7617.25,80
2026-06-01T05:06:00.000Z,ES,7617.25,7617.25,7617.0,7617.25,61
2026-06-01T05:07:00.000Z,ES,7617.25,7617.5,7616.75,7617.0,94
2026-06-01T05:08:00.000Z,ES,7617.0,7617.0,7616.5,7616.75,34
2026-06-01T05:09:00.000Z,ES,7616.5,7616.5,7615.25,7616.0,208
2026-06-01T05:10:00.000Z,ES,7615.75,7615.75,7615.0,7615.0,154
2026-06-01T05:11:00.000Z,ES,7615.25,7616.25,7615.25,7616.25,105
2026-06-01T05:12:00.000Z,ES,7616.0,7617.0,7615.75,7617.0,77
2026-06-01T05:13:00.000Z,ES,7616.75,7616.75,7616.25,7616.5,75
2026-06-01T05:14:00.000Z,ES,7616.5,7616.75,7616.25,7616.5,43
2026-06-01T05:15:00.000Z,ES,7616.5,7616.5,7616.0,7616.25,62
2026-06-01T05:16:00.000Z,ES,7616.25,7616.5,7615.5,7615.75,76
2026-06-01T05:17:00.000Z,ES,7615.75,7615.75,7615.5,7615.5,59
2026-06-01T05:18:00.000Z,ES,7615.5,7616.25,7615.5,7616.0,109
2026-06-01T05:19:00.000Z,ES,7616.0,7616.0,7615.75,7615.75,72
2026-06-01T05:20:00.000Z,ES,7615.75,7616.0,7615.75,7616.0,49
2026-06-01T05:21:00.000Z,ES,7616.25,7616.25,7616.0,7616.25,21
2026-06-01T05:22:00.000Z,ES,7616.25,7617.0,7616.25,7616.5,88
2026-06-01T05:23:00.000Z,ES,7616.75,7616.75,7616.25,7616.25,72
2026-06-01T05:24:00.000Z,ES,7616.25,7616.25,7616.0,7616.0,59
2026-06-01T05:25:00.000Z,ES,7615.75,7616.25,7615.25,7615.5,144
2026-06-01T05:26:00.000Z,ES,7615.75,7616.0,7615.5,7616.0,70
2026-06-01T05:27:00.000Z,ES,7616.0,7616.0,7615.25,7615.75,136
2026-06-01T05:28:00.000Z,ES,7615.5,7615.75,7615.0,7615.0,186
2026-06-01T05:29:00.000Z,ES,7615.0,7615.0,7614.0,7614.25,190
2026-06-01T05:30:00.000Z,ES,7614.5,7615.25,7614.5,7615.0,173
2026-06-01T05:31:00.000Z,ES,7615.25,7616.0,7615.0,7615.25,119
2026-06-01T05:32:00.000Z,ES,7615.0,7616.0,7615.0,7616.0,78
2026-06-01T05:33:00.000Z,ES,7616.0,7616.25,7615.5,7615.75,120
2026-06-01T05:34:00.000Z,ES,7615.75,7615.75,7615.25,7615.25,98
2026-06-01T05:35:00.000Z,ES,7615.5,7616.75,7615.5,7616.5,117
2026-06-01T05:36:00.000Z,ES,7616.5,7617.0,7616.25,7616.5,102
2026-06-01T05:37:00.000Z,ES,7616.25,7616.25,7615.75,7616.0,107
2026-06-01T05:38:00.000Z,ES,7616.0,7616.0,7615.75,7615.75,99
2026-06-01T05:39:00.000Z,ES,7615.75,7616.5,7615.75,7616.25,87
2026-06-01T05:40:00.000Z,ES,7616.5,7617.0,7616.25,7616.5,139
2026-06-01T05:41:00.000Z,ES,7616.75,7617.0,7616.5,7616.75,79
2026-06-01T05:42:00.000Z,ES,7616.75,7617.25,7616.75,7617.25,90
2026-06-01T05:43:00.000Z,ES,7617.0,7617.5,7617.0,7617.0,132
2026-06-01T05:44:00.000Z,ES,7617.0,7617.25,7617.0,7617.25,97
2026-06-01T05:45:00.000Z,ES,7617.25,7617.5,7616.75,7616.75,63
2026-06-01T05:46:00.000Z,ES,7616.75,7617.0,7616.75,7617.0,97
2026-06-01T05:47:00.000Z,ES,7617.0,7617.75,7617.0,7617.5,155
2026-06-01T05:48:00.000Z,ES,7617.5,7618.25,7617.5,7618.25,152
2026-06-01T05:49:00.000Z,ES,7618.0,7618.75,7618.0,7618.5,111
2026-06-01T05:50:00.000Z,ES,7618.5,7618.5,7617.5,7617.75,109
2026-06-01T05:51:00.000Z,ES,7618.0,7619.0,7618.0,7619.0,159
2026-06-01T05:52:00.000Z,ES,7619.0,7619.0,7618.0,7618.0,135
2026-06-01T05:53:00.000Z,ES,7618.0,7618.0,7617.75,7618.0,107
2026-06-01T05:54:00.000Z,ES,7618.25,7618.25,7617.75,7617.75,38
2026-06-01T05:55:00.000Z,ES,7618.0,7618.0,7617.75,7617.75,34
2026-06-01T05:56:00.000Z,ES,7618.0,7618.5,7618.0,7618.25,61
2026-06-01T05:57:00.000Z,ES,7618.0,7618.25,7617.5,7618.25,156
2026-06-01T05:58:00.000Z,ES,7618.0,7618.0,7617.75,7617.75,44
2026-06-01T05:59:00.000Z,ES,7618.0,7618.0,7617.75,7617.75,47
2026-06-01T06:00:00.000Z,ES,7618.0,7618.5,7617.75,7618.5,130
2026-06-01T06:01:00.000Z,ES,7618.25,7618.5,7618.0,7618.25,114
2026-06-01T06:02:00.000Z,ES,7618.5,7618.75,7618.25,7618.75,119
2026-06-01T06:03:00.000Z,ES,7618.75,7618.75,7618.0,7618.0,77
2026-06-01T06:04:00.000Z,ES,7618.0,7618.25,7617.75,7617.75,65
2026-06-01T06:05:00.000Z,ES,7617.5,7618.25,7617.5,7618.0,104
2026-06-01T06:06:00.000Z,ES,7618.0,7618.25,7617.75,7617.75,80
2026-06-01T06:07:00.000Z,ES,7617.75,7618.25,7617.75,7617.75,85
2026-06-01T06:08:00.000Z,ES,7617.75,7618.25,7617.75,7618.0,122
2026-06-01T06:09:00.000Z,ES,7618.25,7618.25,7617.75,7618.25,89
2026-06-01T06:10:00.000Z,ES,7618.25,7618.25,7617.75,7618.0,81
2026-06-01T06:11:00.000Z,ES,7618.25,7618.25,7617.75,7618.25,102
2026-06-01T06:12:00.000Z,ES,7618.0,7618.0,7617.5,7617.75,74
2026-06-01T06:13:00.000Z,ES,7617.75,7617.75,7617.25,7617.25,49
2026-06-01T06:14:00.000Z,ES,7617.25,7617.5,7616.75,7617.5,182
2026-06-01T06:15:00.000Z,ES,7617.5,7617.75,7616.75,7617.0,205
2026-06-01T06:16:00.000Z,ES,7616.75,7617.25,7616.75,7617.0,145
2026-06-01T06:17:00.000Z,ES,7617.0,7617.0,7616.5,7616.75,62
2026-06-01T06:18:00.000Z,ES,7616.75,7617.25,7616.25,7617.0,200
2026-06-01T06:19:00.000Z,ES,7617.25,7617.5,7617.0,7617.25,52
2026-06-01T06:20:00.000Z,ES,7617.25,7617.25,7616.75,7617.25,204
2026-06-01T06:21:00.000Z,ES,7617.25,7617.5,7617.25,7617.25,48
2026-06-01T06:22:00.000Z,ES,7617.25,7617.25,7616.5,7617.0,89
2026-06-01T06:23:00.000Z,ES,7616.75,7617.0,7616.75,7617.0,79
2026-06-01T06:24:00.000Z,ES,7617.0,7617.0,7616.25,7616.25,77
2026-06-01T06:25:00.000Z,ES,7616.25,7616.25,7615.0,7615.5,332
2026-06-01T06:26:00.000Z,ES,7615.25,7615.5,7614.25,7615.25,186
2026-06-01T06:27:00.000Z,ES,7615.0,7615.5,7615.0,7615.25,130
2026-06-01T06:28:00.000Z,ES,7615.0,7616.0,7615.0,7615.75,91
2026-06-01T06:29:00.000Z,ES,7615.75,7615.75,7614.25,7614.5,302
2026-06-01T06:30:00.000Z,ES,7614.5,7615.5,7614.25,7615.5,195
2026-06-01T06:31:00.000Z,ES,7615.25,7616.0,7615.25,7615.75,201
2026-06-01T06:32:00.000Z,ES,7615.75,7617.0,7615.75,7616.75,184
2026-06-01T06:33:00.000Z,ES,7616.75,7617.0,7616.5,7617.0,120
2026-06-01T06:34:00.000Z,ES,7617.0,7617.25,7617.0,7617.0,72
2026-06-01T06:35:00.000Z,ES,7617.0,7617.5,7617.0,7617.0,218
2026-06-01T06:36:00.000Z,ES,7617.0,7617.0,7616.25,7616.5,266
2026-06-01T06:37:00.000Z,ES,7616.75,7617.0,7616.25,7616.5,106
2026-06-01T06:38:00.000Z,ES,7616.75,7617.0,7616.75,7616.75,39
2026-06-01T06:39:00.000Z,ES,7616.5,7616.5,7615.5,7616.0,92
2026-06-01T06:40:00.000Z,ES,7615.75,7616.5,7615.75,7616.0,109
2026-06-01T06:41:00.000Z,ES,7616.0,7616.25,7615.25,7616.0,83
2026-06-01T06:42:00.000Z,ES,7616.0,7616.25,7615.75,7615.75,53
2026-06-01T06:43:00.000Z,ES,7615.75,7616.25,7615.25,7616.25,224
2026-06-01T06:44:00.000Z,ES,7616.25,7616.75,7616.0,7616.5,69
2026-06-01T06:45:00.000Z,ES,7616.5,7616.75,7616.25,7616.75,124
2026-06-01T06:46:00.000Z,ES,7616.75,7617.5,7616.75,7617.0,334
2026-06-01T06:47:00.000Z,ES,7617.0,7617.0,7616.0,7616.75,295
2026-06-01T06:48:00.000Z,ES,7616.75,7617.75,7616.75,7617.75,146
2026-06-01T06:49:00.000Z,ES,7617.5,7618.5,7617.25,7618.5,232
2026-06-01T06:50:00.000Z,ES,7618.25,7618.5,7617.25,7617.25,142
2026-06-01T06:51:00.000Z,ES,7617.25,7618.0,7617.25,7617.75,234
2026-06-01T06:52:00.000Z,ES,7617.75,7617.75,7617.5,7617.5,78
2026-06-01T06:53:00.000Z,ES,7617.5,7618.5,7617.5,7618.25,138
2026-06-01T06:54:00.000Z,ES,7618.25,7618.25,7617.75,7617.75,117
2026-06-01T06:55:00.000Z,ES,7617.5,7618.25,7617.25,7618.0,175
2026-06-01T06:56:00.000Z,ES,7618.0,7618.5,7618.0,7618.25,62
2026-06-01T06:57:00.000Z,ES,7618.0,7618.25,7617.75,7618.0,88
2026-06-01T06:58:00.000Z,ES,7618.0,7618.0,7617.5,7617.5,62
2026-06-01T06:59:00.000Z,ES,7617.5,7618.0,7617.25,7617.5,223
2026-06-01T07:00:00.000Z,ES,7617.75,7617.75,7616.25,7617.75,661
2026-06-01T07:01:00.000Z,ES,7617.75,7618.5,7617.25,7618.5,407
2026-06-01T07:02:00.000Z,ES,7618.25,7619.0,7618.0,7618.5,319
2026-06-01T07:03:00.000Z,ES,7618.5,7620.0,7618.5,7619.5,481
2026-06-01T07:04:00.000Z,ES,7619.5,7620.0,7619.5,7619.75,212
2026-06-01T07:05:00.000Z,ES,7619.5,7620.5,7618.75,7618.75,958
2026-06-01T07:06:00.000Z,ES,7619.0,7619.0,7617.75,7618.75,314
2026-06-01T07:07:00.000Z,ES,7618.75,7619.75,7618.5,7619.75,252
2026-06-01T07:08:00.000Z,ES,7619.75,7620.0,7619.5,7620.0,202
2026-06-01T07:09:00.000Z,ES,7620.0,7620.5,7620.0,7620.0,207
2026-06-01T07:10:00.000Z,ES,7620.25,7620.25,7619.75,7620.0,188
2026-06-01T07:11:00.000Z,ES,7620.0,7620.0,7618.75,7618.75,165
2026-06-01T07:12:00.000Z,ES,7618.75,7619.5,7618.5,7619.25,186
2026-06-01T07:13:00.000Z,ES,7619.0,7619.0,7618.25,7618.5,229
2026-06-01T07:14:00.000Z,ES,7618.5,7619.0,7617.75,7618.75,198
2026-06-01T07:15:00.000Z,ES,7618.75,7619.5,7618.0,7618.25,191
2026-06-01T07:16:00.000Z,ES,7618.25,7618.25,7617.5,7617.75,188
2026-06-01T07:17:00.000Z,ES,7617.75,7618.0,7617.0,7617.0,234
2026-06-01T07:18:00.000Z,ES,7617.0,7617.5,7616.5,7616.5,296
2026-06-01T07:19:00.000Z,ES,7616.5,7617.0,7615.0,7617.0,497
2026-06-01T07:20:00.000Z,ES,7617.0,7617.5,7616.0,7617.25,289
2026-06-01T07:21:00.000Z,ES,7617.25,7617.5,7617.0,7617.25,201
2026-06-01T07:22:00.000Z,ES,7617.25,7617.25,7616.0,7616.0,192
2026-06-01T07:23:00.000Z,ES,7616.0,7616.25,7615.75,7615.75,125
2026-06-01T07:24:00.000Z,ES,7615.75,7616.0,7615.5,7615.5,238
2026-06-01T07:25:00.000Z,ES,7615.5,7615.5,7614.0,7614.75,234
2026-06-01T07:26:00.000Z,ES,7614.75,7615.0,7613.25,7613.75,480
2026-06-01T07:27:00.000Z,ES,7613.75,7614.75,7613.5,7614.0,276
2026-06-01T07:28:00.000Z,ES,7614.0,7614.75,7612.0,7613.25,911
2026-06-01T07:29:00.000Z,ES,7613.5,7614.25,7613.25,7613.25,350
2026-06-01T07:30:00.000Z,ES,7613.25,7614.5,7613.25,7613.75,238
2026-06-01T07:31:00.000Z,ES,7613.75,7613.75,7612.75,7612.75,235
2026-06-01T07:32:00.000Z,ES,7613.0,7613.0,7612.25,7612.5,243
2026-06-01T07:33:00.000Z,ES,7612.5,7612.5,7611.75,7612.25,156
2026-06-01T07:34:00.000Z,ES,7612.25,7613.25,7612.25,7613.0,147
2026-06-01T07:35:00.000Z,ES,7613.25,7613.25,7612.5,7613.0,126
2026-06-01T07:36:00.000Z,ES,7612.75,7613.0,7612.5,7613.0,136
2026-06-01T07:37:00.000Z,ES,7613.0,7613.25,7612.75,7613.0,88
2026-06-01T07:38:00.000Z,ES,7613.0,7613.0,7611.75,7611.75,273
2026-06-01T07:39:00.000Z,ES,7611.75,7612.25,7610.25,7610.5,377
2026-06-01T07:40:00.000Z,ES,7610.5,7610.5,7609.0,7609.5,540
2026-06-01T07:41:00.000Z,ES,7609.5,7610.25,7607.75,7608.25,926
2026-06-01T07:42:00.000Z,ES,7608.25,7609.75,7607.5,7609.25,369
2026-06-01T07:43:00.000Z,ES,7609.25,7610.0,7608.25,7610.0,226
2026-06-01T07:44:00.000Z,ES,7610.0,7610.0,7609.0,7609.0,245
2026-06-01T07:45:00.000Z,ES,7609.0,7609.5,7608.25,7608.75,169
2026-06-01T07:46:00.000Z,ES,7608.75,7609.25,7608.5,7608.5,257
2026-06-01T07:47:00.000Z,ES,7608.5,7609.0,7607.75,7607.75,183
2026-06-01T07:48:00.000Z,ES,7607.75,7608.5,7607.5,7608.0,174
2026-06-01T07:49:00.000Z,ES,7608.25,7608.5,7608.0,7608.5,123
2026-06-01T07:50:00.000Z,ES,7608.5,7610.0,7608.5,7610.0,341
2026-06-01T07:51:00.000Z,ES,7610.25,7610.25,7608.5,7608.75,284
2026-06-01T07:52:00.000Z,ES,7608.75,7609.0,7607.75,7608.75,380
2026-06-01T07:53:00.000Z,ES,7609.0,7609.75,7609.0,7609.25,245
2026-06-01T07:54:00.000Z,ES,7609.25,7609.75,7609.0,7609.5,250
2026-06-01T07:55:00.000Z,ES,7609.5,7610.75,7609.5,7610.25,311
2026-06-01T07:56:00.000Z,ES,7610.25,7610.75,7610.0,7610.0,171
2026-06-01T07:57:00.000Z,ES,7610.25,7611.25,7610.25,7611.25,85
2026-06-01T07:58:00.000Z,ES,7611.0,7611.0,7610.75,7611.0,70
2026-06-01T07:59:00.000Z,ES,7611.25,7612.0,7611.0,7611.25,151
2026-06-01T08:00:00.000Z,ES,7611.25,7612.25,7611.0,7611.5,493
2026-06-01T08:01:00.000Z,ES,7611.75,7612.0,7611.0,7612.0,274
2026-06-01T08:02:00.000Z,ES,7611.75,7612.25,7611.5,7611.75,304
2026-06-01T08:03:00.000Z,ES,7611.75,7612.0,7611.25,7612.0,218
2026-06-01T08:04:00.000Z,ES,7612.0,7612.75,7609.75,7610.0,330
2026-06-01T08:05:00.000Z,ES,7610.25,7610.25,7608.75,7609.25,351
2026-06-01T08:06:00.000Z,ES,7609.0,7611.25,7609.0,7611.0,201
2026-06-01T08:07:00.000Z,ES,7611.0,7611.75,7610.5,7610.75,223
2026-06-01T08:08:00.000Z,ES,7610.75,7610.75,7609.5,7610.0,301
2026-06-01T08:09:00.000Z,ES,7610.0,7610.75,7609.75,7610.5,144
2026-06-01T08:10:00.000Z,ES,7610.5,7611.0,7610.0,7610.75,267
2026-06-01T08:11:00.000Z,ES,7610.75,7610.75,7609.75,7610.0,205
2026-06-01T08:12:00.000Z,ES,7610.0,7610.25,7609.5,7610.0,229
2026-06-01T08:13:00.000Z,ES,7610.0,7610.75,7609.5,7609.75,234
2026-06-01T08:14:00.000Z,ES,7609.75,7610.25,7609.5,7609.75,136
2026-06-01T08:15:00.000Z,ES,7609.75,7609.75,7608.25,7609.0,321
2026-06-01T08:16:00.000Z,ES,7609.25,7609.25,7608.5,7608.75,136
2026-06-01T08:17:00.000Z,ES,7608.75,7609.75,7608.5,7609.5,226
2026-06-01T08:18:00.000Z,ES,7609.5,7610.0,7608.75,7609.75,181
2026-06-01T08:19:00.000Z,ES,7610.0,7610.0,7609.25,7609.75,72
2026-06-01T08:20:00.000Z,ES,7609.75,7610.0,7609.5,7610.0,125
2026-06-01T08:21:00.000Z,ES,7610.0,7610.5,7609.25,7609.5,267
2026-06-01T08:22:00.000Z,ES,7609.75,7610.0,7609.25,7609.5,117
2026-06-01T08:23:00.000Z,ES,7609.5,7610.0,7609.5,7609.75,136
2026-06-01T08:24:00.000Z,ES,7609.5,7609.5,7609.0,7609.25,81
2026-06-01T08:25:00.000Z,ES,7609.5,7609.5,7608.5,7608.5,174
2026-06-01T08:26:00.000Z,ES,7608.5,7608.75,7607.75,7607.75,197
2026-06-01T08:27:00.000Z,ES,7607.5,7608.5,7607.5,7608.25,192
2026-06-01T08:28:00.000Z,ES,7608.0,7608.5,7607.75,7608.25,97
2026-06-01T08:29:00.000Z,ES,7608.25,7608.25,7607.5,7607.75,120
2026-06-01T08:30:00.000Z,ES,7607.75,7609.0,7607.5,7607.5,159
2026-06-01T08:31:00.000Z,ES,7607.25,7607.5,7605.75,7606.5,334
2026-06-01T08:32:00.000Z,ES,7606.75,7608.0,7606.5,7607.25,224
2026-06-01T08:33:00.000Z,ES,7607.25,7607.75,7606.75,7607.25,105
2026-06-01T08:34:00.000Z,ES,7607.25,7608.0,7606.75,7608.0,130
2026-06-01T08:35:00.000Z,ES,7608.25,7608.25,7608.0,7608.25,90
2026-06-01T08:36:00.000Z,ES,7608.0,7608.5,7607.5,7607.5,87
2026-06-01T08:37:00.000Z,ES,7607.5,7607.75,7607.0,7607.75,127
2026-06-01T08:38:00.000Z,ES,7607.5,7608.0,7607.5,7607.5,107
2026-06-01T08:39:00.000Z,ES,7607.75,7608.75,7607.75,7608.5,95
2026-06-01T08:40:00.000Z,ES,7608.5,7609.0,7608.25,7608.5,111
2026-06-01T08:41:00.000Z,ES,7608.5,7608.75,7606.75,7607.25,691
2026-06-01T08:42:00.000Z,ES,7607.25,7608.25,7607.25,7607.5,84
2026-06-01T08:43:00.000Z,ES,7607.5,7609.0,7607.5,7608.75,144
2026-06-01T08:44:00.000Z,ES,7609.0,7609.5,7608.25,7609.5,213
2026-06-01T08:45:00.000Z,ES,7609.5,7610.0,7608.5,7609.0,219
2026-06-01T08:46:00.000Z,ES,7608.75,7609.5,7605.75,7609.0,1540
2026-06-01T08:47:00.000Z,ES,7609.0,7610.0,7609.0,7609.5,108
2026-06-01T08:48:00.000Z,ES,7609.5,7609.75,7609.25,7609.5,94
2026-06-01T08:49:00.000Z,ES,7609.75,7609.75,7609.25,7609.5,98
2026-06-01T08:50:00.000Z,ES,7609.5,7611.0,7609.0,7610.25,219
2026-06-01T08:51:00.000Z,ES,7610.25,7610.75,7610.0,7610.5,190
2026-06-01T08:52:00.000Z,ES,7610.5,7611.75,7610.25,7611.75,414
2026-06-01T08:53:00.000Z,ES,7611.75,7612.0,7610.75,7611.25,224
2026-06-01T08:54:00.000Z,ES,7611.25,7612.5,7611.25,7612.5,322
2026-06-01T08:55:00.000Z,ES,7612.25,7613.5,7612.25,7613.25,221
2026-06-01T08:56:00.000Z,ES,7613.25,7613.25,7612.75,7613.0,207
2026-06-01T08:57:00.000Z,ES,7613.0,7613.5,7612.75,7613.25,124
2026-06-01T08:58:00.000Z,ES,7613.25,7613.75,7613.0,7613.75,247
2026-06-01T08:59:00.000Z,ES,7613.5,7614.25,7613.25,7614.0,180
2026-06-01T09:00:00.000Z,ES,7614.25,7615.5,7614.25,7615.25,306
2026-06-01T09:01:00.000Z,ES,7615.5,7615.75,7615.0,7615.25,238
2026-06-01T09:02:00.000Z,ES,7615.25,7616.5,7615.25,7616.0,754
2026-06-01T09:03:00.000Z,ES,7615.5,7615.75,7615.5,7615.5,106
2026-06-01T09:04:00.000Z,ES,7615.75,7616.0,7615.5,7616.0,79
2026-06-01T09:05:00.000Z,ES,7615.75,7616.0,7615.0,7615.5,298
2026-06-01T09:06:00.000Z,ES,7615.25,7615.5,7613.5,7613.5,425
2026-06-01T09:07:00.000Z,ES,7613.5,7614.0,7613.5,7614.0,190
2026-06-01T09:08:00.000Z,ES,7613.75,7614.0,7612.25,7612.5,278
2026-06-01T09:09:00.000Z,ES,7612.25,7613.5,7612.25,7613.25,107
2026-06-01T09:10:00.000Z,ES,7613.25,7614.25,7613.0,7613.75,231
2026-06-01T09:11:00.000Z,ES,7613.5,7614.0,7613.25,7614.0,125
2026-06-01T09:12:00.000Z,ES,7613.75,7613.75,7612.75,7612.75,114
2026-06-01T09:13:00.000Z,ES,7612.75,7613.25,7612.0,7612.5,223
2026-06-01T09:14:00.000Z,ES,7612.5,7612.75,7611.5,7612.0,274
2026-06-01T09:15:00.000Z,ES,7612.0,7612.75,7611.75,7612.25,234
2026-06-01T09:16:00.000Z,ES,7612.5,7612.75,7611.75,7612.5,137
2026-06-01T09:17:00.000Z,ES,7612.5,7613.75,7612.5,7613.75,119
2026-06-01T09:18:00.000Z,ES,7613.5,7613.75,7613.0,7613.5,139
2026-06-01T09:19:00.000Z,ES,7613.25,7613.75,7613.25,7613.5,87
2026-06-01T09:20:00.000Z,ES,7613.5,7613.5,7612.5,7612.5,156
2026-06-01T09:21:00.000Z,ES,7612.5,7613.0,7612.5,7613.0,145
2026-06-01T09:22:00.000Z,ES,7612.75,7612.75,7612.5,7612.75,80
2026-06-01T09:23:00.000Z,ES,7612.5,7612.5,7611.25,7611.5,173
2026-06-01T09:24:00.000Z,ES,7611.75,7612.5,7611.75,7612.25,106
2026-06-01T09:25:00.000Z,ES,7612.25,7612.25,7611.0,7611.75,196
2026-06-01T09:26:00.000Z,ES,7612.0,7612.25,7611.5,7612.0,80
2026-06-01T09:27:00.000Z,ES,7612.0,7612.75,7611.75,7611.75,106
2026-06-01T09:28:00.000Z,ES,7612.0,7612.0,7611.5,7612.0,103
2026-06-01T09:29:00.000Z,ES,7612.25,7612.75,7611.75,7612.25,139
2026-06-01T09:30:00.000Z,ES,7612.25,7612.25,7611.25,7611.75,100
2026-06-01T09:31:00.000Z,ES,7612.0,7612.25,7611.5,7611.5,146
2026-06-01T09:32:00.000Z,ES,7611.5,7612.0,7611.5,7611.5,72
2026-06-01T09:33:00.000Z,ES,7611.75,7612.25,7611.75,7612.25,112
2026-06-01T09:34:00.000Z,ES,7612.25,7612.75,7611.75,7612.5,182
2026-06-01T09:35:00.000Z,ES,7612.75,7612.75,7612.25,7612.25,118
2026-06-01T09:36:00.000Z,ES,7612.25,7612.25,7611.25,7611.75,329
2026-06-01T09:37:00.000Z,ES,7611.5,7612.75,7611.5,7612.0,293
2026-06-01T09:38:00.000Z,ES,7612.25,7612.75,7612.0,7612.5,438
2026-06-01T09:39:00.000Z,ES,7612.75,7613.0,7611.0,7612.0,339
2026-06-01T09:40:00.000Z,ES,7611.75,7612.0,7611.5,7611.75,113
2026-06-01T09:41:00.000Z,ES,7611.75,7612.5,7611.75,7612.25,151
2026-06-01T09:42:00.000Z,ES,7612.25,7612.25,7611.75,7612.0,80
2026-06-01T09:43:00.000Z,ES,7612.0,7612.5,7611.5,7612.5,102
2026-06-01T09:44:00.000Z,ES,7612.75,7612.75,7612.0,7612.25,112
2026-06-01T09:45:00.000Z,ES,7612.0,7612.25,7612.0,7612.0,44
2026-06-01T09:46:00.000Z,ES,7612.0,7612.0,7611.5,7611.5,131
2026-06-01T09:47:00.000Z,ES,7611.5,7611.75,7611.25,7611.5,295
2026-06-01T09:48:00.000Z,ES,7611.25,7611.75,7611.25,7611.5,178
2026-06-01T09:49:00.000Z,ES,7611.25,7611.75,7610.75,7611.0,284
2026-06-01T09:50:00.000Z,ES,7611.25,7611.25,7609.75,7610.5,278
2026-06-01T09:51:00.000Z,ES,7610.75,7610.75,7609.5,7610.0,243
2026-06-01T09:52:00.000Z,ES,7610.0,7610.25,7609.75,7610.25,151
2026-06-01T09:53:00.000Z,ES,7610.5,7611.0,7610.0,7610.75,170
2026-06-01T09:54:00.000Z,ES,7610.5,7610.75,7609.5,7610.0,173
2026-06-01T09:55:00.000Z,ES,7610.0,7610.25,7609.25,7609.25,85
2026-06-01T09:56:00.000Z,ES,7609.5,7609.5,7609.0,7609.25,138
2026-06-01T09:57:00.000Z,ES,7609.25,7610.25,7609.25,7610.0,427
2026-06-01T09:58:00.000Z,ES,7609.75,7609.75,7609.5,7609.5,133
2026-06-01T09:59:00.000Z,ES,7609.5,7610.0,7609.5,7610.0,78
2026-06-01T10:00:00.000Z,ES,7610.0,7611.25,7610.0,7610.75,321
2026-06-01T10:01:00.000Z,ES,7611.0,7611.0,7610.5,7611.0,95
2026-06-01T10:02:00.000Z,ES,7611.0,7611.25,7610.75,7610.75,111
2026-06-01T10:03:00.000Z,ES,7610.75,7611.0,7610.5,7611.0,136
2026-06-01T10:04:00.000Z,ES,7611.0,7611.5,7610.5,7610.5,174
2026-06-01T10:05:00.000Z,ES,7610.5,7611.0,7610.25,7611.0,135
2026-06-01T10:06:00.000Z,ES,7611.0,7611.0,7610.5,7610.75,126
2026-06-01T10:07:00.000Z,ES,7610.5,7612.0,7610.5,7612.0,125
2026-06-01T10:08:00.000Z,ES,7612.0,7612.75,7612.0,7612.5,145
2026-06-01T10:09:00.000Z,ES,7612.25,7613.0,7612.25,7613.0,99
2026-06-01T10:10:00.000Z,ES,7613.0,7613.75,7613.0,7613.75,210
2026-06-01T10:11:00.000Z,ES,7614.0,7614.75,7613.75,7614.0,196
2026-06-01T10:12:00.000Z,ES,7614.0,7614.5,7614.0,7614.25,112
2026-06-01T10:13:00.000Z,ES,7614.5,7614.5,7613.75,7614.0,152
2026-06-01T10:14:00.000Z,ES,7613.75,7614.25,7613.75,7614.25,164
2026-06-01T10:15:00.000Z,ES,7614.25,7614.75,7614.0,7614.5,127
2026-06-01T10:16:00.000Z,ES,7614.5,7614.75,7614.25,7614.5,116
2026-06-01T10:17:00.000Z,ES,7614.75,7615.0,7614.25,7614.5,77
2026-06-01T10:18:00.000Z,ES,7614.25,7614.25,7613.75,7614.25,54
2026-06-01T10:19:00.000Z,ES,7614.25,7614.25,7613.25,7613.5,141
2026-06-01T10:20:00.000Z,ES,7613.75,7613.75,7613.25,7613.25,290
2026-06-01T10:21:00.000Z,ES,7613.25,7613.75,7612.0,7612.25,268
2026-06-01T10:22:00.000Z,ES,7612.25,7613.0,7612.25,7612.75,140
2026-06-01T10:23:00.000Z,ES,7613.0,7613.75,7612.75,7613.5,66
2026-06-01T10:24:00.000Z,ES,7613.5,7613.5,7613.25,7613.5,40
2026-06-01T10:25:00.000Z,ES,7613.5,7614.25,7613.5,7613.5,97
2026-06-01T10:26:00.000Z,ES,7613.75,7614.0,7613.75,7614.0,31
2026-06-01T10:27:00.000Z,ES,7614.0,7614.5,7613.75,7614.25,74
2026-06-01T10:28:00.000Z,ES,7614.25,7614.25,7614.25,7614.25,54
2026-06-01T10:29:00.000Z,ES,7614.5,7615.25,7614.25,7614.5,208
2026-06-01T10:30:00.000Z,ES,7614.75,7615.5,7614.75,7615.5,186
2026-06-01T10:31:00.000Z,ES,7615.5,7616.25,7615.5,7616.0,164
2026-06-01T10:32:00.000Z,ES,7615.75,7616.25,7615.75,7615.75,108
2026-06-01T10:33:00.000Z,ES,7615.75,7615.75,7614.75,7615.0,152
2026-06-01T10:34:00.000Z,ES,7614.75,7616.5,7614.75,7616.25,258
2026-06-01T10:35:00.000Z,ES,7616.25,7616.75,7616.25,7616.25,122
2026-06-01T10:36:00.000Z,ES,7616.25,7617.25,7616.25,7617.0,154
2026-06-01T10:37:00.000Z,ES,7617.25,7617.5,7617.0,7617.25,153
2026-06-01T10:38:00.000Z,ES,7617.25,7617.25,7616.5,7617.0,114
2026-06-01T10:39:00.000Z,ES,7617.0,7617.75,7616.5,7616.5,249
2026-06-01T10:40:00.000Z,ES,7616.75,7617.0,7616.25,7616.25,127
2026-06-01T10:41:00.000Z,ES,7616.5,7617.75,7616.25,7617.5,357
2026-06-01T10:42:00.000Z,ES,7617.75,7617.75,7617.25,7617.5,91
2026-06-01T10:43:00.000Z,ES,7617.25,7617.25,7616.0,7616.5,142
2026-06-01T10:44:00.000Z,ES,7616.5,7616.75,7616.5,7616.75,52
2026-06-01T10:45:00.000Z,ES,7617.0,7617.0,7616.75,7616.75,93
2026-06-01T10:46:00.000Z,ES,7616.5,7616.75,7615.0,7615.25,161
2026-06-01T10:47:00.000Z,ES,7615.5,7616.0,7615.25,7616.0,83
2026-06-01T10:48:00.000Z,ES,7616.25,7616.75,7616.0,7616.75,60
2026-06-01T10:49:00.000Z,ES,7616.5,7617.0,7616.25,7616.75,116
2026-06-01T10:50:00.000Z,ES,7616.5,7616.75,7616.25,7616.25,77
2026-06-01T10:51:00.000Z,ES,7616.5,7616.75,7616.25,7616.5,106
2026-06-01T10:52:00.000Z,ES,7616.5,7616.75,7616.0,7616.5,112
2026-06-01T10:53:00.000Z,ES,7616.5,7616.75,7616.25,7616.25,98
2026-06-01T10:54:00.000Z,ES,7616.5,7616.5,7616.0,7616.25,95
2026-06-01T10:55:00.000Z,ES,7616.25,7616.25,7615.75,7616.0,122
2026-06-01T10:56:00.000Z,ES,7616.0,7616.75,7615.75,7616.25,140
2026-06-01T10:57:00.000Z,ES,7616.25,7616.5,7616.25,7616.25,41
2026-06-01T10:58:00.000Z,ES,7616.0,7616.5,7615.75,7616.25,141
2026-06-01T10:59:00.000Z,ES,7616.25,7616.5,7616.0,7616.5,211
2026-06-01T11:00:00.000Z,ES,7616.25,7617.5,7615.5,7616.0,594
2026-06-01T11:01:00.000Z,ES,7615.75,7616.25,7615.5,7616.25,175
2026-06-01T11:02:00.000Z,ES,7616.25,7616.75,7615.75,7616.5,116
2026-06-01T11:03:00.000Z,ES,7616.75,7616.75,7615.5,7616.5,233
2026-06-01T11:04:00.000Z,ES,7616.5,7617.0,7615.75,7615.75,189
2026-06-01T11:05:00.000Z,ES,7615.75,7616.25,7615.25,7616.25,297
2026-06-01T11:06:00.000Z,ES,7616.25,7616.25,7615.25,7616.0,212
2026-06-01T11:07:00.000Z,ES,7615.75,7616.0,7614.75,7614.75,341
2026-06-01T11:08:00.000Z,ES,7615.0,7615.5,7615.0,7615.5,81
2026-06-01T11:09:00.000Z,ES,7615.5,7616.25,7615.25,7616.25,130
2026-06-01T11:10:00.000Z,ES,7616.0,7616.25,7615.25,7615.5,235
2026-06-01T11:11:00.000Z,ES,7615.5,7615.5,7614.0,7614.25,322
2026-06-01T11:12:00.000Z,ES,7614.5,7615.0,7614.25,7615.0,84
2026-06-01T11:13:00.000Z,ES,7615.0,7615.0,7614.5,7614.75,190
2026-06-01T11:14:00.000Z,ES,7614.75,7615.5,7614.75,7615.25,246
2026-06-01T11:15:00.000Z,ES,7615.25,7615.25,7614.5,7615.25,132
2026-06-01T11:16:00.000Z,ES,7615.0,7615.25,7614.75,7615.0,73
2026-06-01T11:17:00.000Z,ES,7614.75,7615.25,7614.5,7614.5,72
2026-06-01T11:18:00.000Z,ES,7614.25,7615.25,7614.0,7614.75,271
2026-06-01T11:19:00.000Z,ES,7615.0,7615.75,7615.0,7615.5,201
2026-06-01T11:20:00.000Z,ES,7615.75,7615.75,7614.75,7614.75,141
2026-06-01T11:21:00.000Z,ES,7614.75,7615.25,7614.5,7615.25,213
2026-06-01T11:22:00.000Z,ES,7615.0,7615.25,7614.75,7615.25,92
2026-06-01T11:23:00.000Z,ES,7615.0,7615.75,7614.75,7615.75,108
2026-06-01T11:24:00.000Z,ES,7615.5,7615.75,7615.0,7615.0,121
2026-06-01T11:25:00.000Z,ES,7615.0,7615.75,7615.0,7615.5,334
2026-06-01T11:26:00.000Z,ES,7615.75,7616.0,7614.75,7614.75,391
2026-06-01T11:27:00.000Z,ES,7614.75,7615.0,7614.5,7614.75,156
2026-06-01T11:28:00.000Z,ES,7615.0,7615.5,7614.5,7615.5,333
2026-06-01T11:29:00.000Z,ES,7615.5,7617.25,7615.5,7616.75,695
2026-06-01T11:30:00.000Z,ES,7616.75,7617.75,7615.5,7617.75,614
2026-06-01T11:31:00.000Z,ES,7617.75,7618.75,7617.75,7618.25,374
2026-06-01T11:32:00.000Z,ES,7618.25,7619.0,7618.0,7618.5,417
2026-06-01T11:33:00.000Z,ES,7618.25,7618.75,7617.75,7618.5,366
2026-06-01T11:34:00.000Z,ES,7618.5,7619.0,7618.25,7618.5,168
2026-06-01T11:35:00.000Z,ES,7618.5,7619.75,7618.5,7619.5,302
2026-06-01T11:36:00.000Z,ES,7619.75,7620.0,7619.0,7619.5,455
2026-06-01T11:37:00.000Z,ES,7619.5,7620.75,7619.5,7620.5,487
2026-06-01T11:38:00.000Z,ES,7620.5,7620.75,7619.5,7620.25,398
2026-06-01T11:39:00.000Z,ES,7620.5,7621.75,7620.0,7621.5,396
2026-06-01T11:40:00.000Z,ES,7621.75,7623.0,7620.0,7620.0,794
2026-06-01T11:41:00.000Z,ES,7620.0,7620.0,7618.5,7618.5,229
2026-06-01T11:42:00.000Z,ES,7618.5,7619.0,7618.5,7618.5,284
2026-06-01T11:43:00.000Z,ES,7618.75,7619.75,7618.5,7619.75,592
2026-06-01T11:44:00.000Z,ES,7619.5,7619.5,7618.75,7619.25,234
2026-06-01T11:45:00.000Z,ES,7619.25,7620.25,7619.25,7619.25,308
2026-06-01T11:46:00.000Z,ES,7619.25,7620.0,7619.25,7619.25,172
2026-06-01T11:47:00.000Z,ES,7619.25,7619.5,7619.25,7619.25,251
2026-06-01T11:48:00.000Z,ES,7619.5,7619.5,7617.75,7617.75,595
2026-06-01T11:49:00.000Z,ES,7617.75,7618.25,7617.25,7618.25,535
2026-06-01T11:50:00.000Z,ES,7618.25,7618.5,7616.25,7616.5,392
2026-06-01T11:51:00.000Z,ES,7616.5,7617.25,7616.25,7616.5,274
2026-06-01T11:52:00.000Z,ES,7616.75,7616.75,7615.0,7615.25,393
2026-06-01T11:53:00.000Z,ES,7615.25,7615.75,7614.75,7615.0,311
2026-06-01T11:54:00.000Z,ES,7615.0,7615.25,7614.5,7615.0,380
2026-06-01T11:55:00.000Z,ES,7615.0,7615.25,7614.75,7615.0,315
2026-06-01T11:56:00.000Z,ES,7615.0,7615.25,7614.5,7614.75,392
2026-06-01T11:57:00.000Z,ES,7614.75,7615.0,7614.5,7614.75,326
2026-06-01T11:58:00.000Z,ES,7614.75,7615.0,7614.25,7614.25,229
2026-06-01T11:59:00.000Z,ES,7614.5,7614.75,7613.75,7614.25,254
2026-06-01T12:00:00.000Z,ES,7614.25,7614.25,7613.75,7614.0,372
2026-06-01T12:01:00.000Z,ES,7614.0,7614.0,7613.0,7613.5,410
2026-06-01T12:02:00.000Z,ES,7613.5,7614.0,7612.5,7613.0,386
2026-06-01T12:03:00.000Z,ES,7612.75,7613.25,7612.5,7612.75,264
2026-06-01T12:04:00.000Z,ES,7612.5,7613.0,7612.5,7612.75,660
2026-06-01T12:05:00.000Z,ES,7612.75,7614.0,7612.25,7614.0,711
2026-06-01T12:06:00.000Z,ES,7613.75,7614.0,7612.5,7612.5,346
2026-06-01T12:07:00.000Z,ES,7612.5,7612.5,7611.25,7611.25,382
2026-06-01T12:08:00.000Z,ES,7611.5,7612.0,7609.75,7610.25,630
2026-06-01T12:09:00.000Z,ES,7610.25,7610.5,7609.25,7609.5,758
2026-06-01T12:10:00.000Z,ES,7609.25,7610.5,7608.75,7610.0,501
2026-06-01T12:11:00.000Z,ES,7610.0,7611.0,7609.75,7610.5,419
2026-06-01T12:12:00.000Z,ES,7610.5,7610.75,7609.0,7609.25,411
2026-06-01T12:13:00.000Z,ES,7609.5,7610.0,7608.5,7608.5,461
2026-06-01T12:14:00.000Z,ES,7608.5,7609.25,7608.0,7608.5,420
2026-06-01T12:15:00.000Z,ES,7608.5,7610.0,7608.5,7608.75,440
2026-06-01T12:16:00.000Z,ES,7608.75,7610.25,7608.75,7609.25,439
2026-06-01T12:17:00.000Z,ES,7609.5,7610.25,7609.25,7610.0,348
2026-06-01T12:18:00.000Z,ES,7609.75,7610.0,7606.25,7608.0,1615
2026-06-01T12:19:00.000Z,ES,7608.0,7609.25,7608.0,7609.0,250
2026-06-01T12:20:00.000Z,ES,7609.0,7610.25,7609.0,7610.0,399
2026-06-01T12:21:00.000Z,ES,7610.0,7610.5,7609.25,7610.0,880
2026-06-01T12:22:00.000Z,ES,7609.75,7609.75,7608.75,7609.0,224
2026-06-01T12:23:00.000Z,ES,7609.25,7609.5,7609.0,7609.25,346
2026-06-01T12:24:00.000Z,ES,7609.5,7610.0,7609.25,7609.5,571
2026-06-01T12:25:00.000Z,ES,7609.25,7611.25,7609.25,7611.25,753
2026-06-01T12:26:00.000Z,ES,7611.0,7611.5,7610.75,7611.0,384
2026-06-01T12:27:00.000Z,ES,7610.75,7611.0,7610.0,7610.75,322
2026-06-01T12:28:00.000Z,ES,7610.75,7611.0,7610.5,7611.0,236
2026-06-01T12:29:00.000Z,ES,7611.0,7611.0,7610.25,7610.25,278
2026-06-01T12:30:00.000Z,ES,7610.25,7610.5,7608.5,7608.5,405
2026-06-01T12:31:00.000Z,ES,7608.5,7608.75,7608.0,7608.25,357
2026-06-01T12:32:00.000Z,ES,7608.5,7610.25,7608.0,7609.5,361
2026-06-01T12:33:00.000Z,ES,7609.5,7609.75,7607.75,7608.0,276
2026-06-01T12:34:00.000Z,ES,7608.0,7608.25,7606.75,7608.25,599
2026-06-01T12:35:00.000Z,ES,7608.25,7609.0,7608.0,7608.75,318
2026-06-01T12:36:00.000Z,ES,7608.75,7609.75,7608.75,7609.25,390
2026-06-01T12:37:00.000Z,ES,7609.0,7609.0,7607.75,7608.75,492
2026-06-01T12:38:00.000Z,ES,7609.0,7610.0,7609.0,7610.0,666
2026-06-01T12:39:00.000Z,ES,7610.0,7611.0,7609.75,7610.75,419
2026-06-01T12:40:00.000Z,ES,7610.5,7611.0,7610.25,7610.75,379
2026-06-01T12:41:00.000Z,ES,7610.75,7611.75,7610.75,7610.75,479
2026-06-01T12:42:00.000Z,ES,7611.0,7611.0,7610.0,7610.0,650
2026-06-01T12:43:00.000Z,ES,7610.25,7610.5,7609.5,7610.0,348
2026-06-01T12:44:00.000Z,ES,7610.25,7614.5,7610.25,7613.75,2140
2026-06-01T12:45:00.000Z,ES,7613.75,7615.75,7612.75,7612.75,1147
2026-06-01T12:46:00.000Z,ES,7613.0,7614.0,7612.5,7613.75,608
2026-06-01T12:47:00.000Z,ES,7613.75,7613.75,7612.5,7612.75,464
2026-06-01T12:48:00.000Z,ES,7612.75,7613.0,7612.25,7612.75,354
2026-06-01T12:49:00.000Z,ES,7612.75,7612.75,7612.0,7612.25,497
2026-06-01T12:50:00.000Z,ES,7612.0,7612.25,7611.75,7611.75,381
2026-06-01T12:51:00.000Z,ES,7611.75,7612.25,7611.0,7611.25,617
2026-06-01T12:52:00.000Z,ES,7611.25,7611.5,7610.5,7610.5,397
2026-06-01T12:53:00.000Z,ES,7610.5,7610.75,7609.5,7610.0,487
2026-06-01T12:54:00.000Z,ES,7610.0,7610.25,7609.25,7609.75,508
2026-06-01T12:55:00.000Z,ES,7610.0,7610.25,7609.25,7609.25,314
2026-06-01T12:56:00.000Z,ES,7609.5,7609.75,7609.0,7609.0,342
2026-06-01T12:57:00.000Z,ES,7609.25,7609.25,7608.5,7608.5,345
2026-06-01T12:58:00.000Z,ES,7608.75,7609.5,7608.25,7608.5,332
2026-06-01T12:59:00.000Z,ES,7608.5,7609.25,7608.25,7608.75,442
2026-06-01T13:00:00.000Z,ES,7608.75,7609.25,7607.75,7608.5,650
2026-06-01T13:01:00.000Z,ES,7608.75,7608.75,7607.0,7607.5,467
2026-06-01T13:02:00.000Z,ES,7607.5,7607.75,7606.25,7606.25,341
2026-06-01T13:03:00.000Z,ES,7606.25,7607.25,7605.0,7607.0,991
2026-06-01T13:04:00.000Z,ES,7607.0,7607.25,7606.25,7606.5,407
2026-06-01T13:05:00.000Z,ES,7606.5,7606.5,7605.5,7605.75,507
2026-06-01T13:06:00.000Z,ES,7605.75,7606.5,7605.25,7606.25,444
2026-06-01T13:07:00.000Z,ES,7606.0,7608.5,7606.0,7608.5,696
2026-06-01T13:08:00.000Z,ES,7608.5,7609.5,7608.5,7609.5,489
2026-06-01T13:09:00.000Z,ES,7609.5,7610.0,7609.25,7609.75,494
2026-06-01T13:10:00.000Z,ES,7609.75,7610.25,7604.0,7604.75,1566
2026-06-01T13:11:00.000Z,ES,7605.0,7605.0,7591.25,7592.75,12026
2026-06-01T13:12:00.000Z,ES,7593.0,7595.25,7583.75,7586.25,10389
2026-06-01T13:13:00.000Z,ES,7586.25,7591.5,7581.5,7583.75,7401
2026-06-01T13:14:00.000Z,ES,7583.75,7589.5,7582.25,7588.75,4858
2026-06-01T13:15:00.000Z,ES,7588.75,7591.75,7587.75,7590.0,3430
2026-06-01T13:16:00.000Z,ES,7590.0,7591.75,7587.5,7591.0,3332
2026-06-01T13:17:00.000Z,ES,7591.0,7596.0,7591.0,7594.25,3607
2026-06-01T13:18:00.000Z,ES,7594.25,7594.25,7592.25,7593.5,1371
2026-06-01T13:19:00.000Z,ES,7593.5,7593.75,7588.5,7588.75,2581
2026-06-01T13:20:00.000Z,ES,7589.0,7589.75,7586.75,7587.0,2182
2026-06-01T13:21:00.000Z,ES,7587.0,7588.5,7582.0,7584.0,4350
2026-06-01T13:22:00.000Z,ES,7584.0,7585.25,7582.0,7584.75,2937
2026-06-01T13:23:00.000Z,ES,7584.75,7586.25,7582.0,7582.75,1886
2026-06-01T13:24:00.000Z,ES,7582.5,7582.75,7578.25,7578.5,3693
2026-06-01T13:25:00.000Z,ES,7578.25,7580.75,7577.0,7580.75,3642
2026-06-01T13:26:00.000Z,ES,7581.0,7581.0,7577.25,7577.75,1938
2026-06-01T13:27:00.000Z,ES,7577.75,7579.25,7577.0,7578.75,2696
2026-06-01T13:28:00.000Z,ES,7579.0,7581.5,7578.5,7580.5,2083
2026-06-01T13:29:00.000Z,ES,7580.5,7583.5,7579.75,7583.0,2741
2026-06-01T13:30:00.000Z,ES,7583.0,7586.0,7577.5,7578.0,13511
2026-06-01T13:31:00.000Z,ES,7578.0,7586.25,7576.25,7582.25,8261
2026-06-01T13:32:00.000Z,ES,7582.25,7588.0,7581.0,7587.75,5604
2026-06-01T13:33:00.000Z,ES,7587.75,7590.0,7585.25,7585.5,6362
2026-06-01T13:34:00.000Z,ES,7585.75,7589.0,7584.25,7586.0,3879
2026-06-01T13:35:00.000Z,ES,7585.75,7591.5,7584.5,7590.75,6039
2026-06-01T13:36:00.000Z,ES,7591.25,7593.0,7585.5,7588.75,6460
2026-06-01T13:37:00.000Z,ES,7588.75,7592.75,7587.75,7592.5,3053
2026-06-01T13:38:00.000Z,ES,7592.5,7594.25,7591.5,7593.25,2867
2026-06-01T13:39:00.000Z,ES,7593.25,7594.75,7591.0,7591.25,3235
2026-06-01T13:40:00.000Z,ES,7591.5,7592.75,7587.25,7587.5,4626
2026-06-01T13:41:00.000Z,ES,7587.5,7591.25,7587.5,7591.0,3011
2026-06-01T13:42:00.000Z,ES,7591.25,7593.5,7589.25,7592.5,2686
2026-06-01T13:43:00.000Z,ES,7592.5,7594.5,7591.75,7593.25,2781
2026-06-01T13:44:00.000Z,ES,7593.25,7595.0,7591.0,7591.25,2470
2026-06-01T13:45:00.000Z,ES,7591.5,7594.0,7591.0,7593.0,2693
2026-06-01T13:46:00.000Z,ES,7593.0,7594.0,7591.25,7593.5,2652
2026-06-01T13:47:00.000Z,ES,7593.25,7595.5,7593.25,7594.25,3738
2026-06-01T13:48:00.000Z,ES,7594.25,7596.0,7591.5,7593.25,3982
2026-06-01T13:49:00.000Z,ES,7593.0,7593.25,7590.75,7592.75,3464
2026-06-01T13:50:00.000Z,ES,7592.75,7596.75,7592.5,7594.0,3364
2026-06-01T13:51:00.000Z,ES,7593.75,7595.75,7588.25,7592.25,6693
2026-06-01T13:52:00.000Z,ES,7592.0,7592.25,7589.5,7591.5,3034
2026-06-01T13:53:00.000Z,ES,7591.5,7593.25,7591.0,7593.25,3407
2026-06-01T13:54:00.000Z,ES,7593.0,7593.25,7589.75,7589.75,2291
2026-06-01T13:55:00.000Z,ES,7589.75,7590.25,7586.75,7587.5,3053
2026-06-01T13:56:00.000Z,ES,7587.5,7590.5,7586.75,7588.0,3248
2026-06-01T13:57:00.000Z,ES,7588.0,7590.25,7587.25,7588.25,2152
2026-06-01T13:58:00.000Z,ES,7588.25,7589.0,7583.25,7585.25,3866
2026-06-01T13:59:00.000Z,ES,7585.25,7586.5,7584.0,7584.75,2672
2026-06-01T14:00:00.000Z,ES,7585.25,7588.0,7581.5,7583.75,5047
2026-06-01T14:01:00.000Z,ES,7583.75,7589.75,7583.5,7588.5,5247
2026-06-01T14:02:00.000Z,ES,7588.5,7589.5,7585.0,7588.0,3693
2026-06-01T14:03:00.000Z,ES,7587.75,7588.25,7583.5,7584.25,5810
2026-06-01T14:04:00.000Z,ES,7584.0,7586.5,7582.5,7585.0,5512
2026-06-01T14:05:00.000Z,ES,7584.75,7588.0,7584.25,7587.5,3760
2026-06-01T14:06:00.000Z,ES,7587.25,7588.0,7583.25,7586.5,4627
2026-06-01T14:07:00.000Z,ES,7586.25,7587.75,7583.75,7587.5,2499
2026-06-01T14:08:00.000Z,ES,7587.5,7591.75,7587.0,7590.5,4529
2026-06-01T14:09:00.000Z,ES,7590.75,7594.0,7590.0,7592.25,4347
2026-06-01T14:10:00.000Z,ES,7592.0,7592.75,7586.0,7589.0,4542
2026-06-01T14:11:00.000Z,ES,7588.75,7589.5,7583.5,7586.0,4173
2026-06-01T14:12:00.000Z,ES,7586.0,7587.75,7584.25,7586.25,2948
2026-06-01T14:13:00.000Z,ES,7586.0,7589.5,7585.5,7588.25,2399
2026-06-01T14:14:00.000Z,ES,7588.25,7590.0,7587.5,7587.75,1961
2026-06-01T14:15:00.000Z,ES,7587.75,7589.75,7587.5,7587.75,2125
2026-06-01T14:16:00.000Z,ES,7587.75,7596.25,7586.25,7593.25,10275
2026-06-01T14:17:00.000Z,ES,7593.25,7593.5,7589.0,7590.5,5732
2026-06-01T14:18:00.000Z,ES,7590.25,7591.5,7585.25,7587.25,5964
2026-06-01T14:19:00.000Z,ES,7587.25,7589.25,7586.75,7587.5,2375
2026-06-01T14:20:00.000Z,ES,7587.25,7591.0,7586.75,7589.0,3151
2026-06-01T14:21:00.000Z,ES,7589.0,7591.5,7587.25,7591.25,3360
2026-06-01T14:22:00.000Z,ES,7591.0,7593.75,7590.75,7592.25,4108
2026-06-01T14:23:00.000Z,ES,7592.0,7593.5,7591.25,7592.5,2348
2026-06-01T14:24:00.000Z,ES,7592.25,7593.5,7590.0,7590.25,2328
2026-06-01T14:25:00.000Z,ES,7590.25,7591.75,7588.25,7588.25,3333
2026-06-01T14:26:00.000Z,ES,7588.25,7589.0,7586.0,7586.25,4442
2026-06-01T14:27:00.000Z,ES,7586.0,7587.75,7586.0,7587.5,2221
2026-06-01T14:28:00.000Z,ES,7587.25,7590.25,7586.75,7590.25,2331
2026-06-01T14:29:00.000Z,ES,7590.25,7590.25,7585.5,7587.0,5316
2026-06-01T14:30:00.000Z,ES,7587.0,7589.0,7585.0,7589.0,3428
2026-06-01T14:31:00.000Z,ES,7589.0,7589.0,7585.5,7586.5,2207
2026-06-01T14:32:00.000Z,ES,7586.5,7590.25,7585.75,7589.25,3674
2026-06-01T14:33:00.000Z,ES,7589.0,7589.0,7585.0,7585.5,2912
2026-06-01T14:34:00.000Z,ES,7585.5,7586.25,7583.5,7585.75,2743
2026-06-01T14:35:00.000Z,ES,7585.75,7587.75,7585.25,7585.75,2008
2026-06-01T14:36:00.000Z,ES,7585.75,7585.75,7583.25,7583.5,3140
2026-06-01T14:37:00.000Z,ES,7583.25,7585.0,7581.75,7582.0,3184
2026-06-01T14:38:00.000Z,ES,7582.0,7583.25,7581.5,7582.75,2377
2026-06-01T14:39:00.000Z,ES,7582.5,7584.5,7582.25,7582.5,2227
2026-06-01T14:40:00.000Z,ES,7582.25,7585.0,7581.0,7584.5,2541
2026-06-01T14:41:00.000Z,ES,7584.5,7587.25,7584.0,7586.75,2478
2026-06-01T14:42:00.000Z,ES,7586.5,7588.0,7584.75,7586.25,1497
2026-06-01T14:43:00.000Z,ES,7586.25,7587.75,7585.75,7587.0,1564
2026-06-01T14:44:00.000Z,ES,7587.25,7587.25,7584.5,7586.25,1472
2026-06-01T14:45:00.000Z,ES,7586.25,7587.25,7584.75,7585.25,1285
2026-06-01T14:46:00.000Z,ES,7585.5,7586.5,7584.0,7584.5,1490
2026-06-01T14:47:00.000Z,ES,7584.5,7585.0,7583.25,7583.5,1403
2026-06-01T14:48:00.000Z,ES,7583.5,7588.25,7583.25,7588.0,2427
2026-06-01T14:49:00.000Z,ES,7588.0,7588.25,7584.75,7585.0,2481
2026-06-01T14:50:00.000Z,ES,7585.0,7586.0,7584.5,7585.5,1427
2026-06-01T14:51:00.000Z,ES,7585.5,7587.25,7583.25,7583.25,1846
2026-06-01T14:52:00.000Z,ES,7583.25,7585.25,7582.0,7582.75,2835
2026-06-01T14:53:00.000Z,ES,7582.75,7584.75,7582.5,7583.75,1887
2026-06-01T14:54:00.000Z,ES,7584.0,7584.75,7583.0,7583.75,1273
2026-06-01T14:55:00.000Z,ES,7583.75,7584.5,7582.25,7583.5,1291
2026-06-01T14:56:00.000Z,ES,7583.5,7583.75,7582.0,7582.25,1359
2026-06-01T14:57:00.000Z,ES,7582.25,7582.75,7581.25,7582.25,2107
2026-06-01T14:58:00.000Z,ES,7582.0,7584.0,7582.0,7583.25,1509
2026-06-01T14:59:00.000Z,ES,7583.25,7585.0,7582.75,7585.0,1174
2026-06-01T15:00:00.000Z,ES,7585.0,7586.25,7583.5,7584.0,2672
2026-06-01T15:01:00.000Z,ES,7583.75,7585.5,7582.75,7584.5,1698
2026-06-01T15:02:00.000Z,ES,7584.75,7586.25,7584.25,7586.0,1623
2026-06-01T15:03:00.000Z,ES,7586.0,7587.0,7583.5,7583.75,1832
2026-06-01T15:04:00.000Z,ES,7583.5,7586.75,7583.25,7586.25,1634
2026-06-01T15:05:00.000Z,ES,7586.5,7588.75,7583.25,7588.25,6056
2026-06-01T15:06:00.000Z,ES,7588.25,7590.25,7587.5,7590.25,3008
2026-06-01T15:07:00.000Z,ES,7590.25,7590.5,7589.25,7590.0,1958
2026-06-01T15:08:00.000Z,ES,7590.0,7591.25,7588.5,7590.0,2788
2026-06-01T15:09:00.000Z,ES,7590.0,7590.75,7587.0,7588.5,2550
2026-06-01T15:10:00.000Z,ES,7588.5,7589.0,7586.75,7587.25,1991
2026-06-01T15:11:00.000Z,ES,7587.0,7587.75,7585.0,7585.25,1906
2026-06-01T15:12:00.000Z,ES,7585.5,7588.25,7585.5,7588.0,1390
2026-06-01T15:13:00.000Z,ES,7587.75,7589.5,7587.25,7589.0,1695
2026-06-01T15:14:00.000Z,ES,7589.0,7589.5,7587.25,7587.5,2428
2026-06-01T15:15:00.000Z,ES,7587.5,7589.0,7587.0,7589.0,1955
2026-06-01T15:16:00.000Z,ES,7589.0,7589.25,7587.0,7587.5,1191
2026-06-01T15:17:00.000Z,ES,7587.5,7589.0,7587.5,7588.75,1079
2026-06-01T15:18:00.000Z,ES,7588.75,7588.75,7586.25,7588.25,3567
2026-06-01T15:19:00.000Z,ES,7588.25,7588.25,7586.75,7587.0,1009
2026-06-01T15:20:00.000Z,ES,7587.0,7591.25,7586.75,7591.0,2052
2026-06-01T15:21:00.000Z,ES,7591.0,7591.75,7590.5,7591.0,1540
2026-06-01T15:22:00.000Z,ES,7591.0,7592.25,7590.75,7592.0,1415
2026-06-01T15:23:00.000Z,ES,7591.75,7592.0,7590.25,7591.0,1442
2026-06-01T15:24:00.000Z,ES,7591.0,7591.75,7590.5,7590.75,1003
2026-06-01T15:25:00.000Z,ES,7591.0,7591.75,7590.25,7591.25,1285
2026-06-01T15:26:00.000Z,ES,7591.0,7591.0,7588.5,7588.5,1811
2026-06-01T15:27:00.000Z,ES,7588.75,7590.25,7588.0,7590.25,1409
2026-06-01T15:28:00.000Z,ES,7590.25,7591.0,7589.5,7590.5,1262
2026-06-01T15:29:00.000Z,ES,7590.5,7591.5,7589.5,7589.75,1985
2026-06-01T15:30:00.000Z,ES,7589.75,7601.75,7589.5,7598.5,23366
2026-06-01T15:31:00.000Z,ES,7598.5,7600.0,7594.25,7597.25,10713
2026-06-01T15:32:00.000Z,ES,7597.25,7599.0,7596.5,7598.5,3748
2026-06-01T15:33:00.000Z,ES,7598.5,7600.0,7598.25,7599.5,3273
2026-06-01T15:34:00.000Z,ES,7599.75,7599.75,7597.75,7598.5,4324
2026-06-01T15:35:00.000Z,ES,7598.75,7602.5,7598.25,7600.25,5575
2026-06-01T15:36:00.000Z,ES,7600.25,7602.25,7600.25,7601.5,2975
2026-06-01T15:37:00.000Z,ES,7601.5,7602.5,7601.0,7601.75,2327
2026-06-01T15:38:00.000Z,ES,7601.75,7602.75,7601.0,7602.0,2606
2026-06-01T15:39:00.000Z,ES,7602.25,7602.5,7601.5,7602.5,1806
2026-06-01T15:40:00.000Z,ES,7602.25,7603.0,7600.0,7600.75,3164
2026-06-01T15:41:00.000Z,ES,7600.75,7602.5,7600.0,7601.25,2984
2026-06-01T15:42:00.000Z,ES,7601.25,7602.5,7600.75,7601.75,1730
2026-06-01T15:43:00.000Z,ES,7601.75,7602.0,7600.75,7601.25,1572
2026-06-01T15:44:00.000Z,ES,7601.0,7601.5,7600.0,7601.25,1683
2026-06-01T15:45:00.000Z,ES,7601.5,7601.75,7600.5,7600.5,1053
2026-06-01T15:46:00.000Z,ES,7600.25,7601.25,7600.0,7600.0,1579
2026-06-01T15:47:00.000Z,ES,7600.0,7600.0,7598.75,7599.0,1703
2026-06-01T15:48:00.000Z,ES,7599.0,7599.5,7597.75,7598.75,1953
2026-06-01T15:49:00.000Z,ES,7598.5,7599.75,7597.0,7597.5,3342
2026-06-01T15:50:00.000Z,ES,7597.5,7598.25,7596.25,7597.25,2676
2026-06-01T15:51:00.000Z,ES,7597.5,7598.5,7597.0,7597.5,1393
2026-06-01T15:52:00.000Z,ES,7597.5,7599.0,7597.25,7598.25,1567
2026-06-01T15:53:00.000Z,ES,7598.5,7600.25,7598.5,7599.5,1937
2026-06-01T15:54:00.000Z,ES,7599.25,7599.25,7597.5,7598.5,1333
2026-06-01T15:55:00.000Z,ES,7598.25,7598.75,7596.0,7596.25,1457
2026-06-01T15:56:00.000Z,ES,7596.5,7597.75,7596.25,7597.25,1634
2026-06-01T15:57:00.000Z,ES,7597.0,7597.75,7595.75,7597.0,2431
2026-06-01T15:58:00.000Z,ES,7597.0,7597.0,7595.0,7595.5,2523
2026-06-01T15:59:00.000Z,ES,7595.5,7595.75,7595.0,7595.5,1627
2026-06-01T16:00:00.000Z,ES,7595.5,7600.75,7595.5,7599.5,6689
2026-06-01T16:01:00.000Z,ES,7599.5,7600.25,7597.75,7599.0,2777
2026-06-01T16:02:00.000Z,ES,7598.75,7599.25,7597.75,7598.5,1099
2026-06-01T16:03:00.000Z,ES,7598.5,7598.5,7597.25,7597.25,914
2026-06-01T16:04:00.000Z,ES,7597.5,7598.25,7596.75,7597.0,1056
2026-06-01T16:05:00.000Z,ES,7597.0,7597.5,7596.0,7596.0,1322
2026-06-01T16:06:00.000Z,ES,7596.0,7596.75,7595.25,7596.25,1238
2026-06-01T16:07:00.000Z,ES,7596.25,7597.5,7595.75,7596.5,1071
2026-06-01T16:08:00.000Z,ES,7596.5,7597.0,7595.0,7595.5,956
2026-06-01T16:09:00.000Z,ES,7595.5,7596.75,7595.5,7596.25,753
2026-06-01T16:10:00.000Z,ES,7596.25,7596.5,7592.5,7593.5,5523
2026-06-01T16:11:00.000Z,ES,7593.25,7594.0,7591.25,7593.25,4242
2026-06-01T16:12:00.000Z,ES,7593.25,7593.5,7591.5,7592.25,2710
2026-06-01T16:13:00.000Z,ES,7592.25,7593.25,7591.75,7593.0,1666
2026-06-01T16:14:00.000Z,ES,7593.0,7594.0,7592.5,7593.5,1551
2026-06-01T16:15:00.000Z,ES,7593.5,7594.5,7591.0,7591.75,2002
2026-06-01T16:16:00.000Z,ES,7591.5,7592.5,7591.0,7591.5,1446
2026-06-01T16:17:00.000Z,ES,7591.25,7591.75,7587.5,7588.75,5319
2026-06-01T16:18:00.000Z,ES,7588.5,7589.0,7587.0,7589.0,2269
2026-06-01T16:19:00.000Z,ES,7588.75,7592.25,7588.75,7592.0,2207
2026-06-01T16:20:00.000Z,ES,7591.75,7593.0,7591.25,7592.75,1700
2026-06-01T16:21:00.000Z,ES,7592.75,7593.25,7592.0,7593.25,1143
2026-06-01T16:22:00.000Z,ES,7593.0,7593.0,7591.5,7592.75,1069
2026-06-01T16:23:00.000Z,ES,7592.75,7595.0,7592.5,7594.75,1268
2026-06-01T16:24:00.000Z,ES,7594.75,7595.75,7594.5,7595.5,1387
2026-06-01T16:25:00.000Z,ES,7595.5,7595.5,7594.25,7594.75,1111
2026-06-01T16:26:00.000Z,ES,7594.5,7595.5,7593.75,7595.5,837
2026-06-01T16:27:00.000Z,ES,7595.25,7595.25,7594.5,7594.75,761
2026-06-01T16:28:00.000Z,ES,7594.75,7595.25,7594.25,7594.75,968
2026-06-01T16:29:00.000Z,ES,7594.75,7596.75,7594.5,7596.25,3957
2026-06-01T16:30:00.000Z,ES,7596.25,7598.75,7596.25,7596.75,5279
2026-06-01T16:31:00.000Z,ES,7596.75,7598.0,7596.0,7597.75,1284
2026-06-01T16:32:00.000Z,ES,7597.5,7599.75,7597.0,7599.5,3997
2026-06-01T16:33:00.000Z,ES,7599.25,7601.0,7598.75,7599.75,3614
2026-06-01T16:34:00.000Z,ES,7599.75,7599.75,7599.0,7599.75,1547
2026-06-01T16:35:00.000Z,ES,7599.5,7600.5,7599.0,7600.25,1284
2026-06-01T16:36:00.000Z,ES,7600.25,7600.75,7597.75,7598.0,2026
2026-06-01T16:37:00.000Z,ES,7597.75,7599.5,7597.5,7599.5,1462
2026-06-01T16:38:00.000Z,ES,7599.25,7600.25,7599.0,7600.25,1028
2026-06-01T16:39:00.000Z,ES,7600.0,7600.5,7599.25,7600.0,1580
2026-06-01T16:40:00.000Z,ES,7600.0,7601.0,7599.75,7600.75,864
2026-06-01T16:41:00.000Z,ES,7600.5,7600.5,7599.25,7599.75,781
2026-06-01T16:42:00.000Z,ES,7600.0,7600.0,7599.0,7599.75,876
2026-06-01T16:43:00.000Z,ES,7599.75,7600.5,7599.25,7599.5,1376
2026-06-01T16:44:00.000Z,ES,7599.5,7600.25,7598.75,7599.0,1026
2026-06-01T16:45:00.000Z,ES,7599.0,7599.25,7596.75,7597.0,1327
2026-06-01T16:46:00.000Z,ES,7597.0,7597.75,7596.5,7597.75,886
2026-06-01T16:47:00.000Z,ES,7597.75,7599.0,7597.25,7599.0,1403
2026-06-01T16:48:00.000Z,ES,7598.75,7599.75,7598.5,7598.5,1363
2026-06-01T16:49:00.000Z,ES,7598.5,7599.75,7598.0,7599.5,1083
2026-06-01T16:50:00.000Z,ES,7599.5,7600.0,7598.75,7599.75,1642
2026-06-01T16:51:00.000Z,ES,7600.0,7602.0,7599.75,7601.75,2191
2026-06-01T16:52:00.000Z,ES,7601.75,7604.0,7601.5,7603.5,4912
2026-06-01T16:53:00.000Z,ES,7603.75,7607.5,7603.5,7605.0,6573
2026-06-01T16:54:00.000Z,ES,7604.75,7607.25,7604.0,7607.0,4482
2026-06-01T16:55:00.000Z,ES,7606.75,7609.25,7606.75,7607.5,4908
2026-06-01T16:56:00.000Z,ES,7607.5,7608.0,7606.5,7607.5,2897
2026-06-01T16:57:00.000Z,ES,7607.5,7608.25,7607.25,7607.5,2762
2026-06-01T16:58:00.000Z,ES,7607.75,7608.0,7605.75,7607.0,2678
2026-06-01T16:59:00.000Z,ES,7607.0,7608.25,7606.75,7607.75,2054
2026-06-01T17:00:00.000Z,ES,7607.75,7608.5,7606.0,7607.0,3541
2026-06-01T17:01:00.000Z,ES,7606.75,7607.0,7604.25,7605.5,4415
2026-06-01T17:02:00.000Z,ES,7605.25,7606.0,7604.5,7605.25,1410
2026-06-01T17:03:00.000Z,ES,7605.25,7605.5,7602.5,7603.0,3546
2026-06-01T17:04:00.000Z,ES,7603.0,7604.25,7602.5,7602.5,1660
2026-06-01T17:05:00.000Z,ES,7602.75,7604.5,7602.75,7604.0,1396
2026-06-01T17:06:00.000Z,ES,7604.25,7604.5,7602.5,7602.5,2241
2026-06-01T17:07:00.000Z,ES,7602.5,7602.75,7601.5,7602.25,1365
2026-06-01T17:08:00.000Z,ES,7602.5,7602.5,7600.0,7601.0,2862
2026-06-01T17:09:00.000Z,ES,7600.75,7600.75,7598.75,7599.5,2213
2026-06-01T17:10:00.000Z,ES,7599.5,7601.25,7599.25,7600.5,1367
2026-06-01T17:11:00.000Z,ES,7600.5,7601.25,7600.0,7600.0,956
2026-06-01T17:12:00.000Z,ES,7600.25,7601.5,7600.0,7601.5,1266
2026-06-01T17:13:00.000Z,ES,7601.5,7602.0,7601.0,7601.75,1226
2026-06-01T17:14:00.000Z,ES,7602.0,7602.5,7600.75,7601.25,1191
2026-06-01T17:15:00.000Z,ES,7601.5,7602.5,7600.5,7602.25,1103
2026-06-01T17:16:00.000Z,ES,7602.25,7602.25,7600.5,7601.0,881
2026-06-01T17:17:00.000Z,ES,7601.0,7601.75,7599.75,7601.0,1355
2026-06-01T17:18:00.000Z,ES,7600.75,7600.75,7599.5,7600.25,919
2026-06-01T17:19:00.000Z,ES,7600.25,7602.0,7600.0,7602.0,931
2026-06-01T17:20:00.000Z,ES,7601.75,7604.25,7601.25,7604.25,1191
2026-06-01T17:21:00.000Z,ES,7604.25,7605.0,7603.5,7604.5,1040
2026-06-01T17:22:00.000Z,ES,7604.25,7605.0,7604.25,7604.5,696
2026-06-01T17:23:00.000Z,ES,7604.75,7605.5,7604.5,7605.0,1231
2026-06-01T17:24:00.000Z,ES,7604.75,7605.0,7602.75,7604.5,2345
2026-06-01T17:25:00.000Z,ES,7604.25,7604.75,7603.25,7603.75,1314
2026-06-01T17:26:00.000Z,ES,7603.75,7604.5,7603.5,7604.5,1364
2026-06-01T17:27:00.000Z,ES,7604.25,7604.75,7604.0,7604.25,574
2026-06-01T17:28:00.000Z,ES,7604.0,7604.0,7603.0,7604.0,722
2026-06-01T17:29:00.000Z,ES,7604.0,7614.0,7603.5,7613.75,9555
2026-06-01T17:30:00.000Z,ES,7614.0,7616.0,7610.0,7613.75,11265
2026-06-01T17:31:00.000Z,ES,7613.5,7615.0,7610.0,7611.5,5440
2026-06-01T17:32:00.000Z,ES,7611.5,7611.75,7607.5,7608.25,3898
2026-06-01T17:33:00.000Z,ES,7608.5,7608.75,7607.0,7607.75,2249
2026-06-01T17:34:00.000Z,ES,7607.75,7608.75,7606.75,7608.0,2283
2026-06-01T17:35:00.000Z,ES,7608.0,7609.25,7607.0,7609.25,2639
2026-06-01T17:36:00.000Z,ES,7609.25,7610.75,7609.0,7610.25,2904
2026-06-01T17:37:00.000Z,ES,7610.25,7614.25,7610.25,7612.25,3877
2026-06-01T17:38:00.000Z,ES,7612.25,7612.75,7611.75,7612.75,2102
2026-06-01T17:39:00.000Z,ES,7612.75,7613.5,7611.75,7613.0,1909
2026-06-01T17:40:00.000Z,ES,7613.0,7616.75,7612.0,7616.0,4636
2026-06-01T17:41:00.000Z,ES,7615.75,7616.25,7614.75,7615.5,1997
2026-06-01T17:42:00.000Z,ES,7615.5,7618.75,7614.5,7618.0,3914
2026-06-01T17:43:00.000Z,ES,7618.0,7632.25,7617.25,7622.0,16191
2026-06-01T17:44:00.000Z,ES,7621.75,7627.0,7620.75,7623.5,7968
2026-06-01T17:45:00.000Z,ES,7623.5,7625.25,7623.25,7625.0,3811
2026-06-01T17:46:00.000Z,ES,7624.75,7629.5,7624.75,7627.75,5535
2026-06-01T17:47:00.000Z,ES,7628.0,7629.75,7626.5,7627.25,4617
2026-06-01T17:48:00.000Z,ES,7627.0,7627.25,7624.75,7625.0,2570
2026-06-01T17:49:00.000Z,ES,7625.25,7625.5,7624.5,7625.0,2383
2026-06-01T17:50:00.000Z,ES,7624.75,7625.5,7623.75,7625.5,2476
2026-06-01T17:51:00.000Z,ES,7625.5,7627.25,7624.5,7625.75,2201
2026-06-01T17:52:00.000Z,ES,7625.5,7626.25,7625.25,7626.25,1928
2026-06-01T17:53:00.000Z,ES,7626.25,7627.25,7625.5,7627.25,1803
2026-06-01T17:54:00.000Z,ES,7627.25,7628.5,7627.0,7628.0,2083
2026-06-01T17:55:00.000Z,ES,7628.0,7628.25,7627.25,7628.25,1941
2026-06-01T17:56:00.000Z,ES,7628.25,7628.25,7626.75,7627.5,1422
2026-06-01T17:57:00.000Z,ES,7627.75,7627.75,7625.75,7625.75,2066
2026-06-01T17:58:00.000Z,ES,7625.75,7626.0,7623.75,7624.5,2079
2026-06-01T17:59:00.000Z,ES,7624.5,7625.5,7623.25,7624.25,1573
2026-06-01T18:00:00.000Z,ES,7624.25,7625.25,7623.75,7624.0,1459
2026-06-01T18:01:00.000Z,ES,7624.25,7625.25,7624.0,7625.0,1455
2026-06-01T18:02:00.000Z,ES,7625.25,7625.5,7624.5,7625.0,1041
2026-06-01T18:03:00.000Z,ES,7625.0,7625.5,7624.25,7624.5,1143
2026-06-01T18:04:00.000Z,ES,7624.75,7624.75,7623.75,7624.75,1144
2026-06-01T18:05:00.000Z,ES,7625.0,7625.75,7624.5,7625.0,1393
2026-06-01T18:06:00.000Z,ES,7625.25,7626.25,7625.25,7625.75,1285
2026-06-01T18:07:00.000Z,ES,7625.75,7626.0,7624.75,7624.75,2266
2026-06-01T18:08:00.000Z,ES,7625.0,7625.25,7624.0,7624.75,1087
2026-06-01T18:09:00.000Z,ES,7625.0,7626.0,7624.5,7625.75,1090
2026-06-01T18:10:00.000Z,ES,7625.75,7627.0,7625.25,7625.5,1647
2026-06-01T18:11:00.000Z,ES,7625.5,7625.75,7624.0,7624.25,1356
2026-06-01T18:12:00.000Z,ES,7624.5,7624.5,7622.75,7623.0,1050
2026-06-01T18:13:00.000Z,ES,7623.0,7623.25,7622.25,7622.5,1317
2026-06-01T18:14:00.000Z,ES,7622.5,7623.0,7622.0,7622.75,1425
2026-06-01T18:15:00.000Z,ES,7623.0,7623.5,7622.25,7622.5,1266
2026-06-01T18:16:00.000Z,ES,7622.5,7623.5,7622.25,7622.5,1386
2026-06-01T18:17:00.000Z,ES,7622.75,7624.0,7622.5,7623.75,848
2026-06-01T18:18:00.000Z,ES,7623.5,7625.75,7623.5,7625.75,1071
2026-06-01T18:19:00.000Z,ES,7625.5,7626.75,7625.5,7626.75,1258
2026-06-01T18:20:00.000Z,ES,7626.5,7627.0,7626.25,7626.75,1271
2026-06-01T18:21:00.000Z,ES,7626.75,7627.25,7626.5,7627.0,1146
2026-06-01T18:22:00.000Z,ES,7627.0,7627.5,7626.0,7626.75,1426
2026-06-01T18:23:00.000Z,ES,7626.75,7627.25,7626.5,7627.0,1028
2026-06-01T18:24:00.000Z,ES,7627.0,7627.25,7626.75,7627.0,790
2026-06-01T18:25:00.000Z,ES,7627.0,7627.75,7626.75,7627.5,1456
2026-06-01T18:26:00.000Z,ES,7627.25,7628.0,7627.0,7627.0,904
2026-06-01T18:27:00.000Z,ES,7626.75,7627.75,7626.5,7627.75,1189
2026-06-01T18:28:00.000Z,ES,7627.75,7628.25,7627.0,7627.75,1086
2026-06-01T18:29:00.000Z,ES,7627.5,7627.75,7626.5,7627.25,994
2026-06-01T18:30:00.000Z,ES,7627.25,7627.5,7626.0,7626.25,1128
2026-06-01T18:31:00.000Z,ES,7626.0,7626.25,7624.5,7624.75,1176
2026-06-01T18:32:00.000Z,ES,7624.75,7625.25,7624.25,7624.75,986
2026-06-01T18:33:00.000Z,ES,7624.5,7626.0,7624.25,7625.5,779
2026-06-01T18:34:00.000Z,ES,7625.25,7626.5,7625.25,7626.25,545
2026-06-01T18:35:00.000Z,ES,7626.25,7627.0,7626.25,7626.25,737
2026-06-01T18:36:00.000Z,ES,7626.25,7627.5,7626.0,7627.25,726
2026-06-01T18:37:00.000Z,ES,7627.25,7627.5,7626.5,7626.75,722
2026-06-01T18:38:00.000Z,ES,7626.5,7627.0,7625.25,7625.5,822
2026-06-01T18:39:00.000Z,ES,7625.5,7626.0,7625.0,7626.0,664
2026-06-01T18:40:00.000Z,ES,7625.75,7626.75,7625.75,7626.25,593
2026-06-01T18:41:00.000Z,ES,7626.25,7626.25,7624.75,7626.0,1541
2026-06-01T18:42:00.000Z,ES,7626.0,7626.75,7625.5,7626.75,884
2026-06-01T18:43:00.000Z,ES,7626.5,7627.5,7626.25,7627.5,985
2026-06-01T18:44:00.000Z,ES,7627.5,7628.0,7626.75,7627.75,954
2026-06-01T18:45:00.000Z,ES,7627.75,7627.75,7626.75,7626.75,535
2026-06-01T18:46:00.000Z,ES,7626.75,7627.25,7626.0,7626.5,741
2026-06-01T18:47:00.000Z,ES,7626.5,7626.75,7626.0,7626.0,669
2026-06-01T18:48:00.000Z,ES,7626.0,7626.75,7625.25,7625.5,1015
2026-06-01T18:49:00.000Z,ES,7625.25,7625.75,7624.5,7625.0,932
2026-06-01T18:50:00.000Z,ES,7624.75,7625.25,7623.75,7624.25,1347
2026-06-01T18:51:00.000Z,ES,7624.0,7625.0,7624.0,7624.25,826
2026-06-01T18:52:00.000Z,ES,7624.25,7624.5,7623.5,7624.0,838
2026-06-01T18:53:00.000Z,ES,7624.25,7625.75,7624.25,7625.0,1035
2026-06-01T18:54:00.000Z,ES,7625.0,7625.5,7624.75,7625.0,504
2026-06-01T18:55:00.000Z,ES,7625.0,7625.75,7625.0,7625.5,755
2026-06-01T18:56:00.000Z,ES,7625.75,7626.75,7625.75,7626.0,909
2026-06-01T18:57:00.000Z,ES,7626.0,7626.75,7625.0,7626.75,923
2026-06-01T18:58:00.000Z,ES,7626.75,7627.25,7626.0,7626.5,704
2026-06-01T18:59:00.000Z,ES,7626.5,7626.75,7624.25,7624.25,1173
2026-06-01T19:00:00.000Z,ES,7624.25,7624.75,7622.75,7623.0,2632
2026-06-01T19:01:00.000Z,ES,7623.0,7625.75,7622.75,7624.5,1665
2026-06-01T19:02:00.000Z,ES,7624.5,7625.5,7624.25,7625.5,915
2026-06-01T19:03:00.000Z,ES,7625.25,7625.5,7623.75,7625.0,1155
2026-06-01T19:04:00.000Z,ES,7625.0,7625.5,7624.75,7625.5,721
2026-06-01T19:05:00.000Z,ES,7625.5,7626.0,7624.25,7625.25,1060
2026-06-01T19:06:00.000Z,ES,7625.25,7625.5,7623.75,7625.25,1405
2026-06-01T19:07:00.000Z,ES,7625.25,7625.5,7622.75,7624.5,2536
2026-06-01T19:08:00.000Z,ES,7624.5,7625.0,7624.0,7624.75,997
2026-06-01T19:09:00.000Z,ES,7625.0,7625.5,7624.0,7625.25,717
2026-06-01T19:10:00.000Z,ES,7625.25,7625.25,7623.75,7625.0,2028
2026-06-01T19:11:00.000Z,ES,7625.25,7625.5,7624.5,7624.75,748
2026-06-01T19:12:00.000Z,ES,7624.75,7625.0,7624.0,7624.5,861
2026-06-01T19:13:00.000Z,ES,7624.5,7625.0,7623.75,7624.0,792
2026-06-01T19:14:00.000Z,ES,7624.0,7625.0,7623.25,7623.5,1203
2026-06-01T19:15:00.000Z,ES,7623.5,7624.0,7623.0,7623.75,1399
2026-06-01T19:16:00.000Z,ES,7623.75,7624.75,7623.0,7623.25,1396
2026-06-01T19:17:00.000Z,ES,7623.25,7624.25,7622.75,7624.25,947
2026-06-01T19:18:00.000Z,ES,7624.25,7624.75,7623.75,7623.75,719
2026-06-01T19:19:00.000Z,ES,7623.75,7624.0,7623.0,7623.5,759
2026-06-01T19:20:00.000Z,ES,7623.25,7624.0,7623.0,7623.75,780
2026-06-01T19:21:00.000Z,ES,7623.75,7624.5,7623.25,7624.0,879
2026-06-01T19:22:00.000Z,ES,7624.25,7624.25,7623.25,7623.75,841
2026-06-01T19:23:00.000Z,ES,7623.5,7624.25,7623.5,7623.75,1140
2026-06-01T19:24:00.000Z,ES,7623.75,7625.0,7623.5,7625.0,704
2026-06-01T19:25:00.000Z,ES,7625.0,7625.25,7624.25,7625.0,1011
2026-06-01T19:26:00.000Z,ES,7625.0,7626.0,7624.5,7625.5,1160
2026-06-01T19:27:00.000Z,ES,7625.75,7626.25,7625.25,7625.75,1242
2026-06-01T19:28:00.000Z,ES,7625.75,7626.25,7625.75,7626.25,787
2026-06-01T19:29:00.000Z,ES,7626.25,7626.5,7625.0,7625.75,1273
2026-06-01T19:30:00.000Z,ES,7625.5,7625.75,7625.0,7625.25,1535
2026-06-01T19:31:00.000Z,ES,7625.25,7625.5,7623.0,7623.25,1693
2026-06-01T19:32:00.000Z,ES,7623.0,7624.0,7622.5,7622.5,1647
2026-06-01T19:33:00.000Z,ES,7622.5,7623.0,7622.0,7622.25,1590
2026-06-01T19:34:00.000Z,ES,7622.0,7622.5,7621.0,7621.25,2405
2026-06-01T19:35:00.000Z,ES,7621.25,7622.25,7620.25,7620.5,4129
2026-06-01T19:36:00.000Z,ES,7620.5,7621.25,7619.5,7620.0,4103
2026-06-01T19:37:00.000Z,ES,7620.0,7620.75,7619.25,7619.5,2063
2026-06-01T19:38:00.000Z,ES,7619.5,7621.25,7619.25,7621.25,1857
2026-06-01T19:39:00.000Z,ES,7621.25,7621.25,7620.5,7620.5,1138
2026-06-01T19:40:00.000Z,ES,7620.75,7620.75,7619.5,7620.25,1595
2026-06-01T19:41:00.000Z,ES,7620.25,7620.5,7619.0,7619.0,1338
2026-06-01T19:42:00.000Z,ES,7619.25,7620.5,7617.75,7618.5,2361
2026-06-01T19:43:00.000Z,ES,7618.25,7619.0,7617.75,7618.5,1843
2026-06-01T19:44:00.000Z,ES,7618.5,7619.5,7618.0,7619.0,1876
2026-06-01T19:45:00.000Z,ES,7618.75,7620.0,7617.5,7618.0,2820
2026-06-01T19:46:00.000Z,ES,7618.0,7619.75,7617.5,7618.0,3123
2026-06-01T19:47:00.000Z,ES,7618.0,7618.25,7617.25,7617.25,2047
2026-06-01T19:48:00.000Z,ES,7617.5,7617.75,7616.0,7616.0,2572
2026-06-01T19:49:00.000Z,ES,7616.25,7616.75,7614.75,7615.75,4658
2026-06-01T19:50:00.000Z,ES,7615.5,7616.75,7613.5,7614.25,6423
2026-06-01T19:51:00.000Z,ES,7614.25,7614.5,7612.5,7613.25,4032
2026-06-01T19:52:00.000Z,ES,7613.25,7614.0,7612.5,7612.75,3859
2026-06-01T19:53:00.000Z,ES,7612.75,7614.25,7612.75,7613.5,3295
2026-06-01T19:54:00.000Z,ES,7613.5,7614.0,7610.75,7611.5,4627
2026-06-01T19:55:00.000Z,ES,7611.75,7611.75,7610.5,7611.25,5042
2026-06-01T19:56:00.000Z,ES,7611.25,7611.75,7610.5,7611.25,3575
2026-06-01T19:57:00.000Z,ES,7611.25,7611.5,7610.5,7611.25,3326
2026-06-01T19:58:00.000Z,ES,7611.25,7612.75,7611.0,7612.25,6173
2026-06-01T19:59:00.000Z,ES,7612.25,7614.5,7611.5,7613.75,58406
2026-06-01T20:00:00.000Z,ES,7613.75,7615.0,7613.0,7614.0,11392
2026-06-01T20:01:00.000Z,ES,7614.0,7614.25,7613.25,7614.0,1632
2026-06-01T20:02:00.000Z,ES,7613.75,7615.5,7613.25,7615.25,2009
2026-06-01T20:03:00.000Z,ES,7615.0,7615.0,7614.25,7614.75,1235
2026-06-01T20:04:00.000Z,ES,7614.75,7615.25,7614.5,7615.0,1040
2026-06-01T20:05:00.000Z,ES,7615.0,7616.0,7614.75,7615.75,1344
2026-06-01T20:06:00.000Z,ES,7615.75,7616.0,7614.75,7614.75,1021
2026-06-01T20:07:00.000Z,ES,7615.0,7615.0,7613.5,7613.75,879
2026-06-01T20:08:00.000Z,ES,7613.75,7614.25,7613.5,7614.25,786
2026-06-01T20:09:00.000Z,ES,7614.25,7615.25,7614.25,7614.5,551
2026-06-01T20:10:00.000Z,ES,7614.25,7614.75,7614.0,7614.5,954
2026-06-01T20:11:00.000Z,ES,7614.5,7615.0,7614.25,7614.5,473
2026-06-01T20:12:00.000Z,ES,7614.5,7614.75,7614.0,7614.75,337
2026-06-01T20:13:00.000Z,ES,7615.0,7615.75,7614.75,7615.75,713
2026-06-01T20:14:00.000Z,ES,7615.5,7616.25,7615.0,7615.75,1038
2026-06-01T20:15:00.000Z,ES,7615.5,7615.75,7613.5,7613.5,1132
2026-06-01T20:16:00.000Z,ES,7613.5,7614.0,7613.25,7613.5,442
2026-06-01T20:17:00.000Z,ES,7613.5,7614.5,7613.5,7614.5,491
2026-06-01T20:18:00.000Z,ES,7614.5,7615.0,7614.25,7615.0,584
2026-06-01T20:19:00.000Z,ES,7614.75,7615.0,7614.0,7614.0,317
2026-06-01T20:20:00.000Z,ES,7614.25,7614.5,7614.0,7614.25,226
2026-06-01T20:21:00.000Z,ES,7614.25,7614.75,7614.25,7614.75,160
2026-06-01T20:22:00.000Z,ES,7614.75,7614.75,7614.0,7614.0,357
2026-06-01T20:23:00.000Z,ES,7614.0,7614.0,7613.0,7613.25,280
2026-06-01T20:24:00.000Z,ES,7613.0,7613.5,7613.0,7613.25,152
2026-06-01T20:25:00.000Z,ES,7613.25,7613.25,7612.0,7612.5,708
2026-06-01T20:26:00.000Z,ES,7612.5,7612.5,7610.75,7611.0,537
2026-06-01T20:27:00.000Z,ES,7611.25,7611.25,7610.75,7611.0,178
2026-06-01T20:28:00.000Z,ES,7610.75,7612.0,7610.75,7612.0,214
2026-06-01T20:29:00.000Z,ES,7611.75,7611.75,7611.5,7611.75,198
2026-06-01T20:30:00.000Z,ES,7611.75,7611.75,7610.5,7610.75,668
2026-06-01T20:31:00.000Z,ES,7611.0,7612.0,7610.75,7611.75,393
2026-06-01T20:32:00.000Z,ES,7611.75,7612.25,7611.5,7612.0,164
2026-06-01T20:33:00.000Z,ES,7612.25,7613.0,7612.25,7613.0,213
2026-06-01T20:34:00.000Z,ES,7613.0,7614.0,7612.75,7613.75,375
2026-06-01T20:35:00.000Z,ES,7613.75,7614.5,7613.5,7614.25,243
2026-06-01T20:36:00.000Z,ES,7614.5,7614.75,7614.0,7614.25,212
2026-06-01T20:37:00.000Z,ES,7614.25,7614.5,7614.25,7614.25,194
2026-06-01T20:38:00.000Z,ES,7614.25,7614.25,7614.0,7614.0,72
2026-06-01T20:39:00.000Z,ES,7614.25,7614.25,7612.75,7612.75,744
2026-06-01T20:40:00.000Z,ES,7612.75,7615.5,7612.0,7615.0,1253
2026-06-01T20:41:00.000Z,ES,7615.25,7616.75,7614.75,7616.25,640
2026-06-01T20:42:00.000Z,ES,7616.0,7618.0,7615.75,7617.0,1064
2026-06-01T20:43:00.000Z,ES,7617.25,7617.5,7616.0,7616.25,483
2026-06-01T20:44:00.000Z,ES,7616.0,7616.0,7614.75,7615.25,553
2026-06-01T20:45:00.000Z,ES,7615.0,7615.25,7611.25,7611.5,1806
2026-06-01T20:46:00.000Z,ES,7611.5,7611.5,7610.0,7611.0,1003
2026-06-01T20:47:00.000Z,ES,7611.25,7612.0,7610.5,7611.0,592
2026-06-01T20:48:00.000Z,ES,7611.0,7611.75,7610.5,7611.25,362
2026-06-01T20:49:00.000Z,ES,7611.25,7612.0,7611.25,7612.0,230
2026-06-01T20:50:00.000Z,ES,7612.0,7612.25,7610.5,7610.75,428
2026-06-01T20:51:00.000Z,ES,7610.75,7610.75,7609.75,7610.0,703
2026-06-01T20:52:00.000Z,ES,7609.75,7610.25,7609.5,7609.75,411
2026-06-01T20:53:00.000Z,ES,7609.5,7610.0,7607.75,7608.25,904
2026-06-01T20:54:00.000Z,ES,7608.25,7608.5,7607.0,7608.25,1013
2026-06-01T20:55:00.000Z,ES,7608.5,7608.5,7606.75,7606.75,997
2026-06-01T20:56:00.000Z,ES,7607.0,7607.25,7606.5,7606.75,1096
2026-06-01T20:57:00.000Z,ES,7607.0,7607.5,7606.5,7606.75,634
2026-06-01T20:58:00.000Z,ES,7606.5,7608.25,7606.5,7608.25,1275
2026-06-01T20:59:00.000Z,ES,7608.25,7609.5,7608.0,7608.5,418
2026-06-01T22:00:00.000Z,ES,7612.0,7612.0,7604.0,7604.25,0
2026-06-01T22:01:00.000Z,ES,7604.0,7605.25,7602.75,7602.75,530
2026-06-01T22:02:00.000Z,ES,7602.75,7603.75,7601.0,7601.5,279
2026-06-01T22:03:00.000Z,ES,7602.0,7602.75,7600.5,7602.0,367
2026-06-01T22:04:00.000Z,ES,7602.0,7602.25,7600.75,7601.25,167
2026-06-01T22:05:00.000Z,ES,7601.25,7602.5,7599.0,7599.75,347
2026-06-01T22:06:00.000Z,ES,7599.75,7600.0,7597.25,7597.25,415
2026-06-01T22:07:00.000Z,ES,7597.5,7598.5,7597.0,7598.25,329
2026-06-01T22:08:00.000Z,ES,7598.5,7599.75,7595.5,7595.75,534
2026-06-01T22:09:00.000Z,ES,7596.0,7599.75,7596.0,7599.5,386
2026-06-01T22:10:00.000Z,ES,7599.5,7600.25,7599.0,7600.0,121
2026-06-01T22:11:00.000Z,ES,7600.25,7600.5,7599.5,7599.75,229
2026-06-01T22:12:00.000Z,ES,7599.5,7600.25,7599.5,7600.0,45
2026-06-01T22:13:00.000Z,ES,7599.75,7599.75,7598.5,7599.0,111
2026-06-01T22:14:00.000Z,ES,7599.0,7599.0,7598.25,7598.5,82
2026-06-01T22:15:00.000Z,ES,7598.5,7599.5,7597.75,7599.25,121
2026-06-01T22:16:00.000Z,ES,7599.25,7599.75,7598.75,7599.5,108
2026-06-01T22:17:00.000Z,ES,7599.75,7600.25,7598.75,7598.75,175
2026-06-01T22:18:00.000Z,ES,7598.75,7599.5,7598.5,7598.75,181
2026-06-01T22:19:00.000Z,ES,7598.75,7599.0,7598.0,7598.25,100
2026-06-01T22:20:00.000Z,ES,7598.25,7599.25,7598.0,7598.5,63
2026-06-01T22:21:00.000Z,ES,7598.5,7598.5,7596.25,7597.25,320
2026-06-01T22:22:00.000Z,ES,7597.25,7597.25,7594.5,7596.25,466
2026-06-01T22:23:00.000Z,ES,7596.25,7597.75,7596.25,7596.75,284
2026-06-01T22:24:00.000Z,ES,7597.0,7597.75,7597.0,7597.5,79
2026-06-01T22:25:00.000Z,ES,7597.5,7598.0,7595.75,7596.0,204
2026-06-01T22:26:00.000Z,ES,7596.0,7597.5,7595.75,7596.75,193
2026-06-01T22:27:00.000Z,ES,7596.75,7596.75,7596.25,7596.5,56
2026-06-01T22:28:00.000Z,ES,7596.5,7596.75,7595.75,7595.75,79
2026-06-01T22:29:00.000Z,ES,7596.0,7596.0,7593.75,7594.5,405
2026-06-01T22:30:00.000Z,ES,7594.25,7595.75,7594.25,7595.75,191
2026-06-01T22:31:00.000Z,ES,7595.75,7595.75,7594.75,7594.75,88
2026-06-01T22:32:00.000Z,ES,7594.75,7595.5,7594.25,7595.25,113
2026-06-01T22:33:00.000Z,ES,7595.0,7595.25,7594.75,7595.0,58
2026-06-01T22:34:00.000Z,ES,7595.25,7595.25,7594.75,7594.75,88
2026-06-01T22:35:00.000Z,ES,7595.0,7595.75,7594.5,7594.75,202
2026-06-01T22:36:00.000Z,ES,7595.0,7595.5,7594.75,7595.0,41
2026-06-01T22:37:00.000Z,ES,7594.75,7594.75,7593.5,7593.75,203
2026-06-01T22:38:00.000Z,ES,7594.0,7594.25,7592.0,7592.25,289
2026-06-01T22:39:00.000Z,ES,7592.5,7593.0,7592.25,7593.0,230
2026-06-01T22:40:00.000Z,ES,7592.75,7593.75,7592.0,7593.5,106
2026-06-01T22:41:00.000Z,ES,7593.5,7593.75,7592.75,7593.0,96
2026-06-01T22:42:00.000Z,ES,7592.75,7592.75,7591.5,7592.0,202
2026-06-01T22:43:00.000Z,ES,7592.25,7592.25,7591.25,7591.75,130
2026-06-01T22:44:00.000Z,ES,7591.75,7592.0,7591.0,7592.0,106
2026-06-01T22:45:00.000Z,ES,7592.25,7593.25,7592.25,7592.75,162
2026-06-01T22:46:00.000Z,ES,7593.0,7594.0,7592.75,7594.0,136
2026-06-01T22:47:00.000Z,ES,7593.75,7594.0,7592.5,7592.75,252
2026-06-01T22:48:00.000Z,ES,7592.75,7592.75,7592.25,7592.75,82
2026-06-01T22:49:00.000Z,ES,7592.75,7593.0,7592.5,7593.0,90
2026-06-01T22:50:00.000Z,ES,7593.0,7593.0,7592.5,7592.75,72
2026-06-01T22:51:00.000Z,ES,7592.5,7593.5,7592.5,7593.5,110
2026-06-01T22:52:00.000Z,ES,7593.25,7594.0,7593.25,7593.75,109
2026-06-01T22:53:00.000Z,ES,7593.75,7593.75,7592.75,7593.5,175
2026-06-01T22:54:00.000Z,ES,7593.5,7593.75,7592.0,7592.5,189
2026-06-01T22:55:00.000Z,ES,7592.5,7593.0,7591.25,7591.75,184
2026-06-01T22:56:00.000Z,ES,7592.0,7593.0,7591.5,7593.0,138
2026-06-01T22:57:00.000Z,ES,7593.0,7594.0,7592.75,7593.75,132
2026-06-01T22:58:00.000Z,ES,7593.75,7594.5,7593.75,7594.5,97
2026-06-01T22:59:00.000Z,ES,7594.5,7595.5,7594.5,7595.5,216
2026-06-01T23:00:00.000Z,ES,7595.5,7595.75,7594.75,7594.75,142
2026-06-01T23:01:00.000Z,ES,7595.0,7595.5,7595.0,7595.25,65
2026-06-01T23:02:00.000Z,ES,7595.5,7595.5,7595.0,7595.0,52
2026-06-01T23:03:00.000Z,ES,7595.0,7596.0,7595.0,7596.0,147
2026-06-01T23:04:00.000Z,ES,7596.0,7596.25,7595.75,7595.75,89
2026-06-01T23:05:00.000Z,ES,7595.5,7595.5,7594.75,7595.0,40
2026-06-01T23:06:00.000Z,ES,7594.75,7595.0,7593.5,7594.0,147
2026-06-01T23:07:00.000Z,ES,7593.75,7594.75,7593.75,7594.5,73
2026-06-01T23:08:00.000Z,ES,7594.5,7595.5,7594.5,7595.5,39
2026-06-01T23:09:00.000Z,ES,7595.25,7596.0,7595.25,7595.75,80
2026-06-01T23:10:00.000Z,ES,7595.75,7595.75,7595.25,7595.25,36
2026-06-01T23:11:00.000Z,ES,7595.25,7596.0,7595.25,7595.75,24
2026-06-01T23:12:00.000Z,ES,7595.75,7595.75,7595.5,7595.75,13
2026-06-01T23:13:00.000Z,ES,7595.5,7595.75,7595.0,7595.5,57
2026-06-01T23:14:00.000Z,ES,7595.5,7595.5,7594.75,7594.75,51
2026-06-01T23:15:00.000Z,ES,7594.75,7595.25,7594.25,7595.25,46
2026-06-01T23:16:00.000Z,ES,7595.25,7595.5,7594.75,7595.0,29
2026-06-01T23:17:00.000Z,ES,7595.25,7595.75,7595.0,7595.75,61
2026-06-01T23:18:00.000Z,ES,7596.0,7596.75,7596.0,7596.5,87
2026-06-01T23:19:00.000Z,ES,7596.25,7596.25,7596.0,7596.0,45
2026-06-01T23:20:00.000Z,ES,7596.0,7596.25,7595.75,7596.0,56
2026-06-01T23:21:00.000Z,ES,7596.0,7596.25,7595.75,7596.0,43
2026-06-01T23:22:00.000Z,ES,7596.0,7596.0,7595.75,7595.75,37
2026-06-01T23:23:00.000Z,ES,7596.0,7596.0,7595.75,7596.0,50
2026-06-01T23:24:00.000Z,ES,7596.0,7596.25,7595.75,7596.0,40
2026-06-01T23:25:00.000Z,ES,7596.0,7596.0,7594.75,7595.0,119
2026-06-01T23:26:00.000Z,ES,7595.25,7596.0,7595.25,7595.75,50
2026-06-01T23:27:00.000Z,ES,7595.75,7596.0,7595.75,7595.75,25
2026-06-01T23:28:00.000Z,ES,7595.75,7596.25,7595.75,7595.75,67
2026-06-01T23:29:00.000Z,ES,7595.5,7595.75,7595.25,7595.25,46
2026-06-01T23:30:00.000Z,ES,7595.5,7595.75,7593.75,7594.0,187
2026-06-01T23:31:00.000Z,ES,7594.0,7594.25,7593.75,7593.75,81
2026-06-01T23:32:00.000Z,ES,7594.0,7595.25,7593.75,7594.75,61
2026-06-01T23:33:00.000Z,ES,7595.0,7596.0,7595.0,7596.0,69
2026-06-01T23:34:00.000Z,ES,7595.75,7596.25,7595.75,7596.0,54
2026-06-01T23:35:00.000Z,ES,7595.75,7596.25,7595.25,7595.25,88
2026-06-01T23:36:00.000Z,ES,7595.0,7595.0,7594.75,7595.0,22
2026-06-01T23:37:00.000Z,ES,7595.25,7595.5,7594.5,7594.5,77
2026-06-01T23:38:00.000Z,ES,7594.5,7596.0,7594.5,7595.25,150
2026-06-01T23:39:00.000Z,ES,7595.25,7599.0,7595.0,7596.0,1065
2026-06-01T23:40:00.000Z,ES,7595.75,7597.25,7595.75,7597.25,178
2026-06-01T23:41:00.000Z,ES,7597.25,7598.0,7595.75,7596.0,182
2026-06-01T23:42:00.000Z,ES,7596.25,7596.5,7595.5,7595.5,36
2026-06-01T23:43:00.000Z,ES,7595.5,7596.5,7595.0,7595.25,122
2026-06-01T23:44:00.000Z,ES,7595.25,7595.5,7595.0,7595.25,24
2026-06-01T23:45:00.000Z,ES,7595.5,7596.25,7594.5,7594.5,86
2026-06-01T23:46:00.000Z,ES,7595.0,7595.25,7594.75,7595.25,48
2026-06-01T23:47:00.000Z,ES,7595.0,7595.0,7592.75,7592.75,267
2026-06-01T23:48:00.000Z,ES,7592.75,7593.5,7592.25,7592.5,210
2026-06-01T23:49:00.000Z,ES,7592.5,7592.75,7592.0,7592.75,161
2026-06-01T23:50:00.000Z,ES,7592.75,7593.0,7592.5,7592.5,102
2026-06-01T23:51:00.000Z,ES,7592.75,7593.0,7592.5,7592.5,50
2026-06-01T23:52:00.000Z,ES,7592.5,7593.5,7592.5,7593.25,67
2026-06-01T23:53:00.000Z,ES,7593.0,7593.5,7593.0,7593.5,34
2026-06-01T23:54:00.000Z,ES,7593.5,7595.0,7593.5,7595.0,87
2026-06-01T23:55:00.000Z,ES,7595.0,7595.25,7594.25,7594.25,56
2026-06-01T23:56:00.000Z,ES,7594.25,7594.25,7594.25,7594.25,38
2026-06-01T23:57:00.000Z,ES,7594.0,7595.0,7594.0,7594.5,63
2026-06-01T23:58:00.000Z,ES,7594.5,7595.5,7594.5,7595.5,89
2026-06-01T23:59:00.000Z,ES,7595.5,7596.25,7595.25,7595.75,171
2026-06-02T00:00:00.000Z,ES,7595.75,7596.0,7593.75,7594.25,390
2026-06-02T00:01:00.000Z,ES,7594.5,7594.5,7593.5,7594.0,83
2026-06-02T00:02:00.000Z,ES,7593.75,7594.0,7592.5,7593.0,195
2026-06-02T00:03:00.000Z,ES,7593.0,7593.0,7592.5,7593.0,177
2026-06-02T00:04:00.000Z,ES,7593.0,7593.75,7592.5,7592.75,170
2026-06-02T00:05:00.000Z,ES,7592.75,7594.75,7589.5,7591.75,949
2026-06-02T00:06:00.000Z,ES,7592.0,7593.25,7591.0,7591.0,317
2026-06-02T00:07:00.000Z,ES,7591.0,7591.25,7589.75,7590.75,328
2026-06-02T00:08:00.000Z,ES,7590.5,7590.5,7589.5,7590.0,393
2026-06-02T00:09:00.000Z,ES,7590.0,7590.0,7587.0,7588.0,903
2026-06-02T00:10:00.000Z,ES,7587.75,7589.5,7587.0,7587.25,553
2026-06-02T00:11:00.000Z,ES,7587.25,7590.0,7587.25,7588.0,326
2026-06-02T00:12:00.000Z,ES,7588.0,7589.5,7586.75,7587.0,334
2026-06-02T00:13:00.000Z,ES,7587.25,7588.5,7587.25,7587.75,297
2026-06-02T00:14:00.000Z,ES,7587.75,7588.5,7587.5,7588.25,231
2026-06-02T00:15:00.000Z,ES,7588.25,7591.0,7586.5,7588.5,792
2026-06-02T00:16:00.000Z,ES,7588.25,7588.25,7586.5,7587.25,301
2026-06-02T00:17:00.000Z,ES,7587.0,7587.75,7586.5,7587.0,289
2026-06-02T00:18:00.000Z,ES,7586.75,7587.0,7585.5,7586.0,458
2026-06-02T00:19:00.000Z,ES,7586.25,7587.75,7586.25,7587.0,379
2026-06-02T00:20:00.000Z,ES,7586.75,7587.0,7585.75,7586.5,258
2026-06-02T00:21:00.000Z,ES,7586.5,7588.25,7586.5,7587.5,301
2026-06-02T00:22:00.000Z,ES,7587.25,7587.75,7586.5,7586.75,134
2026-06-02T00:23:00.000Z,ES,7586.75,7587.0,7585.75,7585.75,151
2026-06-02T00:24:00.000Z,ES,7585.75,7586.0,7584.25,7584.75,365
2026-06-02T00:25:00.000Z,ES,7585.0,7585.0,7583.75,7584.25,404
2026-06-02T00:26:00.000Z,ES,7584.0,7585.5,7584.0,7585.25,265
2026-06-02T00:27:00.000Z,ES,7585.0,7585.5,7584.0,7585.5,122
2026-06-02T00:28:00.000Z,ES,7585.25,7585.75,7585.0,7585.5,148
2026-06-02T00:29:00.000Z,ES,7585.5,7587.25,7585.25,7586.75,232
2026-06-02T00:30:00.000Z,ES,7586.75,7588.0,7586.0,7588.0,275
2026-06-02T00:31:00.000Z,ES,7587.75,7588.75,7587.75,7588.75,315
2026-06-02T00:32:00.000Z,ES,7588.75,7589.5,7588.5,7589.25,350
2026-06-02T00:33:00.000Z,ES,7589.0,7589.0,7587.75,7588.25,165
2026-06-02T00:34:00.000Z,ES,7588.25,7589.5,7588.25,7588.5,164
2026-06-02T00:35:00.000Z,ES,7588.5,7589.5,7587.5,7589.25,248
2026-06-02T00:36:00.000Z,ES,7589.5,7589.75,7588.75,7589.0,226
2026-06-02T00:37:00.000Z,ES,7589.0,7589.25,7588.25,7588.25,65
2026-06-02T00:38:00.000Z,ES,7588.0,7588.0,7587.0,7587.75,184
2026-06-02T00:39:00.000Z,ES,7587.75,7588.25,7585.5,7586.0,263
2026-06-02T00:40:00.000Z,ES,7586.25,7587.0,7585.75,7587.0,230
2026-06-02T00:41:00.000Z,ES,7587.0,7587.0,7586.25,7586.25,173
2026-06-02T00:42:00.000Z,ES,7586.0,7586.0,7583.25,7583.75,353
2026-06-02T00:43:00.000Z,ES,7583.5,7584.75,7583.5,7584.25,228
2026-06-02T00:44:00.000Z,ES,7584.25,7585.25,7584.0,7585.25,241
2026-06-02T00:45:00.000Z,ES,7585.0,7585.0,7583.75,7584.75,199
2026-06-02T00:46:00.000Z,ES,7584.5,7585.5,7584.25,7584.75,149
2026-06-02T00:47:00.000Z,ES,7584.5,7585.0,7583.75,7584.25,107
2026-06-02T00:48:00.000Z,ES,7584.25,7584.25,7583.5,7584.0,122
2026-06-02T00:49:00.000Z,ES,7584.25,7584.25,7583.0,7584.25,109
2026-06-02T00:50:00.000Z,ES,7584.25,7584.25,7583.25,7583.5,129
2026-06-02T00:51:00.000Z,ES,7583.5,7584.25,7583.5,7583.75,107
2026-06-02T00:52:00.000Z,ES,7583.5,7583.5,7582.25,7582.75,203
2026-06-02T00:53:00.000Z,ES,7582.75,7583.0,7582.0,7582.75,162
2026-06-02T00:54:00.000Z,ES,7582.75,7583.0,7581.5,7581.75,129
2026-06-02T00:55:00.000Z,ES,7581.75,7581.75,7580.75,7581.25,256
2026-06-02T00:56:00.000Z,ES,7581.25,7582.75,7581.0,7582.25,232
2026-06-02T00:57:00.000Z,ES,7582.25,7582.75,7581.25,7581.5,190
2026-06-02T00:58:00.000Z,ES,7581.5,7582.5,7581.25,7581.75,210
2026-06-02T00:59:00.000Z,ES,7581.5,7581.75,7580.25,7581.75,660
2026-06-02T01:00:00.000Z,ES,7581.5,7583.75,7581.25,7583.0,957
2026-06-02T01:01:00.000Z,ES,7583.0,7583.5,7580.75,7580.75,548
2026-06-02T01:02:00.000Z,ES,7580.75,7581.75,7580.0,7581.0,282
2026-06-02T01:03:00.000Z,ES,7581.0,7582.5,7581.0,7581.5,213
2026-06-02T01:04:00.000Z,ES,7581.75,7582.5,7581.5,7581.75,123
2026-06-02T01:05:00.000Z,ES,7581.75,7583.25,7581.5,7582.5,204
2026-06-02T01:06:00.000Z,ES,7582.5,7583.25,7582.5,7583.0,309
2026-06-02T01:07:00.000Z,ES,7583.25,7583.75,7582.5,7583.0,227
2026-06-02T01:08:00.000Z,ES,7583.25,7583.5,7582.5,7582.75,161
2026-06-02T01:09:00.000Z,ES,7582.75,7582.75,7581.25,7581.5,175
2026-06-02T01:10:00.000Z,ES,7581.5,7583.0,7581.5,7582.5,106
2026-06-02T01:11:00.000Z,ES,7582.5,7583.0,7582.0,7583.0,130
2026-06-02T01:12:00.000Z,ES,7583.25,7585.0,7583.25,7584.75,471
2026-06-02T01:13:00.000Z,ES,7584.5,7585.25,7584.0,7585.0,329
2026-06-02T01:14:00.000Z,ES,7585.0,7586.0,7584.5,7585.25,378
2026-06-02T01:15:00.000Z,ES,7585.5,7586.0,7583.75,7584.0,338
2026-06-02T01:16:00.000Z,ES,7584.0,7584.75,7583.25,7584.75,118
2026-06-02T01:17:00.000Z,ES,7584.75,7585.0,7584.0,7584.25,111
2026-06-02T01:18:00.000Z,ES,7584.25,7584.75,7583.75,7584.25,106
2026-06-02T01:19:00.000Z,ES,7584.25,7584.75,7584.0,7584.75,55
2026-06-02T01:20:00.000Z,ES,7584.75,7585.0,7584.25,7585.0,176
2026-06-02T01:21:00.000Z,ES,7585.0,7585.25,7584.5,7585.25,123
2026-06-02T01:22:00.000Z,ES,7585.0,7585.25,7583.75,7584.5,116
2026-06-02T01:23:00.000Z,ES,7584.5,7584.75,7583.0,7583.75,200
2026-06-02T01:24:00.000Z,ES,7583.75,7584.25,7583.0,7584.25,82
2026-06-02T01:25:00.000Z,ES,7584.0,7584.5,7582.5,7583.0,181
2026-06-02T01:26:00.000Z,ES,7583.0,7583.25,7582.0,7582.5,148
2026-06-02T01:27:00.000Z,ES,7582.5,7583.0,7582.0,7582.5,84
2026-06-02T01:28:00.000Z,ES,7582.75,7583.0,7582.0,7582.75,153
2026-06-02T01:29:00.000Z,ES,7583.0,7583.75,7578.5,7583.0,959
2026-06-02T01:30:00.000Z,ES,7583.0,7584.5,7582.75,7583.25,428
2026-06-02T01:31:00.000Z,ES,7583.0,7584.75,7582.75,7584.25,224
2026-06-02T01:32:00.000Z,ES,7584.25,7584.5,7583.25,7583.75,106
2026-06-02T01:33:00.000Z,ES,7583.75,7584.0,7583.25,7583.5,132
2026-06-02T01:34:00.000Z,ES,7583.5,7584.25,7583.25,7583.75,119
2026-06-02T01:35:00.000Z,ES,7583.75,7584.5,7583.5,7583.5,100
2026-06-02T01:36:00.000Z,ES,7583.25,7584.5,7582.75,7584.0,150
2026-06-02T01:37:00.000Z,ES,7583.75,7584.0,7582.0,7582.75,189
2026-06-02T01:38:00.000Z,ES,7582.5,7582.5,7580.5,7580.75,154
2026-06-02T01:39:00.000Z,ES,7580.5,7581.0,7579.75,7580.5,132
2026-06-02T01:40:00.000Z,ES,7580.25,7580.75,7579.25,7579.75,302
2026-06-02T01:41:00.000Z,ES,7579.75,7581.25,7579.5,7579.75,155
2026-06-02T01:42:00.000Z,ES,7579.75,7580.25,7579.5,7580.25,73
2026-06-02T01:43:00.000Z,ES,7580.25,7585.0,7579.75,7582.5,1443
2026-06-02T01:44:00.000Z,ES,7582.5,7582.5,7580.5,7581.0,153
2026-06-02T01:45:00.000Z,ES,7581.0,7581.0,7579.5,7580.0,165
2026-06-02T01:46:00.000Z,ES,7580.0,7580.5,7579.0,7579.5,174
2026-06-02T01:47:00.000Z,ES,7579.5,7579.5,7578.25,7579.25,484
2026-06-02T01:48:00.000Z,ES,7579.25,7579.25,7578.0,7578.25,393
2026-06-02T01:49:00.000Z,ES,7578.25,7579.0,7578.0,7578.75,196
2026-06-02T01:50:00.000Z,ES,7578.5,7579.25,7578.25,7578.75,316
2026-06-02T01:51:00.000Z,ES,7578.75,7579.25,7578.5,7579.0,153
2026-06-02T01:52:00.000Z,ES,7579.0,7579.0,7578.0,7578.75,125
2026-06-02T01:53:00.000Z,ES,7578.5,7580.0,7577.75,7579.25,344
2026-06-02T01:54:00.000Z,ES,7579.25,7579.75,7578.75,7579.25,219
2026-06-02T01:55:00.000Z,ES,7579.5,7580.0,7579.25,7579.5,195
2026-06-02T01:56:00.000Z,ES,7579.5,7580.25,7579.25,7579.25,151
2026-06-02T01:57:00.000Z,ES,7579.0,7579.25,7578.25,7578.25,103
2026-06-02T01:58:00.000Z,ES,7578.25,7579.0,7578.0,7578.25,150
2026-06-02T01:59:00.000Z,ES,7578.0,7578.75,7577.5,7577.5,138
2026-06-02T02:00:00.000Z,ES,7577.75,7579.25,7577.5,7579.25,322
2026-06-02T02:01:00.000Z,ES,7579.0,7579.75,7578.5,7578.5,166
2026-06-02T02:02:00.000Z,ES,7578.25,7578.75,7577.75,7578.75,184
2026-06-02T02:03:00.000Z,ES,7578.75,7579.0,7577.75,7578.0,233
2026-06-02T02:04:00.000Z,ES,7578.0,7578.25,7577.5,7578.25,225
2026-06-02T02:05:00.000Z,ES,7578.5,7579.0,7578.0,7578.5,226
2026-06-02T02:06:00.000Z,ES,7578.5,7578.75,7577.5,7577.75,165
2026-06-02T02:07:00.000Z,ES,7577.5,7578.25,7577.25,7577.5,208
2026-06-02T02:08:00.000Z,ES,7577.5,7578.0,7577.25,7578.0,163
2026-06-02T02:09:00.000Z,ES,7578.25,7578.25,7577.25,7577.25,133
2026-06-02T02:10:00.000Z,ES,7577.25,7578.75,7577.25,7578.25,172
2026-06-02T02:11:00.000Z,ES,7578.0,7578.75,7578.0,7578.25,153
2026-06-02T02:12:00.000Z,ES,7578.25,7578.75,7578.25,7578.5,131
2026-06-02T02:13:00.000Z,ES,7578.75,7578.75,7577.75,7578.25,142
2026-06-02T02:14:00.000Z,ES,7578.25,7578.5,7578.0,7578.25,106
2026-06-02T02:15:00.000Z,ES,7578.25,7578.5,7577.25,7577.5,113
2026-06-02T02:16:00.000Z,ES,7577.5,7578.75,7577.25,7578.5,180
2026-06-02T02:17:00.000Z,ES,7578.25,7579.75,7578.25,7579.0,257
2026-06-02T02:18:00.000Z,ES,7579.0,7579.5,7579.0,7579.0,137
2026-06-02T02:19:00.000Z,ES,7579.0,7580.5,7579.0,7580.25,196
2026-06-02T02:20:00.000Z,ES,7580.0,7581.25,7580.0,7581.25,191
2026-06-02T02:21:00.000Z,ES,7581.25,7581.75,7580.25,7580.75,178
2026-06-02T02:22:00.000Z,ES,7580.75,7581.0,7580.5,7580.75,148
2026-06-02T02:23:00.000Z,ES,7580.5,7580.75,7579.5,7580.5,214
2026-06-02T02:24:00.000Z,ES,7580.25,7580.75,7579.75,7579.75,85
2026-06-02T02:25:00.000Z,ES,7580.0,7580.5,7579.25,7579.25,78
2026-06-02T02:26:00.000Z,ES,7579.5,7579.75,7579.0,7579.25,70
2026-06-02T02:27:00.000Z,ES,7579.25,7579.75,7578.75,7579.5,99
2026-06-02T02:28:00.000Z,ES,7579.75,7580.75,7579.75,7580.75,74
2026-06-02T02:29:00.000Z,ES,7580.5,7580.5,7579.25,7579.75,75
2026-06-02T02:30:00.000Z,ES,7580.0,7581.25,7580.0,7581.25,224
2026-06-02T02:31:00.000Z,ES,7581.0,7581.25,7580.75,7581.0,160
2026-06-02T02:32:00.000Z,ES,7580.75,7581.25,7580.5,7581.0,126
2026-06-02T02:33:00.000Z,ES,7581.0,7581.25,7580.25,7581.0,69
2026-06-02T02:34:00.000Z,ES,7581.25,7581.25,7580.75,7581.25,75
2026-06-02T02:35:00.000Z,ES,7581.0,7581.5,7581.0,7581.25,66
2026-06-02T02:36:00.000Z,ES,7581.25,7582.25,7581.0,7581.75,137
2026-06-02T02:37:00.000Z,ES,7581.75,7582.5,7581.5,7582.0,153
2026-06-02T02:38:00.000Z,ES,7582.0,7582.5,7581.75,7582.0,118
2026-06-02T02:39:00.000Z,ES,7582.25,7582.5,7582.0,7582.25,109
2026-06-02T02:40:00.000Z,ES,7582.25,7583.25,7582.25,7583.0,305
2026-06-02T02:41:00.000Z,ES,7582.75,7582.75,7581.5,7581.5,111
2026-06-02T02:42:00.000Z,ES,7581.75,7582.25,7581.0,7581.25,119
2026-06-02T02:43:00.000Z,ES,7581.0,7581.75,7581.0,7581.75,59
2026-06-02T02:44:00.000Z,ES,7581.5,7582.0,7580.75,7581.75,107
2026-06-02T02:45:00.000Z,ES,7582.0,7582.25,7581.25,7582.25,66
2026-06-02T02:46:00.000Z,ES,7582.25,7582.25,7581.25,7581.5,80
2026-06-02T02:47:00.000Z,ES,7581.5,7581.5,7581.25,7581.25,52
2026-06-02T02:48:00.000Z,ES,7581.25,7581.25,7580.25,7581.0,59
2026-06-02T02:49:00.000Z,ES,7581.0,7581.0,7579.75,7580.5,117
2026-06-02T02:50:00.000Z,ES,7580.5,7581.25,7580.5,7581.0,52
2026-06-02T02:51:00.000Z,ES,7581.0,7581.75,7580.75,7581.0,82
2026-06-02T02:52:00.000Z,ES,7580.75,7581.0,7580.5,7580.75,48
2026-06-02T02:53:00.000Z,ES,7580.5,7580.75,7580.25,7580.75,89
2026-06-02T02:54:00.000Z,ES,7580.75,7580.75,7580.0,7580.0,96
2026-06-02T02:55:00.000Z,ES,7580.25,7581.25,7580.25,7581.25,70
2026-06-02T02:56:00.000Z,ES,7581.5,7581.75,7581.0,7581.5,103
2026-06-02T02:57:00.000Z,ES,7581.75,7582.25,7581.75,7582.0,105
2026-06-02T02:58:00.000Z,ES,7582.0,7582.5,7582.0,7582.25,68
2026-06-02T02:59:00.000Z,ES,7582.0,7582.0,7581.5,7581.5,74
2026-06-02T03:00:00.000Z,ES,7581.25,7582.75,7581.25,7582.5,140
2026-06-02T03:01:00.000Z,ES,7582.5,7582.5,7582.0,7582.0,80
2026-06-02T03:02:00.000Z,ES,7582.25,7582.25,7581.25,7581.5,125
2026-06-02T03:03:00.000Z,ES,7581.75,7581.75,7580.25,7581.0,157
2026-06-02T03:04:00.000Z,ES,7581.0,7581.5,7581.0,7581.25,69
2026-06-02T03:05:00.000Z,ES,7581.25,7581.75,7581.0,7581.75,58
2026-06-02T03:06:00.000Z,ES,7581.5,7581.75,7581.0,7581.75,65
2026-06-02T03:07:00.000Z,ES,7581.75,7582.0,7581.25,7581.25,90
2026-06-02T03:08:00.000Z,ES,7581.25,7581.5,7580.75,7581.0,94
2026-06-02T03:09:00.000Z,ES,7580.75,7581.0,7579.0,7579.75,1032
2026-06-02T03:10:00.000Z,ES,7579.75,7579.75,7578.75,7578.75,160
2026-06-02T03:11:00.000Z,ES,7578.5,7578.75,7577.75,7578.5,217
2026-06-02T03:12:00.000Z,ES,7578.75,7579.0,7577.75,7577.75,146
2026-06-02T03:13:00.000Z,ES,7577.75,7578.5,7577.5,7578.5,137
2026-06-02T03:14:00.000Z,ES,7578.75,7579.5,7578.25,7578.5,166
2026-06-02T03:15:00.000Z,ES,7578.5,7579.0,7578.0,7578.5,129
2026-06-02T03:16:00.000Z,ES,7578.25,7579.0,7578.0,7579.0,125
2026-06-02T03:17:00.000Z,ES,7579.0,7580.0,7578.75,7580.0,114
2026-06-02T03:18:00.000Z,ES,7579.75,7579.75,7578.0,7578.5,200
2026-06-02T03:19:00.000Z,ES,7578.25,7578.25,7577.25,7577.75,213
2026-06-02T03:20:00.000Z,ES,7577.5,7577.75,7576.5,7577.25,361
2026-06-02T03:21:00.000Z,ES,7577.5,7578.5,7576.75,7578.25,218
2026-06-02T03:22:00.000Z,ES,7578.25,7578.75,7578.0,7578.5,94
2026-06-02T03:23:00.000Z,ES,7578.25,7578.5,7577.75,7578.25,111
2026-06-02T03:24:00.000Z,ES,7578.25,7578.75,7577.75,7578.5,146
2026-06-02T03:25:00.000Z,ES,7578.75,7579.75,7578.75,7579.0,190
2026-06-02T03:26:00.000Z,ES,7579.0,7579.5,7578.5,7579.0,100
2026-06-02T03:27:00.000Z,ES,7578.75,7578.75,7577.75,7578.0,178
2026-06-02T03:28:00.000Z,ES,7578.25,7578.5,7577.75,7578.25,181
2026-06-02T03:29:00.000Z,ES,7578.25,7578.75,7577.25,7578.25,175
2026-06-02T03:30:00.000Z,ES,7578.0,7578.25,7577.0,7577.25,158
2026-06-02T03:31:00.000Z,ES,7577.0,7578.25,7577.0,7578.25,198
2026-06-02T03:32:00.000Z,ES,7578.0,7579.0,7577.75,7578.0,151
2026-06-02T03:33:00.000Z,ES,7578.25,7579.0,7578.0,7578.5,186
2026-06-02T03:34:00.000Z,ES,7578.5,7578.5,7577.25,7577.25,208
2026-06-02T03:35:00.000Z,ES,7577.5,7579.0,7577.5,7579.0,129
2026-06-02T03:36:00.000Z,ES,7579.0,7579.5,7578.75,7579.25,203
2026-06-02T03:37:00.000Z,ES,7579.5,7580.5,7578.75,7579.0,168
2026-06-02T03:38:00.000Z,ES,7578.75,7579.25,7578.5,7579.0,95
2026-06-02T03:39:00.000Z,ES,7579.0,7579.5,7578.75,7579.5,59
2026-06-02T03:40:00.000Z,ES,7579.5,7579.75,7578.75,7579.0,80
2026-06-02T03:41:00.000Z,ES,7578.75,7579.5,7578.0,7578.5,129
2026-06-02T03:42:00.000Z,ES,7578.5,7579.0,7578.25,7579.0,87
2026-06-02T03:43:00.000Z,ES,7579.25,7580.0,7579.25,7580.0,86
2026-06-02T03:44:00.000Z,ES,7579.75,7580.75,7579.75,7580.25,99
2026-06-02T03:45:00.000Z,ES,7580.0,7580.75,7579.75,7580.5,286
2026-06-02T03:46:00.000Z,ES,7580.25,7580.75,7580.0,7580.25,89
2026-06-02T03:47:00.000Z,ES,7580.25,7581.0,7580.0,7581.0,138
2026-06-02T03:48:00.000Z,ES,7581.0,7581.25,7580.25,7580.5,114
2026-06-02T03:49:00.000Z,ES,7580.5,7581.5,7580.25,7581.25,73
2026-06-02T03:50:00.000Z,ES,7581.25,7581.75,7581.0,7581.25,109
2026-06-02T03:51:00.000Z,ES,7581.5,7581.75,7581.0,7581.25,159
2026-06-02T03:52:00.000Z,ES,7581.25,7581.75,7581.0,7581.5,193
2026-06-02T03:53:00.000Z,ES,7581.5,7582.25,7581.0,7581.0,423
2026-06-02T03:54:00.000Z,ES,7581.0,7581.25,7580.5,7581.25,92
2026-06-02T03:55:00.000Z,ES,7581.25,7581.5,7581.0,7581.0,51
2026-06-02T03:56:00.000Z,ES,7581.0,7581.25,7580.75,7580.75,68
2026-06-02T03:57:00.000Z,ES,7581.0,7581.25,7580.5,7581.0,47
2026-06-02T03:58:00.000Z,ES,7581.0,7581.25,7580.75,7581.25,54
2026-06-02T04:09:00.000Z,ES,7583.5,7583.75,7583.5,7583.75,61
2026-06-02T04:10:00.000Z,ES,7583.75,7583.75,7583.25,7583.5,77
2026-06-02T04:11:00.000Z,ES,7583.5,7584.25,7583.5,7584.25,89
2026-06-02T04:12:00.000Z,ES,7584.25,7584.25,7584.0,7584.0,108
2026-06-02T04:13:00.000Z,ES,7584.25,7584.25,7583.25,7583.25,86
2026-06-02T04:14:00.000Z,ES,7583.25,7583.25,7582.25,7582.5,131
2026-06-02T04:15:00.000Z,ES,7582.25,7583.0,7582.0,7582.75,156
2026-06-02T04:16:00.000Z,ES,7582.75,7583.25,7582.5,7582.75,98
2026-06-02T04:17:00.000Z,ES,7582.75,7582.75,7582.0,7582.0,76
2026-06-02T04:18:00.000Z,ES,7582.0,7582.25,7581.75,7582.25,71
2026-06-02T04:19:00.000Z,ES,7582.0,7582.0,7581.5,7581.75,104
2026-06-02T04:20:00.000Z,ES,7581.75,7582.25,7581.75,7582.25,109
2026-06-02T04:21:00.000Z,ES,7582.25,7582.75,7582.0,7582.75,56
2026-06-02T04:22:00.000Z,ES,7582.75,7583.25,7582.25,7583.25,83
2026-06-02T04:23:00.000Z,ES,7583.25,7584.25,7583.25,7583.75,174
2026-06-02T04:24:00.000Z,ES,7583.75,7584.0,7583.0,7583.25,130
2026-06-02T04:25:00.000Z,ES,7583.25,7583.5,7583.0,7583.5,70
2026-06-02T04:26:00.000Z,ES,7583.5,7584.0,7583.5,7584.0,66
2026-06-02T04:27:00.000Z,ES,7584.25,7584.25,7583.75,7584.25,72
2026-06-02T04:28:00.000Z,ES,7584.25,7585.75,7584.25,7585.75,197
2026-06-02T04:29:00.000Z,ES,7585.75,7586.75,7585.0,7585.5,307
2026-06-02T04:30:00.000Z,ES,7585.5,7585.5,7584.75,7585.5,182
2026-06-02T04:31:00.000Z,ES,7585.75,7585.75,7585.25,7585.25,89
2026-06-02T04:32:00.000Z,ES,7585.5,7585.5,7585.0,7585.5,139
2026-06-02T04:33:00.000Z,ES,7585.5,7585.75,7585.0,7585.0,103
2026-06-02T04:34:00.000Z,ES,7585.0,7585.5,7585.0,7585.0,71
2026-06-02T04:35:00.000Z,ES,7585.0,7585.25,7584.5,7584.5,99
2026-06-02T04:36:00.000Z,ES,7584.25,7584.75,7584.25,7584.5,45
2026-06-02T04:37:00.000Z,ES,7584.25,7584.5,7584.0,7584.25,57
2026-06-02T04:38:00.000Z,ES,7584.25,7584.25,7584.0,7584.25,58
2026-06-02T04:39:00.000Z,ES,7584.0,7585.5,7584.0,7585.5,108
2026-06-02T04:40:00.000Z,ES,7585.25,7585.5,7585.0,7585.25,73
2026-06-02T04:41:00.000Z,ES,7585.0,7585.5,7585.0,7585.25,58
2026-06-02T04:42:00.000Z,ES,7585.25,7585.5,7585.0,7585.25,85
2026-06-02T04:43:00.000Z,ES,7585.5,7585.5,7585.0,7585.25,60
2026-06-02T04:44:00.000Z,ES,7585.25,7586.0,7585.25,7585.75,73
2026-06-02T04:45:00.000Z,ES,7585.5,7586.75,7585.25,7586.5,233
2026-06-02T04:46:00.000Z,ES,7586.25,7587.75,7586.25,7587.5,546
2026-06-02T04:47:00.000Z,ES,7587.5,7588.75,7587.25,7588.5,183
2026-06-02T04:48:00.000Z,ES,7588.25,7589.0,7588.25,7589.0,89
2026-06-02T04:49:00.000Z,ES,7588.75,7589.0,7588.25,7588.25,82
2026-06-02T04:50:00.000Z,ES,7588.25,7588.25,7587.75,7588.0,142
2026-06-02T04:51:00.000Z,ES,7588.25,7588.75,7587.75,7588.5,172
2026-06-02T04:52:00.000Z,ES,7588.5,7588.75,7588.25,7588.25,88
2026-06-02T04:53:00.000Z,ES,7588.5,7589.25,7588.5,7589.0,167
2026-06-02T04:54:00.000Z,ES,7589.0,7589.25,7588.75,7588.75,78
2026-06-02T04:55:00.000Z,ES,7588.75,7590.0,7588.5,7589.75,397
2026-06-02T04:56:00.000Z,ES,7589.5,7590.0,7589.0,7589.75,205
2026-06-02T04:57:00.000Z,ES,7589.75,7590.0,7589.25,7589.5,135
2026-06-02T04:58:00.000Z,ES,7589.5,7590.25,7589.0,7590.25,66
2026-06-02T04:59:00.000Z,ES,7590.25,7590.75,7590.0,7590.25,109
2026-06-02T05:00:00.000Z,ES,7590.5,7590.75,7590.0,7590.5,204
2026-06-02T05:01:00.000Z,ES,7590.5,7591.75,7590.25,7590.5,347
2026-06-02T05:02:00.000Z,ES,7590.25,7590.25,7588.75,7589.5,311
2026-06-02T05:03:00.000Z,ES,7589.5,7589.5,7588.75,7589.0,114
2026-06-02T05:04:00.000Z,ES,7589.0,7589.25,7588.75,7588.75,95
2026-06-02T05:05:00.000Z,ES,7589.0,7589.25,7588.5,7588.75,131
2026-06-02T05:06:00.000Z,ES,7588.75,7589.5,7588.75,7589.25,83
2026-06-02T05:07:00.000Z,ES,7589.25,7590.0,7589.25,7590.0,73
2026-06-02T05:08:00.000Z,ES,7590.0,7590.25,7589.5,7590.25,67
2026-06-02T05:09:00.000Z,ES,7590.25,7591.0,7590.25,7590.5,278
2026-06-02T05:10:00.000Z,ES,7590.5,7591.25,7590.0,7591.0,165
2026-06-02T05:11:00.000Z,ES,7591.0,7592.0,7590.75,7591.75,313
2026-06-02T05:12:00.000Z,ES,7591.75,7592.25,7591.75,7592.0,149
2026-06-02T05:13:00.000Z,ES,7592.0,7592.5,7592.0,7592.0,68
2026-06-02T05:14:00.000Z,ES,7592.0,7592.75,7592.0,7592.75,134
2026-06-02T05:15:00.000Z,ES,7592.75,7592.75,7592.25,7592.25,122
2026-06-02T05:16:00.000Z,ES,7592.25,7592.25,7591.5,7591.75,110
2026-06-02T05:17:00.000Z,ES,7592.0,7592.25,7591.5,7591.75,85
2026-06-02T05:18:00.000Z,ES,7591.75,7593.0,7591.75,7593.0,110
2026-06-02T05:19:00.000Z,ES,7592.75,7592.75,7592.25,7592.75,43
2026-06-02T05:20:00.000Z,ES,7592.5,7593.5,7592.25,7593.5,141
2026-06-02T05:21:00.000Z,ES,7593.5,7593.75,7593.25,7593.5,76
2026-06-02T05:22:00.000Z,ES,7593.5,7593.5,7593.25,7593.5,73
2026-06-02T05:23:00.000Z,ES,7593.5,7593.75,7593.0,7593.75,91
2026-06-02T05:24:00.000Z,ES,7593.75,7594.0,7593.5,7593.75,119
2026-06-02T05:25:00.000Z,ES,7594.0,7594.25,7593.0,7593.5,173
2026-06-02T05:26:00.000Z,ES,7593.5,7594.0,7593.25,7594.0,84
2026-06-02T05:27:00.000Z,ES,7594.0,7594.25,7593.75,7594.0,85
2026-06-02T05:28:00.000Z,ES,7594.0,7594.0,7593.5,7593.75,80
2026-06-02T05:29:00.000Z,ES,7594.0,7594.25,7593.5,7593.5,67
2026-06-02T05:30:00.000Z,ES,7593.75,7595.5,7593.75,7595.0,276
2026-06-02T05:31:00.000Z,ES,7595.0,7595.25,7594.75,7595.25,105
2026-06-02T05:32:00.000Z,ES,7595.0,7595.25,7594.5,7594.5,98
2026-06-02T05:33:00.000Z,ES,7594.75,7595.0,7594.5,7594.75,73
2026-06-02T05:34:00.000Z,ES,7594.75,7595.75,7594.25,7595.75,150
2026-06-02T05:35:00.000Z,ES,7595.75,7595.75,7595.25,7595.75,205
2026-06-02T05:36:00.000Z,ES,7595.75,7596.75,7595.75,7596.5,268
2026-06-02T05:37:00.000Z,ES,7596.5,7596.5,7594.5,7594.5,142
2026-06-02T05:38:00.000Z,ES,7594.5,7595.0,7593.75,7594.75,116
2026-06-02T05:39:00.000Z,ES,7594.5,7594.5,7593.75,7594.0,87
2026-06-02T05:40:00.000Z,ES,7594.0,7594.5,7593.75,7594.5,119
2026-06-02T05:41:00.000Z,ES,7594.5,7595.25,7594.0,7595.25,109
2026-06-02T05:42:00.000Z,ES,7595.25,7595.25,7594.75,7595.25,40
2026-06-02T05:43:00.000Z,ES,7595.25,7595.25,7594.5,7594.5,42
2026-06-02T05:44:00.000Z,ES,7594.75,7595.25,7594.5,7595.25,76
2026-06-02T05:45:00.000Z,ES,7595.25,7595.5,7594.5,7594.75,68
2026-06-02T05:46:00.000Z,ES,7594.75,7594.75,7594.5,7594.5,45
2026-06-02T05:47:00.000Z,ES,7594.5,7594.5,7593.0,7593.0,89
2026-06-02T05:48:00.000Z,ES,7593.25,7593.25,7592.75,7593.0,122
2026-06-02T05:49:00.000Z,ES,7592.75,7593.25,7592.25,7593.25,89
2026-06-02T05:50:00.000Z,ES,7593.5,7593.75,7593.0,7593.0,120
2026-06-02T05:51:00.000Z,ES,7592.75,7592.75,7592.25,7592.5,88
2026-06-02T05:52:00.000Z,ES,7592.5,7593.25,7592.5,7593.0,78
2026-06-02T05:53:00.000Z,ES,7592.75,7593.0,7592.0,7592.0,96
2026-06-02T05:54:00.000Z,ES,7592.0,7593.0,7592.0,7592.75,156
2026-06-02T05:55:00.000Z,ES,7593.0,7593.0,7592.25,7592.5,112
2026-06-02T05:56:00.000Z,ES,7592.5,7593.25,7592.5,7592.75,73
2026-06-02T05:57:00.000Z,ES,7592.75,7593.25,7592.5,7593.25,70
2026-06-02T05:58:00.000Z,ES,7593.25,7594.25,7593.25,7594.25,114
2026-06-02T05:59:00.000Z,ES,7594.25,7594.5,7594.0,7594.25,79
2026-06-02T06:00:00.000Z,ES,7594.0,7595.0,7593.75,7594.75,294
2026-06-02T06:01:00.000Z,ES,7594.75,7596.5,7594.75,7595.0,596
2026-06-02T06:02:00.000Z,ES,7595.0,7595.25,7594.75,7595.0,85
2026-06-02T06:03:00.000Z,ES,7595.0,7595.75,7594.75,7595.25,90
2026-06-02T06:04:00.000Z,ES,7595.0,7595.5,7595.0,7595.5,84
2026-06-02T06:05:00.000Z,ES,7595.5,7598.0,7595.25,7597.0,1029
2026-06-02T06:06:00.000Z,ES,7597.0,7597.25,7595.75,7597.25,144
2026-06-02T06:07:00.000Z,ES,7597.25,7597.25,7596.0,7596.25,245
2026-06-02T06:08:00.000Z,ES,7596.25,7596.25,7595.75,7595.75,46
2026-06-02T06:09:00.000Z,ES,7596.0,7596.25,7595.5,7595.5,78
2026-06-02T06:10:00.000Z,ES,7595.5,7596.0,7595.0,7595.75,118
2026-06-02T06:11:00.000Z,ES,7595.75,7596.25,7595.75,7596.0,123
2026-06-02T06:12:00.000Z,ES,7596.25,7596.25,7595.25,7596.0,142
2026-06-02T06:13:00.000Z,ES,7596.0,7596.25,7595.75,7596.0,85
2026-06-02T06:14:00.000Z,ES,7596.0,7596.25,7596.0,7596.25,74
2026-06-02T06:15:00.000Z,ES,7596.25,7597.0,7596.25,7597.0,103
2026-06-02T06:16:00.000Z,ES,7597.0,7597.75,7596.75,7597.0,141
2026-06-02T06:17:00.000Z,ES,7597.25,7597.75,7597.0,7597.25,214
2026-06-02T06:18:00.000Z,ES,7597.0,7597.75,7596.75,7597.0,163
2026-06-02T06:19:00.000Z,ES,7597.0,7597.5,7596.75,7597.25,89
2026-06-02T06:20:00.000Z,ES,7597.25,7597.75,7597.25,7597.5,165
2026-06-02T06:21:00.000Z,ES,7597.5,7598.75,7597.5,7598.25,243
2026-06-02T06:22:00.000Z,ES,7598.25,7598.75,7598.25,7598.25,168
2026-06-02T06:23:00.000Z,ES,7598.25,7598.25,7597.75,7598.0,76
2026-06-02T06:24:00.000Z,ES,7598.25,7598.25,7597.75,7597.75,73
2026-06-02T06:25:00.000Z,ES,7597.75,7598.0,7597.25,7597.25,120
2026-06-02T06:26:00.000Z,ES,7597.5,7597.75,7597.0,7597.5,103
2026-06-02T06:27:00.000Z,ES,7597.5,7597.5,7597.0,7597.5,102
2026-06-02T06:28:00.000Z,ES,7597.5,7597.5,7597.0,7597.25,59
2026-06-02T06:29:00.000Z,ES,7597.5,7597.5,7596.75,7597.25,170
2026-06-02T06:30:00.000Z,ES,7597.25,7597.5,7596.75,7597.25,128
2026-06-02T06:31:00.000Z,ES,7597.25,7597.5,7596.75,7597.25,155
2026-06-02T06:32:00.000Z,ES,7597.25,7597.25,7595.25,7595.5,247
2026-06-02T06:33:00.000Z,ES,7595.5,7596.5,7595.25,7596.0,157
2026-06-02T06:34:00.000Z,ES,7596.25,7597.0,7596.0,7596.75,43
2026-06-02T06:35:00.000Z,ES,7597.0,7599.75,7596.5,7599.75,1011
2026-06-02T06:36:00.000Z,ES,7599.75,7599.75,7598.25,7599.25,473
2026-06-02T06:37:00.000Z,ES,7599.25,7599.75,7599.0,7599.5,155
2026-06-02T06:38:00.000Z,ES,7599.5,7600.25,7599.25,7600.25,387
2026-06-02T06:39:00.000Z,ES,7600.25,7600.25,7599.0,7599.25,208
2026-06-02T06:40:00.000Z,ES,7599.25,7599.75,7599.0,7599.5,212
2026-06-02T06:41:00.000Z,ES,7599.5,7600.0,7599.5,7599.75,184
2026-06-02T06:42:00.000Z,ES,7599.75,7599.75,7599.0,7599.0,141
2026-06-02T06:43:00.000Z,ES,7599.25,7599.5,7598.75,7599.0,77
2026-06-02T06:44:00.000Z,ES,7598.75,7599.0,7598.5,7598.5,153
2026-06-02T06:45:00.000Z,ES,7598.5,7601.0,7598.25,7601.0,401
2026-06-02T06:46:00.000Z,ES,7600.75,7601.0,7599.75,7599.75,281
2026-06-02T06:47:00.000Z,ES,7599.75,7600.25,7599.75,7600.0,30
2026-06-02T06:48:00.000Z,ES,7600.0,7600.0,7599.5,7599.5,75
2026-06-02T06:49:00.000Z,ES,7599.5,7600.0,7599.5,7600.0,81
2026-06-02T06:50:00.000Z,ES,7600.25,7600.25,7599.25,7599.75,66
2026-06-02T06:51:00.000Z,ES,7599.75,7600.0,7599.25,7599.75,46
2026-06-02T06:52:00.000Z,ES,7599.75,7600.0,7599.5,7599.75,52
2026-06-02T06:53:00.000Z,ES,7599.5,7599.75,7599.25,7599.75,116
2026-06-02T06:54:00.000Z,ES,7599.75,7600.5,7599.75,7600.25,57
2026-06-02T06:55:00.000Z,ES,7600.25,7601.5,7600.0,7601.25,302
2026-06-02T06:56:00.000Z,ES,7601.25,7602.5,7601.25,7601.25,479
2026-06-02T06:57:00.000Z,ES,7601.25,7601.75,7601.25,7601.75,161
2026-06-02T06:58:00.000Z,ES,7601.75,7601.75,7600.5,7600.5,126
2026-06-02T06:59:00.000Z,ES,7600.75,7601.5,7600.5,7601.5,143
2026-06-02T07:00:00.000Z,ES,7601.5,7603.25,7601.25,7602.75,711
2026-06-02T07:01:00.000Z,ES,7602.75,7603.0,7602.0,7602.25,239
2026-06-02T07:02:00.000Z,ES,7602.5,7602.75,7602.0,7602.25,161
2026-06-02T07:03:00.000Z,ES,7602.25,7603.0,7601.5,7602.75,270
2026-06-02T07:04:00.000Z,ES,7602.75,7604.0,7602.75,7603.5,535
2026-06-02T07:05:00.000Z,ES,7603.75,7604.5,7603.5,7604.25,294
2026-06-02T07:06:00.000Z,ES,7604.0,7604.5,7603.75,7604.25,193
2026-06-02T07:07:00.000Z,ES,7604.0,7605.25,7604.0,7605.25,276
2026-06-02T07:08:00.000Z,ES,7605.0,7605.25,7604.25,7604.75,277
2026-06-02T07:09:00.000Z,ES,7604.75,7605.25,7604.25,7605.0,216
2026-06-02T07:10:00.000Z,ES,7605.0,7605.25,7604.25,7604.75,274
2026-06-02T07:11:00.000Z,ES,7604.5,7605.0,7604.5,7604.5,133
2026-06-02T07:12:00.000Z,ES,7604.5,7604.75,7604.25,7604.5,130
2026-06-02T07:13:00.000Z,ES,7604.5,7605.25,7604.5,7604.75,249
2026-06-02T07:14:00.000Z,ES,7605.0,7605.0,7604.5,7604.75,165
2026-06-02T07:15:00.000Z,ES,7604.5,7604.75,7603.75,7604.5,167
2026-06-02T07:16:00.000Z,ES,7604.75,7605.0,7604.25,7604.75,277
2026-06-02T07:17:00.000Z,ES,7605.0,7605.0,7604.5,7604.75,109
2026-06-02T07:18:00.000Z,ES,7604.5,7605.25,7604.25,7605.25,179
2026-06-02T07:19:00.000Z,ES,7605.0,7605.25,7604.5,7604.5,161
2026-06-02T07:20:00.000Z,ES,7604.5,7605.5,7604.5,7605.5,212
2026-06-02T07:21:00.000Z,ES,7605.5,7605.75,7605.25,7605.5,192
2026-06-02T07:22:00.000Z,ES,7605.5,7606.0,7605.5,7605.75,309
2026-06-02T07:23:00.000Z,ES,7605.75,7606.0,7605.0,7605.25,200
2026-06-02T07:24:00.000Z,ES,7605.25,7605.75,7605.0,7605.25,150
2026-06-02T07:25:00.000Z,ES,7605.25,7605.5,7603.75,7604.0,226
2026-06-02T07:26:00.000Z,ES,7604.0,7605.0,7604.0,7604.75,199
2026-06-02T07:27:00.000Z,ES,7604.5,7604.75,7604.25,7604.5,133
2026-06-02T07:28:00.000Z,ES,7604.5,7604.5,7603.25,7603.25,242
2026-06-02T07:29:00.000Z,ES,7603.5,7604.5,7603.25,7604.0,118
2026-06-02T07:30:00.000Z,ES,7604.0,7604.5,7602.5,7602.5,496
2026-06-02T07:31:00.000Z,ES,7602.5,7603.75,7602.25,7603.5,198
2026-06-02T07:32:00.000Z,ES,7603.75,7604.25,7603.5,7604.0,125
2026-06-02T07:33:00.000Z,ES,7604.0,7604.25,7603.25,7603.25,120
2026-06-02T07:34:00.000Z,ES,7603.0,7603.5,7602.75,7603.5,235
2026-06-02T07:35:00.000Z,ES,7603.25,7603.25,7603.0,7603.0,69
2026-06-02T07:36:00.000Z,ES,7603.25,7604.0,7603.25,7604.0,129
2026-06-02T07:37:00.000Z,ES,7604.0,7605.0,7604.0,7604.5,246
2026-06-02T07:38:00.000Z,ES,7604.5,7604.5,7603.75,7603.75,110
2026-06-02T07:39:00.000Z,ES,7603.75,7603.75,7603.25,7603.25,137
2026-06-02T07:40:00.000Z,ES,7603.25,7604.25,7602.75,7604.25,176
2026-06-02T07:41:00.000Z,ES,7604.0,7605.0,7604.0,7604.25,297
2026-06-02T07:42:00.000Z,ES,7604.25,7604.5,7604.0,7604.0,96
2026-06-02T07:43:00.000Z,ES,7604.0,7604.5,7603.5,7604.25,233
2026-06-02T07:44:00.000Z,ES,7604.25,7604.5,7604.25,7604.25,123
2026-06-02T07:45:00.000Z,ES,7604.25,7604.25,7602.75,7602.75,315
2026-06-02T07:46:00.000Z,ES,7603.0,7603.0,7602.25,7602.5,283
2026-06-02T07:47:00.000Z,ES,7602.75,7603.25,7602.5,7603.25,242
2026-06-02T07:48:00.000Z,ES,7603.25,7603.25,7602.75,7603.0,92
2026-06-02T07:49:00.000Z,ES,7603.0,7603.75,7603.0,7603.25,259
2026-06-02T07:50:00.000Z,ES,7603.25,7603.25,7602.75,7603.25,70
2026-06-02T07:51:00.000Z,ES,7603.25,7603.25,7602.75,7603.25,120
2026-06-02T07:52:00.000Z,ES,7603.25,7603.75,7603.25,7603.5,141
2026-06-02T07:53:00.000Z,ES,7603.75,7605.25,7603.75,7605.25,241
2026-06-02T07:54:00.000Z,ES,7605.25,7606.25,7604.5,7605.75,389
2026-06-02T07:55:00.000Z,ES,7605.5,7606.0,7605.0,7606.0,252
2026-06-02T07:56:00.000Z,ES,7606.0,7606.0,7605.75,7606.0,202
2026-06-02T07:57:00.000Z,ES,7606.0,7606.5,7605.0,7605.75,336
2026-06-02T07:58:00.000Z,ES,7605.5,7605.75,7605.25,7605.5,68
2026-06-02T07:59:00.000Z,ES,7605.25,7606.25,7605.25,7606.25,181
2026-06-02T08:00:00.000Z,ES,7606.25,7608.0,7606.25,7607.25,634
2026-06-02T08:01:00.000Z,ES,7607.25,7608.5,7607.25,7608.5,369
2026-06-02T08:02:00.000Z,ES,7608.25,7609.5,7608.0,7608.25,543
2026-06-02T08:03:00.000Z,ES,7608.25,7610.5,7608.25,7610.25,624
2026-06-02T08:04:00.000Z,ES,7610.25,7610.5,7609.75,7610.0,374
2026-06-02T08:05:00.000Z,ES,7610.0,7610.0,7607.25,7609.75,540
2026-06-02T08:06:00.000Z,ES,7609.75,7610.5,7608.25,7608.25,528
2026-06-02T08:07:00.000Z,ES,7608.25,7608.5,7608.25,7608.25,136
2026-06-02T08:08:00.000Z,ES,7608.25,7608.75,7608.0,7608.5,327
2026-06-02T08:09:00.000Z,ES,7608.5,7609.0,7608.25,7608.75,381
2026-06-02T08:10:00.000Z,ES,7608.5,7608.5,7606.75,7607.0,223
2026-06-02T08:11:00.000Z,ES,7606.75,7606.75,7605.75,7606.0,292
2026-06-02T08:12:00.000Z,ES,7606.25,7607.5,7606.25,7607.5,123
2026-06-02T08:13:00.000Z,ES,7607.5,7608.5,7607.25,7608.5,342
2026-06-02T08:14:00.000Z,ES,7608.5,7608.75,7606.75,7606.75,301
2026-06-02T08:15:00.000Z,ES,7606.75,7607.75,7606.5,7607.75,242
2026-06-02T08:16:00.000Z,ES,7607.75,7608.25,7607.5,7607.5,255
2026-06-02T08:17:00.000Z,ES,7607.5,7609.0,7607.5,7607.75,267
2026-06-02T08:18:00.000Z,ES,7607.75,7608.0,7607.5,7607.5,301
2026-06-02T08:19:00.000Z,ES,7607.25,7607.5,7606.25,7606.25,296
2026-06-02T08:20:00.000Z,ES,7606.75,7607.0,7606.25,7606.5,146
2026-06-02T08:21:00.000Z,ES,7606.75,7607.5,7606.5,7606.75,373
2026-06-02T08:22:00.000Z,ES,7607.0,7607.5,7606.75,7606.75,192
2026-06-02T08:23:00.000Z,ES,7606.5,7607.25,7604.25,7607.25,1880
2026-06-02T08:24:00.000Z,ES,7607.25,7607.25,7606.25,7606.25,355
2026-06-02T08:25:00.000Z,ES,7606.25,7606.5,7604.75,7605.0,254
2026-06-02T08:26:00.000Z,ES,7605.25,7606.0,7605.25,7605.25,228
2026-06-02T08:27:00.000Z,ES,7605.25,7606.0,7605.0,7605.5,330
2026-06-02T08:28:00.000Z,ES,7605.5,7605.5,7604.25,7604.5,325
2026-06-02T08:29:00.000Z,ES,7604.5,7604.5,7603.25,7603.75,526
2026-06-02T08:30:00.000Z,ES,7603.75,7605.25,7603.5,7605.25,305
2026-06-02T08:31:00.000Z,ES,7605.25,7605.75,7605.0,7605.5,285
2026-06-02T08:32:00.000Z,ES,7605.75,7606.0,7605.5,7605.75,181
2026-06-02T08:33:00.000Z,ES,7605.75,7606.5,7605.5,7606.5,190
2026-06-02T08:34:00.000Z,ES,7606.25,7606.75,7605.25,7605.5,248
2026-06-02T08:35:00.000Z,ES,7605.25,7605.5,7605.0,7605.25,95
2026-06-02T08:36:00.000Z,ES,7605.5,7606.5,7605.25,7606.5,129
2026-06-02T08:37:00.000Z,ES,7606.5,7606.5,7605.5,7606.0,208
2026-06-02T08:38:00.000Z,ES,7606.0,7606.0,7605.25,7605.25,175
2026-06-02T08:39:00.000Z,ES,7605.25,7606.25,7605.25,7606.25,171
2026-06-02T08:40:00.000Z,ES,7606.25,7607.5,7605.75,7607.25,202
2026-06-02T08:41:00.000Z,ES,7607.25,7607.25,7606.5,7606.5,144
2026-06-02T08:42:00.000Z,ES,7606.25,7607.0,7606.0,7606.5,98
2026-06-02T08:43:00.000Z,ES,7606.25,7606.5,7606.0,7606.0,103
2026-06-02T08:44:00.000Z,ES,7606.25,7606.25,7605.25,7605.25,126
2026-06-02T08:45:00.000Z,ES,7605.5,7606.5,7605.25,7606.5,132
2026-06-02T08:46:00.000Z,ES,7606.5,7607.0,7606.0,7606.75,301
2026-06-02T08:47:00.000Z,ES,7606.5,7606.5,7606.0,7606.25,160
2026-06-02T08:48:00.000Z,ES,7606.25,7606.75,7606.0,7606.75,111
2026-06-02T08:49:00.000Z,ES,7606.75,7607.75,7606.75,7607.0,91
2026-06-02T08:50:00.000Z,ES,7607.0,7607.25,7606.75,7607.25,89
2026-06-02T08:51:00.000Z,ES,7607.25,7607.25,7606.5,7606.5,139
2026-06-02T08:52:00.000Z,ES,7606.25,7607.5,7606.25,7607.25,251
2026-06-02T08:53:00.000Z,ES,7607.25,7607.25,7606.75,7606.75,143
2026-06-02T08:54:00.000Z,ES,7606.75,7607.25,7606.0,7606.5,230
2026-06-02T08:55:00.000Z,ES,7606.5,7606.75,7605.25,7605.75,150
2026-06-02T08:56:00.000Z,ES,7605.75,7606.25,7605.25,7605.75,128
2026-06-02T08:57:00.000Z,ES,7605.75,7605.75,7605.25,7605.25,106
2026-06-02T08:58:00.000Z,ES,7605.5,7605.75,7604.75,7605.25,144
2026-06-02T08:59:00.000Z,ES,7605.25,7605.75,7605.25,7605.75,43
2026-06-02T09:00:00.000Z,ES,7605.5,7605.5,7603.5,7604.0,225
2026-06-02T09:01:00.000Z,ES,7603.75,7603.75,7602.75,7602.75,209
2026-06-02T09:02:00.000Z,ES,7602.75,7603.25,7602.75,7602.75,130
2026-06-02T09:03:00.000Z,ES,7602.75,7603.25,7602.25,7602.75,155
2026-06-02T09:04:00.000Z,ES,7602.75,7602.75,7601.75,7602.5,208
2026-06-02T09:05:00.000Z,ES,7602.5,7603.0,7602.5,7602.75,187
2026-06-02T09:06:00.000Z,ES,7602.75,7604.0,7602.75,7603.5,239
2026-06-02T09:07:00.000Z,ES,7603.5,7604.0,7603.25,7603.75,175
2026-06-02T09:08:00.000Z,ES,7604.0,7604.0,7603.5,7604.0,78
2026-06-02T09:09:00.000Z,ES,7604.0,7604.25,7603.75,7604.25,83
2026-06-02T09:10:00.000Z,ES,7604.5,7604.5,7603.5,7603.75,93
2026-06-02T09:11:00.000Z,ES,7604.0,7604.5,7603.0,7603.5,216
2026-06-02T09:12:00.000Z,ES,7603.5,7603.75,7603.0,7603.25,112
2026-06-02T09:13:00.000Z,ES,7603.25,7603.5,7602.75,7602.75,111
2026-06-02T09:14:00.000Z,ES,7602.75,7602.75,7602.25,7602.5,83
2026-06-02T09:15:00.000Z,ES,7602.5,7603.5,7602.5,7603.5,108
2026-06-02T09:16:00.000Z,ES,7603.5,7604.25,7603.25,7603.25,128
2026-06-02T09:17:00.000Z,ES,7603.25,7603.25,7602.25,7602.25,198
2026-06-02T09:18:00.000Z,ES,7602.25,7602.75,7602.0,7602.75,217
2026-06-02T09:19:00.000Z,ES,7602.75,7603.25,7602.75,7603.25,83
2026-06-02T09:20:00.000Z,ES,7603.25,7603.25,7602.0,7602.0,117
2026-06-02T09:21:00.000Z,ES,7602.0,7602.0,7600.25,7600.25,333
2026-06-02T09:22:00.000Z,ES,7600.0,7600.0,7599.0,7599.5,347
2026-06-02T09:23:00.000Z,ES,7599.5,7600.75,7599.25,7600.5,185
2026-06-02T09:24:00.000Z,ES,7600.75,7601.0,7600.25,7600.25,83
2026-06-02T09:25:00.000Z,ES,7600.5,7601.0,7599.75,7600.75,143
2026-06-02T09:26:00.000Z,ES,7601.0,7601.0,7600.0,7600.75,89
2026-06-02T09:27:00.000Z,ES,7600.5,7601.25,7600.25,7601.0,159
2026-06-02T09:28:00.000Z,ES,7600.75,7601.0,7599.0,7600.0,636
2026-06-02T09:29:00.000Z,ES,7599.5,7600.25,7599.5,7600.25,133
2026-06-02T09:30:00.000Z,ES,7600.25,7601.0,7600.25,7600.25,122
2026-06-02T09:31:00.000Z,ES,7600.75,7600.75,7599.75,7600.0,176
2026-06-02T09:32:00.000Z,ES,7600.0,7600.5,7599.75,7600.25,196
2026-06-02T09:33:00.000Z,ES,7600.0,7601.25,7599.75,7601.0,179
2026-06-02T09:34:00.000Z,ES,7600.75,7601.0,7600.5,7601.0,100
2026-06-02T09:35:00.000Z,ES,7601.0,7601.0,7600.25,7600.5,111
2026-06-02T09:36:00.000Z,ES,7600.75,7600.75,7600.25,7600.75,75
2026-06-02T09:37:00.000Z,ES,7600.75,7600.75,7599.75,7599.75,108
2026-06-02T09:38:00.000Z,ES,7599.75,7600.25,7599.5,7600.0,128
2026-06-02T09:39:00.000Z,ES,7600.0,7601.0,7599.75,7601.0,110
2026-06-02T09:40:00.000Z,ES,7601.25,7601.5,7598.5,7601.25,975
2026-06-02T09:41:00.000Z,ES,7601.25,7603.75,7601.0,7603.75,253
2026-06-02T09:42:00.000Z,ES,7603.75,7605.25,7603.5,7604.75,484
2026-06-02T09:43:00.000Z,ES,7604.75,7605.0,7604.25,7604.75,219
2026-06-02T09:44:00.000Z,ES,7604.5,7604.75,7604.25,7604.5,138
2026-06-02T09:45:00.000Z,ES,7604.5,7605.25,7604.25,7604.75,287
2026-06-02T09:46:00.000Z,ES,7604.75,7605.25,7604.5,7604.5,114
2026-06-02T09:47:00.000Z,ES,7604.5,7605.0,7603.75,7604.25,240
2026-06-02T09:48:00.000Z,ES,7604.25,7605.25,7604.25,7605.25,126
2026-06-02T09:49:00.000Z,ES,7605.25,7605.25,7604.75,7605.0,112
2026-06-02T09:50:00.000Z,ES,7605.25,7605.75,7604.75,7605.0,346
2026-06-02T09:51:00.000Z,ES,7605.0,7605.25,7604.25,7605.25,234
2026-06-02T09:52:00.000Z,ES,7605.25,7605.25,7604.75,7605.0,86
2026-06-02T09:53:00.000Z,ES,7605.0,7605.25,7604.5,7604.5,184
2026-06-02T09:54:00.000Z,ES,7604.25,7604.25,7602.5,7602.75,500
2026-06-02T09:55:00.000Z,ES,7602.75,7603.25,7602.75,7602.75,303
2026-06-02T09:56:00.000Z,ES,7603.0,7603.0,7601.75,7602.0,254
2026-06-02T09:57:00.000Z,ES,7602.25,7603.75,7601.75,7602.25,369
2026-06-02T09:58:00.000Z,ES,7602.25,7602.5,7601.0,7601.75,300
2026-06-02T09:59:00.000Z,ES,7601.5,7601.75,7601.25,7601.5,159
2026-06-02T10:00:00.000Z,ES,7601.5,7601.5,7600.0,7600.25,304
2026-06-02T10:01:00.000Z,ES,7600.25,7600.5,7599.5,7600.5,166
2026-06-02T10:02:00.000Z,ES,7600.5,7600.75,7600.0,7600.25,119
2026-06-02T10:03:00.000Z,ES,7600.25,7600.75,7600.25,7600.5,186
2026-06-02T10:04:00.000Z,ES,7600.75,7601.0,7600.25,7601.0,125
2026-06-02T10:05:00.000Z,ES,7601.25,7601.75,7601.25,7601.25,102
2026-06-02T10:06:00.000Z,ES,7601.25,7602.0,7601.0,7602.0,99
2026-06-02T10:07:00.000Z,ES,7602.0,7602.0,7601.25,7601.5,114
2026-06-02T10:08:00.000Z,ES,7601.75,7602.0,7601.25,7601.75,64
2026-06-02T10:09:00.000Z,ES,7601.75,7602.25,7601.75,7601.75,91
2026-06-02T10:10:00.000Z,ES,7601.75,7602.75,7601.25,7602.5,195
2026-06-02T10:11:00.000Z,ES,7602.75,7603.25,7602.75,7603.25,135
2026-06-02T10:12:00.000Z,ES,7603.25,7603.25,7602.75,7602.75,76
2026-06-02T10:13:00.000Z,ES,7602.5,7602.75,7601.25,7601.5,110
2026-06-02T10:14:00.000Z,ES,7601.5,7602.25,7601.5,7601.75,73
2026-06-02T10:15:00.000Z,ES,7601.75,7602.0,7601.5,7602.0,90
2026-06-02T10:16:00.000Z,ES,7602.0,7602.25,7601.5,7602.0,189
2026-06-02T10:17:00.000Z,ES,7602.0,7602.75,7602.0,7602.25,356
2026-06-02T10:18:00.000Z,ES,7602.25,7603.0,7602.25,7602.75,79
2026-06-02T10:19:00.000Z,ES,7602.75,7603.0,7602.5,7603.0,129
2026-06-02T10:20:00.000Z,ES,7603.0,7603.5,7602.5,7602.5,152
2026-06-02T10:21:00.000Z,ES,7602.5,7602.75,7601.75,7602.25,177
2026-06-02T10:22:00.000Z,ES,7602.25,7602.75,7602.0,7602.25,150
2026-06-02T10:23:00.000Z,ES,7602.25,7603.0,7602.25,7602.75,75
2026-06-02T10:24:00.000Z,ES,7602.75,7603.0,7602.5,7603.0,54
2026-06-02T10:25:00.000Z,ES,7603.0,7603.25,7601.75,7602.0,143
2026-06-02T10:26:00.000Z,ES,7602.25,7602.5,7600.75,7601.0,329
2026-06-02T10:27:00.000Z,ES,7600.75,7601.25,7600.75,7601.25,59
2026-06-02T10:28:00.000Z,ES,7601.25,7601.5,7601.0,7601.5,101
2026-06-02T10:29:00.000Z,ES,7601.75,7602.0,7601.5,7602.0,63
2026-06-02T10:30:00.000Z,ES,7602.25,7602.75,7601.75,7602.0,108
2026-06-02T10:31:00.000Z,ES,7601.75,7602.0,7601.75,7602.0,55
2026-06-02T10:32:00.000Z,ES,7602.0,7602.25,7601.75,7602.0,62
2026-06-02T10:33:00.000Z,ES,7601.75,7602.0,7601.0,7601.25,120
2026-06-02T10:34:00.000Z,ES,7601.25,7601.25,7600.75,7600.75,138
2026-06-02T10:35:00.000Z,ES,7601.0,7601.0,7600.0,7600.0,132
2026-06-02T10:36:00.000Z,ES,7600.25,7600.5,7600.25,7600.25,129
2026-06-02T10:37:00.000Z,ES,7600.0,7600.25,7599.75,7599.75,58
2026-06-02T10:38:00.000Z,ES,7599.75,7600.0,7599.25,7599.25,185
2026-06-02T10:39:00.000Z,ES,7599.25,7600.5,7599.25,7600.5,85
2026-06-02T10:40:00.000Z,ES,7600.25,7600.5,7600.25,7600.5,42
2026-06-02T10:41:00.000Z,ES,7600.5,7600.5,7599.75,7600.5,115
2026-06-02T10:42:00.000Z,ES,7600.25,7600.5,7600.0,7600.25,62
2026-06-02T10:43:00.000Z,ES,7600.25,7600.5,7599.25,7599.75,88
2026-06-02T10:44:00.000Z,ES,7599.75,7600.5,7599.75,7600.0,69
2026-06-02T10:45:00.000Z,ES,7600.0,7600.5,7600.0,7600.25,63
2026-06-02T10:46:00.000Z,ES,7600.25,7600.25,7599.75,7600.0,73
2026-06-02T10:47:00.000Z,ES,7599.75,7600.25,7599.25,7600.0,107
2026-06-02T10:48:00.000Z,ES,7600.0,7600.75,7598.75,7599.25,273
2026-06-02T10:49:00.000Z,ES,7599.25,7599.75,7599.0,7599.0,130
2026-06-02T10:50:00.000Z,ES,7599.25,7600.0,7599.25,7600.0,117
2026-06-02T10:51:00.000Z,ES,7600.25,7600.25,7599.75,7600.25,89
2026-06-02T10:52:00.000Z,ES,7600.25,7600.25,7599.25,7600.0,96
2026-06-02T10:53:00.000Z,ES,7600.0,7600.5,7599.75,7600.25,122
2026-06-02T10:54:00.000Z,ES,7600.25,7600.75,7600.0,7600.5,83
2026-06-02T10:55:00.000Z,ES,7600.5,7601.0,7600.5,7600.75,138
2026-06-02T10:56:00.000Z,ES,7600.5,7600.75,7600.5,7600.75,77
2026-06-02T10:57:00.000Z,ES,7600.75,7600.75,7600.25,7600.25,88
2026-06-02T10:58:00.000Z,ES,7600.0,7600.25,7599.25,7599.25,127
2026-06-02T10:59:00.000Z,ES,7599.5,7599.75,7599.0,7599.0,315
2026-06-02T11:00:00.000Z,ES,7599.0,7599.75,7598.0,7599.0,514
2026-06-02T11:01:00.000Z,ES,7599.0,7599.0,7598.25,7598.25,137
2026-06-02T11:02:00.000Z,ES,7598.25,7598.5,7597.5,7598.5,289
2026-06-02T11:03:00.000Z,ES,7598.5,7598.5,7597.5,7598.0,174
2026-06-02T11:04:00.000Z,ES,7598.0,7598.0,7595.5,7596.0,731
2026-06-02T11:05:00.000Z,ES,7595.75,7597.0,7595.75,7596.75,219
2026-06-02T11:06:00.000Z,ES,7597.0,7597.25,7596.5,7597.0,167
2026-06-02T11:07:00.000Z,ES,7597.0,7597.5,7596.75,7597.5,119
2026-06-02T11:08:00.000Z,ES,7597.25,7597.75,7596.5,7596.5,144
2026-06-02T11:09:00.000Z,ES,7596.75,7598.0,7596.75,7598.0,168
2026-06-02T11:10:00.000Z,ES,7598.25,7598.75,7597.5,7598.25,158
2026-06-02T11:11:00.000Z,ES,7598.5,7598.5,7598.0,7598.25,111
2026-06-02T11:12:00.000Z,ES,7598.25,7601.75,7598.25,7599.25,682
2026-06-02T11:13:00.000Z,ES,7599.25,7599.25,7598.5,7598.5,141
2026-06-02T11:14:00.000Z,ES,7598.25,7598.5,7597.5,7598.5,362
2026-06-02T11:15:00.000Z,ES,7598.5,7598.75,7597.5,7597.5,158
2026-06-02T11:16:00.000Z,ES,7597.5,7598.5,7597.25,7597.5,359
2026-06-02T11:17:00.000Z,ES,7597.25,7598.0,7596.75,7597.25,400
2026-06-02T11:18:00.000Z,ES,7597.25,7598.0,7597.0,7597.5,143
2026-06-02T11:19:00.000Z,ES,7597.75,7598.0,7597.25,7597.5,143
2026-06-02T11:20:00.000Z,ES,7597.25,7597.5,7597.0,7597.25,83
2026-06-02T11:21:00.000Z,ES,7597.25,7597.5,7596.25,7596.25,128
2026-06-02T11:22:00.000Z,ES,7596.5,7597.5,7596.25,7597.0,341
2026-06-02T11:23:00.000Z,ES,7597.0,7597.25,7596.5,7596.5,158
2026-06-02T11:24:00.000Z,ES,7596.25,7597.0,7596.25,7596.5,263
2026-06-02T11:25:00.000Z,ES,7596.25,7597.0,7596.0,7597.0,162
2026-06-02T11:26:00.000Z,ES,7597.25,7597.5,7596.75,7597.5,195
2026-06-02T11:27:00.000Z,ES,7597.75,7598.25,7597.0,7598.25,169
2026-06-02T11:28:00.000Z,ES,7598.25,7598.5,7597.75,7598.0,161
2026-06-02T11:29:00.000Z,ES,7598.0,7598.5,7598.0,7598.5,233
2026-06-02T11:30:00.000Z,ES,7598.75,7600.5,7598.75,7600.25,427
2026-06-02T11:31:00.000Z,ES,7600.25,7600.75,7599.5,7600.0,280
2026-06-02T11:32:00.000Z,ES,7600.0,7600.0,7599.25,7599.5,178
2026-06-02T11:33:00.000Z,ES,7599.5,7604.5,7599.5,7601.5,1038
2026-06-02T11:34:00.000Z,ES,7601.75,7602.5,7599.0,7600.75,863
2026-06-02T11:35:00.000Z,ES,7600.5,7600.5,7599.75,7600.25,246
2026-06-02T11:36:00.000Z,ES,7600.25,7600.5,7599.75,7600.0,210
2026-06-02T11:37:00.000Z,ES,7600.0,7601.25,7600.0,7601.0,158
2026-06-02T11:38:00.000Z,ES,7601.0,7601.5,7600.75,7601.25,144
2026-06-02T11:39:00.000Z,ES,7601.0,7601.75,7601.0,7601.25,83
2026-06-02T11:40:00.000Z,ES,7601.5,7601.75,7600.75,7600.75,142
2026-06-02T11:41:00.000Z,ES,7600.5,7600.75,7599.5,7599.75,154
2026-06-02T11:42:00.000Z,ES,7599.75,7600.25,7599.5,7600.25,190
2026-06-02T11:43:00.000Z,ES,7600.25,7600.25,7600.0,7600.25,82
2026-06-02T11:44:00.000Z,ES,7600.0,7600.0,7598.5,7598.75,134
2026-06-02T11:45:00.000Z,ES,7599.0,7599.25,7598.25,7598.25,109
2026-06-02T11:46:00.000Z,ES,7598.25,7598.5,7598.0,7598.5,227
2026-06-02T11:47:00.000Z,ES,7598.5,7598.75,7597.75,7598.0,194
2026-06-02T11:48:00.000Z,ES,7598.0,7598.5,7598.0,7598.25,86
2026-06-02T11:49:00.000Z,ES,7598.25,7598.5,7598.0,7598.0,38
2026-06-02T11:50:00.000Z,ES,7598.0,7598.5,7597.5,7598.5,159
2026-06-02T11:51:00.000Z,ES,7598.5,7598.5,7597.5,7598.0,145
2026-06-02T11:52:00.000Z,ES,7598.0,7598.75,7598.0,7598.75,185
2026-06-02T11:53:00.000Z,ES,7598.5,7598.5,7598.0,7598.0,122
2026-06-02T11:54:00.000Z,ES,7598.0,7599.0,7598.0,7598.5,119
2026-06-02T11:55:00.000Z,ES,7598.5,7598.5,7597.75,7598.0,132
2026-06-02T11:56:00.000Z,ES,7598.0,7598.25,7597.0,7597.25,262
2026-06-02T11:57:00.000Z,ES,7597.0,7597.0,7596.5,7597.0,353
2026-06-02T11:58:00.000Z,ES,7597.25,7597.25,7596.75,7596.75,146
2026-06-02T11:59:00.000Z,ES,7597.0,7597.0,7596.0,7596.25,215
2026-06-02T12:00:00.000Z,ES,7596.25,7596.75,7595.5,7595.75,390
2026-06-02T12:01:00.000Z,ES,7595.5,7595.75,7595.25,7595.75,271
2026-06-02T12:02:00.000Z,ES,7595.75,7597.0,7595.5,7596.75,244
2026-06-02T12:03:00.000Z,ES,7596.25,7597.5,7596.25,7597.5,183
2026-06-02T12:04:00.000Z,ES,7597.25,7597.75,7597.0,7597.25,157
2026-06-02T12:05:00.000Z,ES,7597.25,7597.5,7597.0,7597.0,297
2026-06-02T12:06:00.000Z,ES,7597.0,7597.75,7596.5,7597.25,555
2026-06-02T12:07:00.000Z,ES,7597.5,7597.5,7596.5,7597.25,309
2026-06-02T12:08:00.000Z,ES,7597.25,7598.75,7597.25,7598.75,219
2026-06-02T12:09:00.000Z,ES,7598.75,7599.5,7598.5,7599.5,274
2026-06-02T12:10:00.000Z,ES,7599.25,7600.25,7599.25,7599.5,230
2026-06-02T12:11:00.000Z,ES,7599.5,7600.0,7598.75,7599.25,251
2026-06-02T12:12:00.000Z,ES,7599.0,7599.75,7598.75,7599.25,207
2026-06-02T12:13:00.000Z,ES,7599.25,7599.5,7598.75,7599.5,128
2026-06-02T12:14:00.000Z,ES,7599.25,7599.25,7598.0,7598.5,193
2026-06-02T12:15:00.000Z,ES,7598.25,7599.0,7598.0,7599.0,175
2026-06-02T12:16:00.000Z,ES,7599.0,7599.75,7598.75,7599.75,181
2026-06-02T12:17:00.000Z,ES,7599.75,7599.75,7597.75,7597.75,219
2026-06-02T12:18:00.000Z,ES,7597.75,7598.5,7597.5,7597.75,222
2026-06-02T12:19:00.000Z,ES,7597.5,7598.0,7597.25,7597.75,276
2026-06-02T12:20:00.000Z,ES,7598.0,7600.0,7597.5,7599.5,492
2026-06-02T12:21:00.000Z,ES,7599.5,7603.0,7599.25,7601.25,1372
2026-06-02T12:22:00.000Z,ES,7601.25,7601.75,7601.0,7601.5,286
2026-06-02T12:23:00.000Z,ES,7601.5,7602.0,7601.25,7601.25,184
2026-06-02T12:24:00.000Z,ES,7601.25,7602.25,7601.0,7602.25,241
2026-06-02T12:25:00.000Z,ES,7602.0,7602.75,7601.75,7602.0,379
2026-06-02T12:26:00.000Z,ES,7602.25,7602.25,7601.25,7602.0,148
2026-06-02T12:27:00.000Z,ES,7602.0,7602.0,7600.75,7601.0,343
2026-06-02T12:28:00.000Z,ES,7600.75,7601.0,7600.25,7601.0,158
2026-06-02T12:29:00.000Z,ES,7601.0,7602.0,7601.0,7601.25,202
2026-06-02T12:30:00.000Z,ES,7601.0,7601.5,7597.25,7598.5,1021
2026-06-02T12:31:00.000Z,ES,7598.5,7600.0,7598.25,7600.0,353
2026-06-02T12:32:00.000Z,ES,7599.75,7600.0,7599.25,7599.25,312
2026-06-02T12:33:00.000Z,ES,7599.5,7600.0,7598.5,7598.5,231
2026-06-02T12:34:00.000Z,ES,7598.75,7599.5,7598.25,7599.25,221
2026-06-02T12:35:00.000Z,ES,7599.25,7599.75,7598.75,7599.5,199
2026-06-02T12:36:00.000Z,ES,7599.75,7600.0,7597.5,7599.0,613
2026-06-02T12:37:00.000Z,ES,7598.75,7599.25,7597.5,7598.0,433
2026-06-02T12:38:00.000Z,ES,7598.25,7598.75,7597.5,7597.75,350
2026-06-02T12:39:00.000Z,ES,7598.0,7599.25,7597.75,7599.0,177
2026-06-02T12:40:00.000Z,ES,7599.0,7600.75,7599.0,7600.25,387
2026-06-02T12:41:00.000Z,ES,7600.25,7602.0,7600.25,7601.25,386
2026-06-02T12:42:00.000Z,ES,7601.25,7601.75,7599.5,7601.0,694
2026-06-02T12:43:00.000Z,ES,7601.0,7601.0,7600.5,7600.75,215
2026-06-02T12:44:00.000Z,ES,7601.0,7601.75,7600.75,7601.25,257
2026-06-02T12:45:00.000Z,ES,7601.25,7601.5,7600.25,7600.5,419
2026-06-02T12:46:00.000Z,ES,7600.75,7601.0,7600.5,7600.5,201
2026-06-02T12:47:00.000Z,ES,7600.5,7600.5,7599.5,7600.0,289
2026-06-02T12:48:00.000Z,ES,7599.75,7600.0,7598.5,7599.0,434
2026-06-02T12:49:00.000Z,ES,7599.0,7599.75,7599.0,7599.25,315
2026-06-02T12:50:00.000Z,ES,7599.25,7600.5,7599.25,7600.0,282
2026-06-02T12:51:00.000Z,ES,7599.75,7599.75,7598.75,7599.25,281
2026-06-02T12:52:00.000Z,ES,7599.0,7599.0,7596.75,7597.0,492
2026-06-02T12:53:00.000Z,ES,7597.0,7598.25,7596.5,7598.0,399
2026-06-02T12:54:00.000Z,ES,7598.0,7598.25,7597.0,7597.0,379
2026-06-02T12:55:00.000Z,ES,7597.0,7597.5,7596.75,7597.5,298
2026-06-02T12:56:00.000Z,ES,7597.5,7597.5,7596.5,7597.25,130
2026-06-02T12:57:00.000Z,ES,7597.0,7597.75,7597.0,7597.5,115
2026-06-02T12:58:00.000Z,ES,7597.5,7597.75,7596.75,7597.25,217
2026-06-02T12:59:00.000Z,ES,7597.5,7597.5,7596.5,7597.0,244
2026-06-02T13:00:00.000Z,ES,7597.0,7598.25,7596.5,7596.75,921
2026-06-02T13:01:00.000Z,ES,7597.0,7598.0,7596.5,7597.0,744
2026-06-02T13:02:00.000Z,ES,7597.0,7598.0,7596.75,7597.5,452
2026-06-02T13:03:00.000Z,ES,7597.25,7597.25,7596.0,7596.0,458
2026-06-02T13:04:00.000Z,ES,7596.0,7597.0,7595.75,7596.75,543
2026-06-02T13:05:00.000Z,ES,7596.75,7597.75,7596.5,7597.75,170
2026-06-02T13:06:00.000Z,ES,7597.75,7598.0,7596.0,7596.0,454
2026-06-02T13:07:00.000Z,ES,7596.0,7596.0,7594.0,7594.5,657
2026-06-02T13:08:00.000Z,ES,7594.25,7594.5,7587.5,7590.5,4303
2026-06-02T13:09:00.000Z,ES,7590.5,7592.25,7589.75,7591.75,2195
2026-06-02T13:10:00.000Z,ES,7591.5,7593.0,7590.75,7592.25,1145
2026-06-02T13:11:00.000Z,ES,7592.25,7593.5,7591.5,7593.25,722
2026-06-02T13:12:00.000Z,ES,7593.25,7594.25,7590.5,7591.0,1032
2026-06-02T13:13:00.000Z,ES,7591.0,7592.25,7590.25,7591.75,1117
2026-06-02T13:14:00.000Z,ES,7591.75,7592.5,7591.25,7591.75,547
2026-06-02T13:15:00.000Z,ES,7591.75,7592.5,7590.75,7591.0,598
2026-06-02T13:16:00.000Z,ES,7591.25,7592.5,7590.75,7592.5,733
2026-06-02T13:17:00.000Z,ES,7592.5,7593.5,7592.5,7593.25,529
2026-06-02T13:18:00.000Z,ES,7593.25,7593.75,7592.75,7593.25,602
2026-06-02T13:19:00.000Z,ES,7593.5,7595.25,7593.25,7594.25,937
2026-06-02T13:20:00.000Z,ES,7594.0,7595.5,7594.0,7595.5,634
2026-06-02T13:21:00.000Z,ES,7595.25,7595.5,7594.5,7594.5,590
2026-06-02T13:22:00.000Z,ES,7594.5,7597.0,7594.25,7597.0,977
2026-06-02T13:23:00.000Z,ES,7597.0,7597.5,7595.75,7596.0,692
2026-06-02T13:24:00.000Z,ES,7596.0,7597.5,7596.0,7597.5,501
2026-06-02T13:25:00.000Z,ES,7597.5,7599.0,7597.0,7598.75,1382
2026-06-02T13:26:00.000Z,ES,7598.75,7598.75,7596.5,7597.25,780
2026-06-02T13:27:00.000Z,ES,7597.25,7599.25,7597.0,7598.75,967
2026-06-02T13:28:00.000Z,ES,7598.75,7599.75,7598.0,7598.0,709
2026-06-02T13:29:00.000Z,ES,7597.75,7598.5,7595.0,7598.0,2261
2026-06-02T13:30:00.000Z,ES,7598.25,7601.0,7596.5,7599.25,13768
2026-06-02T13:31:00.000Z,ES,7599.25,7604.0,7598.75,7603.75,6031
2026-06-02T13:32:00.000Z,ES,7603.75,7605.25,7601.75,7603.0,5061
2026-06-02T13:33:00.000Z,ES,7603.0,7604.25,7601.5,7603.75,4929
2026-06-02T13:34:00.000Z,ES,7603.75,7604.75,7602.25,7602.5,3475
2026-06-02T13:35:00.000Z,ES,7602.5,7603.75,7600.25,7602.25,4622
2026-06-02T13:36:00.000Z,ES,7602.25,7603.25,7600.5,7601.5,3639
2026-06-02T13:37:00.000Z,ES,7601.5,7602.0,7599.75,7600.25,3016
2026-06-02T13:38:00.000Z,ES,7600.5,7601.75,7598.5,7600.25,3505
2026-06-02T13:39:00.000Z,ES,7600.0,7600.75,7597.5,7597.75,2741
2026-06-02T13:40:00.000Z,ES,7598.0,7598.5,7595.5,7598.25,5475
2026-06-02T13:41:00.000Z,ES,7598.25,7599.0,7595.75,7598.75,3794
2026-06-02T13:42:00.000Z,ES,7598.75,7600.25,7596.75,7600.25,2665
2026-06-02T13:43:00.000Z,ES,7600.0,7600.5,7598.0,7599.25,3280
2026-06-02T13:44:00.000Z,ES,7599.25,7601.25,7598.5,7601.0,2717
2026-06-02T13:45:00.000Z,ES,7601.25,7603.5,7600.75,7602.5,4452
2026-06-02T13:46:00.000Z,ES,7602.75,7604.5,7602.25,7604.25,2844
2026-06-02T13:47:00.000Z,ES,7604.25,7604.5,7602.0,7603.25,2501
2026-06-02T13:48:00.000Z,ES,7603.0,7603.75,7602.25,7603.5,2490
2026-06-02T13:49:00.000Z,ES,7603.75,7604.5,7603.25,7604.25,1896
2026-06-02T13:50:00.000Z,ES,7604.25,7604.25,7602.0,7604.0,3456
2026-06-02T13:51:00.000Z,ES,7603.75,7604.25,7602.75,7603.5,2140
2026-06-02T13:52:00.000Z,ES,7603.5,7604.0,7602.0,7603.25,3406
2026-06-02T13:53:00.000Z,ES,7603.25,7605.25,7602.75,7604.75,3122
2026-06-02T13:54:00.000Z,ES,7604.75,7605.25,7602.25,7602.75,2208
2026-06-02T13:55:00.000Z,ES,7603.0,7603.25,7601.5,7601.75,2668
2026-06-02T13:56:00.000Z,ES,7601.75,7603.25,7601.5,7602.75,2543
2026-06-02T13:57:00.000Z,ES,7602.75,7603.5,7601.5,7603.0,1779
2026-06-02T13:58:00.000Z,ES,7603.0,7604.5,7601.75,7603.0,2016
2026-06-02T13:59:00.000Z,ES,7603.0,7604.0,7601.5,7603.75,2049
2026-06-02T14:00:00.000Z,ES,7603.5,7604.75,7600.0,7602.25,4435
2026-06-02T14:01:00.000Z,ES,7602.25,7604.0,7601.25,7603.5,3352
2026-06-02T14:02:00.000Z,ES,7603.5,7603.75,7601.75,7602.25,2688
2026-06-02T14:03:00.000Z,ES,7602.0,7603.75,7602.0,7603.75,1897
2026-06-02T14:04:00.000Z,ES,7603.5,7605.75,7603.25,7605.5,2576
2026-06-02T14:05:00.000Z,ES,7605.5,7606.5,7603.75,7604.75,2828
2026-06-02T14:06:00.000Z,ES,7604.75,7607.0,7604.25,7605.5,2416
2026-06-02T14:07:00.000Z,ES,7605.5,7606.25,7604.5,7605.0,2334
2026-06-02T14:08:00.000Z,ES,7604.75,7606.25,7604.75,7605.25,2303
2026-06-02T14:09:00.000Z,ES,7605.25,7607.0,7605.0,7606.75,1652
2026-06-02T14:10:00.000Z,ES,7606.5,7608.5,7606.5,7608.0,2915
2026-06-02T14:11:00.000Z,ES,7607.75,7609.75,7606.5,7609.75,3599
2026-06-02T14:12:00.000Z,ES,7609.5,7610.5,7608.5,7610.5,2960
2026-06-02T14:13:00.000Z,ES,7610.25,7611.75,7610.0,7611.25,3632
2026-06-02T14:14:00.000Z,ES,7611.0,7611.0,7609.25,7609.5,3362
2026-06-02T14:15:00.000Z,ES,7609.5,7611.25,7609.0,7610.75,2632
2026-06-02T14:16:00.000Z,ES,7610.75,7611.0,7608.75,7609.0,3309
2026-06-02T14:17:00.000Z,ES,7609.0,7609.25,7607.75,7608.0,2339
2026-06-02T14:18:00.000Z,ES,7608.0,7610.0,7607.75,7609.75,2719
2026-06-02T14:19:00.000Z,ES,7609.75,7611.0,7609.25,7610.75,3124
2026-06-02T14:20:00.000Z,ES,7610.75,7612.5,7610.25,7610.75,3714
2026-06-02T14:21:00.000Z,ES,7610.75,7611.25,7608.25,7608.75,3573
2026-06-02T14:22:00.000Z,ES,7608.75,7609.75,7606.75,7607.25,2845
2026-06-02T14:23:00.000Z,ES,7607.5,7609.0,7607.25,7607.5,2594
2026-06-02T14:24:00.000Z,ES,7607.5,7608.25,7606.75,7608.0,2765
2026-06-02T14:25:00.000Z,ES,7607.75,7610.5,7606.5,7606.5,4070
2026-06-02T14:26:00.000Z,ES,7606.75,7607.25,7604.75,7605.25,3390
2026-06-02T14:27:00.000Z,ES,7605.0,7605.25,7603.25,7604.0,4538
2026-06-02T14:28:00.000Z,ES,7604.0,7605.25,7603.0,7604.75,3170
2026-06-02T14:29:00.000Z,ES,7605.0,7606.5,7603.75,7604.75,3080
2026-06-02T14:30:00.000Z,ES,7605.0,7607.75,7604.75,7607.0,3785
2026-06-02T14:31:00.000Z,ES,7607.0,7610.0,7606.75,7609.0,2807
2026-06-02T14:32:00.000Z,ES,7609.25,7610.75,7607.75,7610.25,2486
2026-06-02T14:33:00.000Z,ES,7610.25,7612.5,7610.0,7612.25,2553
2026-06-02T14:34:00.000Z,ES,7612.5,7613.25,7611.5,7613.0,2560
2026-06-02T14:35:00.000Z,ES,7613.25,7614.25,7612.25,7614.25,2912
2026-06-02T14:36:00.000Z,ES,7614.25,7615.25,7612.75,7615.0,2914
2026-06-02T14:37:00.000Z,ES,7615.25,7616.0,7613.25,7614.0,2984
2026-06-02T14:38:00.000Z,ES,7613.75,7614.5,7613.0,7614.0,1689
2026-06-02T14:39:00.000Z,ES,7614.25,7614.25,7612.5,7613.0,2012
2026-06-02T14:40:00.000Z,ES,7613.0,7613.5,7611.75,7612.75,1984
2026-06-02T14:41:00.000Z,ES,7612.5,7614.0,7612.0,7613.75,1668
2026-06-02T14:42:00.000Z,ES,7613.75,7614.25,7612.5,7613.5,2309
2026-06-02T14:43:00.000Z,ES,7613.25,7616.25,7612.75,7615.75,2266
2026-06-02T14:44:00.000Z,ES,7615.5,7617.25,7615.25,7617.0,2404
2026-06-02T14:45:00.000Z,ES,7616.75,7617.5,7616.25,7616.75,2603
2026-06-02T14:46:00.000Z,ES,7616.75,7618.0,7616.0,7617.25,2327
2026-06-02T14:47:00.000Z,ES,7617.25,7619.25,7616.25,7618.0,2520
2026-06-02T14:48:00.000Z,ES,7617.75,7618.75,7617.25,7618.25,1834
2026-06-02T14:49:00.000Z,ES,7618.25,7620.75,7618.0,7620.5,3085
2026-06-02T14:50:00.000Z,ES,7620.75,7621.75,7620.0,7621.0,2743
2026-06-02T14:51:00.000Z,ES,7621.0,7622.25,7620.25,7621.75,2550
2026-06-02T14:52:00.000Z,ES,7621.75,7622.75,7620.75,7622.25,1764
2026-06-02T14:53:00.000Z,ES,7622.25,7624.0,7622.25,7622.5,3674
2026-06-02T14:54:00.000Z,ES,7622.5,7623.5,7622.25,7623.25,1962
2026-06-02T14:55:00.000Z,ES,7623.5,7623.5,7622.0,7622.25,1745
2026-06-02T14:56:00.000Z,ES,7622.25,7623.0,7621.5,7622.5,1927
2026-06-02T14:57:00.000Z,ES,7622.5,7624.5,7622.25,7624.5,2328
2026-06-02T14:58:00.000Z,ES,7624.5,7625.0,7623.5,7624.0,3394
2026-06-02T14:59:00.000Z,ES,7624.25,7625.25,7623.75,7625.25,2085
2026-06-02T15:00:00.000Z,ES,7625.25,7625.75,7623.5,7624.5,3568
2026-06-02T15:01:00.000Z,ES,7624.5,7625.75,7624.0,7624.75,2066
2026-06-02T15:02:00.000Z,ES,7624.75,7625.25,7624.0,7625.25,1765
2026-06-02T15:03:00.000Z,ES,7625.0,7625.25,7622.0,7622.75,2851
2026-06-02T15:04:00.000Z,ES,7622.75,7623.25,7622.0,7622.5,2228
2026-06-02T15:05:00.000Z,ES,7622.75,7624.5,7621.75,7624.25,2847
2026-06-02T15:06:00.000Z,ES,7624.25,7626.75,7623.25,7626.5,2873
2026-06-02T15:07:00.000Z,ES,7626.75,7629.0,7626.25,7628.5,4204
2026-06-02T15:08:00.000Z,ES,7628.5,7629.25,7627.75,7629.25,2449
2026-06-02T15:09:00.000Z,ES,7629.25,7629.5,7628.25,7629.0,2458
2026-06-02T15:10:00.000Z,ES,7629.25,7630.25,7627.5,7627.75,5641
2026-06-02T15:11:00.000Z,ES,7628.0,7628.75,7627.5,7627.75,2517
2026-06-02T15:12:00.000Z,ES,7627.75,7627.75,7626.25,7626.5,2287
2026-06-02T15:13:00.000Z,ES,7626.75,7627.5,7626.5,7627.25,1798
2026-06-02T15:14:00.000Z,ES,7627.0,7628.0,7626.75,7628.0,1490
2026-06-02T15:15:00.000Z,ES,7628.0,7628.75,7627.5,7628.5,1850
2026-06-02T15:16:00.000Z,ES,7628.5,7630.0,7628.25,7628.5,2454
2026-06-02T15:17:00.000Z,ES,7628.75,7629.25,7627.75,7628.5,1413
2026-06-02T15:18:00.000Z,ES,7628.5,7629.25,7628.0,7628.75,1342
2026-06-02T15:19:00.000Z,ES,7628.75,7629.75,7628.5,7629.5,1537
2026-06-02T15:20:00.000Z,ES,7629.5,7631.0,7628.75,7630.5,2161
2026-06-02T15:21:00.000Z,ES,7630.5,7631.5,7630.25,7631.0,2318
2026-06-02T15:22:00.000Z,ES,7631.0,7632.0,7630.75,7631.5,2571
2026-06-02T15:23:00.000Z,ES,7631.5,7631.5,7629.75,7630.0,2302
2026-06-02T15:24:00.000Z,ES,7630.25,7630.25,7628.75,7630.25,2508
2026-06-02T15:25:00.000Z,ES,7630.25,7631.0,7628.0,7629.5,2915
2026-06-02T15:26:00.000Z,ES,7629.5,7629.5,7627.75,7628.25,2233
2026-06-02T15:27:00.000Z,ES,7628.25,7628.25,7626.75,7627.5,2134
2026-06-02T15:28:00.000Z,ES,7627.5,7628.5,7626.5,7627.75,2521
2026-06-02T15:29:00.000Z,ES,7628.0,7628.0,7626.75,7627.0,1714
2026-06-02T15:30:00.000Z,ES,7626.75,7627.25,7625.0,7625.5,3070
2026-06-02T15:31:00.000Z,ES,7625.5,7626.5,7625.0,7626.0,2067
2026-06-02T15:32:00.000Z,ES,7625.75,7626.0,7624.75,7626.0,3426
2026-06-02T15:33:00.000Z,ES,7625.75,7626.75,7625.5,7625.5,2118
2026-06-02T15:34:00.000Z,ES,7625.5,7626.25,7624.75,7626.0,2276
2026-06-02T15:35:00.000Z,ES,7626.0,7627.75,7625.25,7627.5,2508
2026-06-02T15:36:00.000Z,ES,7627.5,7628.5,7626.75,7627.0,1901
2026-06-02T15:37:00.000Z,ES,7627.0,7627.0,7626.25,7626.5,1885
2026-06-02T15:38:00.000Z,ES,7626.5,7628.25,7626.5,7627.75,1250
2026-06-02T15:39:00.000Z,ES,7627.75,7627.75,7625.25,7625.75,1453
2026-06-02T15:40:00.000Z,ES,7625.75,7626.25,7624.75,7625.5,3320
2026-06-02T15:41:00.000Z,ES,7625.5,7625.75,7623.75,7624.25,1597
2026-06-02T15:42:00.000Z,ES,7624.25,7625.5,7624.0,7625.25,1335
2026-06-02T15:43:00.000Z,ES,7625.25,7626.0,7624.75,7624.75,1079
2026-06-02T15:44:00.000Z,ES,7624.75,7625.75,7624.0,7624.75,1242
2026-06-02T15:45:00.000Z,ES,7624.75,7624.75,7623.5,7624.75,1629
2026-06-02T15:46:00.000Z,ES,7624.5,7627.25,7624.25,7626.5,1652
2026-06-02T15:47:00.000Z,ES,7626.75,7626.75,7625.75,7626.5,1197
2026-06-02T15:48:00.000Z,ES,7626.5,7626.75,7624.25,7624.75,1763
2026-06-02T15:49:00.000Z,ES,7624.75,7627.0,7624.75,7625.25,1627
2026-06-02T15:50:00.000Z,ES,7625.25,7626.0,7624.0,7625.0,1404
2026-06-02T15:51:00.000Z,ES,7625.0,7626.25,7625.0,7625.5,959
2026-06-02T15:52:00.000Z,ES,7625.5,7625.75,7624.25,7625.25,1413
2026-06-02T15:53:00.000Z,ES,7625.25,7626.0,7624.5,7624.5,747
2026-06-02T15:54:00.000Z,ES,7624.5,7625.0,7623.5,7624.75,1233
2026-06-02T15:55:00.000Z,ES,7624.75,7625.75,7624.25,7625.25,983
2026-06-02T15:56:00.000Z,ES,7625.0,7626.5,7625.0,7625.75,1497
2026-06-02T15:57:00.000Z,ES,7625.5,7625.75,7623.75,7624.0,1435
2026-06-02T15:58:00.000Z,ES,7624.0,7625.5,7624.0,7625.5,740
2026-06-02T15:59:00.000Z,ES,7625.25,7625.75,7624.5,7624.75,856
2026-06-02T16:00:00.000Z,ES,7624.75,7625.25,7623.5,7624.75,1805
2026-06-02T16:01:00.000Z,ES,7624.5,7624.75,7622.75,7623.0,1652
2026-06-02T16:02:00.000Z,ES,7623.25,7623.5,7622.25,7622.5,1786
2026-06-02T16:03:00.000Z,ES,7622.5,7622.75,7621.75,7622.5,1690
2026-06-02T16:04:00.000Z,ES,7622.5,7623.25,7621.75,7623.0,1221
2026-06-02T16:05:00.000Z,ES,7623.0,7624.5,7623.0,7624.0,1369
2026-06-02T16:06:00.000Z,ES,7624.0,7625.25,7623.75,7624.0,1154
2026-06-02T16:07:00.000Z,ES,7624.0,7626.5,7622.75,7625.75,4519
2026-06-02T16:08:00.000Z,ES,7625.75,7626.25,7625.0,7625.25,1759
2026-06-02T16:09:00.000Z,ES,7625.25,7625.25,7624.0,7625.25,1679
2026-06-02T16:10:00.000Z,ES,7625.0,7626.0,7624.25,7624.5,1255
2026-06-02T16:11:00.000Z,ES,7624.5,7627.0,7624.5,7627.0,1232
2026-06-02T16:12:00.000Z,ES,7627.0,7627.0,7625.5,7626.0,950
2026-06-02T16:13:00.000Z,ES,7626.25,7627.75,7626.0,7627.75,1299
2026-06-02T16:14:00.000Z,ES,7627.5,7627.75,7625.75,7626.75,1834
2026-06-02T16:15:00.000Z,ES,7626.5,7626.75,7625.25,7625.5,1397
2026-06-02T16:16:00.000Z,ES,7625.5,7625.75,7625.0,7625.75,1244
2026-06-02T16:17:00.000Z,ES,7625.5,7626.25,7624.5,7624.75,1071
2026-06-02T16:18:00.000Z,ES,7624.75,7625.0,7622.75,7623.0,2122
2026-06-02T16:19:00.000Z,ES,7622.75,7623.5,7622.75,7623.25,1321
2026-06-02T16:20:00.000Z,ES,7623.0,7623.75,7621.75,7622.25,1333
2026-06-02T16:21:00.000Z,ES,7622.25,7622.5,7620.0,7621.25,3171
2026-06-02T16:22:00.000Z,ES,7621.25,7622.25,7620.75,7622.0,1537
2026-06-02T16:23:00.000Z,ES,7621.75,7622.75,7621.25,7622.25,1262
2026-06-02T16:24:00.000Z,ES,7622.25,7624.0,7621.75,7623.25,1701
2026-06-02T16:25:00.000Z,ES,7623.25,7623.5,7621.25,7622.0,1199
2026-06-02T16:26:00.000Z,ES,7621.75,7622.25,7620.5,7621.0,1199
2026-06-02T16:27:00.000Z,ES,7620.75,7621.5,7620.5,7620.75,1139
2026-06-02T16:28:00.000Z,ES,7620.75,7621.5,7620.5,7621.5,758
2026-06-02T16:29:00.000Z,ES,7621.25,7621.75,7620.5,7621.25,876
2026-06-02T16:30:00.000Z,ES,7621.25,7622.25,7620.5,7622.25,1759
2026-06-02T16:31:00.000Z,ES,7622.0,7622.75,7621.25,7622.75,1151
2026-06-02T16:32:00.000Z,ES,7622.75,7622.75,7621.75,7622.25,845
2026-06-02T16:33:00.000Z,ES,7622.25,7623.25,7621.75,7622.25,754
2026-06-02T16:34:00.000Z,ES,7622.0,7622.25,7620.0,7620.25,1498
2026-06-02T16:35:00.000Z,ES,7620.25,7620.75,7619.25,7619.75,2526
2026-06-02T16:36:00.000Z,ES,7619.75,7620.0,7618.75,7619.5,2030
2026-06-02T16:37:00.000Z,ES,7619.5,7620.0,7619.0,7620.0,1106
2026-06-02T16:38:00.000Z,ES,7619.75,7621.25,7619.25,7621.0,1235
2026-06-02T16:39:00.000Z,ES,7620.75,7621.25,7620.0,7620.25,828
2026-06-02T16:40:00.000Z,ES,7620.0,7621.75,7620.0,7621.25,1029
2026-06-02T16:41:00.000Z,ES,7621.5,7622.25,7621.0,7621.5,967
2026-06-02T16:42:00.000Z,ES,7621.75,7622.25,7621.0,7621.5,1115
2026-06-02T16:43:00.000Z,ES,7621.5,7622.0,7621.0,7621.5,633
2026-06-02T16:44:00.000Z,ES,7621.5,7622.25,7620.75,7620.75,1479
2026-06-02T16:45:00.000Z,ES,7621.0,7621.75,7620.5,7620.5,967
2026-06-02T16:46:00.000Z,ES,7620.5,7621.5,7620.5,7621.0,673
2026-06-02T16:47:00.000Z,ES,7621.25,7622.5,7621.0,7621.25,1011
2026-06-02T16:48:00.000Z,ES,7621.25,7624.25,7621.0,7624.0,1450
2026-06-02T16:49:00.000Z,ES,7624.25,7624.75,7623.75,7624.5,1207
2026-06-02T16:50:00.000Z,ES,7624.5,7626.25,7624.5,7625.75,1749
2026-06-02T16:51:00.000Z,ES,7625.75,7626.0,7625.0,7625.5,1204
2026-06-02T16:52:00.000Z,ES,7625.25,7626.0,7624.5,7624.5,1247
2026-06-02T16:53:00.000Z,ES,7624.5,7625.25,7624.0,7624.5,1050
2026-06-02T16:54:00.000Z,ES,7624.5,7624.75,7624.25,7624.25,475
2026-06-02T16:55:00.000Z,ES,7624.5,7625.25,7624.0,7624.75,628
2026-06-02T16:56:00.000Z,ES,7625.0,7626.0,7624.75,7625.5,532
2026-06-02T16:57:00.000Z,ES,7625.75,7627.0,7625.25,7627.0,1575
2026-06-02T16:58:00.000Z,ES,7627.0,7627.25,7626.0,7626.75,1412
2026-06-02T16:59:00.000Z,ES,7626.75,7627.25,7626.25,7626.5,1807
2026-06-02T17:00:00.000Z,ES,7626.5,7627.0,7624.75,7626.0,2067
2026-06-02T17:01:00.000Z,ES,7626.0,7627.0,7625.75,7626.5,1064
2026-06-02T17:02:00.000Z,ES,7626.5,7627.0,7626.25,7626.5,738
2026-06-02T17:03:00.000Z,ES,7626.5,7627.0,7626.25,7626.25,984
2026-06-02T17:04:00.000Z,ES,7626.5,7627.0,7625.75,7626.75,898
2026-06-02T17:05:00.000Z,ES,7626.75,7627.5,7626.5,7627.0,772
2026-06-02T17:06:00.000Z,ES,7627.25,7627.25,7625.0,7625.0,1028
2026-06-02T17:07:00.000Z,ES,7625.0,7626.0,7624.5,7624.75,989
2026-06-02T17:08:00.000Z,ES,7624.75,7627.0,7624.0,7626.25,2881
2026-06-02T17:09:00.000Z,ES,7626.0,7626.0,7625.0,7625.5,896
2026-06-02T17:10:00.000Z,ES,7625.25,7625.5,7624.25,7624.5,1013
2026-06-02T17:11:00.000Z,ES,7624.5,7625.25,7623.75,7625.0,749
2026-06-02T17:12:00.000Z,ES,7625.0,7625.5,7624.25,7625.0,677
2026-06-02T17:13:00.000Z,ES,7625.0,7626.25,7624.5,7626.0,751
2026-06-02T17:14:00.000Z,ES,7626.0,7626.75,7625.75,7626.75,756
2026-06-02T17:15:00.000Z,ES,7626.75,7626.75,7624.5,7624.5,1124
2026-06-02T17:16:00.000Z,ES,7624.75,7624.75,7621.75,7622.5,2914
2026-06-02T17:17:00.000Z,ES,7622.5,7623.25,7621.75,7621.75,2216
2026-06-02T17:18:00.000Z,ES,7621.75,7622.25,7621.25,7621.25,1652
2026-06-02T17:19:00.000Z,ES,7621.25,7622.0,7620.5,7621.75,1468
2026-06-02T17:20:00.000Z,ES,7621.5,7622.5,7620.75,7622.25,1301
2026-06-02T17:21:00.000Z,ES,7622.25,7622.75,7621.5,7621.5,885
2026-06-02T17:22:00.000Z,ES,7621.75,7623.0,7621.25,7622.0,1125
2026-06-02T17:23:00.000Z,ES,7621.75,7621.75,7619.0,7619.25,2213
2026-06-02T17:24:00.000Z,ES,7619.25,7620.25,7618.75,7619.25,3367
2026-06-02T17:25:00.000Z,ES,7619.5,7619.5,7617.75,7618.5,2213
2026-06-02T17:26:00.000Z,ES,7618.5,7619.25,7617.75,7618.0,1547
2026-06-02T17:27:00.000Z,ES,7618.0,7618.75,7617.0,7617.5,1569
2026-06-02T17:28:00.000Z,ES,7617.75,7618.0,7617.0,7617.75,1253
2026-06-02T17:29:00.000Z,ES,7617.75,7618.75,7617.25,7618.0,1305
2026-06-02T17:30:00.000Z,ES,7618.0,7619.25,7618.0,7619.0,1487
2026-06-02T17:31:00.000Z,ES,7619.0,7619.75,7618.0,7618.75,1728
2026-06-02T17:32:00.000Z,ES,7618.75,7620.25,7617.5,7619.75,1643
2026-06-02T17:33:00.000Z,ES,7620.0,7621.25,7618.5,7618.5,1677
2026-06-02T17:34:00.000Z,ES,7618.5,7619.25,7618.25,7618.25,864
2026-06-02T17:35:00.000Z,ES,7618.25,7619.0,7617.75,7618.5,1427
2026-06-02T17:36:00.000Z,ES,7618.5,7618.5,7617.0,7617.5,1220
2026-06-02T17:37:00.000Z,ES,7617.5,7618.0,7617.25,7617.5,1070
2026-06-02T17:38:00.000Z,ES,7617.25,7617.25,7615.75,7616.25,1918
2026-06-02T17:39:00.000Z,ES,7616.25,7616.5,7615.75,7615.75,1466
2026-06-02T17:40:00.000Z,ES,7615.75,7617.5,7615.5,7616.5,1268
2026-06-02T17:41:00.000Z,ES,7616.75,7619.0,7616.75,7619.0,1207
2026-06-02T17:42:00.000Z,ES,7618.75,7619.75,7618.5,7618.75,1676
2026-06-02T17:43:00.000Z,ES,7618.75,7620.0,7618.5,7618.75,911
2026-06-02T17:44:00.000Z,ES,7619.0,7619.0,7617.75,7618.75,864
2026-06-02T17:45:00.000Z,ES,7618.75,7619.5,7618.25,7618.25,827
2026-06-02T17:46:00.000Z,ES,7618.25,7620.0,7618.25,7619.75,799
2026-06-02T17:47:00.000Z,ES,7619.5,7620.25,7619.25,7619.5,1068
2026-06-02T17:48:00.000Z,ES,7619.5,7620.5,7619.25,7620.25,792
2026-06-02T17:49:00.000Z,ES,7620.5,7620.5,7619.5,7620.25,1195
2026-06-02T17:50:00.000Z,ES,7620.25,7621.0,7619.5,7620.25,1010
2026-06-02T17:51:00.000Z,ES,7620.25,7621.0,7619.75,7620.0,1208
2026-06-02T17:52:00.000Z,ES,7620.0,7620.5,7619.25,7620.0,881
2026-06-02T17:53:00.000Z,ES,7620.25,7620.25,7619.0,7620.0,650
2026-06-02T17:54:00.000Z,ES,7620.0,7620.5,7618.75,7619.0,1108
2026-06-02T17:55:00.000Z,ES,7619.0,7619.0,7617.5,7617.75,1040
2026-06-02T17:56:00.000Z,ES,7617.75,7619.0,7617.75,7617.75,806
2026-06-02T17:57:00.000Z,ES,7617.75,7618.0,7616.75,7617.0,988
2026-06-02T17:58:00.000Z,ES,7617.25,7617.5,7616.25,7617.0,872
2026-06-02T17:59:00.000Z,ES,7617.0,7617.5,7616.5,7616.5,712
2026-06-02T18:00:00.000Z,ES,7616.75,7617.25,7616.0,7617.25,1405
2026-06-02T18:01:00.000Z,ES,7617.25,7618.0,7616.75,7617.0,1621
2026-06-02T18:02:00.000Z,ES,7617.25,7617.5,7616.5,7617.25,1158
2026-06-02T18:03:00.000Z,ES,7617.25,7618.5,7617.0,7617.25,947
2026-06-02T18:04:00.000Z,ES,7617.0,7617.25,7616.5,7617.0,730
2026-06-02T18:05:00.000Z,ES,7616.75,7618.75,7616.75,7618.0,1218
2026-06-02T18:06:00.000Z,ES,7617.75,7619.0,7617.5,7617.5,833
2026-06-02T18:07:00.000Z,ES,7617.5,7619.25,7617.25,7619.0,891
2026-06-02T18:08:00.000Z,ES,7619.25,7619.75,7618.5,7619.5,863
2026-06-02T18:09:00.000Z,ES,7619.25,7619.75,7619.0,7619.5,648
2026-06-02T18:10:00.000Z,ES,7619.5,7619.75,7619.0,7619.0,894
2026-06-02T18:11:00.000Z,ES,7619.0,7619.5,7618.5,7619.25,924
2026-06-02T18:12:00.000Z,ES,7619.25,7621.25,7618.5,7618.75,3234
2026-06-02T18:13:00.000Z,ES,7619.0,7619.25,7618.25,7619.0,892
2026-06-02T18:14:00.000Z,ES,7619.0,7619.0,7618.0,7618.5,608
2026-06-02T18:15:00.000Z,ES,7618.25,7618.75,7616.75,7616.75,1110
2026-06-02T18:16:00.000Z,ES,7617.0,7617.5,7616.5,7616.75,1095
2026-06-02T18:17:00.000Z,ES,7616.75,7617.75,7616.5,7617.0,890
2026-06-02T18:18:00.000Z,ES,7617.0,7618.25,7616.5,7617.25,767
2026-06-02T18:19:00.000Z,ES,7617.5,7617.75,7617.0,7617.25,884
2026-06-02T18:20:00.000Z,ES,7617.25,7617.5,7616.5,7616.75,647
2026-06-02T18:21:00.000Z,ES,7616.75,7617.5,7616.5,7617.0,890
2026-06-02T18:22:00.000Z,ES,7617.0,7617.75,7616.75,7617.75,783
2026-06-02T18:23:00.000Z,ES,7617.5,7619.0,7617.5,7618.5,1286
2026-06-02T18:24:00.000Z,ES,7618.5,7618.5,7617.5,7617.75,1028
2026-06-02T18:25:00.000Z,ES,7618.0,7618.75,7617.5,7618.75,933
2026-06-02T18:26:00.000Z,ES,7618.5,7618.75,7617.75,7618.0,908
2026-06-02T18:27:00.000Z,ES,7618.0,7618.5,7617.5,7617.75,764
2026-06-02T18:28:00.000Z,ES,7618.0,7618.0,7616.75,7617.0,1372
2026-06-02T18:29:00.000Z,ES,7617.0,7617.75,7616.75,7617.5,862
2026-06-02T18:30:00.000Z,ES,7617.5,7619.0,7617.25,7618.75,1166
2026-06-02T18:31:00.000Z,ES,7618.75,7620.25,7618.75,7620.0,1449
2026-06-02T18:32:00.000Z,ES,7620.0,7620.25,7619.0,7619.0,1024
2026-06-02T18:33:00.000Z,ES,7619.0,7620.0,7619.0,7619.0,495
2026-06-02T18:34:00.000Z,ES,7619.0,7619.5,7618.25,7618.25,936
2026-06-02T18:35:00.000Z,ES,7618.25,7618.25,7616.75,7617.25,1641
2026-06-02T18:36:00.000Z,ES,7617.25,7618.0,7617.25,7617.75,638
2026-06-02T18:37:00.000Z,ES,7617.75,7617.75,7616.0,7616.0,1139
2026-06-02T18:38:00.000Z,ES,7616.25,7616.5,7614.75,7615.5,2696
2026-06-02T18:39:00.000Z,ES,7615.5,7616.0,7615.0,7615.25,1328
2026-06-02T18:40:00.000Z,ES,7615.0,7615.5,7614.25,7615.5,2318
2026-06-02T18:41:00.000Z,ES,7615.5,7616.5,7615.0,7615.25,1469
2026-06-02T18:42:00.000Z,ES,7615.0,7616.25,7615.0,7615.75,939
2026-06-02T18:43:00.000Z,ES,7615.75,7617.0,7615.75,7616.75,1073
2026-06-02T18:44:00.000Z,ES,7617.0,7617.0,7616.0,7616.25,772
2026-06-02T18:45:00.000Z,ES,7616.5,7616.75,7615.75,7616.25,932
2026-06-02T18:46:00.000Z,ES,7616.25,7616.75,7616.0,7616.25,666
2026-06-02T18:47:00.000Z,ES,7616.25,7617.75,7616.25,7617.5,1034
2026-06-02T18:48:00.000Z,ES,7617.75,7618.0,7617.0,7617.5,900
2026-06-02T18:49:00.000Z,ES,7617.5,7618.25,7617.25,7618.0,960
2026-06-02T18:50:00.000Z,ES,7618.0,7619.0,7617.5,7618.25,1629
2026-06-02T18:51:00.000Z,ES,7618.5,7618.5,7616.75,7616.75,964
2026-06-02T18:52:00.000Z,ES,7616.75,7617.25,7616.5,7616.75,1098
2026-06-02T18:53:00.000Z,ES,7616.75,7618.0,7616.75,7617.0,855
2026-06-02T18:54:00.000Z,ES,7617.25,7618.25,7616.75,7617.75,840
2026-06-02T18:55:00.000Z,ES,7617.5,7618.0,7617.25,7617.75,903
2026-06-02T18:56:00.000Z,ES,7617.75,7619.25,7617.25,7619.25,1299
2026-06-02T18:57:00.000Z,ES,7619.25,7619.75,7618.75,7619.25,1841
2026-06-02T18:58:00.000Z,ES,7619.5,7619.75,7618.5,7619.5,934
2026-06-02T18:59:00.000Z,ES,7619.75,7619.75,7618.5,7619.0,1145
2026-06-02T19:00:00.000Z,ES,7619.0,7620.5,7618.75,7619.75,1489
2026-06-02T19:01:00.000Z,ES,7619.75,7621.0,7619.25,7620.5,1454
2026-06-02T19:02:00.000Z,ES,7620.75,7621.5,7620.25,7621.25,1530
2026-06-02T19:03:00.000Z,ES,7621.5,7622.25,7621.25,7621.5,1563
2026-06-02T19:04:00.000Z,ES,7621.75,7622.0,7621.25,7621.75,1108
2026-06-02T19:05:00.000Z,ES,7621.75,7622.25,7621.5,7622.0,1326
2026-06-02T19:06:00.000Z,ES,7622.0,7622.25,7621.0,7621.25,1060
2026-06-02T19:07:00.000Z,ES,7621.25,7622.25,7621.25,7621.75,1003
2026-06-02T19:08:00.000Z,ES,7621.75,7622.0,7620.5,7622.0,1050
2026-06-02T19:09:00.000Z,ES,7621.75,7622.25,7621.75,7622.0,1207
2026-06-02T19:10:00.000Z,ES,7622.0,7622.5,7621.5,7622.0,1269
2026-06-02T19:11:00.000Z,ES,7622.0,7622.75,7621.75,7622.5,1125
2026-06-02T19:12:00.000Z,ES,7622.25,7622.25,7621.25,7621.75,1111
2026-06-02T19:13:00.000Z,ES,7621.75,7622.0,7621.25,7621.75,730
2026-06-02T19:14:00.000Z,ES,7622.0,7622.0,7620.25,7620.5,1453
2026-06-02T19:15:00.000Z,ES,7620.5,7621.5,7620.25,7621.25,1434
2026-06-02T19:16:00.000Z,ES,7621.25,7622.0,7621.0,7621.5,1037
2026-06-02T19:17:00.000Z,ES,7621.5,7621.75,7620.75,7621.0,710
2026-06-02T19:18:00.000Z,ES,7621.0,7621.25,7620.5,7620.75,840
2026-06-02T19:19:00.000Z,ES,7620.5,7621.75,7620.0,7621.25,1113
2026-06-02T19:20:00.000Z,ES,7621.25,7622.0,7621.0,7621.75,719
2026-06-02T19:21:00.000Z,ES,7621.5,7622.25,7621.5,7622.0,982
2026-06-02T19:22:00.000Z,ES,7621.75,7623.25,7621.75,7622.75,1628
2026-06-02T19:23:00.000Z,ES,7622.75,7623.5,7622.25,7623.5,1353
2026-06-02T19:24:00.000Z,ES,7623.25,7623.5,7622.5,7623.5,1109
2026-06-02T19:25:00.000Z,ES,7623.5,7623.75,7622.75,7623.0,1321
2026-06-02T19:26:00.000Z,ES,7623.0,7623.5,7622.5,7622.75,771
2026-06-02T19:27:00.000Z,ES,7623.0,7623.25,7621.5,7621.75,1342
2026-06-02T19:28:00.000Z,ES,7621.75,7622.25,7621.0,7621.25,1781
2026-06-02T19:29:00.000Z,ES,7621.5,7621.75,7620.75,7621.5,1381
2026-06-02T19:30:00.000Z,ES,7621.5,7622.5,7621.0,7622.25,1253
2026-06-02T19:31:00.000Z,ES,7622.0,7623.0,7621.75,7622.0,1511
2026-06-02T19:32:00.000Z,ES,7622.0,7622.5,7621.25,7621.75,740
2026-06-02T19:33:00.000Z,ES,7621.75,7622.5,7621.25,7622.5,827
2026-06-02T19:34:00.000Z,ES,7622.5,7623.0,7622.25,7622.75,1172
2026-06-02T19:35:00.000Z,ES,7622.75,7623.0,7622.0,7622.5,837
2026-06-02T19:36:00.000Z,ES,7622.5,7623.0,7622.25,7622.75,792
2026-06-02T19:37:00.000Z,ES,7622.75,7623.0,7621.75,7622.25,1027
2026-06-02T19:38:00.000Z,ES,7622.25,7622.25,7621.25,7622.0,833
2026-06-02T19:39:00.000Z,ES,7622.0,7622.0,7621.25,7621.5,769
2026-06-02T19:40:00.000Z,ES,7621.5,7622.0,7621.5,7621.5,872
2026-06-02T19:41:00.000Z,ES,7621.75,7621.75,7620.75,7621.25,777
2026-06-02T19:42:00.000Z,ES,7621.5,7622.25,7620.75,7621.75,0
