ts,symbol,open,high,low,close,volume
2026-06-05T04:00:00.000Z,GC,4468.7001953125,4469.5,4468.7001953125,4468.7998046875,0
2026-06-05T04:01:00.000Z,GC,4469.2001953125,4469.39990234375,4468.7001953125,4469.2001953125,15
2026-06-05T04:02:00.000Z,GC,4468.5,4470.7001953125,4468.0,4470.2998046875,59
2026-06-05T04:03:00.000Z,GC,4470.10009765625,4470.10009765625,4469.0,4469.60009765625,21
2026-06-05T04:04:00.000Z,GC,4468.60009765625,4468.7998046875,4467.2998046875,4468.7001953125,42
2026-06-05T04:05:00.000Z,GC,4468.60009765625,4469.89990234375,4468.60009765625,4469.39990234375,10
2026-06-05T04:06:00.000Z,GC,4469.2998046875,4469.7001953125,4468.89990234375,4469.5,10
2026-06-05T04:07:00.000Z,GC,4469.2001953125,4469.60009765625,4468.7998046875,4468.7998046875,17
2026-06-05T04:08:00.000Z,GC,4468.60009765625,4468.7998046875,4465.89990234375,4466.7998046875,37
2026-06-05T04:09:00.000Z,GC,4466.7001953125,4467.10009765625,4466.60009765625,4467.0,15
2026-06-05T04:10:00.000Z,GC,4466.7998046875,4467.39990234375,4466.0,4466.0,17
2026-06-05T04:11:00.000Z,GC,4466.0,4466.39990234375,4465.60009765625,4466.0,24
2026-06-05T04:12:00.000Z,GC,4466.10009765625,4466.7998046875,4465.2998046875,4465.39990234375,43
2026-06-05T04:13:00.000Z,GC,4465.7001953125,4465.7001953125,4464.60009765625,4465.2998046875,28
2026-06-05T04:14:00.000Z,GC,4464.7998046875,4467.7998046875,4464.7998046875,4467.60009765625,71
2026-06-05T04:15:00.000Z,GC,4467.60009765625,4468.0,4466.7001953125,4467.2998046875,73
2026-06-05T04:16:00.000Z,GC,4467.2001953125,4468.89990234375,4467.10009765625,4468.10009765625,79
2026-06-05T04:17:00.000Z,GC,4468.10009765625,4469.7998046875,4468.10009765625,4469.7998046875,43
2026-06-05T04:18:00.000Z,GC,4469.7998046875,4469.7998046875,4466.89990234375,4466.89990234375,101
2026-06-05T04:19:00.000Z,GC,4466.7001953125,4467.10009765625,4465.0,4465.39990234375,63
2026-06-05T04:20:00.000Z,GC,4465.2001953125,4466.2998046875,4465.2001953125,4466.2001953125,88
2026-06-05T04:21:00.000Z,GC,4466.10009765625,4467.89990234375,4465.89990234375,4467.60009765625,56
2026-06-05T04:22:00.000Z,GC,4467.39990234375,4467.5,4466.39990234375,4466.5,24
2026-06-05T04:23:00.000Z,GC,4466.0,4466.7001953125,4465.7998046875,4466.2001953125,31
2026-06-05T04:24:00.000Z,GC,4466.0,4466.2998046875,4465.2998046875,4465.7998046875,38
2026-06-05T04:25:00.000Z,GC,4466.10009765625,4468.10009765625,4466.10009765625,4468.10009765625,42
2026-06-05T04:26:00.000Z,GC,4468.39990234375,4469.7001953125,4468.39990234375,4469.7001953125,29
2026-06-05T04:27:00.000Z,GC,4469.89990234375,4469.89990234375,4467.7998046875,4468.0,11
2026-06-05T04:28:00.000Z,GC,4467.7998046875,4467.7998046875,4466.60009765625,4467.0,11
2026-06-05T04:29:00.000Z,GC,4466.7998046875,4467.0,4465.7001953125,4465.7998046875,13
2026-06-05T04:30:00.000Z,GC,4466.10009765625,4466.10009765625,4464.0,4464.0,50
2026-06-05T04:31:00.000Z,GC,4463.89990234375,4464.7001953125,4463.7998046875,4464.10009765625,53
2026-06-05T04:32:00.000Z,GC,4464.2001953125,4465.39990234375,4464.2001953125,4465.2001953125,11
2026-06-05T04:33:00.000Z,GC,4465.2998046875,4466.10009765625,4465.2998046875,4466.0,8
2026-06-05T04:34:00.000Z,GC,4465.39990234375,4465.60009765625,4465.0,4465.2001953125,13
2026-06-05T04:35:00.000Z,GC,4465.2998046875,4466.2998046875,4465.2998046875,4466.2998046875,21
2026-06-05T04:36:00.000Z,GC,4466.2001953125,4467.0,4465.89990234375,4465.89990234375,21
2026-06-05T04:37:00.000Z,GC,4465.7998046875,4466.5,4465.7998046875,4466.39990234375,24
2026-06-05T04:38:00.000Z,GC,4466.5,4466.5,4466.0,4466.10009765625,8
2026-06-05T04:39:00.000Z,GC,4466.39990234375,4468.10009765625,4466.39990234375,4468.10009765625,16
2026-06-05T04:40:00.000Z,GC,4467.7001953125,4470.39990234375,4467.7001953125,4468.39990234375,69
2026-06-05T04:41:00.000Z,GC,4468.2001953125,4468.7001953125,4467.89990234375,4468.10009765625,10
2026-06-05T04:42:00.000Z,GC,4467.89990234375,4467.89990234375,4466.5,4466.89990234375,31
2026-06-05T04:43:00.000Z,GC,4466.39990234375,4466.39990234375,4465.5,4466.2001953125,14
2026-06-05T04:44:00.000Z,GC,4466.5,4467.2998046875,4466.5,4467.2998046875,8
2026-06-05T04:45:00.000Z,GC,4467.39990234375,4467.7998046875,4467.10009765625,4467.2998046875,13
2026-06-05T04:46:00.000Z,GC,4467.10009765625,4467.10009765625,4466.0,4466.0,16
2026-06-05T04:47:00.000Z,GC,4466.2998046875,4467.60009765625,4466.2998046875,4467.60009765625,14
2026-06-05T04:48:00.000Z,GC,4467.7998046875,4468.7001953125,4467.2998046875,4467.2998046875,29
2026-06-05T04:49:00.000Z,GC,4467.10009765625,4467.5,4466.7001953125,4467.2001953125,19
2026-06-05T04:50:00.000Z,GC,4467.10009765625,4469.0,4467.10009765625,4468.5,15
2026-06-05T04:51:00.000Z,GC,4468.39990234375,4468.5,4467.89990234375,4468.5,20
2026-06-05T04:52:00.000Z,GC,4468.7001953125,4468.7998046875,4468.0,4468.5,12
2026-06-05T04:53:00.000Z,GC,4468.39990234375,4469.0,4468.2998046875,4469.0,15
2026-06-05T04:54:00.000Z,GC,4469.5,4470.2001953125,4469.2001953125,4469.89990234375,21
2026-06-05T04:55:00.000Z,GC,4470.5,4471.7001953125,4470.2998046875,4471.10009765625,72
2026-06-05T04:56:00.000Z,GC,4471.10009765625,4472.89990234375,4471.10009765625,4471.7001953125,64
2026-06-05T04:57:00.000Z,GC,4471.7998046875,4472.60009765625,4471.5,4472.39990234375,42
2026-06-05T04:58:00.000Z,GC,4472.10009765625,4472.10009765625,4470.89990234375,4471.7001953125,35
2026-06-05T04:59:00.000Z,GC,4471.7001953125,4471.89990234375,4471.0,4471.0,25
2026-06-05T05:00:00.000Z,GC,4471.0,4471.60009765625,4470.5,4470.5,40
2026-06-05T05:01:00.000Z,GC,4470.10009765625,4472.0,4469.2001953125,4472.0,61
2026-06-05T05:02:00.000Z,GC,4472.10009765625,4473.2001953125,4471.60009765625,4472.39990234375,73
2026-06-05T05:03:00.000Z,GC,4472.7998046875,4476.10009765625,4472.7998046875,4474.89990234375,150
2026-06-05T05:04:00.000Z,GC,4474.7001953125,4474.7001953125,4473.2998046875,4473.7001953125,45
2026-06-05T05:05:00.000Z,GC,4473.5,4474.7998046875,4473.2998046875,4474.2998046875,24
2026-06-05T05:06:00.000Z,GC,4474.2998046875,4474.2998046875,4473.2001953125,4474.10009765625,18
2026-06-05T05:07:00.000Z,GC,4474.0,4475.0,4474.0,4474.39990234375,61
2026-06-05T05:08:00.000Z,GC,4474.60009765625,4475.60009765625,4474.2001953125,4475.60009765625,41
2026-06-05T05:09:00.000Z,GC,4475.10009765625,4475.10009765625,4473.10009765625,4473.2001953125,27
2026-06-05T05:10:00.000Z,GC,4473.5,4474.5,4472.2001953125,4474.5,61
2026-06-05T05:11:00.000Z,GC,4474.7998046875,4475.5,4474.0,4474.2998046875,49
2026-06-05T05:12:00.000Z,GC,4473.89990234375,4474.5,4473.2001953125,4473.2001953125,18
2026-06-05T05:13:00.000Z,GC,4473.5,4475.39990234375,4473.0,4475.2001953125,34
2026-06-05T05:14:00.000Z,GC,4474.60009765625,4475.10009765625,4474.10009765625,4474.7001953125,25
2026-06-05T05:15:00.000Z,GC,4474.89990234375,4475.10009765625,4471.2998046875,4471.60009765625,57
2026-06-05T05:16:00.000Z,GC,4471.5,4472.10009765625,4471.5,4472.0,13
2026-06-05T05:17:00.000Z,GC,4471.60009765625,4471.60009765625,4469.89990234375,4470.39990234375,64
2026-06-05T05:18:00.000Z,GC,4470.2998046875,4471.39990234375,4470.2001953125,4471.0,48
2026-06-05T05:19:00.000Z,GC,4471.10009765625,4471.89990234375,4471.0,4471.39990234375,32
2026-06-05T05:20:00.000Z,GC,4471.5,4472.0,4471.10009765625,4471.5,15
2026-06-05T05:21:00.000Z,GC,4471.60009765625,4471.7998046875,4470.2001953125,4470.2001953125,57
2026-06-05T05:22:00.000Z,GC,4470.0,4470.39990234375,4468.0,4469.2001953125,72
2026-06-05T05:23:00.000Z,GC,4469.0,4469.0,4468.10009765625,4468.39990234375,16
2026-06-05T05:24:00.000Z,GC,4469.10009765625,4471.0,4469.10009765625,4470.7001953125,29
2026-06-05T05:25:00.000Z,GC,4470.7998046875,4471.0,4470.10009765625,4470.2998046875,28
2026-06-05T05:26:00.000Z,GC,4470.60009765625,4470.60009765625,4470.0,4470.2998046875,14
2026-06-05T05:27:00.000Z,GC,4470.89990234375,4471.7998046875,4470.89990234375,4471.2998046875,22
2026-06-05T05:28:00.000Z,GC,4471.2998046875,4471.5,4471.10009765625,4471.10009765625,10
2026-06-05T05:29:00.000Z,GC,4471.10009765625,4471.10009765625,4470.2001953125,4471.0,18
2026-06-05T05:30:00.000Z,GC,4470.5,4472.0,4467.0,4469.0,249
2026-06-05T05:31:00.000Z,GC,4469.7001953125,4470.39990234375,4468.2001953125,4468.2001953125,69
2026-06-05T05:32:00.000Z,GC,4468.0,4468.39990234375,4465.39990234375,4467.10009765625,120
2026-06-05T05:33:00.000Z,GC,4467.60009765625,4468.5,4466.7001953125,4468.2998046875,41
2026-06-05T05:34:00.000Z,GC,4468.2001953125,4469.60009765625,4468.0,4468.5,26
2026-06-05T05:35:00.000Z,GC,4468.10009765625,4469.0,4468.10009765625,4468.89990234375,17
2026-06-05T05:36:00.000Z,GC,4469.10009765625,4474.0,4468.0,4473.5,102
2026-06-05T05:37:00.000Z,GC,4473.2001953125,4473.5,4471.60009765625,4471.89990234375,31
2026-06-05T05:38:00.000Z,GC,4472.10009765625,4473.2001953125,4472.0,4472.0,28
2026-06-05T05:39:00.000Z,GC,4472.60009765625,4473.5,4471.2001953125,4471.7998046875,16
2026-06-05T05:40:00.000Z,GC,4471.7001953125,4472.7998046875,4471.7001953125,4472.7001953125,32
2026-06-05T05:41:00.000Z,GC,4472.39990234375,4472.39990234375,4470.10009765625,4470.60009765625,9
2026-06-05T05:42:00.000Z,GC,4470.89990234375,4472.0,4470.60009765625,4472.0,22
2026-06-05T05:43:00.000Z,GC,4471.7998046875,4471.7998046875,4469.5,4469.7001953125,18
2026-06-05T05:44:00.000Z,GC,4470.0,4471.10009765625,4469.10009765625,4469.7001953125,43
2026-06-05T05:45:00.000Z,GC,4470.0,4471.0,4469.0,4469.2998046875,31
2026-06-05T05:46:00.000Z,GC,4468.60009765625,4469.39990234375,4468.0,4469.10009765625,32
2026-06-05T05:47:00.000Z,GC,4469.2998046875,4472.0,4469.2998046875,4472.0,25
2026-06-05T05:48:00.000Z,GC,4472.2998046875,4472.7998046875,4471.7998046875,4472.5,54
2026-06-05T05:49:00.000Z,GC,4472.7998046875,4474.5,4472.39990234375,4473.7998046875,67
2026-06-05T05:50:00.000Z,GC,4474.0,4474.0,4472.0,4472.60009765625,35
2026-06-05T05:51:00.000Z,GC,4473.0,4474.2998046875,4473.0,4473.60009765625,17
2026-06-05T05:52:00.000Z,GC,4473.7998046875,4473.89990234375,4472.7998046875,4472.7998046875,22
2026-06-05T05:53:00.000Z,GC,4473.10009765625,4473.10009765625,4470.5,4470.89990234375,25
2026-06-05T05:54:00.000Z,GC,4470.7001953125,4471.2998046875,4469.0,4469.89990234375,63
2026-06-05T05:55:00.000Z,GC,4470.10009765625,4471.10009765625,4469.2998046875,4469.39990234375,50
2026-06-05T05:56:00.000Z,GC,4469.2998046875,4469.2998046875,4467.7998046875,4467.7998046875,24
2026-06-05T05:57:00.000Z,GC,4467.10009765625,4467.10009765625,4464.89990234375,4465.2998046875,106
2026-06-05T05:58:00.000Z,GC,4465.2998046875,4466.89990234375,4465.2001953125,4466.2001953125,60
2026-06-05T05:59:00.000Z,GC,4466.10009765625,4467.2001953125,4465.89990234375,4465.89990234375,46
2026-06-05T06:00:00.000Z,GC,4466.39990234375,4468.7998046875,4466.0,4467.2998046875,119
2026-06-05T06:01:00.000Z,GC,4467.2001953125,4467.2001953125,4465.5,4465.7998046875,104
2026-06-05T06:02:00.000Z,GC,4466.0,4466.10009765625,4463.2001953125,4463.7001953125,104
2026-06-05T06:03:00.000Z,GC,4463.60009765625,4464.2001953125,4462.5,4462.7998046875,75
2026-06-05T06:04:00.000Z,GC,4463.0,4464.5,4461.60009765625,4463.7998046875,125
2026-06-05T06:05:00.000Z,GC,4463.60009765625,4465.7001953125,4463.5,4465.2998046875,83
2026-06-05T06:06:00.000Z,GC,4465.39990234375,4467.0,4464.60009765625,4466.7998046875,46
2026-06-05T06:07:00.000Z,GC,4466.5,4467.39990234375,4465.5,4466.60009765625,100
2026-06-05T06:08:00.000Z,GC,4466.39990234375,4466.7998046875,4466.2001953125,4466.2001953125,24
2026-06-05T06:09:00.000Z,GC,4466.10009765625,4467.7001953125,4466.10009765625,4466.89990234375,26
2026-06-05T06:10:00.000Z,GC,4466.7998046875,4468.60009765625,4466.7998046875,4467.60009765625,33
2026-06-05T06:11:00.000Z,GC,4467.7998046875,4468.2998046875,4464.5,4464.89990234375,176
2026-06-05T06:12:00.000Z,GC,4465.5,4465.5,4462.60009765625,4463.2001953125,64
2026-06-05T06:13:00.000Z,GC,4463.2001953125,4465.60009765625,4462.7001953125,4465.2998046875,55
2026-06-05T06:14:00.000Z,GC,4465.10009765625,4465.10009765625,4462.7001953125,4463.2998046875,33
2026-06-05T06:15:00.000Z,GC,4462.60009765625,4463.2998046875,4459.2998046875,4461.89990234375,354
2026-06-05T06:16:00.000Z,GC,4462.0,4462.5,4458.5,4458.7001953125,205
2026-06-05T06:17:00.000Z,GC,4458.5,4460.60009765625,4458.39990234375,4459.0,121
2026-06-05T06:18:00.000Z,GC,4459.0,4459.39990234375,4454.7998046875,4456.2001953125,266
2026-06-05T06:19:00.000Z,GC,4456.39990234375,4463.0,4456.2001953125,4463.0,220
2026-06-05T06:20:00.000Z,GC,4462.60009765625,4463.2998046875,4461.0,4462.60009765625,88
2026-06-05T06:21:00.000Z,GC,4462.5,4464.0,4462.10009765625,4464.0,99
2026-06-05T06:22:00.000Z,GC,4463.7998046875,4465.0,4463.2998046875,4464.89990234375,72
2026-06-05T06:23:00.000Z,GC,4465.0,4468.39990234375,4464.89990234375,4468.2998046875,111
2026-06-05T06:24:00.000Z,GC,4468.2998046875,4471.5,4468.2998046875,4470.60009765625,153
2026-06-05T06:25:00.000Z,GC,4470.60009765625,4472.89990234375,4469.7998046875,4471.2998046875,161
2026-06-05T06:26:00.000Z,GC,4471.7998046875,4471.89990234375,4468.39990234375,4469.5,107
2026-06-05T06:27:00.000Z,GC,4469.39990234375,4471.5,4469.2998046875,4470.0,104
2026-06-05T06:28:00.000Z,GC,4470.2001953125,4470.60009765625,4467.60009765625,4467.60009765625,71
2026-06-05T06:29:00.000Z,GC,4467.60009765625,4469.0,4466.89990234375,4468.89990234375,51
2026-06-05T06:30:00.000Z,GC,4468.89990234375,4471.7998046875,4468.89990234375,4471.39990234375,58
2026-06-05T06:31:00.000Z,GC,4471.7001953125,4472.2001953125,4470.10009765625,4470.5,55
2026-06-05T06:32:00.000Z,GC,4470.2998046875,4472.2001953125,4470.2998046875,4471.5,35
2026-06-05T06:33:00.000Z,GC,4471.7998046875,4474.5,4471.10009765625,4474.5,72
2026-06-05T06:34:00.000Z,GC,4474.39990234375,4474.39990234375,4472.89990234375,4473.0,65
2026-06-05T06:35:00.000Z,GC,4473.2998046875,4474.2001953125,4472.89990234375,4474.2001953125,29
2026-06-05T06:36:00.000Z,GC,4474.2001953125,4476.89990234375,4473.89990234375,4476.10009765625,126
2026-06-05T06:37:00.000Z,GC,4475.7998046875,4476.2001953125,4474.60009765625,4476.2001953125,58
2026-06-05T06:38:00.000Z,GC,4475.7998046875,4476.5,4475.0,4475.0,83
2026-06-05T06:39:00.000Z,GC,4475.39990234375,4475.5,4473.7998046875,4475.0,30
2026-06-05T06:40:00.000Z,GC,4474.7998046875,4475.5,4474.7998046875,4475.2998046875,22
2026-06-05T06:41:00.000Z,GC,4475.0,4475.5,4473.7001953125,4473.7001953125,56
2026-06-05T06:42:00.000Z,GC,4473.5,4474.2001953125,4473.0,4474.10009765625,50
2026-06-05T06:43:00.000Z,GC,4473.7998046875,4475.10009765625,4473.5,4474.7001953125,86
2026-06-05T06:44:00.000Z,GC,4474.60009765625,4475.0,4474.2001953125,4474.2001953125,34
2026-06-05T06:45:00.000Z,GC,4474.89990234375,4476.0,4473.5,4475.60009765625,83
2026-06-05T06:46:00.000Z,GC,4475.7998046875,4479.5,4475.39990234375,4479.2998046875,184
2026-06-05T06:47:00.000Z,GC,4479.2001953125,4482.2998046875,4479.2001953125,4482.0,187
2026-06-05T06:48:00.000Z,GC,4481.7001953125,4482.89990234375,4481.2998046875,4481.39990234375,49
2026-06-05T06:49:00.000Z,GC,4481.0,4481.2998046875,4480.10009765625,4480.39990234375,41
2026-06-05T06:50:00.000Z,GC,4480.7001953125,4481.5,4480.0,4481.5,76
2026-06-05T06:51:00.000Z,GC,4481.2001953125,4483.2001953125,4481.2001953125,4481.89990234375,67
2026-06-05T06:52:00.000Z,GC,4481.60009765625,4482.2998046875,4480.0,4480.10009765625,69
2026-06-05T06:53:00.000Z,GC,4480.2001953125,4480.2001953125,4478.5,4479.39990234375,88
2026-06-05T06:54:00.000Z,GC,4480.0,4480.0,4477.89990234375,4478.0,161
2026-06-05T06:55:00.000Z,GC,4478.0,4478.7998046875,4476.39990234375,4477.2998046875,120
2026-06-05T06:56:00.000Z,GC,4477.89990234375,4478.2001953125,4477.5,4478.2001953125,44
2026-06-05T06:57:00.000Z,GC,4478.2998046875,4479.7001953125,4477.5,4479.39990234375,58
2026-06-05T06:58:00.000Z,GC,4479.5,4480.2998046875,4478.2998046875,4479.0,100
2026-06-05T06:59:00.000Z,GC,4478.60009765625,4480.0,4478.39990234375,4479.7001953125,274
2026-06-05T07:00:00.000Z,GC,4479.89990234375,4479.89990234375,4479.0,4479.2001953125,115
2026-06-05T07:01:00.000Z,GC,4479.39990234375,4482.7998046875,4479.39990234375,4481.7001953125,98
2026-06-05T07:02:00.000Z,GC,4482.0,4482.2998046875,4478.7001953125,4478.7998046875,60
2026-06-05T07:03:00.000Z,GC,4479.0,4481.5,4479.0,4481.5,68
2026-06-05T07:04:00.000Z,GC,4481.60009765625,4482.7001953125,4480.0,4481.60009765625,58
2026-06-05T07:05:00.000Z,GC,4482.39990234375,4482.7001953125,4481.0,4482.0,47
2026-06-05T07:06:00.000Z,GC,4482.0,4482.7001953125,4481.2998046875,4482.2998046875,23
2026-06-05T07:07:00.000Z,GC,4482.7001953125,4482.7001953125,4480.2998046875,4481.39990234375,67
2026-06-05T07:08:00.000Z,GC,4481.60009765625,4485.2001953125,4481.39990234375,4484.5,109
2026-06-05T07:09:00.000Z,GC,4484.5,4484.7001953125,4483.39990234375,4484.10009765625,51
2026-06-05T07:10:00.000Z,GC,4484.39990234375,4484.7001953125,4483.2998046875,4484.7001953125,73
2026-06-05T07:11:00.000Z,GC,4484.7001953125,4486.0,4484.0,4485.60009765625,90
2026-06-05T07:12:00.000Z,GC,4485.60009765625,4490.10009765625,4485.2998046875,4489.89990234375,181
2026-06-05T07:13:00.000Z,GC,4489.60009765625,4489.60009765625,4487.0,4487.39990234375,123
2026-06-05T07:14:00.000Z,GC,4487.0,4487.0,4485.39990234375,4485.39990234375,61
2026-06-05T07:15:00.000Z,GC,4485.10009765625,4489.0,4485.10009765625,4489.0,106
2026-06-05T07:16:00.000Z,GC,4489.5,4491.0,4488.60009765625,4488.60009765625,60
2026-06-05T07:17:00.000Z,GC,4488.7998046875,4489.10009765625,4487.2998046875,4488.60009765625,64
2026-06-05T07:18:00.000Z,GC,4488.7001953125,4489.10009765625,4488.10009765625,4488.7998046875,45
2026-06-05T07:19:00.000Z,GC,4488.39990234375,4489.0,4487.10009765625,4488.60009765625,44
2026-06-05T07:20:00.000Z,GC,4488.2998046875,4489.0,4487.0,4487.0,52
2026-06-05T07:21:00.000Z,GC,4487.2001953125,4487.89990234375,4486.5,4487.2998046875,69
2026-06-05T07:22:00.000Z,GC,4487.7001953125,4490.39990234375,4487.5,4490.2001953125,46
2026-06-05T07:23:00.000Z,GC,4490.10009765625,4492.2998046875,4489.10009765625,4490.2998046875,82
2026-06-05T07:24:00.000Z,GC,4490.2001953125,4492.89990234375,4489.7998046875,4490.89990234375,82
2026-06-05T07:25:00.000Z,GC,4490.89990234375,4490.89990234375,4489.7998046875,4489.89990234375,25
2026-06-05T07:26:00.000Z,GC,4490.10009765625,4490.5,4488.2998046875,4490.5,64
2026-06-05T07:27:00.000Z,GC,4490.60009765625,4493.7001953125,4490.2001953125,4492.10009765625,87
2026-06-05T07:28:00.000Z,GC,4492.39990234375,4492.7001953125,4492.2998046875,4492.7001953125,15
2026-06-05T07:29:00.000Z,GC,4492.2001953125,4494.2001953125,4491.7998046875,4494.10009765625,37
2026-06-05T07:30:00.000Z,GC,4493.89990234375,4493.89990234375,4492.0,4492.39990234375,67
2026-06-05T07:31:00.000Z,GC,4491.5,4493.0,4491.2001953125,4492.2998046875,74
2026-06-05T07:32:00.000Z,GC,4492.39990234375,4494.10009765625,4492.39990234375,4492.7001953125,68
2026-06-05T07:33:00.000Z,GC,4493.10009765625,4493.39990234375,4492.60009765625,4493.2001953125,29
2026-06-05T07:34:00.000Z,GC,4493.10009765625,4493.5,4492.0,4493.2001953125,51
2026-06-05T07:35:00.000Z,GC,4492.7001953125,4492.7001953125,4491.0,4491.10009765625,86
2026-06-05T07:36:00.000Z,GC,4491.0,4491.7001953125,4490.0,4490.0,62
2026-06-05T07:37:00.000Z,GC,4490.10009765625,4490.10009765625,4488.39990234375,4489.2001953125,127
2026-06-05T07:38:00.000Z,GC,4489.2001953125,4491.0,4488.7998046875,4490.2001953125,80
2026-06-05T07:39:00.000Z,GC,4490.39990234375,4491.39990234375,4488.89990234375,4488.89990234375,115
2026-06-05T07:40:00.000Z,GC,4488.7998046875,4488.7998046875,4486.60009765625,4486.60009765625,62
2026-06-05T07:41:00.000Z,GC,4486.7001953125,4488.7001953125,4486.2001953125,4488.7001953125,76
2026-06-05T07:42:00.000Z,GC,4489.2001953125,4492.7998046875,4488.7001953125,4492.5,284
2026-06-05T07:43:00.000Z,GC,4492.0,4492.0,4488.2998046875,4488.39990234375,85
2026-06-05T07:44:00.000Z,GC,4488.39990234375,4489.7001953125,4488.2998046875,4489.0,44
2026-06-05T07:45:00.000Z,GC,4489.10009765625,4490.60009765625,4488.7001953125,4490.2998046875,46
2026-06-05T07:46:00.000Z,GC,4490.60009765625,4490.60009765625,4489.7998046875,4490.0,19
2026-06-05T07:47:00.000Z,GC,4490.2998046875,4491.10009765625,4489.7998046875,4490.0,23
2026-06-05T07:48:00.000Z,GC,4490.0,4490.0,4489.0,4489.7998046875,22
2026-06-05T07:49:00.000Z,GC,4489.7998046875,4489.89990234375,4489.2998046875,4489.89990234375,4
2026-06-05T07:50:00.000Z,GC,4489.7001953125,4489.7001953125,4488.60009765625,4488.89990234375,9
2026-06-05T07:51:00.000Z,GC,4489.5,4490.5,4489.5,4490.5,22
2026-06-05T07:52:00.000Z,GC,4490.2998046875,4491.0,4489.5,4491.0,44
2026-06-05T07:53:00.000Z,GC,4491.0,4492.0,4489.5,4489.5,54
2026-06-05T07:54:00.000Z,GC,4489.5,4489.5,4488.2998046875,4488.5,32
2026-06-05T07:55:00.000Z,GC,4489.10009765625,4489.39990234375,4488.2001953125,4489.39990234375,17
2026-06-05T07:56:00.000Z,GC,4489.5,4489.7001953125,4489.39990234375,4489.5,8
2026-06-05T07:57:00.000Z,GC,4488.7998046875,4488.7998046875,4488.10009765625,4488.2998046875,12
2026-06-05T07:58:00.000Z,GC,4488.10009765625,4488.7998046875,4487.7001953125,4488.7998046875,26
2026-06-05T07:59:00.000Z,GC,4488.2001953125,4488.2001953125,4487.7001953125,4487.7001953125,12
2026-06-05T08:00:00.000Z,GC,4487.2998046875,4487.39990234375,4485.5,4487.2001953125,77
2026-06-05T08:01:00.000Z,GC,4487.2998046875,4490.5,4486.5,4490.5,116
2026-06-05T08:02:00.000Z,GC,4490.2998046875,4490.2998046875,4488.2998046875,4488.2998046875,34
2026-06-05T08:03:00.000Z,GC,4488.39990234375,4488.39990234375,4487.39990234375,4487.60009765625,17
2026-06-05T08:04:00.000Z,GC,4488.10009765625,4488.89990234375,4487.39990234375,4488.2998046875,33
2026-06-05T08:05:00.000Z,GC,4488.2998046875,4489.0,4487.39990234375,4488.7998046875,32
2026-06-05T08:06:00.000Z,GC,4489.10009765625,4489.10009765625,4488.0,4488.39990234375,13
2026-06-05T08:07:00.000Z,GC,4488.0,4489.10009765625,4486.5,4487.2998046875,40
2026-06-05T08:08:00.000Z,GC,4487.2998046875,4487.39990234375,4486.2998046875,4487.0,18
2026-06-05T08:09:00.000Z,GC,4486.7998046875,4487.89990234375,4486.5,4487.2001953125,40
2026-06-05T08:10:00.000Z,GC,4487.2001953125,4488.5,4487.2001953125,4487.89990234375,11
2026-06-05T08:11:00.000Z,GC,4487.60009765625,4488.39990234375,4487.60009765625,4487.60009765625,37
2026-06-05T08:12:00.000Z,GC,4487.60009765625,4487.7001953125,4486.7001953125,4486.89990234375,33
2026-06-05T08:13:00.000Z,GC,4487.0,4487.10009765625,4486.2001953125,4486.7001953125,47
2026-06-05T08:14:00.000Z,GC,4487.2001953125,4488.2001953125,4487.10009765625,4487.7001953125,34
2026-06-05T08:15:00.000Z,GC,4487.89990234375,4487.89990234375,4486.89990234375,4486.89990234375,11
2026-06-05T08:16:00.000Z,GC,4487.2998046875,4488.0,4486.89990234375,4487.5,24
2026-06-05T08:17:00.000Z,GC,4487.2001953125,4487.89990234375,4487.2001953125,4487.7001953125,16
2026-06-05T08:18:00.000Z,GC,4488.10009765625,4490.10009765625,4488.10009765625,4488.89990234375,53
2026-06-05T08:19:00.000Z,GC,4488.7998046875,4490.2001953125,4488.7998046875,4490.0,41
2026-06-05T08:20:00.000Z,GC,4489.60009765625,4489.7998046875,4489.0,4489.7998046875,9
2026-06-05T08:21:00.000Z,GC,4489.5,4491.7001953125,4489.5,4491.2998046875,35
2026-06-05T08:22:00.000Z,GC,4491.7001953125,4492.39990234375,4491.0,4492.10009765625,75
2026-06-05T08:23:00.000Z,GC,4492.2001953125,4492.5,4490.7998046875,4491.39990234375,39
2026-06-05T08:24:00.000Z,GC,4491.39990234375,4491.7998046875,4490.39990234375,4490.7001953125,58
2026-06-05T08:25:00.000Z,GC,4490.89990234375,4493.0,4490.60009765625,4491.7998046875,69
2026-06-05T08:26:00.000Z,GC,4491.60009765625,4492.2998046875,4490.89990234375,4491.7998046875,47
2026-06-05T08:27:00.000Z,GC,4491.39990234375,4491.39990234375,4490.10009765625,4490.39990234375,20
2026-06-05T08:28:00.000Z,GC,4490.2001953125,4490.7998046875,4489.89990234375,4490.7998046875,113
2026-06-05T08:29:00.000Z,GC,4491.10009765625,4493.89990234375,4490.89990234375,4493.89990234375,137
2026-06-05T08:30:00.000Z,GC,4493.89990234375,4495.39990234375,4491.39990234375,4491.7998046875,127
2026-06-05T08:31:00.000Z,GC,4491.7998046875,4493.7001953125,4491.60009765625,4493.10009765625,30
2026-06-05T08:32:00.000Z,GC,4493.5,4493.7998046875,4491.60009765625,4492.0,57
2026-06-05T08:33:00.000Z,GC,4491.60009765625,4491.7001953125,4490.0,4490.5,44
2026-06-05T08:34:00.000Z,GC,4490.39990234375,4490.60009765625,4490.2001953125,4490.5,19
2026-06-05T08:35:00.000Z,GC,4490.5,4490.7001953125,4490.10009765625,4490.2001953125,27
2026-06-05T08:36:00.000Z,GC,4490.2001953125,4490.2001953125,4489.0,4489.89990234375,30
2026-06-05T08:37:00.000Z,GC,4490.2998046875,4490.7998046875,4489.2001953125,4489.60009765625,61
2026-06-05T08:38:00.000Z,GC,4490.10009765625,4490.2998046875,4488.5,4488.89990234375,63
2026-06-05T08:39:00.000Z,GC,4489.2998046875,4490.0,4488.7001953125,4488.89990234375,52
2026-06-05T08:40:00.000Z,GC,4489.0,4489.10009765625,4488.0,4488.2998046875,22
2026-06-05T08:41:00.000Z,GC,4488.39990234375,4489.39990234375,4488.39990234375,4489.0,29
2026-06-05T08:42:00.000Z,GC,4489.2001953125,4490.2001953125,4489.2001953125,4489.5,40
2026-06-05T08:43:00.000Z,GC,4489.60009765625,4489.7998046875,4489.5,4489.7001953125,6
2026-06-05T08:44:00.000Z,GC,4489.60009765625,4489.7998046875,4488.7998046875,4488.7998046875,12
2026-06-05T08:45:00.000Z,GC,4489.0,4489.5,4488.60009765625,4489.5,8
2026-06-05T08:46:00.000Z,GC,4489.60009765625,4489.7998046875,4489.2998046875,4489.7998046875,20
2026-06-05T08:47:00.000Z,GC,4489.89990234375,4490.10009765625,4489.2998046875,4490.0,18
2026-06-05T08:48:00.000Z,GC,4489.60009765625,4490.7998046875,4489.60009765625,4490.7998046875,28
2026-06-05T08:49:00.000Z,GC,4491.2001953125,4491.39990234375,4490.0,4490.2998046875,40
2026-06-05T08:50:00.000Z,GC,4490.10009765625,4490.10009765625,4489.89990234375,4489.89990234375,3
2026-06-05T08:51:00.000Z,GC,4490.10009765625,4490.39990234375,4490.10009765625,4490.39990234375,7
2026-06-05T08:52:00.000Z,GC,4490.5,4490.5,4488.89990234375,4489.2001953125,23
2026-06-05T08:53:00.000Z,GC,4488.89990234375,4490.5,4488.89990234375,4490.10009765625,9
2026-06-05T08:54:00.000Z,GC,4489.7998046875,4490.60009765625,4489.7998046875,4490.39990234375,8
2026-06-05T08:55:00.000Z,GC,4490.2001953125,4490.2001953125,4489.5,4489.5,9
2026-06-05T08:56:00.000Z,GC,4490.0,4490.0,4489.2998046875,4489.60009765625,11
2026-06-05T08:57:00.000Z,GC,4489.5,4490.2998046875,4489.2001953125,4490.2998046875,32
2026-06-05T08:58:00.000Z,GC,4490.2001953125,4490.2998046875,4489.5,4490.10009765625,17
2026-06-05T08:59:00.000Z,GC,4490.10009765625,4490.2001953125,4489.7998046875,4489.7998046875,9
2026-06-05T09:00:00.000Z,GC,4489.60009765625,4489.60009765625,4488.0,4488.39990234375,52
2026-06-05T09:01:00.000Z,GC,4488.60009765625,4489.2998046875,4488.5,4489.2001953125,16
2026-06-05T09:02:00.000Z,GC,4489.2001953125,4490.2001953125,4489.2001953125,4489.89990234375,23
2026-06-05T09:03:00.000Z,GC,4490.5,4490.60009765625,4489.5,4490.2998046875,29
2026-06-05T09:04:00.000Z,GC,4490.10009765625,4490.2001953125,4488.10009765625,4488.2001953125,22
2026-06-05T09:05:00.000Z,GC,4488.2998046875,4489.2998046875,4488.2998046875,4489.0,10
2026-06-05T09:06:00.000Z,GC,4489.39990234375,4490.0,4488.89990234375,4489.2998046875,35
2026-06-05T09:07:00.000Z,GC,4489.60009765625,4489.60009765625,4487.7001953125,4487.7001953125,17
2026-06-05T09:08:00.000Z,GC,4487.7001953125,4488.39990234375,4486.7998046875,4488.10009765625,68
2026-06-05T09:09:00.000Z,GC,4488.39990234375,4488.60009765625,4487.7001953125,4487.7001953125,45
2026-06-05T09:10:00.000Z,GC,4487.7998046875,4488.0,4486.7998046875,4487.2001953125,47
2026-06-05T09:11:00.000Z,GC,4487.2998046875,4487.2998046875,4485.7998046875,4485.89990234375,53
2026-06-05T09:12:00.000Z,GC,4486.60009765625,4487.10009765625,4486.60009765625,4486.7001953125,33
2026-06-05T09:13:00.000Z,GC,4486.60009765625,4495.60009765625,4486.60009765625,4495.0,586
2026-06-05T09:14:00.000Z,GC,4495.10009765625,4496.60009765625,4490.5,4493.0,246
2026-06-05T09:15:00.000Z,GC,4493.10009765625,4494.39990234375,4492.10009765625,4492.2001953125,86
2026-06-05T09:16:00.000Z,GC,4491.89990234375,4494.5,4491.60009765625,4494.10009765625,50
2026-06-05T09:17:00.000Z,GC,4494.5,4495.60009765625,4492.7998046875,4494.2001953125,121
2026-06-05T09:18:00.000Z,GC,4494.0,4495.10009765625,4493.0,4494.2998046875,75
2026-06-05T09:19:00.000Z,GC,4494.10009765625,4496.60009765625,4494.0,4494.89990234375,103
2026-06-05T09:20:00.000Z,GC,4494.5,4495.0,4493.5,4494.0,27
2026-06-05T09:21:00.000Z,GC,4494.2998046875,4496.0,4493.60009765625,4494.60009765625,220
2026-06-05T09:22:00.000Z,GC,4494.89990234375,4495.2001953125,4494.2001953125,4495.0,26
2026-06-05T09:23:00.000Z,GC,4495.0,4495.39990234375,4493.7998046875,4494.89990234375,38
2026-06-05T09:24:00.000Z,GC,4494.2998046875,4495.10009765625,4493.5,4493.5,39
2026-06-05T09:25:00.000Z,GC,4493.7001953125,4494.5,4492.89990234375,4494.0,50
2026-06-05T09:26:00.000Z,GC,4493.89990234375,4493.89990234375,4492.2998046875,4493.2998046875,49
2026-06-05T09:27:00.000Z,GC,4493.2998046875,4493.2998046875,4492.2001953125,4492.5,45
2026-06-05T09:28:00.000Z,GC,4492.2998046875,4492.7001953125,4489.7001953125,4490.7001953125,90
2026-06-05T09:29:00.000Z,GC,4490.60009765625,4490.89990234375,4488.60009765625,4489.7998046875,129
2026-06-05T09:30:00.000Z,GC,4489.60009765625,4490.10009765625,4486.60009765625,4488.2001953125,294
2026-06-05T09:31:00.000Z,GC,4488.39990234375,4489.0,4486.2998046875,4487.10009765625,276
2026-06-05T09:32:00.000Z,GC,4487.2998046875,4488.10009765625,4485.7998046875,4487.89990234375,262
2026-06-05T09:33:00.000Z,GC,4488.0,4491.2001953125,4487.60009765625,4489.60009765625,250
2026-06-05T09:34:00.000Z,GC,4489.60009765625,4493.89990234375,4489.39990234375,4490.60009765625,216
2026-06-05T09:35:00.000Z,GC,4490.60009765625,4491.2001953125,4489.60009765625,4489.7001953125,106
2026-06-05T09:36:00.000Z,GC,4489.60009765625,4490.2001953125,4489.39990234375,4489.89990234375,36
2026-06-05T09:37:00.000Z,GC,4490.2998046875,4490.7001953125,4490.10009765625,4490.2998046875,26
2026-06-05T09:38:00.000Z,GC,4490.7001953125,4492.5,4490.5,4491.5,79
2026-06-05T09:39:00.000Z,GC,4491.2001953125,4491.2001953125,4489.7001953125,4490.10009765625,52
2026-06-05T09:40:00.000Z,GC,4490.2998046875,4491.39990234375,4490.2998046875,4491.10009765625,39
2026-06-05T09:41:00.000Z,GC,4491.0,4492.7998046875,4490.89990234375,4492.2998046875,64
2026-06-05T09:42:00.000Z,GC,4492.2001953125,4492.7998046875,4491.89990234375,4492.2998046875,27
2026-06-05T09:43:00.000Z,GC,4492.0,4492.7001953125,4491.39990234375,4492.2001953125,69
2026-06-05T09:44:00.000Z,GC,4492.39990234375,4493.2001953125,4492.2998046875,4493.0,48
2026-06-05T09:45:00.000Z,GC,4493.10009765625,4494.39990234375,4492.60009765625,4494.39990234375,29
2026-06-05T09:46:00.000Z,GC,4494.10009765625,4496.10009765625,4494.10009765625,4496.10009765625,75
2026-06-05T09:47:00.000Z,GC,4495.89990234375,4496.60009765625,4494.39990234375,4495.39990234375,130
2026-06-05T09:48:00.000Z,GC,4495.10009765625,4496.0,4494.0,4494.7001953125,51
2026-06-05T09:49:00.000Z,GC,4494.39990234375,4494.39990234375,4492.0,4492.10009765625,136
2026-06-05T09:50:00.000Z,GC,4492.39990234375,4492.89990234375,4491.39990234375,4491.39990234375,45
2026-06-05T09:51:00.000Z,GC,4491.2998046875,4492.0,4491.2998046875,4492.0,13
2026-06-05T09:52:00.000Z,GC,4491.89990234375,4492.0,4491.60009765625,4492.0,19
2026-06-05T09:53:00.000Z,GC,4491.7998046875,4492.2001953125,4491.60009765625,4492.0,15
2026-06-05T09:54:00.000Z,GC,4492.2001953125,4492.2001953125,4492.2001953125,4492.2001953125,2
2026-06-05T09:55:00.000Z,GC,4492.10009765625,4492.39990234375,4491.0,4491.2001953125,50
2026-06-05T09:56:00.000Z,GC,4491.60009765625,4491.60009765625,4489.60009765625,4489.60009765625,25
2026-06-05T09:57:00.000Z,GC,4489.89990234375,4490.39990234375,4489.89990234375,4490.39990234375,20
2026-06-05T09:58:00.000Z,GC,4490.39990234375,4490.89990234375,4490.39990234375,4490.89990234375,6
2026-06-05T09:59:00.000Z,GC,4490.60009765625,4491.89990234375,4490.60009765625,4491.89990234375,15
2026-06-05T10:00:00.000Z,GC,4491.60009765625,4492.0,4491.0,4491.2998046875,14
2026-06-05T10:01:00.000Z,GC,4491.2998046875,4491.2998046875,4490.5,4490.5,31
2026-06-05T10:02:00.000Z,GC,4490.39990234375,4490.89990234375,4490.39990234375,4490.5,31
2026-06-05T10:03:00.000Z,GC,4491.0,4491.0,4490.10009765625,4490.5,39
2026-06-05T10:04:00.000Z,GC,4490.5,4491.2001953125,4490.39990234375,4490.5,37
2026-06-05T10:05:00.000Z,GC,4490.60009765625,4491.2001953125,4490.5,4491.2001953125,19
2026-06-05T10:06:00.000Z,GC,4491.2998046875,4491.2998046875,4490.7998046875,4490.7998046875,11
2026-06-05T10:07:00.000Z,GC,4490.7001953125,4490.89990234375,4490.2001953125,4490.39990234375,58
2026-06-05T10:08:00.000Z,GC,4490.5,4491.0,4490.5,4490.89990234375,14
2026-06-05T10:09:00.000Z,GC,4490.7998046875,4491.89990234375,4490.7998046875,4491.7001953125,28
2026-06-05T10:10:00.000Z,GC,4491.7998046875,4492.2001953125,4490.7998046875,4490.7998046875,14
2026-06-05T10:11:00.000Z,GC,4491.10009765625,4491.10009765625,4490.89990234375,4491.0,5
2026-06-05T10:12:00.000Z,GC,4491.2001953125,4491.2998046875,4490.5,4490.60009765625,7
2026-06-05T10:13:00.000Z,GC,4490.89990234375,4491.2001953125,4490.7001953125,4491.2001953125,29
2026-06-05T10:14:00.000Z,GC,4491.7001953125,4492.39990234375,4491.7001953125,4492.2001953125,9
2026-06-05T10:15:00.000Z,GC,4492.0,4492.39990234375,4491.7001953125,4492.0,9
2026-06-05T10:16:00.000Z,GC,4491.89990234375,4492.5,4491.5,4492.5,12
2026-06-05T10:17:00.000Z,GC,4492.5,4493.10009765625,4491.7001953125,4491.7998046875,29
2026-06-05T10:18:00.000Z,GC,4491.60009765625,4492.10009765625,4491.60009765625,4492.10009765625,4
2026-06-05T10:19:00.000Z,GC,4491.89990234375,4492.10009765625,4491.7998046875,4492.10009765625,4
2026-06-05T10:20:00.000Z,GC,4492.60009765625,4493.2001953125,4492.60009765625,4492.7998046875,12
2026-06-05T10:21:00.000Z,GC,4492.7001953125,4494.39990234375,4492.7001953125,4494.39990234375,55
2026-06-05T10:22:00.000Z,GC,4494.10009765625,4494.10009765625,4492.7001953125,4493.7998046875,24
2026-06-05T10:23:00.000Z,GC,4494.0,4494.89990234375,4494.0,4494.89990234375,38
2026-06-05T10:24:00.000Z,GC,4494.89990234375,4495.0,4494.10009765625,4494.10009765625,26
2026-06-05T10:25:00.000Z,GC,4494.10009765625,4494.10009765625,4493.2998046875,4493.7998046875,22
2026-06-05T10:26:00.000Z,GC,4493.5,4493.60009765625,4492.7001953125,4492.7001953125,19
2026-06-05T10:27:00.000Z,GC,4492.7001953125,4492.7998046875,4492.2001953125,4492.2001953125,3
2026-06-05T10:28:00.000Z,GC,4492.2001953125,4492.89990234375,4492.2001953125,4492.39990234375,42
2026-06-05T10:29:00.000Z,GC,4492.7001953125,4493.2001953125,4492.5,4493.2001953125,22
2026-06-05T10:30:00.000Z,GC,4493.2998046875,4494.10009765625,4492.89990234375,4493.2001953125,40
2026-06-05T10:31:00.000Z,GC,4493.39990234375,4493.7001953125,4492.89990234375,4493.10009765625,22
2026-06-05T10:32:00.000Z,GC,4493.2001953125,4493.2001953125,4492.2001953125,4492.60009765625,29
2026-06-05T10:33:00.000Z,GC,4492.2001953125,4492.7998046875,4490.89990234375,4490.89990234375,44
2026-06-05T10:34:00.000Z,GC,4490.7998046875,4491.10009765625,4489.7001953125,4490.0,44
2026-06-05T10:35:00.000Z,GC,4490.2001953125,4491.10009765625,4489.89990234375,4491.0,22
2026-06-05T10:36:00.000Z,GC,4490.89990234375,4490.89990234375,4489.60009765625,4489.60009765625,28
2026-06-05T10:37:00.000Z,GC,4489.7001953125,4490.0,4489.2001953125,4490.0,39
2026-06-05T10:38:00.000Z,GC,4490.2001953125,4490.2001953125,4489.7998046875,4489.7998046875,10
2026-06-05T10:39:00.000Z,GC,4490.2001953125,4490.60009765625,4489.7998046875,4490.2001953125,12
2026-06-05T10:40:00.000Z,GC,4490.5,4490.5,4490.0,4490.10009765625,14
2026-06-05T10:41:00.000Z,GC,4490.2001953125,4490.7998046875,4488.7001953125,4489.5,102
2026-06-05T10:42:00.000Z,GC,4489.5,4489.5,4488.7001953125,4488.7001953125,33
2026-06-05T10:43:00.000Z,GC,4489.0,4490.2998046875,4489.0,4490.10009765625,33
2026-06-05T10:44:00.000Z,GC,4490.39990234375,4491.7001953125,4490.39990234375,4491.60009765625,19
2026-06-05T10:45:00.000Z,GC,4491.7998046875,4493.7001953125,4491.2998046875,4493.7001953125,50
2026-06-05T10:46:00.000Z,GC,4493.7998046875,4494.2998046875,4493.10009765625,4493.39990234375,45
2026-06-05T10:47:00.000Z,GC,4493.5,4493.7998046875,4492.2001953125,4492.39990234375,61
2026-06-05T10:48:00.000Z,GC,4491.7001953125,4492.7001953125,4491.5,4492.60009765625,40
2026-06-05T10:49:00.000Z,GC,4492.5,4493.7998046875,4492.39990234375,4493.7998046875,32
2026-06-05T10:50:00.000Z,GC,4493.7998046875,4494.7998046875,4492.89990234375,4494.7998046875,336
2026-06-05T10:51:00.000Z,GC,4494.5,4494.60009765625,4494.10009765625,4494.2001953125,9
2026-06-05T10:52:00.000Z,GC,4493.7998046875,4494.39990234375,4493.7998046875,4493.89990234375,7
2026-06-05T10:53:00.000Z,GC,4494.0,4494.0,4493.2001953125,4493.60009765625,24
2026-06-05T10:54:00.000Z,GC,4493.39990234375,4493.60009765625,4492.89990234375,4493.2001953125,16
2026-06-05T10:55:00.000Z,GC,4493.2001953125,4493.7998046875,4493.2001953125,4493.2998046875,20
2026-06-05T10:56:00.000Z,GC,4493.0,4493.89990234375,4493.0,4493.5,15
2026-06-05T10:57:00.000Z,GC,4493.7001953125,4494.0,4493.10009765625,4493.2001953125,70
2026-06-05T10:58:00.000Z,GC,4493.39990234375,4493.7001953125,4493.39990234375,4493.39990234375,16
2026-06-05T10:59:00.000Z,GC,4493.60009765625,4494.0,4493.10009765625,4493.7001953125,19
2026-06-05T11:00:00.000Z,GC,4493.2001953125,4494.10009765625,4492.60009765625,4493.5,63
2026-06-05T11:01:00.000Z,GC,4493.39990234375,4493.5,4492.0,4492.2998046875,43
2026-06-05T11:02:00.000Z,GC,4492.39990234375,4492.5,4490.5,4490.60009765625,44
2026-06-05T11:03:00.000Z,GC,4490.89990234375,4491.89990234375,4490.89990234375,4491.5,36
2026-06-05T11:04:00.000Z,GC,4491.10009765625,4491.10009765625,4490.7001953125,4490.7001953125,8
2026-06-05T11:05:00.000Z,GC,4491.2001953125,4491.7998046875,4491.2001953125,4491.7998046875,6
2026-06-05T11:06:00.000Z,GC,4491.10009765625,4491.10009765625,4490.2998046875,4490.2998046875,17
2026-06-05T11:07:00.000Z,GC,4490.10009765625,4492.2001953125,4490.10009765625,4492.2001953125,21
2026-06-05T11:08:00.000Z,GC,4491.60009765625,4493.39990234375,4491.60009765625,4493.0,29
2026-06-05T11:09:00.000Z,GC,4493.2001953125,4494.0,4493.2001953125,4493.5,24
2026-06-05T11:10:00.000Z,GC,4493.2998046875,4494.0,4493.10009765625,4493.10009765625,22
2026-06-05T11:11:00.000Z,GC,4492.7001953125,4493.0,4492.10009765625,4493.0,12
2026-06-05T11:12:00.000Z,GC,4492.39990234375,4492.39990234375,4491.60009765625,4491.7001953125,35
2026-06-05T11:13:00.000Z,GC,4491.7001953125,4491.7001953125,4489.89990234375,4490.10009765625,57
2026-06-05T11:14:00.000Z,GC,4489.89990234375,4490.0,4487.7998046875,4488.10009765625,85
2026-06-05T11:15:00.000Z,GC,4488.10009765625,4489.10009765625,4488.10009765625,4489.0,41
2026-06-05T11:16:00.000Z,GC,4488.89990234375,4489.7001953125,4488.60009765625,4489.2001953125,32
2026-06-05T11:17:00.000Z,GC,4489.39990234375,4490.39990234375,4489.39990234375,4490.2001953125,26
2026-06-05T11:18:00.000Z,GC,4489.89990234375,4490.2998046875,4489.10009765625,4489.5,18
2026-06-05T11:19:00.000Z,GC,4489.39990234375,4489.89990234375,4487.7001953125,4488.60009765625,70
2026-06-05T11:20:00.000Z,GC,4488.7998046875,4489.2001953125,4488.7998046875,4489.2001953125,56
2026-06-05T11:21:00.000Z,GC,4488.89990234375,4489.2001953125,4488.2001953125,4489.2001953125,21
2026-06-05T11:22:00.000Z,GC,4489.2998046875,4490.7998046875,4489.2998046875,4490.2001953125,39
2026-06-05T11:23:00.000Z,GC,4489.89990234375,4489.89990234375,4489.39990234375,4489.89990234375,16
2026-06-05T11:24:00.000Z,GC,4490.2001953125,4490.2001953125,4484.7998046875,4488.2998046875,405
2026-06-05T11:25:00.000Z,GC,4488.7001953125,4489.60009765625,4488.7001953125,4489.39990234375,21
2026-06-05T11:26:00.000Z,GC,4489.7001953125,4491.0,4489.5,4490.2998046875,43
2026-06-05T11:27:00.000Z,GC,4490.7998046875,4492.2001953125,4490.5,4491.7001953125,39
2026-06-05T11:28:00.000Z,GC,4491.5,4493.0,4491.2001953125,4492.10009765625,59
2026-06-05T11:29:00.000Z,GC,4492.5,4493.10009765625,4491.60009765625,4493.10009765625,40
2026-06-05T11:30:00.000Z,GC,4492.7998046875,4493.5,4492.2001953125,4493.10009765625,44
2026-06-05T11:31:00.000Z,GC,4493.60009765625,4494.2998046875,4492.7998046875,4492.7998046875,83
2026-06-05T11:32:00.000Z,GC,4492.60009765625,4493.10009765625,4492.39990234375,4492.7998046875,34
2026-06-05T11:33:00.000Z,GC,4492.5,4492.7998046875,4491.39990234375,4491.89990234375,45
2026-06-05T11:34:00.000Z,GC,4491.7001953125,4493.0,4491.7001953125,4492.2001953125,39
2026-06-05T11:35:00.000Z,GC,4492.2001953125,4492.5,4491.7001953125,4491.7001953125,13
2026-06-05T11:36:00.000Z,GC,4491.60009765625,4491.89990234375,4490.39990234375,4491.10009765625,31
2026-06-05T11:37:00.000Z,GC,4491.2998046875,4493.2001953125,4491.2998046875,4493.2001953125,21
2026-06-05T11:38:00.000Z,GC,4493.2998046875,4493.7998046875,4492.60009765625,4493.7998046875,44
2026-06-05T11:39:00.000Z,GC,4493.5,4493.60009765625,4490.0,4490.2001953125,103
2026-06-05T11:40:00.000Z,GC,4490.5,4491.2998046875,4490.10009765625,4490.10009765625,54
2026-06-05T11:41:00.000Z,GC,4490.10009765625,4492.0,4490.10009765625,4492.0,13
2026-06-05T11:42:00.000Z,GC,4492.0,4492.5,4492.0,4492.5,7
2026-06-05T11:43:00.000Z,GC,4492.39990234375,4492.39990234375,4491.7998046875,4492.2001953125,14
2026-06-05T11:44:00.000Z,GC,4492.2998046875,4492.2998046875,4491.10009765625,4491.7998046875,14
2026-06-05T11:45:00.000Z,GC,4491.7001953125,4492.0,4491.5,4491.5,4
2026-06-05T11:46:00.000Z,GC,4491.0,4491.5,4490.89990234375,4491.5,7
2026-06-05T11:47:00.000Z,GC,4492.0,4494.2001953125,4491.60009765625,4493.7001953125,277
2026-06-05T11:48:00.000Z,GC,4493.39990234375,4494.0,4492.89990234375,4493.7998046875,20
2026-06-05T11:49:00.000Z,GC,4494.0,4494.0,4492.5,4493.60009765625,43
2026-06-05T11:50:00.000Z,GC,4494.0,4494.7998046875,4493.60009765625,4494.7998046875,60
2026-06-05T11:51:00.000Z,GC,4494.60009765625,4502.0,4494.60009765625,4501.7001953125,218
2026-06-05T11:52:00.000Z,GC,4502.0,4502.2001953125,4497.60009765625,4498.2998046875,174
2026-06-05T11:53:00.000Z,GC,4498.39990234375,4499.89990234375,4497.89990234375,4498.0,84
2026-06-05T11:54:00.000Z,GC,4497.89990234375,4499.5,4497.7001953125,4498.7998046875,55
2026-06-05T11:55:00.000Z,GC,4499.2998046875,4499.2998046875,4497.10009765625,4497.5,57
2026-06-05T11:56:00.000Z,GC,4497.2998046875,4497.2998046875,4495.10009765625,4495.39990234375,50
2026-06-05T11:57:00.000Z,GC,4495.10009765625,4496.39990234375,4494.60009765625,4496.10009765625,87
2026-06-05T11:58:00.000Z,GC,4496.2001953125,4497.60009765625,4495.60009765625,4497.2001953125,41
2026-06-05T11:59:00.000Z,GC,4497.2998046875,4497.5,4496.2001953125,4497.0,49
2026-06-05T12:00:00.000Z,GC,4497.39990234375,4497.7998046875,4496.2998046875,4496.7001953125,82
2026-06-05T12:01:00.000Z,GC,4496.39990234375,4496.89990234375,4494.39990234375,4494.60009765625,117
2026-06-05T12:02:00.000Z,GC,4494.7998046875,4495.2998046875,4493.89990234375,4494.89990234375,43
2026-06-05T12:03:00.000Z,GC,4494.89990234375,4495.2001953125,4493.7998046875,4493.7998046875,63
2026-06-05T12:04:00.000Z,GC,4493.7998046875,4493.7998046875,4491.0,4492.0,138
2026-06-05T12:05:00.000Z,GC,4492.0,4493.7001953125,4491.7998046875,4493.7001953125,27
2026-06-05T12:06:00.000Z,GC,4493.7998046875,4493.89990234375,4493.2998046875,4493.60009765625,19
2026-06-05T12:07:00.000Z,GC,4493.89990234375,4494.60009765625,4493.7001953125,4494.2998046875,39
2026-06-05T12:08:00.000Z,GC,4494.39990234375,4494.7998046875,4492.60009765625,4493.0,34
2026-06-05T12:09:00.000Z,GC,4493.10009765625,4495.0,4492.5,4494.60009765625,79
2026-06-05T12:10:00.000Z,GC,4495.0,4496.10009765625,4494.89990234375,4496.10009765625,31
2026-06-05T12:11:00.000Z,GC,4496.7998046875,4498.10009765625,4495.60009765625,4495.60009765625,48
2026-06-05T12:12:00.000Z,GC,4496.10009765625,4496.10009765625,4493.7998046875,4494.0,106
2026-06-05T12:13:00.000Z,GC,4493.7001953125,4496.7998046875,4493.7001953125,4496.2998046875,67
2026-06-05T12:14:00.000Z,GC,4496.2001953125,4496.60009765625,4494.7001953125,4496.2001953125,79
2026-06-05T12:15:00.000Z,GC,4495.89990234375,4496.2001953125,4495.0,4495.5,32
2026-06-05T12:16:00.000Z,GC,4495.0,4496.7001953125,4495.0,4496.2001953125,30
2026-06-05T12:17:00.000Z,GC,4496.2001953125,4496.39990234375,4495.2001953125,4496.10009765625,80
2026-06-05T12:18:00.000Z,GC,4495.89990234375,4498.7998046875,4495.89990234375,4497.60009765625,104
2026-06-05T12:19:00.000Z,GC,4497.7998046875,4500.60009765625,4497.39990234375,4499.89990234375,128
2026-06-05T12:20:00.000Z,GC,4499.7001953125,4502.7998046875,4495.5,4496.0,387
2026-06-05T12:21:00.000Z,GC,4496.39990234375,4497.0,4495.39990234375,4496.5,133
2026-06-05T12:22:00.000Z,GC,4496.2001953125,4497.2998046875,4495.2001953125,4496.60009765625,139
2026-06-05T12:23:00.000Z,GC,4496.5,4497.2001953125,4493.7998046875,4495.5,268
2026-06-05T12:24:00.000Z,GC,4495.60009765625,4495.7998046875,4494.10009765625,4495.2001953125,110
2026-06-05T12:25:00.000Z,GC,4495.2001953125,4496.0,4492.39990234375,4492.39990234375,150
2026-06-05T12:26:00.000Z,GC,4492.89990234375,4493.7998046875,4491.39990234375,4491.7998046875,124
2026-06-05T12:27:00.000Z,GC,4491.7998046875,4491.7998046875,4489.39990234375,4490.60009765625,179
2026-06-05T12:28:00.000Z,GC,4490.7998046875,4491.0,4488.10009765625,4489.10009765625,140
2026-06-05T12:29:00.000Z,GC,4489.5,4491.89990234375,4489.2001953125,4491.0,128
2026-06-05T12:30:00.000Z,GC,4493.5,4493.5,4473.7001953125,4477.60009765625,1040
2026-06-05T12:31:00.000Z,GC,4477.39990234375,4478.89990234375,4473.2001953125,4477.39990234375,691
2026-06-05T12:32:00.000Z,GC,4477.39990234375,4479.5,4475.89990234375,4477.89990234375,343
2026-06-05T12:33:00.000Z,GC,4476.89990234375,4481.5,4476.39990234375,4481.2001953125,271
2026-06-05T12:34:00.000Z,GC,4481.39990234375,4482.5,4477.7998046875,4479.2001953125,409
2026-06-05T12:35:00.000Z,GC,4479.2001953125,4480.39990234375,4475.0,4475.0,350
2026-06-05T12:36:00.000Z,GC,4474.7998046875,4475.10009765625,4465.5,4467.89990234375,1221
2026-06-05T12:37:00.000Z,GC,4468.10009765625,4470.7998046875,4467.2001953125,4467.89990234375,363
2026-06-05T12:38:00.000Z,GC,4468.2001953125,4470.5,4466.39990234375,4467.89990234375,415
2026-06-05T12:39:00.000Z,GC,4468.2998046875,4471.89990234375,4467.7998046875,4470.0,370
2026-06-05T12:40:00.000Z,GC,4470.2998046875,4473.60009765625,4469.10009765625,4472.89990234375,213
2026-06-05T12:41:00.000Z,GC,4473.0,4474.60009765625,4470.2001953125,4472.5,331
2026-06-05T12:42:00.000Z,GC,4472.5,4474.0,4470.7998046875,4471.60009765625,127
2026-06-05T12:43:00.000Z,GC,4471.0,4473.39990234375,4469.39990234375,4473.10009765625,210
2026-06-05T12:44:00.000Z,GC,4473.2001953125,4473.60009765625,4471.2001953125,4472.10009765625,181
2026-06-05T12:45:00.000Z,GC,4472.10009765625,4474.2998046875,4470.2998046875,4473.39990234375,241
2026-06-05T12:46:00.000Z,GC,4473.5,4475.7001953125,4472.2998046875,4474.10009765625,152
2026-06-05T12:47:00.000Z,GC,4474.0,4475.0,4471.89990234375,4472.0,243
2026-06-05T12:48:00.000Z,GC,4472.0,4473.5,4470.10009765625,4470.60009765625,173
2026-06-05T12:49:00.000Z,GC,4470.7998046875,4470.7998046875,4466.2998046875,4466.60009765625,358
2026-06-05T12:50:00.000Z,GC,4466.2998046875,4467.10009765625,4460.60009765625,4463.39990234375,665
2026-06-05T12:51:00.000Z,GC,4463.2998046875,4463.2998046875,4452.89990234375,4454.10009765625,762
2026-06-05T12:52:00.000Z,GC,4453.7998046875,4458.2998046875,4446.60009765625,4449.10009765625,1835
2026-06-05T12:53:00.000Z,GC,4448.89990234375,4450.89990234375,4446.10009765625,4447.7001953125,565
2026-06-05T12:54:00.000Z,GC,4447.10009765625,4448.5,4442.89990234375,4443.0,763
2026-06-05T12:55:00.000Z,GC,4443.10009765625,4446.0,4438.89990234375,4442.2998046875,960
2026-06-05T12:56:00.000Z,GC,4442.0,4442.0,4438.2001953125,4439.0,461
2026-06-05T12:57:00.000Z,GC,4439.2001953125,4439.2998046875,4434.2001953125,4436.89990234375,808
2026-06-05T12:58:00.000Z,GC,4436.89990234375,4441.39990234375,4435.0,4438.5,500
2026-06-05T12:59:00.000Z,GC,4438.60009765625,4438.60009765625,4430.10009765625,4432.10009765625,891
2026-06-05T13:00:00.000Z,GC,4432.0,4432.89990234375,4425.2001953125,4430.7001953125,1458
2026-06-05T13:01:00.000Z,GC,4430.7001953125,4442.2998046875,4430.0,4442.2998046875,879
2026-06-05T13:02:00.000Z,GC,4441.7998046875,4444.10009765625,4438.2001953125,4438.7998046875,872
2026-06-05T13:03:00.000Z,GC,4438.39990234375,4438.39990234375,4434.10009765625,4436.0,526
2026-06-05T13:04:00.000Z,GC,4435.89990234375,4437.7001953125,4433.7001953125,4437.60009765625,373
2026-06-05T13:05:00.000Z,GC,4437.89990234375,4440.10009765625,4437.10009765625,4439.89990234375,326
2026-06-05T13:06:00.000Z,GC,4439.39990234375,4439.39990234375,4433.0,4436.0,423
2026-06-05T13:07:00.000Z,GC,4435.89990234375,4442.0,4435.0,4441.10009765625,206
2026-06-05T13:08:00.000Z,GC,4440.89990234375,4442.89990234375,4439.60009765625,4442.89990234375,173
2026-06-05T13:09:00.000Z,GC,4442.7001953125,4445.39990234375,4440.5,4442.10009765625,426
2026-06-05T13:10:00.000Z,GC,4441.7001953125,4443.0,4439.89990234375,4442.10009765625,227
2026-06-05T13:11:00.000Z,GC,4442.7998046875,4445.10009765625,4441.89990234375,4443.7998046875,137
2026-06-05T13:12:00.000Z,GC,4443.60009765625,4446.39990234375,4443.2998046875,4443.89990234375,193
2026-06-05T13:13:00.000Z,GC,4444.2001953125,4445.7998046875,4440.7998046875,4441.7001953125,207
2026-06-05T13:14:00.000Z,GC,4442.2998046875,4446.2001953125,4442.2998046875,4443.89990234375,190
2026-06-05T13:15:00.000Z,GC,4443.60009765625,4444.89990234375,4441.89990234375,4443.0,239
2026-06-05T13:16:00.000Z,GC,4442.89990234375,4446.60009765625,4442.10009765625,4443.10009765625,273
2026-06-05T13:17:00.000Z,GC,4442.7998046875,4445.39990234375,4441.5,4442.5,136
2026-06-05T13:18:00.000Z,GC,4442.2001953125,4445.10009765625,4441.2998046875,4444.2001953125,146
2026-06-05T13:19:00.000Z,GC,4444.5,4444.5,4441.7998046875,4443.0,140
2026-06-05T13:20:00.000Z,GC,4443.2001953125,4443.2001953125,4439.39990234375,4441.0,294
2026-06-05T13:21:00.000Z,GC,4441.10009765625,4446.2998046875,4441.10009765625,4443.60009765625,286
2026-06-05T13:22:00.000Z,GC,4443.39990234375,4445.2001953125,4441.2001953125,4441.2001953125,154
2026-06-05T13:23:00.000Z,GC,4441.2998046875,4441.7998046875,4437.7998046875,4440.7001953125,231
2026-06-05T13:24:00.000Z,GC,4440.7001953125,4441.10009765625,4435.0,4435.5,304
2026-06-05T13:25:00.000Z,GC,4435.7998046875,4439.10009765625,4435.7998046875,4438.0,171
2026-06-05T13:26:00.000Z,GC,4437.89990234375,4440.7001953125,4436.7998046875,4437.39990234375,254
2026-06-05T13:27:00.000Z,GC,4437.60009765625,4437.7001953125,4435.60009765625,4435.7001953125,179
2026-06-05T13:28:00.000Z,GC,4436.7001953125,4438.2001953125,4433.7001953125,4433.89990234375,174
2026-06-05T13:29:00.000Z,GC,4433.89990234375,4434.10009765625,4429.60009765625,4430.5,534
2026-06-05T13:30:00.000Z,GC,4430.7998046875,4433.89990234375,4423.5,4425.0,1017
2026-06-05T13:31:00.000Z,GC,4425.0,4430.39990234375,4423.2998046875,4430.39990234375,634
2026-06-05T13:32:00.000Z,GC,4430.2998046875,4435.5,4430.2001953125,4434.7998046875,367
2026-06-05T13:33:00.000Z,GC,4434.7998046875,4435.10009765625,4427.2998046875,4430.89990234375,359
2026-06-05T13:34:00.000Z,GC,4430.60009765625,4432.7998046875,4429.0,4430.7001953125,279
2026-06-05T13:35:00.000Z,GC,4430.2998046875,4430.2998046875,4425.39990234375,4429.5,239
2026-06-05T13:36:00.000Z,GC,4429.7998046875,4430.0,4423.5,4423.5,276
2026-06-05T13:37:00.000Z,GC,4424.10009765625,4424.39990234375,4414.5,4414.7998046875,1100
2026-06-05T13:38:00.000Z,GC,4414.60009765625,4415.39990234375,4411.2001953125,4413.7001953125,668
2026-06-05T13:39:00.000Z,GC,4413.0,4417.89990234375,4412.0,4417.5,437
2026-06-05T13:40:00.000Z,GC,4417.2998046875,4422.89990234375,4415.60009765625,4422.0,514
2026-06-05T13:41:00.000Z,GC,4421.7998046875,4423.7001953125,4415.60009765625,4416.89990234375,549
2026-06-05T13:42:00.000Z,GC,4416.2998046875,4417.7001953125,4413.7001953125,4416.0,314
2026-06-05T13:43:00.000Z,GC,4416.10009765625,4419.10009765625,4413.60009765625,4415.2001953125,294
2026-06-05T13:44:00.000Z,GC,4415.0,4416.7998046875,4413.60009765625,4414.7001953125,215
2026-06-05T13:45:00.000Z,GC,4414.2998046875,4416.2998046875,4410.10009765625,4411.39990234375,587
2026-06-05T13:46:00.000Z,GC,4411.60009765625,4414.5,4410.89990234375,4414.0,354
2026-06-05T13:47:00.000Z,GC,4413.2998046875,4414.89990234375,4408.60009765625,4409.5,472
2026-06-05T13:48:00.000Z,GC,4410.10009765625,4413.2998046875,4409.39990234375,4413.0,267
2026-06-05T13:49:00.000Z,GC,4413.10009765625,4413.10009765625,4408.39990234375,4409.10009765625,409
2026-06-05T13:50:00.000Z,GC,4408.7001953125,4411.5,4407.60009765625,4408.2001953125,526
2026-06-05T13:51:00.000Z,GC,4408.5,4412.39990234375,4407.7998046875,4411.60009765625,460
2026-06-05T13:52:00.000Z,GC,4411.7998046875,4413.2998046875,4406.7998046875,4410.7001953125,826
2026-06-05T13:53:00.000Z,GC,4410.60009765625,4412.7001953125,4408.10009765625,4409.0,510
2026-06-05T13:54:00.000Z,GC,4408.89990234375,4411.7998046875,4407.10009765625,4410.2998046875,320
2026-06-05T13:55:00.000Z,GC,4410.39990234375,4411.10009765625,4407.0,4407.39990234375,406
2026-06-05T13:56:00.000Z,GC,4407.60009765625,4409.2998046875,4401.7001953125,4404.39990234375,778
2026-06-05T13:57:00.000Z,GC,4404.39990234375,4405.60009765625,4401.5,4402.2001953125,319
2026-06-05T13:58:00.000Z,GC,4402.2001953125,4403.7998046875,4401.0,4403.2001953125,387
2026-06-05T13:59:00.000Z,GC,4402.89990234375,4403.2001953125,4390.0,4390.5,2130
2026-06-05T14:00:00.000Z,GC,4390.39990234375,4393.2998046875,4388.7998046875,4392.7001953125,1471
2026-06-05T14:01:00.000Z,GC,4392.60009765625,4393.60009765625,4388.2998046875,4392.39990234375,759
2026-06-05T14:02:00.000Z,GC,4392.10009765625,4404.2001953125,4392.10009765625,4402.39990234375,1442
2026-06-05T14:03:00.000Z,GC,4402.0,4404.0,4399.0,4401.5,810
2026-06-05T14:04:00.000Z,GC,4401.39990234375,4401.7001953125,4391.0,4396.60009765625,739
2026-06-05T14:05:00.000Z,GC,4396.60009765625,4400.7998046875,4394.39990234375,4395.2998046875,461
2026-06-05T14:06:00.000Z,GC,4395.10009765625,4395.5,4388.10009765625,4391.5,657
2026-06-05T14:07:00.000Z,GC,4391.2998046875,4395.2001953125,4391.2998046875,4393.7001953125,367
2026-06-05T14:08:00.000Z,GC,4393.5,4399.0,4392.89990234375,4399.0,789
2026-06-05T14:09:00.000Z,GC,4398.7001953125,4402.2998046875,4396.0,4399.2001953125,570
2026-06-05T14:10:00.000Z,GC,4399.2001953125,4401.7001953125,4397.60009765625,4398.0,591
2026-06-05T14:11:00.000Z,GC,4397.7998046875,4398.7001953125,4391.2001953125,4392.5,479
2026-06-05T14:12:00.000Z,GC,4392.60009765625,4394.7998046875,4390.5,4393.89990234375,447
2026-06-05T14:13:00.000Z,GC,4393.7998046875,4393.7998046875,4389.5,4390.2001953125,490
2026-06-05T14:14:00.000Z,GC,4390.2998046875,4391.2001953125,4388.39990234375,4391.10009765625,386
2026-06-05T14:15:00.000Z,GC,4390.89990234375,4393.0,4389.39990234375,4391.7998046875,308
2026-06-05T14:16:00.000Z,GC,4392.10009765625,4392.10009765625,4389.39990234375,4390.2998046875,192
2026-06-05T14:17:00.000Z,GC,4390.5,4392.7001953125,4389.5,4392.39990234375,220
2026-06-05T14:18:00.000Z,GC,4392.2998046875,4393.0,4390.10009765625,4392.0,173
2026-06-05T14:19:00.000Z,GC,4391.89990234375,4395.39990234375,4391.5,4394.60009765625,339
2026-06-05T14:20:00.000Z,GC,4394.2998046875,4395.2001953125,4391.10009765625,4394.7998046875,381
2026-06-05T14:21:00.000Z,GC,4395.10009765625,4395.60009765625,4388.89990234375,4391.0,548
2026-06-05T14:22:00.000Z,GC,4390.89990234375,4391.0,4381.39990234375,4382.10009765625,1384
2026-06-05T14:23:00.000Z,GC,4382.10009765625,4386.7998046875,4380.89990234375,4384.5,446
2026-06-05T14:24:00.000Z,GC,4384.2998046875,4385.39990234375,4380.0,4382.2998046875,715
2026-06-05T14:25:00.000Z,GC,4382.0,4384.39990234375,4377.5,4379.0,686
2026-06-05T14:26:00.000Z,GC,4379.10009765625,4381.2998046875,4377.5,4380.89990234375,491
2026-06-05T14:27:00.000Z,GC,4380.89990234375,4384.89990234375,4380.60009765625,4383.89990234375,247
2026-06-05T14:28:00.000Z,GC,4383.5,4384.2001953125,4381.5,4384.2001953125,315
2026-06-05T14:29:00.000Z,GC,4383.89990234375,4386.5,4382.7998046875,4385.7001953125,358
2026-06-05T14:30:00.000Z,GC,4385.7001953125,4388.7998046875,4385.5,4386.39990234375,793
2026-06-05T14:31:00.000Z,GC,4386.2998046875,4386.7998046875,4379.10009765625,4382.10009765625,734
2026-06-05T14:32:00.000Z,GC,4382.39990234375,4388.0,4382.2001953125,4384.10009765625,349
2026-06-05T14:33:00.000Z,GC,4384.2998046875,4384.7998046875,4374.2998046875,4374.5,527
2026-06-05T14:34:00.000Z,GC,4374.60009765625,4379.10009765625,4374.2998046875,4378.2998046875,536
2026-06-05T14:35:00.000Z,GC,4377.7998046875,4379.5,4375.2001953125,4379.39990234375,226
2026-06-05T14:36:00.000Z,GC,4379.10009765625,4379.2001953125,4372.2001953125,4377.0,632
2026-06-05T14:37:00.000Z,GC,4377.10009765625,4378.89990234375,4372.89990234375,4377.7998046875,249
2026-06-05T14:38:00.000Z,GC,4377.60009765625,4378.2001953125,4372.7998046875,4373.7001953125,253
2026-06-05T14:39:00.000Z,GC,4374.0,4375.7001953125,4372.7998046875,4373.2001953125,200
2026-06-05T14:40:00.000Z,GC,4373.60009765625,4373.89990234375,4370.39990234375,4373.2998046875,290
2026-06-05T14:41:00.000Z,GC,4373.39990234375,4375.2998046875,4372.10009765625,4374.89990234375,239
2026-06-05T14:42:00.000Z,GC,4375.2001953125,4375.2001953125,4370.7998046875,4373.60009765625,140
2026-06-05T14:43:00.000Z,GC,4374.2001953125,4374.5,4370.2001953125,4371.7001953125,209
2026-06-05T14:44:00.000Z,GC,4371.5,4374.39990234375,4369.39990234375,4374.39990234375,233
2026-06-05T14:45:00.000Z,GC,4373.7998046875,4377.60009765625,4373.10009765625,4377.2998046875,257
2026-06-05T14:46:00.000Z,GC,4377.0,4379.39990234375,4375.0,4378.2998046875,321
2026-06-05T14:47:00.000Z,GC,4378.39990234375,4380.89990234375,4377.39990234375,4380.60009765625,454
2026-06-05T14:48:00.000Z,GC,4380.39990234375,4384.39990234375,4378.7998046875,4380.0,508
2026-06-05T14:49:00.000Z,GC,4379.7998046875,4382.10009765625,4378.2998046875,4381.2998046875,179
2026-06-05T14:50:00.000Z,GC,4380.7998046875,4384.7001953125,4379.7998046875,4384.2998046875,225
2026-06-05T14:51:00.000Z,GC,4384.10009765625,4391.7998046875,4383.89990234375,4390.89990234375,988
2026-06-05T14:52:00.000Z,GC,4390.89990234375,4390.89990234375,4385.2001953125,4385.60009765625,446
2026-06-05T14:53:00.000Z,GC,4385.89990234375,4388.2998046875,4384.0,4388.10009765625,263
2026-06-05T14:54:00.000Z,GC,4388.10009765625,4388.7001953125,4385.5,4387.7001953125,170
2026-06-05T14:55:00.000Z,GC,4387.60009765625,4389.7001953125,4385.5,4389.10009765625,295
2026-06-05T14:56:00.000Z,GC,4389.2001953125,4392.39990234375,4388.39990234375,4390.2001953125,346
2026-06-05T14:57:00.000Z,GC,4390.5,4394.2998046875,4389.7998046875,4393.60009765625,246
2026-06-05T14:58:00.000Z,GC,4393.60009765625,4394.5,4392.0,4392.0,270
2026-06-05T14:59:00.000Z,GC,4391.89990234375,4394.89990234375,4389.89990234375,4394.60009765625,250
2026-06-05T15:00:00.000Z,GC,4394.60009765625,4397.2998046875,4392.89990234375,4394.0,359
2026-06-05T15:01:00.000Z,GC,4393.89990234375,4394.39990234375,4391.89990234375,4392.5,189
2026-06-05T15:02:00.000Z,GC,4392.2998046875,4392.7001953125,4387.60009765625,4391.39990234375,317
2026-06-05T15:03:00.000Z,GC,4391.2998046875,4393.39990234375,4390.7001953125,4391.0,127
2026-06-05T15:04:00.000Z,GC,4391.0,4393.2001953125,4390.89990234375,4393.10009765625,175
2026-06-05T15:05:00.000Z,GC,4392.89990234375,4394.10009765625,4391.89990234375,4391.89990234375,146
2026-06-05T15:06:00.000Z,GC,4392.2998046875,4393.39990234375,4390.5,4391.10009765625,114
2026-06-05T15:07:00.000Z,GC,4391.10009765625,4391.7998046875,4389.5,4390.0,122
2026-06-05T15:08:00.000Z,GC,4389.89990234375,4390.10009765625,4387.2001953125,4388.39990234375,172
2026-06-05T15:09:00.000Z,GC,4388.7001953125,4391.2998046875,4386.7001953125,4386.89990234375,194
2026-06-05T15:10:00.000Z,GC,4386.60009765625,4386.89990234375,4384.0,4385.39990234375,230
2026-06-05T15:11:00.000Z,GC,4385.2998046875,4386.89990234375,4382.60009765625,4383.39990234375,159
2026-06-05T15:12:00.000Z,GC,4383.60009765625,4385.5,4382.7998046875,4384.7998046875,112
2026-06-05T15:13:00.000Z,GC,4384.39990234375,4384.89990234375,4383.0,4384.60009765625,188
2026-06-05T15:14:00.000Z,GC,4384.7998046875,4384.7998046875,4377.5,4378.0,461
2026-06-05T15:15:00.000Z,GC,4377.89990234375,4380.60009765625,4377.39990234375,4378.2001953125,386
2026-06-05T15:16:00.000Z,GC,4378.2001953125,4378.39990234375,4375.7998046875,4376.7998046875,275
2026-06-05T15:17:00.000Z,GC,4376.7998046875,4377.0,4373.89990234375,4375.0,331
2026-06-05T15:18:00.000Z,GC,4375.10009765625,4376.5,4374.5,4376.5,157
2026-06-05T15:19:00.000Z,GC,4376.2998046875,4380.89990234375,4376.2998046875,4380.2001953125,252
2026-06-05T15:20:00.000Z,GC,4380.0,4380.2001953125,4372.89990234375,4374.2001953125,228
2026-06-05T15:21:00.000Z,GC,4374.10009765625,4375.89990234375,4373.39990234375,4375.39990234375,189
2026-06-05T15:22:00.000Z,GC,4375.5,4376.10009765625,4374.10009765625,4375.5,112
2026-06-05T15:23:00.000Z,GC,4375.89990234375,4383.10009765625,4374.60009765625,4377.10009765625,570
2026-06-05T15:24:00.000Z,GC,4377.2998046875,4377.7001953125,4376.2001953125,4377.5,107
2026-06-05T15:25:00.000Z,GC,4377.39990234375,4379.39990234375,4376.5,4377.2001953125,132
2026-06-05T15:26:00.000Z,GC,4376.7998046875,4379.10009765625,4375.7001953125,4377.7001953125,106
2026-06-05T15:27:00.000Z,GC,4378.0,4380.2998046875,4377.0,4379.7001953125,96
2026-06-05T15:28:00.000Z,GC,4380.0,4380.2001953125,4376.2001953125,4376.2001953125,152
2026-06-05T15:29:00.000Z,GC,4376.2001953125,4378.0,4374.5,4376.7998046875,123
2026-06-05T15:30:00.000Z,GC,4377.0,4380.10009765625,4376.5,4379.0,158
2026-06-05T15:31:00.000Z,GC,4379.10009765625,4379.2998046875,4375.0,4376.7998046875,141
2026-06-05T15:32:00.000Z,GC,4377.2001953125,4377.2998046875,4375.7001953125,4376.39990234375,203
2026-06-05T15:33:00.000Z,GC,4376.39990234375,4376.7998046875,4371.60009765625,4372.10009765625,178
2026-06-05T15:34:00.000Z,GC,4372.39990234375,4372.60009765625,4370.10009765625,4371.7998046875,449
2026-06-05T15:35:00.000Z,GC,4371.7998046875,4374.5,4371.7998046875,4373.7998046875,117
2026-06-05T15:36:00.000Z,GC,4374.0,4374.5,4371.7998046875,4372.10009765625,137
2026-06-05T15:37:00.000Z,GC,4372.2998046875,4374.2998046875,4367.0,4367.89990234375,335
2026-06-05T15:38:00.000Z,GC,4367.89990234375,4368.5,4361.5,4361.89990234375,734
2026-06-05T15:39:00.000Z,GC,4362.5,4365.60009765625,4361.2998046875,4365.60009765625,322
2026-06-05T15:40:00.000Z,GC,4364.89990234375,4365.60009765625,4362.2001953125,4364.60009765625,164
2026-06-05T15:41:00.000Z,GC,4364.39990234375,4364.5,4360.5,4361.2001953125,315
2026-06-05T15:42:00.000Z,GC,4361.10009765625,4366.0,4361.10009765625,4365.7998046875,195
2026-06-05T15:43:00.000Z,GC,4365.60009765625,4366.7001953125,4364.2998046875,4366.39990234375,141
2026-06-05T15:44:00.000Z,GC,4366.10009765625,4366.60009765625,4363.2001953125,4363.2998046875,120
2026-06-05T15:45:00.000Z,GC,4363.39990234375,4365.10009765625,4362.60009765625,4364.2001953125,155
2026-06-05T15:46:00.000Z,GC,4364.2998046875,4364.5,4362.2998046875,4363.2998046875,137
2026-06-05T15:47:00.000Z,GC,4363.7001953125,4366.2001953125,4363.39990234375,4363.39990234375,154
2026-06-05T15:48:00.000Z,GC,4363.0,4363.89990234375,4362.60009765625,4363.2998046875,81
2026-06-05T15:49:00.000Z,GC,4363.0,4364.39990234375,4361.5,4364.39990234375,61
2026-06-05T15:50:00.000Z,GC,4364.0,4366.0,4362.60009765625,4362.7001953125,121
2026-06-05T15:51:00.000Z,GC,4362.7998046875,4365.5,4361.7998046875,4364.10009765625,161
2026-06-05T15:52:00.000Z,GC,4364.0,4366.10009765625,4363.60009765625,4366.0,77
2026-06-05T15:53:00.000Z,GC,4365.7998046875,4366.39990234375,4365.0,4365.2001953125,53
2026-06-05T15:54:00.000Z,GC,4365.5,4366.89990234375,4364.7998046875,4365.5,118
2026-06-05T15:55:00.000Z,GC,4365.5,4366.10009765625,4362.39990234375,4364.2001953125,156
2026-06-05T15:56:00.000Z,GC,4364.39990234375,4365.7998046875,4363.7998046875,4363.89990234375,141
2026-06-05T15:57:00.000Z,GC,4363.89990234375,4364.5,4361.2998046875,4363.39990234375,145
2026-06-05T15:58:00.000Z,GC,4363.2998046875,4363.2998046875,4359.10009765625,4359.7001953125,302
2026-06-05T15:59:00.000Z,GC,4359.7001953125,4361.60009765625,4358.7998046875,4360.39990234375,244
2026-06-05T16:00:00.000Z,GC,4360.2998046875,4361.0,4355.7998046875,4357.2998046875,419
2026-06-05T16:01:00.000Z,GC,4357.39990234375,4359.0,4355.5,4357.89990234375,261
2026-06-05T16:02:00.000Z,GC,4358.10009765625,4359.89990234375,4354.7001953125,4359.89990234375,228
2026-06-05T16:03:00.000Z,GC,4360.0,4366.7001953125,4359.7001953125,4360.10009765625,564
2026-06-05T16:04:00.000Z,GC,4360.2001953125,4360.89990234375,4358.7998046875,4359.10009765625,161
2026-06-05T16:05:00.000Z,GC,4359.0,4359.0,4355.7998046875,4356.2001953125,177
2026-06-05T16:06:00.000Z,GC,4356.0,4356.39990234375,4354.0,4354.89990234375,182
2026-06-05T16:07:00.000Z,GC,4354.60009765625,4357.7001953125,4354.5,4355.0,154
2026-06-05T16:08:00.000Z,GC,4354.89990234375,4356.89990234375,4354.5,4356.60009765625,147
2026-06-05T16:09:00.000Z,GC,4356.5,4358.89990234375,4356.0,4357.7998046875,96
2026-06-05T16:10:00.000Z,GC,4357.5,4359.39990234375,4356.2998046875,4357.7998046875,198
2026-06-05T16:11:00.000Z,GC,4357.5,4359.39990234375,4357.5,4359.39990234375,128
2026-06-05T16:12:00.000Z,GC,4359.10009765625,4361.7001953125,4358.2998046875,4361.39990234375,148
2026-06-05T16:13:00.000Z,GC,4361.2998046875,4363.39990234375,4361.2001953125,4361.89990234375,260
2026-06-05T16:14:00.000Z,GC,4361.89990234375,4363.0,4358.2001953125,4358.2001953125,138
2026-06-05T16:15:00.000Z,GC,4358.10009765625,4358.60009765625,4355.0,4355.2998046875,167
2026-06-05T16:16:00.000Z,GC,4355.2001953125,4355.60009765625,4352.0,4354.2998046875,222
2026-06-05T16:17:00.000Z,GC,4354.39990234375,4356.10009765625,4351.5,4351.7998046875,206
2026-06-05T16:18:00.000Z,GC,4351.89990234375,4352.7998046875,4351.39990234375,4352.60009765625,241
2026-06-05T16:19:00.000Z,GC,4352.2998046875,4355.7998046875,4350.2998046875,4355.60009765625,409
2026-06-05T16:20:00.000Z,GC,4355.39990234375,4355.7001953125,4351.2998046875,4351.2998046875,231
2026-06-05T16:21:00.000Z,GC,4351.10009765625,4354.0,4350.7001953125,4353.39990234375,105
2026-06-05T16:22:00.000Z,GC,4353.2001953125,4353.7001953125,4352.0,4352.60009765625,144
2026-06-05T16:23:00.000Z,GC,4352.5,4352.89990234375,4350.0,4352.7998046875,205
2026-06-05T16:24:00.000Z,GC,4352.89990234375,4354.0,4351.7001953125,4353.5,132
2026-06-05T16:25:00.000Z,GC,4353.7001953125,4358.39990234375,4353.0,4357.5,190
2026-06-05T16:26:00.000Z,GC,4357.7998046875,4358.60009765625,4354.89990234375,4355.2001953125,176
2026-06-05T16:27:00.000Z,GC,4355.10009765625,4356.89990234375,4354.60009765625,4354.89990234375,135
2026-06-05T16:28:00.000Z,GC,4355.0,4357.5,4354.2001953125,4356.39990234375,131
2026-06-05T16:29:00.000Z,GC,4356.0,4356.0,4354.10009765625,4354.5,120
2026-06-05T16:30:00.000Z,GC,4354.2998046875,4354.7998046875,4351.89990234375,4352.5,153
2026-06-05T16:31:00.000Z,GC,4352.2001953125,4353.0,4349.7998046875,4351.2001953125,189
2026-06-05T16:32:00.000Z,GC,4351.0,4351.89990234375,4349.2998046875,4350.89990234375,181
2026-06-05T16:33:00.000Z,GC,4350.7001953125,4352.39990234375,4349.2001953125,4349.5,136
2026-06-05T16:34:00.000Z,GC,4349.2001953125,4354.39990234375,4347.5,4353.7998046875,253
2026-06-05T16:35:00.000Z,GC,4353.2998046875,4353.7998046875,4349.89990234375,4350.7998046875,192
2026-06-05T16:36:00.000Z,GC,4350.60009765625,4352.10009765625,4349.89990234375,4350.39990234375,156
2026-06-05T16:37:00.000Z,GC,4350.2998046875,4354.89990234375,4350.2998046875,4354.10009765625,139
2026-06-05T16:38:00.000Z,GC,4353.89990234375,4357.0,4353.89990234375,4356.0,108
2026-06-05T16:39:00.000Z,GC,4356.0,4356.5,4354.7998046875,4356.2998046875,106
2026-06-05T16:40:00.000Z,GC,4356.2998046875,4356.7001953125,4353.10009765625,4354.2001953125,133
2026-06-05T16:41:00.000Z,GC,4354.0,4355.0,4353.7001953125,4353.7001953125,90
2026-06-05T16:42:00.000Z,GC,4353.7998046875,4354.10009765625,4351.7001953125,4352.10009765625,144
2026-06-05T16:43:00.000Z,GC,4352.5,4353.60009765625,4352.2001953125,4352.60009765625,54
2026-06-05T16:44:00.000Z,GC,4352.39990234375,4353.0,4350.7001953125,4352.39990234375,138
2026-06-05T16:45:00.000Z,GC,4352.2001953125,4353.39990234375,4349.5,4350.2998046875,231
2026-06-05T16:46:00.000Z,GC,4350.5,4356.0,4350.5,4353.89990234375,153
2026-06-05T16:47:00.000Z,GC,4353.7001953125,4355.5,4352.89990234375,4355.5,100
2026-06-05T16:48:00.000Z,GC,4355.2998046875,4357.60009765625,4354.89990234375,4357.39990234375,368
2026-06-05T16:49:00.000Z,GC,4357.2001953125,4359.2001953125,4356.89990234375,4358.60009765625,216
2026-06-05T16:50:00.000Z,GC,4358.60009765625,4360.10009765625,4358.2998046875,4358.2998046875,108
2026-06-05T16:51:00.000Z,GC,4358.2998046875,4360.5,4357.89990234375,4359.7001953125,177
2026-06-05T16:52:00.000Z,GC,4359.2998046875,4360.2001953125,4358.60009765625,4360.0,121
2026-06-05T16:53:00.000Z,GC,4359.7998046875,4361.2998046875,4359.5,4361.10009765625,115
2026-06-05T16:54:00.000Z,GC,4360.89990234375,4363.89990234375,4360.60009765625,4363.0,211
2026-06-05T16:55:00.000Z,GC,4362.60009765625,4363.7998046875,4361.2001953125,4362.39990234375,192
2026-06-05T16:56:00.000Z,GC,4362.2998046875,4365.5,4361.60009765625,4364.89990234375,239
2026-06-05T16:57:00.000Z,GC,4365.2998046875,4370.2998046875,4364.60009765625,4368.0,524
2026-06-05T16:58:00.000Z,GC,4367.89990234375,4368.39990234375,4366.39990234375,4367.5,230
2026-06-05T16:59:00.000Z,GC,4367.39990234375,4369.60009765625,4366.2998046875,4369.10009765625,247
2026-06-05T17:00:00.000Z,GC,4369.2998046875,4371.39990234375,4367.5,4369.0,265
2026-06-05T17:01:00.000Z,GC,4368.89990234375,4369.10009765625,4365.0,4365.0,147
2026-06-05T17:02:00.000Z,GC,4365.2998046875,4367.2998046875,4365.10009765625,4367.0,145
2026-06-05T17:03:00.000Z,GC,4366.60009765625,4366.7998046875,4363.7998046875,4366.7998046875,208
2026-06-05T17:04:00.000Z,GC,4367.10009765625,4370.0,4366.39990234375,4368.7998046875,251
2026-06-05T17:05:00.000Z,GC,4368.5,4368.5,4365.89990234375,4367.89990234375,83
2026-06-05T17:06:00.000Z,GC,4367.89990234375,4368.0,4364.7001953125,4365.2998046875,120
2026-06-05T17:07:00.000Z,GC,4364.89990234375,4366.0,4364.10009765625,4365.89990234375,256
2026-06-05T17:08:00.000Z,GC,4366.5,4366.60009765625,4364.39990234375,4365.2001953125,34
2026-06-05T17:09:00.000Z,GC,4365.2998046875,4365.5,4363.2998046875,4364.0,108
2026-06-05T17:10:00.000Z,GC,4363.7998046875,4364.7998046875,4362.5,4363.2998046875,151
2026-06-05T17:11:00.000Z,GC,4363.2001953125,4363.60009765625,4361.39990234375,4361.89990234375,130
2026-06-05T17:12:00.000Z,GC,4361.7001953125,4364.39990234375,4361.0,4364.0,155
2026-06-05T17:13:00.000Z,GC,4364.2001953125,4366.2998046875,4363.7001953125,4365.2001953125,126
2026-06-05T17:14:00.000Z,GC,4365.10009765625,4366.10009765625,4363.7001953125,4363.89990234375,53
2026-06-05T17:15:00.000Z,GC,4364.39990234375,4366.7998046875,4364.39990234375,4366.5,153
2026-06-05T17:16:00.000Z,GC,4366.2001953125,4366.2001953125,4362.39990234375,4363.10009765625,179
2026-06-05T17:17:00.000Z,GC,4363.0,4366.7998046875,4362.7998046875,4366.2001953125,154
2026-06-05T17:18:00.000Z,GC,4365.7998046875,4365.7998046875,4363.7998046875,4363.7998046875,89
2026-06-05T17:19:00.000Z,GC,4363.7998046875,4363.89990234375,4360.7998046875,4363.39990234375,185
2026-06-05T17:20:00.000Z,GC,4363.39990234375,4363.5,4360.2001953125,4362.2001953125,159
2026-06-05T17:21:00.000Z,GC,4362.10009765625,4366.2001953125,4362.10009765625,4364.5,196
2026-06-05T17:22:00.000Z,GC,4364.39990234375,4365.89990234375,4363.7998046875,4365.0,99
2026-06-05T17:23:00.000Z,GC,4364.7998046875,4364.89990234375,4363.0,4364.10009765625,137
2026-06-05T17:24:00.000Z,GC,4363.89990234375,4365.2998046875,4361.2998046875,4363.7998046875,312
2026-06-05T17:25:00.000Z,GC,4363.7998046875,4366.0,4363.2001953125,4363.2998046875,186
2026-06-05T17:26:00.000Z,GC,4362.7998046875,4364.2998046875,4362.7998046875,4363.0,93
2026-06-05T17:27:00.000Z,GC,4363.0,4363.7001953125,4361.0,4363.0,213
2026-06-05T17:28:00.000Z,GC,4363.10009765625,4363.60009765625,4362.2001953125,4362.2001953125,268
2026-06-05T17:29:00.000Z,GC,4362.2998046875,4368.0,4360.7998046875,4367.39990234375,2219
2026-06-05T17:30:00.000Z,GC,4367.5,4368.39990234375,4366.0,4366.7998046875,234
2026-06-05T17:31:00.000Z,GC,4366.89990234375,4367.60009765625,4365.7001953125,4366.5,202
2026-06-05T17:32:00.000Z,GC,4366.5,4367.7998046875,4364.7998046875,4367.60009765625,84
2026-06-05T17:33:00.000Z,GC,4367.2001953125,4368.2001953125,4366.7998046875,4367.7001953125,63
2026-06-05T17:34:00.000Z,GC,4367.5,4368.39990234375,4367.2001953125,4367.60009765625,92
2026-06-05T17:35:00.000Z,GC,4367.5,4368.5,4364.89990234375,4365.89990234375,104
2026-06-05T17:36:00.000Z,GC,4366.0,4366.60009765625,4364.10009765625,4366.60009765625,153
2026-06-05T17:37:00.000Z,GC,4366.5,4368.10009765625,4365.7001953125,4367.2998046875,114
2026-06-05T17:38:00.000Z,GC,4367.7998046875,4369.10009765625,4367.2001953125,4368.2001953125,97
2026-06-05T17:39:00.000Z,GC,4368.10009765625,4370.0,4367.7998046875,4369.60009765625,92
2026-06-05T17:40:00.000Z,GC,4369.60009765625,4372.0,4369.10009765625,4369.2998046875,171
2026-06-05T17:41:00.000Z,GC,4369.2998046875,4369.7001953125,4365.60009765625,4366.0,111
2026-06-05T17:42:00.000Z,GC,4366.2001953125,4367.7001953125,4365.10009765625,4367.10009765625,80
2026-06-05T17:43:00.000Z,GC,4367.2001953125,4367.2001953125,4364.89990234375,4366.0,110
2026-06-05T17:44:00.000Z,GC,4366.0,4366.89990234375,4364.89990234375,4365.7001953125,50
2026-06-05T17:45:00.000Z,GC,4366.0,4367.5,4366.0,4366.5,65
2026-06-05T17:46:00.000Z,GC,4366.2998046875,4366.7998046875,4364.7998046875,4365.10009765625,90
2026-06-05T17:47:00.000Z,GC,4365.0,4365.60009765625,4363.89990234375,4364.7001953125,62
2026-06-05T17:48:00.000Z,GC,4364.7998046875,4365.10009765625,4364.0,4364.10009765625,61
2026-06-05T17:49:00.000Z,GC,4364.2001953125,4365.5,4362.2001953125,4364.39990234375,223
2026-06-05T17:50:00.000Z,GC,4364.2998046875,4365.10009765625,4364.2001953125,4364.2998046875,55
2026-06-05T17:51:00.000Z,GC,4364.39990234375,4366.2001953125,4363.2998046875,4363.5,172
2026-06-05T17:52:00.000Z,GC,4363.5,4365.39990234375,4363.5,4365.10009765625,57
2026-06-05T17:53:00.000Z,GC,4365.10009765625,4367.2001953125,4365.10009765625,4367.0,45
2026-06-05T17:54:00.000Z,GC,4366.5,4368.2998046875,4365.7998046875,4368.2001953125,101
2026-06-05T17:55:00.000Z,GC,4368.2001953125,4368.2998046875,4366.7998046875,4367.2998046875,32
2026-06-05T17:56:00.000Z,GC,4367.2001953125,4368.0,4366.39990234375,4367.10009765625,59
2026-06-05T17:57:00.000Z,GC,4366.60009765625,4367.7998046875,4366.0,4367.7001953125,91
2026-06-05T17:58:00.000Z,GC,4367.89990234375,4368.0,4367.0,4367.89990234375,25
2026-06-05T17:59:00.000Z,GC,4367.0,4367.5,4365.60009765625,4366.2001953125,50
2026-06-05T18:00:00.000Z,GC,4366.7998046875,4366.7998046875,4365.10009765625,4365.60009765625,66
2026-06-05T18:01:00.000Z,GC,4365.5,4366.0,4363.5,4363.7001953125,103
2026-06-05T18:02:00.000Z,GC,4363.5,4363.5,4361.7998046875,4362.10009765625,74
2026-06-05T18:03:00.000Z,GC,4362.2998046875,4362.7998046875,4359.39990234375,4361.2998046875,246
2026-06-05T18:04:00.000Z,GC,4361.2001953125,4361.5,4358.0,4358.0,157
2026-06-05T18:05:00.000Z,GC,4358.5,4359.39990234375,4357.0,4357.0,177
2026-06-05T18:06:00.000Z,GC,4357.0,4358.0,4355.7998046875,4356.0,154
2026-06-05T18:07:00.000Z,GC,4356.10009765625,4357.7001953125,4354.2001953125,4356.5,243
2026-06-05T18:08:00.000Z,GC,4356.2998046875,4356.39990234375,4355.0,4356.10009765625,97
2026-06-05T18:09:00.000Z,GC,4355.7998046875,4356.2001953125,4354.89990234375,4354.89990234375,44
2026-06-05T18:10:00.000Z,GC,4355.0,4356.60009765625,4354.5,4355.2998046875,102
2026-06-05T18:11:00.000Z,GC,4355.0,4356.10009765625,4353.2001953125,4354.5,167
2026-06-05T18:12:00.000Z,GC,4354.39990234375,4354.7001953125,4352.2001953125,4353.2001953125,266
2026-06-05T18:13:00.000Z,GC,4353.0,4353.89990234375,4352.2998046875,4353.7998046875,91
2026-06-05T18:14:00.000Z,GC,4353.39990234375,4353.39990234375,4347.2001953125,4347.5,355
2026-06-05T18:15:00.000Z,GC,4347.7001953125,4349.7001953125,4346.7001953125,4347.39990234375,175
2026-06-05T18:16:00.000Z,GC,4347.7001953125,4350.10009765625,4346.2998046875,4348.39990234375,278
2026-06-05T18:17:00.000Z,GC,4348.2001953125,4349.7998046875,4347.89990234375,4349.7998046875,89
2026-06-05T18:18:00.000Z,GC,4349.5,4351.10009765625,4348.2001953125,4349.10009765625,115
2026-06-05T18:19:00.000Z,GC,4349.7001953125,4351.39990234375,4348.89990234375,4350.60009765625,228
2026-06-05T18:20:00.000Z,GC,4351.10009765625,4355.39990234375,4351.10009765625,4353.10009765625,297
2026-06-05T18:21:00.000Z,GC,4353.2001953125,4353.7998046875,4351.0,4352.2998046875,100
2026-06-05T18:22:00.000Z,GC,4352.39990234375,4353.0,4351.2001953125,4352.7001953125,76
2026-06-05T18:23:00.000Z,GC,4352.60009765625,4353.89990234375,4351.89990234375,4352.2998046875,73
2026-06-05T18:24:00.000Z,GC,4352.2998046875,4353.2998046875,4350.60009765625,4351.89990234375,68
2026-06-05T18:25:00.000Z,GC,4351.89990234375,4352.39990234375,4349.7998046875,4350.2001953125,105
2026-06-05T18:26:00.000Z,GC,4350.2001953125,4350.2001953125,4347.39990234375,4347.89990234375,224
2026-06-05T18:27:00.000Z,GC,4347.7998046875,4350.2998046875,4347.39990234375,4349.7998046875,229
2026-06-05T18:28:00.000Z,GC,4350.0,4351.7001953125,4348.0,4350.2001953125,235
2026-06-05T18:29:00.000Z,GC,4350.0,4351.7001953125,4349.7001953125,4350.2001953125,99
2026-06-05T18:30:00.000Z,GC,4350.2998046875,4351.2001953125,4348.10009765625,4348.89990234375,179
2026-06-05T18:31:00.000Z,GC,4348.5,4350.39990234375,4347.10009765625,4349.0,104
2026-06-05T18:32:00.000Z,GC,4348.89990234375,4348.89990234375,4341.7001953125,4344.39990234375,543
2026-06-05T18:33:00.000Z,GC,4344.2001953125,4346.89990234375,4343.39990234375,4346.89990234375,390
2026-06-05T18:34:00.000Z,GC,4346.60009765625,4349.5,4346.10009765625,4349.5,187
2026-06-05T18:35:00.000Z,GC,4349.7001953125,4349.7001953125,4347.7001953125,4347.7998046875,100
2026-06-05T18:36:00.000Z,GC,4347.89990234375,4350.5,4347.0,4349.89990234375,193
2026-06-05T18:37:00.000Z,GC,4349.7998046875,4350.10009765625,4347.7998046875,4348.0,67
2026-06-05T18:38:00.000Z,GC,4348.10009765625,4348.2001953125,4343.39990234375,4344.39990234375,134
2026-06-05T18:39:00.000Z,GC,4344.5,4345.39990234375,4344.0,4344.89990234375,108
2026-06-05T18:40:00.000Z,GC,4345.10009765625,4345.60009765625,4343.5,4344.0,179
2026-06-05T18:41:00.000Z,GC,4344.10009765625,4345.2001953125,4342.89990234375,4342.89990234375,439
2026-06-05T18:42:00.000Z,GC,4342.89990234375,4342.89990234375,4341.0,4342.7998046875,507
2026-06-05T18:43:00.000Z,GC,4343.2001953125,4343.2998046875,4340.2998046875,4340.39990234375,316
2026-06-05T18:44:00.000Z,GC,4340.39990234375,4343.5,4339.7998046875,4343.0,388
2026-06-05T18:45:00.000Z,GC,4342.7001953125,4342.7001953125,4340.7998046875,4341.2001953125,73
2026-06-05T18:46:00.000Z,GC,4341.0,4343.0,4340.7998046875,4341.60009765625,109
2026-06-05T18:47:00.000Z,GC,4340.89990234375,4344.0,4340.89990234375,4343.2998046875,67
2026-06-05T18:48:00.000Z,GC,4343.2998046875,4343.89990234375,4342.0,4343.10009765625,35
2026-06-05T18:49:00.000Z,GC,4342.7998046875,4346.5,4342.7001953125,4346.39990234375,108
2026-06-05T18:50:00.000Z,GC,4346.10009765625,4346.10009765625,4342.7001953125,4343.2001953125,76
2026-06-05T18:51:00.000Z,GC,4343.2998046875,4343.39990234375,4341.39990234375,4342.5,44
2026-06-05T18:52:00.000Z,GC,4343.2001953125,4343.7001953125,4342.7001953125,4342.7998046875,30
2026-06-05T18:53:00.000Z,GC,4342.2998046875,4342.89990234375,4341.60009765625,4341.89990234375,69
2026-06-05T18:54:00.000Z,GC,4342.0,4345.10009765625,4342.0,4345.10009765625,33
2026-06-05T18:55:00.000Z,GC,4344.89990234375,4345.2001953125,4343.39990234375,4344.7001953125,67
2026-06-05T18:56:00.000Z,GC,4345.0,4351.39990234375,4343.5,4348.7998046875,372
2026-06-05T18:57:00.000Z,GC,4348.5,4349.7001953125,4346.0,4347.2998046875,142
2026-06-05T18:58:00.000Z,GC,4347.5,4349.0,4346.7998046875,4348.39990234375,60
2026-06-05T18:59:00.000Z,GC,4348.10009765625,4349.2001953125,4346.7001953125,4346.7001953125,85
2026-06-05T19:00:00.000Z,GC,4347.39990234375,4348.10009765625,4342.39990234375,4342.89990234375,137
2026-06-05T19:01:00.000Z,GC,4342.89990234375,4343.7998046875,4341.2001953125,4343.5,119
2026-06-05T19:02:00.000Z,GC,4343.5,4344.60009765625,4343.10009765625,4343.7001953125,84
2026-06-05T19:03:00.000Z,GC,4343.7998046875,4346.7001953125,4343.39990234375,4345.7001953125,62
2026-06-05T19:04:00.000Z,GC,4345.7001953125,4345.7998046875,4344.0,4344.60009765625,23
2026-06-05T19:05:00.000Z,GC,4345.10009765625,4345.39990234375,4343.89990234375,4344.2998046875,45
2026-06-05T19:06:00.000Z,GC,4344.5,4345.5,4341.39990234375,4344.60009765625,130
2026-06-05T19:07:00.000Z,GC,4345.10009765625,4345.10009765625,4342.60009765625,4342.89990234375,46
2026-06-05T19:08:00.000Z,GC,4343.0,4343.0,4341.0,4341.0,73
2026-06-05T19:09:00.000Z,GC,4341.2001953125,4344.60009765625,4341.2001953125,4344.10009765625,54
2026-06-05T19:10:00.000Z,GC,4344.5,4344.60009765625,4342.7998046875,4343.0,39
2026-06-05T19:11:00.000Z,GC,4342.89990234375,4343.60009765625,4342.10009765625,4342.10009765625,56
2026-06-05T19:12:00.000Z,GC,4342.2998046875,4343.10009765625,4341.0,4341.2001953125,65
2026-06-05T19:13:00.000Z,GC,4341.10009765625,4341.7998046875,4340.2998046875,4340.7998046875,79
2026-06-05T19:14:00.000Z,GC,4340.7001953125,4341.10009765625,4339.5,4339.7998046875,157
2026-06-05T19:15:00.000Z,GC,4339.7001953125,4340.2998046875,4339.0,4340.0,170
2026-06-05T19:16:00.000Z,GC,4339.39990234375,4340.2998046875,4339.39990234375,4339.89990234375,31
2026-06-05T19:17:00.000Z,GC,4340.0,4340.89990234375,4338.60009765625,4338.60009765625,168
2026-06-05T19:18:00.000Z,GC,4338.7998046875,4343.60009765625,4338.2998046875,4342.39990234375,177
2026-06-05T19:19:00.000Z,GC,4342.0,4343.0,4341.60009765625,4342.89990234375,73
2026-06-05T19:20:00.000Z,GC,4342.7001953125,4345.5,4342.10009765625,4345.2998046875,155
2026-06-05T19:21:00.000Z,GC,4345.39990234375,4345.7998046875,4342.2998046875,4342.7001953125,80
2026-06-05T19:22:00.000Z,GC,4342.7998046875,4346.7001953125,4340.89990234375,4342.60009765625,395
2026-06-05T19:23:00.000Z,GC,4342.10009765625,4342.10009765625,4339.7998046875,4340.2001953125,222
2026-06-05T19:24:00.000Z,GC,4340.0,4343.7001953125,4340.0,4343.5,61
2026-06-05T19:25:00.000Z,GC,4343.7001953125,4347.2001953125,4343.2001953125,4346.2001953125,104
2026-06-05T19:26:00.000Z,GC,4346.2998046875,4346.7001953125,4344.10009765625,4344.89990234375,95
2026-06-05T19:27:00.000Z,GC,4345.2001953125,4348.2001953125,4345.10009765625,4348.10009765625,94
2026-06-05T19:28:00.000Z,GC,4348.5,4348.60009765625,4346.89990234375,4346.89990234375,54
2026-06-05T19:29:00.000Z,GC,4347.39990234375,4348.60009765625,4345.89990234375,4348.60009765625,152
2026-06-05T19:30:00.000Z,GC,4348.39990234375,4349.5,4345.7998046875,4347.0,208
2026-06-05T19:31:00.000Z,GC,4346.10009765625,4347.2001953125,4345.2001953125,4346.89990234375,75
2026-06-05T19:32:00.000Z,GC,4346.39990234375,4347.5,4345.39990234375,4346.0,66
2026-06-05T19:33:00.000Z,GC,4346.0,4347.7001953125,4345.7001953125,4346.7001953125,72
2026-06-05T19:34:00.000Z,GC,4346.39990234375,4347.89990234375,4346.2001953125,4347.5,52
2026-06-05T19:35:00.000Z,GC,4347.2998046875,4349.2001953125,4346.89990234375,4347.7001953125,99
2026-06-05T19:36:00.000Z,GC,4347.60009765625,4347.60009765625,4344.60009765625,4346.2998046875,133
2026-06-05T19:37:00.000Z,GC,4345.5,4348.0,4345.5,4347.89990234375,68
2026-06-05T19:38:00.000Z,GC,4348.0,4348.10009765625,4346.39990234375,4347.2001953125,88
2026-06-05T19:39:00.000Z,GC,4347.10009765625,4347.2998046875,4346.0,4346.7001953125,117
2026-06-05T19:40:00.000Z,GC,4346.7001953125,4346.7001953125,4342.5,4342.7001953125,111
2026-06-05T19:41:00.000Z,GC,4342.60009765625,4343.2001953125,4338.39990234375,4339.5,239
2026-06-05T19:42:00.000Z,GC,4339.5,4341.5,4338.7001953125,4340.7001953125,93
2026-06-05T19:43:00.000Z,GC,4340.7998046875,4341.7998046875,4340.2998046875,4341.2998046875,46
2026-06-05T19:44:00.000Z,GC,4341.39990234375,4344.7998046875,4340.39990234375,4343.10009765625,133
2026-06-05T19:45:00.000Z,GC,4343.10009765625,4344.89990234375,4342.10009765625,4344.89990234375,86
2026-06-05T19:46:00.000Z,GC,4344.39990234375,4345.89990234375,4343.39990234375,4345.89990234375,58
2026-06-05T19:47:00.000Z,GC,4346.10009765625,4346.2998046875,4344.7998046875,4345.60009765625,61
2026-06-05T19:48:00.000Z,GC,4345.60009765625,4346.7001953125,4343.7998046875,4344.60009765625,103
2026-06-05T19:49:00.000Z,GC,4344.60009765625,4345.39990234375,4344.5,4345.39990234375,36
2026-06-05T19:50:00.000Z,GC,4345.60009765625,4348.10009765625,4344.60009765625,4347.10009765625,143
2026-06-05T19:51:00.000Z,GC,4347.0,4347.89990234375,4345.0,4345.5,121
2026-06-05T19:52:00.000Z,GC,4345.7998046875,4346.2998046875,4344.2001953125,4344.5,124
2026-06-05T19:53:00.000Z,GC,4345.0,4345.7001953125,4343.10009765625,4343.10009765625,155
2026-06-05T19:54:00.000Z,GC,4343.39990234375,4343.7001953125,4342.5,4343.2001953125,120
2026-06-05T19:55:00.000Z,GC,4342.7998046875,4346.39990234375,4342.0,4344.60009765625,242
2026-06-05T19:56:00.000Z,GC,4344.5,4344.5,4342.5,4343.2001953125,58
2026-06-05T19:57:00.000Z,GC,4343.2998046875,4344.10009765625,4343.0,4343.89990234375,111
2026-06-05T19:58:00.000Z,GC,4343.60009765625,4343.89990234375,4341.89990234375,4342.39990234375,110
2026-06-05T19:59:00.000Z,GC,4342.2998046875,4344.0,4342.10009765625,4343.5,257
2026-06-05T20:00:00.000Z,GC,4343.7001953125,4344.2001953125,4340.2998046875,4340.5,151
2026-06-05T20:01:00.000Z,GC,4340.89990234375,4341.2998046875,4339.7998046875,4340.0,63
2026-06-05T20:02:00.000Z,GC,4340.10009765625,4340.39990234375,4337.39990234375,4338.5,168
2026-06-05T20:03:00.000Z,GC,4338.89990234375,4339.0,4337.60009765625,4337.60009765625,44
2026-06-05T20:04:00.000Z,GC,4338.0,4339.5,4337.60009765625,4338.39990234375,47
2026-06-05T20:05:00.000Z,GC,4338.2998046875,4338.60009765625,4337.39990234375,4337.89990234375,70
2026-06-05T20:06:00.000Z,GC,4337.5,4338.39990234375,4336.60009765625,4338.39990234375,128
2026-06-05T20:07:00.000Z,GC,4338.2001953125,4338.7998046875,4337.7001953125,4338.60009765625,68
2026-06-05T20:08:00.000Z,GC,4338.10009765625,4338.89990234375,4337.2998046875,4338.2998046875,71
2026-06-05T20:09:00.000Z,GC,4338.2001953125,4339.5,4338.2001953125,4338.89990234375,43
2026-06-05T20:10:00.000Z,GC,4338.2998046875,4338.89990234375,4337.10009765625,4338.60009765625,127
2026-06-05T20:11:00.000Z,GC,4338.60009765625,4339.10009765625,4337.0,4337.7001953125,106
2026-06-05T20:12:00.000Z,GC,4337.7001953125,4338.2998046875,4337.39990234375,4337.89990234375,42
2026-06-05T20:13:00.000Z,GC,4337.7998046875,4340.7998046875,4337.7001953125,4340.60009765625,112
2026-06-05T20:14:00.000Z,GC,4340.89990234375,4342.39990234375,4340.39990234375,4340.39990234375,119
2026-06-05T20:15:00.000Z,GC,4340.2001953125,4340.60009765625,4339.0,4339.0,27
2026-06-05T20:16:00.000Z,GC,4339.10009765625,4340.39990234375,4338.89990234375,4338.89990234375,35
2026-06-05T20:17:00.000Z,GC,4338.60009765625,4341.39990234375,4338.5,4341.39990234375,28
2026-06-05T20:18:00.000Z,GC,4340.60009765625,4341.10009765625,4340.2001953125,4340.2001953125,11
2026-06-05T20:19:00.000Z,GC,4339.7998046875,4340.2998046875,4339.10009765625,4340.10009765625,23
2026-06-05T20:20:00.000Z,GC,4340.10009765625,4341.2001953125,4339.2998046875,4339.7001953125,59
2026-06-05T20:21:00.000Z,GC,4340.0,4343.10009765625,4340.0,4342.7001953125,124
2026-06-05T20:22:00.000Z,GC,4343.2001953125,4344.39990234375,4342.7001953125,4342.89990234375,60
2026-06-05T20:23:00.000Z,GC,4343.0,4344.10009765625,4342.7998046875,4342.89990234375,13
2026-06-05T20:24:00.000Z,GC,4342.7001953125,4344.5,4342.60009765625,4344.39990234375,89
2026-06-05T20:25:00.000Z,GC,4344.39990234375,4345.0,4343.39990234375,4343.89990234375,97
2026-06-05T20:26:00.000Z,GC,4343.89990234375,4347.2998046875,4343.89990234375,4347.2998046875,168
2026-06-05T20:27:00.000Z,GC,4347.39990234375,4351.39990234375,4346.60009765625,4349.7001953125,193
2026-06-05T20:28:00.000Z,GC,4349.7998046875,4349.7998046875,4347.89990234375,4348.10009765625,66
2026-06-05T20:29:00.000Z,GC,4348.2998046875,4348.7998046875,4346.7998046875,4347.2001953125,47
2026-06-05T20:30:00.000Z,GC,4347.7998046875,4348.2001953125,4347.10009765625,4347.5,32
2026-06-05T20:31:00.000Z,GC,4347.7001953125,4348.39990234375,4347.5,4347.7998046875,21
2026-06-05T20:32:00.000Z,GC,4347.5,4347.5,4346.2998046875,4346.89990234375,35
2026-06-05T20:33:00.000Z,GC,4346.7998046875,4347.2998046875,4346.2998046875,4346.7998046875,70
2026-06-05T20:34:00.000Z,GC,4347.0,4347.10009765625,4346.5,4347.0,16
2026-06-05T20:35:00.000Z,GC,4347.2001953125,4347.7998046875,4346.89990234375,4347.7998046875,23
2026-06-05T20:36:00.000Z,GC,4348.0,4349.7001953125,4347.39990234375,4348.39990234375,60
2026-06-05T20:37:00.000Z,GC,4348.2998046875,4349.89990234375,4347.89990234375,4349.2998046875,91
2026-06-05T20:38:00.000Z,GC,4349.0,4349.39990234375,4346.7998046875,4346.7998046875,66
2026-06-05T20:39:00.000Z,GC,4346.7998046875,4348.39990234375,4346.2998046875,4347.5,44
2026-06-05T20:40:00.000Z,GC,4347.7001953125,4347.7998046875,4347.2998046875,4347.39990234375,19
2026-06-05T20:41:00.000Z,GC,4347.39990234375,4347.7998046875,4346.7998046875,4347.5,53
2026-06-05T20:42:00.000Z,GC,4347.10009765625,4347.2998046875,4345.7001953125,4345.7001953125,60
2026-06-05T20:43:00.000Z,GC,4345.7998046875,4347.0,4345.60009765625,4346.7001953125,30
2026-06-05T20:44:00.000Z,GC,4346.2998046875,4349.5,4346.10009765625,4349.39990234375,105
2026-06-05T20:45:00.000Z,GC,4349.0,4349.7998046875,4348.7998046875,4349.10009765625,27
2026-06-05T20:46:00.000Z,GC,4349.2998046875,4350.2998046875,4349.2001953125,4349.7998046875,32
2026-06-05T20:47:00.000Z,GC,4350.0,4352.39990234375,4349.60009765625,4352.39990234375,96
2026-06-05T20:48:00.000Z,GC,4352.60009765625,4354.7001953125,4352.2998046875,4354.5,101
2026-06-05T20:49:00.000Z,GC,4354.0,4354.0,4352.0,4352.10009765625,57
2026-06-05T20:50:00.000Z,GC,4352.2001953125,4353.2001953125,4350.39990234375,4352.5,103
2026-06-05T20:51:00.000Z,GC,4352.2001953125,4354.7001953125,4351.7998046875,4353.7998046875,102
2026-06-05T20:52:00.000Z,GC,4353.7998046875,4354.7998046875,4352.60009765625,4353.7998046875,123
2026-06-05T20:53:00.000Z,GC,4354.2998046875,4354.7998046875,4353.10009765625,4353.10009765625,54
2026-06-05T20:54:00.000Z,GC,4353.39990234375,4353.7001953125,4352.2998046875,4352.60009765625,29
2026-06-05T20:55:00.000Z,GC,4352.5,4355.10009765625,4352.5,4355.0,69
2026-06-05T20:56:00.000Z,GC,4354.60009765625,4355.7998046875,4352.5,4352.7998046875,67
2026-06-05T20:57:00.000Z,GC,4352.5,4353.60009765625,4352.5,4353.60009765625,24
2026-06-05T20:58:00.000Z,GC,4353.2001953125,4354.10009765625,4352.7001953125,4352.89990234375,62
2026-06-05T20:59:00.000Z,GC,4352.60009765625,4365.2998046875,4352.60009765625,4365.2998046875,71
2026-06-07T22:10:00.000Z,GC,4342.2001953125,4342.2001953125,4339.2001953125,4341.0,0
2026-06-07T22:11:00.000Z,GC,4341.10009765625,4341.39990234375,4339.2001953125,4340.10009765625,50
2026-06-07T22:12:00.000Z,GC,4340.10009765625,4346.2998046875,4337.2998046875,4345.0,307
2026-06-07T22:13:00.000Z,GC,4345.0,4350.89990234375,4345.0,4349.89990234375,200
2026-06-07T22:14:00.000Z,GC,4348.89990234375,4354.0,4347.7998046875,4354.0,165
2026-06-07T22:15:00.000Z,GC,4353.5,4354.7001953125,4348.0,4350.5,145
2026-06-07T22:16:00.000Z,GC,4350.39990234375,4353.10009765625,4348.10009765625,4350.89990234375,70
2026-06-07T22:17:00.000Z,GC,4351.10009765625,4354.0,4347.5,4353.10009765625,65
2026-06-07T22:18:00.000Z,GC,4352.60009765625,4353.7998046875,4350.10009765625,4352.5,65
2026-06-07T22:19:00.000Z,GC,4353.5,4354.5,4350.10009765625,4351.0,38
2026-06-07T22:20:00.000Z,GC,4352.2998046875,4353.0,4351.39990234375,4352.2001953125,25
2026-06-07T22:21:00.000Z,GC,4352.39990234375,4352.7001953125,4347.7001953125,4349.0,83
2026-06-07T22:22:00.000Z,GC,4348.7001953125,4349.89990234375,4347.10009765625,4349.89990234375,43
2026-06-07T22:23:00.000Z,GC,4349.2998046875,4350.89990234375,4349.2001953125,4350.0,11
2026-06-07T22:24:00.000Z,GC,4349.2998046875,4349.89990234375,4345.60009765625,4346.10009765625,40
2026-06-07T22:25:00.000Z,GC,4347.0,4347.7998046875,4346.39990234375,4347.39990234375,27
2026-06-07T22:26:00.000Z,GC,4347.39990234375,4347.39990234375,4340.2998046875,4340.2998046875,54
2026-06-07T22:27:00.000Z,GC,4341.0,4343.5,4340.39990234375,4343.5,37
2026-06-07T22:28:00.000Z,GC,4343.2998046875,4343.2998046875,4339.7998046875,4341.5,111
2026-06-07T22:29:00.000Z,GC,4340.7998046875,4342.10009765625,4339.7998046875,4340.39990234375,61
2026-06-07T22:30:00.000Z,GC,4340.2001953125,4341.39990234375,4339.10009765625,4339.10009765625,89
2026-06-07T22:31:00.000Z,GC,4340.2998046875,4343.7998046875,4339.10009765625,4343.5,70
2026-06-07T22:32:00.000Z,GC,4343.7998046875,4343.7998046875,4341.39990234375,4341.7001953125,41
2026-06-07T22:33:00.000Z,GC,4342.2998046875,4343.5,4341.7001953125,4342.7998046875,38
2026-06-07T22:34:00.000Z,GC,4343.2001953125,4347.2998046875,4342.89990234375,4347.0,95
2026-06-07T22:35:00.000Z,GC,4347.2998046875,4349.2998046875,4346.39990234375,4348.7001953125,136
2026-06-07T22:36:00.000Z,GC,4348.60009765625,4351.0,4348.60009765625,4351.0,26
2026-06-07T22:37:00.000Z,GC,4351.2001953125,4351.2998046875,4349.2001953125,4350.89990234375,41
2026-06-07T22:38:00.000Z,GC,4350.89990234375,4352.60009765625,4350.89990234375,4352.2001953125,39
2026-06-07T22:39:00.000Z,GC,4351.89990234375,4351.89990234375,4349.60009765625,4349.60009765625,40
2026-06-07T22:40:00.000Z,GC,4349.5,4350.10009765625,4349.0,4350.10009765625,34
2026-06-07T22:41:00.000Z,GC,4349.10009765625,4349.7001953125,4349.0,4349.5,9
2026-06-07T22:42:00.000Z,GC,4349.10009765625,4349.7001953125,4347.7001953125,4349.2001953125,77
2026-06-07T22:43:00.000Z,GC,4349.39990234375,4350.0,4349.39990234375,4350.0,7
2026-06-07T22:44:00.000Z,GC,4349.39990234375,4350.5,4349.10009765625,4350.10009765625,28
2026-06-07T22:45:00.000Z,GC,4349.39990234375,4349.89990234375,4346.10009765625,4346.2998046875,35
2026-06-07T22:46:00.000Z,GC,4346.0,4347.60009765625,4343.7998046875,4345.7001953125,111
2026-06-07T22:47:00.000Z,GC,4345.60009765625,4347.2001953125,4345.10009765625,4346.7998046875,20
2026-06-07T22:48:00.000Z,GC,4346.39990234375,4348.0,4346.39990234375,4346.39990234375,27
2026-06-07T22:49:00.000Z,GC,4346.7998046875,4347.10009765625,4345.89990234375,4346.7998046875,19
2026-06-07T22:50:00.000Z,GC,4346.0,4346.0,4345.10009765625,4345.10009765625,2
2026-06-07T22:51:00.000Z,GC,4347.10009765625,4348.89990234375,4347.10009765625,4347.89990234375,33
2026-06-07T22:52:00.000Z,GC,4348.0,4350.7001953125,4348.0,4349.5,34
2026-06-07T22:53:00.000Z,GC,4348.39990234375,4348.39990234375,4345.2001953125,4347.2998046875,34
2026-06-07T22:54:00.000Z,GC,4347.60009765625,4347.7998046875,4346.60009765625,4347.0,23
2026-06-07T22:55:00.000Z,GC,4346.89990234375,4347.2001953125,4344.39990234375,4344.39990234375,37
2026-06-07T22:56:00.000Z,GC,4344.7001953125,4345.2001953125,4339.60009765625,4345.2001953125,98
2026-06-07T22:57:00.000Z,GC,4345.10009765625,4345.10009765625,4343.60009765625,4343.7998046875,11
2026-06-07T22:58:00.000Z,GC,4343.10009765625,4343.7001953125,4341.2998046875,4343.7001953125,12
2026-06-07T22:59:00.000Z,GC,4343.60009765625,4344.7998046875,4340.10009765625,4341.39990234375,56
2026-06-07T23:00:00.000Z,GC,4341.5,4345.89990234375,4341.39990234375,4344.60009765625,65
2026-06-07T23:01:00.000Z,GC,4345.2001953125,4350.7998046875,4345.2001953125,4350.0,85
2026-06-07T23:02:00.000Z,GC,4349.39990234375,4350.10009765625,4348.39990234375,4348.39990234375,52
2026-06-07T23:03:00.000Z,GC,4349.10009765625,4350.7001953125,4349.10009765625,4350.7001953125,13
2026-06-07T23:04:00.000Z,GC,4350.0,4350.0,4348.2998046875,4350.0,17
2026-06-07T23:05:00.000Z,GC,4349.2998046875,4349.2998046875,4346.60009765625,4347.2001953125,16
2026-06-07T23:06:00.000Z,GC,4348.2001953125,4348.5,4347.0,4347.2001953125,22
2026-06-07T23:07:00.000Z,GC,4346.7001953125,4350.89990234375,4346.7001953125,4349.10009765625,25
2026-06-07T23:08:00.000Z,GC,4349.2001953125,4349.5,4348.89990234375,4349.2998046875,7
2026-06-07T23:09:00.000Z,GC,4348.60009765625,4350.7998046875,4347.7998046875,4349.60009765625,16
2026-06-07T23:10:00.000Z,GC,4350.60009765625,4351.7998046875,4349.89990234375,4349.89990234375,38
2026-06-07T23:11:00.000Z,GC,4349.89990234375,4354.0,4349.89990234375,4353.2998046875,43
2026-06-07T23:12:00.000Z,GC,4353.0,4354.89990234375,4351.5,4353.7001953125,91
2026-06-07T23:13:00.000Z,GC,4354.2001953125,4357.7998046875,4354.10009765625,4356.7998046875,92
2026-06-07T23:14:00.000Z,GC,4356.89990234375,4356.89990234375,4353.5,4354.39990234375,32
2026-06-07T23:15:00.000Z,GC,4354.7998046875,4358.0,4354.5,4357.5,47
2026-06-07T23:16:00.000Z,GC,4356.7001953125,4357.10009765625,4355.2998046875,4356.39990234375,36
2026-06-07T23:17:00.000Z,GC,4356.2001953125,4356.2001953125,4353.7001953125,4354.5,20
2026-06-07T23:18:00.000Z,GC,4355.7001953125,4355.7001953125,4355.10009765625,4355.2001953125,6
2026-06-07T23:19:00.000Z,GC,4354.89990234375,4355.5,4353.89990234375,4355.5,21
2026-06-07T23:20:00.000Z,GC,4354.60009765625,4354.7998046875,4353.5,4353.7001953125,34
2026-06-07T23:21:00.000Z,GC,4353.7998046875,4356.39990234375,4353.2001953125,4354.39990234375,129
2026-06-07T23:22:00.000Z,GC,4354.60009765625,4355.39990234375,4354.2001953125,4354.60009765625,31
2026-06-07T23:23:00.000Z,GC,4354.5,4354.5,4352.60009765625,4352.60009765625,30
2026-06-07T23:24:00.000Z,GC,4353.10009765625,4354.2001953125,4353.10009765625,4354.2001953125,6
2026-06-07T23:25:00.000Z,GC,4353.89990234375,4354.39990234375,4353.60009765625,4353.60009765625,6
2026-06-07T23:26:00.000Z,GC,4353.0,4353.2998046875,4352.89990234375,4353.0,6
2026-06-07T23:27:00.000Z,GC,4353.60009765625,4355.0,4353.60009765625,4354.2001953125,22
2026-06-07T23:28:00.000Z,GC,4353.7998046875,4356.39990234375,4353.7998046875,4356.10009765625,37
2026-06-07T23:29:00.000Z,GC,4355.60009765625,4358.39990234375,4355.2001953125,4358.0,54
2026-06-07T23:30:00.000Z,GC,4358.0,4359.7998046875,4357.7998046875,4358.2998046875,40
2026-06-07T23:31:00.000Z,GC,4358.2001953125,4358.7998046875,4356.7001953125,4357.2998046875,36
2026-06-07T23:32:00.000Z,GC,4357.60009765625,4360.39990234375,4357.60009765625,4359.7001953125,51
2026-06-07T23:33:00.000Z,GC,4359.39990234375,4360.39990234375,4358.0,4358.7998046875,77
2026-06-07T23:34:00.000Z,GC,4358.60009765625,4358.60009765625,4356.89990234375,4357.5,17
2026-06-07T23:35:00.000Z,GC,4358.2998046875,4359.5,4356.89990234375,4357.10009765625,58
2026-06-07T23:36:00.000Z,GC,4357.39990234375,4360.7998046875,4357.39990234375,4360.0,49
2026-06-07T23:37:00.000Z,GC,4359.89990234375,4361.60009765625,4359.10009765625,4360.10009765625,76
2026-06-07T23:38:00.000Z,GC,4360.2001953125,4361.2001953125,4359.5,4360.0,25
2026-06-07T23:39:00.000Z,GC,4360.5,4360.5,4358.7001953125,4360.5,13
2026-06-07T23:40:00.000Z,GC,4360.10009765625,4362.5,4360.10009765625,4361.5,46
2026-06-07T23:41:00.000Z,GC,4361.89990234375,4362.2998046875,4361.10009765625,4361.5,57
2026-06-07T23:42:00.000Z,GC,4361.5,4363.0,4361.5,4362.5,31
2026-06-07T23:43:00.000Z,GC,4362.60009765625,4364.39990234375,4362.60009765625,4363.2998046875,96
2026-06-07T23:44:00.000Z,GC,4363.2001953125,4363.2001953125,4362.2001953125,4362.2001953125,56
2026-06-07T23:45:00.000Z,GC,4362.7998046875,4363.0,4360.2998046875,4361.60009765625,75
2026-06-07T23:46:00.000Z,GC,4361.39990234375,4361.60009765625,4358.89990234375,4361.10009765625,43
2026-06-07T23:47:00.000Z,GC,4361.2001953125,4363.39990234375,4361.2001953125,4363.2998046875,31
2026-06-07T23:48:00.000Z,GC,4363.2998046875,4365.60009765625,4363.2998046875,4365.2001953125,139
2026-06-07T23:49:00.000Z,GC,4365.2001953125,4366.60009765625,4365.2001953125,4365.39990234375,33
2026-06-07T23:50:00.000Z,GC,4365.7998046875,4366.2001953125,4363.7001953125,4364.7998046875,24
2026-06-07T23:51:00.000Z,GC,4365.0,4365.0,4362.7998046875,4362.89990234375,27
2026-06-07T23:52:00.000Z,GC,4363.2998046875,4364.5,4362.60009765625,4364.5,60
2026-06-07T23:53:00.000Z,GC,4363.60009765625,4365.10009765625,4363.60009765625,4365.10009765625,21
2026-06-07T23:54:00.000Z,GC,4365.5,4367.7998046875,4365.5,4366.7998046875,63
2026-06-07T23:55:00.000Z,GC,4366.89990234375,4371.0,4366.89990234375,4368.0,276
2026-06-07T23:56:00.000Z,GC,4368.0,4368.39990234375,4366.39990234375,4368.39990234375,42
2026-06-07T23:57:00.000Z,GC,4368.39990234375,4370.2998046875,4368.2998046875,4369.5,53
2026-06-07T23:58:00.000Z,GC,4369.10009765625,4369.2998046875,4365.7998046875,4367.2001953125,47
2026-06-07T23:59:00.000Z,GC,4367.10009765625,4369.2998046875,4367.0,4367.89990234375,17
2026-06-08T00:00:00.000Z,GC,4367.0,4367.60009765625,4364.0,4367.39990234375,110
2026-06-08T00:01:00.000Z,GC,4366.5,4370.10009765625,4365.7001953125,4369.7998046875,51
2026-06-08T00:02:00.000Z,GC,4369.7001953125,4369.7001953125,4367.60009765625,4369.39990234375,24
2026-06-08T00:03:00.000Z,GC,4368.89990234375,4368.89990234375,4367.0,4367.7998046875,26
2026-06-08T00:04:00.000Z,GC,4367.0,4369.10009765625,4367.0,4368.89990234375,26
2026-06-08T00:05:00.000Z,GC,4368.39990234375,4368.5,4366.5,4367.5,42
2026-06-08T00:06:00.000Z,GC,4367.2001953125,4368.5,4366.2001953125,4366.7998046875,23
2026-06-08T00:07:00.000Z,GC,4366.5,4366.60009765625,4364.89990234375,4365.89990234375,34
2026-06-08T00:08:00.000Z,GC,4366.39990234375,4368.2998046875,4365.7001953125,4368.2998046875,29
2026-06-08T00:09:00.000Z,GC,4368.39990234375,4369.5,4368.0,4368.5,28
2026-06-08T00:10:00.000Z,GC,4368.39990234375,4369.0,4364.60009765625,4365.7998046875,86
2026-06-08T00:11:00.000Z,GC,4365.7001953125,4368.5,4365.2998046875,4366.60009765625,60
2026-06-08T00:12:00.000Z,GC,4369.0,4369.0,4367.60009765625,4367.60009765625,14
2026-06-08T00:13:00.000Z,GC,4366.89990234375,4367.2998046875,4366.5,4367.2998046875,10
2026-06-08T00:14:00.000Z,GC,4366.39990234375,4367.10009765625,4364.7998046875,4366.7998046875,39
2026-06-08T00:15:00.000Z,GC,4367.0,4368.10009765625,4365.60009765625,4367.60009765625,18
2026-06-08T00:16:00.000Z,GC,4368.2001953125,4369.0,4366.7998046875,4367.7001953125,31
2026-06-08T00:17:00.000Z,GC,4368.2001953125,4369.89990234375,4368.0,4368.39990234375,78
2026-06-08T00:18:00.000Z,GC,4368.7001953125,4371.0,4368.5,4370.5,66
2026-06-08T00:19:00.000Z,GC,4370.2001953125,4371.60009765625,4369.10009765625,4371.2001953125,43
2026-06-08T00:20:00.000Z,GC,4371.5,4373.7998046875,4371.2998046875,4372.89990234375,100
2026-06-08T00:21:00.000Z,GC,4372.39990234375,4373.89990234375,4372.0,4372.0,36
2026-06-08T00:22:00.000Z,GC,4371.60009765625,4374.2998046875,4371.2001953125,4374.2998046875,68
2026-06-08T00:23:00.000Z,GC,4373.7998046875,4376.2998046875,4373.7998046875,4375.7001953125,192
2026-06-08T00:24:00.000Z,GC,4375.39990234375,4375.7998046875,4374.5,4375.0,35
2026-06-08T00:25:00.000Z,GC,4374.5,4374.5,4372.7001953125,4373.39990234375,44
2026-06-08T00:26:00.000Z,GC,4373.7001953125,4374.89990234375,4372.89990234375,4373.5,28
2026-06-08T00:27:00.000Z,GC,4373.2998046875,4374.60009765625,4373.2998046875,4374.60009765625,39
2026-06-08T00:28:00.000Z,GC,4374.7998046875,4377.5,4374.7998046875,4377.0,90
2026-06-08T00:29:00.000Z,GC,4376.2998046875,4376.89990234375,4374.89990234375,4375.2001953125,52
2026-06-08T00:30:00.000Z,GC,4375.0,4375.7001953125,4374.2001953125,4375.7001953125,39
2026-06-08T00:31:00.000Z,GC,4375.7001953125,4375.89990234375,4375.0,4375.39990234375,19
2026-06-08T00:32:00.000Z,GC,4374.0,4374.0,4373.2001953125,4373.89990234375,23
2026-06-08T00:33:00.000Z,GC,4373.2001953125,4373.2001953125,4370.39990234375,4371.2001953125,53
2026-06-08T00:34:00.000Z,GC,4371.2001953125,4373.10009765625,4369.5,4372.7998046875,93
2026-06-08T00:35:00.000Z,GC,4372.5,4373.7998046875,4371.89990234375,4372.7998046875,50
2026-06-08T00:36:00.000Z,GC,4372.7001953125,4375.60009765625,4372.5,4374.39990234375,71
2026-06-08T00:37:00.000Z,GC,4374.2001953125,4375.0,4374.10009765625,4374.10009765625,28
2026-06-08T00:38:00.000Z,GC,4374.2998046875,4374.2998046875,4369.60009765625,4370.5,108
2026-06-08T00:39:00.000Z,GC,4370.2001953125,4372.39990234375,4370.2001953125,4371.60009765625,36
2026-06-08T00:40:00.000Z,GC,4372.0,4372.5,4368.7001953125,4368.7998046875,116
2026-06-08T00:41:00.000Z,GC,4369.0,4369.10009765625,4365.7998046875,4366.60009765625,106
2026-06-08T00:42:00.000Z,GC,4366.60009765625,4369.2998046875,4366.5,4368.39990234375,66
2026-06-08T00:43:00.000Z,GC,4368.2001953125,4368.7001953125,4366.39990234375,4368.2001953125,123
2026-06-08T00:44:00.000Z,GC,4368.39990234375,4369.5,4367.0,4369.5,131
2026-06-08T00:45:00.000Z,GC,4369.39990234375,4370.0,4366.89990234375,4366.89990234375,48
2026-06-08T00:46:00.000Z,GC,4367.10009765625,4368.2998046875,4366.0,4367.0,61
2026-06-08T00:47:00.000Z,GC,4366.89990234375,4367.39990234375,4365.89990234375,4365.89990234375,58
2026-06-08T00:48:00.000Z,GC,4366.2998046875,4366.2998046875,4363.5,4364.5,131
2026-06-08T00:49:00.000Z,GC,4365.0,4367.5,4365.0,4366.2998046875,106
2026-06-08T00:50:00.000Z,GC,4366.5,4367.0,4364.7998046875,4364.7998046875,33
2026-06-08T00:51:00.000Z,GC,4365.2001953125,4365.7001953125,4363.39990234375,4364.10009765625,104
2026-06-08T00:52:00.000Z,GC,4363.7998046875,4365.60009765625,4363.10009765625,4365.0,86
2026-06-08T00:53:00.000Z,GC,4364.60009765625,4365.5,4363.10009765625,4364.10009765625,64
2026-06-08T00:54:00.000Z,GC,4363.7998046875,4366.10009765625,4363.7001953125,4365.2001953125,86
2026-06-08T00:55:00.000Z,GC,4365.0,4366.7001953125,4364.39990234375,4364.7001953125,54
2026-06-08T00:56:00.000Z,GC,4365.7998046875,4366.7001953125,4365.0,4366.7001953125,33
2026-06-08T00:57:00.000Z,GC,4366.0,4368.5,4366.0,4368.2001953125,31
2026-06-08T00:58:00.000Z,GC,4368.10009765625,4369.10009765625,4365.2998046875,4366.2998046875,57
2026-06-08T00:59:00.000Z,GC,4366.5,4367.2001953125,4366.0,4366.0,43
2026-06-08T01:00:00.000Z,GC,4365.60009765625,4369.5,4359.60009765625,4361.10009765625,421
2026-06-08T01:01:00.000Z,GC,4360.89990234375,4367.10009765625,4360.7001953125,4365.10009765625,187
2026-06-08T01:02:00.000Z,GC,4365.0,4366.2001953125,4361.0,4363.60009765625,146
2026-06-08T01:03:00.000Z,GC,4363.60009765625,4366.2001953125,4363.60009765625,4364.2001953125,65
2026-06-08T01:04:00.000Z,GC,4363.7998046875,4363.7998046875,4361.39990234375,4363.39990234375,48
2026-06-08T01:05:00.000Z,GC,4361.7001953125,4361.7001953125,4357.2001953125,4359.39990234375,210
2026-06-08T01:06:00.000Z,GC,4359.7001953125,4360.39990234375,4356.0,4357.2998046875,126
2026-06-08T01:07:00.000Z,GC,4357.0,4359.0,4354.5,4358.7998046875,205
2026-06-08T01:08:00.000Z,GC,4358.60009765625,4363.89990234375,4358.0,4363.39990234375,125
2026-06-08T01:09:00.000Z,GC,4363.2001953125,4364.7001953125,4359.7998046875,4361.0,134
2026-06-08T01:10:00.000Z,GC,4361.2001953125,4361.7001953125,4357.89990234375,4359.2998046875,118
2026-06-08T01:11:00.000Z,GC,4359.2001953125,4360.5,4358.60009765625,4360.2998046875,48
2026-06-08T01:12:00.000Z,GC,4360.5,4360.7998046875,4355.2998046875,4355.7998046875,127
2026-06-08T01:13:00.000Z,GC,4356.0,4358.5,4356.0,4357.5,45
2026-06-08T01:14:00.000Z,GC,4358.0,4358.0,4350.0,4351.0,292
2026-06-08T01:15:00.000Z,GC,4350.7998046875,4351.0,4343.60009765625,4347.2998046875,381
2026-06-08T01:16:00.000Z,GC,4347.2001953125,4348.7001953125,4345.10009765625,4345.10009765625,80
2026-06-08T01:17:00.000Z,GC,4345.39990234375,4346.39990234375,4343.0,4344.60009765625,134
2026-06-08T01:18:00.000Z,GC,4344.2998046875,4345.2001953125,4340.10009765625,4341.10009765625,175
2026-06-08T01:19:00.000Z,GC,4340.89990234375,4342.5,4337.7001953125,4341.60009765625,208
2026-06-08T01:20:00.000Z,GC,4341.89990234375,4342.10009765625,4337.2998046875,4338.2001953125,242
2026-06-08T01:21:00.000Z,GC,4338.60009765625,4340.2001953125,4334.2001953125,4339.7001953125,199
2026-06-08T01:22:00.000Z,GC,4339.89990234375,4345.7998046875,4339.2001953125,4343.10009765625,227
2026-06-08T01:23:00.000Z,GC,4343.60009765625,4348.89990234375,4343.2998046875,4348.89990234375,133
2026-06-08T01:24:00.000Z,GC,4349.0,4349.0,4344.5,4345.5,90
2026-06-08T01:25:00.000Z,GC,4345.39990234375,4346.5,4340.7998046875,4341.10009765625,172
2026-06-08T01:26:00.000Z,GC,4341.2001953125,4343.2001953125,4340.7001953125,4342.2998046875,64
2026-06-08T01:27:00.000Z,GC,4342.5,4346.7001953125,4342.5,4343.2998046875,69
2026-06-08T01:28:00.000Z,GC,4343.2998046875,4343.7998046875,4334.89990234375,4338.7998046875,163
2026-06-08T01:29:00.000Z,GC,4339.10009765625,4339.10009765625,4337.0,4338.2998046875,144
2026-06-08T01:30:00.000Z,GC,4338.5,4338.5,4323.60009765625,4325.7998046875,626
2026-06-08T01:31:00.000Z,GC,4326.2001953125,4341.60009765625,4324.5,4335.0,493
2026-06-08T01:32:00.000Z,GC,4335.10009765625,4340.7001953125,4334.7001953125,4340.5,185
2026-06-08T01:33:00.000Z,GC,4339.7998046875,4341.39990234375,4333.7001953125,4335.2001953125,155
2026-06-08T01:34:00.000Z,GC,4335.0,4340.2998046875,4334.2998046875,4339.39990234375,134
2026-06-08T01:35:00.000Z,GC,4338.39990234375,4340.10009765625,4335.5,4336.89990234375,104
2026-06-08T01:36:00.000Z,GC,4336.5,4340.2998046875,4336.39990234375,4339.5,77
2026-06-08T01:37:00.000Z,GC,4339.2001953125,4340.5,4338.0,4340.0,52
2026-06-08T01:38:00.000Z,GC,4340.0,4341.39990234375,4339.7001953125,4341.2001953125,56
2026-06-08T01:39:00.000Z,GC,4340.2001953125,4340.89990234375,4337.0,4340.89990234375,39
2026-06-08T01:40:00.000Z,GC,4340.7001953125,4346.2998046875,4340.7001953125,4343.60009765625,146
2026-06-08T01:41:00.000Z,GC,4344.2998046875,4347.89990234375,4344.2001953125,4347.0,103
2026-06-08T01:42:00.000Z,GC,4346.2998046875,4349.0,4345.7001953125,4348.89990234375,58
2026-06-08T01:43:00.000Z,GC,4348.7998046875,4351.39990234375,4347.5,4349.0,128
2026-06-08T01:44:00.000Z,GC,4348.89990234375,4350.89990234375,4348.60009765625,4350.7001953125,65
2026-06-08T01:45:00.000Z,GC,4350.7001953125,4353.39990234375,4348.10009765625,4352.7001953125,111
2026-06-08T01:46:00.000Z,GC,4351.60009765625,4352.7998046875,4349.7998046875,4350.5,67
2026-06-08T01:47:00.000Z,GC,4350.10009765625,4351.2001953125,4347.2001953125,4348.5,61
2026-06-08T01:48:00.000Z,GC,4349.7001953125,4350.39990234375,4347.5,4350.39990234375,58
2026-06-08T01:49:00.000Z,GC,4349.10009765625,4352.10009765625,4346.7998046875,4348.0,67
2026-06-08T01:50:00.000Z,GC,4346.89990234375,4346.89990234375,4343.39990234375,4345.2001953125,115
2026-06-08T01:51:00.000Z,GC,4347.0,4350.7998046875,4346.39990234375,4350.60009765625,102
2026-06-08T01:52:00.000Z,GC,4351.0,4352.0,4346.7001953125,4348.7998046875,116
2026-06-08T01:53:00.000Z,GC,4349.2001953125,4350.2001953125,4345.0,4346.0,71
2026-06-08T01:54:00.000Z,GC,4346.39990234375,4348.5,4346.0,4348.10009765625,47
2026-06-08T01:55:00.000Z,GC,4347.2998046875,4351.0,4347.2998046875,4350.10009765625,17
2026-06-08T01:56:00.000Z,GC,4350.0,4352.7001953125,4349.0,4352.2001953125,80
2026-06-08T01:57:00.000Z,GC,4352.2998046875,4352.39990234375,4349.10009765625,4349.60009765625,68
2026-06-08T01:58:00.000Z,GC,4348.5,4350.10009765625,4347.60009765625,4348.7998046875,90
2026-06-08T01:59:00.000Z,GC,4348.7001953125,4350.7001953125,4348.7001953125,4349.60009765625,36
2026-06-08T02:00:00.000Z,GC,4350.2001953125,4354.7998046875,4349.39990234375,4353.5,207
2026-06-08T02:01:00.000Z,GC,4353.0,4353.2001953125,4346.7998046875,4347.0,77
2026-06-08T02:02:00.000Z,GC,4347.2998046875,4347.7001953125,4345.2998046875,4347.39990234375,58
2026-06-08T02:03:00.000Z,GC,4347.5,4349.7998046875,4345.0,4346.7998046875,108
2026-06-08T02:04:00.000Z,GC,4347.39990234375,4347.60009765625,4345.5,4347.10009765625,23
2026-06-08T02:05:00.000Z,GC,4346.7001953125,4346.7998046875,4344.2001953125,4346.0,53
2026-06-08T02:06:00.000Z,GC,4346.10009765625,4347.39990234375,4345.39990234375,4345.7001953125,36
2026-06-08T02:07:00.000Z,GC,4345.2001953125,4348.60009765625,4344.89990234375,4347.10009765625,85
2026-06-08T02:08:00.000Z,GC,4347.10009765625,4347.39990234375,4344.2001953125,4344.60009765625,52
2026-06-08T02:09:00.000Z,GC,4344.10009765625,4344.7001953125,4339.5,4342.89990234375,129
2026-06-08T02:10:00.000Z,GC,4342.5,4342.60009765625,4339.0,4339.89990234375,79
2026-06-08T02:11:00.000Z,GC,4340.2001953125,4343.0,4338.60009765625,4342.60009765625,92
2026-06-08T02:12:00.000Z,GC,4342.2001953125,4342.2001953125,4339.89990234375,4340.89990234375,65
2026-06-08T02:13:00.000Z,GC,4341.0,4342.0,4338.5,4339.89990234375,117
2026-06-08T02:14:00.000Z,GC,4339.7998046875,4341.10009765625,4339.7001953125,4340.60009765625,35
2026-06-08T02:15:00.000Z,GC,4340.0,4343.5,4339.5,4341.10009765625,57
2026-06-08T02:16:00.000Z,GC,4341.0,4341.0,4337.39990234375,4339.2001953125,111
2026-06-08T02:17:00.000Z,GC,4339.0,4339.89990234375,4337.5,4337.5,105
2026-06-08T02:18:00.000Z,GC,4337.10009765625,4337.60009765625,4335.89990234375,4337.0,100
2026-06-08T02:19:00.000Z,GC,4336.89990234375,4337.10009765625,4335.10009765625,4335.7998046875,64
2026-06-08T02:20:00.000Z,GC,4335.60009765625,4337.10009765625,4335.0,4336.60009765625,71
2026-06-08T02:21:00.000Z,GC,4336.60009765625,4338.7998046875,4336.60009765625,4337.5,41
2026-06-08T02:22:00.000Z,GC,4337.5,4339.0,4337.5,4338.7001953125,59
2026-06-08T02:23:00.000Z,GC,4338.39990234375,4338.60009765625,4337.7001953125,4338.60009765625,9
2026-06-08T02:24:00.000Z,GC,4338.5,4340.2998046875,4338.5,4340.2998046875,29
2026-06-08T02:25:00.000Z,GC,4340.10009765625,4341.0,4339.2001953125,4339.39990234375,58
2026-06-08T02:26:00.000Z,GC,4339.10009765625,4340.39990234375,4337.5,4339.7998046875,45
2026-06-08T02:27:00.000Z,GC,4339.7001953125,4340.39990234375,4338.5,4339.0,40
2026-06-08T02:28:00.000Z,GC,4339.7001953125,4339.7001953125,4335.2998046875,4337.60009765625,151
2026-06-08T02:29:00.000Z,GC,4337.60009765625,4339.5,4337.60009765625,4338.7001953125,34
2026-06-08T02:30:00.000Z,GC,4339.10009765625,4341.0,4335.60009765625,4335.7001953125,128
2026-06-08T02:31:00.000Z,GC,4336.5,4336.60009765625,4332.7001953125,4335.2001953125,184
2026-06-08T02:32:00.000Z,GC,4334.2998046875,4337.2001953125,4332.60009765625,4335.2001953125,133
2026-06-08T02:33:00.000Z,GC,4335.10009765625,4336.7001953125,4333.7001953125,4336.39990234375,84
2026-06-08T02:34:00.000Z,GC,4335.7001953125,4337.7998046875,4332.60009765625,4333.39990234375,130
2026-06-08T02:35:00.000Z,GC,4333.60009765625,4334.60009765625,4331.60009765625,4332.7001953125,120
2026-06-08T02:36:00.000Z,GC,4332.7998046875,4335.60009765625,4332.0,4332.60009765625,181
2026-06-08T02:37:00.000Z,GC,4332.7998046875,4334.7001953125,4332.2001953125,4334.0,108
2026-06-08T02:38:00.000Z,GC,4333.60009765625,4334.10009765625,4331.0,4333.2001953125,141
2026-06-08T02:39:00.000Z,GC,4334.0,4336.39990234375,4334.0,4335.5,77
2026-06-08T02:40:00.000Z,GC,4335.7998046875,4336.7998046875,4333.89990234375,4335.60009765625,56
2026-06-08T02:41:00.000Z,GC,4335.7001953125,4335.7001953125,4333.2001953125,4334.39990234375,60
2026-06-08T02:42:00.000Z,GC,4334.7001953125,4336.7998046875,4333.89990234375,4334.89990234375,145
2026-06-08T02:43:00.000Z,GC,4334.7001953125,4337.2998046875,4333.7998046875,4336.7998046875,101
2026-06-08T02:44:00.000Z,GC,4336.5,4341.7001953125,4336.5,4340.2001953125,122
2026-06-08T02:45:00.000Z,GC,4339.7001953125,4339.89990234375,4338.5,4339.10009765625,44
2026-06-08T02:46:00.000Z,GC,4339.10009765625,4342.7998046875,4339.0,4340.89990234375,60
2026-06-08T02:47:00.000Z,GC,4341.0,4343.39990234375,4340.39990234375,4343.39990234375,73
2026-06-08T02:48:00.000Z,GC,4343.60009765625,4345.0,4340.7001953125,4340.7001953125,60
2026-06-08T02:49:00.000Z,GC,4340.5,4341.10009765625,4338.60009765625,4341.0,129
2026-06-08T02:50:00.000Z,GC,4341.2001953125,4341.5,4339.89990234375,4340.39990234375,54
2026-06-08T02:51:00.000Z,GC,4340.2998046875,4340.2998046875,4333.0,4335.7001953125,149
2026-06-08T02:52:00.000Z,GC,4336.39990234375,4337.0,4334.2998046875,4336.60009765625,123
2026-06-08T02:53:00.000Z,GC,4336.7998046875,4337.2998046875,4335.60009765625,4336.2001953125,34
2026-06-08T02:54:00.000Z,GC,4335.7001953125,4336.2998046875,4335.39990234375,4335.7001953125,22
2026-06-08T02:55:00.000Z,GC,4335.7001953125,4337.5,4335.2001953125,4336.0,44
2026-06-08T02:56:00.000Z,GC,4336.89990234375,4339.5,4336.60009765625,4336.89990234375,60
2026-06-08T02:57:00.000Z,GC,4336.7998046875,4336.7998046875,4333.89990234375,4335.7998046875,82
2026-06-08T02:58:00.000Z,GC,4335.7001953125,4337.10009765625,4335.60009765625,4336.7001953125,32
2026-06-08T02:59:00.000Z,GC,4335.89990234375,4335.89990234375,4333.60009765625,4334.5,47
2026-06-08T03:00:00.000Z,GC,4334.89990234375,4338.10009765625,4334.60009765625,4337.2998046875,70
2026-06-08T03:01:00.000Z,GC,4337.7001953125,4338.0,4334.89990234375,4335.10009765625,26
2026-06-08T03:02:00.000Z,GC,4336.2998046875,4338.2998046875,4336.0,4337.0,71
2026-06-08T03:03:00.000Z,GC,4336.5,4336.7998046875,4334.5,4335.2998046875,30
2026-06-08T03:04:00.000Z,GC,4335.10009765625,4336.39990234375,4334.89990234375,4334.89990234375,22
2026-06-08T03:05:00.000Z,GC,4334.89990234375,4335.89990234375,4332.89990234375,4334.0,54
2026-06-08T03:06:00.000Z,GC,4334.10009765625,4334.39990234375,4331.2998046875,4331.7001953125,37
2026-06-08T03:07:00.000Z,GC,4332.2001953125,4332.5,4330.2001953125,4331.10009765625,171
2026-06-08T03:08:00.000Z,GC,4330.10009765625,4332.60009765625,4330.10009765625,4331.7998046875,218
2026-06-08T03:09:00.000Z,GC,4332.0,4333.5,4331.2998046875,4332.2001953125,67
2026-06-08T03:10:00.000Z,GC,4330.7998046875,4332.5,4330.2998046875,4330.89990234375,49
2026-06-08T03:11:00.000Z,GC,4331.5,4331.60009765625,4328.5,4329.2998046875,113
2026-06-08T03:12:00.000Z,GC,4329.2001953125,4330.39990234375,4328.5,4328.7001953125,42
2026-06-08T03:13:00.000Z,GC,4329.10009765625,4329.10009765625,4328.10009765625,4329.0,50
2026-06-08T03:14:00.000Z,GC,4329.2001953125,4329.7001953125,4328.5,4328.89990234375,24
2026-06-08T03:15:00.000Z,GC,4328.5,4329.60009765625,4328.10009765625,4329.39990234375,26
2026-06-08T03:16:00.000Z,GC,4329.0,4329.2001953125,4327.39990234375,4329.0,122
2026-06-08T03:17:00.000Z,GC,4328.39990234375,4330.60009765625,4328.0,4328.7998046875,69
2026-06-08T03:18:00.000Z,GC,4329.2001953125,4329.7001953125,4328.89990234375,4329.60009765625,16
2026-06-08T03:19:00.000Z,GC,4329.60009765625,4331.7998046875,4329.39990234375,4331.7998046875,22
2026-06-08T03:20:00.000Z,GC,4331.5,4333.2001953125,4330.7001953125,4332.10009765625,90
2026-06-08T03:21:00.000Z,GC,4332.0,4336.2998046875,4331.7998046875,4335.7998046875,199
2026-06-08T03:22:00.000Z,GC,4335.7001953125,4336.0,4333.0,4333.2998046875,104
2026-06-08T03:23:00.000Z,GC,4333.39990234375,4334.2998046875,4332.39990234375,4334.10009765625,65
2026-06-08T03:24:00.000Z,GC,4333.2998046875,4334.89990234375,4333.10009765625,4334.39990234375,66
2026-06-08T03:25:00.000Z,GC,4334.89990234375,4335.10009765625,4331.89990234375,4332.0,47
2026-06-08T03:26:00.000Z,GC,4332.2001953125,4333.39990234375,4331.5,4333.0,34
2026-06-08T03:27:00.000Z,GC,4332.39990234375,4333.7001953125,4332.39990234375,4332.7001953125,15
2026-06-08T03:28:00.000Z,GC,4333.0,4333.0,4331.7998046875,4331.7998046875,12
2026-06-08T03:29:00.000Z,GC,4331.89990234375,4332.2001953125,4330.0,4331.39990234375,137
2026-06-08T03:30:00.000Z,GC,4331.10009765625,4333.39990234375,4330.39990234375,4332.10009765625,64
2026-06-08T03:31:00.000Z,GC,4332.0,4332.7998046875,4330.60009765625,4331.2001953125,28
2026-06-08T03:32:00.000Z,GC,4330.89990234375,4331.0,4329.60009765625,4330.10009765625,60
2026-06-08T03:33:00.000Z,GC,4330.10009765625,4330.2001953125,4329.0,4330.2001953125,44
2026-06-08T03:34:00.000Z,GC,4329.7998046875,4331.0,4329.2998046875,4330.89990234375,23
2026-06-08T03:35:00.000Z,GC,4330.89990234375,4331.60009765625,4330.7998046875,4331.0,15
2026-06-08T03:36:00.000Z,GC,4331.2998046875,4332.39990234375,4330.89990234375,4332.39990234375,11
2026-06-08T03:37:00.000Z,GC,4332.39990234375,4333.2001953125,4332.0,4332.0,19
2026-06-08T03:38:00.000Z,GC,4332.2001953125,4332.2001953125,4330.5,4331.0,29
2026-06-08T03:39:00.000Z,GC,4331.2998046875,4331.2998046875,4330.39990234375,4331.2998046875,10
2026-06-08T03:40:00.000Z,GC,4331.7001953125,4331.7001953125,4331.10009765625,4331.2998046875,6
2026-06-08T03:41:00.000Z,GC,4332.0,4333.0,4332.0,4333.0,7
2026-06-08T03:42:00.000Z,GC,4332.7001953125,4333.39990234375,4332.39990234375,4333.2998046875,28
2026-06-08T03:43:00.000Z,GC,4333.2001953125,4333.2001953125,4330.7998046875,4331.2998046875,27
2026-06-08T03:44:00.000Z,GC,4331.39990234375,4334.10009765625,4331.39990234375,4334.0,22
2026-06-08T03:45:00.000Z,GC,4334.0,4334.7998046875,4333.2001953125,4334.7998046875,33
2026-06-08T03:46:00.000Z,GC,4334.7998046875,4335.5,4334.7998046875,4335.5,12
2026-06-08T03:47:00.000Z,GC,4335.7001953125,4337.2998046875,4335.0,4335.2998046875,33
2026-06-08T03:48:00.000Z,GC,4335.7001953125,4337.10009765625,4335.39990234375,4335.7998046875,38
2026-06-08T03:49:00.000Z,GC,4336.2998046875,4337.89990234375,4336.2998046875,4336.7001953125,34
2026-06-08T03:50:00.000Z,GC,4336.10009765625,4337.60009765625,4336.0,4337.60009765625,38
2026-06-08T03:51:00.000Z,GC,4337.5,4339.5,4337.39990234375,4339.5,48
2026-06-08T03:52:00.000Z,GC,4339.5,4339.89990234375,4337.5,4337.7998046875,43
2026-06-08T03:53:00.000Z,GC,4338.0,4340.7001953125,4337.60009765625,4340.60009765625,18
2026-06-08T03:54:00.000Z,GC,4340.89990234375,4341.10009765625,4339.2998046875,4339.2998046875,40
2026-06-08T03:55:00.000Z,GC,4339.10009765625,4339.60009765625,4338.39990234375,4339.2001953125,22
2026-06-08T03:56:00.000Z,GC,4338.89990234375,4339.60009765625,4338.5,4339.60009765625,18
2026-06-08T03:57:00.000Z,GC,4339.2998046875,4339.7001953125,4338.2998046875,4338.60009765625,21
2026-06-08T03:58:00.000Z,GC,4338.7001953125,4340.2998046875,4338.7001953125,4339.7998046875,21
2026-06-08T04:00:00.000Z,GC,4342.0,4344.5,4341.7998046875,4344.0,79
2026-06-08T04:01:00.000Z,GC,4343.7998046875,4344.0,4342.7001953125,4343.0,51
2026-06-08T04:02:00.000Z,GC,4343.0,4343.2998046875,4342.2001953125,4343.2001953125,30
2026-06-08T04:03:00.000Z,GC,4342.7001953125,4343.60009765625,4339.89990234375,4340.10009765625,48
2026-06-08T04:04:00.000Z,GC,4339.60009765625,4339.89990234375,4338.89990234375,4339.2998046875,44
2026-06-08T04:05:00.000Z,GC,4338.7998046875,4339.2998046875,4338.39990234375,4339.2001953125,34
2026-06-08T04:06:00.000Z,GC,4339.10009765625,4340.0,4338.60009765625,4339.89990234375,31
2026-06-08T04:07:00.000Z,GC,4339.5,4341.10009765625,4337.7998046875,4340.60009765625,45
2026-06-08T04:08:00.000Z,GC,4340.5,4343.7998046875,4340.5,4342.5,61
2026-06-08T04:09:00.000Z,GC,4342.2001953125,4342.7001953125,4342.10009765625,4342.10009765625,29
2026-06-08T04:10:00.000Z,GC,4342.10009765625,4343.39990234375,4342.10009765625,4343.10009765625,17
2026-06-08T04:11:00.000Z,GC,4343.10009765625,4343.7998046875,4342.7998046875,4343.2998046875,14
2026-06-08T04:12:00.000Z,GC,4342.7998046875,4343.60009765625,4341.7001953125,4341.7998046875,20
2026-06-08T04:13:00.000Z,GC,4341.7998046875,4342.39990234375,4340.7998046875,4341.60009765625,24
2026-06-08T04:14:00.000Z,GC,4342.2998046875,4343.39990234375,4342.10009765625,4343.39990234375,7
2026-06-08T04:15:00.000Z,GC,4343.2998046875,4344.0,4342.0,4343.7998046875,19
2026-06-08T04:16:00.000Z,GC,4344.2001953125,4346.39990234375,4342.39990234375,4345.7001953125,89
2026-06-08T04:17:00.000Z,GC,4344.89990234375,4345.39990234375,4344.0,4345.10009765625,43
2026-06-08T04:18:00.000Z,GC,4344.89990234375,4346.10009765625,4344.89990234375,4346.10009765625,30
2026-06-08T04:19:00.000Z,GC,4345.7001953125,4345.7998046875,4342.60009765625,4342.7001953125,47
2026-06-08T04:20:00.000Z,GC,4343.10009765625,4343.10009765625,4341.39990234375,4342.10009765625,60
2026-06-08T04:21:00.000Z,GC,4342.0,4343.2001953125,4340.5,4341.2001953125,39
2026-06-08T04:22:00.000Z,GC,4341.0,4342.10009765625,4340.2001953125,4341.39990234375,76
2026-06-08T04:23:00.000Z,GC,4341.2998046875,4341.39990234375,4340.7998046875,4340.89990234375,39
2026-06-08T04:24:00.000Z,GC,4341.0,4341.7998046875,4340.39990234375,4341.7998046875,46
2026-06-08T04:25:00.000Z,GC,4342.2001953125,4342.2998046875,4341.5,4342.0,12
2026-06-08T04:26:00.000Z,GC,4342.10009765625,4342.60009765625,4341.2998046875,4341.7001953125,49
2026-06-08T04:27:00.000Z,GC,4341.5,4342.2998046875,4341.2001953125,4342.10009765625,14
2026-06-08T04:28:00.000Z,GC,4343.2001953125,4345.0,4343.2001953125,4343.5,28
2026-06-08T04:29:00.000Z,GC,4343.5,4344.2998046875,4342.7998046875,4344.0,30
2026-06-08T04:30:00.000Z,GC,4344.2998046875,4344.60009765625,4341.60009765625,4341.60009765625,48
2026-06-08T04:31:00.000Z,GC,4341.39990234375,4342.2001953125,4341.2001953125,4341.7998046875,40
2026-06-08T04:32:00.000Z,GC,4342.0,4342.2001953125,4340.2001953125,4340.2001953125,25
2026-06-08T04:33:00.000Z,GC,4340.0,4340.7998046875,4337.60009765625,4337.60009765625,92
2026-06-08T04:34:00.000Z,GC,4337.89990234375,4338.10009765625,4335.7001953125,4337.60009765625,54
2026-06-08T04:35:00.000Z,GC,4338.0,4338.0,4336.5,4336.5,25
2026-06-08T04:36:00.000Z,GC,4336.5,4336.60009765625,4336.10009765625,4336.60009765625,13
2026-06-08T04:37:00.000Z,GC,4336.60009765625,4338.2001953125,4335.7998046875,4337.89990234375,46
2026-06-08T04:38:00.000Z,GC,4337.7001953125,4338.0,4336.2998046875,4336.2998046875,24
2026-06-08T04:39:00.000Z,GC,4336.89990234375,4337.10009765625,4334.89990234375,4335.2001953125,25
2026-06-08T04:40:00.000Z,GC,4335.5,4336.2998046875,4333.5,4333.89990234375,75
2026-06-08T04:41:00.000Z,GC,4334.7001953125,4334.7001953125,4333.0,4334.0,57
2026-06-08T04:42:00.000Z,GC,4334.0,4334.10009765625,4332.60009765625,4332.60009765625,89
2026-06-08T04:43:00.000Z,GC,4332.39990234375,4332.7001953125,4331.7998046875,4332.5,45
2026-06-08T04:44:00.000Z,GC,4332.89990234375,4333.7001953125,4331.7998046875,4331.7998046875,41
2026-06-08T04:45:00.000Z,GC,4332.2001953125,4332.89990234375,4332.2001953125,4332.2998046875,19
2026-06-08T04:46:00.000Z,GC,4331.7998046875,4335.0,4331.7998046875,4334.60009765625,56
2026-06-08T04:47:00.000Z,GC,4334.2001953125,4335.10009765625,4334.10009765625,4335.10009765625,8
2026-06-08T04:48:00.000Z,GC,4335.10009765625,4335.7001953125,4334.2998046875,4334.89990234375,50
2026-06-08T04:49:00.000Z,GC,4335.2998046875,4335.60009765625,4334.10009765625,4334.10009765625,24
2026-06-08T04:50:00.000Z,GC,4334.2001953125,4335.7998046875,4334.0,4335.7998046875,32
2026-06-08T04:51:00.000Z,GC,4335.7001953125,4336.10009765625,4335.39990234375,4336.10009765625,7
2026-06-08T04:52:00.000Z,GC,4336.2998046875,4338.0,4335.5,4335.5,30
2026-06-08T04:53:00.000Z,GC,4335.5,4335.5,4335.0,4335.10009765625,8
2026-06-08T04:54:00.000Z,GC,4336.10009765625,4336.10009765625,4334.7001953125,4335.7001953125,7
2026-06-08T04:55:00.000Z,GC,4336.2998046875,4336.5,4335.2001953125,4335.2001953125,13
2026-06-08T04:56:00.000Z,GC,4334.2998046875,4334.2998046875,4333.60009765625,4334.2001953125,18
2026-06-08T04:57:00.000Z,GC,4334.10009765625,4334.10009765625,4333.5,4333.7998046875,9
2026-06-08T04:58:00.000Z,GC,4334.10009765625,4334.10009765625,4333.0,4334.0,25
2026-06-08T04:59:00.000Z,GC,4334.5,4337.7001953125,4334.5,4337.2001953125,45
2026-06-08T05:00:00.000Z,GC,4337.10009765625,4339.5,4336.10009765625,4339.39990234375,58
2026-06-08T05:01:00.000Z,GC,4338.7998046875,4338.7998046875,4337.39990234375,4338.0,26
2026-06-08T05:02:00.000Z,GC,4337.60009765625,4339.10009765625,4336.7998046875,4337.39990234375,39
2026-06-08T05:03:00.000Z,GC,4338.10009765625,4338.60009765625,4337.5,4338.5,13
2026-06-08T05:04:00.000Z,GC,4338.7998046875,4340.10009765625,4338.39990234375,4339.5,23
2026-06-08T05:05:00.000Z,GC,4339.2998046875,4340.0,4337.60009765625,4337.60009765625,24
2026-06-08T05:06:00.000Z,GC,4337.5,4338.2001953125,4334.7001953125,4335.7998046875,69
2026-06-08T05:07:00.000Z,GC,4335.7998046875,4336.39990234375,4335.2001953125,4336.10009765625,27
2026-06-08T05:08:00.000Z,GC,4336.39990234375,4336.7998046875,4335.0,4335.2998046875,21
2026-06-08T05:09:00.000Z,GC,4335.39990234375,4335.5,4333.89990234375,4334.7001953125,40
2026-06-08T05:10:00.000Z,GC,4334.89990234375,4335.60009765625,4334.5,4334.7998046875,21
2026-06-08T05:11:00.000Z,GC,4335.5,4335.89990234375,4334.60009765625,4335.10009765625,15
2026-06-08T05:12:00.000Z,GC,4334.2998046875,4334.60009765625,4333.60009765625,4333.7001953125,31
2026-06-08T05:13:00.000Z,GC,4333.0,4333.0,4329.7998046875,4330.0,144
2026-06-08T05:14:00.000Z,GC,4330.2998046875,4330.89990234375,4328.60009765625,4328.60009765625,71
2026-06-08T05:15:00.000Z,GC,4328.7998046875,4330.89990234375,4328.7998046875,4329.7998046875,113
2026-06-08T05:16:00.000Z,GC,4329.60009765625,4331.7998046875,4328.60009765625,4331.60009765625,57
2026-06-08T05:17:00.000Z,GC,4331.5,4332.7998046875,4330.10009765625,4332.39990234375,74
2026-06-08T05:18:00.000Z,GC,4332.2001953125,4334.89990234375,4332.0,4334.60009765625,34
2026-06-08T05:19:00.000Z,GC,4334.2998046875,4335.0,4333.0,4333.2998046875,50
2026-06-08T05:20:00.000Z,GC,4333.7998046875,4335.0,4333.7998046875,4334.10009765625,23
2026-06-08T05:21:00.000Z,GC,4333.7001953125,4336.5,4333.7001953125,4336.10009765625,38
2026-06-08T05:22:00.000Z,GC,4336.5,4339.0,4335.60009765625,4336.10009765625,61
2026-06-08T05:23:00.000Z,GC,4335.7998046875,4337.60009765625,4335.7998046875,4336.7998046875,39
2026-06-08T05:24:00.000Z,GC,4336.5,4336.5,4334.39990234375,4335.39990234375,17
2026-06-08T05:25:00.000Z,GC,4335.5,4335.5,4334.0,4334.10009765625,11
2026-06-08T05:26:00.000Z,GC,4333.89990234375,4336.60009765625,4333.2998046875,4335.7001953125,45
2026-06-08T05:27:00.000Z,GC,4335.39990234375,4336.7998046875,4334.2001953125,4336.60009765625,52
2026-06-08T05:28:00.000Z,GC,4336.2998046875,4337.10009765625,4335.89990234375,4335.89990234375,32
2026-06-08T05:29:00.000Z,GC,4336.7998046875,4337.2998046875,4335.0,4336.2001953125,26
2026-06-08T05:30:00.000Z,GC,4335.7998046875,4337.60009765625,4325.60009765625,4327.39990234375,509
2026-06-08T05:31:00.000Z,GC,4327.60009765625,4331.0,4326.0,4326.89990234375,98
2026-06-08T05:32:00.000Z,GC,4326.39990234375,4327.2001953125,4325.2998046875,4326.7001953125,121
2026-06-08T05:33:00.000Z,GC,4326.39990234375,4328.0,4324.7998046875,4325.5,115
2026-06-08T05:34:00.000Z,GC,4325.0,4325.5,4310.7001953125,4311.2001953125,1049
2026-06-08T05:35:00.000Z,GC,4311.7998046875,4312.0,4306.2001953125,4307.5,807
2026-06-08T05:36:00.000Z,GC,4306.7998046875,4307.10009765625,4304.2998046875,4304.7998046875,377
2026-06-08T05:37:00.000Z,GC,4304.60009765625,4305.39990234375,4293.0,4298.5,947
2026-06-08T05:38:00.000Z,GC,4298.7998046875,4315.39990234375,4298.7998046875,4313.0,608
2026-06-08T05:39:00.000Z,GC,4313.10009765625,4316.2001953125,4311.60009765625,4316.0,174
2026-06-08T05:40:00.000Z,GC,4315.60009765625,4317.60009765625,4314.5,4316.2001953125,200
2026-06-08T05:41:00.000Z,GC,4316.2998046875,4316.2998046875,4309.2998046875,4309.60009765625,213
2026-06-08T05:42:00.000Z,GC,4309.89990234375,4315.7998046875,4307.60009765625,4314.39990234375,160
2026-06-08T05:43:00.000Z,GC,4315.2001953125,4316.10009765625,4312.2998046875,4313.60009765625,154
2026-06-08T05:44:00.000Z,GC,4313.2998046875,4313.2998046875,4310.7001953125,4312.7001953125,142
2026-06-08T05:45:00.000Z,GC,4312.7001953125,4313.39990234375,4309.89990234375,4313.10009765625,136
2026-06-08T05:46:00.000Z,GC,4312.89990234375,4317.0,4311.2998046875,4315.7001953125,187
2026-06-08T05:47:00.000Z,GC,4315.39990234375,4316.60009765625,4313.7998046875,4315.89990234375,109
2026-06-08T05:48:00.000Z,GC,4315.60009765625,4316.7001953125,4312.2998046875,4313.2998046875,93
2026-06-08T05:49:00.000Z,GC,4313.39990234375,4313.7998046875,4310.60009765625,4311.5,70
2026-06-08T05:50:00.000Z,GC,4312.0,4316.7998046875,4310.7998046875,4314.89990234375,104
2026-06-08T05:51:00.000Z,GC,4314.7998046875,4318.39990234375,4314.0,4318.2001953125,72
2026-06-08T05:52:00.000Z,GC,4318.2001953125,4320.39990234375,4316.7001953125,4319.0,162
2026-06-08T05:53:00.000Z,GC,4319.5,4319.5,4314.7998046875,4316.0,94
2026-06-08T05:54:00.000Z,GC,4315.60009765625,4316.2998046875,4312.5,4314.7001953125,165
2026-06-08T05:55:00.000Z,GC,4314.5,4315.5,4311.2001953125,4312.0,119
2026-06-08T05:56:00.000Z,GC,4312.2001953125,4313.89990234375,4311.7998046875,4311.7998046875,49
2026-06-08T05:57:00.000Z,GC,4312.2998046875,4313.0,4311.2001953125,4312.89990234375,78
2026-06-08T05:58:00.000Z,GC,4312.89990234375,4315.39990234375,4311.7001953125,4315.2998046875,68
2026-06-08T05:59:00.000Z,GC,4315.7001953125,4320.0,4315.7001953125,4317.5,126
2026-06-08T06:00:00.000Z,GC,4316.7998046875,4327.89990234375,4316.7998046875,4326.5,374
2026-06-08T06:01:00.000Z,GC,4326.2998046875,4331.2001953125,4325.7001953125,4329.7998046875,153
2026-06-08T06:02:00.000Z,GC,4329.7998046875,4333.2001953125,4328.7998046875,4330.60009765625,325
2026-06-08T06:03:00.000Z,GC,4330.5,4332.2001953125,4329.10009765625,4330.0,142
2026-06-08T06:04:00.000Z,GC,4330.39990234375,4330.60009765625,4326.5,4328.39990234375,252
2026-06-08T06:05:00.000Z,GC,4328.7001953125,4329.39990234375,4327.39990234375,4329.0,54
2026-06-08T06:06:00.000Z,GC,4329.10009765625,4331.5,4326.5,4326.7001953125,127
2026-06-08T06:07:00.000Z,GC,4326.89990234375,4327.39990234375,4324.5,4325.60009765625,60
2026-06-08T06:08:00.000Z,GC,4326.0,4327.60009765625,4324.7998046875,4327.60009765625,97
2026-06-08T06:09:00.000Z,GC,4326.89990234375,4329.10009765625,4325.7001953125,4327.39990234375,111
2026-06-08T06:10:00.000Z,GC,4327.7998046875,4328.5,4326.89990234375,4328.5,50
2026-06-08T06:11:00.000Z,GC,4328.5,4328.89990234375,4325.7001953125,4325.89990234375,35
2026-06-08T06:12:00.000Z,GC,4325.39990234375,4327.2001953125,4323.7998046875,4326.60009765625,72
2026-06-08T06:13:00.000Z,GC,4326.7001953125,4329.60009765625,4326.2001953125,4328.0,61
2026-06-08T06:14:00.000Z,GC,4328.2998046875,4331.39990234375,4327.0,4328.7998046875,146
2026-06-08T06:15:00.000Z,GC,4328.7001953125,4329.2001953125,4327.60009765625,4328.0,38
2026-06-08T06:16:00.000Z,GC,4327.7998046875,4331.2998046875,4327.7001953125,4329.60009765625,99
2026-06-08T06:17:00.000Z,GC,4329.2001953125,4332.2001953125,4328.89990234375,4330.60009765625,97
2026-06-08T06:18:00.000Z,GC,4330.39990234375,4330.7998046875,4324.60009765625,4325.39990234375,117
2026-06-08T06:19:00.000Z,GC,4325.89990234375,4328.7998046875,4324.60009765625,4328.7001953125,46
2026-06-08T06:20:00.000Z,GC,4328.7001953125,4329.2998046875,4328.0,4329.0,75
2026-06-08T06:21:00.000Z,GC,4329.0,4334.60009765625,4327.7998046875,4333.10009765625,141
2026-06-08T06:22:00.000Z,GC,4333.39990234375,4336.5,4332.7998046875,4334.89990234375,140
2026-06-08T06:23:00.000Z,GC,4335.10009765625,4335.39990234375,4331.7001953125,4332.0,71
2026-06-08T06:24:00.000Z,GC,4331.7998046875,4333.7998046875,4331.60009765625,4333.7998046875,23
2026-06-08T06:25:00.000Z,GC,4333.60009765625,4334.10009765625,4331.7001953125,4333.10009765625,91
2026-06-08T06:26:00.000Z,GC,4332.60009765625,4335.7001953125,4332.60009765625,4334.7998046875,72
2026-06-08T06:27:00.000Z,GC,4334.5,4334.5,4332.39990234375,4333.7998046875,160
2026-06-08T06:28:00.000Z,GC,4333.5,4334.60009765625,4332.7001953125,4333.5,53
2026-06-08T06:29:00.000Z,GC,4333.60009765625,4334.5,4329.89990234375,4330.89990234375,93
2026-06-08T06:30:00.000Z,GC,4330.7001953125,4331.5,4328.7001953125,4329.60009765625,79
2026-06-08T06:31:00.000Z,GC,4329.5,4330.2001953125,4327.5,4327.89990234375,77
2026-06-08T06:32:00.000Z,GC,4327.89990234375,4328.39990234375,4326.2998046875,4327.2001953125,115
2026-06-08T06:33:00.000Z,GC,4326.89990234375,4327.2001953125,4324.39990234375,4324.39990234375,77
2026-06-08T06:34:00.000Z,GC,4324.7998046875,4326.0,4324.39990234375,4324.7001953125,30
2026-06-08T06:35:00.000Z,GC,4324.7001953125,4325.0,4320.39990234375,4320.60009765625,125
2026-06-08T06:36:00.000Z,GC,4321.5,4323.89990234375,4321.10009765625,4323.39990234375,86
2026-06-08T06:37:00.000Z,GC,4323.10009765625,4323.2998046875,4321.2001953125,4321.89990234375,17
2026-06-08T06:38:00.000Z,GC,4321.7001953125,4323.7998046875,4320.89990234375,4323.10009765625,40
2026-06-08T06:39:00.000Z,GC,4322.7001953125,4322.7001953125,4320.10009765625,4321.5,71
2026-06-08T06:40:00.000Z,GC,4321.5,4321.5,4318.7001953125,4320.2001953125,93
2026-06-08T06:41:00.000Z,GC,4320.0,4320.89990234375,4319.7998046875,4320.39990234375,28
2026-06-08T06:42:00.000Z,GC,4320.0,4322.2001953125,4319.5,4321.39990234375,25
2026-06-08T06:43:00.000Z,GC,4321.7001953125,4325.0,4321.7001953125,4325.0,90
2026-06-08T06:44:00.000Z,GC,4325.0,4325.2001953125,4323.2998046875,4323.2998046875,70
2026-06-08T06:45:00.000Z,GC,4323.10009765625,4323.39990234375,4321.0,4321.60009765625,78
2026-06-08T06:46:00.000Z,GC,4321.89990234375,4322.2998046875,4321.5,4322.10009765625,50
2026-06-08T06:47:00.000Z,GC,4321.5,4325.39990234375,4320.89990234375,4325.39990234375,114
2026-06-08T06:48:00.000Z,GC,4325.0,4325.0,4322.10009765625,4322.10009765625,77
2026-06-08T06:49:00.000Z,GC,4323.0,4323.60009765625,4321.89990234375,4321.89990234375,15
2026-06-08T06:50:00.000Z,GC,4322.10009765625,4324.89990234375,4321.39990234375,4324.0,60
2026-06-08T06:51:00.000Z,GC,4323.60009765625,4325.60009765625,4323.5,4324.7001953125,32
2026-06-08T06:52:00.000Z,GC,4324.7998046875,4325.10009765625,4323.89990234375,4324.0,10
2026-06-08T06:53:00.000Z,GC,4324.10009765625,4324.10009765625,4321.89990234375,4322.10009765625,37
2026-06-08T06:54:00.000Z,GC,4322.2998046875,4323.2998046875,4321.39990234375,4323.10009765625,25
2026-06-08T06:55:00.000Z,GC,4322.5,4322.5,4318.10009765625,4320.2001953125,92
2026-06-08T06:56:00.000Z,GC,4320.39990234375,4322.7001953125,4320.39990234375,4322.39990234375,108
2026-06-08T06:57:00.000Z,GC,4322.2001953125,4324.39990234375,4321.60009765625,4324.39990234375,41
2026-06-08T06:58:00.000Z,GC,4324.60009765625,4325.10009765625,4323.39990234375,4323.7001953125,34
2026-06-08T06:59:00.000Z,GC,4324.2001953125,4325.39990234375,4324.10009765625,4325.2998046875,15
2026-06-08T07:00:00.000Z,GC,4325.10009765625,4326.2998046875,4323.5,4324.60009765625,99
2026-06-08T07:01:00.000Z,GC,4324.2001953125,4324.39990234375,4321.39990234375,4323.39990234375,91
2026-06-08T07:02:00.000Z,GC,4323.7998046875,4323.89990234375,4322.0,4322.0,26
2026-06-08T07:03:00.000Z,GC,4322.2001953125,4327.60009765625,4321.10009765625,4327.10009765625,98
2026-06-08T07:04:00.000Z,GC,4327.0,4328.39990234375,4323.89990234375,4324.2001953125,85
2026-06-08T07:05:00.000Z,GC,4324.2001953125,4324.2001953125,4322.0,4323.2001953125,46
2026-06-08T07:06:00.000Z,GC,4323.0,4323.0,4320.7998046875,4321.2001953125,32
2026-06-08T07:07:00.000Z,GC,4321.39990234375,4321.60009765625,4320.0,4320.2001953125,41
2026-06-08T07:08:00.000Z,GC,4320.5,4325.60009765625,4320.5,4325.39990234375,90
2026-06-08T07:09:00.000Z,GC,4325.10009765625,4326.5,4323.60009765625,4325.7998046875,36
2026-06-08T07:10:00.000Z,GC,4325.2998046875,4325.5,4324.2998046875,4324.2998046875,20
2026-06-08T07:11:00.000Z,GC,4324.5,4326.0,4323.39990234375,4324.89990234375,37
2026-06-08T07:12:00.000Z,GC,4325.60009765625,4329.2998046875,4325.5,4328.39990234375,204
2026-06-08T07:13:00.000Z,GC,4328.2998046875,4333.7998046875,4327.60009765625,4333.10009765625,149
2026-06-08T07:14:00.000Z,GC,4333.39990234375,4333.5,4330.2001953125,4330.2001953125,99
2026-06-08T07:15:00.000Z,GC,4330.5,4330.5,4324.60009765625,4328.60009765625,206
2026-06-08T07:16:00.000Z,GC,4328.5,4331.89990234375,4327.5,4331.10009765625,76
2026-06-08T07:17:00.000Z,GC,4331.2998046875,4335.7001953125,4331.2001953125,4333.7001953125,152
2026-06-08T07:18:00.000Z,GC,4333.7001953125,4334.5,4330.2001953125,4330.2001953125,111
2026-06-08T07:19:00.000Z,GC,4330.2998046875,4331.7001953125,4329.2998046875,4331.60009765625,137
2026-06-08T07:20:00.000Z,GC,4331.5,4332.10009765625,4331.0,4332.10009765625,50
2026-06-08T07:21:00.000Z,GC,4332.2998046875,4335.5,4331.39990234375,4335.39990234375,120
2026-06-08T07:22:00.000Z,GC,4334.89990234375,4334.89990234375,4332.60009765625,4334.39990234375,90
2026-06-08T07:23:00.000Z,GC,4334.2001953125,4336.5,4333.5,4335.7001953125,81
2026-06-08T07:24:00.000Z,GC,4335.7998046875,4341.60009765625,4335.39990234375,4339.2001953125,294
2026-06-08T07:25:00.000Z,GC,4339.39990234375,4342.0,4338.10009765625,4341.2001953125,153
2026-06-08T07:26:00.000Z,GC,4341.5,4342.0,4337.0,4337.5,109
2026-06-08T07:27:00.000Z,GC,4337.10009765625,4338.7998046875,4335.60009765625,4336.0,254
2026-06-08T07:28:00.000Z,GC,4335.7001953125,4336.10009765625,4334.10009765625,4334.5,76
2026-06-08T07:29:00.000Z,GC,4334.2998046875,4334.7998046875,4331.39990234375,4331.39990234375,146
2026-06-08T07:30:00.000Z,GC,4331.7001953125,4334.0,4330.39990234375,4333.7998046875,144
2026-06-08T07:31:00.000Z,GC,4333.60009765625,4333.89990234375,4332.2998046875,4332.7998046875,62
2026-06-08T07:32:00.000Z,GC,4332.89990234375,4334.60009765625,4331.5,4332.2998046875,52
2026-06-08T07:33:00.000Z,GC,4332.0,4333.7001953125,4332.0,4332.60009765625,36
2026-06-08T07:34:00.000Z,GC,4332.7998046875,4333.5,4331.5,4333.5,24
2026-06-08T07:35:00.000Z,GC,4333.39990234375,4336.2001953125,4331.2998046875,4332.5,138
2026-06-08T07:36:00.000Z,GC,4332.39990234375,4333.2001953125,4330.2998046875,4331.0,83
2026-06-08T07:37:00.000Z,GC,4331.2001953125,4333.0,4327.89990234375,4331.7998046875,224
2026-06-08T07:38:00.000Z,GC,4331.7001953125,4336.60009765625,4331.7001953125,4333.10009765625,134
2026-06-08T07:39:00.000Z,GC,4333.0,4334.60009765625,4332.0,4333.0,114
2026-06-08T07:40:00.000Z,GC,4333.10009765625,4333.10009765625,4329.39990234375,4329.7001953125,70
2026-06-08T07:41:00.000Z,GC,4330.0,4330.5,4328.7998046875,4329.5,96
2026-06-08T07:42:00.000Z,GC,4329.39990234375,4329.89990234375,4326.60009765625,4328.7998046875,115
2026-06-08T07:43:00.000Z,GC,4329.2998046875,4330.89990234375,4328.2998046875,4329.10009765625,57
2026-06-08T07:44:00.000Z,GC,4328.7001953125,4328.7001953125,4326.60009765625,4326.89990234375,60
2026-06-08T07:45:00.000Z,GC,4327.2001953125,4327.7998046875,4326.0,4326.10009765625,136
2026-06-08T07:46:00.000Z,GC,4325.2998046875,4325.7998046875,4323.7001953125,4324.2998046875,80
2026-06-08T07:47:00.000Z,GC,4324.2001953125,4326.60009765625,4324.2001953125,4326.10009765625,58
2026-06-08T07:48:00.000Z,GC,4326.39990234375,4326.39990234375,4325.2001953125,4325.2998046875,36
2026-06-08T07:49:00.000Z,GC,4325.7998046875,4326.2998046875,4323.60009765625,4323.60009765625,53
2026-06-08T07:50:00.000Z,GC,4323.0,4324.2001953125,4322.7998046875,4323.60009765625,111
2026-06-08T07:51:00.000Z,GC,4323.7001953125,4324.2998046875,4321.7001953125,4321.89990234375,100
2026-06-08T07:52:00.000Z,GC,4321.89990234375,4322.5,4321.5,4321.7001953125,75
2026-06-08T07:53:00.000Z,GC,4321.7998046875,4322.5,4320.89990234375,4321.2001953125,81
2026-06-08T07:54:00.000Z,GC,4321.7998046875,4322.89990234375,4320.89990234375,4321.7998046875,41
2026-06-08T07:55:00.000Z,GC,4321.89990234375,4324.60009765625,4321.39990234375,4324.10009765625,67
2026-06-08T07:56:00.000Z,GC,4323.7998046875,4324.2998046875,4321.89990234375,4322.2998046875,98
2026-06-08T07:57:00.000Z,GC,4323.0,4323.2998046875,4322.0,4323.10009765625,53
2026-06-08T07:58:00.000Z,GC,4323.39990234375,4324.0,4321.2998046875,4321.2998046875,71
2026-06-08T07:59:00.000Z,GC,4321.2998046875,4321.60009765625,4319.2998046875,4319.89990234375,102
2026-06-08T08:00:00.000Z,GC,4319.2998046875,4322.2001953125,4318.0,4318.2998046875,227
2026-06-08T08:01:00.000Z,GC,4318.39990234375,4318.89990234375,4315.2998046875,4317.89990234375,128
2026-06-08T08:02:00.000Z,GC,4317.60009765625,4319.2001953125,4316.10009765625,4319.10009765625,86
2026-06-08T08:03:00.000Z,GC,4319.2998046875,4322.39990234375,4318.7998046875,4320.60009765625,123
2026-06-08T08:04:00.000Z,GC,4320.7998046875,4321.89990234375,4317.2001953125,4318.2001953125,76
2026-06-08T08:05:00.000Z,GC,4318.10009765625,4318.60009765625,4316.0,4316.7001953125,86
2026-06-08T08:06:00.000Z,GC,4317.2001953125,4317.89990234375,4316.0,4316.10009765625,48
2026-06-08T08:07:00.000Z,GC,4316.5,4317.2998046875,4314.7001953125,4315.10009765625,145
2026-06-08T08:08:00.000Z,GC,4315.7998046875,4317.7998046875,4314.89990234375,4317.5,139
2026-06-08T08:09:00.000Z,GC,4317.7001953125,4321.2998046875,4316.2998046875,4320.0,130
2026-06-08T08:10:00.000Z,GC,4319.7001953125,4319.89990234375,4316.2001953125,4318.39990234375,159
2026-06-08T08:11:00.000Z,GC,4318.2001953125,4320.7998046875,4318.2001953125,4320.2998046875,158
2026-06-08T08:12:00.000Z,GC,4320.60009765625,4320.60009765625,4318.0,4318.89990234375,34
2026-06-08T08:13:00.000Z,GC,4318.60009765625,4320.0,4317.7998046875,4318.2998046875,80
2026-06-08T08:14:00.000Z,GC,4318.10009765625,4318.10009765625,4316.10009765625,4316.5,35
2026-06-08T08:15:00.000Z,GC,4316.7001953125,4318.2998046875,4315.7001953125,4317.2998046875,152
2026-06-08T08:16:00.000Z,GC,4316.60009765625,4318.39990234375,4313.89990234375,4314.89990234375,137
2026-06-08T08:17:00.000Z,GC,4315.10009765625,4315.89990234375,4313.39990234375,4314.5,119
2026-06-08T08:18:00.000Z,GC,4314.7001953125,4317.89990234375,4314.2001953125,4317.5,125
2026-06-08T08:19:00.000Z,GC,4317.60009765625,4317.7998046875,4316.10009765625,4317.7001953125,88
2026-06-08T08:20:00.000Z,GC,4317.7998046875,4317.7998046875,4315.7998046875,4316.7998046875,102
2026-06-08T08:21:00.000Z,GC,4317.10009765625,4317.39990234375,4314.7001953125,4315.7998046875,46
2026-06-08T08:22:00.000Z,GC,4315.2998046875,4317.2998046875,4314.2998046875,4314.5,145
2026-06-08T08:23:00.000Z,GC,4314.60009765625,4315.7998046875,4313.5,4314.39990234375,56
2026-06-08T08:24:00.000Z,GC,4314.39990234375,4316.5,4312.5,4312.7001953125,152
2026-06-08T08:25:00.000Z,GC,4313.2001953125,4314.89990234375,4312.7001953125,4313.5,128
2026-06-08T08:26:00.000Z,GC,4313.5,4314.10009765625,4312.0,4313.89990234375,154
2026-06-08T08:27:00.000Z,GC,4314.10009765625,4314.60009765625,4309.60009765625,4310.0,158
2026-06-08T08:28:00.000Z,GC,4310.10009765625,4311.2998046875,4309.7998046875,4310.5,68
2026-06-08T08:29:00.000Z,GC,4310.89990234375,4313.2001953125,4310.39990234375,4312.10009765625,90
2026-06-08T08:30:00.000Z,GC,4312.7998046875,4315.7998046875,4311.39990234375,4315.2001953125,98
2026-06-08T08:31:00.000Z,GC,4314.7001953125,4314.89990234375,4312.2998046875,4312.60009765625,102
2026-06-08T08:32:00.000Z,GC,4312.2998046875,4314.7998046875,4312.2998046875,4312.7001953125,152
2026-06-08T08:33:00.000Z,GC,4312.0,4315.5,4311.89990234375,4315.10009765625,48
2026-06-08T08:34:00.000Z,GC,4315.10009765625,4316.5,4315.10009765625,4315.89990234375,97
2026-06-08T08:35:00.000Z,GC,4315.7001953125,4315.7001953125,4311.7001953125,4313.0,88
2026-06-08T08:36:00.000Z,GC,4312.89990234375,4313.0,4311.10009765625,4311.2998046875,28
2026-06-08T08:37:00.000Z,GC,4311.7998046875,4314.0,4310.7001953125,4313.89990234375,150
2026-06-08T08:38:00.000Z,GC,4314.2001953125,4314.2001953125,4312.2998046875,4313.10009765625,63
2026-06-08T08:39:00.000Z,GC,4313.5,4313.89990234375,4311.7001953125,4312.0,65
2026-06-08T08:40:00.000Z,GC,4312.0,4314.0,4311.60009765625,4312.10009765625,106
2026-06-08T08:41:00.000Z,GC,4311.5,4312.60009765625,4311.0,4311.7001953125,41
2026-06-08T08:42:00.000Z,GC,4312.2001953125,4313.89990234375,4312.2001953125,4313.89990234375,31
2026-06-08T08:43:00.000Z,GC,4314.10009765625,4315.7998046875,4314.10009765625,4314.7998046875,111
2026-06-08T08:44:00.000Z,GC,4314.5,4315.5,4313.7001953125,4315.10009765625,141
2026-06-08T08:45:00.000Z,GC,4315.10009765625,4318.2998046875,4315.0,4318.10009765625,298
2026-06-08T08:46:00.000Z,GC,4318.10009765625,4318.10009765625,4314.0,4314.89990234375,95
2026-06-08T08:47:00.000Z,GC,4315.2001953125,4315.7998046875,4313.39990234375,4315.10009765625,353
2026-06-08T08:48:00.000Z,GC,4315.2998046875,4316.89990234375,4314.7001953125,4316.7001953125,58
2026-06-08T08:49:00.000Z,GC,4317.39990234375,4318.2001953125,4315.5,4315.89990234375,150
2026-06-08T08:50:00.000Z,GC,4315.7998046875,4317.7001953125,4315.7998046875,4316.5,58
2026-06-08T08:51:00.000Z,GC,4316.5,4317.39990234375,4314.60009765625,4314.7998046875,158
2026-06-08T08:52:00.000Z,GC,4314.5,4315.5,4311.89990234375,4311.89990234375,159
2026-06-08T08:53:00.000Z,GC,4312.2998046875,4313.0,4311.10009765625,4311.7998046875,82
2026-06-08T08:54:00.000Z,GC,4311.7998046875,4313.5,4311.5,4313.10009765625,82
2026-06-08T08:55:00.000Z,GC,4312.39990234375,4313.2001953125,4310.2001953125,4311.10009765625,113
2026-06-08T08:56:00.000Z,GC,4311.2001953125,4312.89990234375,4310.2998046875,4312.7998046875,102
2026-06-08T08:57:00.000Z,GC,4312.2998046875,4313.10009765625,4311.2001953125,4312.7001953125,46
2026-06-08T08:58:00.000Z,GC,4312.5,4315.0,4312.5,4315.0,62
2026-06-08T08:59:00.000Z,GC,4314.7001953125,4314.7001953125,4312.7998046875,4313.10009765625,62
2026-06-08T09:00:00.000Z,GC,4313.5,4316.7001953125,4313.2998046875,4316.7001953125,72
2026-06-08T09:01:00.000Z,GC,4316.7001953125,4316.7001953125,4314.2001953125,4315.10009765625,50
2026-06-08T09:02:00.000Z,GC,4314.7998046875,4315.7001953125,4314.0,4315.7001953125,38
2026-06-08T09:03:00.000Z,GC,4316.0,4316.5,4315.2998046875,4315.39990234375,36
2026-06-08T09:04:00.000Z,GC,4315.60009765625,4316.7998046875,4314.60009765625,4315.2998046875,42
2026-06-08T09:05:00.000Z,GC,4315.5,4315.5,4311.7998046875,4312.60009765625,51
2026-06-08T09:06:00.000Z,GC,4312.7001953125,4313.39990234375,4312.39990234375,4312.60009765625,24
2026-06-08T09:07:00.000Z,GC,4312.0,4312.0,4311.2998046875,4311.39990234375,14
2026-06-08T09:08:00.000Z,GC,4311.7001953125,4311.89990234375,4311.0,4311.0,42
2026-06-08T09:09:00.000Z,GC,4311.0,4311.0,4308.7998046875,4309.7001953125,66
2026-06-08T09:10:00.000Z,GC,4309.7998046875,4310.89990234375,4309.39990234375,4310.39990234375,63
2026-06-08T09:11:00.000Z,GC,4310.39990234375,4312.0,4310.0,4311.89990234375,47
2026-06-08T09:12:00.000Z,GC,4312.0,4312.60009765625,4311.2998046875,4311.89990234375,37
2026-06-08T09:13:00.000Z,GC,4311.7001953125,4313.2998046875,4311.7001953125,4312.60009765625,29
2026-06-08T09:14:00.000Z,GC,4312.89990234375,4313.7001953125,4312.5,4313.7001953125,13
2026-06-08T09:15:00.000Z,GC,4313.5,4314.2998046875,4313.0,4314.10009765625,81
2026-06-08T09:16:00.000Z,GC,4314.10009765625,4315.10009765625,4313.7001953125,4314.2998046875,49
2026-06-08T09:17:00.000Z,GC,4314.5,4314.5,4312.2998046875,4312.7998046875,40
2026-06-08T09:18:00.000Z,GC,4312.5,4312.89990234375,4311.7998046875,4312.10009765625,26
2026-06-08T09:19:00.000Z,GC,4312.39990234375,4312.7001953125,4312.2001953125,4312.7001953125,13
2026-06-08T09:20:00.000Z,GC,4312.89990234375,4315.5,4312.39990234375,4315.5,83
2026-06-08T09:21:00.000Z,GC,4315.39990234375,4315.39990234375,4314.39990234375,4314.39990234375,27
2026-06-08T09:22:00.000Z,GC,4314.2001953125,4314.2001953125,4312.89990234375,4313.7998046875,81
2026-06-08T09:23:00.000Z,GC,4314.0,4314.5,4313.39990234375,4313.39990234375,20
2026-06-08T09:24:00.000Z,GC,4313.2001953125,4313.2001953125,4310.7998046875,4311.0,67
2026-06-08T09:25:00.000Z,GC,4311.2001953125,4311.2001953125,4309.7998046875,4310.5,88
2026-06-08T09:26:00.000Z,GC,4310.7998046875,4312.10009765625,4310.7001953125,4311.5,52
2026-06-08T09:27:00.000Z,GC,4311.5,4312.5,4311.10009765625,4311.5,40
2026-06-08T09:28:00.000Z,GC,4311.2998046875,4311.2998046875,4305.5,4305.5,296
2026-06-08T09:29:00.000Z,GC,4305.5,4306.7001953125,4303.5,4304.39990234375,233
2026-06-08T09:30:00.000Z,GC,4304.10009765625,4304.7998046875,4301.2998046875,4303.7001953125,583
2026-06-08T09:31:00.000Z,GC,4303.7001953125,4305.2998046875,4301.89990234375,4301.89990234375,349
2026-06-08T09:32:00.000Z,GC,4302.0,4302.2998046875,4299.0,4301.7001953125,355
2026-06-08T09:33:00.000Z,GC,4301.5,4302.60009765625,4298.7998046875,4299.60009765625,173
2026-06-08T09:34:00.000Z,GC,4299.10009765625,4299.7998046875,4297.10009765625,4298.0,328
2026-06-08T09:35:00.000Z,GC,4297.89990234375,4300.39990234375,4297.7998046875,4300.0,148
2026-06-08T09:36:00.000Z,GC,4300.10009765625,4314.2001953125,4300.10009765625,4311.5,590
2026-06-08T09:37:00.000Z,GC,4311.2998046875,4319.89990234375,4309.60009765625,4314.5,416
2026-06-08T09:38:00.000Z,GC,4314.7001953125,4317.0,4313.39990234375,4314.7998046875,219
2026-06-08T09:39:00.000Z,GC,4316.0,4319.0,4314.0,4318.0,312
2026-06-08T09:40:00.000Z,GC,4317.7001953125,4319.10009765625,4316.39990234375,4317.2001953125,144
2026-06-08T09:41:00.000Z,GC,4317.10009765625,4318.2998046875,4314.0,4314.0,130
2026-06-08T09:42:00.000Z,GC,4313.7998046875,4320.60009765625,4313.60009765625,4319.7001953125,108
2026-06-08T09:43:00.000Z,GC,4319.7998046875,4320.7001953125,4318.2001953125,4320.60009765625,181
2026-06-08T09:44:00.000Z,GC,4320.10009765625,4320.2001953125,4318.0,4318.0,127
2026-06-08T09:45:00.000Z,GC,4318.2001953125,4322.10009765625,4317.2998046875,4321.5,96
2026-06-08T09:46:00.000Z,GC,4321.5,4322.39990234375,4321.2998046875,4321.7998046875,52
2026-06-08T09:47:00.000Z,GC,4321.89990234375,4324.2998046875,4320.89990234375,4324.2998046875,116
2026-06-08T09:48:00.000Z,GC,4323.89990234375,4326.39990234375,4322.7998046875,4325.7998046875,317
2026-06-08T09:49:00.000Z,GC,4325.60009765625,4326.39990234375,4324.5,4325.39990234375,124
2026-06-08T09:50:00.000Z,GC,4325.89990234375,4326.39990234375,4321.10009765625,4321.10009765625,192
2026-06-08T09:51:00.000Z,GC,4321.2001953125,4321.2001953125,4318.7998046875,4319.5,127
2026-06-08T09:52:00.000Z,GC,4319.60009765625,4320.39990234375,4316.2998046875,4317.7998046875,187
2026-06-08T09:53:00.000Z,GC,4318.10009765625,4319.10009765625,4316.0,4318.39990234375,150
2026-06-08T09:54:00.000Z,GC,4319.10009765625,4319.7001953125,4317.89990234375,4318.0,26
2026-06-08T09:55:00.000Z,GC,4318.39990234375,4320.0,4317.7998046875,4317.7998046875,65
2026-06-08T09:56:00.000Z,GC,4317.89990234375,4318.60009765625,4315.5,4316.39990234375,126
2026-06-08T09:57:00.000Z,GC,4316.60009765625,4317.5,4316.2001953125,4316.39990234375,36
2026-06-08T09:58:00.000Z,GC,4316.39990234375,4318.7001953125,4316.39990234375,4317.60009765625,72
2026-06-08T09:59:00.000Z,GC,4317.60009765625,4319.2998046875,4317.5,4318.7998046875,30
2026-06-08T10:00:00.000Z,GC,4319.0,4319.60009765625,4316.39990234375,4317.2998046875,65
2026-06-08T10:01:00.000Z,GC,4316.7998046875,4318.2998046875,4314.7998046875,4315.5,201
2026-06-08T10:02:00.000Z,GC,4315.5,4315.89990234375,4310.60009765625,4315.7001953125,360
2026-06-08T10:03:00.000Z,GC,4315.60009765625,4316.7001953125,4314.7001953125,4316.10009765625,38
2026-06-08T10:04:00.000Z,GC,4316.0,4316.0,4313.89990234375,4315.10009765625,40
2026-06-08T10:05:00.000Z,GC,4315.39990234375,4316.7998046875,4313.89990234375,4315.39990234375,77
2026-06-08T10:06:00.000Z,GC,4315.2998046875,4318.5,4315.10009765625,4318.10009765625,65
2026-06-08T10:07:00.000Z,GC,4318.5,4322.10009765625,4318.5,4322.0,124
2026-06-08T10:08:00.000Z,GC,4322.0,4322.2001953125,4320.5,4321.0,78
2026-06-08T10:09:00.000Z,GC,4320.5,4321.39990234375,4318.7001953125,4319.2998046875,56
2026-06-08T10:10:00.000Z,GC,4319.60009765625,4320.5,4319.0,4319.7998046875,23
2026-06-08T10:11:00.000Z,GC,4319.60009765625,4322.2001953125,4319.60009765625,4320.7001953125,127
2026-06-08T10:12:00.000Z,GC,4320.39990234375,4322.2001953125,4320.10009765625,4320.10009765625,52
2026-06-08T10:13:00.000Z,GC,4320.2998046875,4321.0,4319.0,4319.0,32
2026-06-08T10:14:00.000Z,GC,4318.39990234375,4319.7001953125,4318.2001953125,4319.2001953125,29
2026-06-08T10:15:00.000Z,GC,4319.7001953125,4320.0,4319.0,4319.7001953125,16
2026-06-08T10:16:00.000Z,GC,4319.89990234375,4320.2998046875,4316.2998046875,4316.2998046875,40
2026-06-08T10:17:00.000Z,GC,4316.2998046875,4316.7001953125,4315.2001953125,4316.39990234375,36
2026-06-08T10:18:00.000Z,GC,4316.39990234375,4316.60009765625,4316.0,4316.2998046875,11
2026-06-08T10:19:00.000Z,GC,4316.39990234375,4316.39990234375,4314.89990234375,4314.89990234375,17
2026-06-08T10:20:00.000Z,GC,4314.89990234375,4316.39990234375,4314.7998046875,4316.2998046875,96
2026-06-08T10:21:00.000Z,GC,4316.10009765625,4317.2998046875,4315.7998046875,4316.2998046875,36
2026-06-08T10:22:00.000Z,GC,4316.10009765625,4317.0,4314.60009765625,4314.89990234375,44
2026-06-08T10:23:00.000Z,GC,4315.2998046875,4315.2998046875,4314.2001953125,4314.89990234375,33
2026-06-08T10:24:00.000Z,GC,4314.89990234375,4317.0,4314.89990234375,4315.89990234375,21
2026-06-08T10:25:00.000Z,GC,4315.7998046875,4318.5,4314.7998046875,4317.39990234375,41
2026-06-08T10:26:00.000Z,GC,4317.60009765625,4318.5,4316.89990234375,4318.2001953125,99
2026-06-08T10:27:00.000Z,GC,4317.7998046875,4318.2998046875,4316.0,4317.10009765625,133
2026-06-08T10:28:00.000Z,GC,4317.39990234375,4318.5,4317.39990234375,4318.2001953125,26
2026-06-08T10:29:00.000Z,GC,4318.10009765625,4319.89990234375,4318.10009765625,4318.39990234375,100
2026-06-08T10:30:00.000Z,GC,4318.2001953125,4318.2998046875,4317.60009765625,4317.7998046875,58
2026-06-08T10:31:00.000Z,GC,4318.10009765625,4319.7001953125,4318.10009765625,4318.5,47
2026-06-08T10:32:00.000Z,GC,4318.0,4318.89990234375,4317.10009765625,4317.10009765625,73
2026-06-08T10:33:00.000Z,GC,4316.60009765625,4321.2001953125,4316.60009765625,4320.60009765625,46
2026-06-08T10:34:00.000Z,GC,4320.39990234375,4330.0,4320.39990234375,4328.10009765625,687
2026-06-08T10:35:00.000Z,GC,4327.7998046875,4330.2998046875,4323.89990234375,4326.10009765625,349
2026-06-08T10:36:00.000Z,GC,4326.10009765625,4327.7001953125,4324.7998046875,4326.7998046875,146
2026-06-08T10:37:00.000Z,GC,4326.7998046875,4328.89990234375,4325.2001953125,4325.2001953125,76
2026-06-08T10:38:00.000Z,GC,4325.5,4326.39990234375,4324.60009765625,4326.10009765625,41
2026-06-08T10:39:00.000Z,GC,4325.89990234375,4326.2998046875,4323.89990234375,4324.7998046875,55
2026-06-08T10:40:00.000Z,GC,4324.2998046875,4325.39990234375,4324.2001953125,4325.39990234375,25
2026-06-08T10:41:00.000Z,GC,4325.5,4326.2998046875,4325.10009765625,4325.7001953125,32
2026-06-08T10:42:00.000Z,GC,4325.7998046875,4327.0,4325.2998046875,4326.7001953125,23
2026-06-08T10:43:00.000Z,GC,4326.7001953125,4328.7998046875,4326.2001953125,4328.7998046875,73
2026-06-08T10:44:00.000Z,GC,4328.39990234375,4329.5,4328.0,4329.2001953125,118
2026-06-08T10:45:00.000Z,GC,4329.5,4329.5,4326.2001953125,4327.2998046875,115
2026-06-08T10:46:00.000Z,GC,4327.7001953125,4328.5,4324.2998046875,4324.5,125
2026-06-08T10:47:00.000Z,GC,4325.0,4325.0,4323.60009765625,4324.89990234375,38
2026-06-08T10:48:00.000Z,GC,4325.2001953125,4325.7998046875,4324.2001953125,4325.2001953125,56
2026-06-08T10:49:00.000Z,GC,4325.2998046875,4326.0,4324.60009765625,4325.10009765625,32
2026-06-08T10:50:00.000Z,GC,4324.89990234375,4326.2998046875,4324.5,4324.7001953125,37
2026-06-08T10:51:00.000Z,GC,4324.5,4325.0,4322.7001953125,4325.0,158
2026-06-08T10:52:00.000Z,GC,4325.0,4325.10009765625,4324.60009765625,4325.10009765625,29
2026-06-08T10:53:00.000Z,GC,4325.10009765625,4325.89990234375,4324.10009765625,4324.60009765625,50
2026-06-08T10:54:00.000Z,GC,4324.39990234375,4324.60009765625,4322.5,4322.5,59
2026-06-08T10:55:00.000Z,GC,4322.89990234375,4322.89990234375,4321.39990234375,4322.10009765625,38
2026-06-08T10:56:00.000Z,GC,4322.2998046875,4322.7998046875,4321.7001953125,4322.7001953125,47
2026-06-08T10:57:00.000Z,GC,4323.2001953125,4324.89990234375,4322.89990234375,4324.39990234375,42
2026-06-08T10:58:00.000Z,GC,4324.2998046875,4326.10009765625,4324.2998046875,4325.2001953125,57
2026-06-08T10:59:00.000Z,GC,4325.0,4327.5,4325.0,4326.39990234375,43
2026-06-08T11:00:00.000Z,GC,4326.2001953125,4326.89990234375,4323.39990234375,4324.10009765625,79
2026-06-08T11:01:00.000Z,GC,4323.89990234375,4324.0,4322.5,4323.10009765625,50
2026-06-08T11:02:00.000Z,GC,4322.5,4322.89990234375,4321.2998046875,4322.2998046875,27
2026-06-08T11:03:00.000Z,GC,4322.60009765625,4325.0,4322.39990234375,4324.7998046875,33
2026-06-08T11:04:00.000Z,GC,4325.2001953125,4325.2001953125,4323.5,4324.5,57
2026-06-08T11:05:00.000Z,GC,4324.7998046875,4326.39990234375,4324.7998046875,4325.2001953125,69
2026-06-08T11:06:00.000Z,GC,4325.2998046875,4326.0,4324.5,4325.60009765625,43
2026-06-08T11:07:00.000Z,GC,4325.7998046875,4327.7001953125,4325.7998046875,4327.60009765625,36
2026-06-08T11:08:00.000Z,GC,4327.7998046875,4328.10009765625,4327.5,4327.60009765625,31
2026-06-08T11:09:00.000Z,GC,4327.89990234375,4330.5,4327.2001953125,4330.5,66
2026-06-08T11:10:00.000Z,GC,4330.39990234375,4338.2001953125,4329.0,4337.39990234375,400
2026-06-08T11:11:00.000Z,GC,4337.2001953125,4337.7998046875,4331.7001953125,4332.7998046875,303
2026-06-08T11:12:00.000Z,GC,4332.60009765625,4334.89990234375,4331.2998046875,4333.39990234375,113
2026-06-08T11:13:00.000Z,GC,4333.39990234375,4336.10009765625,4331.89990234375,4333.0,209
2026-06-08T11:14:00.000Z,GC,4333.0,4343.2998046875,4332.89990234375,4343.2998046875,477
2026-06-08T11:15:00.000Z,GC,4343.2998046875,4348.39990234375,4338.5,4341.2001953125,813
2026-06-08T11:16:00.000Z,GC,4341.2001953125,4342.0,4337.5,4339.89990234375,132
2026-06-08T11:17:00.000Z,GC,4339.5,4341.0,4338.39990234375,4338.60009765625,179
2026-06-08T11:18:00.000Z,GC,4338.39990234375,4345.5,4337.7998046875,4343.89990234375,333
2026-06-08T11:19:00.000Z,GC,4343.7998046875,4353.60009765625,4342.60009765625,4352.2001953125,763
2026-06-08T11:20:00.000Z,GC,4352.0,4356.10009765625,4350.0,4350.7001953125,605
2026-06-08T11:21:00.000Z,GC,4351.39990234375,4355.0,4351.39990234375,4354.10009765625,183
2026-06-08T11:22:00.000Z,GC,4353.60009765625,4353.7998046875,4350.7001953125,4350.7998046875,123
2026-06-08T11:23:00.000Z,GC,4350.2998046875,4350.7998046875,4348.2001953125,4349.89990234375,148
2026-06-08T11:24:00.000Z,GC,4349.60009765625,4351.5,4349.5,4350.2998046875,95
2026-06-08T11:25:00.000Z,GC,4350.7998046875,4352.60009765625,4350.10009765625,4352.10009765625,69
2026-06-08T11:26:00.000Z,GC,4351.60009765625,4354.7998046875,4351.39990234375,4353.2001953125,193
2026-06-08T11:27:00.000Z,GC,4352.7998046875,4354.10009765625,4350.39990234375,4351.0,185
2026-06-08T11:28:00.000Z,GC,4351.10009765625,4351.5,4346.7001953125,4347.89990234375,229
2026-06-08T11:29:00.000Z,GC,4347.89990234375,4350.60009765625,4347.5,4350.2001953125,186
2026-06-08T11:30:00.000Z,GC,4350.0,4352.2001953125,4350.0,4350.5,259
2026-06-08T11:31:00.000Z,GC,4350.5,4354.2001953125,4350.2001953125,4354.2001953125,194
2026-06-08T11:32:00.000Z,GC,4353.7001953125,4358.5,4353.2998046875,4357.7001953125,231
2026-06-08T11:33:00.000Z,GC,4357.2998046875,4357.2998046875,4354.89990234375,4355.0,115
2026-06-08T11:34:00.000Z,GC,4354.89990234375,4355.60009765625,4353.7998046875,4355.10009765625,55
2026-06-08T11:35:00.000Z,GC,4354.5,4355.2998046875,4352.2001953125,4352.39990234375,59
2026-06-08T11:36:00.000Z,GC,4352.7998046875,4353.7001953125,4348.89990234375,4349.5,118
2026-06-08T11:37:00.000Z,GC,4349.7001953125,4352.60009765625,4349.60009765625,4352.60009765625,125
2026-06-08T11:38:00.000Z,GC,4352.10009765625,4352.7001953125,4351.2998046875,4351.5,67
2026-06-08T11:39:00.000Z,GC,4351.7001953125,4352.60009765625,4349.2998046875,4350.2998046875,37
2026-06-08T11:40:00.000Z,GC,4350.5,4350.7001953125,4349.39990234375,4350.10009765625,41
2026-06-08T11:41:00.000Z,GC,4350.60009765625,4351.0,4349.10009765625,4351.0,98
2026-06-08T11:42:00.000Z,GC,4351.0,4351.7998046875,4350.2001953125,4351.7001953125,132
2026-06-08T11:43:00.000Z,GC,4351.60009765625,4352.2998046875,4347.7001953125,4348.39990234375,86
2026-06-08T11:44:00.000Z,GC,4348.5,4349.0,4347.2001953125,4349.0,147
2026-06-08T11:45:00.000Z,GC,4349.2001953125,4351.39990234375,4347.60009765625,4350.10009765625,114
2026-06-08T11:46:00.000Z,GC,4350.0,4350.7001953125,4347.39990234375,4347.5,44
2026-06-08T11:47:00.000Z,GC,4347.60009765625,4348.2001953125,4346.0,4347.10009765625,217
2026-06-08T11:48:00.000Z,GC,4347.2001953125,4347.5,4346.39990234375,4346.89990234375,87
2026-06-08T11:49:00.000Z,GC,4346.60009765625,4349.0,4346.2998046875,4348.7001953125,119
2026-06-08T11:50:00.000Z,GC,4349.2001953125,4350.2998046875,4348.39990234375,4349.89990234375,90
2026-06-08T11:51:00.000Z,GC,4350.0,4352.0,4348.89990234375,4351.2001953125,128
2026-06-08T11:52:00.000Z,GC,4351.7001953125,4352.39990234375,4351.2998046875,4352.0,103
2026-06-08T11:53:00.000Z,GC,4352.0,4353.60009765625,4351.2998046875,4352.89990234375,77
2026-06-08T11:54:00.000Z,GC,4352.89990234375,4353.60009765625,4351.0,4351.2001953125,66
2026-06-08T11:55:00.000Z,GC,4351.39990234375,4351.7001953125,4350.2001953125,4351.7001953125,55
2026-06-08T11:56:00.000Z,GC,4351.60009765625,4357.0,4351.2998046875,4357.0,116
2026-06-08T11:57:00.000Z,GC,4356.89990234375,4357.39990234375,4354.10009765625,4354.10009765625,170
2026-06-08T11:58:00.000Z,GC,4354.2998046875,4355.89990234375,4354.0,4355.5,93
2026-06-08T11:59:00.000Z,GC,4355.2998046875,4356.7998046875,4353.89990234375,4356.2998046875,80
2026-06-08T12:00:00.000Z,GC,4355.7001953125,4359.10009765625,4352.60009765625,4358.5,152
2026-06-08T12:01:00.000Z,GC,4359.10009765625,4359.2001953125,4354.0,4354.39990234375,163
2026-06-08T12:02:00.000Z,GC,4354.7001953125,4357.10009765625,4353.89990234375,4356.39990234375,79
2026-06-08T12:03:00.000Z,GC,4356.89990234375,4358.0,4353.7001953125,4354.2998046875,178
2026-06-08T12:04:00.000Z,GC,4354.2998046875,4356.0,4352.7998046875,4355.5,101
2026-06-08T12:05:00.000Z,GC,4355.39990234375,4356.7001953125,4352.89990234375,4353.39990234375,292
2026-06-08T12:06:00.000Z,GC,4353.2998046875,4356.7998046875,4352.0,4355.60009765625,174
2026-06-08T12:07:00.000Z,GC,4355.2998046875,4355.60009765625,4353.0,4355.10009765625,111
2026-06-08T12:08:00.000Z,GC,4355.2998046875,4359.5,4355.2998046875,4356.0,117
2026-06-08T12:09:00.000Z,GC,4355.7998046875,4356.89990234375,4355.0,4355.2998046875,76
2026-06-08T12:10:00.000Z,GC,4355.60009765625,4355.60009765625,4352.5,4352.60009765625,53
2026-06-08T12:11:00.000Z,GC,4352.5,4353.89990234375,4351.10009765625,4353.89990234375,100
2026-06-08T12:12:00.000Z,GC,4353.7998046875,4353.7998046875,4350.2001953125,4350.5,142
2026-06-08T12:13:00.000Z,GC,4350.60009765625,4351.2998046875,4347.7998046875,4348.2001953125,222
2026-06-08T12:14:00.000Z,GC,4348.10009765625,4349.10009765625,4346.7998046875,4347.0,192
2026-06-08T12:15:00.000Z,GC,4347.0,4347.2001953125,4344.7998046875,4345.2998046875,140
2026-06-08T12:16:00.000Z,GC,4345.39990234375,4348.10009765625,4344.89990234375,4347.2001953125,128
2026-06-08T12:17:00.000Z,GC,4347.0,4348.5,4346.10009765625,4348.10009765625,107
2026-06-08T12:18:00.000Z,GC,4348.2001953125,4350.5,4347.89990234375,4349.10009765625,91
2026-06-08T12:19:00.000Z,GC,4349.39990234375,4350.7001953125,4349.0,4349.5,59
2026-06-08T12:20:00.000Z,GC,4349.7998046875,4351.2001953125,4347.5,4349.5,254
2026-06-08T12:21:00.000Z,GC,4349.7998046875,4352.7001953125,4349.7998046875,4349.7998046875,105
2026-06-08T12:22:00.000Z,GC,4350.0,4354.5,4349.5,4353.7998046875,167
2026-06-08T12:23:00.000Z,GC,4353.2998046875,4354.2998046875,4350.10009765625,4351.89990234375,73
2026-06-08T12:24:00.000Z,GC,4352.2001953125,4353.89990234375,4351.0,4353.89990234375,96
2026-06-08T12:25:00.000Z,GC,4353.5,4354.39990234375,4352.7001953125,4354.39990234375,104
2026-06-08T12:26:00.000Z,GC,4353.7001953125,4353.89990234375,4352.7001953125,4353.2001953125,47
2026-06-08T12:27:00.000Z,GC,4353.10009765625,4357.39990234375,4352.89990234375,4355.2001953125,125
2026-06-08T12:28:00.000Z,GC,4354.89990234375,4355.39990234375,4353.7998046875,4353.7998046875,114
2026-06-08T12:29:00.000Z,GC,4353.5,4356.0,4353.5,4354.7001953125,104
2026-06-08T12:30:00.000Z,GC,4354.60009765625,4356.5,4354.2001953125,4355.7998046875,88
2026-06-08T12:31:00.000Z,GC,4355.7998046875,4358.2001953125,4354.7998046875,4356.7001953125,259
2026-06-08T12:32:00.000Z,GC,4356.89990234375,4359.5,4356.0,4356.89990234375,208
2026-06-08T12:33:00.000Z,GC,4356.89990234375,4359.2998046875,4355.7001953125,4355.7001953125,120
2026-06-08T12:34:00.000Z,GC,4355.60009765625,4357.0,4352.60009765625,4352.7001953125,217
2026-06-08T12:35:00.000Z,GC,4352.89990234375,4354.60009765625,4352.39990234375,4354.2001953125,101
2026-06-08T12:36:00.000Z,GC,4354.2998046875,4357.2998046875,4354.2001953125,4357.0,124
2026-06-08T12:37:00.000Z,GC,4357.2998046875,4358.7998046875,4357.10009765625,4357.10009765625,130
2026-06-08T12:38:00.000Z,GC,4357.39990234375,4358.39990234375,4355.89990234375,4356.2998046875,151
2026-06-08T12:39:00.000Z,GC,4356.10009765625,4358.89990234375,4354.7998046875,4355.2001953125,319
2026-06-08T12:40:00.000Z,GC,4355.2998046875,4356.60009765625,4353.2998046875,4354.7998046875,226
2026-06-08T12:41:00.000Z,GC,4354.7001953125,4356.2998046875,4354.10009765625,4355.2998046875,106
2026-06-08T12:42:00.000Z,GC,4355.2001953125,4364.7998046875,4354.7998046875,4362.0,446
2026-06-08T12:43:00.000Z,GC,4361.7998046875,4362.7998046875,4358.89990234375,4358.89990234375,332
2026-06-08T12:44:00.000Z,GC,4359.0,4361.2001953125,4358.2001953125,4360.60009765625,352
2026-06-08T12:45:00.000Z,GC,4360.89990234375,4363.0,4359.7001953125,4362.5,123
2026-06-08T12:46:00.000Z,GC,4362.10009765625,4362.10009765625,4359.7001953125,4360.5,97
2026-06-08T12:47:00.000Z,GC,4360.60009765625,4361.5,4359.2998046875,4361.10009765625,89
2026-06-08T12:48:00.000Z,GC,4361.7001953125,4361.89990234375,4358.0,4358.39990234375,67
2026-06-08T12:49:00.000Z,GC,4358.39990234375,4359.5,4357.2001953125,4357.5,61
2026-06-08T12:50:00.000Z,GC,4357.60009765625,4358.5,4355.60009765625,4355.60009765625,166
2026-06-08T12:51:00.000Z,GC,4356.0,4357.0,4354.2998046875,4354.39990234375,81
2026-06-08T12:52:00.000Z,GC,4354.10009765625,4354.2001953125,4352.7998046875,4353.0,212
2026-06-08T12:53:00.000Z,GC,4353.2998046875,4355.7001953125,4352.0,4355.39990234375,122
2026-06-08T12:54:00.000Z,GC,4355.39990234375,4356.7001953125,4354.2998046875,4354.2998046875,147
2026-06-08T12:55:00.000Z,GC,4355.0,4355.89990234375,4353.7001953125,4355.89990234375,106
2026-06-08T12:56:00.000Z,GC,4355.7001953125,4357.2001953125,4354.10009765625,4354.5,141
2026-06-08T12:57:00.000Z,GC,4354.39990234375,4355.5,4353.7998046875,4355.5,92
2026-06-08T12:58:00.000Z,GC,4355.60009765625,4357.2001953125,4354.7001953125,4356.89990234375,59
2026-06-08T12:59:00.000Z,GC,4356.60009765625,4359.2998046875,4356.2001953125,4358.0,151
2026-06-08T13:00:00.000Z,GC,4358.10009765625,4359.7998046875,4354.0,4354.7998046875,587
2026-06-08T13:01:00.000Z,GC,4354.89990234375,4356.60009765625,4350.39990234375,4351.89990234375,359
2026-06-08T13:02:00.000Z,GC,4352.0,4354.2001953125,4351.10009765625,4352.0,157
2026-06-08T13:03:00.000Z,GC,4351.89990234375,4359.2001953125,4351.7998046875,4355.2998046875,188
2026-06-08T13:04:00.000Z,GC,4355.5,4355.7001953125,4353.2998046875,4353.60009765625,134
2026-06-08T13:05:00.000Z,GC,4353.89990234375,4355.0,4352.7001953125,4352.7001953125,70
2026-06-08T13:06:00.000Z,GC,4353.0,4353.0,4351.0,4351.60009765625,79
2026-06-08T13:07:00.000Z,GC,4351.2998046875,4351.60009765625,4347.60009765625,4348.7001953125,251
2026-06-08T13:08:00.000Z,GC,4349.2001953125,4353.10009765625,4348.7001953125,4351.60009765625,105
2026-06-08T13:09:00.000Z,GC,4351.5,4352.2001953125,4348.7001953125,4348.7001953125,123
2026-06-08T13:10:00.000Z,GC,4349.10009765625,4350.5,4348.7001953125,4349.60009765625,56
2026-06-08T13:11:00.000Z,GC,4349.2998046875,4351.2001953125,4348.7001953125,4349.0,109
2026-06-08T13:12:00.000Z,GC,4348.7001953125,4350.39990234375,4347.60009765625,4349.2998046875,121
2026-06-08T13:13:00.000Z,GC,4349.89990234375,4350.7001953125,4348.60009765625,4350.39990234375,90
2026-06-08T13:14:00.000Z,GC,4350.10009765625,4350.2001953125,4348.2998046875,4348.39990234375,53
2026-06-08T13:15:00.000Z,GC,4348.60009765625,4348.7998046875,4346.5,4346.7001953125,95
2026-06-08T13:16:00.000Z,GC,4346.7001953125,4347.5,4346.2001953125,4347.2998046875,103
2026-06-08T13:17:00.000Z,GC,4347.10009765625,4349.2998046875,4345.7001953125,4348.89990234375,97
2026-06-08T13:18:00.000Z,GC,4348.39990234375,4350.10009765625,4347.7998046875,4349.2001953125,107
2026-06-08T13:19:00.000Z,GC,4349.10009765625,4350.0,4347.7998046875,4349.39990234375,62
2026-06-08T13:20:00.000Z,GC,4350.0,4355.0,4350.0,4354.0,163
2026-06-08T13:21:00.000Z,GC,4354.2001953125,4356.39990234375,4352.7998046875,4355.7998046875,206
2026-06-08T13:22:00.000Z,GC,4355.7001953125,4360.7998046875,4355.7001953125,4359.2998046875,216
2026-06-08T13:23:00.000Z,GC,4358.7998046875,4359.2001953125,4354.0,4357.5,123
2026-06-08T13:24:00.000Z,GC,4357.10009765625,4358.2001953125,4354.89990234375,4356.2001953125,121
2026-06-08T13:25:00.000Z,GC,4356.39990234375,4357.39990234375,4353.7001953125,4354.5,106
2026-06-08T13:26:00.000Z,GC,4354.2001953125,4355.39990234375,4353.7001953125,4355.39990234375,118
2026-06-08T13:27:00.000Z,GC,4355.2001953125,4356.5,4354.60009765625,4355.10009765625,110
2026-06-08T13:28:00.000Z,GC,4355.2001953125,4358.0,4355.2001953125,4356.5,143
2026-06-08T13:29:00.000Z,GC,4356.39990234375,4357.39990234375,4355.39990234375,4355.60009765625,102
2026-06-08T13:30:00.000Z,GC,4355.5,4362.0,4355.5,4361.39990234375,380
2026-06-08T13:31:00.000Z,GC,4361.2001953125,4364.5,4360.60009765625,4361.5,478
2026-06-08T13:32:00.000Z,GC,4361.39990234375,4365.10009765625,4359.7001953125,4361.2001953125,368
2026-06-08T13:33:00.000Z,GC,4361.0,4362.0,4358.89990234375,4359.60009765625,223
2026-06-08T13:34:00.000Z,GC,4360.2998046875,4360.7998046875,4357.39990234375,4357.7001953125,191
2026-06-08T13:35:00.000Z,GC,4357.60009765625,4361.2998046875,4357.0,4360.10009765625,272
2026-06-08T13:36:00.000Z,GC,4359.7001953125,4365.2001953125,4359.7001953125,4364.7998046875,266
2026-06-08T13:37:00.000Z,GC,4364.5,4367.5,4362.7998046875,4367.10009765625,205
2026-06-08T13:38:00.000Z,GC,4367.60009765625,4371.5,4366.2001953125,4366.39990234375,680
2026-06-08T13:39:00.000Z,GC,4366.5,4368.60009765625,4365.10009765625,4365.2998046875,231
2026-06-08T13:40:00.000Z,GC,4365.2998046875,4366.5,4363.2001953125,4366.5,222
2026-06-08T13:41:00.000Z,GC,4365.89990234375,4368.7001953125,4364.7001953125,4367.2998046875,137
2026-06-08T13:42:00.000Z,GC,4367.60009765625,4369.2998046875,4366.2998046875,4368.5,151
2026-06-08T13:43:00.000Z,GC,4368.2998046875,4368.7001953125,4363.89990234375,4364.5,163
2026-06-08T13:44:00.000Z,GC,4364.2001953125,4364.5,4359.7998046875,4360.7001953125,316
2026-06-08T13:45:00.000Z,GC,4361.10009765625,4361.7001953125,4357.5,4360.2998046875,275
2026-06-08T13:46:00.000Z,GC,4360.39990234375,4363.10009765625,4360.10009765625,4361.7998046875,141
2026-06-08T13:47:00.000Z,GC,4361.2998046875,4361.2998046875,4358.0,4360.0,240
2026-06-08T13:48:00.000Z,GC,4360.2998046875,4361.2001953125,4358.39990234375,4360.10009765625,188
2026-06-08T13:49:00.000Z,GC,4359.7001953125,4360.2998046875,4356.7001953125,4356.7001953125,115
2026-06-08T13:50:00.000Z,GC,4357.10009765625,4358.0,4352.5,4353.0,369
2026-06-08T13:51:00.000Z,GC,4353.39990234375,4356.7998046875,4353.2001953125,4354.89990234375,201
2026-06-08T13:52:00.000Z,GC,4354.7001953125,4357.7001953125,4354.5,4357.2998046875,163
2026-06-08T13:53:00.000Z,GC,4357.60009765625,4363.60009765625,4357.5,4363.2001953125,205
2026-06-08T13:54:00.000Z,GC,4363.60009765625,4363.60009765625,4356.60009765625,4358.5,213
2026-06-08T13:55:00.000Z,GC,4358.89990234375,4361.5,4357.0,4357.2998046875,116
2026-06-08T13:56:00.000Z,GC,4357.0,4357.5,4354.39990234375,4355.10009765625,204
2026-06-08T13:57:00.000Z,GC,4355.0,4355.7001953125,4352.0,4352.7998046875,317
2026-06-08T13:58:00.000Z,GC,4352.7998046875,4353.2001953125,4350.39990234375,4352.60009765625,295
2026-06-08T13:59:00.000Z,GC,4352.7001953125,4354.10009765625,4350.89990234375,4351.7998046875,149
2026-06-08T14:00:00.000Z,GC,4351.2998046875,4353.0,4348.7998046875,4351.0,475
2026-06-08T14:01:00.000Z,GC,4351.0,4355.2998046875,4350.0,4354.5,368
2026-06-08T14:02:00.000Z,GC,4354.5,4355.2001953125,4349.89990234375,4349.89990234375,382
2026-06-08T14:03:00.000Z,GC,4350.2001953125,4352.39990234375,4349.10009765625,4349.39990234375,245
2026-06-08T14:04:00.000Z,GC,4348.7001953125,4349.0,4346.39990234375,4347.0,312
2026-06-08T14:05:00.000Z,GC,4347.0,4347.7998046875,4343.7998046875,4345.7001953125,507
2026-06-08T14:06:00.000Z,GC,4345.60009765625,4351.39990234375,4345.39990234375,4350.60009765625,325
2026-06-08T14:07:00.000Z,GC,4351.0,4352.0,4345.60009765625,4345.60009765625,292
2026-06-08T14:08:00.000Z,GC,4345.7001953125,4347.10009765625,4343.5,4346.7001953125,347
2026-06-08T14:09:00.000Z,GC,4347.2001953125,4347.7001953125,4344.5,4345.39990234375,171
2026-06-08T14:10:00.000Z,GC,4345.0,4345.2001953125,4342.0,4342.5,348
2026-06-08T14:11:00.000Z,GC,4342.7001953125,4345.2998046875,4341.39990234375,4344.60009765625,196
2026-06-08T14:12:00.000Z,GC,4344.7001953125,4344.7001953125,4342.0,4343.2998046875,191
2026-06-08T14:13:00.000Z,GC,4343.10009765625,4345.10009765625,4342.2001953125,4344.2998046875,169
2026-06-08T14:14:00.000Z,GC,4344.60009765625,4345.0,4342.7001953125,4344.2998046875,124
2026-06-08T14:15:00.000Z,GC,4344.39990234375,4344.39990234375,4341.7998046875,4342.7001953125,210
2026-06-08T14:16:00.000Z,GC,4343.10009765625,4344.7001953125,4341.7998046875,4342.2998046875,179
2026-06-08T14:17:00.000Z,GC,4342.2001953125,4346.5,4341.7001953125,4346.0,198
2026-06-08T14:18:00.000Z,GC,4345.7998046875,4346.2998046875,4343.7998046875,4344.7001953125,97
2026-06-08T14:19:00.000Z,GC,4344.89990234375,4346.7001953125,4344.2001953125,4346.5,155
2026-06-08T14:20:00.000Z,GC,4346.2998046875,4349.10009765625,4345.89990234375,4346.39990234375,196
2026-06-08T14:21:00.000Z,GC,4346.5,4348.39990234375,4345.10009765625,4346.60009765625,162
2026-06-08T14:22:00.000Z,GC,4346.60009765625,4348.10009765625,4343.2998046875,4345.2001953125,150
2026-06-08T14:23:00.000Z,GC,4345.2001953125,4346.2001953125,4344.0,4344.2001953125,150
2026-06-08T14:24:00.000Z,GC,4344.10009765625,4345.2998046875,4341.7998046875,4343.5,134
2026-06-08T14:25:00.000Z,GC,4343.2001953125,4344.0,4340.60009765625,4343.60009765625,188
2026-06-08T14:26:00.000Z,GC,4343.2998046875,4347.7001953125,4342.7998046875,4345.89990234375,209
2026-06-08T14:27:00.000Z,GC,4345.7001953125,4346.60009765625,4344.89990234375,4345.39990234375,84
2026-06-08T14:28:00.000Z,GC,4345.60009765625,4347.0,4343.2001953125,4346.89990234375,121
2026-06-08T14:29:00.000Z,GC,4346.5,4346.60009765625,4344.0,4344.89990234375,166
2026-06-08T14:30:00.000Z,GC,4345.0,4348.0,4343.2998046875,4346.39990234375,184
2026-06-08T14:31:00.000Z,GC,4345.89990234375,4346.7998046875,4345.39990234375,4346.5,101
2026-06-08T14:32:00.000Z,GC,4346.2001953125,4348.89990234375,4345.89990234375,4347.7998046875,140
2026-06-08T14:33:00.000Z,GC,4347.7998046875,4348.2998046875,4345.89990234375,4345.89990234375,123
2026-06-08T14:34:00.000Z,GC,4345.7998046875,4347.5,4345.7998046875,4347.2001953125,67
2026-06-08T14:35:00.000Z,GC,4347.2001953125,4347.5,4345.0,4346.89990234375,141
2026-06-08T14:36:00.000Z,GC,4346.60009765625,4348.10009765625,4344.7998046875,4346.5,108
2026-06-08T14:37:00.000Z,GC,4346.5,4346.7998046875,4340.7998046875,4340.7998046875,219
2026-06-08T14:38:00.000Z,GC,4340.89990234375,4344.2001953125,4340.39990234375,4342.5,149
2026-06-08T14:39:00.000Z,GC,4342.39990234375,4344.7998046875,4339.0,4344.5,436
2026-06-08T14:40:00.000Z,GC,4344.39990234375,4346.89990234375,4343.2998046875,4345.10009765625,211
2026-06-08T14:41:00.000Z,GC,4345.39990234375,4346.2001953125,4342.5,4343.0,160
2026-06-08T14:42:00.000Z,GC,4342.7001953125,4344.5,4341.0,4344.5,100
2026-06-08T14:43:00.000Z,GC,4344.7001953125,4344.7998046875,4342.2998046875,4343.2998046875,147
2026-06-08T14:44:00.000Z,GC,4343.5,4348.0,4343.5,4348.0,127
2026-06-08T14:45:00.000Z,GC,4347.5,4349.7998046875,4347.5,4348.7998046875,133
2026-06-08T14:46:00.000Z,GC,4348.7001953125,4353.10009765625,4348.60009765625,4353.0,253
2026-06-08T14:47:00.000Z,GC,4352.7001953125,4354.2998046875,4349.89990234375,4350.10009765625,354
2026-06-08T14:48:00.000Z,GC,4350.10009765625,4350.2998046875,4346.10009765625,4347.10009765625,138
2026-06-08T14:49:00.000Z,GC,4347.39990234375,4347.39990234375,4341.89990234375,4342.60009765625,118
2026-06-08T14:50:00.000Z,GC,4342.60009765625,4345.2001953125,4341.7001953125,4344.7001953125,114
2026-06-08T14:51:00.000Z,GC,4344.7001953125,4348.0,4344.2998046875,4347.60009765625,69
2026-06-08T14:52:00.000Z,GC,4347.89990234375,4351.0,4347.2001953125,4350.89990234375,136
2026-06-08T14:53:00.000Z,GC,4350.39990234375,4351.60009765625,4349.7998046875,4351.39990234375,53
2026-06-08T14:54:00.000Z,GC,4351.10009765625,4352.0,4349.0,4351.5,129
2026-06-08T14:55:00.000Z,GC,4351.5,4352.60009765625,4349.39990234375,4350.39990234375,110
2026-06-08T14:56:00.000Z,GC,4350.7001953125,4351.2998046875,4348.89990234375,4350.5,155
2026-06-08T14:57:00.000Z,GC,4350.60009765625,4351.7998046875,4349.89990234375,4350.39990234375,107
2026-06-08T14:58:00.000Z,GC,4350.39990234375,4353.7001953125,4350.2001953125,4353.2998046875,151
2026-06-08T14:59:00.000Z,GC,4353.10009765625,4356.2998046875,4353.0,4355.7998046875,406
2026-06-08T15:00:00.000Z,GC,4356.2998046875,4357.7001953125,4355.2001953125,4357.10009765625,235
2026-06-08T15:01:00.000Z,GC,4357.0,4361.10009765625,4356.7998046875,4358.89990234375,387
2026-06-08T15:02:00.000Z,GC,4358.89990234375,4360.10009765625,4358.39990234375,4359.7998046875,85
2026-06-08T15:03:00.000Z,GC,4359.60009765625,4360.0,4356.2998046875,4356.7998046875,133
2026-06-08T15:04:00.000Z,GC,4356.7001953125,4357.2998046875,4353.5,4353.60009765625,95
2026-06-08T15:05:00.000Z,GC,4353.60009765625,4354.10009765625,4352.39990234375,4353.10009765625,140
2026-06-08T15:06:00.000Z,GC,4353.39990234375,4355.60009765625,4352.7001953125,4354.60009765625,162
2026-06-08T15:07:00.000Z,GC,4354.7001953125,4355.10009765625,4352.10009765625,4352.2001953125,106
2026-06-08T15:08:00.000Z,GC,4352.39990234375,4353.89990234375,4350.39990234375,4350.7998046875,131
2026-06-08T15:09:00.000Z,GC,4350.7998046875,4353.39990234375,4348.60009765625,4352.89990234375,319
2026-06-08T15:10:00.000Z,GC,4353.10009765625,4353.5,4352.2001953125,4352.2998046875,83
2026-06-08T15:11:00.000Z,GC,4352.2001953125,4353.0,4350.2001953125,4350.7998046875,124
2026-06-08T15:12:00.000Z,GC,4350.89990234375,4353.10009765625,4350.7001953125,4352.60009765625,78
2026-06-08T15:13:00.000Z,GC,4352.60009765625,4353.5,4351.10009765625,4351.89990234375,109
2026-06-08T15:14:00.000Z,GC,4351.7998046875,4352.2001953125,4349.60009765625,4349.7998046875,122
2026-06-08T15:15:00.000Z,GC,4350.0,4353.10009765625,4349.7001953125,4351.60009765625,117
2026-06-08T15:16:00.000Z,GC,4351.7001953125,4351.7998046875,4349.89990234375,4350.89990234375,187
2026-06-08T15:17:00.000Z,GC,4351.0,4351.0,4347.39990234375,4347.5,227
2026-06-08T15:18:00.000Z,GC,4347.39990234375,4353.39990234375,4346.89990234375,4350.0,410
2026-06-08T15:19:00.000Z,GC,4350.10009765625,4356.7998046875,4349.2001953125,4356.0,291
2026-06-08T15:20:00.000Z,GC,4356.2998046875,4357.0,4354.5,4354.7001953125,186
2026-06-08T15:21:00.000Z,GC,4354.60009765625,4355.2001953125,4353.5,4355.0,136
2026-06-08T15:22:00.000Z,GC,4355.2998046875,4357.60009765625,4355.2998046875,4357.10009765625,117
2026-06-08T15:23:00.000Z,GC,4357.5,4358.89990234375,4356.5,4358.89990234375,109
2026-06-08T15:24:00.000Z,GC,4358.7001953125,4360.5,4358.2001953125,4360.10009765625,179
2026-06-08T15:25:00.000Z,GC,4359.7001953125,4359.7998046875,4356.5,4357.0,114
2026-06-08T15:26:00.000Z,GC,4356.7001953125,4356.89990234375,4353.2001953125,4354.2998046875,250
2026-06-08T15:27:00.000Z,GC,4354.60009765625,4356.60009765625,4354.10009765625,4356.0,84
2026-06-08T15:28:00.000Z,GC,4355.89990234375,4356.7001953125,4355.2998046875,4356.10009765625,41
2026-06-08T15:29:00.000Z,GC,4355.7998046875,4356.5,4354.10009765625,4354.7998046875,94
2026-06-08T15:30:00.000Z,GC,4355.2998046875,4356.0,4353.0,4354.39990234375,99
2026-06-08T15:31:00.000Z,GC,4354.2998046875,4357.2001953125,4354.10009765625,4355.2998046875,136
2026-06-08T15:32:00.000Z,GC,4355.5,4355.60009765625,4353.7001953125,4354.5,58
2026-06-08T15:33:00.000Z,GC,4354.5,4356.2001953125,4354.0,4355.7998046875,51
2026-06-08T15:34:00.000Z,GC,4355.7998046875,4358.0,4354.60009765625,4356.39990234375,165
2026-06-08T15:35:00.000Z,GC,4356.7001953125,4358.10009765625,4355.7998046875,4357.0,106
2026-06-08T15:36:00.000Z,GC,4356.89990234375,4358.39990234375,4356.0,4357.7998046875,103
2026-06-08T15:37:00.000Z,GC,4357.2998046875,4360.2001953125,4357.0,4358.7998046875,122
2026-06-08T15:38:00.000Z,GC,4358.7001953125,4359.39990234375,4357.39990234375,4359.0,116
2026-06-08T15:39:00.000Z,GC,4358.89990234375,4362.2998046875,4358.7001953125,4361.5,141
2026-06-08T15:40:00.000Z,GC,4361.2001953125,4362.7998046875,4360.7998046875,4361.2001953125,83
2026-06-08T15:41:00.000Z,GC,4361.5,4363.5,4361.0,4363.2001953125,195
2026-06-08T15:42:00.000Z,GC,4363.10009765625,4364.2001953125,4360.0,4361.89990234375,351
2026-06-08T15:43:00.000Z,GC,4361.89990234375,4362.5,4361.10009765625,4361.2998046875,73
2026-06-08T15:44:00.000Z,GC,4360.7001953125,4364.39990234375,4360.39990234375,4364.10009765625,145
2026-06-08T15:45:00.000Z,GC,4364.10009765625,4365.7998046875,4362.2998046875,4362.39990234375,185
2026-06-08T15:46:00.000Z,GC,4362.5,4363.7001953125,4362.10009765625,4362.7001953125,94
2026-06-08T15:47:00.000Z,GC,4362.7001953125,4363.2998046875,4360.0,4360.2998046875,125
2026-06-08T15:48:00.000Z,GC,4360.39990234375,4361.0,4359.7998046875,4360.39990234375,71
2026-06-08T15:49:00.000Z,GC,4360.89990234375,4361.0,4359.60009765625,4360.0,58
2026-06-08T15:50:00.000Z,GC,4360.5,4363.2001953125,4360.2998046875,4361.0,107
2026-06-08T15:51:00.000Z,GC,4360.7998046875,4364.2998046875,4360.60009765625,4364.10009765625,68
2026-06-08T15:52:00.000Z,GC,4363.7001953125,4366.0,4363.7001953125,4366.0,69
2026-06-08T15:53:00.000Z,GC,4366.2001953125,4366.7001953125,4365.2001953125,4366.60009765625,140
2026-06-08T15:54:00.000Z,GC,4366.39990234375,4367.7998046875,4365.2998046875,4367.39990234375,232
2026-06-08T15:55:00.000Z,GC,4367.5,4367.60009765625,4366.2001953125,4367.2998046875,155
2026-06-08T15:56:00.000Z,GC,4367.39990234375,4369.7001953125,4366.7998046875,4369.7001953125,261
2026-06-08T15:57:00.000Z,GC,4369.60009765625,4370.0,4366.10009765625,4366.2001953125,266
2026-06-08T15:58:00.000Z,GC,4366.2998046875,4367.7998046875,4365.5,4366.10009765625,104
2026-06-08T15:59:00.000Z,GC,4366.2001953125,4366.7001953125,4365.5,4366.10009765625,73
2026-06-08T16:00:00.000Z,GC,4365.89990234375,4367.89990234375,4362.39990234375,4363.10009765625,162
2026-06-08T16:01:00.000Z,GC,4363.2998046875,4368.0,4363.2998046875,4366.5,146
2026-06-08T16:02:00.000Z,GC,4366.39990234375,4366.39990234375,4365.0,4365.2998046875,60
2026-06-08T16:03:00.000Z,GC,4365.39990234375,4366.39990234375,4364.5,4364.7001953125,62
2026-06-08T16:04:00.000Z,GC,4364.89990234375,4365.7001953125,4364.10009765625,4365.39990234375,71
2026-06-08T16:05:00.000Z,GC,4365.2998046875,4366.7001953125,4363.2998046875,4365.2998046875,167
2026-06-08T16:06:00.000Z,GC,4365.5,4367.2998046875,4365.5,4366.7001953125,52
2026-06-08T16:07:00.000Z,GC,4366.10009765625,4366.10009765625,4364.5,4365.7001953125,54
2026-06-08T16:08:00.000Z,GC,4366.10009765625,4367.2001953125,4364.89990234375,4365.0,34
2026-06-08T16:09:00.000Z,GC,4365.2998046875,4365.2998046875,4363.39990234375,4364.0,42
2026-06-08T16:10:00.000Z,GC,4364.0,4364.0,4362.2001953125,4362.39990234375,66
2026-06-08T16:11:00.000Z,GC,4362.7001953125,4366.39990234375,4362.7001953125,4366.0,65
2026-06-08T16:12:00.000Z,GC,4366.0,4366.0,4365.0,4365.10009765625,30
2026-06-08T16:13:00.000Z,GC,4365.0,4365.60009765625,4364.60009765625,4364.7001953125,47
2026-06-08T16:14:00.000Z,GC,4364.89990234375,4365.7998046875,4363.89990234375,4365.0,50
2026-06-08T16:15:00.000Z,GC,4365.39990234375,4368.2998046875,4365.2998046875,4367.2998046875,69
2026-06-08T16:16:00.000Z,GC,4367.10009765625,4367.2998046875,4366.39990234375,4366.5,59
2026-06-08T16:17:00.000Z,GC,4366.39990234375,4366.39990234375,4364.7001953125,4365.7998046875,65
2026-06-08T16:18:00.000Z,GC,4365.60009765625,4366.60009765625,4365.60009765625,4366.10009765625,28
2026-06-08T16:19:00.000Z,GC,4366.2001953125,4367.2998046875,4365.89990234375,4367.2998046875,36
2026-06-08T16:20:00.000Z,GC,4367.10009765625,4368.0,4365.7998046875,4366.5,59
2026-06-08T16:21:00.000Z,GC,4366.5,4367.2998046875,4365.7998046875,4365.89990234375,53
2026-06-08T16:22:00.000Z,GC,4366.0,4366.2001953125,4364.2998046875,4364.60009765625,70
2026-06-08T16:23:00.000Z,GC,4364.39990234375,4367.2998046875,4363.89990234375,4364.7998046875,191
2026-06-08T16:24:00.000Z,GC,4364.5,4366.2001953125,4364.2998046875,4365.5,50
2026-06-08T16:25:00.000Z,GC,4365.5,4366.7001953125,4365.5,4366.7001953125,55
2026-06-08T16:26:00.000Z,GC,4366.2001953125,4367.2998046875,4366.2001953125,4366.2998046875,42
2026-06-08T16:27:00.000Z,GC,4366.0,4367.10009765625,4365.2998046875,4366.5,44
2026-06-08T16:28:00.000Z,GC,4366.2998046875,4366.39990234375,4364.60009765625,4365.2998046875,40
2026-06-08T16:29:00.000Z,GC,4364.7998046875,4365.2998046875,4364.7998046875,4365.2001953125,33
2026-06-08T16:30:00.000Z,GC,4365.2001953125,4367.10009765625,4365.10009765625,4366.89990234375,51
2026-06-08T16:31:00.000Z,GC,4366.7001953125,4367.0,4365.7998046875,4367.0,50
2026-06-08T16:32:00.000Z,GC,4367.0,4367.7001953125,4366.2998046875,4367.2001953125,50
2026-06-08T16:33:00.000Z,GC,4367.2001953125,4369.39990234375,4366.39990234375,4367.7998046875,158
2026-06-08T16:34:00.000Z,GC,4367.5,4368.10009765625,4366.60009765625,4367.0,57
2026-06-08T16:35:00.000Z,GC,4366.7998046875,4369.2998046875,4366.7998046875,4368.39990234375,49
2026-06-08T16:36:00.000Z,GC,4368.0,4371.0,4368.0,4370.10009765625,184
2026-06-08T16:37:00.000Z,GC,4369.7998046875,4370.39990234375,4367.89990234375,4367.89990234375,111
2026-06-08T16:38:00.000Z,GC,4367.7001953125,4368.5,4366.7001953125,4366.7001953125,72
2026-06-08T16:39:00.000Z,GC,4366.5,4367.60009765625,4364.89990234375,4365.7998046875,97
2026-06-08T16:40:00.000Z,GC,4365.7998046875,4367.10009765625,4365.10009765625,4367.0,57
2026-06-08T16:41:00.000Z,GC,4366.7998046875,4367.89990234375,4366.60009765625,4367.39990234375,60
2026-06-08T16:42:00.000Z,GC,4367.2998046875,4367.7998046875,4365.89990234375,4367.2001953125,46
2026-06-08T16:43:00.000Z,GC,4367.10009765625,4367.39990234375,4366.7001953125,4367.2998046875,44
2026-06-08T16:44:00.000Z,GC,4366.7998046875,4368.7001953125,4366.7001953125,4368.5,66
2026-06-08T16:45:00.000Z,GC,4368.2998046875,4368.7001953125,4366.89990234375,4367.5,61
2026-06-08T16:46:00.000Z,GC,4367.5,4368.39990234375,4367.10009765625,4368.0,34
2026-06-08T16:47:00.000Z,GC,4368.2001953125,4369.7998046875,4368.2001953125,4369.60009765625,33
2026-06-08T16:48:00.000Z,GC,4369.2998046875,4370.60009765625,4368.2998046875,4368.89990234375,67
2026-06-08T16:49:00.000Z,GC,4369.0,4370.10009765625,4368.7998046875,4369.89990234375,28
2026-06-08T16:50:00.000Z,GC,4369.60009765625,4370.5,4367.7001953125,4367.7001953125,84
2026-06-08T16:51:00.000Z,GC,4367.7001953125,4368.2001953125,4365.7001953125,4365.7998046875,154
2026-06-08T16:52:00.000Z,GC,4366.0,4366.2998046875,4364.2998046875,4364.60009765625,122
2026-06-08T16:53:00.000Z,GC,4364.2998046875,4365.10009765625,4363.5,4364.10009765625,117
2026-06-08T16:54:00.000Z,GC,4363.89990234375,4364.5,4362.2001953125,4362.5,134
2026-06-08T16:55:00.000Z,GC,4362.2998046875,4364.2998046875,4362.2001953125,4364.2998046875,94
2026-06-08T16:56:00.000Z,GC,4364.0,4364.89990234375,4363.60009765625,4364.7001953125,39
2026-06-08T16:57:00.000Z,GC,4364.7998046875,4365.7001953125,4364.7998046875,4365.2998046875,38
2026-06-08T16:58:00.000Z,GC,4365.2001953125,4365.89990234375,4365.10009765625,4365.2001953125,37
2026-06-08T16:59:00.000Z,GC,4365.2998046875,4365.60009765625,4364.2001953125,4365.0,62
2026-06-08T17:00:00.000Z,GC,4365.10009765625,4366.7998046875,4364.39990234375,4365.10009765625,76
2026-06-08T17:01:00.000Z,GC,4365.2998046875,4366.2001953125,4363.60009765625,4365.2998046875,66
2026-06-08T17:02:00.000Z,GC,4365.5,4365.7001953125,4363.2001953125,4363.2001953125,36
2026-06-08T17:03:00.000Z,GC,4363.7001953125,4364.0,4361.2998046875,4361.2998046875,209
2026-06-08T17:04:00.000Z,GC,4361.5,4362.39990234375,4361.0,4362.2001953125,82
2026-06-08T17:05:00.000Z,GC,4362.0,4364.5,4361.89990234375,4364.10009765625,77
2026-06-08T17:06:00.000Z,GC,4364.2001953125,4365.10009765625,4364.0,4364.2001953125,55
2026-06-08T17:07:00.000Z,GC,4364.7998046875,4366.5,4364.7998046875,4365.10009765625,56
2026-06-08T17:08:00.000Z,GC,4365.10009765625,4365.10009765625,4364.10009765625,4364.2998046875,23
2026-06-08T17:09:00.000Z,GC,4364.2998046875,4364.2998046875,4361.89990234375,4362.7998046875,40
2026-06-08T17:10:00.000Z,GC,4362.89990234375,4363.2001953125,4361.7998046875,4362.5,31
2026-06-08T17:11:00.000Z,GC,4362.7001953125,4363.2001953125,4362.10009765625,4363.0,82
2026-06-08T17:12:00.000Z,GC,4363.2001953125,4363.2001953125,4360.2001953125,4362.2998046875,219
2026-06-08T17:13:00.000Z,GC,4362.2001953125,4362.60009765625,4361.0,4361.7001953125,39
2026-06-08T17:14:00.000Z,GC,4362.0,4363.2001953125,4361.7998046875,4363.10009765625,27
2026-06-08T17:15:00.000Z,GC,4363.2998046875,4364.2001953125,4362.60009765625,4362.60009765625,81
2026-06-08T17:16:00.000Z,GC,4362.60009765625,4364.60009765625,4362.60009765625,4363.89990234375,158
2026-06-08T17:17:00.000Z,GC,4364.10009765625,4364.10009765625,4363.2001953125,4363.7998046875,81
2026-06-08T17:18:00.000Z,GC,4363.7998046875,4363.7998046875,4360.7998046875,4361.10009765625,259
2026-06-08T17:19:00.000Z,GC,4361.2998046875,4362.7998046875,4361.2998046875,4362.39990234375,57
2026-06-08T17:20:00.000Z,GC,4362.39990234375,4363.5,4362.2998046875,4363.2998046875,90
2026-06-08T17:21:00.000Z,GC,4363.5,4364.7998046875,4363.5,4364.10009765625,160
2026-06-08T17:22:00.000Z,GC,4363.7998046875,4364.0,4362.60009765625,4364.0,39
2026-06-08T17:23:00.000Z,GC,4363.89990234375,4364.0,4359.7001953125,4360.5,254
2026-06-08T17:24:00.000Z,GC,4360.39990234375,4360.7998046875,4359.39990234375,4360.0,84
2026-06-08T17:25:00.000Z,GC,4360.0,4360.7998046875,4359.39990234375,4359.7001953125,112
2026-06-08T17:26:00.000Z,GC,4359.7001953125,4360.2001953125,4357.7001953125,4359.89990234375,286
2026-06-08T17:27:00.000Z,GC,4360.2001953125,4361.7001953125,4360.0,4360.39990234375,129
2026-06-08T17:28:00.000Z,GC,4360.60009765625,4362.2998046875,4360.0,4362.2001953125,362
2026-06-08T17:29:00.000Z,GC,4362.2001953125,4364.7001953125,4361.5,4363.2998046875,1014
2026-06-08T17:30:00.000Z,GC,4363.60009765625,4364.0,4362.39990234375,4363.0,434
2026-06-08T17:31:00.000Z,GC,4362.7001953125,4363.10009765625,4358.60009765625,4361.5,463
2026-06-08T17:32:00.000Z,GC,4361.39990234375,4361.89990234375,4359.2998046875,4360.2998046875,134
2026-06-08T17:33:00.000Z,GC,4360.2001953125,4360.5,4358.2001953125,4358.7998046875,97
2026-06-08T17:34:00.000Z,GC,4358.7998046875,4359.89990234375,4358.2998046875,4359.89990234375,66
2026-06-08T17:35:00.000Z,GC,4360.10009765625,4360.5,4356.60009765625,4357.2001953125,93
2026-06-08T17:36:00.000Z,GC,4356.7998046875,4359.10009765625,4356.60009765625,4358.39990234375,82
2026-06-08T17:37:00.000Z,GC,4358.2998046875,4359.60009765625,4358.2001953125,4359.0,58
2026-06-08T17:38:00.000Z,GC,4358.89990234375,4359.10009765625,4357.7001953125,4358.7001953125,15
2026-06-08T17:39:00.000Z,GC,4359.0,4359.39990234375,4358.5,4359.10009765625,12
2026-06-08T17:40:00.000Z,GC,4359.10009765625,4359.60009765625,4358.2998046875,4359.2001953125,23
2026-06-08T17:41:00.000Z,GC,4359.10009765625,4359.7998046875,4358.2001953125,4358.7001953125,19
2026-06-08T17:42:00.000Z,GC,4359.0,4359.2001953125,4358.2998046875,4358.5,34
2026-06-08T17:43:00.000Z,GC,4358.60009765625,4359.10009765625,4358.2001953125,4358.5,30
2026-06-08T17:44:00.000Z,GC,4358.39990234375,4359.7001953125,4358.39990234375,4358.60009765625,18
2026-06-08T17:45:00.000Z,GC,4358.60009765625,4360.0,4358.2998046875,4359.2001953125,62
2026-06-08T17:46:00.000Z,GC,4359.2998046875,4361.60009765625,4359.2998046875,4360.39990234375,94
2026-06-08T17:47:00.000Z,GC,4360.89990234375,4360.89990234375,4359.5,4359.5,25
2026-06-08T17:48:00.000Z,GC,4359.7998046875,4359.89990234375,4359.2998046875,4359.5,40
2026-06-08T17:49:00.000Z,GC,4360.0,4361.2001953125,4360.0,4361.2001953125,14
2026-06-08T17:50:00.000Z,GC,4361.60009765625,4362.0,4361.10009765625,4361.89990234375,18
2026-06-08T17:51:00.000Z,GC,4361.7001953125,4361.89990234375,4361.2001953125,4361.2001953125,25
2026-06-08T17:52:00.000Z,GC,4360.89990234375,4360.89990234375,4360.5,4360.7001953125,14
2026-06-08T17:53:00.000Z,GC,4360.7001953125,4362.60009765625,4360.7001953125,4362.2001953125,35
2026-06-08T17:54:00.000Z,GC,4362.5,4362.60009765625,4360.7998046875,4361.39990234375,40
2026-06-08T17:55:00.000Z,GC,4361.10009765625,4361.2001953125,4360.0,4360.39990234375,19
2026-06-08T17:56:00.000Z,GC,4360.60009765625,4361.39990234375,4360.60009765625,4360.7998046875,50
2026-06-08T17:57:00.000Z,GC,4360.89990234375,4361.10009765625,4360.5,4360.5,10
2026-06-08T17:58:00.000Z,GC,4361.10009765625,4363.10009765625,4361.10009765625,4362.2998046875,116
2026-06-08T17:59:00.000Z,GC,4362.2998046875,4363.7998046875,4362.2998046875,4363.39990234375,107
2026-06-08T18:00:00.000Z,GC,4363.2998046875,4364.0,4363.0,4363.7998046875,48
2026-06-08T18:01:00.000Z,GC,4363.7998046875,4367.10009765625,4363.7998046875,4366.2001953125,99
2026-06-08T18:02:00.000Z,GC,4366.60009765625,4368.60009765625,4366.60009765625,4367.7001953125,87
2026-06-08T18:03:00.000Z,GC,4367.60009765625,4368.7001953125,4367.39990234375,4367.39990234375,61
2026-06-08T18:04:00.000Z,GC,4367.5,4369.2001953125,4367.5,4368.2001953125,86
2026-06-08T18:05:00.000Z,GC,4368.5,4369.2001953125,4368.10009765625,4369.0,13
2026-06-08T18:06:00.000Z,GC,4368.7998046875,4369.7001953125,4368.2998046875,4369.0,35
2026-06-08T18:07:00.000Z,GC,4369.2998046875,4369.2998046875,4368.10009765625,4368.10009765625,30
2026-06-08T18:08:00.000Z,GC,4368.0,4368.0,4366.60009765625,4367.60009765625,47
2026-06-08T18:09:00.000Z,GC,4367.7998046875,4368.2998046875,4367.7998046875,4368.10009765625,35
2026-06-08T18:10:00.000Z,GC,4368.2001953125,4368.7001953125,4368.10009765625,4368.5,29
2026-06-08T18:11:00.000Z,GC,4368.39990234375,4368.60009765625,4366.60009765625,4366.7998046875,52
2026-06-08T18:12:00.000Z,GC,4366.7001953125,4367.10009765625,4366.2001953125,4367.10009765625,55
2026-06-08T18:13:00.000Z,GC,4367.2998046875,4368.7998046875,4367.10009765625,4367.10009765625,53
2026-06-08T18:14:00.000Z,GC,4367.10009765625,4367.7998046875,4364.7998046875,4366.2001953125,292
2026-06-08T18:15:00.000Z,GC,4365.89990234375,4367.10009765625,4365.89990234375,4366.7998046875,49
2026-06-08T18:16:00.000Z,GC,4366.7001953125,4367.39990234375,4366.5,4367.2998046875,70
2026-06-08T18:17:00.000Z,GC,4367.2001953125,4368.2998046875,4367.2001953125,4367.5,42
2026-06-08T18:18:00.000Z,GC,4367.7001953125,4368.10009765625,4367.39990234375,4367.60009765625,26
2026-06-08T18:19:00.000Z,GC,4367.60009765625,4367.7001953125,4366.5,4366.7001953125,40
2026-06-08T18:20:00.000Z,GC,4366.60009765625,4367.2998046875,4366.2998046875,4366.7001953125,66
2026-06-08T18:21:00.000Z,GC,4366.7998046875,4367.7001953125,4366.5,4367.39990234375,160
2026-06-08T18:22:00.000Z,GC,4367.5,4369.5,4367.5,4368.7001953125,88
2026-06-08T18:23:00.000Z,GC,4368.7998046875,4368.7998046875,4367.7998046875,4368.5,80
2026-06-08T18:24:00.000Z,GC,4368.7998046875,4368.89990234375,4368.2001953125,4368.2001953125,42
2026-06-08T18:25:00.000Z,GC,4368.2001953125,4370.2001953125,4368.0,4369.7001953125,68
2026-06-08T18:26:00.000Z,GC,4369.7001953125,4370.2001953125,4368.7001953125,4368.7998046875,53
2026-06-08T18:27:00.000Z,GC,4368.7001953125,4368.89990234375,4367.7001953125,4367.7001953125,68
2026-06-08T18:28:00.000Z,GC,4368.0,4368.2001953125,4366.39990234375,4367.0,100
2026-06-08T18:29:00.000Z,GC,4367.10009765625,4367.39990234375,4366.39990234375,4366.89990234375,42
2026-06-08T18:30:00.000Z,GC,4366.7001953125,4368.89990234375,4366.60009765625,4368.89990234375,86
2026-06-08T18:31:00.000Z,GC,4368.7001953125,4368.7001953125,4366.89990234375,4367.39990234375,39
2026-06-08T18:32:00.000Z,GC,4367.0,4367.0,4365.5,4366.60009765625,97
2026-06-08T18:33:00.000Z,GC,4366.39990234375,4368.39990234375,4366.39990234375,4367.2998046875,60
2026-06-08T18:34:00.000Z,GC,4367.39990234375,4367.39990234375,4364.7998046875,4364.89990234375,40
2026-06-08T18:35:00.000Z,GC,4364.7998046875,4365.2001953125,4364.39990234375,4364.7998046875,94
2026-06-08T18:36:00.000Z,GC,4365.2001953125,4365.89990234375,4363.2998046875,4363.2998046875,41
2026-06-08T18:37:00.000Z,GC,4363.2998046875,4363.89990234375,4361.89990234375,4362.0,56
2026-06-08T18:38:00.000Z,GC,4362.0,4362.5,4361.60009765625,4362.0,66
2026-06-08T18:39:00.000Z,GC,4362.10009765625,4362.39990234375,4361.0,4361.10009765625,56
2026-06-08T18:40:00.000Z,GC,4361.5,4362.39990234375,4361.39990234375,4362.0,39
2026-06-08T18:41:00.000Z,GC,4361.89990234375,4362.7998046875,4361.7998046875,4361.7998046875,37
2026-06-08T18:42:00.000Z,GC,4361.7998046875,4362.2001953125,4361.10009765625,4361.60009765625,47
2026-06-08T18:43:00.000Z,GC,4361.7998046875,4361.89990234375,4360.5,4360.5,42
2026-06-08T18:44:00.000Z,GC,4360.39990234375,4361.2001953125,4360.2998046875,4360.89990234375,34
2026-06-08T18:45:00.000Z,GC,4361.0,4361.2001953125,4359.2001953125,4359.5,57
2026-06-08T18:46:00.000Z,GC,4359.2998046875,4360.0,4358.7001953125,4359.60009765625,153
2026-06-08T18:47:00.000Z,GC,4359.7001953125,4360.10009765625,4359.2001953125,4359.7001953125,28
2026-06-08T18:48:00.000Z,GC,4359.7998046875,4360.0,4359.0,4359.7998046875,46
2026-06-08T18:49:00.000Z,GC,4359.2998046875,4359.2998046875,4358.60009765625,4358.7998046875,56
2026-06-08T18:50:00.000Z,GC,4358.60009765625,4359.60009765625,4358.60009765625,4359.60009765625,41
2026-06-08T18:51:00.000Z,GC,4359.39990234375,4361.10009765625,4359.39990234375,4360.0,101
2026-06-08T18:52:00.000Z,GC,4359.7001953125,4359.7001953125,4358.89990234375,4359.39990234375,61
2026-06-08T18:53:00.000Z,GC,4359.2998046875,4359.39990234375,4357.10009765625,4358.0,84
2026-06-08T18:54:00.000Z,GC,4358.10009765625,4359.39990234375,4357.7998046875,4358.60009765625,39
2026-06-08T18:55:00.000Z,GC,4358.7001953125,4359.0,4357.2998046875,4358.7998046875,73
2026-06-08T18:56:00.000Z,GC,4358.2998046875,4359.0,4358.2001953125,4358.2001953125,38
2026-06-08T18:57:00.000Z,GC,4358.39990234375,4360.0,4358.39990234375,4360.0,97
2026-06-08T18:58:00.000Z,GC,4359.7998046875,4360.39990234375,4358.7998046875,4359.39990234375,83
2026-06-08T18:59:00.000Z,GC,4359.10009765625,4359.10009765625,4357.7998046875,4358.7998046875,51
2026-06-08T19:00:00.000Z,GC,4358.7001953125,4360.5,4358.2001953125,4360.5,58
2026-06-08T19:01:00.000Z,GC,4360.39990234375,4360.89990234375,4359.60009765625,4360.89990234375,61
2026-06-08T19:02:00.000Z,GC,4361.2001953125,4362.2001953125,4361.2001953125,4361.7998046875,43
2026-06-08T19:03:00.000Z,GC,4361.7998046875,4362.2998046875,4361.7998046875,4362.0,17
2026-06-08T19:04:00.000Z,GC,4361.5,4361.5,4360.89990234375,4361.2001953125,43
2026-06-08T19:05:00.000Z,GC,4360.89990234375,4360.89990234375,4359.2998046875,4359.89990234375,59
2026-06-08T19:06:00.000Z,GC,4359.7998046875,4360.39990234375,4359.7998046875,4360.10009765625,29
2026-06-08T19:07:00.000Z,GC,4359.60009765625,4360.10009765625,4359.10009765625,4359.10009765625,36
2026-06-08T19:08:00.000Z,GC,4359.10009765625,4359.2998046875,4357.7001953125,4357.7998046875,37
2026-06-08T19:09:00.000Z,GC,4357.60009765625,4358.10009765625,4356.7001953125,4356.89990234375,57
2026-06-08T19:10:00.000Z,GC,4356.7998046875,4356.7998046875,4354.7998046875,4355.5,108
2026-06-08T19:11:00.000Z,GC,4355.7001953125,4356.2998046875,4354.39990234375,4355.0,95
2026-06-08T19:12:00.000Z,GC,4355.2001953125,4356.10009765625,4354.7998046875,4355.7998046875,93
2026-06-08T19:13:00.000Z,GC,4355.60009765625,4356.60009765625,4355.39990234375,4356.10009765625,46
2026-06-08T19:14:00.000Z,GC,4355.7001953125,4356.0,4353.89990234375,4354.10009765625,34
2026-06-08T19:15:00.000Z,GC,4354.0,4354.5,4352.5,4353.2001953125,147
2026-06-08T19:16:00.000Z,GC,4353.39990234375,4355.89990234375,4353.10009765625,4353.7998046875,120
2026-06-08T19:17:00.000Z,GC,4353.7001953125,4354.0,4353.39990234375,4353.5,43
2026-06-08T19:18:00.000Z,GC,4353.5,4353.60009765625,4352.39990234375,4352.60009765625,59
2026-06-08T19:19:00.000Z,GC,4352.60009765625,4353.2001953125,4352.2998046875,4353.10009765625,62
2026-06-08T19:20:00.000Z,GC,4352.7001953125,4354.2001953125,4352.5,4353.60009765625,64
2026-06-08T19:21:00.000Z,GC,4353.60009765625,4354.7001953125,4353.39990234375,4354.0,56
2026-06-08T19:22:00.000Z,GC,4354.0,4354.2998046875,4352.0,4352.0,57
2026-06-08T19:23:00.000Z,GC,4352.10009765625,4352.2998046875,4351.39990234375,4351.60009765625,76
2026-06-08T19:24:00.000Z,GC,4351.7998046875,4352.2001953125,4351.0,4351.0,51
2026-06-08T19:25:00.000Z,GC,4351.2001953125,4351.39990234375,4350.5,4350.7998046875,64
2026-06-08T19:26:00.000Z,GC,4350.39990234375,4352.10009765625,4350.2998046875,4351.39990234375,79
2026-06-08T19:27:00.000Z,GC,4350.7001953125,4351.7998046875,4350.5,4351.7998046875,61
2026-06-08T19:28:00.000Z,GC,4351.7001953125,4352.5,4350.89990234375,4352.2998046875,66
2026-06-08T19:29:00.000Z,GC,4352.10009765625,4352.39990234375,4351.7998046875,4352.0,46
2026-06-08T19:30:00.000Z,GC,4351.7001953125,4353.2001953125,4351.60009765625,4353.2001953125,69
2026-06-08T19:31:00.000Z,GC,4353.2001953125,4354.7998046875,4353.10009765625,4353.5,74
2026-06-08T19:32:00.000Z,GC,4353.2001953125,4354.2998046875,4352.60009765625,4353.2998046875,68
2026-06-08T19:33:00.000Z,GC,4353.10009765625,4353.5,4351.0,4351.60009765625,177
2026-06-08T19:34:00.000Z,GC,4351.39990234375,4351.60009765625,4350.60009765625,4351.5,65
2026-06-08T19:35:00.000Z,GC,4351.5,4351.7998046875,4351.0,4351.2001953125,40
2026-06-08T19:36:00.000Z,GC,4351.10009765625,4351.39990234375,4350.2998046875,4350.60009765625,55
2026-06-08T19:37:00.000Z,GC,4350.7001953125,4352.0,4350.39990234375,4352.0,23
2026-06-08T19:38:00.000Z,GC,4352.0,4352.7998046875,4352.0,4352.2998046875,42
2026-06-08T19:39:00.000Z,GC,4352.0,4352.2001953125,4349.2001953125,4350.10009765625,104
2026-06-08T19:40:00.000Z,GC,4350.0,4350.2001953125,4348.39990234375,4349.89990234375,96
2026-06-08T19:41:00.000Z,GC,4349.39990234375,4350.10009765625,4349.2001953125,4349.89990234375,55
2026-06-08T19:42:00.000Z,GC,4349.89990234375,4349.89990234375,4348.5,4348.5,87
2026-06-08T19:43:00.000Z,GC,4348.5,4349.39990234375,4348.5,4349.2998046875,56
2026-06-08T19:44:00.000Z,GC,4349.10009765625,4349.5,4348.7998046875,4349.10009765625,46
2026-06-08T19:45:00.000Z,GC,4349.10009765625,4350.10009765625,4349.10009765625,4350.0,37
2026-06-08T19:46:00.000Z,GC,4349.60009765625,4351.2998046875,4349.5,4350.7998046875,72
2026-06-08T19:47:00.000Z,GC,4350.7998046875,4351.2998046875,4350.0,4351.2001953125,37
2026-06-08T19:48:00.000Z,GC,4350.89990234375,4351.0,4349.7998046875,4350.7998046875,56
2026-06-08T19:49:00.000Z,GC,4350.7998046875,4351.7001953125,4350.2998046875,4351.39990234375,68
2026-06-08T19:50:00.000Z,GC,4351.39990234375,4353.2998046875,4351.39990234375,4352.2001953125,249
2026-06-08T19:51:00.000Z,GC,4352.39990234375,4353.2998046875,4352.39990234375,4352.60009765625,47
2026-06-08T19:52:00.000Z,GC,4352.7001953125,4353.39990234375,4352.2001953125,4353.39990234375,75
2026-06-08T19:53:00.000Z,GC,4353.2001953125,4354.0,4352.60009765625,4353.0,68
2026-06-08T19:54:00.000Z,GC,4352.89990234375,4353.5,4351.5,4352.10009765625,102
2026-06-08T19:55:00.000Z,GC,4352.39990234375,4352.89990234375,4351.0,4351.39990234375,89
2026-06-08T19:56:00.000Z,GC,4351.2001953125,4351.2001953125,4346.60009765625,4347.7001953125,332
2026-06-08T19:57:00.000Z,GC,4347.60009765625,4350.10009765625,4347.0,4350.10009765625,74
2026-06-08T19:58:00.000Z,GC,4350.5,4351.60009765625,4350.10009765625,4351.60009765625,101
2026-06-08T19:59:00.000Z,GC,4351.7998046875,4352.2001953125,4350.10009765625,4350.2998046875,174
2026-06-08T20:00:00.000Z,GC,4350.5,4352.2001953125,4350.39990234375,4350.39990234375,118
2026-06-08T20:01:00.000Z,GC,4350.5,4351.2001953125,4350.5,4351.10009765625,15
2026-06-08T20:02:00.000Z,GC,4350.89990234375,4352.89990234375,4350.5,4351.7998046875,79
2026-06-08T20:03:00.000Z,GC,4351.89990234375,4352.7001953125,4351.89990234375,4352.2998046875,18
2026-06-08T20:04:00.000Z,GC,4352.10009765625,4353.7998046875,4352.10009765625,4353.39990234375,67
2026-06-08T20:05:00.000Z,GC,4353.5,4353.60009765625,4351.60009765625,4351.60009765625,60
2026-06-08T20:06:00.000Z,GC,4351.7998046875,4352.89990234375,4351.7001953125,4352.89990234375,25
2026-06-08T20:07:00.000Z,GC,4352.7998046875,4353.0,4352.5,4353.0,14
2026-06-08T20:08:00.000Z,GC,4352.7998046875,4352.7998046875,4352.60009765625,4352.60009765625,4
2026-06-08T20:09:00.000Z,GC,4352.7998046875,4353.60009765625,4351.2998046875,4351.89990234375,102
2026-06-08T20:10:00.000Z,GC,4351.7001953125,4352.0,4351.2998046875,4351.7001953125,19
2026-06-08T20:11:00.000Z,GC,4351.7998046875,4351.7998046875,4351.0,4351.2998046875,7
2026-06-08T20:12:00.000Z,GC,4351.2001953125,4351.2998046875,4350.39990234375,4350.39990234375,18
2026-06-08T20:13:00.000Z,GC,4350.7001953125,4351.39990234375,4350.7001953125,4351.0,35
2026-06-08T20:14:00.000Z,GC,4351.0,4352.5,4351.0,4352.0,40
2026-06-08T20:15:00.000Z,GC,4352.0,4352.2001953125,4351.7998046875,4351.89990234375,7
2026-06-08T20:16:00.000Z,GC,4352.0,4352.0,4349.5,4349.89990234375,32
2026-06-08T20:17:00.000Z,GC,4349.2998046875,4350.2001953125,4348.0,4350.0,69
2026-06-08T20:18:00.000Z,GC,4350.0,4350.39990234375,4349.89990234375,4349.89990234375,6
2026-06-08T20:19:00.000Z,GC,4350.0,4350.0,4349.5,4349.7998046875,6
2026-06-08T20:20:00.000Z,GC,4349.60009765625,4350.0,4349.2001953125,4349.7998046875,12
2026-06-08T20:21:00.000Z,GC,4350.0,4350.39990234375,4349.89990234375,4350.2001953125,11
2026-06-08T20:22:00.000Z,GC,4349.89990234375,4350.7001953125,4349.7001953125,4350.60009765625,5
2026-06-08T20:23:00.000Z,GC,4351.0,4351.39990234375,4351.0,4351.39990234375,7
2026-06-08T20:24:00.000Z,GC,4351.2001953125,4351.2001953125,4350.7001953125,4350.7001953125,3
2026-06-08T20:25:00.000Z,GC,4351.10009765625,4351.10009765625,4350.60009765625,4350.60009765625,11
2026-06-08T20:26:00.000Z,GC,4350.2001953125,4350.7998046875,4348.2001953125,4350.2001953125,123
2026-06-08T20:27:00.000Z,GC,4350.39990234375,4350.7001953125,4349.5,4349.60009765625,18
2026-06-08T20:28:00.000Z,GC,4350.0,4350.0,4350.0,4350.0,2
2026-06-08T20:29:00.000Z,GC,4349.7998046875,4350.0,4349.7998046875,4350.0,9
2026-06-08T20:30:00.000Z,GC,4350.89990234375,4351.0,4350.2998046875,4350.60009765625,8
2026-06-08T20:31:00.000Z,GC,4350.60009765625,4351.5,4350.60009765625,4351.5,23
2026-06-08T20:32:00.000Z,GC,4351.2998046875,4351.2998046875,4350.60009765625,4350.60009765625,9
2026-06-08T20:33:00.000Z,GC,4349.89990234375,4349.89990234375,4349.5,4349.7998046875,5
2026-06-08T20:34:00.000Z,GC,4350.39990234375,4351.7998046875,4350.39990234375,4351.60009765625,15
2026-06-08T20:35:00.000Z,GC,4351.89990234375,4352.10009765625,4351.10009765625,4351.2998046875,10
2026-06-08T20:36:00.000Z,GC,4350.7001953125,4351.7001953125,4350.7001953125,4351.7001953125,5
2026-06-08T20:37:00.000Z,GC,4351.2998046875,4351.89990234375,4351.2998046875,4351.7998046875,10
2026-06-08T20:38:00.000Z,GC,4351.7001953125,4352.39990234375,4351.7001953125,4352.39990234375,8
2026-06-08T20:39:00.000Z,GC,4352.2001953125,4352.2001953125,4351.2998046875,4351.2998046875,12
2026-06-08T20:40:00.000Z,GC,4351.2998046875,4351.2998046875,4350.60009765625,4351.2001953125,21
2026-06-08T20:41:00.000Z,GC,4350.7998046875,4350.7998046875,4350.2998046875,4350.2998046875,11
2026-06-08T20:42:00.000Z,GC,4351.10009765625,4351.10009765625,4349.7998046875,4350.10009765625,14
2026-06-08T20:43:00.000Z,GC,4350.2998046875,4350.7001953125,4349.2001953125,4350.10009765625,25
2026-06-08T20:44:00.000Z,GC,4350.2001953125,4350.2001953125,4349.89990234375,4350.0,7
2026-06-08T20:45:00.000Z,GC,4350.5,4351.39990234375,4350.0,4351.2001953125,42
2026-06-08T20:46:00.000Z,GC,4350.7001953125,4350.7998046875,4349.7001953125,4349.7001953125,15
2026-06-08T20:47:00.000Z,GC,4349.60009765625,4350.2998046875,4349.39990234375,4350.2998046875,10
2026-06-08T20:48:00.000Z,GC,4350.7001953125,4351.0,4350.7001953125,4351.0,6
2026-06-08T20:49:00.000Z,GC,4350.89990234375,4351.2998046875,4350.89990234375,4351.2998046875,7
2026-06-08T20:50:00.000Z,GC,4351.39990234375,4352.10009765625,4351.10009765625,4351.5,34
2026-06-08T20:51:00.000Z,GC,4351.7998046875,4351.7998046875,4351.7998046875,4351.7998046875,1
2026-06-08T20:52:00.000Z,GC,4351.5,4353.0,4351.5,4353.0,12
2026-06-08T20:53:00.000Z,GC,4353.10009765625,4353.39990234375,4353.0,4353.10009765625,11
2026-06-08T20:54:00.000Z,GC,4352.60009765625,4353.89990234375,4352.60009765625,4353.2001953125,53
2026-06-08T20:55:00.000Z,GC,4353.2001953125,4353.89990234375,4353.0,4353.89990234375,13
2026-06-08T20:56:00.000Z,GC,4354.10009765625,4354.10009765625,4353.89990234375,4354.0,5
2026-06-08T20:57:00.000Z,GC,4353.60009765625,4353.7001953125,4353.39990234375,4353.7001953125,7
2026-06-08T20:58:00.000Z,GC,4353.60009765625,4354.39990234375,4353.39990234375,4353.60009765625,30
2026-06-08T20:59:00.000Z,GC,4353.7998046875,4354.2998046875,4353.7998046875,4353.7998046875,25
2026-06-08T22:00:00.000Z,GC,4354.7001953125,4358.60009765625,4353.60009765625,4353.60009765625,0
2026-06-08T22:01:00.000Z,GC,4353.60009765625,4354.10009765625,4352.10009765625,4352.10009765625,34
2026-06-08T22:02:00.000Z,GC,4352.2001953125,4352.2001953125,4351.2998046875,4351.89990234375,18
2026-06-08T22:03:00.000Z,GC,4351.60009765625,4352.39990234375,4351.39990234375,4352.0,17
2026-06-08T22:04:00.000Z,GC,4351.60009765625,4351.60009765625,4349.89990234375,4350.10009765625,26
2026-06-08T22:05:00.000Z,GC,4349.89990234375,4351.2998046875,4349.7998046875,4349.89990234375,27
2026-06-08T22:06:00.000Z,GC,4349.89990234375,4349.89990234375,4348.2998046875,4348.7001953125,30
2026-06-08T22:07:00.000Z,GC,4348.2001953125,4348.60009765625,4348.2001953125,4348.60009765625,10
2026-06-08T22:08:00.000Z,GC,4349.10009765625,4350.10009765625,4349.10009765625,4350.10009765625,7
2026-06-08T22:09:00.000Z,GC,4350.0,4351.0,4349.89990234375,4350.39990234375,10
2026-06-08T22:10:00.000Z,GC,4350.5,4351.2998046875,4349.7998046875,4349.7998046875,21
2026-06-08T22:11:00.000Z,GC,4349.7998046875,4350.5,4349.7998046875,4350.5,3
2026-06-08T22:12:00.000Z,GC,4350.89990234375,4350.89990234375,4350.0,4350.2001953125,11
2026-06-08T22:13:00.000Z,GC,4350.2001953125,4350.60009765625,4348.39990234375,4348.7001953125,216
2026-06-08T22:14:00.000Z,GC,4348.5,4348.5,4347.60009765625,4348.5,129
2026-06-08T22:15:00.000Z,GC,4348.10009765625,4348.10009765625,4346.60009765625,4346.7001953125,36
2026-06-08T22:16:00.000Z,GC,4346.60009765625,4346.60009765625,4346.39990234375,4346.5,8
2026-06-08T22:17:00.000Z,GC,4346.10009765625,4348.2998046875,4345.7998046875,4348.2998046875,15
2026-06-08T22:27:00.000Z,GC,4363.39990234375,4363.39990234375,4363.39990234375,4363.39990234375,141
2026-06-08T22:28:00.000Z,GC,4349.60009765625,4349.60009765625,4348.60009765625,4349.10009765625,9
2026-06-08T22:29:00.000Z,GC,4348.7998046875,4348.89990234375,4347.60009765625,4348.39990234375,19
2026-06-08T22:30:00.000Z,GC,4349.2998046875,4349.5,4349.2998046875,4349.5,3
2026-06-08T22:31:00.000Z,GC,4349.60009765625,4350.10009765625,4349.10009765625,4349.10009765625,5
2026-06-08T22:32:00.000Z,GC,4350.2001953125,4350.7001953125,4350.2001953125,4350.39990234375,4
2026-06-08T22:33:00.000Z,GC,4349.89990234375,4349.89990234375,4348.7001953125,4348.89990234375,13
2026-06-08T22:34:00.000Z,GC,4348.7001953125,4350.0,4348.2998046875,4348.2998046875,27
2026-06-08T22:35:00.000Z,GC,4349.60009765625,4349.60009765625,4349.2998046875,4349.2998046875,2
2026-06-08T22:37:00.000Z,GC,4349.10009765625,4349.7001953125,4348.89990234375,4349.7001953125,11
2026-06-08T22:39:00.000Z,GC,4349.89990234375,4350.0,4349.2001953125,4349.2001953125,5
2026-06-08T22:41:00.000Z,GC,4349.2001953125,4349.2001953125,4348.39990234375,4349.0,22
2026-06-08T22:42:00.000Z,GC,4349.10009765625,4349.39990234375,4349.10009765625,4349.2001953125,6
2026-06-08T22:43:00.000Z,GC,4349.7001953125,4349.89990234375,4349.7001953125,4349.7001953125,7
2026-06-08T22:44:00.000Z,GC,4349.7001953125,4350.7001953125,4349.7001953125,4350.7001953125,16
2026-06-08T22:45:00.000Z,GC,4351.10009765625,4351.2001953125,4350.2998046875,4350.60009765625,24
2026-06-08T22:46:00.000Z,GC,4350.39990234375,4351.60009765625,4349.7998046875,4350.89990234375,16
2026-06-08T22:47:00.000Z,GC,4350.7001953125,4350.7001953125,4350.10009765625,4350.2998046875,10
2026-06-08T22:48:00.000Z,GC,4350.2998046875,4350.89990234375,4349.2998046875,4349.7001953125,37
2026-06-08T22:49:00.000Z,GC,4350.0,4350.2998046875,4349.89990234375,4349.89990234375,3
2026-06-08T22:50:00.000Z,GC,4349.89990234375,4350.5,4349.7998046875,4349.7998046875,4
2026-06-08T22:51:00.000Z,GC,4350.0,4350.0,4349.5,4349.5,5
2026-06-08T22:52:00.000Z,GC,4349.60009765625,4349.89990234375,4349.60009765625,4349.89990234375,2
2026-06-08T22:53:00.000Z,GC,4350.0,4351.2998046875,4350.0,4351.2998046875,15
2026-06-08T22:54:00.000Z,GC,4351.39990234375,4351.60009765625,4351.0,4351.39990234375,24
2026-06-08T22:55:00.000Z,GC,4351.7001953125,4352.10009765625,4351.39990234375,4351.7998046875,37
2026-06-08T22:56:00.000Z,GC,4351.89990234375,4352.10009765625,4351.2998046875,4351.60009765625,21
2026-06-08T22:57:00.000Z,GC,4351.2998046875,4351.2998046875,4351.2998046875,4351.2998046875,1
2026-06-08T22:59:00.000Z,GC,4351.5,4351.5,4351.2001953125,4351.5,3
2026-06-08T23:00:00.000Z,GC,4350.89990234375,4351.2998046875,4350.39990234375,4351.2998046875,51
2026-06-08T23:01:00.000Z,GC,4350.89990234375,4351.60009765625,4350.89990234375,4351.2998046875,7
2026-06-08T23:02:00.000Z,GC,4350.7998046875,4351.0,4350.5,4351.0,4
2026-06-08T23:03:00.000Z,GC,4350.89990234375,4351.2001953125,4350.7001953125,4351.2001953125,12
2026-06-08T23:05:00.000Z,GC,4350.60009765625,4350.60009765625,4348.39990234375,4349.39990234375,26
2026-06-08T23:06:00.000Z,GC,4349.2001953125,4349.39990234375,4349.10009765625,4349.39990234375,11
2026-06-08T23:07:00.000Z,GC,4349.7998046875,4349.7998046875,4349.7998046875,4349.7998046875,1
2026-06-08T23:08:00.000Z,GC,4349.60009765625,4349.7998046875,4349.2001953125,4349.7998046875,7
2026-06-08T23:09:00.000Z,GC,4349.7998046875,4350.0,4349.7998046875,4350.0,3
2026-06-08T23:10:00.000Z,GC,4349.39990234375,4349.89990234375,4349.10009765625,4349.89990234375,12
2026-06-08T23:11:00.000Z,GC,4349.60009765625,4350.2001953125,4349.60009765625,4350.2001953125,2
2026-06-08T23:12:00.000Z,GC,4350.5,4351.60009765625,4350.5,4351.60009765625,8
2026-06-08T23:13:00.000Z,GC,4351.7998046875,4352.39990234375,4351.5,4351.5,9
2026-06-08T23:14:00.000Z,GC,4350.89990234375,4351.2001953125,4350.7998046875,4351.2001953125,5
2026-06-08T23:15:00.000Z,GC,4351.10009765625,4351.60009765625,4351.10009765625,4351.2998046875,8
2026-06-08T23:16:00.000Z,GC,4351.10009765625,4351.10009765625,4351.0,4351.0,3
2026-06-08T23:17:00.000Z,GC,4351.39990234375,4351.39990234375,4351.39990234375,4351.39990234375,2
2026-06-08T23:18:00.000Z,GC,4350.2001953125,4350.7001953125,4349.7998046875,4350.7001953125,8
2026-06-08T23:19:00.000Z,GC,4350.7998046875,4350.7998046875,4350.7998046875,4350.7998046875,1
2026-06-08T23:20:00.000Z,GC,4350.7998046875,4350.7998046875,4350.39990234375,4350.39990234375,4
2026-06-08T23:21:00.000Z,GC,4349.7998046875,4349.7998046875,4348.39990234375,4349.0,22
2026-06-08T23:22:00.000Z,GC,4349.2998046875,4349.7998046875,4349.2998046875,4349.2998046875,5
2026-06-08T23:23:00.000Z,GC,4349.39990234375,4349.89990234375,4349.39990234375,4349.7998046875,5
2026-06-08T23:24:00.000Z,GC,4349.2001953125,4349.2998046875,4348.0,4348.39990234375,58
2026-06-08T23:25:00.000Z,GC,4348.10009765625,4348.10009765625,4346.5,4347.10009765625,58
2026-06-08T23:26:00.000Z,GC,4347.10009765625,4347.10009765625,4346.60009765625,4346.7001953125,7
2026-06-08T23:27:00.000Z,GC,4346.2998046875,4346.2998046875,4344.2998046875,4345.0,79
2026-06-08T23:28:00.000Z,GC,4344.89990234375,4345.0,4343.7001953125,4344.10009765625,28
2026-06-08T23:29:00.000Z,GC,4344.10009765625,4344.60009765625,4344.0,4344.0,13
2026-06-08T23:30:00.000Z,GC,4343.89990234375,4344.2998046875,4342.7001953125,4344.2998046875,65
2026-06-08T23:31:00.000Z,GC,4343.7998046875,4344.0,4342.0,4342.10009765625,39
2026-06-08T23:32:00.000Z,GC,4342.0,4342.0,4341.0,4341.5,31
2026-06-08T23:33:00.000Z,GC,4341.5,4341.7001953125,4341.2001953125,4341.2001953125,3
2026-06-08T23:34:00.000Z,GC,4341.5,4341.7998046875,4337.7001953125,4341.60009765625,123
2026-06-08T23:35:00.000Z,GC,4341.60009765625,4343.7998046875,4341.60009765625,4343.2001953125,74
2026-06-08T23:36:00.000Z,GC,4343.39990234375,4345.2001953125,4343.2001953125,4344.2001953125,20
2026-06-08T23:37:00.000Z,GC,4344.7001953125,4345.2998046875,4344.5,4344.89990234375,16
2026-06-08T23:38:00.000Z,GC,4345.10009765625,4345.10009765625,4344.60009765625,4344.89990234375,11
2026-06-08T23:39:00.000Z,GC,4344.39990234375,4345.2998046875,4344.2001953125,4345.2998046875,9
2026-06-08T23:40:00.000Z,GC,4344.7998046875,4344.7998046875,4344.39990234375,4344.39990234375,4
2026-06-08T23:41:00.000Z,GC,4343.7998046875,4343.7998046875,4343.5,4343.5,3
2026-06-08T23:42:00.000Z,GC,4343.60009765625,4343.60009765625,4342.60009765625,4342.60009765625,8
2026-06-08T23:43:00.000Z,GC,4343.0,4343.39990234375,4342.7998046875,4342.89990234375,11
2026-06-08T23:44:00.000Z,GC,4342.7998046875,4343.7998046875,4342.39990234375,4343.2998046875,40
2026-06-08T23:45:00.000Z,GC,4343.0,4343.2998046875,4339.2998046875,4340.10009765625,58
2026-06-08T23:46:00.000Z,GC,4339.89990234375,4341.10009765625,4339.60009765625,4341.0,16
2026-06-08T23:47:00.000Z,GC,4340.60009765625,4341.2001953125,4339.2998046875,4341.10009765625,18
2026-06-08T23:48:00.000Z,GC,4341.7001953125,4341.89990234375,4338.60009765625,4338.89990234375,50
2026-06-08T23:49:00.000Z,GC,4339.0,4339.0,4336.7998046875,4336.89990234375,122
2026-06-08T23:50:00.000Z,GC,4337.5,4339.5,4337.2998046875,4337.60009765625,51
2026-06-08T23:51:00.000Z,GC,4337.10009765625,4338.2001953125,4336.0,4337.2998046875,82
2026-06-08T23:52:00.000Z,GC,4337.7001953125,4338.7998046875,4336.7998046875,4338.10009765625,73
2026-06-08T23:53:00.000Z,GC,4338.10009765625,4338.7001953125,4337.10009765625,4338.7001953125,265
2026-06-08T23:54:00.000Z,GC,4338.7998046875,4342.5,4338.7998046875,4340.0,97
2026-06-08T23:55:00.000Z,GC,4339.7998046875,4340.2001953125,4337.2001953125,4340.2001953125,84
2026-06-08T23:56:00.000Z,GC,4340.2001953125,4340.89990234375,4340.0,4340.60009765625,14
2026-06-08T23:57:00.000Z,GC,4340.7998046875,4341.5,4340.7998046875,4341.10009765625,9
2026-06-08T23:58:00.000Z,GC,4340.89990234375,4340.89990234375,4339.5,4339.5,10
2026-06-08T23:59:00.000Z,GC,4340.5,4341.0,4340.0,4340.89990234375,29
2026-06-09T00:00:00.000Z,GC,4340.89990234375,4342.0,4338.7998046875,4339.7001953125,146
2026-06-09T00:01:00.000Z,GC,4340.0,4341.2998046875,4339.0,4341.2998046875,61
2026-06-09T00:02:00.000Z,GC,4341.5,4341.89990234375,4341.10009765625,4341.89990234375,5
2026-06-09T00:03:00.000Z,GC,4342.0,4343.0,4340.7001953125,4340.7998046875,20
2026-06-09T00:04:00.000Z,GC,4341.10009765625,4341.60009765625,4339.60009765625,4340.7001953125,70
2026-06-09T00:05:00.000Z,GC,4341.5,4343.0,4340.60009765625,4342.0,30
2026-06-09T00:06:00.000Z,GC,4342.39990234375,4344.10009765625,4342.2001953125,4343.60009765625,38
2026-06-09T00:07:00.000Z,GC,4344.10009765625,4345.5,4343.7001953125,4344.2001953125,35
2026-06-09T00:08:00.000Z,GC,4344.0,4344.10009765625,4342.0,4342.7998046875,25
2026-06-09T00:09:00.000Z,GC,4342.7001953125,4342.7998046875,4341.7998046875,4342.39990234375,42
2026-06-09T00:10:00.000Z,GC,4342.7001953125,4344.60009765625,4342.60009765625,4344.39990234375,37
2026-06-09T00:11:00.000Z,GC,4344.60009765625,4344.7001953125,4343.89990234375,4344.0,16
2026-06-09T00:12:00.000Z,GC,4344.7001953125,4347.5,4344.60009765625,4346.7001953125,56
2026-06-09T00:13:00.000Z,GC,4346.5,4347.10009765625,4345.89990234375,4346.89990234375,23
2026-06-09T00:14:00.000Z,GC,4346.60009765625,4346.7001953125,4345.5,4346.2998046875,25
2026-06-09T00:15:00.000Z,GC,4346.2998046875,4347.0,4343.89990234375,4344.2998046875,42
2026-06-09T00:16:00.000Z,GC,4344.39990234375,4347.0,4344.2998046875,4347.0,20
2026-06-09T00:17:00.000Z,GC,4347.2998046875,4347.2998046875,4344.2998046875,4345.0,10
2026-06-09T00:18:00.000Z,GC,4345.2001953125,4346.10009765625,4345.2001953125,4345.2998046875,12
2026-06-09T00:19:00.000Z,GC,4345.10009765625,4345.60009765625,4344.0,4344.0,11
2026-06-09T00:20:00.000Z,GC,4343.7001953125,4344.39990234375,4342.89990234375,4343.2998046875,29
2026-06-09T00:21:00.000Z,GC,4342.7998046875,4342.7998046875,4341.0,4341.60009765625,73
2026-06-09T00:22:00.000Z,GC,4341.7998046875,4343.39990234375,4341.7001953125,4342.7998046875,9
2026-06-09T00:23:00.000Z,GC,4342.0,4342.0,4341.0,4341.89990234375,37
2026-06-09T00:24:00.000Z,GC,4342.0,4342.89990234375,4341.7998046875,4342.39990234375,15
2026-06-09T00:25:00.000Z,GC,4342.7001953125,4343.0,4341.7001953125,4341.7001953125,25
2026-06-09T00:26:00.000Z,GC,4341.39990234375,4342.0,4341.2001953125,4341.5,11
2026-06-09T00:27:00.000Z,GC,4341.0,4342.2998046875,4341.0,4341.39990234375,57
2026-06-09T00:28:00.000Z,GC,4341.5,4341.5,4340.5,4341.10009765625,23
2026-06-09T00:29:00.000Z,GC,4341.60009765625,4341.7998046875,4340.2998046875,4340.60009765625,29
2026-06-09T00:30:00.000Z,GC,4341.0,4341.2998046875,4339.7001953125,4339.89990234375,75
2026-06-09T00:31:00.000Z,GC,4340.39990234375,4340.7001953125,4339.2001953125,4340.2998046875,43
2026-06-09T00:32:00.000Z,GC,4340.2998046875,4341.7998046875,4340.2998046875,4341.2001953125,24
2026-06-09T00:33:00.000Z,GC,4341.0,4341.0,4338.7998046875,4339.60009765625,65
2026-06-09T00:34:00.000Z,GC,4339.39990234375,4343.10009765625,4339.39990234375,4343.10009765625,41
2026-06-09T00:35:00.000Z,GC,4343.10009765625,4344.39990234375,4342.5,4343.89990234375,72
2026-06-09T00:36:00.000Z,GC,4343.7998046875,4344.39990234375,4343.60009765625,4344.10009765625,28
2026-06-09T00:37:00.000Z,GC,4344.0,4347.10009765625,4343.7998046875,4346.2001953125,108
2026-06-09T00:38:00.000Z,GC,4345.89990234375,4346.39990234375,4342.5,4342.7998046875,106
2026-06-09T00:39:00.000Z,GC,4343.0,4343.60009765625,4341.7001953125,4342.89990234375,100
2026-06-09T00:40:00.000Z,GC,4343.10009765625,4344.89990234375,4342.60009765625,4342.60009765625,76
2026-06-09T00:41:00.000Z,GC,4343.0,4343.7001953125,4341.7998046875,4342.0,39
2026-06-09T00:42:00.000Z,GC,4342.0,4342.2998046875,4341.7001953125,4342.0,25
2026-06-09T00:43:00.000Z,GC,4342.5,4342.60009765625,4341.7001953125,4341.7001953125,12
2026-06-09T00:44:00.000Z,GC,4342.2001953125,4342.5,4341.2998046875,4342.2998046875,24
2026-06-09T00:45:00.000Z,GC,4342.60009765625,4343.2998046875,4341.39990234375,4342.0,25
2026-06-09T00:46:00.000Z,GC,4342.10009765625,4342.10009765625,4341.60009765625,4341.89990234375,5
2026-06-09T00:47:00.000Z,GC,4341.89990234375,4341.89990234375,4341.0,4341.2998046875,32
2026-06-09T00:48:00.000Z,GC,4341.2001953125,4341.2998046875,4339.5,4339.5,115
2026-06-09T00:49:00.000Z,GC,4339.5,4341.39990234375,4339.2001953125,4341.10009765625,41
2026-06-09T00:50:00.000Z,GC,4341.0,4342.5,4341.0,4341.89990234375,20
2026-06-09T00:51:00.000Z,GC,4342.39990234375,4344.0,4341.60009765625,4341.60009765625,35
2026-06-09T00:52:00.000Z,GC,4342.0,4342.0,4341.5,4341.60009765625,8
2026-06-09T00:53:00.000Z,GC,4342.2001953125,4342.7001953125,4340.2998046875,4340.2998046875,50
2026-06-09T00:54:00.000Z,GC,4340.10009765625,4340.5,4340.10009765625,4340.2001953125,9
2026-06-09T00:55:00.000Z,GC,4340.0,4341.39990234375,4339.5,4340.5,83
2026-06-09T00:56:00.000Z,GC,4340.5,4341.0,4340.0,4341.0,47
2026-06-09T00:57:00.000Z,GC,4340.5,4343.39990234375,4340.5,4343.39990234375,37
2026-06-09T00:58:00.000Z,GC,4343.2998046875,4345.5,4343.2001953125,4344.7001953125,49
2026-06-09T00:59:00.000Z,GC,4344.60009765625,4345.60009765625,4344.10009765625,4344.10009765625,26
2026-06-09T01:00:00.000Z,GC,4344.0,4347.7998046875,4342.5,4346.5,167
2026-06-09T01:01:00.000Z,GC,4346.89990234375,4348.0,4344.2998046875,4344.2998046875,71
2026-06-09T01:02:00.000Z,GC,4344.10009765625,4347.10009765625,4342.7998046875,4347.10009765625,102
2026-06-09T01:03:00.000Z,GC,4346.89990234375,4348.2001953125,4345.39990234375,4346.2998046875,79
2026-06-09T01:04:00.000Z,GC,4346.7998046875,4347.0,4345.10009765625,4345.5,41
2026-06-09T01:05:00.000Z,GC,4345.5,4348.7998046875,4345.0,4348.60009765625,45
2026-06-09T01:06:00.000Z,GC,4348.60009765625,4351.7001953125,4348.2001953125,4351.2998046875,155
2026-06-09T01:07:00.000Z,GC,4351.5,4352.60009765625,4348.7998046875,4349.5,93
2026-06-09T01:08:00.000Z,GC,4349.2001953125,4349.89990234375,4347.39990234375,4349.10009765625,68
2026-06-09T01:09:00.000Z,GC,4349.60009765625,4350.2998046875,4349.2001953125,4349.5,30
2026-06-09T01:10:00.000Z,GC,4349.7001953125,4350.60009765625,4346.2998046875,4346.2998046875,53
2026-06-09T01:11:00.000Z,GC,4346.2001953125,4347.89990234375,4346.10009765625,4347.7998046875,29
2026-06-09T01:12:00.000Z,GC,4348.10009765625,4350.10009765625,4347.2001953125,4350.10009765625,32
2026-06-09T01:13:00.000Z,GC,4350.2998046875,4351.0,4349.2001953125,4350.89990234375,14
2026-06-09T01:14:00.000Z,GC,4350.7998046875,4351.10009765625,4347.7998046875,4348.2001953125,32
2026-06-09T01:15:00.000Z,GC,4347.89990234375,4350.5,4347.89990234375,4350.2998046875,19
2026-06-09T01:16:00.000Z,GC,4350.39990234375,4354.0,4350.39990234375,4352.89990234375,105
2026-06-09T01:17:00.000Z,GC,4353.5,4354.10009765625,4351.7001953125,4352.60009765625,46
2026-06-09T01:18:00.000Z,GC,4352.0,4352.0,4347.60009765625,4347.7998046875,64
2026-06-09T01:19:00.000Z,GC,4348.2001953125,4349.7998046875,4346.7001953125,4348.7001953125,86
2026-06-09T01:20:00.000Z,GC,4348.2001953125,4349.39990234375,4347.10009765625,4348.89990234375,95
2026-06-09T01:21:00.000Z,GC,4349.2001953125,4350.89990234375,4349.2001953125,4350.60009765625,28
2026-06-09T01:22:00.000Z,GC,4351.2001953125,4356.7998046875,4350.2001953125,4356.2998046875,185
2026-06-09T01:23:00.000Z,GC,4356.2001953125,4356.2001953125,4352.2998046875,4353.0,93
2026-06-09T01:24:00.000Z,GC,4352.89990234375,4353.0,4351.10009765625,4352.10009765625,46
2026-06-09T01:25:00.000Z,GC,4351.89990234375,4354.2998046875,4351.89990234375,4353.2001953125,86
2026-06-09T01:26:00.000Z,GC,4353.0,4355.0,4352.39990234375,4354.2001953125,67
2026-06-09T01:27:00.000Z,GC,4354.60009765625,4357.89990234375,4354.10009765625,4357.0,105
2026-06-09T01:28:00.000Z,GC,4357.0,4359.89990234375,4356.10009765625,4359.10009765625,94
2026-06-09T01:29:00.000Z,GC,4359.2001953125,4362.39990234375,4359.2001953125,4359.7998046875,107
2026-06-09T01:30:00.000Z,GC,4359.89990234375,4360.7998046875,4357.39990234375,4358.2998046875,57
2026-06-09T01:31:00.000Z,GC,4357.60009765625,4360.60009765625,4357.60009765625,4360.10009765625,92
2026-06-09T01:32:00.000Z,GC,4360.60009765625,4362.39990234375,4360.39990234375,4361.89990234375,67
2026-06-09T01:33:00.000Z,GC,4362.0,4362.0,4361.10009765625,4361.10009765625,25
2026-06-09T01:34:00.000Z,GC,4361.2001953125,4362.39990234375,4360.39990234375,4361.2998046875,56
2026-06-09T01:35:00.000Z,GC,4361.2998046875,4361.7998046875,4360.2001953125,4361.2001953125,47
2026-06-09T01:36:00.000Z,GC,4361.10009765625,4362.89990234375,4361.10009765625,4361.7998046875,62
2026-06-09T01:37:00.000Z,GC,4361.39990234375,4361.7001953125,4359.2001953125,4359.5,82
2026-06-09T01:38:00.000Z,GC,4359.60009765625,4359.60009765625,4358.7001953125,4359.10009765625,28
2026-06-09T01:39:00.000Z,GC,4359.39990234375,4360.39990234375,4359.2998046875,4359.89990234375,29
2026-06-09T01:40:00.000Z,GC,4359.60009765625,4362.89990234375,4359.39990234375,4361.10009765625,72
2026-06-09T01:41:00.000Z,GC,4360.7001953125,4362.39990234375,4360.39990234375,4361.7998046875,41
2026-06-09T01:42:00.000Z,GC,4361.7001953125,4362.0,4359.39990234375,4359.39990234375,43
2026-06-09T01:43:00.000Z,GC,4359.39990234375,4359.39990234375,4357.2998046875,4357.60009765625,66
2026-06-09T01:44:00.000Z,GC,4357.2998046875,4360.0,4357.2998046875,4360.0,31
2026-06-09T01:45:00.000Z,GC,4360.10009765625,4362.5,4360.0,4360.5,31
2026-06-09T01:46:00.000Z,GC,4360.7001953125,4362.39990234375,4359.7998046875,4362.2001953125,36
2026-06-09T01:47:00.000Z,GC,4362.39990234375,4362.89990234375,4361.2001953125,4361.39990234375,131
2026-06-09T01:48:00.000Z,GC,4361.2001953125,4362.39990234375,4360.0,4360.39990234375,322
2026-06-09T01:49:00.000Z,GC,4360.0,4360.2998046875,4358.39990234375,4359.0,65
2026-06-09T01:50:00.000Z,GC,4358.7001953125,4360.7001953125,4358.39990234375,4358.7001953125,39
2026-06-09T01:51:00.000Z,GC,4358.7998046875,4359.60009765625,4358.7001953125,4359.60009765625,20
2026-06-09T01:52:00.000Z,GC,4359.5,4360.60009765625,4359.5,4360.2001953125,19
2026-06-09T01:53:00.000Z,GC,4359.89990234375,4361.2998046875,4359.60009765625,4359.60009765625,25
2026-06-09T01:54:00.000Z,GC,4359.0,4361.7998046875,4359.0,4361.2001953125,96
2026-06-09T01:55:00.000Z,GC,4361.0,4361.0,4358.7001953125,4359.0,49
2026-06-09T01:56:00.000Z,GC,4358.60009765625,4359.39990234375,4357.5,4359.10009765625,36
2026-06-09T01:57:00.000Z,GC,4358.89990234375,4359.39990234375,4358.0,4359.39990234375,38
2026-06-09T01:58:00.000Z,GC,4358.89990234375,4361.39990234375,4358.89990234375,4360.7998046875,54
2026-06-09T01:59:00.000Z,GC,4361.2001953125,4362.60009765625,4360.39990234375,4360.7998046875,74
2026-06-09T02:00:00.000Z,GC,4360.89990234375,4361.60009765625,4359.39990234375,4359.89990234375,83
2026-06-09T02:01:00.000Z,GC,4360.0,4360.60009765625,4357.2001953125,4357.60009765625,147
2026-06-09T02:02:00.000Z,GC,4357.60009765625,4358.0,4357.2998046875,4357.2998046875,35
2026-06-09T02:03:00.000Z,GC,4357.2998046875,4358.10009765625,4356.0,4357.7001953125,63
2026-06-09T02:04:00.000Z,GC,4357.5,4357.89990234375,4356.7998046875,4357.2001953125,34
2026-06-09T02:05:00.000Z,GC,4357.2001953125,4357.2001953125,4353.39990234375,4353.5,63
2026-06-09T02:06:00.000Z,GC,4354.2001953125,4354.7998046875,4352.7001953125,4353.0,41
2026-06-09T02:07:00.000Z,GC,4353.7001953125,4354.7998046875,4353.7001953125,4354.39990234375,20
2026-06-09T02:08:00.000Z,GC,4354.60009765625,4356.7998046875,4353.5,4356.7998046875,78
2026-06-09T02:09:00.000Z,GC,4356.0,4356.5,4354.89990234375,4355.60009765625,83
2026-06-09T02:10:00.000Z,GC,4355.39990234375,4356.2001953125,4354.7001953125,4354.7001953125,39
2026-06-09T02:11:00.000Z,GC,4354.60009765625,4355.2001953125,4354.0,4354.10009765625,42
2026-06-09T02:12:00.000Z,GC,4354.89990234375,4356.2001953125,4354.39990234375,4355.89990234375,31
2026-06-09T02:13:00.000Z,GC,4356.0,4358.0,4355.7001953125,4357.5,35
2026-06-09T02:14:00.000Z,GC,4357.2998046875,4358.0,4356.7998046875,4357.10009765625,30
2026-06-09T02:15:00.000Z,GC,4357.10009765625,4358.2001953125,4355.10009765625,4356.0,65
2026-06-09T02:16:00.000Z,GC,4355.7998046875,4358.0,4354.60009765625,4357.7001953125,132
2026-06-09T02:17:00.000Z,GC,4357.60009765625,4358.89990234375,4357.2998046875,4358.0,35
2026-06-09T02:18:00.000Z,GC,4357.89990234375,4358.10009765625,4356.60009765625,4356.60009765625,25
2026-06-09T02:19:00.000Z,GC,4356.2998046875,4357.2998046875,4356.2998046875,4357.10009765625,21
2026-06-09T02:20:00.000Z,GC,4356.5,4357.2998046875,4355.89990234375,4356.7998046875,18
2026-06-09T02:21:00.000Z,GC,4356.39990234375,4357.10009765625,4356.39990234375,4357.0,8
2026-06-09T02:22:00.000Z,GC,4356.7998046875,4357.39990234375,4356.7001953125,4357.39990234375,8
2026-06-09T02:23:00.000Z,GC,4356.89990234375,4360.2001953125,4356.7998046875,4359.0,47
2026-06-09T02:24:00.000Z,GC,4359.0,4359.39990234375,4358.7998046875,4359.0,8
2026-06-09T02:25:00.000Z,GC,4358.10009765625,4358.10009765625,4357.7998046875,4358.0,4
2026-06-09T02:26:00.000Z,GC,4358.0,4358.0,4356.7001953125,4356.7001953125,5
2026-06-09T02:27:00.000Z,GC,4356.89990234375,4358.0,4356.60009765625,4357.2998046875,28
2026-06-09T02:28:00.000Z,GC,4357.89990234375,4360.5,4357.89990234375,4360.2998046875,16
2026-06-09T02:29:00.000Z,GC,4360.0,4360.60009765625,4359.89990234375,4360.2001953125,20
2026-06-09T02:30:00.000Z,GC,4359.89990234375,4361.0,4358.10009765625,4358.39990234375,73
2026-06-09T02:31:00.000Z,GC,4358.7001953125,4364.0,4358.7001953125,4363.39990234375,95
2026-06-09T02:32:00.000Z,GC,4363.39990234375,4363.7998046875,4362.10009765625,4362.39990234375,25
2026-06-09T02:33:00.000Z,GC,4362.39990234375,4362.89990234375,4361.7998046875,4362.5,33
2026-06-09T02:34:00.000Z,GC,4362.39990234375,4362.5,4360.2001953125,4360.2001953125,35
2026-06-09T02:35:00.000Z,GC,4360.0,4360.0,4357.5,4357.7998046875,59
2026-06-09T02:36:00.000Z,GC,4357.2998046875,4358.2001953125,4355.5,4358.2001953125,85
2026-06-09T02:37:00.000Z,GC,4357.7998046875,4357.7998046875,4356.10009765625,4356.60009765625,33
2026-06-09T02:38:00.000Z,GC,4356.7001953125,4358.60009765625,4356.7001953125,4358.39990234375,33
2026-06-09T02:39:00.000Z,GC,4358.60009765625,4359.89990234375,4358.0,4359.7001953125,13
2026-06-09T02:40:00.000Z,GC,4359.89990234375,4360.0,4357.89990234375,4357.89990234375,11
2026-06-09T02:41:00.000Z,GC,4357.89990234375,4359.2001953125,4357.89990234375,4358.7998046875,17
2026-06-09T02:42:00.000Z,GC,4358.7998046875,4361.7001953125,4358.7998046875,4361.2001953125,28
2026-06-09T02:43:00.000Z,GC,4361.5,4362.0,4360.60009765625,4361.7998046875,26
2026-06-09T02:44:00.000Z,GC,4361.39990234375,4363.0,4360.89990234375,4363.0,25
2026-06-09T02:45:00.000Z,GC,4363.60009765625,4365.7001953125,4363.2998046875,4363.7001953125,127
2026-06-09T02:46:00.000Z,GC,4364.10009765625,4364.39990234375,4363.39990234375,4363.7001953125,17
2026-06-09T02:47:00.000Z,GC,4364.2998046875,4365.0,4363.89990234375,4364.2998046875,35
2026-06-09T02:48:00.000Z,GC,4364.0,4364.60009765625,4363.2001953125,4364.2998046875,48
2026-06-09T02:49:00.000Z,GC,4364.2001953125,4364.2001953125,4362.10009765625,4362.10009765625,28
2026-06-09T02:50:00.000Z,GC,4361.89990234375,4362.7998046875,4361.7001953125,4362.0,30
2026-06-09T02:51:00.000Z,GC,4361.5,4361.5,4359.2001953125,4359.39990234375,33
2026-06-09T02:52:00.000Z,GC,4359.89990234375,4361.39990234375,4359.89990234375,4360.89990234375,30
2026-06-09T02:53:00.000Z,GC,4361.2998046875,4363.60009765625,4361.10009765625,4363.2001953125,38
2026-06-09T02:54:00.000Z,GC,4363.39990234375,4364.7998046875,4363.10009765625,4363.2001953125,24
2026-06-09T02:55:00.000Z,GC,4362.2998046875,4363.7001953125,4362.2001953125,4363.7001953125,23
2026-06-09T02:56:00.000Z,GC,4363.2998046875,4363.60009765625,4361.2998046875,4361.2998046875,21
2026-06-09T02:57:00.000Z,GC,4361.2001953125,4361.60009765625,4360.5,4360.89990234375,78
2026-06-09T02:58:00.000Z,GC,4360.7998046875,4360.7998046875,4359.39990234375,4359.60009765625,15
2026-06-09T02:59:00.000Z,GC,4359.7998046875,4360.39990234375,4359.0,4360.39990234375,56
2026-06-09T03:00:00.000Z,GC,4360.10009765625,4360.5,4359.10009765625,4360.10009765625,17
2026-06-09T03:01:00.000Z,GC,4360.2001953125,4361.7001953125,4360.10009765625,4361.39990234375,20
2026-06-09T03:02:00.000Z,GC,4361.7998046875,4361.7998046875,4359.60009765625,4360.2001953125,57
2026-06-09T03:03:00.000Z,GC,4360.7998046875,4361.0,4357.10009765625,4357.10009765625,49
2026-06-09T03:04:00.000Z,GC,4356.89990234375,4358.39990234375,4355.89990234375,4356.39990234375,100
2026-06-09T03:05:00.000Z,GC,4356.10009765625,4359.7998046875,4355.2001953125,4358.60009765625,225
2026-06-09T03:06:00.000Z,GC,4358.5,4364.7001953125,4358.5,4364.0,168
2026-06-09T03:07:00.000Z,GC,4364.10009765625,4366.0,4362.7001953125,4363.10009765625,97
2026-06-09T03:08:00.000Z,GC,4363.10009765625,4363.7998046875,4361.89990234375,4361.89990234375,40
2026-06-09T03:09:00.000Z,GC,4361.89990234375,4362.39990234375,4361.60009765625,4362.2001953125,14
2026-06-09T03:10:00.000Z,GC,4362.7998046875,4363.5,4362.39990234375,4362.39990234375,25
2026-06-09T03:11:00.000Z,GC,4362.2998046875,4363.5,4361.5,4363.39990234375,23
2026-06-09T03:12:00.000Z,GC,4363.60009765625,4363.7998046875,4362.39990234375,4363.60009765625,56
2026-06-09T03:13:00.000Z,GC,4363.7001953125,4364.5,4362.89990234375,4363.39990234375,33
2026-06-09T03:14:00.000Z,GC,4363.7001953125,4363.7001953125,4362.2998046875,4362.7998046875,24
2026-06-09T03:15:00.000Z,GC,4364.2998046875,4366.5,4364.2001953125,4365.0,110
2026-06-09T03:16:00.000Z,GC,4365.39990234375,4366.2001953125,4364.60009765625,4365.2001953125,29
2026-06-09T03:17:00.000Z,GC,4365.0,4365.10009765625,4363.7998046875,4364.10009765625,27
2026-06-09T03:18:00.000Z,GC,4364.2998046875,4365.7998046875,4363.89990234375,4365.5,42
2026-06-09T03:19:00.000Z,GC,4365.7998046875,4365.7998046875,4364.0,4364.0,23
2026-06-09T03:20:00.000Z,GC,4363.89990234375,4364.60009765625,4363.89990234375,4364.10009765625,7
2026-06-09T03:21:00.000Z,GC,4363.60009765625,4363.60009765625,4361.0,4362.39990234375,32
2026-06-09T03:22:00.000Z,GC,4362.0,4362.0,4360.5,4360.89990234375,24
2026-06-09T03:23:00.000Z,GC,4361.10009765625,4361.39990234375,4359.39990234375,4359.5,26
2026-06-09T03:24:00.000Z,GC,4358.60009765625,4359.2001953125,4357.7001953125,4358.89990234375,48
2026-06-09T03:25:00.000Z,GC,4358.7998046875,4359.39990234375,4358.2998046875,4359.2001953125,42
2026-06-09T03:26:00.000Z,GC,4359.2998046875,4360.2001953125,4358.5,4360.2001953125,56
2026-06-09T03:27:00.000Z,GC,4360.10009765625,4361.2998046875,4359.60009765625,4361.10009765625,13
2026-06-09T03:28:00.000Z,GC,4361.2998046875,4361.5,4360.10009765625,4360.2998046875,65
2026-06-09T03:29:00.000Z,GC,4360.2001953125,4361.10009765625,4360.0,4360.7001953125,80
2026-06-09T03:30:00.000Z,GC,4361.10009765625,4362.10009765625,4360.7998046875,4361.2001953125,42
2026-06-09T03:31:00.000Z,GC,4360.89990234375,4361.5,4359.7998046875,4360.5,85
2026-06-09T03:32:00.000Z,GC,4360.5,4360.7001953125,4359.10009765625,4359.10009765625,50
2026-06-09T03:33:00.000Z,GC,4358.7998046875,4360.0,4358.0,4358.7998046875,40
2026-06-09T03:34:00.000Z,GC,4358.7001953125,4358.7998046875,4358.0,4358.2001953125,21
2026-06-09T03:35:00.000Z,GC,4358.2998046875,4358.60009765625,4357.89990234375,4358.60009765625,13
2026-06-09T03:36:00.000Z,GC,4358.10009765625,4358.60009765625,4357.7998046875,4358.39990234375,21
2026-06-09T03:37:00.000Z,GC,4358.5,4361.10009765625,4358.5,4360.7001953125,54
2026-06-09T03:38:00.000Z,GC,4360.60009765625,4360.60009765625,4359.5,4359.89990234375,13
2026-06-09T03:39:00.000Z,GC,4359.7001953125,4359.7001953125,4359.5,4359.7001953125,4
2026-06-09T03:40:00.000Z,GC,4359.2001953125,4360.2001953125,4359.2001953125,4360.2001953125,17
2026-06-09T03:41:00.000Z,GC,4360.5,4360.5,4359.5,4360.10009765625,13
2026-06-09T03:42:00.000Z,GC,4360.0,4360.0,4359.5,4359.5,11
2026-06-09T03:43:00.000Z,GC,4359.2998046875,4360.5,4359.10009765625,4360.10009765625,43
2026-06-09T03:44:00.000Z,GC,4360.5,4362.2998046875,4360.2998046875,4361.89990234375,38
2026-06-09T03:45:00.000Z,GC,4362.2998046875,4363.2998046875,4362.2998046875,4363.2998046875,32
2026-06-09T03:46:00.000Z,GC,4363.2998046875,4365.5,4363.0,4365.5,77
2026-06-09T03:47:00.000Z,GC,4365.5,4366.39990234375,4364.10009765625,4364.10009765625,57
2026-06-09T03:48:00.000Z,GC,4364.2001953125,4364.2998046875,4363.60009765625,4363.60009765625,22
2026-06-09T03:49:00.000Z,GC,4363.7001953125,4363.7001953125,4363.2001953125,4363.5,7
2026-06-09T03:50:00.000Z,GC,4363.39990234375,4363.60009765625,4362.5,4362.7998046875,10
2026-06-09T03:51:00.000Z,GC,4362.0,4362.2001953125,4361.7998046875,4362.0,10
2026-06-09T03:52:00.000Z,GC,4362.2001953125,4362.2001953125,4361.5,4362.0,9
2026-06-09T03:53:00.000Z,GC,4362.39990234375,4364.5,4362.39990234375,4364.0,36
2026-06-09T03:54:00.000Z,GC,4364.2001953125,4364.7998046875,4364.0,4364.0,15
2026-06-09T03:55:00.000Z,GC,4363.60009765625,4363.7998046875,4363.0,4363.0,21
2026-06-09T03:56:00.000Z,GC,4362.89990234375,4364.2998046875,4362.89990234375,4363.10009765625,80
2026-06-09T03:57:00.000Z,GC,4363.60009765625,4364.5,4362.5,4362.7998046875,82
2026-06-09T03:58:00.000Z,GC,4363.2001953125,4363.2998046875,4359.0,4359.7998046875,118
2026-06-09T04:00:00.000Z,GC,4360.7998046875,4360.7998046875,4357.7998046875,4358.2998046875,78
2026-06-09T04:01:00.000Z,GC,4358.7001953125,4359.7001953125,4358.7001953125,4359.10009765625,35
2026-06-09T04:02:00.000Z,GC,4359.2001953125,4359.2998046875,4358.39990234375,4359.0,48
2026-06-09T04:03:00.000Z,GC,4358.89990234375,4359.7998046875,4358.89990234375,4359.2998046875,15
2026-06-09T04:04:00.000Z,GC,4359.5,4359.7998046875,4358.60009765625,4359.7998046875,56
2026-06-09T04:05:00.000Z,GC,4359.60009765625,4359.7001953125,4359.2998046875,4359.5,10
2026-06-09T04:06:00.000Z,GC,4360.39990234375,4360.7001953125,4360.2998046875,4360.39990234375,17
2026-06-09T04:07:00.000Z,GC,4360.60009765625,4360.60009765625,4359.89990234375,4360.0,17
2026-06-09T04:08:00.000Z,GC,4360.0,4361.7998046875,4359.7001953125,4361.39990234375,50
2026-06-09T04:09:00.000Z,GC,4361.7001953125,4362.2998046875,4361.39990234375,4361.7998046875,29
2026-06-09T04:10:00.000Z,GC,4361.7998046875,4361.7998046875,4361.2998046875,4361.5,11
2026-06-09T04:11:00.000Z,GC,4361.89990234375,4364.10009765625,4361.7998046875,4362.60009765625,55
2026-06-09T04:12:00.000Z,GC,4362.89990234375,4363.5,4361.10009765625,4361.39990234375,69
2026-06-09T04:13:00.000Z,GC,4360.89990234375,4360.89990234375,4358.39990234375,4358.39990234375,55
2026-06-09T04:14:00.000Z,GC,4358.2001953125,4358.7001953125,4356.89990234375,4356.89990234375,59
2026-06-09T04:15:00.000Z,GC,4356.60009765625,4357.2998046875,4356.2001953125,4356.7998046875,39
2026-06-09T04:16:00.000Z,GC,4357.0,4357.0,4354.7001953125,4355.5,66
2026-06-09T04:17:00.000Z,GC,4355.5,4356.10009765625,4355.5,4356.10009765625,8
2026-06-09T04:18:00.000Z,GC,4356.0,4356.60009765625,4354.0,4354.5,45
2026-06-09T04:19:00.000Z,GC,4354.7001953125,4354.7001953125,4354.39990234375,4354.39990234375,17
2026-06-09T04:20:00.000Z,GC,4354.2998046875,4355.10009765625,4354.10009765625,4354.2998046875,31
2026-06-09T04:21:00.000Z,GC,4354.0,4354.0,4353.2001953125,4353.2001953125,14
2026-06-09T04:22:00.000Z,GC,4353.5,4355.10009765625,4353.5,4354.5,33
2026-06-09T04:23:00.000Z,GC,4354.39990234375,4355.89990234375,4354.39990234375,4355.2998046875,26
2026-06-09T04:24:00.000Z,GC,4355.2001953125,4355.7998046875,4355.0,4355.7998046875,9
2026-06-09T04:25:00.000Z,GC,4355.7998046875,4356.39990234375,4355.60009765625,4355.7001953125,24
2026-06-09T04:26:00.000Z,GC,4355.2001953125,4355.2001953125,4354.60009765625,4354.7001953125,18
2026-06-09T04:27:00.000Z,GC,4354.7998046875,4355.2998046875,4354.2998046875,4354.2998046875,16
2026-06-09T04:28:00.000Z,GC,4354.2998046875,4354.7998046875,4353.7001953125,4354.7998046875,18
2026-06-09T04:29:00.000Z,GC,4354.60009765625,4355.10009765625,4354.2001953125,4355.0,27
2026-06-09T04:30:00.000Z,GC,4355.2001953125,4355.2001953125,4352.2001953125,4352.39990234375,83
2026-06-09T04:31:00.000Z,GC,4352.60009765625,4353.2001953125,4350.39990234375,4350.89990234375,67
2026-06-09T04:32:00.000Z,GC,4350.89990234375,4351.39990234375,4350.10009765625,4350.60009765625,69
2026-06-09T04:33:00.000Z,GC,4350.39990234375,4351.10009765625,4349.10009765625,4349.2998046875,153
2026-06-09T04:34:00.000Z,GC,4349.60009765625,4349.7998046875,4348.60009765625,4349.5,131
2026-06-09T04:35:00.000Z,GC,4349.60009765625,4352.60009765625,4349.60009765625,4351.7998046875,106
2026-06-09T04:36:00.000Z,GC,4352.10009765625,4353.10009765625,4352.0,4352.60009765625,32
2026-06-09T04:37:00.000Z,GC,4352.60009765625,4353.5,4352.5,4352.5,46
2026-06-09T04:38:00.000Z,GC,4352.89990234375,4355.2998046875,4352.2998046875,4354.89990234375,76
2026-06-09T04:39:00.000Z,GC,4354.39990234375,4354.7001953125,4354.0,4354.39990234375,17
2026-06-09T04:40:00.000Z,GC,4354.2001953125,4354.2001953125,4353.10009765625,4353.89990234375,15
2026-06-09T04:41:00.000Z,GC,4353.39990234375,4353.39990234375,4352.5,4353.0,26
2026-06-09T04:42:00.000Z,GC,4353.10009765625,4353.39990234375,4352.39990234375,4353.0,16
2026-06-09T04:43:00.000Z,GC,4352.7998046875,4352.7998046875,4351.5,4351.7998046875,22
2026-06-09T04:44:00.000Z,GC,4351.7998046875,4352.60009765625,4351.7998046875,4352.60009765625,17
2026-06-09T04:45:00.000Z,GC,4352.2998046875,4352.2998046875,4351.60009765625,4351.60009765625,7
2026-06-09T04:46:00.000Z,GC,4351.89990234375,4353.7998046875,4351.89990234375,4353.2998046875,14
2026-06-09T04:47:00.000Z,GC,4353.2998046875,4353.5,4353.2998046875,4353.5,2
2026-06-09T04:48:00.000Z,GC,4353.10009765625,4353.5,4353.0,4353.10009765625,8
2026-06-09T04:49:00.000Z,GC,4353.5,4353.60009765625,4352.7001953125,4353.60009765625,14
2026-06-09T04:50:00.000Z,GC,4353.5,4356.0,4353.5,4354.89990234375,45
2026-06-09T04:51:00.000Z,GC,4354.7001953125,4354.7001953125,4353.39990234375,4354.10009765625,11
2026-06-09T04:52:00.000Z,GC,4353.7001953125,4354.2001953125,4353.7001953125,4353.7998046875,16
2026-06-09T04:53:00.000Z,GC,4353.7998046875,4353.7998046875,4352.2998046875,4352.7001953125,19
2026-06-09T04:54:00.000Z,GC,4352.7001953125,4352.7998046875,4351.89990234375,4352.0,19
2026-06-09T04:55:00.000Z,GC,4352.2998046875,4352.2998046875,4350.89990234375,4351.39990234375,37
2026-06-09T04:56:00.000Z,GC,4351.5,4354.60009765625,4351.5,4354.10009765625,66
2026-06-09T04:57:00.000Z,GC,4353.89990234375,4354.2998046875,4353.7001953125,4354.0,13
2026-06-09T04:58:00.000Z,GC,4354.10009765625,4354.2001953125,4352.2998046875,4353.10009765625,34
2026-06-09T04:59:00.000Z,GC,4352.89990234375,4357.2998046875,4352.60009765625,4356.5,161
2026-06-09T05:00:00.000Z,GC,4356.89990234375,4361.60009765625,4356.7001953125,4359.5,156
2026-06-09T05:01:00.000Z,GC,4359.60009765625,4359.60009765625,4358.0,4358.89990234375,53
2026-06-09T05:02:00.000Z,GC,4358.7998046875,4359.5,4358.7998046875,4359.39990234375,14
2026-06-09T05:03:00.000Z,GC,4359.5,4360.89990234375,4359.2998046875,4360.0,63
2026-06-09T05:04:00.000Z,GC,4359.7001953125,4360.39990234375,4359.0,4360.0,35
2026-06-09T05:05:00.000Z,GC,4360.39990234375,4360.7998046875,4359.89990234375,4360.2998046875,20
2026-06-09T05:06:00.000Z,GC,4359.7998046875,4361.2998046875,4359.7998046875,4360.5,11
2026-06-09T05:07:00.000Z,GC,4360.2001953125,4360.2001953125,4359.2998046875,4359.5,17
2026-06-09T05:08:00.000Z,GC,4359.60009765625,4360.39990234375,4359.0,4359.0,32
2026-06-09T05:09:00.000Z,GC,4359.2001953125,4359.7998046875,4357.0,4357.0,28
2026-06-09T05:10:00.000Z,GC,4356.7998046875,4358.0,4356.60009765625,4357.39990234375,18
2026-06-09T05:11:00.000Z,GC,4357.60009765625,4358.5,4357.2001953125,4358.10009765625,19
2026-06-09T05:12:00.000Z,GC,4357.7001953125,4358.10009765625,4356.2001953125,4356.2001953125,43
2026-06-09T05:13:00.000Z,GC,4355.89990234375,4356.5,4355.2001953125,4355.7998046875,46
2026-06-09T05:14:00.000Z,GC,4355.7998046875,4356.39990234375,4355.2998046875,4355.60009765625,15
2026-06-09T05:15:00.000Z,GC,4355.60009765625,4356.7001953125,4355.60009765625,4356.2998046875,11
2026-06-09T05:16:00.000Z,GC,4356.2998046875,4357.39990234375,4356.2998046875,4357.0,9
2026-06-09T05:17:00.000Z,GC,4356.7998046875,4356.7998046875,4354.7998046875,4355.7001953125,29
2026-06-09T05:18:00.000Z,GC,4356.10009765625,4357.89990234375,4356.10009765625,4357.7998046875,31
2026-06-09T05:19:00.000Z,GC,4357.89990234375,4358.89990234375,4357.5,4357.5,21
2026-06-09T05:20:00.000Z,GC,4357.7998046875,4359.7998046875,4357.7998046875,4359.0,29
2026-06-09T05:21:00.000Z,GC,4358.89990234375,4359.0,4357.2998046875,4357.2998046875,24
2026-06-09T05:22:00.000Z,GC,4357.7001953125,4358.2001953125,4355.39990234375,4356.0,23
2026-06-09T05:23:00.000Z,GC,4355.89990234375,4357.2001953125,4355.89990234375,4356.7001953125,27
2026-06-09T05:24:00.000Z,GC,4356.60009765625,4358.0,4356.5,4357.5,46
2026-06-09T05:25:00.000Z,GC,4357.7998046875,4358.0,4357.0,4357.0,12
2026-06-09T05:26:00.000Z,GC,4356.2998046875,4356.2998046875,4356.2998046875,4356.2998046875,1
2026-06-09T05:27:00.000Z,GC,4357.39990234375,4357.39990234375,4356.39990234375,4356.89990234375,20
2026-06-09T05:28:00.000Z,GC,4356.7998046875,4357.7998046875,4356.60009765625,4357.5,33
2026-06-09T05:29:00.000Z,GC,4357.7001953125,4358.10009765625,4356.60009765625,4356.7998046875,30
2026-06-09T05:30:00.000Z,GC,4356.2998046875,4359.0,4355.7001953125,4358.5,134
2026-06-09T05:31:00.000Z,GC,4357.39990234375,4362.2001953125,4356.7001953125,4361.2998046875,71
2026-06-09T05:32:00.000Z,GC,4360.89990234375,4368.0,4360.2998046875,4364.89990234375,284
2026-06-09T05:33:00.000Z,GC,4365.2001953125,4368.10009765625,4363.2001953125,4363.39990234375,164
2026-06-09T05:34:00.000Z,GC,4364.2998046875,4368.2001953125,4364.2998046875,4366.7998046875,62
2026-06-09T05:35:00.000Z,GC,4367.2998046875,4368.39990234375,4365.7998046875,4366.39990234375,64
2026-06-09T05:36:00.000Z,GC,4366.5,4367.5,4365.60009765625,4365.7001953125,48
2026-06-09T05:37:00.000Z,GC,4366.10009765625,4366.7001953125,4365.39990234375,4366.7001953125,33
2026-06-09T05:38:00.000Z,GC,4367.10009765625,4367.2001953125,4364.10009765625,4364.7998046875,29
2026-06-09T05:39:00.000Z,GC,4365.2998046875,4367.5,4365.2998046875,4367.5,20
2026-06-09T05:40:00.000Z,GC,4368.0,4369.60009765625,4367.10009765625,4367.7001953125,61
2026-06-09T05:41:00.000Z,GC,4367.10009765625,4371.2001953125,4366.7998046875,4370.2001953125,98
2026-06-09T05:42:00.000Z,GC,4370.39990234375,4373.89990234375,4370.39990234375,4372.89990234375,235
2026-06-09T05:43:00.000Z,GC,4372.60009765625,4375.7001953125,4372.39990234375,4375.5,99
2026-06-09T05:44:00.000Z,GC,4374.7998046875,4374.7998046875,4372.10009765625,4372.7001953125,100
2026-06-09T05:45:00.000Z,GC,4373.2001953125,4373.60009765625,4367.7001953125,4368.2001953125,140
2026-06-09T05:46:00.000Z,GC,4367.89990234375,4370.5,4367.7001953125,4369.7998046875,105
2026-06-09T05:47:00.000Z,GC,4369.5,4370.0,4368.7998046875,4369.0,65
2026-06-09T05:48:00.000Z,GC,4368.89990234375,4369.5,4367.39990234375,4369.0,90
2026-06-09T05:49:00.000Z,GC,4369.10009765625,4371.5,4368.7001953125,4371.39990234375,56
2026-06-09T05:50:00.000Z,GC,4368.7998046875,4369.60009765625,4367.60009765625,4368.10009765625,51
2026-06-09T05:51:00.000Z,GC,4368.2001953125,4369.0,4368.2001953125,4368.60009765625,23
2026-06-09T05:52:00.000Z,GC,4369.0,4370.2001953125,4368.5,4368.89990234375,86
2026-06-09T05:53:00.000Z,GC,4369.2001953125,4369.2001953125,4367.5,4368.5,53
2026-06-09T05:54:00.000Z,GC,4368.5,4370.60009765625,4368.0,4370.0,42
2026-06-09T05:55:00.000Z,GC,4369.60009765625,4369.60009765625,4366.2998046875,4366.7001953125,52
2026-06-09T05:56:00.000Z,GC,4366.2998046875,4367.89990234375,4365.89990234375,4367.5,43
2026-06-09T05:57:00.000Z,GC,4367.10009765625,4368.10009765625,4367.0,4367.7001953125,34
2026-06-09T05:58:00.000Z,GC,4367.5,4369.7998046875,4367.2998046875,4368.2998046875,34
2026-06-09T05:59:00.000Z,GC,4368.2001953125,4368.89990234375,4367.39990234375,4367.89990234375,46
2026-06-09T06:00:00.000Z,GC,4368.10009765625,4371.0,4367.39990234375,4369.5,78
2026-06-09T06:01:00.000Z,GC,4369.89990234375,4371.5,4369.7001953125,4371.2998046875,80
2026-06-09T06:02:00.000Z,GC,4371.5,4373.2001953125,4370.7998046875,4371.2998046875,78
2026-06-09T06:03:00.000Z,GC,4371.5,4372.5,4370.89990234375,4372.5,62
2026-06-09T06:04:00.000Z,GC,4372.5,4373.2001953125,4368.89990234375,4369.39990234375,139
2026-06-09T06:05:00.000Z,GC,4369.0,4371.39990234375,4369.0,4370.39990234375,35
2026-06-09T06:06:00.000Z,GC,4370.2001953125,4370.60009765625,4369.39990234375,4370.60009765625,26
2026-06-09T06:07:00.000Z,GC,4371.0,4371.10009765625,4368.7001953125,4369.10009765625,55
2026-06-09T06:08:00.000Z,GC,4370.39990234375,4371.10009765625,4369.7001953125,4370.2001953125,11
2026-06-09T06:09:00.000Z,GC,4369.7001953125,4369.7001953125,4368.2001953125,4368.39990234375,30
2026-06-09T06:10:00.000Z,GC,4368.39990234375,4369.0,4368.0,4368.2998046875,33
2026-06-09T06:11:00.000Z,GC,4368.89990234375,4369.10009765625,4366.5,4366.7998046875,34
2026-06-09T06:12:00.000Z,GC,4366.7998046875,4367.7998046875,4366.7998046875,4367.2998046875,12
2026-06-09T06:13:00.000Z,GC,4367.5,4367.7001953125,4364.2998046875,4365.39990234375,98
2026-06-09T06:14:00.000Z,GC,4365.60009765625,4366.10009765625,4365.39990234375,4365.39990234375,73
2026-06-09T06:15:00.000Z,GC,4365.2998046875,4367.2001953125,4365.2001953125,4366.89990234375,70
2026-06-09T06:16:00.000Z,GC,4367.5,4367.89990234375,4367.0,4367.0,13
2026-06-09T06:17:00.000Z,GC,4366.89990234375,4368.0,4366.7001953125,4367.2998046875,47
2026-06-09T06:18:00.000Z,GC,4367.5,4367.7001953125,4366.2998046875,4367.7001953125,53
2026-06-09T06:19:00.000Z,GC,4367.0,4367.7001953125,4366.7001953125,4367.2998046875,69
2026-06-09T06:20:00.000Z,GC,4367.2001953125,4367.2001953125,4365.10009765625,4366.10009765625,38
2026-06-09T06:21:00.000Z,GC,4366.39990234375,4368.2001953125,4366.2998046875,4368.2001953125,111
2026-06-09T06:22:00.000Z,GC,4368.7001953125,4369.2998046875,4367.7998046875,4369.0,46
2026-06-09T06:23:00.000Z,GC,4368.89990234375,4370.2998046875,4367.7998046875,4368.60009765625,61
2026-06-09T06:24:00.000Z,GC,4368.60009765625,4369.7001953125,4368.60009765625,4369.0,31
2026-06-09T06:25:00.000Z,GC,4369.39990234375,4369.39990234375,4367.7998046875,4368.2998046875,18
2026-06-09T06:26:00.000Z,GC,4367.89990234375,4368.10009765625,4366.5,4367.2001953125,89
2026-06-09T06:27:00.000Z,GC,4367.2001953125,4367.5,4365.60009765625,4365.7001953125,14
2026-06-09T06:28:00.000Z,GC,4365.39990234375,4366.10009765625,4362.7998046875,4362.7998046875,118
2026-06-09T06:29:00.000Z,GC,4362.7001953125,4363.89990234375,4362.60009765625,4363.5,40
2026-06-09T06:30:00.000Z,GC,4363.2998046875,4363.5,4358.7998046875,4359.10009765625,167
2026-06-09T06:31:00.000Z,GC,4358.7998046875,4359.7001953125,4356.7001953125,4358.10009765625,177
2026-06-09T06:32:00.000Z,GC,4358.10009765625,4358.7998046875,4356.7001953125,4357.2001953125,66
2026-06-09T06:33:00.000Z,GC,4357.2998046875,4358.39990234375,4357.0,4357.0,49
2026-06-09T06:34:00.000Z,GC,4357.39990234375,4359.0,4356.0,4357.7001953125,85
2026-06-09T06:35:00.000Z,GC,4357.7001953125,4362.7998046875,4357.2998046875,4362.5,223
2026-06-09T06:36:00.000Z,GC,4362.5,4363.60009765625,4361.10009765625,4361.10009765625,54
2026-06-09T06:37:00.000Z,GC,4361.39990234375,4362.5,4361.0,4361.60009765625,47
2026-06-09T06:38:00.000Z,GC,4362.0,4362.2998046875,4360.5,4361.10009765625,44
2026-06-09T06:39:00.000Z,GC,4361.2998046875,4362.89990234375,4361.2998046875,4361.89990234375,26
2026-06-09T06:40:00.000Z,GC,4361.7001953125,4362.89990234375,4361.60009765625,4361.89990234375,32
2026-06-09T06:41:00.000Z,GC,4361.60009765625,4362.0,4360.39990234375,4361.5,31
2026-06-09T06:42:00.000Z,GC,4361.2001953125,4361.7001953125,4360.10009765625,4361.60009765625,43
2026-06-09T06:43:00.000Z,GC,4360.7998046875,4360.7998046875,4358.5,4358.5,36
2026-06-09T06:44:00.000Z,GC,4358.7998046875,4360.89990234375,4358.7998046875,4360.89990234375,46
2026-06-09T06:45:00.000Z,GC,4360.89990234375,4362.89990234375,4360.89990234375,4362.2001953125,106
2026-06-09T06:46:00.000Z,GC,4361.7998046875,4362.10009765625,4360.39990234375,4360.5,33
2026-06-09T06:47:00.000Z,GC,4360.7001953125,4361.60009765625,4360.7001953125,4361.60009765625,24
2026-06-09T06:48:00.000Z,GC,4361.7998046875,4362.5,4361.7998046875,4362.2001953125,24
2026-06-09T06:49:00.000Z,GC,4362.39990234375,4364.2998046875,4362.2998046875,4363.39990234375,41
2026-06-09T06:50:00.000Z,GC,4363.10009765625,4363.39990234375,4360.0,4361.2001953125,104
2026-06-09T06:51:00.000Z,GC,4361.2998046875,4361.7001953125,4361.0,4361.2001953125,18
2026-06-09T06:52:00.000Z,GC,4361.39990234375,4362.0,4361.39990234375,4361.5,12
2026-06-09T06:53:00.000Z,GC,4361.39990234375,4361.39990234375,4359.5,4359.5,25
2026-06-09T06:54:00.000Z,GC,4359.7998046875,4360.5,4358.60009765625,4359.39990234375,35
2026-06-09T06:55:00.000Z,GC,4359.10009765625,4360.2001953125,4357.7998046875,4358.5,71
2026-06-09T06:56:00.000Z,GC,4358.10009765625,4358.7001953125,4357.39990234375,4358.10009765625,79
2026-06-09T06:57:00.000Z,GC,4357.89990234375,4358.89990234375,4357.60009765625,4358.89990234375,50
2026-06-09T06:58:00.000Z,GC,4358.2998046875,4358.5,4355.2998046875,4355.2998046875,67
2026-06-09T06:59:00.000Z,GC,4355.0,4355.2998046875,4354.10009765625,4354.39990234375,97
2026-06-09T07:00:00.000Z,GC,4354.39990234375,4356.2998046875,4352.39990234375,4355.89990234375,152
2026-06-09T07:01:00.000Z,GC,4355.2998046875,4355.39990234375,4353.7998046875,4355.2998046875,81
2026-06-09T07:02:00.000Z,GC,4354.89990234375,4355.89990234375,4353.60009765625,4355.2998046875,44
2026-06-09T07:03:00.000Z,GC,4355.5,4358.89990234375,4355.5,4357.60009765625,94
2026-06-09T07:04:00.000Z,GC,4357.2998046875,4357.39990234375,4355.2998046875,4355.5,89
2026-06-09T07:05:00.000Z,GC,4355.7998046875,4356.0,4353.7998046875,4354.7998046875,164
2026-06-09T07:06:00.000Z,GC,4354.89990234375,4355.5,4354.5,4355.2998046875,53
2026-06-09T07:07:00.000Z,GC,4355.5,4357.7001953125,4355.5,4356.39990234375,46
2026-06-09T07:08:00.000Z,GC,4356.39990234375,4356.5,4355.10009765625,4355.60009765625,47
2026-06-09T07:09:00.000Z,GC,4355.39990234375,4356.5,4355.2998046875,4356.5,29
2026-06-09T07:10:00.000Z,GC,4356.10009765625,4356.2998046875,4352.5,4352.5,63
2026-06-09T07:11:00.000Z,GC,4352.7001953125,4354.60009765625,4352.7001953125,4354.0,73
2026-06-09T07:12:00.000Z,GC,4353.7001953125,4354.7001953125,4353.5,4353.7998046875,14
2026-06-09T07:13:00.000Z,GC,4354.10009765625,4354.60009765625,4352.0,4353.2001953125,51
2026-06-09T07:14:00.000Z,GC,4353.10009765625,4353.39990234375,4350.39990234375,4350.39990234375,155
2026-06-09T07:15:00.000Z,GC,4350.39990234375,4350.7001953125,4346.60009765625,4347.60009765625,308
2026-06-09T07:16:00.000Z,GC,4347.5,4351.0,4347.2998046875,4350.2001953125,106
2026-06-09T07:17:00.000Z,GC,4350.10009765625,4351.7001953125,4349.60009765625,4351.7001953125,56
2026-06-09T07:18:00.000Z,GC,4352.0,4353.60009765625,4351.7998046875,4353.2001953125,62
2026-06-09T07:19:00.000Z,GC,4353.0,4353.2001953125,4351.89990234375,4352.60009765625,70
2026-06-09T07:20:00.000Z,GC,4352.39990234375,4353.7998046875,4351.2001953125,4351.2001953125,84
2026-06-09T07:21:00.000Z,GC,4351.10009765625,4352.10009765625,4349.7001953125,4352.10009765625,102
2026-06-09T07:22:00.000Z,GC,4351.89990234375,4354.39990234375,4351.7001953125,4353.60009765625,26
2026-06-09T07:23:00.000Z,GC,4353.60009765625,4353.7998046875,4352.5,4352.7001953125,45
2026-06-09T07:24:00.000Z,GC,4352.5,4353.7998046875,4352.0,4353.7998046875,76
2026-06-09T07:25:00.000Z,GC,4353.89990234375,4354.5,4352.60009765625,4353.60009765625,66
2026-06-09T07:26:00.000Z,GC,4353.5,4354.2001953125,4353.10009765625,4353.60009765625,29
2026-06-09T07:27:00.000Z,GC,4353.89990234375,4354.10009765625,4352.89990234375,4353.7998046875,32
2026-06-09T07:28:00.000Z,GC,4353.89990234375,4355.0,4353.60009765625,4354.2998046875,33
2026-06-09T07:29:00.000Z,GC,4354.7998046875,4356.0,4354.7001953125,4354.7998046875,36
2026-06-09T07:30:00.000Z,GC,4355.10009765625,4355.10009765625,4353.2001953125,4353.2001953125,39
2026-06-09T07:31:00.000Z,GC,4353.2001953125,4353.7001953125,4351.0,4351.0,49
2026-06-09T07:32:00.000Z,GC,4351.2001953125,4351.2001953125,4349.89990234375,4350.5,45
2026-06-09T07:33:00.000Z,GC,4349.0,4351.2001953125,4348.7998046875,4350.2001953125,40
2026-06-09T07:34:00.000Z,GC,4350.10009765625,4350.7998046875,4349.39990234375,4350.2001953125,56
2026-06-09T07:35:00.000Z,GC,4350.10009765625,4350.10009765625,4347.5,4347.89990234375,91
2026-06-09T07:36:00.000Z,GC,4348.10009765625,4350.2998046875,4348.10009765625,4349.89990234375,81
2026-06-09T07:37:00.000Z,GC,4349.89990234375,4350.0,4346.7001953125,4347.7998046875,59
2026-06-09T07:38:00.000Z,GC,4347.89990234375,4349.7998046875,4347.7998046875,4348.60009765625,104
2026-06-09T07:39:00.000Z,GC,4348.2001953125,4349.5,4346.0,4349.39990234375,149
2026-06-09T07:40:00.000Z,GC,4349.39990234375,4349.7998046875,4348.60009765625,4349.60009765625,32
2026-06-09T07:41:00.000Z,GC,4349.2998046875,4351.5,4348.89990234375,4350.39990234375,47
2026-06-09T07:42:00.000Z,GC,4350.5,4351.39990234375,4350.5,4351.10009765625,18
2026-06-09T07:43:00.000Z,GC,4351.5,4351.7998046875,4350.2998046875,4351.0,27
2026-06-09T07:44:00.000Z,GC,4351.2001953125,4352.2001953125,4350.2998046875,4352.2001953125,23
2026-06-09T07:45:00.000Z,GC,4351.7001953125,4353.89990234375,4351.7001953125,4353.2001953125,30
2026-06-09T07:46:00.000Z,GC,4352.7998046875,4352.89990234375,4351.7998046875,4352.10009765625,92
2026-06-09T07:47:00.000Z,GC,4352.10009765625,4352.2001953125,4351.7001953125,4351.7001953125,12
2026-06-09T07:48:00.000Z,GC,4351.7001953125,4352.5,4349.7998046875,4349.7998046875,37
2026-06-09T07:49:00.000Z,GC,4350.10009765625,4350.7998046875,4349.60009765625,4349.89990234375,30
2026-06-09T07:50:00.000Z,GC,4349.5,4351.7998046875,4348.89990234375,4351.7998046875,34
2026-06-09T07:51:00.000Z,GC,4351.7998046875,4352.5,4351.5,4352.5,40
2026-06-09T07:52:00.000Z,GC,4352.10009765625,4352.2001953125,4349.0,4349.89990234375,34
2026-06-09T07:53:00.000Z,GC,4350.0,4353.39990234375,4349.7001953125,4352.0,88
2026-06-09T07:54:00.000Z,GC,4351.60009765625,4352.2998046875,4350.7998046875,4351.7001953125,20
2026-06-09T07:55:00.000Z,GC,4351.89990234375,4352.5,4350.60009765625,4351.2001953125,36
2026-06-09T07:56:00.000Z,GC,4351.5,4351.7001953125,4350.89990234375,4350.89990234375,26
2026-06-09T07:57:00.000Z,GC,4350.60009765625,4350.7998046875,4349.39990234375,4350.2998046875,55
2026-06-09T07:58:00.000Z,GC,4350.2998046875,4351.10009765625,4350.10009765625,4350.60009765625,58
2026-06-09T07:59:00.000Z,GC,4350.7001953125,4350.7001953125,4349.7001953125,4350.2001953125,56
2026-06-09T08:00:00.000Z,GC,4350.10009765625,4350.7001953125,4348.5,4348.5,74
2026-06-09T08:01:00.000Z,GC,4348.60009765625,4348.89990234375,4346.2001953125,4348.89990234375,134
2026-06-09T08:02:00.000Z,GC,4348.89990234375,4349.2998046875,4346.5,4346.7998046875,43
2026-06-09T08:03:00.000Z,GC,4347.2998046875,4349.5,4347.2998046875,4348.7001953125,64
2026-06-09T08:04:00.000Z,GC,4348.39990234375,4348.60009765625,4346.2998046875,4347.10009765625,36
2026-06-09T08:05:00.000Z,GC,4346.2998046875,4346.2998046875,4344.7001953125,4345.2998046875,77
2026-06-09T08:06:00.000Z,GC,4345.5,4347.2001953125,4345.39990234375,4346.10009765625,59
2026-06-09T08:07:00.000Z,GC,4346.0,4348.0,4344.5,4348.0,136
2026-06-09T08:08:00.000Z,GC,4347.7001953125,4349.7998046875,4347.2998046875,4349.5,82
2026-06-09T08:09:00.000Z,GC,4349.5,4350.5,4349.0,4350.10009765625,56
2026-06-09T08:10:00.000Z,GC,4350.2001953125,4352.0,4349.7998046875,4351.5,60
2026-06-09T08:11:00.000Z,GC,4351.7998046875,4354.10009765625,4351.7001953125,4353.7001953125,60
2026-06-09T08:12:00.000Z,GC,4353.60009765625,4360.0,4353.5,4359.2001953125,309
2026-06-09T08:13:00.000Z,GC,4359.0,4359.5,4354.60009765625,4355.60009765625,163
2026-06-09T08:14:00.000Z,GC,4355.2998046875,4355.7998046875,4354.60009765625,4355.7998046875,94
2026-06-09T08:15:00.000Z,GC,4355.7001953125,4357.7001953125,4355.39990234375,4357.7001953125,118
2026-06-09T08:16:00.000Z,GC,4357.7998046875,4358.89990234375,4356.60009765625,4357.10009765625,74
2026-06-09T08:17:00.000Z,GC,4357.0,4357.0,4355.60009765625,4355.7001953125,23
2026-06-09T08:18:00.000Z,GC,4355.5,4357.60009765625,4355.10009765625,4356.5,78
2026-06-09T08:19:00.000Z,GC,4356.39990234375,4356.60009765625,4355.2998046875,4356.0,47
2026-06-09T08:20:00.000Z,GC,4356.2001953125,4356.60009765625,4355.7998046875,4356.39990234375,37
2026-06-09T08:21:00.000Z,GC,4356.2998046875,4358.2001953125,4356.0,4357.7998046875,46
2026-06-09T08:22:00.000Z,GC,4357.2001953125,4357.39990234375,4356.0,4357.2001953125,32
2026-06-09T08:23:00.000Z,GC,4357.2998046875,4357.7998046875,4356.7001953125,4357.5,33
2026-06-09T08:24:00.000Z,GC,4356.89990234375,4356.89990234375,4355.60009765625,4355.7001953125,21
2026-06-09T08:25:00.000Z,GC,4355.7998046875,4357.10009765625,4355.2998046875,4355.2998046875,18
2026-06-09T08:26:00.000Z,GC,4355.7001953125,4357.2998046875,4355.2001953125,4356.7001953125,40
2026-06-09T08:27:00.000Z,GC,4357.0,4358.10009765625,4356.7998046875,4356.89990234375,44
2026-06-09T08:28:00.000Z,GC,4357.10009765625,4358.2001953125,4356.5,4358.2001953125,57
2026-06-09T08:29:00.000Z,GC,4358.0,4359.10009765625,4357.7001953125,4357.7001953125,36
2026-06-09T08:30:00.000Z,GC,4358.0,4359.7001953125,4358.0,4359.2998046875,24
2026-06-09T08:31:00.000Z,GC,4358.89990234375,4359.2998046875,4357.7001953125,4357.7998046875,55
2026-06-09T08:32:00.000Z,GC,4357.89990234375,4358.7001953125,4357.2998046875,4358.2998046875,27
2026-06-09T08:33:00.000Z,GC,4358.5,4358.60009765625,4357.60009765625,4357.7998046875,18
2026-06-09T08:34:00.000Z,GC,4357.2001953125,4357.2001953125,4354.7998046875,4355.0,54
2026-06-09T08:35:00.000Z,GC,4354.7998046875,4355.2001953125,4354.2001953125,4355.0,46
2026-06-09T08:36:00.000Z,GC,4355.10009765625,4355.60009765625,4354.10009765625,4355.2998046875,42
2026-06-09T08:37:00.000Z,GC,4355.10009765625,4356.5,4354.7998046875,4356.39990234375,34
2026-06-09T08:38:00.000Z,GC,4356.2998046875,4357.0,4355.89990234375,4357.0,12
2026-06-09T08:39:00.000Z,GC,4356.7001953125,4358.7001953125,4356.39990234375,4358.0,60
2026-06-09T08:40:00.000Z,GC,4358.10009765625,4358.10009765625,4357.2001953125,4357.5,17
2026-06-09T08:41:00.000Z,GC,4357.2998046875,4357.7001953125,4356.7998046875,4357.5,23
2026-06-09T08:42:00.000Z,GC,4357.7001953125,4359.2998046875,4357.39990234375,4359.10009765625,35
2026-06-09T08:43:00.000Z,GC,4359.39990234375,4360.7998046875,4359.0,4359.10009765625,59
2026-06-09T08:44:00.000Z,GC,4359.2001953125,4360.5,4358.60009765625,4358.60009765625,63
2026-06-09T08:45:00.000Z,GC,4358.7998046875,4359.0,4357.0,4357.0,34
2026-06-09T08:46:00.000Z,GC,4357.0,4357.0,4355.10009765625,4355.5,34
2026-06-09T08:47:00.000Z,GC,4355.60009765625,4355.89990234375,4353.89990234375,4354.2001953125,41
2026-06-09T08:48:00.000Z,GC,4354.0,4354.0,4351.7001953125,4351.7001953125,66
2026-06-09T08:49:00.000Z,GC,4351.39990234375,4352.39990234375,4350.89990234375,4351.7001953125,51
2026-06-09T08:50:00.000Z,GC,4351.7001953125,4351.7001953125,4349.2998046875,4350.89990234375,97
2026-06-09T08:51:00.000Z,GC,4350.89990234375,4353.10009765625,4350.7001953125,4352.2998046875,60
2026-06-09T08:52:00.000Z,GC,4351.89990234375,4352.39990234375,4351.60009765625,4352.2998046875,32
2026-06-09T08:53:00.000Z,GC,4352.2001953125,4353.60009765625,4352.10009765625,4353.60009765625,60
2026-06-09T08:54:00.000Z,GC,4353.2998046875,4353.60009765625,4352.5,4353.5,27
2026-06-09T08:55:00.000Z,GC,4353.60009765625,4353.60009765625,4352.10009765625,4352.5,36
2026-06-09T08:56:00.000Z,GC,4352.7001953125,4353.7998046875,4352.5,4353.39990234375,17
2026-06-09T08:57:00.000Z,GC,4353.39990234375,4354.2001953125,4351.2998046875,4351.39990234375,29
2026-06-09T08:58:00.000Z,GC,4351.2998046875,4351.2998046875,4350.7001953125,4350.89990234375,14
2026-06-09T08:59:00.000Z,GC,4350.60009765625,4351.2001953125,4350.2001953125,4350.39990234375,39
2026-06-09T09:00:00.000Z,GC,4350.2001953125,4350.5,4348.7001953125,4349.60009765625,40
2026-06-09T09:01:00.000Z,GC,4350.0,4351.0,4350.0,4351.0,42
2026-06-09T09:02:00.000Z,GC,4351.39990234375,4353.0,4351.39990234375,4352.10009765625,51
2026-06-09T09:03:00.000Z,GC,4352.0,4352.60009765625,4351.60009765625,4352.39990234375,28
2026-06-09T09:04:00.000Z,GC,4352.39990234375,4352.7001953125,4351.7001953125,4352.2998046875,29
2026-06-09T09:05:00.000Z,GC,4352.60009765625,4353.39990234375,4352.2998046875,4352.89990234375,11
2026-06-09T09:06:00.000Z,GC,4353.10009765625,4353.2001953125,4351.60009765625,4351.60009765625,17
2026-06-09T09:07:00.000Z,GC,4351.5,4351.5,4350.7001953125,4351.2001953125,41
2026-06-09T09:08:00.000Z,GC,4351.60009765625,4352.5,4351.0,4352.2998046875,29
2026-06-09T09:09:00.000Z,GC,4352.7001953125,4354.0,4352.7001953125,4354.0,7
2026-06-09T09:10:00.000Z,GC,4353.7998046875,4354.5,4353.39990234375,4354.2001953125,29
2026-06-09T09:11:00.000Z,GC,4354.10009765625,4354.10009765625,4353.39990234375,4353.7001953125,20
2026-06-09T09:12:00.000Z,GC,4353.89990234375,4354.5,4353.0,4353.7001953125,31
2026-06-09T09:13:00.000Z,GC,4353.2001953125,4353.2001953125,4351.60009765625,4352.10009765625,59
2026-06-09T09:14:00.000Z,GC,4351.39990234375,4352.0,4351.39990234375,4351.7998046875,16
2026-06-09T09:15:00.000Z,GC,4351.7001953125,4352.5,4351.7001953125,4352.10009765625,30
2026-06-09T09:16:00.000Z,GC,4352.10009765625,4352.39990234375,4351.7998046875,4352.39990234375,13
2026-06-09T09:17:00.000Z,GC,4352.39990234375,4352.89990234375,4352.2001953125,4352.7001953125,31
2026-06-09T09:18:00.000Z,GC,4352.39990234375,4353.0,4351.60009765625,4353.0,38
2026-06-09T09:19:00.000Z,GC,4353.39990234375,4354.2001953125,4353.39990234375,4353.5,22
2026-06-09T09:20:00.000Z,GC,4353.2998046875,4356.39990234375,4353.2998046875,4356.39990234375,84
2026-06-09T09:21:00.000Z,GC,4356.2001953125,4356.39990234375,4355.2001953125,4356.2001953125,92
2026-06-09T09:22:00.000Z,GC,4356.10009765625,4359.2998046875,4356.10009765625,4359.2001953125,124
2026-06-09T09:23:00.000Z,GC,4359.39990234375,4359.5,4358.0,4358.2001953125,42
2026-06-09T09:24:00.000Z,GC,4357.89990234375,4358.10009765625,4356.89990234375,4357.0,62
2026-06-09T09:25:00.000Z,GC,4357.10009765625,4357.5,4355.60009765625,4356.7001953125,173
2026-06-09T09:26:00.000Z,GC,4356.7998046875,4358.0,4356.39990234375,4357.7001953125,42
2026-06-09T09:27:00.000Z,GC,4357.2001953125,4357.2001953125,4353.7001953125,4353.7001953125,109
2026-06-09T09:28:00.000Z,GC,4353.7001953125,4354.0,4352.2001953125,4353.7998046875,94
2026-06-09T09:29:00.000Z,GC,4353.39990234375,4353.39990234375,4347.89990234375,4350.2001953125,390
2026-06-09T09:30:00.000Z,GC,4350.2001953125,4353.0,4349.39990234375,4352.0,318
2026-06-09T09:31:00.000Z,GC,4352.2001953125,4352.7001953125,4350.39990234375,4350.5,211
2026-06-09T09:32:00.000Z,GC,4350.7001953125,4352.89990234375,4350.39990234375,4351.10009765625,140
2026-06-09T09:33:00.000Z,GC,4350.89990234375,4352.10009765625,4349.39990234375,4351.5,110
2026-06-09T09:34:00.000Z,GC,4351.60009765625,4351.7001953125,4349.89990234375,4350.5,42
2026-06-09T09:35:00.000Z,GC,4350.0,4352.2998046875,4350.0,4351.7001953125,38
2026-06-09T09:36:00.000Z,GC,4351.60009765625,4353.39990234375,4351.5,4352.89990234375,72
2026-06-09T09:37:00.000Z,GC,4353.2998046875,4354.2998046875,4353.2998046875,4353.60009765625,28
2026-06-09T09:38:00.000Z,GC,4353.7001953125,4354.7001953125,4353.7001953125,4354.7001953125,37
2026-06-09T09:39:00.000Z,GC,4354.7001953125,4354.7001953125,4352.39990234375,4353.0,44
2026-06-09T09:40:00.000Z,GC,4352.89990234375,4353.60009765625,4352.2998046875,4352.7998046875,62
2026-06-09T09:41:00.000Z,GC,4353.2001953125,4353.7998046875,4352.89990234375,4353.0,39
2026-06-09T09:42:00.000Z,GC,4353.10009765625,4353.5,4352.39990234375,4352.7998046875,22
2026-06-09T09:43:00.000Z,GC,4352.39990234375,4352.39990234375,4348.89990234375,4350.39990234375,73
2026-06-09T09:44:00.000Z,GC,4350.60009765625,4351.60009765625,4349.89990234375,4351.10009765625,72
2026-06-09T09:45:00.000Z,GC,4350.89990234375,4351.7998046875,4350.7998046875,4351.39990234375,32
2026-06-09T09:46:00.000Z,GC,4352.5,4353.5,4352.0,4352.7001953125,62
2026-06-09T09:47:00.000Z,GC,4353.10009765625,4354.0,4353.10009765625,4353.60009765625,35
2026-06-09T09:48:00.000Z,GC,4353.0,4354.2001953125,4352.60009765625,4354.2001953125,28
2026-06-09T09:49:00.000Z,GC,4353.5,4354.10009765625,4353.10009765625,4354.10009765625,30
2026-06-09T09:50:00.000Z,GC,4353.89990234375,4354.2001953125,4353.7001953125,4354.2001953125,20
2026-06-09T09:51:00.000Z,GC,4354.5,4355.39990234375,4353.89990234375,4355.0,41
2026-06-09T09:52:00.000Z,GC,4355.2001953125,4356.0,4354.60009765625,4355.60009765625,38
2026-06-09T09:53:00.000Z,GC,4355.7001953125,4356.39990234375,4355.2998046875,4356.10009765625,57
2026-06-09T09:54:00.000Z,GC,4356.39990234375,4357.5,4356.2001953125,4356.89990234375,40
2026-06-09T09:55:00.000Z,GC,4357.0,4357.2998046875,4356.10009765625,4356.89990234375,40
2026-06-09T09:56:00.000Z,GC,4356.7001953125,4356.7001953125,4355.5,4355.5,22
2026-06-09T09:57:00.000Z,GC,4355.39990234375,4355.39990234375,4354.7998046875,4355.39990234375,33
2026-06-09T09:58:00.000Z,GC,4355.2001953125,4355.60009765625,4354.7001953125,4355.2998046875,59
2026-06-09T09:59:00.000Z,GC,4355.2001953125,4356.39990234375,4354.89990234375,4356.0,34
2026-06-09T10:00:00.000Z,GC,4356.0,4356.89990234375,4355.7998046875,4355.7998046875,32
2026-06-09T10:01:00.000Z,GC,4355.89990234375,4356.89990234375,4355.5,4356.5,15
2026-06-09T10:02:00.000Z,GC,4355.7998046875,4355.89990234375,4355.5,4355.5,9
2026-06-09T10:03:00.000Z,GC,4355.2998046875,4356.7998046875,4354.60009765625,4355.39990234375,32
2026-06-09T10:04:00.000Z,GC,4355.2998046875,4355.2998046875,4354.2998046875,4354.7001953125,49
2026-06-09T10:05:00.000Z,GC,4354.7001953125,4355.2998046875,4354.5,4355.2998046875,12
2026-06-09T10:06:00.000Z,GC,4355.0,4355.0,4349.7001953125,4350.7001953125,248
2026-06-09T10:07:00.000Z,GC,4350.7998046875,4352.60009765625,4349.10009765625,4352.2001953125,202
2026-06-09T10:08:00.000Z,GC,4352.39990234375,4353.2001953125,4351.89990234375,4352.0,29
2026-06-09T10:09:00.000Z,GC,4352.0,4352.2998046875,4349.7001953125,4350.7998046875,37
2026-06-09T10:10:00.000Z,GC,4351.0,4352.0,4350.5,4351.2001953125,39
2026-06-09T10:11:00.000Z,GC,4351.7998046875,4353.2998046875,4351.7998046875,4352.60009765625,20
2026-06-09T10:12:00.000Z,GC,4353.2001953125,4354.10009765625,4353.2001953125,4353.60009765625,31
2026-06-09T10:13:00.000Z,GC,4353.39990234375,4353.5,4352.5,4353.0,53
2026-06-09T10:14:00.000Z,GC,4353.60009765625,4359.89990234375,4353.60009765625,4359.60009765625,220
2026-06-09T10:15:00.000Z,GC,4359.7998046875,4360.39990234375,4358.7001953125,4359.2001953125,165
2026-06-09T10:16:00.000Z,GC,4359.0,4359.10009765625,4358.10009765625,4359.10009765625,52
2026-06-09T10:17:00.000Z,GC,4358.7998046875,4360.60009765625,4358.39990234375,4360.39990234375,72
2026-06-09T10:18:00.000Z,GC,4360.39990234375,4360.39990234375,4358.60009765625,4359.10009765625,59
2026-06-09T10:19:00.000Z,GC,4359.39990234375,4360.2001953125,4358.5,4358.7998046875,48
2026-06-09T10:20:00.000Z,GC,4358.60009765625,4358.60009765625,4357.7001953125,4357.7998046875,36
2026-06-09T10:21:00.000Z,GC,4357.7001953125,4358.0,4357.2998046875,4357.39990234375,21
2026-06-09T10:22:00.000Z,GC,4357.2001953125,4357.2001953125,4355.7001953125,4355.7001953125,21
2026-06-09T10:23:00.000Z,GC,4356.0,4356.0,4355.39990234375,4355.5,24
2026-06-09T10:24:00.000Z,GC,4355.89990234375,4356.7001953125,4355.7998046875,4356.7001953125,16
2026-06-09T10:25:00.000Z,GC,4356.5,4357.7998046875,4355.60009765625,4357.7998046875,29
2026-06-09T10:26:00.000Z,GC,4358.10009765625,4360.7001953125,4358.10009765625,4360.10009765625,56
2026-06-09T10:27:00.000Z,GC,4360.39990234375,4360.39990234375,4358.60009765625,4359.0,49
2026-06-09T10:28:00.000Z,GC,4359.0,4359.0,4357.7998046875,4358.0,25
2026-06-09T10:29:00.000Z,GC,4358.2001953125,4358.2998046875,4357.5,4357.5,17
2026-06-09T10:30:00.000Z,GC,4357.7998046875,4358.39990234375,4356.2001953125,4356.2001953125,31
2026-06-09T10:31:00.000Z,GC,4356.39990234375,4357.89990234375,4356.2998046875,4357.89990234375,21
2026-06-09T10:32:00.000Z,GC,4358.0,4358.0,4357.2998046875,4357.7001953125,28
2026-06-09T10:33:00.000Z,GC,4357.89990234375,4358.7998046875,4357.2001953125,4358.7998046875,31
2026-06-09T10:34:00.000Z,GC,4358.7998046875,4359.0,4357.39990234375,4357.7001953125,41
2026-06-09T10:35:00.000Z,GC,4357.5,4357.5,4356.2001953125,4356.89990234375,38
2026-06-09T10:36:00.000Z,GC,4356.7998046875,4357.39990234375,4356.5,4357.2001953125,27
2026-06-09T10:37:00.000Z,GC,4357.5,4357.7001953125,4357.0,4357.2001953125,25
2026-06-09T10:38:00.000Z,GC,4357.2001953125,4357.89990234375,4357.0,4357.7001953125,34
2026-06-09T10:39:00.000Z,GC,4357.39990234375,4357.7001953125,4355.5,4355.7998046875,116
2026-06-09T10:40:00.000Z,GC,4356.0,4356.10009765625,4355.0,4355.7001953125,99
2026-06-09T10:41:00.000Z,GC,4355.7998046875,4355.89990234375,4354.89990234375,4354.89990234375,41
2026-06-09T10:42:00.000Z,GC,4354.5,4354.5,4353.7001953125,4354.10009765625,21
2026-06-09T10:43:00.000Z,GC,4354.10009765625,4355.5,4353.60009765625,4355.39990234375,52
2026-06-09T10:44:00.000Z,GC,4355.60009765625,4356.60009765625,4355.2998046875,4356.0,64
2026-06-09T10:45:00.000Z,GC,4356.5,4356.89990234375,4356.0,4356.5,35
2026-06-09T10:46:00.000Z,GC,4356.5,4356.5,4355.2998046875,4355.5,47
2026-06-09T10:47:00.000Z,GC,4355.39990234375,4355.5,4355.0,4355.0,26
2026-06-09T10:48:00.000Z,GC,4355.10009765625,4356.2001953125,4355.0,4355.10009765625,63
2026-06-09T10:49:00.000Z,GC,4355.10009765625,4355.39990234375,4354.39990234375,4354.39990234375,49
2026-06-09T10:50:00.000Z,GC,4354.7998046875,4356.0,4354.7001953125,4355.60009765625,52
2026-06-09T10:51:00.000Z,GC,4355.7998046875,4355.89990234375,4354.2998046875,4354.2998046875,40
2026-06-09T10:52:00.000Z,GC,4354.39990234375,4357.5,4354.39990234375,4357.39990234375,37
2026-06-09T10:53:00.000Z,GC,4357.39990234375,4357.7998046875,4357.2998046875,4357.2998046875,9
2026-06-09T10:54:00.000Z,GC,4357.39990234375,4360.5,4357.39990234375,4359.2001953125,269
2026-06-09T10:55:00.000Z,GC,4359.2001953125,4359.39990234375,4358.89990234375,4359.39990234375,15
2026-06-09T10:56:00.000Z,GC,4359.39990234375,4360.0,4358.89990234375,4359.2001953125,35
2026-06-09T10:57:00.000Z,GC,4359.39990234375,4361.39990234375,4359.39990234375,4361.0,62
2026-06-09T10:58:00.000Z,GC,4360.89990234375,4362.7998046875,4360.89990234375,4361.7001953125,195
2026-06-09T10:59:00.000Z,GC,4361.5,4365.2001953125,4361.39990234375,4363.2998046875,312
2026-06-09T11:00:00.000Z,GC,4363.2998046875,4365.2001953125,4362.0,4364.5,134
2026-06-09T11:01:00.000Z,GC,4364.2001953125,4364.7001953125,4362.7998046875,4362.7998046875,48
2026-06-09T11:02:00.000Z,GC,4363.10009765625,4363.60009765625,4362.60009765625,4362.60009765625,37
2026-06-09T11:03:00.000Z,GC,4362.7001953125,4363.10009765625,4361.2998046875,4361.39990234375,52
2026-06-09T11:04:00.000Z,GC,4361.2001953125,4361.39990234375,4360.0,4360.2001953125,61
2026-06-09T11:05:00.000Z,GC,4360.2998046875,4361.60009765625,4360.2998046875,4360.7998046875,25
2026-06-09T11:06:00.000Z,GC,4360.2001953125,4362.10009765625,4359.89990234375,4361.89990234375,34
2026-06-09T11:07:00.000Z,GC,4362.39990234375,4362.5,4361.10009765625,4361.5,31
2026-06-09T11:08:00.000Z,GC,4362.0,4363.2998046875,4361.7998046875,4362.7001953125,45
2026-06-09T11:09:00.000Z,GC,4362.5,4362.5,4361.7001953125,4361.7001953125,26
2026-06-09T11:10:00.000Z,GC,4361.5,4361.89990234375,4360.7001953125,4360.7998046875,23
2026-06-09T11:11:00.000Z,GC,4360.7998046875,4362.0,4360.2998046875,4361.5,25
2026-06-09T11:12:00.000Z,GC,4361.0,4361.89990234375,4360.5,4360.5,34
2026-06-09T11:13:00.000Z,GC,4360.60009765625,4360.89990234375,4360.0,4360.60009765625,29
2026-06-09T11:14:00.000Z,GC,4360.7998046875,4362.10009765625,4360.2998046875,4361.89990234375,24
2026-06-09T11:15:00.000Z,GC,4362.10009765625,4363.39990234375,4361.89990234375,4363.0,55
2026-06-09T11:16:00.000Z,GC,4363.2998046875,4363.2998046875,4360.39990234375,4360.39990234375,25
2026-06-09T11:17:00.000Z,GC,4360.39990234375,4361.2001953125,4360.39990234375,4361.2001953125,15
2026-06-09T11:18:00.000Z,GC,4361.2001953125,4363.5,4360.39990234375,4363.2001953125,70
2026-06-09T11:19:00.000Z,GC,4362.7998046875,4363.5,4362.60009765625,4363.5,24
2026-06-09T11:20:00.000Z,GC,4363.2001953125,4363.60009765625,4362.89990234375,4363.60009765625,46
2026-06-09T11:21:00.000Z,GC,4363.5,4364.5,4363.10009765625,4364.2998046875,50
2026-06-09T11:22:00.000Z,GC,4364.0,4364.7001953125,4364.0,4364.0,28
2026-06-09T11:23:00.000Z,GC,4363.2998046875,4363.39990234375,4362.2998046875,4362.39990234375,23
2026-06-09T11:24:00.000Z,GC,4362.5,4362.7001953125,4361.60009765625,4361.7001953125,20
2026-06-09T11:25:00.000Z,GC,4361.5,4361.5,4360.5,4361.2001953125,45
2026-06-09T11:26:00.000Z,GC,4361.0,4361.2001953125,4360.89990234375,4361.2001953125,7
2026-06-09T11:27:00.000Z,GC,4361.0,4362.10009765625,4360.39990234375,4362.10009765625,38
2026-06-09T11:28:00.000Z,GC,4362.0,4362.7001953125,4361.60009765625,4362.2998046875,24
2026-06-09T11:29:00.000Z,GC,4361.7998046875,4362.5,4361.5,4362.5,9
2026-06-09T11:30:00.000Z,GC,4362.5,4362.60009765625,4361.7998046875,4361.7998046875,30
2026-06-09T11:31:00.000Z,GC,4361.7998046875,4363.0,4361.7001953125,4362.2001953125,31
2026-06-09T11:32:00.000Z,GC,4362.5,4362.7001953125,4361.2001953125,4361.5,25
2026-06-09T11:33:00.000Z,GC,4361.2001953125,4362.60009765625,4361.10009765625,4362.2998046875,55
2026-06-09T11:34:00.000Z,GC,4362.10009765625,4362.5,4362.0,4362.10009765625,14
2026-06-09T11:35:00.000Z,GC,4361.60009765625,4362.2001953125,4360.89990234375,4362.2001953125,42
2026-06-09T11:36:00.000Z,GC,4362.10009765625,4362.10009765625,4361.39990234375,4361.89990234375,20
2026-06-09T11:37:00.000Z,GC,4362.0,4362.39990234375,4361.60009765625,4361.60009765625,12
2026-06-09T11:38:00.000Z,GC,4361.39990234375,4361.5,4361.0,4361.2998046875,7
2026-06-09T11:39:00.000Z,GC,4361.2001953125,4361.39990234375,4361.2001953125,4361.2001953125,6
2026-06-09T11:40:00.000Z,GC,4361.60009765625,4361.7998046875,4361.10009765625,4361.60009765625,20
2026-06-09T11:41:00.000Z,GC,4362.2001953125,4363.0,4362.2001953125,4362.60009765625,29
2026-06-09T11:42:00.000Z,GC,4363.0,4364.2001953125,4362.2998046875,4363.5,61
2026-06-09T11:43:00.000Z,GC,4363.5,4363.7998046875,4362.2001953125,4362.5,41
2026-06-09T11:44:00.000Z,GC,4362.89990234375,4363.7001953125,4362.89990234375,4363.60009765625,18
2026-06-09T11:45:00.000Z,GC,4363.2998046875,4364.5,4363.2998046875,4363.60009765625,23
2026-06-09T11:46:00.000Z,GC,4363.60009765625,4364.39990234375,4362.10009765625,4362.5,61
2026-06-09T11:47:00.000Z,GC,4362.7001953125,4363.5,4361.39990234375,4363.5,85
2026-06-09T11:48:00.000Z,GC,4363.10009765625,4364.89990234375,4363.10009765625,4364.0,111
2026-06-09T11:49:00.000Z,GC,4364.0,4365.39990234375,4364.0,4364.39990234375,68
2026-06-09T11:50:00.000Z,GC,4364.39990234375,4366.2998046875,4364.39990234375,4365.60009765625,59
2026-06-09T11:51:00.000Z,GC,4365.2001953125,4368.2998046875,4365.10009765625,4367.5,128
2026-06-09T11:52:00.000Z,GC,4367.7001953125,4367.89990234375,4365.7001953125,4366.2998046875,86
2026-06-09T11:53:00.000Z,GC,4366.2998046875,4367.5,4366.2001953125,4366.60009765625,45
2026-06-09T11:54:00.000Z,GC,4366.39990234375,4366.39990234375,4364.7998046875,4365.60009765625,147
2026-06-09T11:55:00.000Z,GC,4365.5,4365.5,4364.0,4365.10009765625,63
2026-06-09T11:56:00.000Z,GC,4365.2998046875,4365.39990234375,4364.7001953125,4364.7001953125,62
2026-06-09T11:57:00.000Z,GC,4365.10009765625,4367.7998046875,4365.10009765625,4367.39990234375,46
2026-06-09T11:58:00.000Z,GC,4367.2998046875,4367.7001953125,4365.0,4365.10009765625,32
2026-06-09T11:59:00.000Z,GC,4365.0,4365.0,4364.0,4364.2998046875,43
2026-06-09T12:00:00.000Z,GC,4364.39990234375,4367.60009765625,4364.0,4366.5,131
2026-06-09T12:01:00.000Z,GC,4366.10009765625,4366.5,4365.2001953125,4366.5,36
2026-06-09T12:02:00.000Z,GC,4366.60009765625,4366.7001953125,4365.60009765625,4365.89990234375,28
2026-06-09T12:03:00.000Z,GC,4365.60009765625,4368.0,4365.60009765625,4367.89990234375,67
2026-06-09T12:04:00.000Z,GC,4367.7001953125,4367.89990234375,4366.7998046875,4366.89990234375,81
2026-06-09T12:05:00.000Z,GC,4367.0,4367.5,4366.10009765625,4366.60009765625,77
2026-06-09T12:06:00.000Z,GC,4366.60009765625,4367.7998046875,4366.5,4367.7001953125,47
2026-06-09T12:07:00.000Z,GC,4367.60009765625,4368.2998046875,4367.5,4367.7998046875,62
2026-06-09T12:08:00.000Z,GC,4367.5,4367.60009765625,4367.10009765625,4367.2998046875,23
2026-06-09T12:09:00.000Z,GC,4367.39990234375,4368.5,4367.39990234375,4368.2998046875,71
2026-06-09T12:10:00.000Z,GC,4368.10009765625,4368.60009765625,4368.0,4368.2001953125,77
2026-06-09T12:11:00.000Z,GC,4368.10009765625,4368.60009765625,4368.0,4368.2998046875,52
2026-06-09T12:12:00.000Z,GC,4368.2001953125,4368.39990234375,4366.89990234375,4368.10009765625,127
2026-06-09T12:13:00.000Z,GC,4367.5,4368.10009765625,4367.10009765625,4367.7001953125,27
2026-06-09T12:14:00.000Z,GC,4367.7998046875,4368.2998046875,4365.2001953125,4365.60009765625,322
2026-06-09T12:15:00.000Z,GC,4365.7998046875,4367.0,4365.2998046875,4365.60009765625,221
2026-06-09T12:16:00.000Z,GC,4365.60009765625,4366.39990234375,4363.39990234375,4364.39990234375,129
2026-06-09T12:17:00.000Z,GC,4364.0,4366.7001953125,4363.89990234375,4366.0,80
2026-06-09T12:18:00.000Z,GC,4366.5,4366.7998046875,4365.2998046875,4366.39990234375,62
2026-06-09T12:19:00.000Z,GC,4366.2998046875,4367.7001953125,4365.7001953125,4367.2998046875,48
2026-06-09T12:20:00.000Z,GC,4367.2998046875,4367.2998046875,4362.60009765625,4363.60009765625,204
2026-06-09T12:21:00.000Z,GC,4363.5,4364.2001953125,4362.2001953125,4362.7998046875,119
2026-06-09T12:22:00.000Z,GC,4362.5,4363.39990234375,4362.0,4362.2998046875,96
2026-06-09T12:23:00.000Z,GC,4362.39990234375,4363.2998046875,4361.7001953125,4362.2998046875,68
2026-06-09T12:24:00.000Z,GC,4362.2001953125,4363.2998046875,4362.2001953125,4363.0,61
2026-06-09T12:25:00.000Z,GC,4363.0,4364.2998046875,4362.39990234375,4363.2998046875,74
2026-06-09T12:26:00.000Z,GC,4363.2001953125,4364.2998046875,4363.2001953125,4363.5,73
2026-06-09T12:27:00.000Z,GC,4363.7001953125,4363.7998046875,4363.0,4363.60009765625,52
2026-06-09T12:28:00.000Z,GC,4363.5,4363.7998046875,4361.7001953125,4361.7998046875,75
2026-06-09T12:29:00.000Z,GC,4362.0,4362.10009765625,4359.39990234375,4359.89990234375,115
2026-06-09T12:30:00.000Z,GC,4360.0,4362.5,4359.0,4361.5,117
2026-06-09T12:31:00.000Z,GC,4361.5,4364.39990234375,4361.2998046875,4363.5,148
2026-06-09T12:32:00.000Z,GC,4363.7998046875,4364.39990234375,4363.39990234375,4363.7001953125,85
2026-06-09T12:33:00.000Z,GC,4363.39990234375,4363.5,4361.2998046875,4361.7001953125,48
2026-06-09T12:34:00.000Z,GC,4361.5,4362.0,4359.2998046875,4361.0,113
2026-06-09T12:35:00.000Z,GC,4361.2998046875,4362.89990234375,4360.5,4362.60009765625,85
2026-06-09T12:36:00.000Z,GC,4362.2001953125,4364.7001953125,4362.10009765625,4364.10009765625,76
2026-06-09T12:37:00.000Z,GC,4364.0,4364.0,4362.60009765625,4363.39990234375,100
2026-06-09T12:38:00.000Z,GC,4363.0,4365.89990234375,4362.7998046875,4365.5,75
2026-06-09T12:39:00.000Z,GC,4365.60009765625,4365.60009765625,4363.5,4365.10009765625,92
2026-06-09T12:40:00.000Z,GC,4364.7998046875,4365.7998046875,4364.2001953125,4364.7001953125,71
2026-06-09T12:41:00.000Z,GC,4364.5,4365.39990234375,4363.2998046875,4365.0,69
2026-06-09T12:42:00.000Z,GC,4364.7001953125,4365.7998046875,4364.5,4365.60009765625,44
2026-06-09T12:43:00.000Z,GC,4365.60009765625,4365.7998046875,4364.7998046875,4365.10009765625,44
2026-06-09T12:44:00.000Z,GC,4365.2998046875,4366.2998046875,4364.7998046875,4365.0,64
2026-06-09T12:45:00.000Z,GC,4365.0,4365.5,4364.2998046875,4364.7998046875,45
2026-06-09T12:46:00.000Z,GC,4364.7001953125,4367.89990234375,4364.60009765625,4367.39990234375,81
2026-06-09T12:47:00.000Z,GC,4367.39990234375,4369.0,4367.2001953125,4367.89990234375,130
2026-06-09T12:48:00.000Z,GC,4368.0,4368.10009765625,4366.7998046875,4367.39990234375,68
2026-06-09T12:49:00.000Z,GC,4367.5,4368.0,4365.60009765625,4365.60009765625,62
2026-06-09T12:50:00.000Z,GC,4365.89990234375,4368.10009765625,4365.7998046875,4367.89990234375,95
2026-06-09T12:51:00.000Z,GC,4368.0,4368.0,4365.89990234375,4366.60009765625,96
2026-06-09T12:52:00.000Z,GC,4366.60009765625,4367.0,4364.89990234375,4365.0,98
2026-06-09T12:53:00.000Z,GC,4364.89990234375,4365.0,4362.89990234375,4363.2998046875,94
2026-06-09T12:54:00.000Z,GC,4363.10009765625,4363.39990234375,4361.60009765625,4361.7001953125,107
2026-06-09T12:55:00.000Z,GC,4361.7001953125,4363.10009765625,4361.2001953125,4362.2998046875,92
2026-06-09T12:56:00.000Z,GC,4361.7998046875,4362.5,4361.5,4361.60009765625,93
2026-06-09T12:57:00.000Z,GC,4362.0,4363.2998046875,4360.89990234375,4363.10009765625,58
2026-06-09T12:58:00.000Z,GC,4363.10009765625,4364.5,4362.0,4363.60009765625,178
2026-06-09T12:59:00.000Z,GC,4363.60009765625,4366.2998046875,4363.0,4365.39990234375,201
2026-06-09T13:00:00.000Z,GC,4366.10009765625,4370.0,4364.89990234375,4366.2998046875,511
2026-06-09T13:01:00.000Z,GC,4366.2001953125,4367.5,4364.89990234375,4365.5,111
2026-06-09T13:02:00.000Z,GC,4365.0,4367.2001953125,4364.39990234375,4364.7998046875,166
2026-06-09T13:03:00.000Z,GC,4365.0,4365.7001953125,4362.60009765625,4365.7001953125,134
2026-06-09T13:04:00.000Z,GC,4365.2001953125,4365.2001953125,4362.60009765625,4363.5,83
2026-06-09T13:05:00.000Z,GC,4363.39990234375,4367.10009765625,4363.0,4366.7001953125,256
2026-06-09T13:06:00.000Z,GC,4366.7998046875,4367.7998046875,4365.7001953125,4367.10009765625,117
2026-06-09T13:07:00.000Z,GC,4366.7998046875,4367.7998046875,4363.89990234375,4363.89990234375,86
2026-06-09T13:08:00.000Z,GC,4364.2998046875,4366.89990234375,4363.39990234375,4366.89990234375,109
2026-06-09T13:09:00.000Z,GC,4366.7001953125,4368.89990234375,4365.60009765625,4366.0,129
2026-06-09T13:10:00.000Z,GC,4366.2001953125,4366.5,4365.10009765625,4365.89990234375,52
2026-06-09T13:11:00.000Z,GC,4365.5,4367.2001953125,4365.10009765625,4366.39990234375,54
2026-06-09T13:12:00.000Z,GC,4366.2001953125,4366.2998046875,4364.7998046875,4365.0,61
2026-06-09T13:13:00.000Z,GC,4364.89990234375,4366.5,4364.89990234375,4366.5,86
2026-06-09T13:14:00.000Z,GC,4366.2001953125,4366.2001953125,4364.2001953125,4365.2001953125,65
2026-06-09T13:15:00.000Z,GC,4365.60009765625,4366.39990234375,4363.7001953125,4364.39990234375,78
2026-06-09T13:16:00.000Z,GC,4364.60009765625,4365.60009765625,4364.2001953125,4364.39990234375,48
2026-06-09T13:17:00.000Z,GC,4364.2001953125,4364.89990234375,4361.39990234375,4361.7998046875,157
2026-06-09T13:18:00.000Z,GC,4361.7998046875,4362.39990234375,4359.2998046875,4359.60009765625,117
2026-06-09T13:19:00.000Z,GC,4359.7998046875,4360.5,4358.2001953125,4358.2001953125,131
2026-06-09T13:20:00.000Z,GC,4358.39990234375,4360.5,4357.7001953125,4358.0,192
2026-06-09T13:21:00.000Z,GC,4358.0,4358.60009765625,4355.89990234375,4357.5,165
2026-06-09T13:22:00.000Z,GC,4357.7001953125,4358.0,4356.7998046875,4357.5,93
2026-06-09T13:23:00.000Z,GC,4357.10009765625,4359.2001953125,4356.39990234375,4358.7998046875,122
2026-06-09T13:24:00.000Z,GC,4358.2998046875,4358.60009765625,4357.39990234375,4357.7998046875,85
2026-06-09T13:25:00.000Z,GC,4358.10009765625,4359.89990234375,4357.7998046875,4358.89990234375,116
2026-06-09T13:26:00.000Z,GC,4358.7998046875,4358.89990234375,4356.7001953125,4356.7001953125,84
2026-06-09T13:27:00.000Z,GC,4356.60009765625,4357.39990234375,4354.7001953125,4355.89990234375,134
2026-06-09T13:28:00.000Z,GC,4355.5,4356.2998046875,4354.2998046875,4355.5,73
2026-06-09T13:29:00.000Z,GC,4355.10009765625,4356.0,4354.89990234375,4355.2001953125,95
2026-06-09T13:30:00.000Z,GC,4355.39990234375,4356.5,4352.60009765625,4355.0,278
2026-06-09T13:31:00.000Z,GC,4355.2001953125,4357.5,4355.2001953125,4356.0,216
2026-06-09T13:32:00.000Z,GC,4355.7998046875,4356.89990234375,4354.2998046875,4355.0,172
2026-06-09T13:33:00.000Z,GC,4355.2998046875,4358.5,4353.7998046875,4356.2998046875,163
2026-06-09T13:34:00.000Z,GC,4356.7001953125,4357.0,4354.2001953125,4354.2998046875,78
2026-06-09T13:35:00.000Z,GC,4354.10009765625,4355.7998046875,4354.0,4355.5,99
2026-06-09T13:36:00.000Z,GC,4355.10009765625,4358.39990234375,4354.60009765625,4358.2998046875,111
2026-06-09T13:37:00.000Z,GC,4358.2001953125,4359.0,4355.7001953125,4356.2001953125,88
2026-06-09T13:38:00.000Z,GC,4356.5,4358.2001953125,4355.7998046875,4356.2001953125,112
2026-06-09T13:39:00.000Z,GC,4356.5,4357.0,4354.2001953125,4356.2998046875,86
2026-06-09T13:40:00.000Z,GC,4356.2998046875,4356.39990234375,4351.89990234375,4351.89990234375,224
2026-06-09T13:41:00.000Z,GC,4352.2001953125,4353.5,4349.10009765625,4350.0,251
2026-06-09T13:42:00.000Z,GC,4350.0,4353.0,4349.60009765625,4353.0,150
2026-06-09T13:43:00.000Z,GC,4353.10009765625,4354.2998046875,4352.39990234375,4352.5,139
2026-06-09T13:44:00.000Z,GC,4352.2998046875,4354.5,4352.10009765625,4354.5,71
2026-06-09T13:45:00.000Z,GC,4354.39990234375,4358.0,4353.5,4357.5,182
2026-06-09T13:46:00.000Z,GC,4357.2001953125,4360.2998046875,4355.7998046875,4360.2001953125,218
2026-06-09T13:47:00.000Z,GC,4360.0,4369.60009765625,4360.0,4369.10009765625,529
2026-06-09T13:48:00.000Z,GC,4369.0,4382.39990234375,4368.5,4381.60009765625,1702
2026-06-09T13:49:00.000Z,GC,4381.7001953125,4388.60009765625,4376.5,4377.2001953125,1314
2026-06-09T13:50:00.000Z,GC,4377.39990234375,4377.7998046875,4366.39990234375,4367.2001953125,753
2026-06-09T13:51:00.000Z,GC,4367.2998046875,4369.2998046875,4363.7998046875,4365.7998046875,586
2026-06-09T13:52:00.000Z,GC,4365.89990234375,4367.39990234375,4361.2998046875,4361.5,281
2026-06-09T13:53:00.000Z,GC,4361.7998046875,4363.5,4359.5,4362.5,337
2026-06-09T13:54:00.000Z,GC,4361.7998046875,4362.7001953125,4358.10009765625,4358.7001953125,225
2026-06-09T13:55:00.000Z,GC,4359.0,4359.2001953125,4354.89990234375,4355.7001953125,654
2026-06-09T13:56:00.000Z,GC,4355.5,4356.2001953125,4352.0,4352.89990234375,326
2026-06-09T13:57:00.000Z,GC,4352.7998046875,4354.10009765625,4351.0,4353.89990234375,183
2026-06-09T13:58:00.000Z,GC,4354.2001953125,4356.7998046875,4354.10009765625,4355.5,204
2026-06-09T13:59:00.000Z,GC,4355.2998046875,4355.2998046875,4352.2001953125,4353.2001953125,220
2026-06-09T14:00:00.000Z,GC,4352.89990234375,4356.0,4351.5,4354.7001953125,331
2026-06-09T14:01:00.000Z,GC,4354.89990234375,4358.39990234375,4354.39990234375,4358.2998046875,381
2026-06-09T14:02:00.000Z,GC,4358.39990234375,4360.2998046875,4357.0,4357.60009765625,347
2026-06-09T14:03:00.000Z,GC,4357.39990234375,4358.5,4351.0,4352.0,341
2026-06-09T14:04:00.000Z,GC,4351.5,4354.0,4350.39990234375,4353.2998046875,298
2026-06-09T14:05:00.000Z,GC,4353.5,4355.2998046875,4351.5,4351.5,201
2026-06-09T14:06:00.000Z,GC,4351.39990234375,4351.7001953125,4348.5,4351.5,453
2026-06-09T14:07:00.000Z,GC,4351.60009765625,4353.10009765625,4348.5,4351.60009765625,240
2026-06-09T14:08:00.000Z,GC,4352.0,4356.5,4351.89990234375,4354.60009765625,358
2026-06-09T14:09:00.000Z,GC,4354.89990234375,4354.89990234375,4351.60009765625,4352.7001953125,134
2026-06-09T14:10:00.000Z,GC,4352.2001953125,4352.7998046875,4349.89990234375,4350.39990234375,114
2026-06-09T14:11:00.000Z,GC,4350.60009765625,4351.7998046875,4348.7001953125,4351.7998046875,204
2026-06-09T14:12:00.000Z,GC,4351.60009765625,4352.89990234375,4350.89990234375,4351.60009765625,56
2026-06-09T14:13:00.000Z,GC,4351.2998046875,4351.7001953125,4345.10009765625,4345.2998046875,275
2026-06-09T14:14:00.000Z,GC,4345.7001953125,4346.7001953125,4343.39990234375,4345.10009765625,507
2026-06-09T14:15:00.000Z,GC,4344.7998046875,4347.2998046875,4342.2001953125,4342.60009765625,238
2026-06-09T14:16:00.000Z,GC,4342.2998046875,4344.10009765625,4338.89990234375,4339.7001953125,571
2026-06-09T14:17:00.000Z,GC,4339.39990234375,4339.5,4333.60009765625,4334.39990234375,840
2026-06-09T14:18:00.000Z,GC,4334.2001953125,4334.7998046875,4328.2998046875,4329.7001953125,898
2026-06-09T14:19:00.000Z,GC,4329.7998046875,4335.2001953125,4329.7998046875,4334.89990234375,291
2026-06-09T14:20:00.000Z,GC,4335.10009765625,4336.7998046875,4332.7998046875,4336.0,245
2026-06-09T14:21:00.000Z,GC,4336.5,4338.0,4335.10009765625,4337.5,253
2026-06-09T14:22:00.000Z,GC,4338.0,4344.5,4337.0,4343.5,427
2026-06-09T14:23:00.000Z,GC,4343.2001953125,4343.7001953125,4339.0,4341.5,316
2026-06-09T14:24:00.000Z,GC,4341.2998046875,4343.2998046875,4340.5,4342.7998046875,167
2026-06-09T14:25:00.000Z,GC,4342.5,4347.39990234375,4341.2998046875,4346.7001953125,352
2026-06-09T14:26:00.000Z,GC,4346.7001953125,4348.0,4344.10009765625,4344.39990234375,198
2026-06-09T14:27:00.000Z,GC,4344.60009765625,4345.60009765625,4343.0,4344.7998046875,148
2026-06-09T14:28:00.000Z,GC,4344.7998046875,4345.89990234375,4340.60009765625,4340.7998046875,119
2026-06-09T14:29:00.000Z,GC,4340.7001953125,4343.39990234375,4339.89990234375,4342.7001953125,261
2026-06-09T14:30:00.000Z,GC,4342.39990234375,4345.5,4339.2001953125,4340.0,476
2026-06-09T14:31:00.000Z,GC,4339.7001953125,4340.60009765625,4336.10009765625,4336.39990234375,233
2026-06-09T14:32:00.000Z,GC,4336.7001953125,4344.0,4336.2998046875,4340.39990234375,281
2026-06-09T14:33:00.000Z,GC,4340.2998046875,4340.2998046875,4333.7001953125,4335.39990234375,381
2026-06-09T14:34:00.000Z,GC,4336.2998046875,4340.0,4335.10009765625,4339.0,294
2026-06-09T14:35:00.000Z,GC,4338.7998046875,4339.10009765625,4334.0,4335.39990234375,268
2026-06-09T14:36:00.000Z,GC,4335.2998046875,4335.5,4328.5,4330.39990234375,549
2026-06-09T14:37:00.000Z,GC,4330.39990234375,4334.7001953125,4330.0,4334.5,205
2026-06-09T14:38:00.000Z,GC,4334.39990234375,4334.39990234375,4328.7001953125,4329.2001953125,255
2026-06-09T14:39:00.000Z,GC,4329.10009765625,4329.89990234375,4326.5,4329.0,327
2026-06-09T14:40:00.000Z,GC,4329.0,4331.60009765625,4327.60009765625,4330.2998046875,180
2026-06-09T14:41:00.000Z,GC,4330.2998046875,4330.60009765625,4326.7001953125,4326.89990234375,183
2026-06-09T14:42:00.000Z,GC,4326.89990234375,4329.0,4324.2001953125,4324.2998046875,286
2026-06-09T14:43:00.000Z,GC,4324.39990234375,4324.7001953125,4318.89990234375,4319.7998046875,386
2026-06-09T14:44:00.000Z,GC,4320.10009765625,4320.2001953125,4307.2001953125,4308.60009765625,1033
2026-06-09T14:45:00.000Z,GC,4308.60009765625,4313.7998046875,4308.39990234375,4311.2001953125,616
2026-06-09T14:46:00.000Z,GC,4311.2998046875,4312.2001953125,4303.7998046875,4305.7001953125,657
2026-06-09T14:47:00.000Z,GC,4306.0,4307.7001953125,4302.10009765625,4304.60009765625,381
2026-06-09T14:48:00.000Z,GC,4305.10009765625,4309.39990234375,4303.0,4305.2001953125,427
2026-06-09T14:49:00.000Z,GC,4305.60009765625,4309.0,4304.5,4307.7001953125,356
2026-06-09T14:50:00.000Z,GC,4307.60009765625,4311.89990234375,4305.60009765625,4309.89990234375,535
2026-06-09T14:51:00.000Z,GC,4310.0,4318.2001953125,4309.0,4318.0,581
2026-06-09T14:52:00.000Z,GC,4317.89990234375,4322.10009765625,4316.60009765625,4317.7998046875,586
2026-06-09T14:53:00.000Z,GC,4317.5,4320.60009765625,4316.60009765625,4319.7001953125,302
2026-06-09T14:54:00.000Z,GC,4319.60009765625,4322.2001953125,4318.39990234375,4322.0,273
2026-06-09T14:55:00.000Z,GC,4322.2998046875,4323.89990234375,4317.39990234375,4318.2998046875,366
2026-06-09T14:56:00.000Z,GC,4319.0,4320.2001953125,4316.7001953125,4317.60009765625,171
2026-06-09T14:57:00.000Z,GC,4317.39990234375,4322.7998046875,4317.2001953125,4322.2001953125,227
2026-06-09T14:58:00.000Z,GC,4322.39990234375,4325.2998046875,4322.39990234375,4323.7998046875,327
2026-06-09T14:59:00.000Z,GC,4323.7001953125,4325.0,4321.89990234375,4325.0,126
2026-06-09T15:00:00.000Z,GC,4324.7998046875,4326.39990234375,4321.5,4322.2998046875,301
2026-06-09T15:01:00.000Z,GC,4321.5,4322.89990234375,4318.7998046875,4319.60009765625,270
2026-06-09T15:02:00.000Z,GC,4319.5,4320.7001953125,4316.2998046875,4316.5,224
2026-06-09T15:03:00.000Z,GC,4316.7001953125,4320.39990234375,4315.60009765625,4318.2998046875,252
2026-06-09T15:04:00.000Z,GC,4318.7998046875,4319.2998046875,4316.0,4317.2998046875,111
2026-06-09T15:05:00.000Z,GC,4317.60009765625,4318.39990234375,4315.60009765625,4318.2998046875,113
2026-06-09T15:06:00.000Z,GC,4318.2001953125,4321.0,4317.39990234375,4318.5,164
2026-06-09T15:07:00.000Z,GC,4318.39990234375,4318.89990234375,4314.2001953125,4317.2001953125,221
2026-06-09T15:08:00.000Z,GC,4317.5,4319.2998046875,4317.5,4317.60009765625,163
2026-06-09T15:09:00.000Z,GC,4317.39990234375,4320.2998046875,4317.10009765625,4320.10009765625,136
2026-06-09T15:10:00.000Z,GC,4320.2001953125,4323.7001953125,4318.0,4318.7001953125,226
2026-06-09T15:11:00.000Z,GC,4318.7001953125,4318.7001953125,4315.5,4318.0,129
2026-06-09T15:12:00.000Z,GC,4318.0,4318.0,4313.60009765625,4314.7998046875,204
2026-06-09T15:13:00.000Z,GC,4314.5,4320.60009765625,4314.39990234375,4320.2998046875,98
2026-06-09T15:14:00.000Z,GC,4319.7998046875,4321.60009765625,4319.5,4319.5,110
2026-06-09T15:15:00.000Z,GC,4319.0,4321.2001953125,4318.5,4319.89990234375,159
2026-06-09T15:16:00.000Z,GC,4320.2001953125,4320.39990234375,4317.60009765625,4319.2001953125,138
2026-06-09T15:17:00.000Z,GC,4319.2998046875,4321.2001953125,4318.0,4318.2998046875,132
2026-06-09T15:18:00.000Z,GC,4318.10009765625,4321.10009765625,4316.89990234375,4317.0,74
2026-06-09T15:19:00.000Z,GC,4317.2998046875,4318.0,4315.7998046875,4316.2001953125,121
2026-06-09T15:20:00.000Z,GC,4316.2001953125,4319.10009765625,4315.5,4317.10009765625,110
2026-06-09T15:21:00.000Z,GC,4317.0,4317.2998046875,4315.2001953125,4316.2001953125,89
2026-06-09T15:22:00.000Z,GC,4316.2001953125,4316.5,4313.0,4314.7998046875,121
2026-06-09T15:23:00.000Z,GC,4314.7998046875,4315.7998046875,4311.10009765625,4311.2998046875,150
2026-06-09T15:24:00.000Z,GC,4311.10009765625,4313.0,4309.2001953125,4310.0,136
2026-06-09T15:25:00.000Z,GC,4310.0,4313.2001953125,4309.39990234375,4312.0,200
2026-06-09T15:26:00.000Z,GC,4311.89990234375,4312.39990234375,4307.5,4308.2001953125,181
2026-06-09T15:27:00.000Z,GC,4308.2001953125,4311.39990234375,4307.39990234375,4308.7998046875,197
2026-06-09T15:28:00.000Z,GC,4308.5,4308.5,4302.5,4305.10009765625,434
2026-06-09T15:29:00.000Z,GC,4305.2001953125,4305.2001953125,4301.0,4302.7998046875,401
2026-06-09T15:30:00.000Z,GC,4302.89990234375,4306.10009765625,4300.0,4302.5,407
2026-06-09T15:31:00.000Z,GC,4302.0,4302.2998046875,4287.89990234375,4288.7001953125,1160
2026-06-09T15:32:00.000Z,GC,4288.60009765625,4294.7001953125,4287.60009765625,4288.7001953125,542
2026-06-09T15:33:00.000Z,GC,4288.7998046875,4297.2998046875,4287.89990234375,4296.5,420
2026-06-09T15:34:00.000Z,GC,4296.5,4301.10009765625,4296.0,4298.5,480
2026-06-09T15:35:00.000Z,GC,4298.7998046875,4298.89990234375,4293.2001953125,4296.7998046875,270
2026-06-09T15:36:00.000Z,GC,4296.7998046875,4297.2001953125,4292.5,4294.0,144
2026-06-09T15:37:00.000Z,GC,4294.39990234375,4294.39990234375,4291.7998046875,4293.0,151
2026-06-09T15:38:00.000Z,GC,4292.7001953125,4292.7001953125,4287.10009765625,4288.2001953125,261
2026-06-09T15:39:00.000Z,GC,4288.10009765625,4296.5,4288.0,4294.2998046875,529
2026-06-09T15:40:00.000Z,GC,4294.2001953125,4302.7001953125,4293.5,4296.39990234375,335
2026-06-09T15:41:00.000Z,GC,4296.2998046875,4301.89990234375,4296.2998046875,4301.2998046875,194
2026-06-09T15:42:00.000Z,GC,4301.10009765625,4304.39990234375,4300.5,4304.0,169
2026-06-09T15:43:00.000Z,GC,4303.7001953125,4303.7001953125,4301.2998046875,4302.7998046875,109
2026-06-09T15:44:00.000Z,GC,4302.89990234375,4304.10009765625,4301.2001953125,4304.10009765625,139
2026-06-09T15:45:00.000Z,GC,4304.2001953125,4309.89990234375,4304.2001953125,4307.5,412
2026-06-09T15:46:00.000Z,GC,4307.2998046875,4310.2001953125,4306.7001953125,4308.10009765625,120
2026-06-09T15:47:00.000Z,GC,4308.0,4309.10009765625,4305.7001953125,4306.89990234375,190
2026-06-09T15:48:00.000Z,GC,4307.0,4307.2998046875,4302.7998046875,4305.5,332
2026-06-09T15:49:00.000Z,GC,4305.7001953125,4307.39990234375,4304.7998046875,4305.10009765625,102
2026-06-09T15:50:00.000Z,GC,4304.7998046875,4305.10009765625,4300.60009765625,4302.10009765625,166
2026-06-09T15:51:00.000Z,GC,4301.2001953125,4308.10009765625,4300.7001953125,4307.2001953125,170
2026-06-09T15:52:00.000Z,GC,4307.2998046875,4308.5,4305.89990234375,4306.0,144
2026-06-09T15:53:00.000Z,GC,4306.10009765625,4307.39990234375,4303.2998046875,4304.7001953125,129
2026-06-09T15:54:00.000Z,GC,4304.7998046875,4305.0,4301.2001953125,4304.0,109
2026-06-09T15:55:00.000Z,GC,4304.89990234375,4307.60009765625,4304.89990234375,4305.89990234375,82
2026-06-09T15:56:00.000Z,GC,4305.5,4310.0,4301.89990234375,4302.2001953125,308
2026-06-09T15:57:00.000Z,GC,4302.0,4302.0,4297.5,4298.2998046875,268
2026-06-09T15:58:00.000Z,GC,4298.2001953125,4300.7001953125,4298.10009765625,4298.7998046875,102
2026-06-09T15:59:00.000Z,GC,4298.89990234375,4301.0,4296.2998046875,4296.7001953125,238
2026-06-09T16:00:00.000Z,GC,4296.5,4300.2001953125,4295.2001953125,4299.0,444
2026-06-09T16:01:00.000Z,GC,4299.2001953125,4303.60009765625,4298.0,4303.5,131
2026-06-09T16:02:00.000Z,GC,4303.5,4305.2998046875,4301.60009765625,4302.5,218
2026-06-09T16:03:00.000Z,GC,4302.5,4303.2001953125,4299.39990234375,4300.2001953125,161
2026-06-09T16:04:00.000Z,GC,4299.60009765625,4300.39990234375,4297.5,4298.2998046875,138
2026-06-09T16:05:00.000Z,GC,4297.89990234375,4298.60009765625,4293.10009765625,4293.7001953125,195
2026-06-09T16:06:00.000Z,GC,4293.60009765625,4296.60009765625,4291.10009765625,4295.7998046875,267
2026-06-09T16:07:00.000Z,GC,4295.5,4296.60009765625,4292.7001953125,4293.7001953125,125
2026-06-09T16:08:00.000Z,GC,4294.0,4294.10009765625,4290.2001953125,4290.5,169
2026-06-09T16:09:00.000Z,GC,4290.39990234375,4291.10009765625,4284.7001953125,4287.60009765625,679
2026-06-09T16:10:00.000Z,GC,4287.39990234375,4291.10009765625,4284.2998046875,4286.7998046875,333
2026-06-09T16:11:00.000Z,GC,4287.0,4289.0,4286.10009765625,4289.0,200
2026-06-09T16:12:00.000Z,GC,4288.7998046875,4290.2998046875,4286.2998046875,4286.2998046875,210
2026-06-09T16:13:00.000Z,GC,4286.0,4286.5,4283.7001953125,4285.39990234375,270
2026-06-09T16:14:00.000Z,GC,4284.7998046875,4285.2001953125,4282.2998046875,4283.10009765625,415
2026-06-09T16:15:00.000Z,GC,4283.39990234375,4286.2998046875,4283.0,4285.10009765625,417
2026-06-09T16:16:00.000Z,GC,4284.7001953125,4286.60009765625,4282.5,4284.0,546
2026-06-09T16:17:00.000Z,GC,4284.0,4285.39990234375,4281.60009765625,4283.2998046875,360
2026-06-09T16:18:00.000Z,GC,4283.10009765625,4287.39990234375,4282.89990234375,4283.39990234375,282
2026-06-09T16:19:00.000Z,GC,4282.60009765625,4283.2001953125,4276.89990234375,4278.2001953125,584
2026-06-09T16:20:00.000Z,GC,4278.5,4282.10009765625,4277.10009765625,4280.89990234375,319
2026-06-09T16:21:00.000Z,GC,4281.0,4283.39990234375,4280.2998046875,4283.2001953125,249
2026-06-09T16:22:00.000Z,GC,4283.10009765625,4285.60009765625,4280.0,4285.60009765625,224
2026-06-09T16:23:00.000Z,GC,4285.0,4285.60009765625,4280.7998046875,4281.2001953125,187
2026-06-09T16:24:00.000Z,GC,4281.5,4287.39990234375,4280.7001953125,4286.2998046875,303
2026-06-09T16:25:00.000Z,GC,4285.89990234375,4290.89990234375,4285.10009765625,4287.0,328
2026-06-09T16:26:00.000Z,GC,4287.2001953125,4290.10009765625,4286.10009765625,4286.10009765625,178
2026-06-09T16:27:00.000Z,GC,4286.7001953125,4287.60009765625,4284.89990234375,4286.2998046875,105
2026-06-09T16:28:00.000Z,GC,4286.0,4289.2001953125,4286.0,4287.89990234375,95
2026-06-09T16:29:00.000Z,GC,4287.5,4289.7001953125,4286.60009765625,4287.10009765625,106
2026-06-09T16:30:00.000Z,GC,4286.7998046875,4288.2998046875,4283.89990234375,4285.39990234375,236
2026-06-09T16:31:00.000Z,GC,4285.5,4287.7998046875,4283.60009765625,4284.7001953125,240
2026-06-09T16:32:00.000Z,GC,4284.5,4287.2001953125,4283.89990234375,4285.10009765625,330
2026-06-09T16:33:00.000Z,GC,4285.2998046875,4287.39990234375,4284.5,4286.5,406
2026-06-09T16:34:00.000Z,GC,4286.5,4288.39990234375,4285.2998046875,4286.10009765625,164
2026-06-09T16:35:00.000Z,GC,4285.60009765625,4290.39990234375,4285.60009765625,4290.0,191
2026-06-09T16:36:00.000Z,GC,4289.5,4291.39990234375,4288.60009765625,4290.5,216
2026-06-09T16:37:00.000Z,GC,4290.2998046875,4290.60009765625,4285.5,4286.2001953125,233
2026-06-09T16:38:00.000Z,GC,4286.0,4286.7001953125,4267.0,4270.0,1934
2026-06-09T16:39:00.000Z,GC,4270.0,4272.0,4260.0,4265.2998046875,1060
2026-06-09T16:40:00.000Z,GC,4264.89990234375,4267.0,4260.0,4265.60009765625,594
2026-06-09T16:41:00.000Z,GC,4266.0,4268.39990234375,4260.5,4260.5,384
2026-06-09T16:42:00.000Z,GC,4260.60009765625,4267.39990234375,4259.89990234375,4265.7001953125,375
2026-06-09T16:43:00.000Z,GC,4265.39990234375,4271.89990234375,4264.39990234375,4271.60009765625,286
2026-06-09T16:44:00.000Z,GC,4271.39990234375,4271.39990234375,4265.60009765625,4268.89990234375,307
2026-06-09T16:45:00.000Z,GC,4268.10009765625,4275.10009765625,4268.0,4272.60009765625,340
2026-06-09T16:46:00.000Z,GC,4272.60009765625,4273.0,4268.89990234375,4270.5,119
2026-06-09T16:47:00.000Z,GC,4270.60009765625,4278.10009765625,4270.0,4276.89990234375,209
2026-06-09T16:48:00.000Z,GC,4276.7001953125,4277.7998046875,4270.60009765625,4271.0,511
2026-06-09T16:49:00.000Z,GC,4270.7998046875,4273.5,4268.2998046875,4273.39990234375,204
2026-06-09T16:50:00.000Z,GC,4273.2001953125,4274.89990234375,4270.60009765625,4271.7001953125,160
2026-06-09T16:51:00.000Z,GC,4271.0,4274.60009765625,4270.60009765625,4273.5,130
2026-06-09T16:52:00.000Z,GC,4273.2998046875,4273.2998046875,4266.39990234375,4266.5,114
2026-06-09T16:53:00.000Z,GC,4266.7001953125,4268.2001953125,4265.10009765625,4268.0,279
2026-06-09T16:54:00.000Z,GC,4267.7998046875,4268.0,4262.39990234375,4264.2998046875,218
2026-06-09T16:55:00.000Z,GC,4263.60009765625,4270.2998046875,4263.39990234375,4269.39990234375,183
2026-06-09T16:56:00.000Z,GC,4269.5,4271.39990234375,4267.5,4270.2001953125,217
2026-06-09T16:57:00.000Z,GC,4270.2998046875,4271.5,4268.2998046875,4270.0,116
2026-06-09T16:58:00.000Z,GC,4269.7001953125,4273.2001953125,4269.0,4273.0,118
2026-06-09T16:59:00.000Z,GC,4272.60009765625,4276.2998046875,4271.10009765625,4276.0,294
2026-06-09T17:00:00.000Z,GC,4276.10009765625,4278.5,4275.10009765625,4278.5,311
2026-06-09T17:01:00.000Z,GC,4278.60009765625,4281.7998046875,4278.39990234375,4280.0,311
2026-06-09T17:02:00.000Z,GC,4280.0,4285.10009765625,4279.89990234375,4283.89990234375,220
2026-06-09T17:03:00.000Z,GC,4283.89990234375,4285.2998046875,4281.39990234375,4283.10009765625,236
2026-06-09T17:04:00.000Z,GC,4282.7998046875,4288.0,4282.7001953125,4286.5,198
2026-06-09T17:05:00.000Z,GC,4286.39990234375,4287.5,4284.2998046875,4287.2001953125,161
2026-06-09T17:06:00.000Z,GC,4287.5,4287.5,4282.7998046875,4282.7998046875,185
2026-06-09T17:07:00.000Z,GC,4283.0,4286.10009765625,4283.0,4285.10009765625,213
2026-06-09T17:08:00.000Z,GC,4285.60009765625,4286.60009765625,4283.89990234375,4285.5,204
2026-06-09T17:09:00.000Z,GC,4286.2001953125,4286.89990234375,4284.10009765625,4286.89990234375,75
2026-06-09T17:10:00.000Z,GC,4286.89990234375,4287.10009765625,4281.39990234375,4282.7998046875,302
2026-06-09T17:11:00.000Z,GC,4283.10009765625,4286.5,4281.7998046875,4285.89990234375,167
2026-06-09T17:12:00.000Z,GC,4286.2001953125,4286.60009765625,4284.7001953125,4285.5,71
2026-06-09T17:13:00.000Z,GC,4285.7001953125,4286.7001953125,4284.7001953125,4286.7001953125,99
2026-06-09T17:14:00.000Z,GC,4286.7001953125,4288.39990234375,4284.10009765625,4285.5,363
2026-06-09T17:15:00.000Z,GC,4285.60009765625,4286.10009765625,4283.7998046875,4284.2001953125,264
2026-06-09T17:16:00.000Z,GC,4284.39990234375,4285.5,4282.7001953125,4285.5,182
2026-06-09T17:17:00.000Z,GC,4285.7001953125,4290.0,4285.39990234375,4288.7001953125,243
2026-06-09T17:18:00.000Z,GC,4289.0,4290.0,4287.89990234375,4288.2001953125,298
2026-06-09T17:19:00.000Z,GC,4288.7998046875,4289.10009765625,4287.60009765625,4288.39990234375,151
2026-06-09T17:20:00.000Z,GC,4288.2001953125,4291.7998046875,4286.89990234375,4289.39990234375,472
2026-06-09T17:21:00.000Z,GC,4289.5,4291.39990234375,4287.5,4291.10009765625,210
2026-06-09T17:22:00.000Z,GC,4291.5,4292.0,4289.7001953125,4290.2001953125,199
2026-06-09T17:23:00.000Z,GC,4290.10009765625,4291.60009765625,4287.2998046875,4289.0,283
2026-06-09T17:24:00.000Z,GC,4288.7998046875,4291.2001953125,4287.5,4290.60009765625,167
2026-06-09T17:25:00.000Z,GC,4290.7998046875,4291.10009765625,4287.7998046875,4288.10009765625,235
2026-06-09T17:26:00.000Z,GC,4288.0,4289.39990234375,4286.60009765625,4287.39990234375,136
2026-06-09T17:27:00.000Z,GC,4287.2001953125,4290.39990234375,4287.2001953125,4289.89990234375,188
2026-06-09T17:28:00.000Z,GC,4290.2001953125,4290.7001953125,4286.7998046875,4287.39990234375,332
2026-06-09T17:29:00.000Z,GC,4287.39990234375,4287.7998046875,4284.7998046875,4287.39990234375,1269
2026-06-09T17:30:00.000Z,GC,4287.60009765625,4288.60009765625,4285.7001953125,4285.89990234375,155
2026-06-09T17:31:00.000Z,GC,4286.2998046875,4287.60009765625,4285.2998046875,4287.2998046875,171
2026-06-09T17:32:00.000Z,GC,4287.39990234375,4290.39990234375,4287.10009765625,4288.39990234375,166
2026-06-09T17:33:00.000Z,GC,4288.60009765625,4288.7001953125,4286.60009765625,4287.7001953125,422
2026-06-09T17:34:00.000Z,GC,4287.60009765625,4290.60009765625,4287.5,4290.10009765625,114
2026-06-09T17:35:00.000Z,GC,4289.0,4289.7001953125,4286.10009765625,4287.10009765625,61
2026-06-09T17:36:00.000Z,GC,4287.2001953125,4288.89990234375,4287.10009765625,4288.39990234375,47
2026-06-09T17:37:00.000Z,GC,4288.7001953125,4289.60009765625,4287.5,4288.2998046875,65
2026-06-09T17:38:00.000Z,GC,4287.89990234375,4290.7998046875,4287.2998046875,4290.2001953125,57
2026-06-09T17:39:00.000Z,GC,4289.10009765625,4289.2001953125,4286.89990234375,4287.2998046875,70
2026-06-09T17:40:00.000Z,GC,4286.39990234375,4288.89990234375,4286.2998046875,4287.7998046875,92
2026-06-09T17:41:00.000Z,GC,4287.7998046875,4289.39990234375,4287.7998046875,4289.0,48
2026-06-09T17:42:00.000Z,GC,4288.7998046875,4289.60009765625,4287.89990234375,4289.10009765625,88
2026-06-09T17:43:00.000Z,GC,4289.10009765625,4292.7001953125,4289.0,4291.10009765625,124
2026-06-09T17:44:00.000Z,GC,4291.10009765625,4292.5,4289.39990234375,4289.5,142
2026-06-09T17:45:00.000Z,GC,4289.5,4291.2001953125,4288.7001953125,4289.0,96
2026-06-09T17:46:00.000Z,GC,4289.2001953125,4289.60009765625,4283.7001953125,4284.2001953125,285
2026-06-09T17:47:00.000Z,GC,4284.2998046875,4285.89990234375,4282.7001953125,4282.7001953125,249
2026-06-09T17:48:00.000Z,GC,4282.7001953125,4284.5,4282.2998046875,4283.10009765625,137
2026-06-09T17:49:00.000Z,GC,4283.10009765625,4283.10009765625,4280.60009765625,4281.7001953125,213
2026-06-09T17:50:00.000Z,GC,4281.2998046875,4282.60009765625,4280.2001953125,4281.60009765625,128
2026-06-09T17:51:00.000Z,GC,4281.2998046875,4284.39990234375,4281.0,4282.89990234375,152
2026-06-09T17:52:00.000Z,GC,4282.7998046875,4282.89990234375,4281.10009765625,4282.0,80
2026-06-09T17:53:00.000Z,GC,4281.89990234375,4282.2001953125,4280.39990234375,4281.60009765625,110
2026-06-09T17:54:00.000Z,GC,4281.60009765625,4282.60009765625,4281.2001953125,4282.5,50
2026-06-09T17:55:00.000Z,GC,4282.39990234375,4285.60009765625,4282.2998046875,4285.2001953125,323
2026-06-09T17:56:00.000Z,GC,4285.2001953125,4286.0,4284.0,4284.7998046875,79
2026-06-09T17:57:00.000Z,GC,4285.2998046875,4287.2001953125,4284.7998046875,4286.7998046875,40
2026-06-09T17:58:00.000Z,GC,4287.39990234375,4288.7998046875,4287.10009765625,4288.2998046875,35
2026-06-09T17:59:00.000Z,GC,4288.39990234375,4288.60009765625,4286.7998046875,4287.2001953125,27
2026-06-09T18:00:00.000Z,GC,4287.5,4289.2998046875,4286.7998046875,4288.5,80
2026-06-09T18:01:00.000Z,GC,4288.39990234375,4290.0,4287.5,4287.60009765625,61
2026-06-09T18:02:00.000Z,GC,4288.0,4288.5,4287.7001953125,4287.7001953125,15
2026-06-09T18:03:00.000Z,GC,4287.0,4287.39990234375,4283.60009765625,4284.7001953125,78
2026-06-09T18:04:00.000Z,GC,4285.0,4287.0,4284.39990234375,4286.5,49
2026-06-09T18:05:00.000Z,GC,4286.5,4287.5,4286.2001953125,4286.7001953125,22
2026-06-09T18:06:00.000Z,GC,4287.2998046875,4287.2998046875,4285.0,4285.7001953125,26
2026-06-09T18:07:00.000Z,GC,4285.89990234375,4288.60009765625,4285.60009765625,4288.60009765625,63
2026-06-09T18:08:00.000Z,GC,4288.7001953125,4289.2001953125,4287.7998046875,4288.7001953125,41
2026-06-09T18:09:00.000Z,GC,4288.89990234375,4291.39990234375,4288.0,4291.39990234375,121
2026-06-09T18:10:00.000Z,GC,4291.10009765625,4291.10009765625,4286.89990234375,4289.39990234375,222
2026-06-09T18:11:00.000Z,GC,4289.39990234375,4290.0,4287.0,4288.89990234375,81
2026-06-09T18:12:00.000Z,GC,4289.10009765625,4289.7001953125,4288.60009765625,4289.0,21
2026-06-09T18:13:00.000Z,GC,4289.5,4289.60009765625,4287.5,4288.2998046875,49
2026-06-09T18:14:00.000Z,GC,4288.7998046875,4290.7001953125,4288.7001953125,4289.7001953125,9
2026-06-09T18:15:00.000Z,GC,4289.60009765625,4289.60009765625,4288.5,4289.2001953125,25
2026-06-09T18:16:00.000Z,GC,4289.60009765625,4289.7001953125,4288.0,4288.0,30
2026-06-09T18:17:00.000Z,GC,4288.10009765625,4290.7998046875,4287.0,4289.0,117
2026-06-09T18:18:00.000Z,GC,4289.2998046875,4293.60009765625,4289.2998046875,4293.0,144
2026-06-09T18:19:00.000Z,GC,4293.0,4294.5,4290.7998046875,4294.0,149
2026-06-09T18:20:00.000Z,GC,4293.7001953125,4295.2998046875,4292.0,4293.10009765625,104
2026-06-09T18:21:00.000Z,GC,4293.5,4293.60009765625,4291.7001953125,4293.2001953125,46
2026-06-09T18:22:00.000Z,GC,4293.60009765625,4295.7001953125,4293.0,4295.7001953125,56
2026-06-09T18:23:00.000Z,GC,4295.60009765625,4298.7001953125,4295.0,4298.7001953125,125
2026-06-09T18:24:00.000Z,GC,4298.60009765625,4298.7998046875,4297.2001953125,4297.89990234375,78
2026-06-09T18:25:00.000Z,GC,4297.7998046875,4297.89990234375,4293.7998046875,4294.10009765625,88
2026-06-09T18:26:00.000Z,GC,4293.7998046875,4294.0,4292.2998046875,4292.2998046875,48
2026-06-09T18:27:00.000Z,GC,4292.39990234375,4294.7998046875,4292.2998046875,4294.7998046875,29
2026-06-09T18:28:00.000Z,GC,4294.7001953125,4295.60009765625,4293.2998046875,4295.60009765625,42
2026-06-09T18:29:00.000Z,GC,4295.89990234375,4296.0,4294.5,4295.2001953125,33
2026-06-09T18:30:00.000Z,GC,4295.10009765625,4298.60009765625,4295.0,4296.39990234375,80
2026-06-09T18:31:00.000Z,GC,4297.39990234375,4297.39990234375,4295.7001953125,4296.2001953125,32
2026-06-09T18:32:00.000Z,GC,4296.10009765625,4296.60009765625,4293.2001953125,4293.39990234375,64
2026-06-09T18:33:00.000Z,GC,4294.2001953125,4295.60009765625,4293.7001953125,4294.89990234375,53
2026-06-09T18:34:00.000Z,GC,4295.10009765625,4296.2998046875,4294.60009765625,4295.2998046875,36
2026-06-09T18:35:00.000Z,GC,4295.2998046875,4295.39990234375,4292.7998046875,4293.60009765625,79
2026-06-09T18:36:00.000Z,GC,4293.7001953125,4295.10009765625,4293.2998046875,4295.10009765625,33
2026-06-09T18:37:00.000Z,GC,4295.0,4295.0,4293.7998046875,4293.7998046875,34
2026-06-09T18:38:00.000Z,GC,4294.0,4294.60009765625,4293.7998046875,4294.2001953125,34
2026-06-09T18:39:00.000Z,GC,4294.0,4295.0,4293.7998046875,4293.7998046875,20
2026-06-09T18:40:00.000Z,GC,4293.39990234375,4294.39990234375,4292.7001953125,4293.7998046875,56
2026-06-09T18:41:00.000Z,GC,4293.5,4293.60009765625,4292.0,4292.0,54
2026-06-09T18:42:00.000Z,GC,4292.5,4292.5,4290.7998046875,4290.7998046875,35
2026-06-09T18:43:00.000Z,GC,4291.10009765625,4291.5,4289.0,4289.5,74
2026-06-09T18:44:00.000Z,GC,4289.7998046875,4289.7998046875,4288.0,4288.7001953125,60
2026-06-09T18:45:00.000Z,GC,4288.7001953125,4289.7001953125,4288.7001953125,4289.60009765625,26
2026-06-09T18:46:00.000Z,GC,4289.0,4289.39990234375,4287.7001953125,4287.7998046875,28
2026-06-09T18:47:00.000Z,GC,4287.60009765625,4288.60009765625,4286.5,4287.60009765625,48
2026-06-09T18:48:00.000Z,GC,4288.39990234375,4288.60009765625,4287.7998046875,4288.2998046875,28
2026-06-09T18:49:00.000Z,GC,4288.7998046875,4289.89990234375,4287.39990234375,4289.89990234375,103
2026-06-09T18:50:00.000Z,GC,4289.60009765625,4289.60009765625,4288.5,4289.0,19
2026-06-09T18:51:00.000Z,GC,4289.2998046875,4290.5,4288.60009765625,4289.60009765625,85
2026-06-09T18:52:00.000Z,GC,4289.2998046875,4292.5,4289.2998046875,4291.7998046875,62
2026-06-09T18:53:00.000Z,GC,4291.7998046875,4292.2001953125,4291.5,4291.7001953125,14
2026-06-09T18:54:00.000Z,GC,4291.39990234375,4291.39990234375,4289.7998046875,4290.2998046875,24
2026-06-09T18:55:00.000Z,GC,4290.60009765625,4292.7001953125,4290.10009765625,4292.10009765625,44
2026-06-09T18:56:00.000Z,GC,4292.2001953125,4293.0,4291.89990234375,4293.0,22
2026-06-09T18:57:00.000Z,GC,4293.5,4294.39990234375,4293.2001953125,4293.89990234375,69
2026-06-09T18:58:00.000Z,GC,4294.0,4296.10009765625,4293.89990234375,4295.5,71
2026-06-09T18:59:00.000Z,GC,4295.39990234375,4295.7998046875,4294.10009765625,4294.39990234375,30
2026-06-09T19:00:00.000Z,GC,4294.60009765625,4295.0,4291.5,4291.89990234375,54
2026-06-09T19:01:00.000Z,GC,4292.10009765625,4292.60009765625,4290.7998046875,4292.2001953125,42
2026-06-09T19:02:00.000Z,GC,4292.10009765625,4293.5,4292.0,4293.0,28
2026-06-09T19:03:00.000Z,GC,4292.89990234375,4293.7001953125,4292.5,4293.60009765625,26
2026-06-09T19:04:00.000Z,GC,4293.7998046875,4295.10009765625,4293.7998046875,4294.2001953125,38
2026-06-09T19:05:00.000Z,GC,4294.0,4296.10009765625,4293.7001953125,4294.10009765625,56
2026-06-09T19:06:00.000Z,GC,4293.7001953125,4293.7001953125,4291.0,4291.2001953125,32
2026-06-09T19:07:00.000Z,GC,4291.39990234375,4292.10009765625,4291.39990234375,4291.60009765625,13
2026-06-09T19:08:00.000Z,GC,4292.10009765625,4292.7001953125,4291.2001953125,4291.2001953125,36
2026-06-09T19:09:00.000Z,GC,4291.2998046875,4291.7998046875,4289.2998046875,4289.5,103
2026-06-09T19:10:00.000Z,GC,4289.2998046875,4289.2998046875,4288.10009765625,4288.7001953125,26
2026-06-09T19:11:00.000Z,GC,4288.89990234375,4289.5,4286.0,4286.10009765625,101
2026-06-09T19:12:00.000Z,GC,4286.5,4287.2001953125,4285.0,4285.10009765625,46
2026-06-09T19:13:00.000Z,GC,4285.10009765625,4286.2998046875,4285.0,4285.5,54
2026-06-09T19:14:00.000Z,GC,4285.39990234375,4285.7001953125,4282.2998046875,4283.0,196
2026-06-09T19:15:00.000Z,GC,4282.89990234375,4283.39990234375,4280.7001953125,4280.7998046875,117
2026-06-09T19:16:00.000Z,GC,4280.7998046875,4282.10009765625,4280.5,4280.5,116
2026-06-09T19:17:00.000Z,GC,4280.5,4282.2001953125,4279.89990234375,4281.0,137
2026-06-09T19:18:00.000Z,GC,4281.10009765625,4281.5,4279.2001953125,4279.7001953125,112
2026-06-09T19:19:00.000Z,GC,4279.0,4280.2001953125,4278.7998046875,4279.7001953125,77
2026-06-09T19:20:00.000Z,GC,4279.39990234375,4280.2998046875,4278.10009765625,4278.89990234375,103
2026-06-09T19:21:00.000Z,GC,4278.7998046875,4280.2001953125,4278.60009765625,4279.2998046875,51
2026-06-09T19:22:00.000Z,GC,4279.0,4279.5,4277.10009765625,4277.7998046875,80
2026-06-09T19:23:00.000Z,GC,4277.2001953125,4279.0,4276.7001953125,4278.2001953125,139
2026-06-09T19:24:00.000Z,GC,4278.5,4280.10009765625,4277.89990234375,4279.60009765625,101
2026-06-09T19:25:00.000Z,GC,4279.5,4280.60009765625,4278.5,4278.7998046875,86
2026-06-09T19:26:00.000Z,GC,4278.7001953125,4279.2001953125,4278.2001953125,4278.5,42
2026-06-09T19:27:00.000Z,GC,4278.7998046875,4280.2998046875,4278.39990234375,4280.10009765625,59
2026-06-09T19:28:00.000Z,GC,4280.2998046875,4281.2001953125,4279.7001953125,4281.10009765625,40
2026-06-09T19:29:00.000Z,GC,4281.10009765625,4281.89990234375,4280.60009765625,4281.60009765625,96
2026-06-09T19:30:00.000Z,GC,4281.2001953125,4281.60009765625,4280.2998046875,4281.0,42
2026-06-09T19:31:00.000Z,GC,4281.5,4282.7998046875,4280.5,4282.7998046875,75
2026-06-09T19:32:00.000Z,GC,4282.89990234375,4284.2001953125,4282.7001953125,4283.0,55
2026-06-09T19:33:00.000Z,GC,4283.0,4283.0,4281.5,4281.89990234375,17
2026-06-09T19:34:00.000Z,GC,4282.2998046875,4283.89990234375,4282.0,4283.60009765625,36
2026-06-09T19:35:00.000Z,GC,4283.10009765625,4284.0,4282.5,4283.7001953125,31
2026-06-09T19:36:00.000Z,GC,4283.89990234375,4283.89990234375,4280.2998046875,4281.0,78
2026-06-09T19:37:00.000Z,GC,4281.0,4281.39990234375,4280.2998046875,4281.0,37
2026-06-09T19:38:00.000Z,GC,4280.60009765625,4280.7998046875,4278.89990234375,4279.2001953125,133
2026-06-09T19:39:00.000Z,GC,4279.10009765625,4279.39990234375,4276.7998046875,4278.0,69
2026-06-09T19:40:00.000Z,GC,4277.60009765625,4277.60009765625,4275.89990234375,4275.89990234375,66
2026-06-09T19:41:00.000Z,GC,4276.0,4277.0,4275.2998046875,4275.39990234375,68
2026-06-09T19:42:00.000Z,GC,4275.39990234375,4276.89990234375,4274.2001953125,4276.10009765625,99
2026-06-09T19:43:00.000Z,GC,4276.0,4276.0,4274.7001953125,4275.7998046875,23
2026-06-09T19:44:00.000Z,GC,4275.5,4276.5,4274.7998046875,4275.0,59
2026-06-09T19:45:00.000Z,GC,4275.2998046875,4276.0,4274.7001953125,4275.7998046875,71
2026-06-09T19:46:00.000Z,GC,4275.60009765625,4276.39990234375,4274.7998046875,4274.7998046875,62
2026-06-09T19:47:00.000Z,GC,4274.7001953125,4275.2001953125,4274.0,4274.0,99
2026-06-09T19:48:00.000Z,GC,4274.2998046875,4275.0,4274.0,4274.10009765625,94
2026-06-09T19:49:00.000Z,GC,4274.2998046875,4276.0,4274.2998046875,4275.10009765625,46
2026-06-09T19:50:00.000Z,GC,4275.2001953125,4281.2001953125,4275.2001953125,4281.10009765625,305
2026-06-09T19:51:00.000Z,GC,4280.89990234375,4281.60009765625,4280.2998046875,4281.60009765625,142
2026-06-09T19:52:00.000Z,GC,4280.89990234375,4282.5,4280.89990234375,4281.39990234375,63
2026-06-09T19:53:00.000Z,GC,4281.7998046875,4282.7998046875,4281.2998046875,4282.39990234375,72
2026-06-09T19:54:00.000Z,GC,4282.0,4283.0,4281.2998046875,4283.0,114
2026-06-09T19:55:00.000Z,GC,4283.10009765625,4283.5,4280.7001953125,4281.5,79
2026-06-09T19:56:00.000Z,GC,4281.2998046875,4283.5,4280.0,4281.10009765625,217
2026-06-09T19:57:00.000Z,GC,4281.10009765625,4281.7001953125,4280.60009765625,4281.2001953125,61
2026-06-09T19:58:00.000Z,GC,4281.60009765625,4282.89990234375,4281.10009765625,4282.10009765625,75
2026-06-09T19:59:00.000Z,GC,4282.10009765625,4283.2998046875,4281.7998046875,4282.7001953125,192
2026-06-09T20:00:00.000Z,GC,4282.7998046875,4283.0,4280.89990234375,4281.89990234375,99
2026-06-09T20:01:00.000Z,GC,4281.5,4282.0,4280.60009765625,4280.60009765625,41
2026-06-09T20:02:00.000Z,GC,4281.0,4281.2001953125,4280.0,4280.7001953125,25
2026-06-09T20:03:00.000Z,GC,4280.60009765625,4282.7001953125,4280.60009765625,4282.7001953125,27
2026-06-09T20:04:00.000Z,GC,4282.89990234375,4285.2001953125,4282.7001953125,4284.89990234375,71
2026-06-09T20:05:00.000Z,GC,4284.89990234375,4285.0,4283.5,4283.60009765625,24
2026-06-09T20:06:00.000Z,GC,4283.5,4283.5,4282.10009765625,4282.2001953125,24
2026-06-09T20:07:00.000Z,GC,4282.10009765625,4282.5,4281.89990234375,4281.89990234375,12
2026-06-09T20:08:00.000Z,GC,4281.7001953125,4281.89990234375,4281.5,4281.60009765625,11
2026-06-09T20:09:00.000Z,GC,4282.0,4282.0,4281.7001953125,4281.89990234375,6
2026-06-09T20:10:00.000Z,GC,4281.89990234375,4281.89990234375,4280.89990234375,4281.2998046875,11
2026-06-09T20:11:00.000Z,GC,4281.7001953125,4282.5,4281.7001953125,4282.39990234375,14
2026-06-09T20:12:00.000Z,GC,4281.89990234375,4282.60009765625,4281.89990234375,4282.60009765625,7
2026-06-09T20:13:00.000Z,GC,4282.2998046875,4282.7998046875,4282.10009765625,4282.7001953125,14
2026-06-09T20:14:00.000Z,GC,4282.7998046875,4283.2998046875,4281.89990234375,4282.39990234375,19
2026-06-09T20:15:00.000Z,GC,4282.0,4284.5,4282.0,4283.7001953125,62
2026-06-09T20:16:00.000Z,GC,4283.60009765625,4283.60009765625,4283.5,4283.5,4
2026-06-09T20:17:00.000Z,GC,4284.0,4284.0,4283.60009765625,4283.89990234375,5
2026-06-09T20:18:00.000Z,GC,4283.89990234375,4284.5,4283.2998046875,4283.39990234375,22
2026-06-09T20:19:00.000Z,GC,4283.0,4283.0,4283.0,4283.0,2
2026-06-09T20:20:00.000Z,GC,4282.7998046875,4282.89990234375,4282.7998046875,4282.7998046875,5
2026-06-09T20:21:00.000Z,GC,4282.7001953125,4283.39990234375,4282.7001953125,4283.2001953125,37
2026-06-09T20:22:00.000Z,GC,4283.39990234375,4283.7998046875,4283.39990234375,4283.39990234375,8
2026-06-09T20:23:00.000Z,GC,4282.7998046875,4282.7998046875,4282.0,4282.0,9
2026-06-09T20:24:00.000Z,GC,4282.10009765625,4282.60009765625,4281.7998046875,4282.2001953125,17
2026-06-09T20:25:00.000Z,GC,4282.39990234375,4282.89990234375,4282.10009765625,4282.89990234375,6
2026-06-09T20:26:00.000Z,GC,4282.89990234375,4283.0,4282.89990234375,4282.89990234375,5
2026-06-09T20:27:00.000Z,GC,4283.0,4284.0,4283.0,4283.7001953125,13
2026-06-09T20:28:00.000Z,GC,4283.5,4283.60009765625,4283.2998046875,4283.60009765625,4
2026-06-09T20:29:00.000Z,GC,4283.39990234375,4283.39990234375,4282.2998046875,4283.0,24
2026-06-09T20:30:00.000Z,GC,4283.0,4283.2001953125,4282.2001953125,4282.2001953125,25
2026-06-09T20:31:00.000Z,GC,4281.89990234375,4282.10009765625,4281.89990234375,4282.10009765625,9
2026-06-09T20:32:00.000Z,GC,4282.2998046875,4282.2998046875,4281.7001953125,4281.7998046875,9
2026-06-09T20:33:00.000Z,GC,4282.39990234375,4282.5,4282.2001953125,4282.2001953125,4
2026-06-09T20:34:00.000Z,GC,4282.2001953125,4282.2001953125,4281.7998046875,4281.7998046875,4
2026-06-09T20:35:00.000Z,GC,4282.0,4282.7001953125,4282.0,4282.7001953125,3
2026-06-09T20:36:00.000Z,GC,4282.60009765625,4283.10009765625,4282.60009765625,4282.7998046875,10
2026-06-09T20:37:00.000Z,GC,4283.0,4285.0,4283.0,4284.60009765625,54
2026-06-09T20:38:00.000Z,GC,4284.7001953125,4284.7001953125,4283.7998046875,4284.2001953125,10
2026-06-09T20:39:00.000Z,GC,4284.2001953125,4284.5,4283.7998046875,4284.5,14
2026-06-09T20:40:00.000Z,GC,4284.5,4285.5,4284.2998046875,4285.5,50
2026-06-09T20:41:00.000Z,GC,4285.2001953125,4285.60009765625,4285.10009765625,4285.10009765625,10
2026-06-09T20:42:00.000Z,GC,4285.5,4285.89990234375,4285.10009765625,4285.10009765625,13
2026-06-09T20:43:00.000Z,GC,4285.10009765625,4285.7998046875,4285.10009765625,4285.7001953125,9
2026-06-09T20:44:00.000Z,GC,4285.39990234375,4285.60009765625,4285.0,4285.2998046875,32
2026-06-09T20:45:00.000Z,GC,4285.5,4286.10009765625,4285.5,4285.7001953125,18
2026-06-09T20:46:00.000Z,GC,4285.7998046875,4285.89990234375,4285.10009765625,4285.2998046875,29
2026-06-09T20:47:00.000Z,GC,4285.2001953125,4285.2998046875,4284.60009765625,4284.60009765625,17
2026-06-09T20:48:00.000Z,GC,4284.7001953125,4284.89990234375,4284.5,4284.89990234375,9
2026-06-09T20:49:00.000Z,GC,4285.0,4285.60009765625,4285.0,4285.60009765625,3
2026-06-09T20:50:00.000Z,GC,4285.7998046875,4285.89990234375,4284.5,4284.7001953125,23
2026-06-09T20:51:00.000Z,GC,4284.60009765625,4284.60009765625,4284.60009765625,4284.60009765625,3
2026-06-09T20:52:00.000Z,GC,4284.60009765625,4284.7998046875,4284.10009765625,4284.10009765625,9
2026-06-09T20:53:00.000Z,GC,4284.0,4284.39990234375,4284.0,4284.2998046875,12
2026-06-09T20:54:00.000Z,GC,4284.39990234375,4284.5,4283.7998046875,4284.5,18
2026-06-09T20:55:00.000Z,GC,4284.39990234375,4284.7001953125,4283.89990234375,4283.89990234375,49
2026-06-09T20:56:00.000Z,GC,4284.2998046875,4284.39990234375,4284.2998046875,4284.39990234375,3
2026-06-09T20:57:00.000Z,GC,4284.2998046875,4284.2998046875,4284.10009765625,4284.2998046875,4
2026-06-09T20:58:00.000Z,GC,4284.10009765625,4284.39990234375,4283.5,4283.5,24
2026-06-09T20:59:00.000Z,GC,4283.39990234375,4284.89990234375,4283.39990234375,4284.7998046875,52
2026-06-09T22:00:00.000Z,GC,4276.10009765625,4281.10009765625,4270.2998046875,4279.5,0
2026-06-09T22:01:00.000Z,GC,4278.89990234375,4280.5,4275.7998046875,4277.89990234375,119
2026-06-09T22:02:00.000Z,GC,4278.0,4279.2001953125,4275.5,4275.5,60
2026-06-09T22:03:00.000Z,GC,4274.60009765625,4278.5,4274.39990234375,4277.2998046875,39
2026-06-09T22:04:00.000Z,GC,4277.89990234375,4279.5,4277.89990234375,4278.89990234375,20
2026-06-09T22:05:00.000Z,GC,4279.0,4280.89990234375,4277.2998046875,4277.2998046875,47
2026-06-09T22:06:00.000Z,GC,4277.0,4277.0,4274.60009765625,4275.7998046875,40
2026-06-09T22:07:00.000Z,GC,4276.60009765625,4277.10009765625,4276.39990234375,4277.10009765625,11
2026-06-09T22:08:00.000Z,GC,4276.7001953125,4276.7001953125,4275.5,4276.2998046875,15
2026-06-09T22:09:00.000Z,GC,4276.89990234375,4277.0,4276.5,4277.0,4
2026-06-09T22:10:00.000Z,GC,4277.7001953125,4279.60009765625,4277.39990234375,4279.5,7
2026-06-09T22:11:00.000Z,GC,4279.2998046875,4280.60009765625,4279.0,4279.89990234375,19
2026-06-09T22:12:00.000Z,GC,4279.89990234375,4279.89990234375,4278.89990234375,4279.2001953125,11
2026-06-09T22:13:00.000Z,GC,4279.39990234375,4279.39990234375,4278.39990234375,4279.39990234375,26
2026-06-09T22:14:00.000Z,GC,4279.89990234375,4279.89990234375,4278.7998046875,4279.39990234375,16
2026-06-09T22:15:00.000Z,GC,4279.39990234375,4279.89990234375,4278.60009765625,4279.7001953125,20
2026-06-09T22:16:00.000Z,GC,4279.10009765625,4279.7001953125,4278.7001953125,4279.7001953125,8
2026-06-09T22:17:00.000Z,GC,4279.60009765625,4279.60009765625,4276.5,4277.2001953125,35
2026-06-09T22:18:00.000Z,GC,4277.5,4277.5,4277.10009765625,4277.10009765625,4
2026-06-09T22:19:00.000Z,GC,4277.7998046875,4277.7998046875,4276.7998046875,4277.2998046875,17
2026-06-09T22:20:00.000Z,GC,4277.39990234375,4279.2001953125,4277.39990234375,4279.2001953125,53
2026-06-09T22:21:00.000Z,GC,4279.0,4279.0,4277.5,4277.5,29
2026-06-09T22:22:00.000Z,GC,4277.5,4280.10009765625,4277.2998046875,4278.5,102
2026-06-09T22:23:00.000Z,GC,4278.2001953125,4278.39990234375,4277.60009765625,4278.10009765625,21
2026-06-09T22:24:00.000Z,GC,4278.10009765625,4278.7001953125,4277.5,4277.7998046875,39
2026-06-09T22:25:00.000Z,GC,4277.60009765625,4278.39990234375,4276.7998046875,4277.2998046875,49
2026-06-09T22:26:00.000Z,GC,4277.10009765625,4278.2001953125,4277.0,4278.2001953125,6
2026-06-09T22:27:00.000Z,GC,4278.0,4280.0,4278.0,4279.89990234375,21
2026-06-09T22:28:00.000Z,GC,4279.89990234375,4279.89990234375,4278.2998046875,4279.2001953125,35
2026-06-09T22:29:00.000Z,GC,4279.7001953125,4280.60009765625,4279.7001953125,4280.60009765625,9
2026-06-09T22:30:00.000Z,GC,4280.5,4280.89990234375,4278.10009765625,4279.0,79
2026-06-09T22:31:00.000Z,GC,4278.7998046875,4281.0,4278.7998046875,4280.0,31
2026-06-09T22:32:00.000Z,GC,4279.5,4281.0,4279.2998046875,4280.89990234375,63
2026-06-09T22:33:00.000Z,GC,4280.2998046875,4280.39990234375,4279.7001953125,4279.7998046875,9
2026-06-09T22:34:00.000Z,GC,4279.7998046875,4279.7998046875,4275.7998046875,4276.89990234375,68
2026-06-09T22:35:00.000Z,GC,4277.2001953125,4278.2998046875,4276.5,4276.5,32
2026-06-09T22:36:00.000Z,GC,4276.39990234375,4276.89990234375,4275.2998046875,4275.60009765625,21
2026-06-09T22:37:00.000Z,GC,4275.7001953125,4276.10009765625,4273.7998046875,4274.0,63
2026-06-09T22:38:00.000Z,GC,4274.39990234375,4275.39990234375,4273.7001953125,4275.0,65
2026-06-09T22:39:00.000Z,GC,4275.10009765625,4276.89990234375,4274.5,4276.7001953125,87
2026-06-09T22:40:00.000Z,GC,4276.5,4278.60009765625,4276.5,4278.39990234375,122
2026-06-09T22:41:00.000Z,GC,4278.39990234375,4278.7001953125,4273.0,4273.60009765625,254
2026-06-09T22:42:00.000Z,GC,4274.0,4275.0,4273.5,4273.5,24
2026-06-09T22:43:00.000Z,GC,4273.89990234375,4274.7001953125,4270.7001953125,4274.7001953125,65
2026-06-09T22:44:00.000Z,GC,4274.7001953125,4276.2998046875,4272.2001953125,4272.39990234375,160
2026-06-09T22:45:00.000Z,GC,4272.89990234375,4273.39990234375,4269.0,4269.5,327
2026-06-09T22:46:00.000Z,GC,4269.60009765625,4270.7001953125,4267.7001953125,4268.10009765625,291
2026-06-09T22:47:00.000Z,GC,4267.89990234375,4268.5,4262.7001953125,4263.2998046875,244
2026-06-09T22:48:00.000Z,GC,4263.7001953125,4267.39990234375,4263.7001953125,4266.5,116
2026-06-09T22:49:00.000Z,GC,4266.2001953125,4266.89990234375,4259.10009765625,4262.39990234375,408
2026-06-09T22:50:00.000Z,GC,4262.7998046875,4264.60009765625,4261.5,4261.5,82
2026-06-09T22:51:00.000Z,GC,4261.60009765625,4261.7998046875,4256.7001953125,4257.5,183
2026-06-09T22:52:00.000Z,GC,4257.2001953125,4257.39990234375,4255.39990234375,4256.89990234375,167
2026-06-09T22:53:00.000Z,GC,4257.0,4260.0,4257.0,4258.89990234375,66
2026-06-09T22:54:00.000Z,GC,4258.89990234375,4259.7001953125,4256.89990234375,4257.7998046875,37
2026-06-09T22:55:00.000Z,GC,4258.60009765625,4260.10009765625,4258.60009765625,4259.39990234375,28
2026-06-09T22:56:00.000Z,GC,4259.7998046875,4260.2998046875,4258.7998046875,4260.10009765625,46
2026-06-09T22:57:00.000Z,GC,4260.2998046875,4260.5,4258.7001953125,4259.5,41
2026-06-09T22:58:00.000Z,GC,4259.7998046875,4259.7998046875,4257.39990234375,4258.39990234375,36
2026-06-09T22:59:00.000Z,GC,4259.2998046875,4261.5,4259.2998046875,4260.39990234375,39
2026-06-09T23:00:00.000Z,GC,4260.10009765625,4262.7001953125,4259.2001953125,4262.5,40
2026-06-09T23:01:00.000Z,GC,4262.2001953125,4262.2001953125,4260.89990234375,4261.60009765625,47
2026-06-09T23:02:00.000Z,GC,4261.10009765625,4265.7998046875,4261.10009765625,4265.7001953125,81
2026-06-09T23:03:00.000Z,GC,4266.0,4269.7001953125,4266.0,4269.2001953125,146
2026-06-09T23:04:00.000Z,GC,4269.2001953125,4269.60009765625,4268.89990234375,4269.2998046875,35
2026-06-09T23:05:00.000Z,GC,4269.2001953125,4270.60009765625,4268.60009765625,4268.60009765625,49
2026-06-09T23:06:00.000Z,GC,4268.0,4269.60009765625,4267.39990234375,4269.39990234375,73
2026-06-09T23:07:00.000Z,GC,4268.60009765625,4268.7001953125,4266.89990234375,4268.0,68
2026-06-09T23:08:00.000Z,GC,4268.0,4268.60009765625,4266.5,4267.2001953125,34
2026-06-09T23:09:00.000Z,GC,4266.2001953125,4266.5,4264.89990234375,4264.89990234375,30
2026-06-09T23:10:00.000Z,GC,4264.7001953125,4266.10009765625,4264.5,4265.2998046875,64
2026-06-09T23:11:00.000Z,GC,4265.0,4265.2001953125,4263.60009765625,4264.2001953125,28
2026-06-09T23:12:00.000Z,GC,4264.7001953125,4265.60009765625,4260.7998046875,4262.10009765625,87
2026-06-09T23:13:00.000Z,GC,4261.89990234375,4263.60009765625,4260.39990234375,4260.60009765625,68
2026-06-09T23:14:00.000Z,GC,4260.39990234375,4260.89990234375,4258.89990234375,4259.0,109
2026-06-09T23:15:00.000Z,GC,4259.5,4259.5,4254.7001953125,4256.2998046875,215
2026-06-09T23:16:00.000Z,GC,4256.2998046875,4258.2998046875,4255.7001953125,4256.0,108
2026-06-09T23:17:00.000Z,GC,4255.7001953125,4256.10009765625,4251.7001953125,4252.2998046875,282
2026-06-09T23:18:00.000Z,GC,4252.0,4253.39990234375,4250.2998046875,4252.5,93
2026-06-09T23:19:00.000Z,GC,4252.60009765625,4256.2001953125,4252.60009765625,4256.0,165
2026-06-09T23:20:00.000Z,GC,4255.7001953125,4257.39990234375,4255.2001953125,4257.2001953125,58
2026-06-09T23:21:00.000Z,GC,4256.89990234375,4257.5,4255.7998046875,4255.7998046875,28
2026-06-09T23:22:00.000Z,GC,4256.2998046875,4256.7001953125,4254.7998046875,4254.89990234375,35
2026-06-09T23:23:00.000Z,GC,4254.89990234375,4256.0,4247.2001953125,4251.0,280
2026-06-09T23:24:00.000Z,GC,4250.2998046875,4252.2001953125,4249.7998046875,4250.2001953125,49
2026-06-09T23:25:00.000Z,GC,4250.7001953125,4251.0,4247.89990234375,4248.2001953125,101
2026-06-09T23:26:00.000Z,GC,4248.5,4249.60009765625,4247.7998046875,4248.89990234375,38
2026-06-09T23:27:00.000Z,GC,4248.39990234375,4248.39990234375,4245.60009765625,4247.39990234375,93
2026-06-09T23:28:00.000Z,GC,4247.7001953125,4250.2998046875,4247.7001953125,4249.89990234375,37
2026-06-09T23:29:00.000Z,GC,4249.2998046875,4249.2998046875,4246.39990234375,4247.2001953125,42
2026-06-09T23:30:00.000Z,GC,4247.60009765625,4247.89990234375,4245.0,4245.5,81
2026-06-09T23:31:00.000Z,GC,4245.0,4247.0,4244.60009765625,4245.39990234375,76
2026-06-09T23:32:00.000Z,GC,4245.7001953125,4252.7001953125,4245.7001953125,4251.0,95
2026-06-09T23:33:00.000Z,GC,4250.60009765625,4251.2998046875,4249.60009765625,4249.7998046875,45
2026-06-09T23:34:00.000Z,GC,4250.10009765625,4250.5,4247.89990234375,4248.7001953125,55
2026-06-09T23:35:00.000Z,GC,4248.89990234375,4249.10009765625,4244.7998046875,4245.10009765625,46
2026-06-09T23:36:00.000Z,GC,4245.7001953125,4246.60009765625,4244.5,4245.5,66
2026-06-09T23:37:00.000Z,GC,4245.39990234375,4245.7001953125,4245.0,4245.10009765625,32
2026-06-09T23:38:00.000Z,GC,4245.0,4245.89990234375,4244.60009765625,4245.0,25
2026-06-09T23:39:00.000Z,GC,4245.2998046875,4246.5,4244.2998046875,4245.2001953125,56
2026-06-09T23:40:00.000Z,GC,4245.2001953125,4245.2998046875,4243.7001953125,4244.5,41
2026-06-09T23:41:00.000Z,GC,4244.60009765625,4246.0,4244.10009765625,4244.10009765625,54
2026-06-09T23:42:00.000Z,GC,4244.5,4245.89990234375,4244.0,4245.10009765625,65
2026-06-09T23:43:00.000Z,GC,4245.2001953125,4247.39990234375,4242.10009765625,4242.89990234375,178
2026-06-09T23:44:00.000Z,GC,4243.0,4243.39990234375,4239.2001953125,4241.5,411
2026-06-09T23:45:00.000Z,GC,4240.7001953125,4240.89990234375,4234.39990234375,4236.7001953125,302
2026-06-09T23:46:00.000Z,GC,4236.7001953125,4240.10009765625,4236.2001953125,4237.89990234375,222
2026-06-09T23:47:00.000Z,GC,4237.39990234375,4240.2001953125,4235.60009765625,4239.89990234375,85
2026-06-09T23:48:00.000Z,GC,4239.7001953125,4239.89990234375,4238.7998046875,4239.5,42
2026-06-09T23:49:00.000Z,GC,4239.2998046875,4239.2998046875,4234.5,4235.7998046875,66
2026-06-09T23:50:00.000Z,GC,4236.39990234375,4238.89990234375,4236.10009765625,4238.0,84
2026-06-09T23:51:00.000Z,GC,4236.5,4236.89990234375,4233.0,4236.89990234375,112
2026-06-09T23:52:00.000Z,GC,4236.2001953125,4238.2001953125,4235.60009765625,4238.2001953125,79
2026-06-09T23:53:00.000Z,GC,4238.39990234375,4243.60009765625,4238.2998046875,4243.0,200
2026-06-09T23:54:00.000Z,GC,4242.7998046875,4243.89990234375,4239.89990234375,4243.7001953125,58
2026-06-09T23:55:00.000Z,GC,4243.60009765625,4247.2001953125,4243.60009765625,4247.2001953125,83
2026-06-09T23:56:00.000Z,GC,4246.7001953125,4247.5,4244.7001953125,4245.2998046875,46
2026-06-09T23:57:00.000Z,GC,4245.10009765625,4245.2001953125,4243.2998046875,4243.5,38
2026-06-09T23:58:00.000Z,GC,4243.0,4243.0,4240.7001953125,4241.5,23
2026-06-09T23:59:00.000Z,GC,4241.7001953125,4245.5,4241.60009765625,4245.10009765625,21
2026-06-10T00:00:00.000Z,GC,4245.2001953125,4247.39990234375,4243.7998046875,4246.5,124
2026-06-10T00:01:00.000Z,GC,4245.7001953125,4246.39990234375,4242.0,4242.0,50
2026-06-10T00:02:00.000Z,GC,4241.89990234375,4246.10009765625,4241.39990234375,4244.39990234375,71
2026-06-10T00:03:00.000Z,GC,4245.5,4246.39990234375,4244.2001953125,4244.2001953125,18
2026-06-10T00:04:00.000Z,GC,4243.89990234375,4245.7001953125,4242.89990234375,4243.2001953125,31
2026-06-10T00:05:00.000Z,GC,4243.7998046875,4249.39990234375,4242.39990234375,4249.2001953125,54
2026-06-10T00:06:00.000Z,GC,4249.39990234375,4249.39990234375,4246.7998046875,4248.5,65
2026-06-10T00:07:00.000Z,GC,4247.7998046875,4249.10009765625,4246.5,4248.89990234375,37
2026-06-10T00:08:00.000Z,GC,4248.10009765625,4248.7001953125,4244.5,4245.10009765625,47
2026-06-10T00:09:00.000Z,GC,4244.89990234375,4248.7001953125,4242.5,4247.89990234375,43
2026-06-10T00:10:00.000Z,GC,4247.10009765625,4247.7998046875,4244.7998046875,4245.2998046875,23
2026-06-10T00:11:00.000Z,GC,4244.60009765625,4246.7001953125,4244.60009765625,4245.2998046875,17
2026-06-10T00:12:00.000Z,GC,4243.7998046875,4244.5,4242.39990234375,4242.89990234375,41
2026-06-10T00:13:00.000Z,GC,4242.60009765625,4242.60009765625,4239.5,4241.10009765625,125
2026-06-10T00:14:00.000Z,GC,4241.39990234375,4248.2998046875,4241.2001953125,4248.2998046875,70
2026-06-10T00:15:00.000Z,GC,4247.2998046875,4247.60009765625,4243.7998046875,4243.89990234375,62
2026-06-10T00:16:00.000Z,GC,4243.5,4244.5,4241.5,4242.2998046875,43
2026-06-10T00:17:00.000Z,GC,4242.5,4246.89990234375,4242.5,4246.89990234375,51
2026-06-10T00:18:00.000Z,GC,4246.60009765625,4246.60009765625,4244.10009765625,4245.5,25
2026-06-10T00:19:00.000Z,GC,4245.7998046875,4251.10009765625,4245.39990234375,4249.7001953125,142
2026-06-10T00:20:00.000Z,GC,4249.0,4250.7998046875,4249.0,4249.5,66
2026-06-10T00:21:00.000Z,GC,4248.10009765625,4249.2001953125,4247.0,4248.7001953125,33
2026-06-10T00:22:00.000Z,GC,4248.2998046875,4250.2001953125,4247.2998046875,4250.2001953125,42
2026-06-10T00:23:00.000Z,GC,4250.2001953125,4250.2001953125,4244.7998046875,4248.39990234375,45
2026-06-10T00:24:00.000Z,GC,4248.39990234375,4248.39990234375,4246.60009765625,4247.7998046875,42
2026-06-10T00:25:00.000Z,GC,4247.5,4247.5,4244.2998046875,4244.2998046875,29
2026-06-10T00:26:00.000Z,GC,4244.5,4244.89990234375,4241.5,4244.0,53
2026-06-10T00:27:00.000Z,GC,4243.7998046875,4246.60009765625,4242.7998046875,4246.39990234375,49
2026-06-10T00:28:00.000Z,GC,4245.5,4247.39990234375,4245.0,4247.10009765625,58
2026-06-10T00:29:00.000Z,GC,4247.0,4247.0,4240.60009765625,4240.60009765625,93
2026-06-10T00:30:00.000Z,GC,4241.10009765625,4241.89990234375,4236.10009765625,4238.0,275
2026-06-10T00:31:00.000Z,GC,4237.7998046875,4239.2998046875,4236.7998046875,4238.2998046875,60
2026-06-10T00:32:00.000Z,GC,4237.89990234375,4237.89990234375,4230.60009765625,4231.60009765625,212
2026-06-10T00:33:00.000Z,GC,4232.10009765625,4232.60009765625,4229.5,4230.39990234375,107
2026-06-10T00:34:00.000Z,GC,4230.0,4232.2998046875,4228.60009765625,4229.2998046875,137
2026-06-10T00:35:00.000Z,GC,4229.0,4232.39990234375,4228.5,4230.39990234375,152
2026-06-10T00:36:00.000Z,GC,4229.7998046875,4230.2998046875,4228.10009765625,4228.39990234375,174
2026-06-10T00:37:00.000Z,GC,4228.7001953125,4228.7001953125,4224.7998046875,4225.10009765625,411
2026-06-10T00:38:00.000Z,GC,4225.60009765625,4232.89990234375,4225.60009765625,4231.7001953125,120
2026-06-10T00:39:00.000Z,GC,4231.2001953125,4232.2001953125,4229.10009765625,4231.2998046875,149
2026-06-10T00:40:00.000Z,GC,4230.89990234375,4231.2998046875,4228.89990234375,4229.2001953125,48
2026-06-10T00:41:00.000Z,GC,4229.10009765625,4230.5,4227.7998046875,4228.7998046875,76
2026-06-10T00:42:00.000Z,GC,4228.89990234375,4228.89990234375,4224.7998046875,4226.5,74
2026-06-10T00:43:00.000Z,GC,4226.2998046875,4226.60009765625,4223.2001953125,4223.2001953125,164
2026-06-10T00:44:00.000Z,GC,4223.0,4227.7998046875,4222.0,4227.7998046875,274
2026-06-10T00:45:00.000Z,GC,4228.0,4229.5,4226.2998046875,4229.2998046875,116
2026-06-10T00:46:00.000Z,GC,4229.5,4229.5,4226.60009765625,4227.10009765625,43
2026-06-10T00:47:00.000Z,GC,4226.5,4229.0,4225.7998046875,4228.2998046875,59
2026-06-10T00:48:00.000Z,GC,4227.60009765625,4228.2001953125,4224.7001953125,4224.7998046875,125
2026-06-10T00:49:00.000Z,GC,4224.7998046875,4227.60009765625,4223.39990234375,4227.10009765625,87
2026-06-10T00:50:00.000Z,GC,4227.0,4228.5,4224.2001953125,4225.2001953125,102
2026-06-10T00:51:00.000Z,GC,4224.5,4226.39990234375,4224.10009765625,4226.10009765625,45
2026-06-10T00:52:00.000Z,GC,4225.89990234375,4229.89990234375,4225.7001953125,4229.0,123
2026-06-10T00:53:00.000Z,GC,4229.0,4232.0,4228.2001953125,4231.60009765625,66
2026-06-10T00:54:00.000Z,GC,4231.5,4232.2001953125,4229.5,4231.0,56
2026-06-10T00:55:00.000Z,GC,4231.39990234375,4235.0,4231.39990234375,4233.0,97
2026-06-10T00:56:00.000Z,GC,4233.2001953125,4236.10009765625,4232.89990234375,4235.89990234375,66
2026-06-10T00:57:00.000Z,GC,4235.10009765625,4236.89990234375,4234.10009765625,4236.10009765625,89
2026-06-10T00:58:00.000Z,GC,4236.0,4242.2001953125,4235.7998046875,4242.0,318
2026-06-10T00:59:00.000Z,GC,4242.10009765625,4244.10009765625,4240.10009765625,4241.60009765625,223
2026-06-10T01:00:00.000Z,GC,4242.2001953125,4242.5,4229.89990234375,4237.7998046875,417
2026-06-10T01:01:00.000Z,GC,4237.60009765625,4239.0,4226.2998046875,4226.7998046875,222
2026-06-10T01:02:00.000Z,GC,4226.2001953125,4231.5,4223.10009765625,4226.2001953125,243
2026-06-10T01:03:00.000Z,GC,4226.7001953125,4227.2998046875,4220.7001953125,4220.7998046875,425
2026-06-10T01:04:00.000Z,GC,4221.2998046875,4224.39990234375,4218.0,4218.0,606
2026-06-10T01:05:00.000Z,GC,4218.0,4218.5,4211.10009765625,4211.5,712
2026-06-10T01:06:00.000Z,GC,4211.2998046875,4222.2001953125,4210.7001953125,4221.89990234375,343
2026-06-10T01:07:00.000Z,GC,4221.7998046875,4223.5,4217.2001953125,4218.7998046875,101
2026-06-10T01:08:00.000Z,GC,4218.2001953125,4222.0,4217.2001953125,4221.5,95
2026-06-10T01:09:00.000Z,GC,4221.39990234375,4223.39990234375,4218.10009765625,4218.89990234375,81
2026-06-10T01:10:00.000Z,GC,4219.7001953125,4220.2001953125,4217.5,4219.7001953125,78
2026-06-10T01:11:00.000Z,GC,4220.2998046875,4226.0,4220.2998046875,4224.7998046875,91
2026-06-10T01:12:00.000Z,GC,4224.2001953125,4228.2998046875,4223.5,4227.7998046875,81
2026-06-10T01:13:00.000Z,GC,4228.0,4230.7001953125,4227.5,4227.5,89
2026-06-10T01:14:00.000Z,GC,4227.2001953125,4228.7998046875,4226.0,4227.2998046875,61
2026-06-10T01:15:00.000Z,GC,4226.7998046875,4229.89990234375,4224.2998046875,4228.5,123
2026-06-10T01:16:00.000Z,GC,4228.60009765625,4235.10009765625,4227.7001953125,4235.0,187
2026-06-10T01:17:00.000Z,GC,4234.39990234375,4239.7001953125,4233.7001953125,4239.7001953125,169
2026-06-10T01:18:00.000Z,GC,4239.2001953125,4240.2998046875,4237.60009765625,4238.7001953125,92
2026-06-10T01:19:00.000Z,GC,4238.60009765625,4240.2001953125,4236.10009765625,4237.10009765625,55
2026-06-10T01:20:00.000Z,GC,4236.89990234375,4236.89990234375,4229.7998046875,4230.0,127
2026-06-10T01:21:00.000Z,GC,4230.10009765625,4232.2998046875,4229.39990234375,4230.7998046875,98
2026-06-10T01:22:00.000Z,GC,4230.89990234375,4231.39990234375,4229.10009765625,4230.7001953125,39
2026-06-10T01:23:00.000Z,GC,4230.89990234375,4230.89990234375,4228.2998046875,4229.39990234375,31
2026-06-10T01:24:00.000Z,GC,4229.2998046875,4230.10009765625,4223.0,4224.5,95
2026-06-10T01:25:00.000Z,GC,4225.0,4225.89990234375,4221.2001953125,4222.89990234375,101
2026-06-10T01:26:00.000Z,GC,4223.5,4224.7998046875,4221.39990234375,4224.2001953125,56
2026-06-10T01:27:00.000Z,GC,4223.5,4226.10009765625,4222.0,4226.10009765625,39
2026-06-10T01:28:00.000Z,GC,4226.2998046875,4228.2998046875,4225.2998046875,4226.0,28
2026-06-10T01:29:00.000Z,GC,4226.7998046875,4226.7998046875,4223.39990234375,4225.5,74
2026-06-10T01:30:00.000Z,GC,4224.7998046875,4227.10009765625,4220.39990234375,4221.10009765625,115
2026-06-10T01:31:00.000Z,GC,4220.5,4226.60009765625,4220.5,4223.7001953125,66
2026-06-10T01:32:00.000Z,GC,4223.39990234375,4228.7001953125,4223.39990234375,4225.0,62
2026-06-10T01:33:00.000Z,GC,4224.89990234375,4225.0,4220.10009765625,4223.10009765625,73
2026-06-10T01:34:00.000Z,GC,4223.39990234375,4226.60009765625,4221.5,4226.10009765625,37
2026-06-10T01:35:00.000Z,GC,4226.2998046875,4226.2998046875,4223.5,4224.60009765625,45
2026-06-10T01:36:00.000Z,GC,4224.2998046875,4226.39990234375,4221.39990234375,4226.39990234375,172
2026-06-10T01:37:00.000Z,GC,4226.2998046875,4227.0,4223.0,4224.5,203
2026-06-10T01:38:00.000Z,GC,4225.0,4227.39990234375,4222.7998046875,4226.89990234375,77
2026-06-10T01:39:00.000Z,GC,4226.89990234375,4230.5,4224.2998046875,4225.10009765625,167
2026-06-10T01:40:00.000Z,GC,4224.39990234375,4226.10009765625,4220.2998046875,4220.60009765625,211
2026-06-10T01:41:00.000Z,GC,4220.7001953125,4221.7001953125,4216.2001953125,4217.0,171
2026-06-10T01:42:00.000Z,GC,4216.7001953125,4216.7998046875,4209.0,4211.5,458
2026-06-10T01:43:00.000Z,GC,4211.7001953125,4211.89990234375,4208.2001953125,4208.7001953125,238
2026-06-10T01:44:00.000Z,GC,4209.0,4211.2998046875,4208.5,4210.7001953125,96
2026-06-10T01:45:00.000Z,GC,4211.0,4214.89990234375,4210.7001953125,4210.7001953125,118
2026-06-10T01:46:00.000Z,GC,4210.39990234375,4210.89990234375,4208.2001953125,4209.39990234375,72
2026-06-10T01:47:00.000Z,GC,4209.60009765625,4210.7001953125,4208.39990234375,4208.39990234375,36
2026-06-10T01:48:00.000Z,GC,4208.7001953125,4215.39990234375,4207.7001953125,4214.39990234375,131
2026-06-10T01:49:00.000Z,GC,4215.39990234375,4217.39990234375,4214.5,4216.0,86
2026-06-10T01:50:00.000Z,GC,4215.89990234375,4219.39990234375,4214.2998046875,4214.2998046875,70
2026-06-10T01:51:00.000Z,GC,4214.7001953125,4214.7001953125,4208.39990234375,4210.7998046875,112
2026-06-10T01:52:00.000Z,GC,4210.60009765625,4212.7998046875,4207.2001953125,4210.0,252
2026-06-10T01:53:00.000Z,GC,4210.39990234375,4213.0,4209.89990234375,4212.5,58
2026-06-10T01:54:00.000Z,GC,4212.89990234375,4216.39990234375,4212.39990234375,4216.39990234375,128
2026-06-10T01:55:00.000Z,GC,4215.39990234375,4216.5,4213.0,4213.7001953125,90
2026-06-10T01:56:00.000Z,GC,4213.0,4216.0,4213.0,4213.7001953125,56
2026-06-10T01:57:00.000Z,GC,4214.10009765625,4214.10009765625,4212.10009765625,4213.5,23
2026-06-10T01:58:00.000Z,GC,4213.0,4213.0,4210.7001953125,4211.2998046875,81
2026-06-10T01:59:00.000Z,GC,4211.7001953125,4212.7998046875,4211.2001953125,4212.2001953125,32
2026-06-10T02:00:00.000Z,GC,4212.89990234375,4215.7998046875,4212.39990234375,4213.89990234375,36
2026-06-10T02:01:00.000Z,GC,4212.7001953125,4213.7998046875,4212.0,4213.7001953125,43
2026-06-10T02:02:00.000Z,GC,4214.39990234375,4214.60009765625,4212.7001953125,4212.7998046875,32
2026-06-10T02:03:00.000Z,GC,4212.5,4212.89990234375,4208.7001953125,4209.0,176
2026-06-10T02:04:00.000Z,GC,4208.7998046875,4210.7998046875,4207.2001953125,4210.7001953125,82
2026-06-10T02:05:00.000Z,GC,4210.2998046875,4210.2998046875,4206.89990234375,4207.7998046875,72
2026-06-10T02:06:00.000Z,GC,4207.89990234375,4207.89990234375,4205.2001953125,4206.2998046875,188
2026-06-10T02:07:00.000Z,GC,4206.2998046875,4206.39990234375,4203.2998046875,4205.89990234375,245
2026-06-10T02:08:00.000Z,GC,4205.7998046875,4207.10009765625,4205.60009765625,4205.60009765625,44
2026-06-10T02:09:00.000Z,GC,4205.10009765625,4205.7998046875,4203.2001953125,4205.2001953125,86
2026-06-10T02:10:00.000Z,GC,4204.60009765625,4205.0,4204.0,4205.0,78
2026-06-10T02:11:00.000Z,GC,4204.2998046875,4208.39990234375,4204.2998046875,4208.2001953125,77
2026-06-10T02:12:00.000Z,GC,4208.0,4208.2001953125,4206.39990234375,4208.2001953125,46
2026-06-10T02:13:00.000Z,GC,4208.5,4210.0,4208.0,4208.0,42
2026-06-10T02:14:00.000Z,GC,4207.5,4208.5,4206.39990234375,4207.0,38
2026-06-10T02:15:00.000Z,GC,4207.2998046875,4208.39990234375,4205.7001953125,4207.5,73
2026-06-10T02:16:00.000Z,GC,4206.89990234375,4208.7001953125,4205.60009765625,4208.7001953125,34
2026-06-10T02:17:00.000Z,GC,4208.10009765625,4210.2998046875,4207.7001953125,4210.2998046875,48
2026-06-10T02:18:00.000Z,GC,4209.5,4210.2001953125,4206.60009765625,4206.89990234375,73
2026-06-10T02:19:00.000Z,GC,4207.0,4207.39990234375,4203.7998046875,4204.89990234375,122
2026-06-10T02:20:00.000Z,GC,4204.89990234375,4206.89990234375,4204.2998046875,4206.5,70
2026-06-10T02:21:00.000Z,GC,4206.2998046875,4208.5,4206.0,4207.5,53
2026-06-10T02:22:00.000Z,GC,4208.60009765625,4209.39990234375,4206.60009765625,4206.60009765625,22
2026-06-10T02:23:00.000Z,GC,4206.39990234375,4209.0,4206.2998046875,4207.7001953125,35
2026-06-10T02:24:00.000Z,GC,4208.0,4211.0,4207.2001953125,4207.2998046875,65
2026-06-10T02:25:00.000Z,GC,4206.89990234375,4206.89990234375,4203.0,4204.39990234375,163
2026-06-10T02:26:00.000Z,GC,4204.10009765625,4204.10009765625,4202.0,4203.2998046875,169
2026-06-10T02:27:00.000Z,GC,4203.0,4206.2998046875,4202.7998046875,4206.2001953125,103
2026-06-10T02:28:00.000Z,GC,4206.2001953125,4210.0,4206.2001953125,4209.7001953125,122
2026-06-10T02:29:00.000Z,GC,4209.7001953125,4212.89990234375,4209.60009765625,4212.10009765625,127
2026-06-10T02:30:00.000Z,GC,4212.5,4216.5,4209.39990234375,4209.5,252
2026-06-10T02:31:00.000Z,GC,4209.2998046875,4212.2998046875,4209.10009765625,4210.5,107
2026-06-10T02:32:00.000Z,GC,4210.39990234375,4211.2001953125,4200.7001953125,4201.7998046875,333
2026-06-10T02:33:00.000Z,GC,4202.0,4202.39990234375,4198.2001953125,4200.89990234375,344
2026-06-10T02:34:00.000Z,GC,4201.10009765625,4204.7998046875,4200.7001953125,4203.2998046875,83
2026-06-10T02:35:00.000Z,GC,4203.39990234375,4205.5,4202.60009765625,4204.0,94
2026-06-10T02:36:00.000Z,GC,4204.2001953125,4206.39990234375,4204.10009765625,4206.10009765625,93
2026-06-10T02:37:00.000Z,GC,4205.7001953125,4207.89990234375,4205.2998046875,4207.2998046875,68
2026-06-10T02:38:00.000Z,GC,4207.2998046875,4212.5,4207.0,4212.2998046875,157
2026-06-10T02:39:00.000Z,GC,4212.7001953125,4213.60009765625,4208.0,4208.7001953125,111
2026-06-10T02:40:00.000Z,GC,4208.7998046875,4210.89990234375,4207.10009765625,4210.2998046875,67
2026-06-10T02:41:00.000Z,GC,4210.10009765625,4213.7001953125,4209.7001953125,4211.7998046875,55
2026-06-10T02:42:00.000Z,GC,4212.7001953125,4212.89990234375,4209.7998046875,4210.0,69
2026-06-10T02:43:00.000Z,GC,4210.60009765625,4210.60009765625,4205.60009765625,4205.7998046875,106
2026-06-10T02:44:00.000Z,GC,4205.89990234375,4208.2998046875,4204.2998046875,4208.2998046875,159
2026-06-10T02:45:00.000Z,GC,4208.7001953125,4211.0,4208.0,4210.39990234375,82
2026-06-10T02:46:00.000Z,GC,4210.89990234375,4214.7998046875,4210.89990234375,4212.2001953125,122
2026-06-10T02:47:00.000Z,GC,4212.2001953125,4212.2001953125,4208.60009765625,4209.2001953125,63
2026-06-10T02:48:00.000Z,GC,4208.39990234375,4209.2998046875,4208.0,4208.7001953125,18
2026-06-10T02:49:00.000Z,GC,4209.5,4212.0,4209.5,4211.5,32
2026-06-10T02:50:00.000Z,GC,4211.7998046875,4212.7001953125,4205.2001953125,4205.2998046875,123
2026-06-10T02:51:00.000Z,GC,4205.10009765625,4205.2998046875,4200.10009765625,4201.39990234375,148
2026-06-10T02:52:00.000Z,GC,4201.7001953125,4201.89990234375,4198.2998046875,4199.5,266
2026-06-10T02:53:00.000Z,GC,4200.0,4200.89990234375,4197.60009765625,4199.2001953125,114
2026-06-10T02:54:00.000Z,GC,4199.2998046875,4199.5,4198.2998046875,4198.7998046875,63
2026-06-10T02:55:00.000Z,GC,4199.0,4200.7998046875,4199.0,4199.89990234375,40
2026-06-10T02:56:00.000Z,GC,4199.60009765625,4199.7001953125,4197.0,4199.2001953125,46
2026-06-10T02:57:00.000Z,GC,4199.0,4200.0,4198.60009765625,4199.2998046875,66
2026-06-10T02:58:00.000Z,GC,4199.39990234375,4199.5,4197.0,4197.10009765625,97
2026-06-10T02:59:00.000Z,GC,4197.10009765625,4198.7001953125,4196.89990234375,4197.7998046875,83
2026-06-10T03:00:00.000Z,GC,4197.5,4198.2998046875,4195.5,4197.7998046875,184
2026-06-10T03:01:00.000Z,GC,4198.0,4198.89990234375,4196.39990234375,4198.7998046875,119
2026-06-10T03:02:00.000Z,GC,4198.7001953125,4200.5,4198.10009765625,4198.89990234375,67
2026-06-10T03:03:00.000Z,GC,4198.2998046875,4198.2998046875,4197.2998046875,4198.10009765625,61
2026-06-10T03:04:00.000Z,GC,4198.39990234375,4200.5,4197.2998046875,4200.39990234375,61
2026-06-10T03:05:00.000Z,GC,4200.39990234375,4202.5,4200.39990234375,4202.2001953125,106
2026-06-10T03:06:00.000Z,GC,4202.5,4204.7001953125,4202.5,4204.2001953125,140
2026-06-10T03:07:00.000Z,GC,4203.7998046875,4204.10009765625,4197.89990234375,4199.0,109
2026-06-10T03:08:00.000Z,GC,4199.0,4200.10009765625,4197.7001953125,4197.89990234375,74
2026-06-10T03:09:00.000Z,GC,4198.89990234375,4200.10009765625,4198.2998046875,4200.10009765625,43
2026-06-10T03:10:00.000Z,GC,4198.7001953125,4198.7001953125,4197.89990234375,4198.5,20
2026-06-10T03:11:00.000Z,GC,4198.7001953125,4201.89990234375,4198.7001953125,4200.5,44
2026-06-10T03:12:00.000Z,GC,4200.89990234375,4201.89990234375,4200.2001953125,4200.7001953125,31
2026-06-10T03:13:00.000Z,GC,4200.60009765625,4201.5,4200.39990234375,4200.89990234375,16
2026-06-10T03:14:00.000Z,GC,4201.10009765625,4202.10009765625,4201.0,4201.89990234375,36
2026-06-10T03:15:00.000Z,GC,4201.7998046875,4203.10009765625,4200.39990234375,4202.89990234375,46
2026-06-10T03:16:00.000Z,GC,4202.39990234375,4204.5,4202.39990234375,4204.39990234375,62
2026-06-10T03:17:00.000Z,GC,4204.7001953125,4205.0,4201.7001953125,4201.7001953125,50
2026-06-10T03:18:00.000Z,GC,4202.10009765625,4202.7998046875,4201.89990234375,4202.2998046875,26
2026-06-10T03:19:00.000Z,GC,4201.7998046875,4201.7998046875,4199.2998046875,4199.7001953125,41
2026-06-10T03:20:00.000Z,GC,4199.0,4199.7998046875,4197.2998046875,4199.7998046875,45
2026-06-10T03:21:00.000Z,GC,4199.10009765625,4199.10009765625,4197.7001953125,4198.2001953125,15
2026-06-10T03:22:00.000Z,GC,4198.10009765625,4200.10009765625,4198.10009765625,4199.2001953125,36
2026-06-10T03:23:00.000Z,GC,4198.7998046875,4199.60009765625,4198.2998046875,4199.39990234375,21
2026-06-10T03:24:00.000Z,GC,4199.60009765625,4199.60009765625,4197.7001953125,4198.10009765625,21
2026-06-10T03:25:00.000Z,GC,4199.0,4200.10009765625,4198.7001953125,4199.2998046875,57
2026-06-10T03:26:00.000Z,GC,4199.60009765625,4204.0,4198.89990234375,4202.2001953125,77
2026-06-10T03:27:00.000Z,GC,4202.2001953125,4202.2001953125,4199.7998046875,4199.7998046875,16
2026-06-10T03:28:00.000Z,GC,4200.2001953125,4200.39990234375,4199.5,4200.2001953125,23
2026-06-10T03:29:00.000Z,GC,4200.7001953125,4202.0,4200.7001953125,4201.0,27
2026-06-10T03:30:00.000Z,GC,4200.7998046875,4202.5,4200.0,4202.39990234375,54
2026-06-10T03:31:00.000Z,GC,4202.60009765625,4203.5,4202.10009765625,4202.7998046875,57
2026-06-10T03:32:00.000Z,GC,4202.7001953125,4202.7001953125,4200.2001953125,4200.7001953125,42
2026-06-10T03:33:00.000Z,GC,4200.89990234375,4204.0,4200.7998046875,4203.0,39
2026-06-10T03:34:00.000Z,GC,4202.7998046875,4204.60009765625,4201.89990234375,4204.2001953125,60
2026-06-10T03:35:00.000Z,GC,4203.89990234375,4204.0,4200.10009765625,4202.2998046875,51
2026-06-10T03:36:00.000Z,GC,4202.0,4202.89990234375,4200.89990234375,4202.10009765625,76
2026-06-10T03:37:00.000Z,GC,4202.0,4203.2998046875,4201.7998046875,4202.7001953125,43
2026-06-10T03:38:00.000Z,GC,4202.5,4206.39990234375,4202.5,4206.39990234375,96
2026-06-10T03:39:00.000Z,GC,4206.60009765625,4206.7001953125,4203.89990234375,4203.89990234375,33
2026-06-10T03:40:00.000Z,GC,4203.5,4206.39990234375,4203.5,4206.39990234375,49
2026-06-10T03:41:00.000Z,GC,4206.2998046875,4206.2998046875,4203.2001953125,4203.7001953125,42
2026-06-10T03:42:00.000Z,GC,4203.7998046875,4204.2001953125,4202.2001953125,4203.0,23
2026-06-10T03:43:00.000Z,GC,4202.5,4203.2998046875,4201.7001953125,4201.7001953125,18
2026-06-10T03:44:00.000Z,GC,4202.0,4204.2001953125,4201.5,4203.39990234375,40
2026-06-10T03:45:00.000Z,GC,4204.0,4205.2998046875,4203.5,4205.2998046875,30
2026-06-10T03:46:00.000Z,GC,4205.60009765625,4209.39990234375,4205.60009765625,4208.39990234375,88
2026-06-10T03:47:00.000Z,GC,4207.89990234375,4208.60009765625,4206.89990234375,4207.2998046875,44
2026-06-10T03:48:00.000Z,GC,4207.2001953125,4208.89990234375,4207.2001953125,4208.2001953125,26
2026-06-10T03:49:00.000Z,GC,4208.5,4210.2001953125,4208.5,4209.10009765625,68
2026-06-10T03:50:00.000Z,GC,4208.89990234375,4209.60009765625,4207.60009765625,4207.7998046875,26
2026-06-10T03:51:00.000Z,GC,4207.39990234375,4208.10009765625,4206.60009765625,4207.60009765625,19
2026-06-10T03:52:00.000Z,GC,4208.2001953125,4209.7998046875,4207.5,4207.5,19
2026-06-10T03:53:00.000Z,GC,4207.2998046875,4207.89990234375,4207.0,4207.2998046875,15
2026-06-10T03:54:00.000Z,GC,4207.2998046875,4209.0,4205.7998046875,4208.5,35
2026-06-10T03:55:00.000Z,GC,4208.89990234375,4208.89990234375,4205.5,4205.89990234375,29
2026-06-10T03:56:00.000Z,GC,4206.2001953125,4207.39990234375,4206.2001953125,4207.39990234375,7
2026-06-10T03:57:00.000Z,GC,4207.10009765625,4208.5,4206.89990234375,4206.89990234375,17
2026-06-10T03:58:00.000Z,GC,4207.7998046875,4208.2998046875,4207.5,4208.2001953125,10
2026-06-10T04:00:00.000Z,GC,4208.89990234375,4211.2001953125,4208.2001953125,4208.7001953125,43
2026-06-10T04:01:00.000Z,GC,4208.5,4208.5,4206.10009765625,4206.60009765625,18
2026-06-10T04:02:00.000Z,GC,4206.60009765625,4208.60009765625,4205.7001953125,4208.5,29
2026-06-10T04:03:00.000Z,GC,4208.60009765625,4210.5,4208.60009765625,4209.39990234375,35
2026-06-10T04:04:00.000Z,GC,4209.2998046875,4210.2001953125,4209.2998046875,4210.2001953125,20
2026-06-10T04:05:00.000Z,GC,4209.7001953125,4210.5,4209.10009765625,4210.10009765625,34
2026-06-10T04:06:00.000Z,GC,4209.5,4209.5,4208.0,4208.7001953125,23
2026-06-10T04:07:00.000Z,GC,4208.2001953125,4208.60009765625,4205.39990234375,4205.39990234375,51
2026-06-10T04:08:00.000Z,GC,4206.10009765625,4206.39990234375,4205.89990234375,4206.39990234375,7
2026-06-10T04:09:00.000Z,GC,4206.2001953125,4208.7001953125,4206.0,4208.7001953125,22
2026-06-10T04:10:00.000Z,GC,4207.5,4207.5,4206.2001953125,4206.5,26
2026-06-10T04:11:00.000Z,GC,4207.2001953125,4207.7001953125,4206.7998046875,4207.0,11
2026-06-10T04:12:00.000Z,GC,4205.89990234375,4205.89990234375,4204.2998046875,4204.2998046875,21
2026-06-10T04:13:00.000Z,GC,4204.39990234375,4205.89990234375,4204.2001953125,4204.7001953125,34
2026-06-10T04:14:00.000Z,GC,4205.2001953125,4205.39990234375,4204.60009765625,4204.60009765625,12
2026-06-10T04:15:00.000Z,GC,4205.5,4205.7998046875,4203.10009765625,4203.60009765625,31
2026-06-10T04:16:00.000Z,GC,4203.39990234375,4203.60009765625,4202.39990234375,4203.60009765625,20
2026-06-10T04:17:00.000Z,GC,4204.2001953125,4204.2001953125,4203.7001953125,4203.7001953125,8
2026-06-10T04:18:00.000Z,GC,4203.60009765625,4203.60009765625,4202.2998046875,4203.2998046875,19
2026-06-10T04:19:00.000Z,GC,4204.39990234375,4205.39990234375,4204.2001953125,4204.89990234375,24
2026-06-10T04:20:00.000Z,GC,4205.0,4205.0,4204.39990234375,4204.60009765625,10
2026-06-10T04:21:00.000Z,GC,4203.89990234375,4203.89990234375,4201.2001953125,4202.2001953125,49
2026-06-10T04:22:00.000Z,GC,4202.2001953125,4202.2001953125,4198.89990234375,4201.39990234375,97
2026-06-10T04:23:00.000Z,GC,4201.2998046875,4202.60009765625,4200.7001953125,4201.89990234375,55
2026-06-10T04:24:00.000Z,GC,4202.0,4202.5,4201.39990234375,4201.39990234375,13
2026-06-10T04:25:00.000Z,GC,4202.10009765625,4203.2998046875,4201.39990234375,4203.2001953125,56
2026-06-10T04:26:00.000Z,GC,4202.89990234375,4203.7998046875,4202.2001953125,4203.39990234375,29
2026-06-10T04:27:00.000Z,GC,4203.60009765625,4203.60009765625,4201.2998046875,4201.39990234375,22
2026-06-10T04:28:00.000Z,GC,4201.0,4201.39990234375,4196.89990234375,4197.0,114
2026-06-10T04:29:00.000Z,GC,4196.89990234375,4199.5,4196.89990234375,4197.89990234375,139
2026-06-10T04:30:00.000Z,GC,4197.89990234375,4197.89990234375,4196.2001953125,4196.89990234375,66
2026-06-10T04:31:00.000Z,GC,4196.7998046875,4198.5,4195.7998046875,4197.7998046875,114
2026-06-10T04:32:00.000Z,GC,4197.7001953125,4197.7001953125,4196.7998046875,4196.7998046875,12
2026-06-10T04:33:00.000Z,GC,4197.39990234375,4198.0,4196.89990234375,4196.89990234375,11
2026-06-10T04:34:00.000Z,GC,4196.89990234375,4198.5,4196.89990234375,4198.2998046875,20
2026-06-10T04:35:00.000Z,GC,4197.39990234375,4197.5,4196.0,4196.7001953125,71
2026-06-10T04:36:00.000Z,GC,4196.60009765625,4197.10009765625,4196.2998046875,4197.10009765625,16
2026-06-10T04:37:00.000Z,GC,4197.0,4198.2001953125,4197.0,4198.2001953125,27
2026-06-10T04:38:00.000Z,GC,4198.2998046875,4198.89990234375,4197.5,4198.10009765625,95
2026-06-10T04:39:00.000Z,GC,4198.10009765625,4198.2998046875,4197.5,4198.2998046875,22
2026-06-10T04:40:00.000Z,GC,4198.2998046875,4198.5,4196.7001953125,4197.2998046875,37
2026-06-10T04:41:00.000Z,GC,4197.2001953125,4197.2001953125,4195.89990234375,4196.7001953125,39
2026-06-10T04:42:00.000Z,GC,4196.5,4197.39990234375,4196.5,4197.0,18
2026-06-10T04:43:00.000Z,GC,4197.7998046875,4197.7998046875,4196.89990234375,4197.2001953125,5
2026-06-10T04:44:00.000Z,GC,4196.7998046875,4197.7001953125,4196.10009765625,4196.39990234375,54
2026-06-10T04:45:00.000Z,GC,4196.60009765625,4197.10009765625,4194.2001953125,4196.60009765625,134
2026-06-10T04:46:00.000Z,GC,4196.5,4197.7998046875,4196.2998046875,4197.39990234375,34
2026-06-10T04:47:00.000Z,GC,4197.7998046875,4198.10009765625,4196.5,4196.60009765625,26
2026-06-10T04:48:00.000Z,GC,4196.5,4197.2998046875,4196.39990234375,4196.7998046875,14
2026-06-10T04:49:00.000Z,GC,4196.7998046875,4197.89990234375,4196.39990234375,4197.60009765625,27
2026-06-10T04:50:00.000Z,GC,4197.5,4198.89990234375,4197.5,4198.5,36
2026-06-10T04:51:00.000Z,GC,4198.10009765625,4198.10009765625,4196.7001953125,4196.7001953125,9
2026-06-10T04:52:00.000Z,GC,4197.2998046875,4198.2998046875,4197.2001953125,4197.2998046875,16
2026-06-10T04:53:00.000Z,GC,4197.5,4197.7998046875,4197.2001953125,4197.7998046875,5
2026-06-10T04:54:00.000Z,GC,4198.0,4198.5,4197.0,4198.2001953125,20
2026-06-10T04:55:00.000Z,GC,4198.5,4199.0,4197.7001953125,4197.7001953125,19
2026-06-10T04:56:00.000Z,GC,4197.0,4198.0,4196.89990234375,4197.2998046875,16
2026-06-10T04:57:00.000Z,GC,4197.39990234375,4198.39990234375,4196.89990234375,4198.10009765625,33
2026-06-10T04:58:00.000Z,GC,4198.5,4198.5,4197.60009765625,4197.7998046875,8
2026-06-10T04:59:00.000Z,GC,4197.60009765625,4199.0,4197.60009765625,4198.0,17
2026-06-10T05:00:00.000Z,GC,4197.7001953125,4198.2998046875,4196.39990234375,4198.2998046875,30
2026-06-10T05:01:00.000Z,GC,4198.10009765625,4198.10009765625,4196.89990234375,4197.2001953125,43
2026-06-10T05:02:00.000Z,GC,4197.7001953125,4201.39990234375,4197.7001953125,4199.39990234375,127
2026-06-10T05:03:00.000Z,GC,4199.39990234375,4199.39990234375,4197.89990234375,4198.39990234375,41
2026-06-10T05:04:00.000Z,GC,4198.5,4198.60009765625,4196.2998046875,4197.60009765625,56
2026-06-10T05:05:00.000Z,GC,4198.0,4198.0,4196.39990234375,4198.0,26
2026-06-10T05:06:00.000Z,GC,4197.89990234375,4201.7001953125,4197.7998046875,4201.2998046875,51
2026-06-10T05:07:00.000Z,GC,4201.2998046875,4201.2998046875,4200.2001953125,4201.2001953125,35
2026-06-10T05:08:00.000Z,GC,4201.5,4202.0,4198.39990234375,4199.2001953125,41
2026-06-10T05:09:00.000Z,GC,4199.2001953125,4200.10009765625,4198.60009765625,4199.89990234375,15
2026-06-10T05:10:00.000Z,GC,4199.7998046875,4201.60009765625,4198.7001953125,4201.60009765625,23
2026-06-10T05:11:00.000Z,GC,4201.10009765625,4202.5,4201.10009765625,4201.2998046875,18
2026-06-10T05:12:00.000Z,GC,4201.2998046875,4201.39990234375,4200.5,4200.89990234375,28
2026-06-10T05:13:00.000Z,GC,4200.10009765625,4203.89990234375,4200.0,4203.2001953125,75
2026-06-10T05:14:00.000Z,GC,4203.2001953125,4203.2998046875,4202.10009765625,4202.60009765625,23
2026-06-10T05:15:00.000Z,GC,4203.2998046875,4203.39990234375,4200.7998046875,4201.0,30
2026-06-10T05:16:00.000Z,GC,4200.7001953125,4200.89990234375,4199.0,4199.7998046875,63
2026-06-10T05:17:00.000Z,GC,4199.89990234375,4202.10009765625,4199.89990234375,4200.39990234375,53
2026-06-10T05:18:00.000Z,GC,4200.5,4200.5,4198.5,4198.89990234375,40
2026-06-10T05:19:00.000Z,GC,4198.7001953125,4200.10009765625,4198.60009765625,4199.5,28
2026-06-10T05:20:00.000Z,GC,4199.7998046875,4200.10009765625,4199.39990234375,4199.7998046875,10
2026-06-10T05:21:00.000Z,GC,4199.7001953125,4202.2001953125,4198.89990234375,4202.2001953125,53
2026-06-10T05:22:00.000Z,GC,4202.39990234375,4204.5,4202.2001953125,4204.39990234375,65
2026-06-10T05:23:00.000Z,GC,4204.7001953125,4206.2998046875,4204.5,4205.10009765625,93
2026-06-10T05:24:00.000Z,GC,4204.7998046875,4205.7998046875,4203.5,4203.7998046875,44
2026-06-10T05:25:00.000Z,GC,4204.10009765625,4204.60009765625,4203.2998046875,4203.7001953125,45
2026-06-10T05:26:00.000Z,GC,4203.39990234375,4206.0,4203.39990234375,4205.2998046875,73
2026-06-10T05:27:00.000Z,GC,4205.39990234375,4207.10009765625,4204.89990234375,4206.7998046875,38
2026-06-10T05:28:00.000Z,GC,4207.10009765625,4207.7998046875,4206.10009765625,4207.10009765625,59
2026-06-10T05:29:00.000Z,GC,4207.39990234375,4210.5,4206.7998046875,4210.5,78
2026-06-10T05:30:00.000Z,GC,4210.7001953125,4213.0,4207.7998046875,4208.7001953125,269
2026-06-10T05:31:00.000Z,GC,4208.7998046875,4209.0,4205.2001953125,4208.2001953125,91
2026-06-10T05:32:00.000Z,GC,4207.89990234375,4214.2001953125,4207.89990234375,4213.39990234375,133
2026-06-10T05:33:00.000Z,GC,4213.10009765625,4216.89990234375,4211.10009765625,4215.7001953125,191
2026-06-10T05:34:00.000Z,GC,4216.10009765625,4216.10009765625,4212.5,4214.2001953125,136
2026-06-10T05:35:00.000Z,GC,4213.89990234375,4218.2001953125,4211.39990234375,4218.2001953125,151
2026-06-10T05:36:00.000Z,GC,4218.10009765625,4218.10009765625,4215.0,4216.39990234375,191
2026-06-10T05:37:00.000Z,GC,4216.89990234375,4217.89990234375,4214.10009765625,4214.2998046875,47
2026-06-10T05:38:00.000Z,GC,4214.7998046875,4217.10009765625,4214.60009765625,4217.0,45
2026-06-10T05:39:00.000Z,GC,4217.2998046875,4218.0,4214.89990234375,4217.10009765625,85
2026-06-10T05:40:00.000Z,GC,4217.39990234375,4219.5,4216.39990234375,4219.39990234375,111
2026-06-10T05:41:00.000Z,GC,4219.2001953125,4220.60009765625,4218.39990234375,4219.7001953125,113
2026-06-10T05:42:00.000Z,GC,4220.2001953125,4222.2998046875,4218.5,4221.7001953125,102
2026-06-10T05:43:00.000Z,GC,4221.5,4221.89990234375,4220.0,4220.10009765625,65
2026-06-10T05:44:00.000Z,GC,4219.7998046875,4222.2998046875,4218.0,4221.39990234375,93
2026-06-10T05:45:00.000Z,GC,4221.60009765625,4223.2001953125,4220.7001953125,4222.7001953125,100
2026-06-10T05:46:00.000Z,GC,4222.60009765625,4222.7998046875,4220.7998046875,4222.2001953125,58
2026-06-10T05:47:00.000Z,GC,4221.7001953125,4223.2998046875,4221.0,4223.10009765625,71
2026-06-10T05:48:00.000Z,GC,4223.0,4227.5,4222.7998046875,4227.2998046875,160
2026-06-10T05:49:00.000Z,GC,4227.0,4229.0,4225.5,4226.0,188
2026-06-10T05:50:00.000Z,GC,4226.10009765625,4228.5,4224.5,4224.7001953125,141
2026-06-10T05:51:00.000Z,GC,4224.7001953125,4226.39990234375,4223.89990234375,4225.2998046875,82
2026-06-10T05:52:00.000Z,GC,4226.0,4226.5,4224.5,4224.5,71
2026-06-10T05:53:00.000Z,GC,4224.89990234375,4227.60009765625,4224.5,4226.7998046875,71
2026-06-10T05:54:00.000Z,GC,4226.7998046875,4229.7001953125,4226.7998046875,4226.7998046875,121
2026-06-10T05:55:00.000Z,GC,4227.10009765625,4230.2998046875,4226.7998046875,4228.89990234375,125
2026-06-10T05:56:00.000Z,GC,4229.2001953125,4229.2001953125,4227.0,4227.60009765625,69
2026-06-10T05:57:00.000Z,GC,4227.60009765625,4232.2001953125,4227.60009765625,4230.7998046875,154
2026-06-10T05:58:00.000Z,GC,4230.0,4230.0,4227.0,4227.2998046875,56
2026-06-10T05:59:00.000Z,GC,4227.5,4229.0,4227.5,4228.7001953125,52
2026-06-10T06:00:00.000Z,GC,4228.60009765625,4232.89990234375,4228.39990234375,4232.2001953125,241
2026-06-10T06:01:00.000Z,GC,4232.39990234375,4232.39990234375,4229.0,4230.39990234375,97
2026-06-10T06:02:00.000Z,GC,4230.5,4232.7001953125,4230.39990234375,4231.5,65
2026-06-10T06:03:00.000Z,GC,4232.0,4233.39990234375,4231.5,4233.0,80
2026-06-10T06:04:00.000Z,GC,4233.7001953125,4235.89990234375,4233.5,4234.10009765625,148
2026-06-10T06:05:00.000Z,GC,4234.0,4235.2001953125,4232.39990234375,4234.60009765625,81
2026-06-10T06:06:00.000Z,GC,4234.7001953125,4239.5,4234.39990234375,4239.2998046875,218
2026-06-10T06:07:00.000Z,GC,4239.2001953125,4243.10009765625,4237.0,4243.10009765625,246
2026-06-10T06:08:00.000Z,GC,4243.2001953125,4245.5,4242.60009765625,4242.60009765625,362
2026-06-10T06:09:00.000Z,GC,4242.7998046875,4243.39990234375,4235.89990234375,4236.89990234375,276
2026-06-10T06:10:00.000Z,GC,4237.10009765625,4237.7998046875,4233.7998046875,4233.7998046875,155
2026-06-10T06:11:00.000Z,GC,4234.0,4235.2001953125,4232.60009765625,4234.0,95
2026-06-10T06:12:00.000Z,GC,4233.2001953125,4235.7001953125,4232.0,4235.7001953125,102
2026-06-10T06:13:00.000Z,GC,4236.0,4238.89990234375,4235.0,4237.60009765625,79
2026-06-10T06:14:00.000Z,GC,4237.89990234375,4238.39990234375,4235.0,4235.7001953125,31
2026-06-10T06:15:00.000Z,GC,4236.10009765625,4236.7998046875,4235.7001953125,4236.7998046875,30
2026-06-10T06:16:00.000Z,GC,4237.2001953125,4238.2001953125,4236.0,4236.5,67
2026-06-10T06:17:00.000Z,GC,4236.0,4237.0,4234.2998046875,4235.10009765625,50
2026-06-10T06:18:00.000Z,GC,4235.5,4236.2998046875,4234.89990234375,4235.7998046875,42
2026-06-10T06:19:00.000Z,GC,4235.89990234375,4238.7001953125,4235.89990234375,4237.2001953125,104
2026-06-10T06:20:00.000Z,GC,4238.2001953125,4240.10009765625,4238.2001953125,4239.2998046875,52
2026-06-10T06:21:00.000Z,GC,4239.0,4239.0,4233.0,4234.10009765625,103
2026-06-10T06:22:00.000Z,GC,4233.89990234375,4235.39990234375,4233.39990234375,4235.39990234375,64
2026-06-10T06:23:00.000Z,GC,4235.10009765625,4236.2001953125,4234.39990234375,4234.7998046875,26
2026-06-10T06:24:00.000Z,GC,4234.89990234375,4235.2998046875,4231.10009765625,4232.0,110
2026-06-10T06:25:00.000Z,GC,4232.2998046875,4235.10009765625,4232.2998046875,4234.7001953125,101
2026-06-10T06:26:00.000Z,GC,4234.5,4238.0,4233.7998046875,4237.7998046875,105
2026-06-10T06:27:00.000Z,GC,4238.0,4239.2001953125,4234.2001953125,4234.7001953125,129
2026-06-10T06:28:00.000Z,GC,4234.7998046875,4235.5,4233.7998046875,4234.60009765625,79
2026-06-10T06:29:00.000Z,GC,4234.2998046875,4236.0,4233.60009765625,4235.39990234375,20
2026-06-10T06:30:00.000Z,GC,4234.7001953125,4236.89990234375,4232.2998046875,4232.60009765625,91
2026-06-10T06:31:00.000Z,GC,4233.0,4233.89990234375,4231.60009765625,4232.10009765625,65
2026-06-10T06:32:00.000Z,GC,4232.39990234375,4233.10009765625,4232.0,4233.0,19
2026-06-10T06:33:00.000Z,GC,4233.7001953125,4234.10009765625,4233.0,4233.7998046875,30
2026-06-10T06:34:00.000Z,GC,4233.60009765625,4234.7998046875,4233.2001953125,4234.10009765625,35
2026-06-10T06:35:00.000Z,GC,4234.0,4234.2998046875,4232.60009765625,4234.2001953125,60
2026-06-10T06:36:00.000Z,GC,4233.89990234375,4235.10009765625,4233.0,4234.5,58
2026-06-10T06:37:00.000Z,GC,4234.89990234375,4235.2001953125,4232.7001953125,4233.10009765625,59
2026-06-10T06:38:00.000Z,GC,4233.60009765625,4233.89990234375,4231.10009765625,4232.7998046875,117
2026-06-10T06:39:00.000Z,GC,4232.60009765625,4232.89990234375,4231.60009765625,4232.10009765625,57
2026-06-10T06:40:00.000Z,GC,4232.2998046875,4232.7998046875,4229.7998046875,4230.39990234375,91
2026-06-10T06:41:00.000Z,GC,4230.5,4231.10009765625,4229.60009765625,4230.5,62
2026-06-10T06:42:00.000Z,GC,4230.5,4232.10009765625,4230.39990234375,4231.0,117
2026-06-10T06:43:00.000Z,GC,4230.7001953125,4231.10009765625,4228.89990234375,4229.5,134
2026-06-10T06:44:00.000Z,GC,4229.60009765625,4232.0,4228.60009765625,4230.7998046875,195
2026-06-10T06:45:00.000Z,GC,4230.7998046875,4231.10009765625,4229.39990234375,4230.89990234375,43
2026-06-10T06:46:00.000Z,GC,4231.0,4231.0,4228.7998046875,4229.7001953125,35
2026-06-10T06:47:00.000Z,GC,4229.2001953125,4233.10009765625,4229.2001953125,4231.39990234375,78
2026-06-10T06:48:00.000Z,GC,4231.10009765625,4231.2998046875,4229.0,4229.2998046875,47
2026-06-10T06:49:00.000Z,GC,4229.39990234375,4229.39990234375,4226.5,4226.89990234375,126
2026-06-10T06:50:00.000Z,GC,4226.60009765625,4228.7001953125,4226.0,4227.60009765625,105
2026-06-10T06:51:00.000Z,GC,4227.7998046875,4229.7001953125,4227.7998046875,4229.39990234375,73
2026-06-10T06:52:00.000Z,GC,4229.39990234375,4230.0,4228.2001953125,4228.2998046875,43
2026-06-10T06:53:00.000Z,GC,4228.7001953125,4228.7001953125,4227.2001953125,4227.2001953125,37
2026-06-10T06:54:00.000Z,GC,4226.89990234375,4226.89990234375,4225.10009765625,4225.39990234375,53
2026-06-10T06:55:00.000Z,GC,4225.7001953125,4227.5,4225.10009765625,4226.5,75
2026-06-10T06:56:00.000Z,GC,4226.60009765625,4226.89990234375,4225.2998046875,4225.89990234375,37
2026-06-10T06:57:00.000Z,GC,4225.89990234375,4227.39990234375,4225.89990234375,4227.2001953125,14
2026-06-10T06:58:00.000Z,GC,4227.2998046875,4229.2998046875,4226.7998046875,4227.0,46
2026-06-10T06:59:00.000Z,GC,4226.7001953125,4227.2001953125,4226.10009765625,4227.10009765625,30
2026-06-10T07:00:00.000Z,GC,4226.7001953125,4228.10009765625,4224.5,4227.2998046875,133
2026-06-10T07:01:00.000Z,GC,4227.5,4227.89990234375,4224.5,4226.5,100
2026-06-10T07:02:00.000Z,GC,4226.60009765625,4227.39990234375,4226.10009765625,4226.7998046875,37
2026-06-10T07:03:00.000Z,GC,4227.10009765625,4228.7998046875,4225.39990234375,4225.39990234375,72
2026-06-10T07:04:00.000Z,GC,4226.10009765625,4227.89990234375,4224.39990234375,4227.0,113
2026-06-10T07:05:00.000Z,GC,4226.5,4227.7001953125,4225.2998046875,4227.2001953125,99
2026-06-10T07:06:00.000Z,GC,4227.60009765625,4228.7001953125,4227.2001953125,4227.7998046875,32
2026-06-10T07:07:00.000Z,GC,4228.60009765625,4229.7998046875,4228.0,4228.89990234375,71
2026-06-10T07:08:00.000Z,GC,4229.10009765625,4229.5,4225.89990234375,4229.2001953125,80
2026-06-10T07:09:00.000Z,GC,4229.39990234375,4231.0,4227.7001953125,4230.2001953125,116
2026-06-10T07:10:00.000Z,GC,4230.2998046875,4231.0,4228.10009765625,4228.2998046875,115
2026-06-10T07:11:00.000Z,GC,4228.2001953125,4228.7998046875,4223.5,4224.7998046875,113
2026-06-10T07:12:00.000Z,GC,4224.89990234375,4225.0,4222.5,4223.0,84
2026-06-10T07:13:00.000Z,GC,4223.0,4223.0,4220.60009765625,4221.39990234375,82
2026-06-10T07:14:00.000Z,GC,4221.7998046875,4223.7998046875,4221.5,4223.5,68
2026-06-10T07:15:00.000Z,GC,4223.2998046875,4225.7998046875,4222.5,4225.7001953125,136
2026-06-10T07:16:00.000Z,GC,4225.7998046875,4225.89990234375,4223.2998046875,4223.2998046875,34
2026-06-10T07:17:00.000Z,GC,4223.10009765625,4223.7001953125,4222.7001953125,4223.7001953125,39
2026-06-10T07:18:00.000Z,GC,4223.5,4223.7998046875,4220.7998046875,4222.0,79
2026-06-10T07:19:00.000Z,GC,4222.2001953125,4222.5,4221.10009765625,4221.89990234375,42
2026-06-10T07:20:00.000Z,GC,4221.7001953125,4224.0,4221.60009765625,4222.60009765625,41
2026-06-10T07:21:00.000Z,GC,4221.7998046875,4223.10009765625,4221.2998046875,4223.10009765625,31
2026-06-10T07:22:00.000Z,GC,4223.89990234375,4224.39990234375,4222.7998046875,4224.0,31
2026-06-10T07:23:00.000Z,GC,4224.2998046875,4226.5,4224.2998046875,4224.7998046875,50
2026-06-10T07:24:00.000Z,GC,4224.5,4224.60009765625,4222.39990234375,4222.39990234375,33
2026-06-10T07:25:00.000Z,GC,4222.0,4222.0,4218.2001953125,4219.7001953125,102
2026-06-10T07:26:00.000Z,GC,4219.2001953125,4219.2998046875,4217.89990234375,4218.0,92
2026-06-10T07:27:00.000Z,GC,4217.89990234375,4219.60009765625,4217.10009765625,4217.10009765625,56
2026-06-10T07:28:00.000Z,GC,4217.10009765625,4217.7001953125,4216.5,4217.60009765625,72
2026-06-10T07:29:00.000Z,GC,4217.60009765625,4218.2998046875,4216.7998046875,4218.10009765625,132
2026-06-10T07:30:00.000Z,GC,4218.2998046875,4219.39990234375,4216.5,4219.10009765625,83
2026-06-10T07:31:00.000Z,GC,4219.0,4220.7001953125,4217.7998046875,4217.7998046875,60
2026-06-10T07:32:00.000Z,GC,4218.0,4218.0,4215.0,4216.7998046875,110
2026-06-10T07:33:00.000Z,GC,4216.7001953125,4217.89990234375,4216.7001953125,4217.89990234375,35
2026-06-10T07:34:00.000Z,GC,4218.2001953125,4219.2001953125,4218.10009765625,4218.5,54
2026-06-10T07:35:00.000Z,GC,4218.10009765625,4219.0,4217.60009765625,4218.0,54
2026-06-10T07:36:00.000Z,GC,4218.0,4218.39990234375,4215.2998046875,4217.2998046875,101
2026-06-10T07:37:00.000Z,GC,4217.2001953125,4218.10009765625,4215.7998046875,4216.5,51
2026-06-10T07:38:00.000Z,GC,4216.5,4217.0,4214.7001953125,4215.0,37
2026-06-10T07:39:00.000Z,GC,4215.0,4215.0,4213.5,4213.7998046875,61
2026-06-10T07:40:00.000Z,GC,4214.2001953125,4215.0,4213.0,4214.89990234375,172
2026-06-10T07:41:00.000Z,GC,4215.0,4216.60009765625,4214.89990234375,4215.60009765625,65
2026-06-10T07:42:00.000Z,GC,4215.7998046875,4216.60009765625,4214.2998046875,4215.10009765625,73
2026-06-10T07:43:00.000Z,GC,4215.0,4215.7998046875,4211.7998046875,4212.60009765625,189
2026-06-10T07:44:00.000Z,GC,4212.5,4213.5,4211.10009765625,4212.89990234375,122
2026-06-10T07:45:00.000Z,GC,4213.0,4215.7001953125,4212.7001953125,4215.39990234375,138
2026-06-10T07:46:00.000Z,GC,4215.10009765625,4216.2001953125,4215.0,4215.89990234375,66
2026-06-10T07:47:00.000Z,GC,4215.7001953125,4216.2998046875,4214.10009765625,4216.10009765625,105
2026-06-10T07:48:00.000Z,GC,4215.7001953125,4216.2001953125,4213.7998046875,4215.2998046875,81
2026-06-10T07:49:00.000Z,GC,4215.0,4215.7001953125,4213.0,4213.89990234375,101
2026-06-10T07:50:00.000Z,GC,4213.39990234375,4213.60009765625,4211.0,4212.10009765625,198
2026-06-10T07:51:00.000Z,GC,4212.2001953125,4213.2998046875,4211.10009765625,4211.39990234375,170
2026-06-10T07:52:00.000Z,GC,4211.0,4211.2998046875,4205.10009765625,4205.2998046875,348
2026-06-10T07:53:00.000Z,GC,4205.60009765625,4207.5,4205.0,4207.2998046875,217
2026-06-10T07:54:00.000Z,GC,4207.10009765625,4208.2998046875,4205.0,4205.39990234375,163
2026-06-10T07:55:00.000Z,GC,4205.7001953125,4207.10009765625,4205.0,4207.10009765625,137
2026-06-10T07:56:00.000Z,GC,4207.0,4209.2998046875,4206.60009765625,4208.2001953125,131
2026-06-10T07:57:00.000Z,GC,4208.7998046875,4208.7998046875,4205.0,4205.0,108
2026-06-10T07:58:00.000Z,GC,4205.39990234375,4209.39990234375,4205.39990234375,4209.2998046875,155
2026-06-10T07:59:00.000Z,GC,4209.2001953125,4211.5,4209.10009765625,4209.7001953125,137
2026-06-10T08:00:00.000Z,GC,4209.39990234375,4211.0,4202.60009765625,4203.2001953125,228
2026-06-10T08:01:00.000Z,GC,4203.2998046875,4204.2001953125,4200.7001953125,4201.2998046875,221
2026-06-10T08:02:00.000Z,GC,4201.39990234375,4201.7001953125,4197.39990234375,4197.7001953125,350
2026-06-10T08:03:00.000Z,GC,4197.5,4198.7998046875,4189.0,4189.7001953125,483
2026-06-10T08:04:00.000Z,GC,4190.0,4190.39990234375,4184.7001953125,4187.10009765625,477
2026-06-10T08:05:00.000Z,GC,4187.60009765625,4191.5,4185.5,4189.0,294
2026-06-10T08:06:00.000Z,GC,4188.7001953125,4190.39990234375,4187.5,4190.10009765625,112
2026-06-10T08:07:00.000Z,GC,4190.10009765625,4194.5,4189.2001953125,4193.7998046875,233
2026-06-10T08:08:00.000Z,GC,4193.89990234375,4194.0,4189.0,4190.7998046875,252
2026-06-10T08:09:00.000Z,GC,4190.7001953125,4190.7001953125,4187.89990234375,4190.2001953125,125
2026-06-10T08:10:00.000Z,GC,4190.2998046875,4194.0,4188.7998046875,4193.39990234375,139
2026-06-10T08:11:00.000Z,GC,4193.60009765625,4195.2001953125,4191.7998046875,4194.89990234375,157
2026-06-10T08:12:00.000Z,GC,4194.39990234375,4195.5,4192.60009765625,4192.7998046875,135
2026-06-10T08:13:00.000Z,GC,4192.7998046875,4192.89990234375,4186.7998046875,4186.7998046875,160
2026-06-10T08:14:00.000Z,GC,4187.5,4190.5,4184.0,4189.89990234375,327
2026-06-10T08:15:00.000Z,GC,4189.7001953125,4195.0,4189.0,4194.5,306
2026-06-10T08:16:00.000Z,GC,4194.5,4201.60009765625,4194.2998046875,4198.60009765625,270
2026-06-10T08:17:00.000Z,GC,4199.0,4201.2998046875,4198.7998046875,4199.60009765625,156
2026-06-10T08:18:00.000Z,GC,4199.7998046875,4200.0,4195.5,4196.0,124
2026-06-10T08:19:00.000Z,GC,4196.5,4199.2998046875,4195.5,4196.5,60
2026-06-10T08:20:00.000Z,GC,4196.5,4197.39990234375,4193.7001953125,4193.7001953125,119
2026-06-10T08:21:00.000Z,GC,4193.7001953125,4194.89990234375,4191.2001953125,4193.0,117
2026-06-10T08:22:00.000Z,GC,4193.10009765625,4193.7001953125,4192.2998046875,4193.10009765625,100
2026-06-10T08:23:00.000Z,GC,4193.5,4194.5,4192.7001953125,4193.89990234375,136
2026-06-10T08:24:00.000Z,GC,4194.0,4195.2001953125,4192.0,4193.7998046875,306
2026-06-10T08:25:00.000Z,GC,4194.5,4196.2001953125,4193.7998046875,4194.0,72
2026-06-10T08:26:00.000Z,GC,4194.2001953125,4195.60009765625,4192.7998046875,4193.2998046875,61
2026-06-10T08:27:00.000Z,GC,4193.0,4194.7998046875,4192.0,4193.2998046875,155
2026-06-10T08:28:00.000Z,GC,4193.2998046875,4196.7001953125,4193.2998046875,4195.5,69
2026-06-10T08:29:00.000Z,GC,4195.39990234375,4196.5,4194.5,4194.7001953125,71
2026-06-10T08:30:00.000Z,GC,4194.7998046875,4195.0,4192.0,4192.5,146
2026-06-10T08:31:00.000Z,GC,4192.2998046875,4193.2998046875,4189.39990234375,4192.7998046875,282
2026-06-10T08:32:00.000Z,GC,4192.5,4192.5,4189.2998046875,4190.2998046875,177
2026-06-10T08:33:00.000Z,GC,4190.60009765625,4191.5,4190.0,4191.10009765625,68
2026-06-10T08:34:00.000Z,GC,4191.10009765625,4192.2001953125,4190.7001953125,4191.10009765625,69
2026-06-10T08:35:00.000Z,GC,4191.10009765625,4195.10009765625,4191.10009765625,4194.7998046875,56
2026-06-10T08:36:00.000Z,GC,4195.0,4198.60009765625,4194.7001953125,4198.39990234375,96
2026-06-10T08:37:00.000Z,GC,4198.2998046875,4198.39990234375,4195.7998046875,4197.39990234375,89
2026-06-10T08:38:00.000Z,GC,4197.39990234375,4197.39990234375,4195.60009765625,4197.0,53
2026-06-10T08:39:00.000Z,GC,4197.5,4198.0,4194.7998046875,4195.7998046875,51
2026-06-10T08:40:00.000Z,GC,4195.60009765625,4198.0,4195.5,4197.5,43
2026-06-10T08:41:00.000Z,GC,4198.2998046875,4200.89990234375,4198.2998046875,4200.5,122
2026-06-10T08:42:00.000Z,GC,4200.5,4202.0,4199.60009765625,4200.2001953125,264
2026-06-10T08:43:00.000Z,GC,4200.10009765625,4200.7998046875,4197.89990234375,4199.7998046875,554
2026-06-10T08:44:00.000Z,GC,4199.2998046875,4199.39990234375,4192.7998046875,4193.2998046875,253
2026-06-10T08:45:00.000Z,GC,4193.2001953125,4193.2001953125,4190.7001953125,4192.2998046875,206
2026-06-10T08:46:00.000Z,GC,4192.2998046875,4192.5,4188.7001953125,4190.2998046875,172
2026-06-10T08:47:00.000Z,GC,4190.5,4192.5,4190.2998046875,4192.39990234375,110
2026-06-10T08:48:00.000Z,GC,4192.10009765625,4196.0,4192.10009765625,4195.10009765625,93
2026-06-10T08:49:00.000Z,GC,4195.5,4197.39990234375,4195.2998046875,4197.2001953125,64
2026-06-10T08:50:00.000Z,GC,4197.10009765625,4198.0,4196.10009765625,4197.2998046875,95
2026-06-10T08:51:00.000Z,GC,4198.10009765625,4199.2001953125,4194.2998046875,4194.2998046875,114
2026-06-10T08:52:00.000Z,GC,4194.60009765625,4197.0,4193.7998046875,4197.0,41
2026-06-10T08:53:00.000Z,GC,4196.5,4197.60009765625,4195.2001953125,4197.60009765625,50
2026-06-10T08:54:00.000Z,GC,4197.60009765625,4197.60009765625,4193.7998046875,4193.7998046875,49
2026-06-10T08:55:00.000Z,GC,4194.2001953125,4195.39990234375,4193.0,4194.7998046875,103
2026-06-10T08:56:00.000Z,GC,4194.39990234375,4195.0,4192.7001953125,4194.39990234375,239
2026-06-10T08:57:00.000Z,GC,4194.2998046875,4194.60009765625,4192.7001953125,4193.2001953125,140
2026-06-10T08:58:00.000Z,GC,4192.7998046875,4193.2001953125,4190.5,4190.89990234375,174
2026-06-10T08:59:00.000Z,GC,4191.2001953125,4192.39990234375,4190.7001953125,4191.7001953125,62
2026-06-10T09:00:00.000Z,GC,4192.0,4192.2001953125,4189.7001953125,4191.39990234375,143
2026-06-10T09:01:00.000Z,GC,4191.7001953125,4191.7001953125,4190.2998046875,4191.60009765625,62
2026-06-10T09:02:00.000Z,GC,4191.60009765625,4191.7998046875,4188.10009765625,4188.7001953125,70
2026-06-10T09:03:00.000Z,GC,4188.5,4192.39990234375,4188.2001953125,4190.2001953125,208
2026-06-10T09:04:00.000Z,GC,4189.89990234375,4191.5,4189.7998046875,4190.2001953125,72
2026-06-10T09:05:00.000Z,GC,4190.5,4192.2001953125,4189.60009765625,4192.0,94
2026-06-10T09:06:00.000Z,GC,4192.0,4194.2998046875,4191.10009765625,4191.39990234375,101
2026-06-10T09:07:00.000Z,GC,4191.0,4193.2001953125,4189.39990234375,4192.39990234375,77
2026-06-10T09:08:00.000Z,GC,4192.2998046875,4192.7001953125,4191.39990234375,4191.39990234375,50
2026-06-10T09:09:00.000Z,GC,4191.7001953125,4193.60009765625,4191.7001953125,4193.2001953125,48
2026-06-10T09:10:00.000Z,GC,4192.7001953125,4197.10009765625,4192.60009765625,4194.7998046875,118
2026-06-10T09:11:00.000Z,GC,4195.0,4195.10009765625,4191.7998046875,4191.7998046875,102
2026-06-10T09:12:00.000Z,GC,4191.7998046875,4192.2001953125,4189.89990234375,4189.89990234375,70
2026-06-10T09:13:00.000Z,GC,4189.7998046875,4191.7998046875,4189.10009765625,4191.0,55
2026-06-10T09:14:00.000Z,GC,4191.39990234375,4191.39990234375,4187.7001953125,4187.7001953125,184
2026-06-10T09:15:00.000Z,GC,4187.60009765625,4191.2001953125,4187.0,4190.10009765625,145
2026-06-10T09:16:00.000Z,GC,4190.10009765625,4192.7998046875,4188.89990234375,4192.60009765625,122
2026-06-10T09:17:00.000Z,GC,4192.5,4196.0,4192.0,4195.5,173
2026-06-10T09:18:00.000Z,GC,4195.5,4197.7001953125,4194.7998046875,4194.7998046875,129
2026-06-10T09:19:00.000Z,GC,4194.7998046875,4196.5,4193.7001953125,4194.10009765625,80
2026-06-10T09:20:00.000Z,GC,4193.7001953125,4193.7001953125,4191.10009765625,4193.0,84
2026-06-10T09:21:00.000Z,GC,4193.0,4193.7998046875,4191.2998046875,4191.5,52
2026-06-10T09:22:00.000Z,GC,4191.5,4191.7998046875,4189.0,4189.5,110
2026-06-10T09:23:00.000Z,GC,4189.2001953125,4190.7998046875,4188.7001953125,4190.0,161
2026-06-10T09:24:00.000Z,GC,4189.89990234375,4192.0,4189.2001953125,4190.89990234375,110
2026-06-10T09:25:00.000Z,GC,4191.0,4193.60009765625,4190.89990234375,4193.60009765625,81
2026-06-10T09:26:00.000Z,GC,4193.7998046875,4194.60009765625,4191.5,4192.60009765625,193
2026-06-10T09:27:00.000Z,GC,4192.7998046875,4194.0,4190.89990234375,4191.39990234375,135
2026-06-10T09:28:00.000Z,GC,4191.39990234375,4192.2998046875,4189.2001953125,4189.39990234375,142
2026-06-10T09:29:00.000Z,GC,4189.2001953125,4189.7998046875,4186.89990234375,4189.0,218
2026-06-10T09:30:00.000Z,GC,4188.60009765625,4192.7998046875,4188.60009765625,4191.5,240
2026-06-10T09:31:00.000Z,GC,4192.10009765625,4192.7998046875,4190.7001953125,4191.60009765625,263
2026-06-10T09:32:00.000Z,GC,4191.7998046875,4198.89990234375,4191.7998046875,4197.7001953125,330
2026-06-10T09:33:00.000Z,GC,4198.10009765625,4198.60009765625,4196.10009765625,4196.10009765625,157
2026-06-10T09:34:00.000Z,GC,4196.5,4200.2998046875,4196.2001953125,4199.89990234375,192
2026-06-10T09:35:00.000Z,GC,4199.60009765625,4200.7001953125,4199.2001953125,4200.39990234375,94
2026-06-10T09:36:00.000Z,GC,4200.89990234375,4202.60009765625,4196.2998046875,4196.60009765625,194
2026-06-10T09:37:00.000Z,GC,4197.0,4197.60009765625,4195.39990234375,4196.5,64
2026-06-10T09:38:00.000Z,GC,4196.0,4198.7998046875,4196.0,4197.10009765625,65
2026-06-10T09:39:00.000Z,GC,4197.10009765625,4197.10009765625,4193.7001953125,4195.10009765625,57
2026-06-10T09:40:00.000Z,GC,4195.2998046875,4195.60009765625,4190.39990234375,4191.7998046875,206
2026-06-10T09:41:00.000Z,GC,4191.7998046875,4192.89990234375,4190.2998046875,4191.7001953125,70
2026-06-10T09:42:00.000Z,GC,4191.7001953125,4192.60009765625,4190.2998046875,4191.39990234375,73
2026-06-10T09:43:00.000Z,GC,4191.2998046875,4193.7998046875,4190.39990234375,4193.7998046875,57
2026-06-10T09:44:00.000Z,GC,4193.10009765625,4194.5,4192.7001953125,4194.2998046875,51
2026-06-10T09:45:00.000Z,GC,4194.5,4196.7001953125,4194.39990234375,4196.5,56
2026-06-10T09:46:00.000Z,GC,4196.2001953125,4197.60009765625,4196.0,4196.39990234375,112
2026-06-10T09:47:00.000Z,GC,4196.7001953125,4196.7001953125,4190.7001953125,4190.7001953125,236
2026-06-10T09:48:00.000Z,GC,4190.5,4191.7001953125,4188.89990234375,4190.10009765625,202
2026-06-10T09:49:00.000Z,GC,4190.10009765625,4192.0,4189.89990234375,4191.10009765625,107
2026-06-10T09:50:00.000Z,GC,4191.0,4191.5,4189.5,4190.60009765625,125
2026-06-10T09:51:00.000Z,GC,4190.5,4191.5,4189.7001953125,4191.10009765625,52
2026-06-10T09:52:00.000Z,GC,4191.2001953125,4191.5,4187.7001953125,4188.10009765625,125
2026-06-10T09:53:00.000Z,GC,4187.7001953125,4188.39990234375,4185.60009765625,4186.7998046875,150
2026-06-10T09:54:00.000Z,GC,4187.2998046875,4189.2998046875,4187.10009765625,4188.7001953125,58
2026-06-10T09:55:00.000Z,GC,4188.60009765625,4189.39990234375,4188.10009765625,4189.0,57
2026-06-10T09:56:00.000Z,GC,4188.7001953125,4189.89990234375,4188.5,4189.7998046875,49
2026-06-10T09:57:00.000Z,GC,4190.2001953125,4190.2001953125,4188.2998046875,4188.89990234375,99
2026-06-10T09:58:00.000Z,GC,4189.39990234375,4190.5,4189.39990234375,4190.2998046875,33
2026-06-10T09:59:00.000Z,GC,4189.7998046875,4192.10009765625,4189.39990234375,4191.60009765625,194
2026-06-10T10:00:00.000Z,GC,4191.60009765625,4193.2998046875,4190.7998046875,4190.89990234375,332
2026-06-10T10:01:00.000Z,GC,4191.0,4193.5,4189.89990234375,4193.2001953125,122
2026-06-10T10:02:00.000Z,GC,4193.39990234375,4193.7998046875,4192.60009765625,4192.89990234375,70
2026-06-10T10:03:00.000Z,GC,4192.5,4193.0,4190.7998046875,4191.2998046875,81
2026-06-10T10:04:00.000Z,GC,4191.2001953125,4193.0,4190.60009765625,4192.10009765625,102
2026-06-10T10:05:00.000Z,GC,4192.0,4192.2998046875,4188.0,4189.39990234375,70
2026-06-10T10:06:00.000Z,GC,4189.10009765625,4189.7998046875,4185.7001953125,4185.7001953125,127
2026-06-10T10:07:00.000Z,GC,4185.7001953125,4186.39990234375,4179.10009765625,4179.2998046875,442
2026-06-10T10:08:00.000Z,GC,4179.39990234375,4181.0,4178.5,4179.7001953125,366
2026-06-10T10:09:00.000Z,GC,4180.10009765625,4183.10009765625,4179.7998046875,4182.5,149
2026-06-10T10:10:00.000Z,GC,4182.39990234375,4182.7998046875,4178.5,4179.7001953125,169
2026-06-10T10:11:00.000Z,GC,4179.89990234375,4182.7001953125,4179.2998046875,4181.7998046875,82
2026-06-10T10:12:00.000Z,GC,4181.60009765625,4184.7001953125,4181.10009765625,4184.60009765625,105
2026-06-10T10:13:00.000Z,GC,4184.7001953125,4185.10009765625,4182.60009765625,4183.60009765625,53
2026-06-10T10:14:00.000Z,GC,4183.7001953125,4185.10009765625,4183.60009765625,4184.0,95
2026-06-10T10:15:00.000Z,GC,4183.7001953125,4184.5,4182.39990234375,4182.7001953125,104
2026-06-10T10:16:00.000Z,GC,4183.0,4184.2001953125,4182.89990234375,4183.7998046875,36
2026-06-10T10:17:00.000Z,GC,4183.7001953125,4184.2001953125,4182.7998046875,4183.60009765625,30
2026-06-10T10:18:00.000Z,GC,4183.60009765625,4186.7001953125,4183.2998046875,4184.2001953125,250
2026-06-10T10:19:00.000Z,GC,4184.39990234375,4187.60009765625,4184.2998046875,4187.10009765625,120
2026-06-10T10:20:00.000Z,GC,4187.10009765625,4187.7998046875,4186.39990234375,4187.7001953125,52
2026-06-10T10:21:00.000Z,GC,4188.0,4192.7998046875,4187.89990234375,4192.2998046875,125
2026-06-10T10:22:00.000Z,GC,4191.89990234375,4192.7001953125,4191.10009765625,4191.2998046875,42
2026-06-10T10:23:00.000Z,GC,4191.5,4191.60009765625,4189.39990234375,4189.5,114
2026-06-10T10:24:00.000Z,GC,4189.2998046875,4190.39990234375,4188.0,4189.60009765625,105
2026-06-10T10:25:00.000Z,GC,4189.39990234375,4189.89990234375,4187.89990234375,4188.0,84
2026-06-10T10:26:00.000Z,GC,4187.7998046875,4187.7998046875,4185.5,4186.39990234375,81
2026-06-10T10:27:00.000Z,GC,4186.60009765625,4188.2998046875,4186.60009765625,4188.10009765625,26
2026-06-10T10:28:00.000Z,GC,4187.7998046875,4191.7998046875,4187.2001953125,4191.2001953125,109
2026-06-10T10:29:00.000Z,GC,4191.39990234375,4192.0,4187.60009765625,4187.60009765625,95
2026-06-10T10:30:00.000Z,GC,4187.39990234375,4191.7001953125,4186.7998046875,4190.89990234375,83
2026-06-10T10:31:00.000Z,GC,4190.39990234375,4190.89990234375,4189.39990234375,4190.2001953125,51
2026-06-10T10:32:00.000Z,GC,4190.2998046875,4190.60009765625,4189.10009765625,4189.39990234375,37
2026-06-10T10:33:00.000Z,GC,4190.0,4191.7998046875,4190.0,4190.7001953125,36
2026-06-10T10:34:00.000Z,GC,4190.5,4190.5,4187.60009765625,4187.7998046875,76
2026-06-10T10:35:00.000Z,GC,4188.0,4189.60009765625,4187.0,4187.7998046875,87
2026-06-10T10:36:00.000Z,GC,4187.7001953125,4191.10009765625,4187.7001953125,4191.10009765625,36
2026-06-10T10:37:00.000Z,GC,4191.89990234375,4191.89990234375,4190.5,4191.2001953125,79
2026-06-10T10:38:00.000Z,GC,4191.60009765625,4192.0,4189.2001953125,4189.5,32
2026-06-10T10:39:00.000Z,GC,4189.2998046875,4189.89990234375,4188.7998046875,4189.89990234375,29
2026-06-10T10:40:00.000Z,GC,4190.2001953125,4190.39990234375,4187.10009765625,4188.2998046875,115
2026-06-10T10:41:00.000Z,GC,4188.7001953125,4190.7001953125,4188.7001953125,4190.10009765625,45
2026-06-10T10:42:00.000Z,GC,4189.7998046875,4191.7998046875,4189.60009765625,4191.7001953125,33
2026-06-10T10:43:00.000Z,GC,4191.7001953125,4193.7001953125,4190.7998046875,4191.10009765625,62
2026-06-10T10:44:00.000Z,GC,4191.2998046875,4194.2001953125,4190.7001953125,4194.10009765625,34
2026-06-10T10:45:00.000Z,GC,4194.10009765625,4194.2001953125,4193.0,4193.39990234375,68
2026-06-10T10:46:00.000Z,GC,4193.60009765625,4194.0,4192.60009765625,4193.7998046875,85
2026-06-10T10:47:00.000Z,GC,4193.39990234375,4196.0,4193.10009765625,4193.89990234375,100
2026-06-10T10:48:00.000Z,GC,4194.10009765625,4195.10009765625,4193.10009765625,4195.10009765625,89
2026-06-10T10:49:00.000Z,GC,4195.2001953125,4200.2998046875,4195.2001953125,4200.2001953125,195
2026-06-10T10:50:00.000Z,GC,4199.89990234375,4201.5,4198.10009765625,4198.7001953125,148
2026-06-10T10:51:00.000Z,GC,4198.39990234375,4198.60009765625,4197.39990234375,4197.39990234375,50
2026-06-10T10:52:00.000Z,GC,4197.10009765625,4198.2998046875,4196.10009765625,4196.2998046875,54
2026-06-10T10:53:00.000Z,GC,4195.89990234375,4196.2998046875,4194.0,4195.7998046875,39
2026-06-10T10:54:00.000Z,GC,4195.7998046875,4196.0,4194.10009765625,4194.60009765625,76
2026-06-10T10:55:00.000Z,GC,4194.2998046875,4195.5,4194.10009765625,4195.5,45
2026-06-10T10:56:00.000Z,GC,4194.60009765625,4198.89990234375,4194.60009765625,4198.2001953125,174
2026-06-10T10:57:00.000Z,GC,4198.10009765625,4201.0,4197.39990234375,4199.10009765625,151
2026-06-10T10:58:00.000Z,GC,4199.39990234375,4199.60009765625,4196.89990234375,4198.60009765625,87
2026-06-10T10:59:00.000Z,GC,4198.2001953125,4198.2001953125,4196.5,4197.5,51
2026-06-10T11:00:00.000Z,GC,4197.5,4198.60009765625,4196.0,4196.7001953125,86
2026-06-10T11:01:00.000Z,GC,4196.7001953125,4197.5,4196.7001953125,4196.89990234375,59
2026-06-10T11:02:00.000Z,GC,4196.7998046875,4198.60009765625,4196.7001953125,4197.60009765625,48
2026-06-10T11:03:00.000Z,GC,4197.7001953125,4197.7001953125,4184.0,4184.7998046875,858
2026-06-10T11:04:00.000Z,GC,4185.10009765625,4188.5,4182.7001953125,4184.2998046875,339
2026-06-10T11:05:00.000Z,GC,4184.7001953125,4186.7001953125,4176.0,4185.39990234375,531
2026-06-10T11:06:00.000Z,GC,4184.7001953125,4185.7001953125,4180.89990234375,4184.7998046875,233
2026-06-10T11:07:00.000Z,GC,4184.7998046875,4187.39990234375,4183.60009765625,4186.0,192
2026-06-10T11:08:00.000Z,GC,4184.89990234375,4186.2998046875,4184.0,4185.39990234375,96
2026-06-10T11:09:00.000Z,GC,4185.5,4186.2998046875,4181.39990234375,4184.0,111
2026-06-10T11:10:00.000Z,GC,4183.7998046875,4187.0,4183.60009765625,4185.7001953125,146
2026-06-10T11:11:00.000Z,GC,4185.89990234375,4189.2998046875,4185.89990234375,4187.2001953125,169
2026-06-10T11:12:00.000Z,GC,4187.39990234375,4189.0,4186.7001953125,4187.5,93
2026-06-10T11:13:00.000Z,GC,4187.7001953125,4188.0,4186.0,4187.10009765625,44
2026-06-10T11:14:00.000Z,GC,4185.39990234375,4191.60009765625,4185.39990234375,4191.2998046875,144
2026-06-10T11:15:00.000Z,GC,4191.39990234375,4194.60009765625,4191.2001953125,4194.2001953125,172
2026-06-10T11:16:00.000Z,GC,4193.7998046875,4193.7998046875,4189.10009765625,4190.7001953125,109
2026-06-10T11:17:00.000Z,GC,4190.2001953125,4192.0,4189.60009765625,4189.60009765625,38
2026-06-10T11:18:00.000Z,GC,4189.5,4191.7998046875,4188.89990234375,4189.60009765625,117
2026-06-10T11:19:00.000Z,GC,4190.0,4190.7998046875,4187.2001953125,4187.60009765625,71
2026-06-10T11:20:00.000Z,GC,4187.5,4190.89990234375,4187.5,4188.10009765625,78
2026-06-10T11:21:00.000Z,GC,4188.5,4191.7998046875,4188.5,4190.39990234375,108
2026-06-10T11:22:00.000Z,GC,4189.7998046875,4193.2998046875,4189.60009765625,4191.7998046875,66
2026-06-10T11:23:00.000Z,GC,4192.0,4193.39990234375,4191.2998046875,4192.2998046875,29
2026-06-10T11:24:00.000Z,GC,4191.5,4192.10009765625,4186.10009765625,4186.60009765625,239
2026-06-10T11:25:00.000Z,GC,4186.10009765625,4187.10009765625,4179.5,4181.89990234375,900
2026-06-10T11:26:00.000Z,GC,4182.60009765625,4186.2998046875,4180.89990234375,4185.60009765625,165
2026-06-10T11:27:00.000Z,GC,4184.7998046875,4189.60009765625,4184.7998046875,4188.2001953125,184
2026-06-10T11:28:00.000Z,GC,4188.5,4189.0,4187.0,4188.0,85
2026-06-10T11:29:00.000Z,GC,4188.0,4189.2001953125,4186.39990234375,4189.2001953125,36
2026-06-10T11:30:00.000Z,GC,4188.7998046875,4190.60009765625,4187.5,4188.89990234375,75
2026-06-10T11:31:00.000Z,GC,4188.39990234375,4188.7001953125,4184.0,4184.60009765625,52
2026-06-10T11:32:00.000Z,GC,4184.7001953125,4187.89990234375,4184.2998046875,4185.39990234375,96
2026-06-10T11:33:00.000Z,GC,4185.5,4189.2001953125,4185.10009765625,4187.5,146
2026-06-10T11:34:00.000Z,GC,4187.10009765625,4188.10009765625,4185.0,4187.39990234375,98
2026-06-10T11:35:00.000Z,GC,4187.60009765625,4188.5,4184.7998046875,4185.89990234375,69
2026-06-10T11:36:00.000Z,GC,4186.0,4187.10009765625,4184.5,4186.7998046875,56
2026-06-10T11:37:00.000Z,GC,4186.89990234375,4187.0,4182.39990234375,4183.5,68
2026-06-10T11:38:00.000Z,GC,4183.10009765625,4184.0,4179.0,4180.10009765625,167
2026-06-10T11:39:00.000Z,GC,4179.89990234375,4180.2998046875,4178.89990234375,4179.0,279
2026-06-10T11:40:00.000Z,GC,4179.5,4182.60009765625,4179.39990234375,4181.10009765625,131
2026-06-10T11:41:00.000Z,GC,4180.89990234375,4180.89990234375,4179.0,4180.0,151
2026-06-10T11:42:00.000Z,GC,4180.2998046875,4181.2998046875,4179.2998046875,4180.0,111
2026-06-10T11:43:00.000Z,GC,4179.7998046875,4181.7998046875,4179.0,4181.39990234375,115
2026-06-10T11:44:00.000Z,GC,4181.10009765625,4181.2998046875,4176.89990234375,4177.10009765625,238
2026-06-10T11:45:00.000Z,GC,4176.7998046875,4177.60009765625,4174.2001953125,4175.60009765625,715
2026-06-10T11:46:00.000Z,GC,4175.89990234375,4176.89990234375,4175.2998046875,4175.7001953125,133
2026-06-10T11:47:00.000Z,GC,4176.10009765625,4177.89990234375,4175.0,4177.60009765625,115
2026-06-10T11:48:00.000Z,GC,4178.10009765625,4178.2001953125,4176.10009765625,4177.2998046875,121
2026-06-10T11:49:00.000Z,GC,4177.7998046875,4178.2001953125,4175.60009765625,4177.7998046875,84
2026-06-10T11:50:00.000Z,GC,4178.10009765625,4179.7998046875,4177.39990234375,4179.7001953125,132
2026-06-10T11:51:00.000Z,GC,4179.5,4186.2001953125,4179.10009765625,4184.7998046875,264
2026-06-10T11:52:00.000Z,GC,4185.0,4186.2001953125,4183.7001953125,4183.7001953125,158
2026-06-10T11:53:00.000Z,GC,4183.2998046875,4185.2001953125,4179.89990234375,4180.7001953125,135
2026-06-10T11:54:00.000Z,GC,4180.60009765625,4180.7998046875,4176.2998046875,4177.0,157
2026-06-10T11:55:00.000Z,GC,4177.10009765625,4178.60009765625,4175.2001953125,4175.7001953125,154
2026-06-10T11:56:00.000Z,GC,4175.5,4176.7001953125,4172.60009765625,4173.5,415
2026-06-10T11:57:00.000Z,GC,4173.2998046875,4175.39990234375,4172.89990234375,4173.10009765625,85
2026-06-10T11:58:00.000Z,GC,4173.0,4175.0,4169.7001953125,4169.7001953125,295
2026-06-10T11:59:00.000Z,GC,4169.7001953125,4171.0,4168.2001953125,4170.2001953125,363
2026-06-10T12:00:00.000Z,GC,4169.89990234375,4173.5,4169.2001953125,4171.2998046875,412
2026-06-10T12:01:00.000Z,GC,4171.60009765625,4171.60009765625,4168.0,4170.2001953125,260
2026-06-10T12:02:00.000Z,GC,4169.89990234375,4173.2998046875,4169.89990234375,4173.10009765625,123
2026-06-10T12:03:00.000Z,GC,4173.2998046875,4175.2001953125,4171.10009765625,4171.7998046875,153
2026-06-10T12:04:00.000Z,GC,4171.5,4172.39990234375,4169.10009765625,4169.39990234375,157
2026-06-10T12:05:00.000Z,GC,4169.5,4173.0,4169.5,4173.0,172
2026-06-10T12:06:00.000Z,GC,4172.60009765625,4172.7001953125,4169.5,4170.7001953125,69
2026-06-10T12:07:00.000Z,GC,4170.60009765625,4170.89990234375,4167.7001953125,4169.60009765625,161
2026-06-10T12:08:00.000Z,GC,4169.89990234375,4170.39990234375,4167.60009765625,4168.2998046875,98
2026-06-10T12:09:00.000Z,GC,4168.39990234375,4170.10009765625,4167.10009765625,4167.2001953125,128
2026-06-10T12:10:00.000Z,GC,4167.2998046875,4167.60009765625,4162.2998046875,4162.60009765625,429
2026-06-10T12:11:00.000Z,GC,4162.39990234375,4164.5,4162.0,4162.89990234375,259
2026-06-10T12:12:00.000Z,GC,4163.10009765625,4164.0,4157.10009765625,4159.60009765625,454
2026-06-10T12:13:00.000Z,GC,4159.5,4164.39990234375,4158.2001953125,4161.2001953125,488
2026-06-10T12:14:00.000Z,GC,4160.7001953125,4161.10009765625,4157.0,4158.89990234375,395
2026-06-10T12:15:00.000Z,GC,4158.60009765625,4165.0,4158.10009765625,4159.89990234375,560
2026-06-10T12:16:00.000Z,GC,4160.2998046875,4164.5,4160.2998046875,4164.0,204
2026-06-10T12:17:00.000Z,GC,4163.2998046875,4165.39990234375,4162.5,4165.0,163
2026-06-10T12:18:00.000Z,GC,4165.0,4165.10009765625,4158.7001953125,4159.5,164
2026-06-10T12:19:00.000Z,GC,4159.60009765625,4160.7998046875,4158.10009765625,4159.10009765625,211
2026-06-10T12:20:00.000Z,GC,4159.2998046875,4159.60009765625,4156.5,4157.7998046875,1116
2026-06-10T12:21:00.000Z,GC,4157.7998046875,4160.2998046875,4157.7998046875,4158.2001953125,237
2026-06-10T12:22:00.000Z,GC,4158.5,4160.0,4157.5,4158.0,217
2026-06-10T12:23:00.000Z,GC,4157.7001953125,4158.5,4156.5,4157.7001953125,351
2026-06-10T12:24:00.000Z,GC,4157.7998046875,4159.2998046875,4156.5,4157.60009765625,327
2026-06-10T12:25:00.000Z,GC,4157.10009765625,4161.7998046875,4157.0,4161.7001953125,367
2026-06-10T12:26:00.000Z,GC,4162.0,4164.7998046875,4161.10009765625,4163.60009765625,161
2026-06-10T12:27:00.000Z,GC,4163.2001953125,4164.0,4153.2998046875,4157.10009765625,749
2026-06-10T12:28:00.000Z,GC,4157.0,4162.0,4157.0,4162.0,351
2026-06-10T12:29:00.000Z,GC,4162.2998046875,4166.2998046875,4152.0,4165.10009765625,440
2026-06-10T12:30:00.000Z,GC,4164.39990234375,4197.2998046875,4161.5,4192.60009765625,2333
2026-06-10T12:31:00.000Z,GC,4192.2998046875,4194.39990234375,4178.10009765625,4179.2998046875,911
2026-06-10T12:32:00.000Z,GC,4178.7998046875,4186.2001953125,4177.5,4185.89990234375,484
2026-06-10T12:33:00.000Z,GC,4185.7998046875,4194.7001953125,4185.0,4189.39990234375,489
2026-06-10T12:34:00.000Z,GC,4189.7998046875,4190.7998046875,4181.7998046875,4185.7001953125,400
2026-06-10T12:35:00.000Z,GC,4186.39990234375,4187.5,4181.0,4181.2001953125,357
2026-06-10T12:36:00.000Z,GC,4181.5,4189.89990234375,4179.5,4189.89990234375,310
2026-06-10T12:37:00.000Z,GC,4189.39990234375,4196.5,4188.60009765625,4189.7001953125,341
2026-06-10T12:38:00.000Z,GC,4190.39990234375,4191.0,4185.60009765625,4187.89990234375,311
2026-06-10T12:39:00.000Z,GC,4187.7001953125,4189.2001953125,4184.10009765625,4184.10009765625,136
2026-06-10T12:40:00.000Z,GC,4184.2998046875,4185.2001953125,4178.5,4182.7998046875,293
2026-06-10T12:41:00.000Z,GC,4182.89990234375,4188.2001953125,4181.0,4188.10009765625,240
2026-06-10T12:42:00.000Z,GC,4188.0,4190.10009765625,4181.89990234375,4184.2001953125,231
2026-06-10T12:43:00.000Z,GC,4184.7001953125,4186.7998046875,4182.2998046875,4183.7001953125,174
2026-06-10T12:44:00.000Z,GC,4183.89990234375,4183.89990234375,4181.0,4183.5,224
2026-06-10T12:45:00.000Z,GC,4183.7998046875,4184.39990234375,4180.7998046875,4182.39990234375,249
2026-06-10T12:46:00.000Z,GC,4182.2001953125,4192.7998046875,4182.2001953125,4188.0,522
2026-06-10T12:47:00.000Z,GC,4187.7001953125,4188.7001953125,4182.0,4182.2998046875,176
2026-06-10T12:48:00.000Z,GC,4182.39990234375,4185.5,4181.0,4181.39990234375,251
2026-06-10T12:49:00.000Z,GC,4182.2001953125,4182.5,4179.2001953125,4180.60009765625,223
2026-06-10T12:50:00.000Z,GC,4181.39990234375,4181.60009765625,4176.2998046875,4179.0,205
2026-06-10T12:51:00.000Z,GC,4178.60009765625,4178.7001953125,4174.7998046875,4176.2998046875,277
2026-06-10T12:52:00.000Z,GC,4176.7001953125,4177.60009765625,4171.60009765625,4173.2998046875,279
2026-06-10T12:53:00.000Z,GC,4174.5,4178.5,4174.2001953125,4176.60009765625,188
2026-06-10T12:54:00.000Z,GC,4176.0,4178.2001953125,4173.60009765625,4174.60009765625,175
2026-06-10T12:55:00.000Z,GC,4174.5,4175.39990234375,4172.5,4173.2001953125,89
2026-06-10T12:56:00.000Z,GC,4173.5,4173.89990234375,4166.10009765625,4167.2998046875,337
2026-06-10T12:57:00.000Z,GC,4167.0,4170.39990234375,4165.7001953125,4166.10009765625,288
2026-06-10T12:58:00.000Z,GC,4166.2001953125,4170.0,4164.89990234375,4168.2998046875,231
2026-06-10T12:59:00.000Z,GC,4169.0,4170.89990234375,4168.0,4169.60009765625,236
2026-06-10T13:00:00.000Z,GC,4170.10009765625,4174.7998046875,4167.60009765625,4171.10009765625,529
2026-06-10T13:01:00.000Z,GC,4170.89990234375,4179.0,4170.0,4177.10009765625,425
2026-06-10T13:02:00.000Z,GC,4177.2001953125,4177.60009765625,4173.89990234375,4176.60009765625,375
2026-06-10T13:03:00.000Z,GC,4176.60009765625,4179.39990234375,4171.39990234375,4175.39990234375,657
2026-06-10T13:04:00.000Z,GC,4174.7001953125,4176.89990234375,4173.89990234375,4176.0,292
2026-06-10T13:05:00.000Z,GC,4175.89990234375,4176.89990234375,4174.0,4175.2998046875,485
2026-06-10T13:06:00.000Z,GC,4175.5,4178.10009765625,4175.10009765625,4178.10009765625,281
2026-06-10T13:07:00.000Z,GC,4177.7998046875,4179.60009765625,4176.10009765625,4177.0,138
2026-06-10T13:08:00.000Z,GC,4177.2001953125,4181.2001953125,4176.60009765625,4177.2998046875,364
2026-06-10T13:09:00.000Z,GC,4177.7001953125,4178.2001953125,4171.39990234375,4177.2001953125,366
2026-06-10T13:10:00.000Z,GC,4177.5,4179.10009765625,4171.60009765625,4175.2998046875,295
2026-06-10T13:11:00.000Z,GC,4175.10009765625,4180.2998046875,4174.60009765625,4178.60009765625,420
2026-06-10T13:12:00.000Z,GC,4178.2998046875,4180.2998046875,4177.2998046875,4177.5,202
2026-06-10T13:13:00.000Z,GC,4178.0,4179.0,4176.7998046875,4177.89990234375,87
2026-06-10T13:14:00.000Z,GC,4178.2001953125,4178.39990234375,4172.89990234375,4174.0,269
2026-06-10T13:15:00.000Z,GC,4174.2998046875,4174.2998046875,4164.2001953125,4164.7998046875,401
2026-06-10T13:16:00.000Z,GC,4164.60009765625,4167.7001953125,4159.10009765625,4159.7001953125,459
2026-06-10T13:17:00.000Z,GC,4160.10009765625,4162.7001953125,4156.7001953125,4161.2001953125,333
2026-06-10T13:18:00.000Z,GC,4161.39990234375,4165.5,4160.7998046875,4164.10009765625,210
2026-06-10T13:19:00.000Z,GC,4164.39990234375,4164.60009765625,4158.0,4158.10009765625,323
2026-06-10T13:20:00.000Z,GC,4157.89990234375,4158.7998046875,4154.89990234375,4158.10009765625,393
2026-06-10T13:21:00.000Z,GC,4158.2998046875,4161.2001953125,4158.0,4158.7998046875,218
2026-06-10T13:22:00.000Z,GC,4158.5,4160.5,4157.5,4160.0,146
2026-06-10T13:23:00.000Z,GC,4160.0,4162.10009765625,4159.0,4162.10009765625,123
2026-06-10T13:24:00.000Z,GC,4161.89990234375,4169.39990234375,4161.5,4167.0,280
2026-06-10T13:25:00.000Z,GC,4166.60009765625,4172.5,4165.89990234375,4171.2998046875,220
2026-06-10T13:26:00.000Z,GC,4171.2998046875,4172.10009765625,4169.60009765625,4170.2001953125,92
2026-06-10T13:27:00.000Z,GC,4171.0,4172.7998046875,4168.2001953125,4172.7998046875,193
2026-06-10T13:28:00.000Z,GC,4173.0,4174.10009765625,4171.0,4172.7001953125,154
2026-06-10T13:29:00.000Z,GC,4172.7001953125,4173.60009765625,4170.5,4172.10009765625,167
2026-06-10T13:30:00.000Z,GC,4172.0,4176.7998046875,4169.2998046875,4171.89990234375,584
2026-06-10T13:31:00.000Z,GC,4171.7001953125,4174.7001953125,4168.60009765625,4174.2001953125,283
2026-06-10T13:32:00.000Z,GC,4174.0,4174.89990234375,4168.60009765625,4168.89990234375,188
2026-06-10T13:33:00.000Z,GC,4169.0,4170.0,4166.2001953125,4167.7001953125,211
2026-06-10T13:34:00.000Z,GC,4167.7998046875,4170.39990234375,4165.5,4165.89990234375,198
2026-06-10T13:35:00.000Z,GC,4166.0,4177.5,4164.7998046875,4176.39990234375,343
2026-06-10T13:36:00.000Z,GC,4175.0,4182.60009765625,4174.39990234375,4181.89990234375,685
2026-06-10T13:37:00.000Z,GC,4182.2001953125,4187.7001953125,4180.5,4184.7998046875,921
2026-06-10T13:38:00.000Z,GC,4184.2998046875,4191.89990234375,4182.7998046875,4187.39990234375,718
2026-06-10T13:39:00.000Z,GC,4186.7001953125,4191.39990234375,4185.10009765625,4188.89990234375,707
2026-06-10T13:40:00.000Z,GC,4189.2001953125,4190.7001953125,4187.0,4189.0,380
2026-06-10T13:41:00.000Z,GC,4188.5,4192.60009765625,4186.10009765625,4192.60009765625,405
2026-06-10T13:42:00.000Z,GC,4192.39990234375,4196.39990234375,4189.89990234375,4194.0,613
2026-06-10T13:43:00.000Z,GC,4193.7998046875,4197.60009765625,4191.60009765625,4195.60009765625,427
2026-06-10T13:44:00.000Z,GC,4195.2001953125,4203.10009765625,4195.2001953125,4203.10009765625,537
2026-06-10T13:45:00.000Z,GC,4202.10009765625,4208.39990234375,4196.2998046875,4207.0,802
2026-06-10T13:46:00.000Z,GC,4207.2998046875,4207.2998046875,4198.7001953125,4200.2001953125,556
2026-06-10T13:47:00.000Z,GC,4200.2001953125,4201.7998046875,4199.2001953125,4200.10009765625,282
2026-06-10T13:48:00.000Z,GC,4200.2001953125,4205.89990234375,4200.0,4205.7001953125,442
2026-06-10T13:49:00.000Z,GC,4205.89990234375,4209.0,4202.89990234375,4209.0,588
2026-06-10T13:50:00.000Z,GC,4208.7998046875,4209.0,4201.39990234375,4202.0,361
2026-06-10T13:51:00.000Z,GC,4201.7998046875,4204.5,4199.0,4200.7998046875,289
2026-06-10T13:52:00.000Z,GC,4200.39990234375,4206.5,4200.39990234375,4205.7998046875,430
2026-06-10T13:53:00.000Z,GC,4206.39990234375,4209.5,4203.39990234375,4204.0,541
2026-06-10T13:54:00.000Z,GC,4203.7998046875,4207.0,4201.7998046875,4203.60009765625,258
2026-06-10T13:55:00.000Z,GC,4203.5,4204.10009765625,4198.39990234375,4200.39990234375,312
2026-06-10T13:56:00.000Z,GC,4200.2001953125,4204.2001953125,4200.10009765625,4203.7998046875,252
2026-06-10T13:57:00.000Z,GC,4203.2001953125,4207.0,4201.7998046875,4203.2998046875,213
2026-06-10T13:58:00.000Z,GC,4202.89990234375,4203.60009765625,4199.5,4201.2998046875,178
2026-06-10T13:59:00.000Z,GC,4201.7001953125,4203.0,4199.89990234375,4203.0,154
2026-06-10T14:00:00.000Z,GC,4202.60009765625,4204.10009765625,4194.5,4198.10009765625,797
2026-06-10T14:01:00.000Z,GC,4198.2001953125,4200.5,4193.7998046875,4194.7001953125,481
2026-06-10T14:02:00.000Z,GC,4194.39990234375,4197.2998046875,4193.7998046875,4195.2998046875,350
2026-06-10T14:03:00.000Z,GC,4195.10009765625,4203.0,4195.10009765625,4200.10009765625,424
2026-06-10T14:04:00.000Z,GC,4200.2001953125,4200.5,4193.7998046875,4194.5,307
2026-06-10T14:05:00.000Z,GC,4194.7001953125,4196.60009765625,4193.0,4194.5,328
2026-06-10T14:06:00.000Z,GC,4194.5,4198.10009765625,4194.5,4196.89990234375,235
2026-06-10T14:07:00.000Z,GC,4197.10009765625,4198.2998046875,4195.10009765625,4196.7001953125,170
2026-06-10T14:08:00.000Z,GC,4196.89990234375,4197.2001953125,4193.89990234375,4196.7001953125,103
2026-06-10T14:09:00.000Z,GC,4196.5,4199.89990234375,4195.60009765625,4196.60009765625,142
2026-06-10T14:10:00.000Z,GC,4196.7998046875,4198.2001953125,4193.60009765625,4196.2998046875,116
2026-06-10T14:11:00.000Z,GC,4196.39990234375,4200.89990234375,4195.60009765625,4198.5,124
2026-06-10T14:12:00.000Z,GC,4199.60009765625,4199.7998046875,4197.7998046875,4198.60009765625,74
2026-06-10T14:13:00.000Z,GC,4198.89990234375,4203.5,4196.5,4202.7001953125,344
2026-06-10T14:14:00.000Z,GC,4202.2998046875,4203.2001953125,4196.0,4197.60009765625,136
2026-06-10T14:15:00.000Z,GC,4198.0,4198.2001953125,4191.2998046875,4192.0,156
2026-06-10T14:16:00.000Z,GC,4191.39990234375,4198.5,4191.0,4197.39990234375,550
2026-06-10T14:17:00.000Z,GC,4197.7001953125,4197.7001953125,4192.0,4192.7001953125,146
2026-06-10T14:18:00.000Z,GC,4192.2998046875,4194.0,4191.7998046875,4192.60009765625,110
2026-06-10T14:19:00.000Z,GC,4192.39990234375,4192.7001953125,4190.2001953125,4191.39990234375,186
2026-06-10T14:20:00.000Z,GC,4191.2998046875,4193.89990234375,4188.60009765625,4189.5,221
2026-06-10T14:21:00.000Z,GC,4189.2998046875,4189.2998046875,4185.39990234375,4187.89990234375,412
2026-06-10T14:22:00.000Z,GC,4187.7001953125,4189.39990234375,4185.89990234375,4188.2001953125,147
2026-06-10T14:23:00.000Z,GC,4188.10009765625,4189.5,4185.7998046875,4188.60009765625,136
2026-06-10T14:24:00.000Z,GC,4188.7001953125,4196.10009765625,4188.7001953125,4193.2001953125,315
2026-06-10T14:25:00.000Z,GC,4193.10009765625,4194.60009765625,4188.2998046875,4188.39990234375,295
2026-06-10T14:26:00.000Z,GC,4189.10009765625,4190.7998046875,4187.2998046875,4190.7998046875,182
2026-06-10T14:27:00.000Z,GC,4190.7001953125,4190.89990234375,4187.2001953125,4188.5,139
2026-06-10T14:28:00.000Z,GC,4188.2001953125,4188.89990234375,4182.60009765625,4183.10009765625,340
2026-06-10T14:29:00.000Z,GC,4183.7001953125,4185.0,4183.0,4184.2001953125,171
2026-06-10T14:30:00.000Z,GC,4184.0,4186.39990234375,4182.60009765625,4184.60009765625,109
2026-06-10T14:31:00.000Z,GC,4184.5,4184.5,4178.2001953125,4178.7001953125,375
2026-06-10T14:32:00.000Z,GC,4178.5,4183.2998046875,4178.2998046875,4183.2998046875,359
2026-06-10T14:33:00.000Z,GC,4183.2998046875,4183.2998046875,4180.5,4181.2998046875,199
2026-06-10T14:34:00.000Z,GC,4181.2001953125,4184.2001953125,4180.0,4183.5,109
2026-06-10T14:35:00.000Z,GC,4183.5,4185.39990234375,4180.7001953125,4180.7998046875,170
2026-06-10T14:36:00.000Z,GC,4180.5,4180.7001953125,4177.2998046875,4177.7998046875,200
2026-06-10T14:37:00.000Z,GC,4177.7001953125,4178.7001953125,4175.7001953125,4177.10009765625,169
2026-06-10T14:38:00.000Z,GC,4177.5,4178.89990234375,4177.0,4177.5,69
2026-06-10T14:39:00.000Z,GC,4177.7001953125,4181.39990234375,4177.60009765625,4181.10009765625,235
2026-06-10T14:40:00.000Z,GC,4180.89990234375,4182.7001953125,4179.10009765625,4182.7001953125,106
2026-06-10T14:41:00.000Z,GC,4182.10009765625,4184.2998046875,4181.39990234375,4183.39990234375,134
2026-06-10T14:42:00.000Z,GC,4183.39990234375,4183.60009765625,4179.0,4179.39990234375,116
2026-06-10T14:43:00.000Z,GC,4179.5,4179.60009765625,4175.2001953125,4176.2998046875,108
2026-06-10T14:44:00.000Z,GC,4176.2001953125,4176.60009765625,4172.7001953125,4173.0,263
2026-06-10T14:45:00.000Z,GC,4172.5,4174.60009765625,4170.7001953125,4172.60009765625,237
2026-06-10T14:46:00.000Z,GC,4172.2998046875,4173.2998046875,4171.2998046875,4173.10009765625,174
2026-06-10T14:47:00.000Z,GC,4172.89990234375,4174.10009765625,4170.2998046875,4170.5,151
2026-06-10T14:48:00.000Z,GC,4170.7001953125,4170.7001953125,4163.60009765625,4163.60009765625,462
2026-06-10T14:49:00.000Z,GC,4163.5,4165.89990234375,4160.5,4163.60009765625,383
2026-06-10T14:50:00.000Z,GC,4163.60009765625,4164.7001953125,4160.5,4162.60009765625,221
2026-06-10T14:51:00.000Z,GC,4162.60009765625,4165.89990234375,4161.0,4162.7998046875,484
2026-06-10T14:52:00.000Z,GC,4162.7998046875,4162.7998046875,4160.2998046875,4162.10009765625,159
2026-06-10T14:53:00.000Z,GC,4162.10009765625,4165.60009765625,4162.10009765625,4163.2998046875,180
2026-06-10T14:54:00.000Z,GC,4163.0,4164.0,4160.0,4160.7998046875,146
2026-06-10T14:55:00.000Z,GC,4160.7998046875,4161.0,4156.39990234375,4158.2998046875,0
