ts,symbol,open,high,low,close,volume
2026-06-08T04:00:00.000Z,NQ,29212.5,29218.5,29210.0,29216.75,0
2026-06-08T04:01:00.000Z,NQ,29217.0,29220.75,29215.25,29220.25,77
2026-06-08T04:02:00.000Z,NQ,29219.5,29223.25,29215.25,29217.25,65
2026-06-08T04:03:00.000Z,NQ,29216.25,29218.75,29191.5,29194.0,175
2026-06-08T04:04:00.000Z,NQ,29194.75,29196.75,29176.75,29188.75,477
2026-06-08T04:05:00.000Z,NQ,29186.25,29191.25,29157.5,29175.5,338
2026-06-08T04:06:00.000Z,NQ,29176.0,29176.75,29156.5,29168.25,134
2026-06-08T04:07:00.000Z,NQ,29170.5,29184.25,29164.5,29178.5,164
2026-06-08T04:08:00.000Z,NQ,29178.75,29190.5,29175.25,29184.0,141
2026-06-08T04:09:00.000Z,NQ,29181.5,29183.0,29176.5,29183.0,62
2026-06-08T04:10:00.000Z,NQ,29183.5,29189.0,29178.75,29186.75,83
2026-06-08T04:11:00.000Z,NQ,29186.5,29188.25,29177.0,29179.75,120
2026-06-08T04:12:00.000Z,NQ,29179.0,29181.0,29169.25,29173.5,602
2026-06-08T04:13:00.000Z,NQ,29172.25,29176.0,29165.75,29169.25,1140
2026-06-08T04:14:00.000Z,NQ,29169.75,29182.5,29169.25,29176.5,810
2026-06-08T04:15:00.000Z,NQ,29180.0,29193.75,29173.0,29192.25,163
2026-06-08T04:16:00.000Z,NQ,29194.0,29199.75,29186.75,29198.25,190
2026-06-08T04:17:00.000Z,NQ,29196.0,29196.0,29183.5,29186.0,81
2026-06-08T04:18:00.000Z,NQ,29186.0,29186.0,29176.5,29183.5,106
2026-06-08T04:19:00.000Z,NQ,29182.75,29183.25,29158.75,29160.0,212
2026-06-08T04:20:00.000Z,NQ,29160.25,29162.75,29151.0,29152.25,180
2026-06-08T04:21:00.000Z,NQ,29151.0,29166.5,29146.0,29154.0,213
2026-06-08T04:22:00.000Z,NQ,29154.25,29170.25,29153.5,29162.75,165
2026-06-08T04:23:00.000Z,NQ,29161.5,29163.5,29154.5,29155.25,109
2026-06-08T04:24:00.000Z,NQ,29155.25,29158.5,29147.0,29153.75,152
2026-06-08T04:25:00.000Z,NQ,29153.0,29163.75,29152.5,29158.0,78
2026-06-08T04:26:00.000Z,NQ,29159.75,29161.75,29155.25,29159.5,59
2026-06-08T04:27:00.000Z,NQ,29157.0,29168.0,29155.0,29168.0,97
2026-06-08T04:28:00.000Z,NQ,29167.25,29174.25,29166.0,29171.5,101
2026-06-08T04:29:00.000Z,NQ,29169.25,29171.5,29161.75,29171.5,118
2026-06-08T04:30:00.000Z,NQ,29171.75,29176.0,29165.25,29165.5,66
2026-06-08T04:31:00.000Z,NQ,29165.0,29172.25,29164.0,29170.75,61
2026-06-08T04:32:00.000Z,NQ,29172.25,29178.75,29168.75,29175.0,116
2026-06-08T04:33:00.000Z,NQ,29173.0,29176.25,29150.0,29152.0,257
2026-06-08T04:34:00.000Z,NQ,29154.5,29156.5,29143.0,29150.5,250
2026-06-08T04:35:00.000Z,NQ,29153.25,29156.0,29138.75,29140.0,302
2026-06-08T04:36:00.000Z,NQ,29140.75,29143.5,29135.25,29138.0,211
2026-06-08T04:37:00.000Z,NQ,29139.0,29150.5,29139.0,29147.5,106
2026-06-08T04:38:00.000Z,NQ,29148.75,29149.75,29133.5,29136.0,168
2026-06-08T04:39:00.000Z,NQ,29134.5,29139.75,29126.5,29131.5,149
2026-06-08T04:40:00.000Z,NQ,29131.25,29135.5,29120.5,29123.25,161
2026-06-08T04:41:00.000Z,NQ,29124.0,29128.5,29120.75,29123.75,88
2026-06-08T04:42:00.000Z,NQ,29123.75,29126.0,29117.0,29119.0,156
2026-06-08T04:43:00.000Z,NQ,29119.0,29119.5,29103.25,29106.75,239
2026-06-08T04:44:00.000Z,NQ,29106.5,29115.25,29097.25,29101.0,331
2026-06-08T04:45:00.000Z,NQ,29101.25,29109.25,29096.75,29107.0,152
2026-06-08T04:46:00.000Z,NQ,29107.0,29131.0,29103.0,29131.0,277
2026-06-08T04:47:00.000Z,NQ,29131.5,29133.0,29123.0,29129.5,111
2026-06-08T04:48:00.000Z,NQ,29129.0,29134.75,29117.25,29118.25,141
2026-06-08T04:49:00.000Z,NQ,29116.5,29123.0,29111.25,29117.75,136
2026-06-08T04:50:00.000Z,NQ,29117.75,29129.75,29116.5,29125.25,91
2026-06-08T04:51:00.000Z,NQ,29124.75,29133.75,29118.5,29128.25,141
2026-06-08T04:52:00.000Z,NQ,29130.5,29140.75,29126.75,29126.75,139
2026-06-08T04:53:00.000Z,NQ,29126.75,29128.75,29118.0,29127.75,73
2026-06-08T04:54:00.000Z,NQ,29125.5,29126.75,29114.5,29124.0,75
2026-06-08T04:55:00.000Z,NQ,29122.5,29124.5,29110.75,29113.5,74
2026-06-08T04:56:00.000Z,NQ,29113.0,29113.75,29103.5,29110.25,96
2026-06-08T04:57:00.000Z,NQ,29109.0,29109.0,29095.25,29101.0,189
2026-06-08T04:58:00.000Z,NQ,29102.0,29102.0,29088.5,29097.25,229
2026-06-08T04:59:00.000Z,NQ,29096.5,29104.0,29089.75,29092.0,168
2026-06-08T05:00:00.000Z,NQ,29089.75,29121.0,29089.75,29113.75,358
2026-06-08T05:01:00.000Z,NQ,29113.25,29116.75,29103.5,29113.75,196
2026-06-08T05:02:00.000Z,NQ,29114.75,29118.0,29107.25,29118.0,84
2026-06-08T05:03:00.000Z,NQ,29119.0,29127.0,29114.25,29123.0,164
2026-06-08T05:04:00.000Z,NQ,29123.0,29144.0,29120.25,29138.0,185
2026-06-08T05:05:00.000Z,NQ,29136.75,29136.75,29113.25,29117.25,237
2026-06-08T05:06:00.000Z,NQ,29118.0,29130.0,29103.25,29110.5,216
2026-06-08T05:07:00.000Z,NQ,29109.75,29115.0,29102.0,29115.0,147
2026-06-08T05:08:00.000Z,NQ,29114.0,29117.25,29103.5,29108.5,218
2026-06-08T05:09:00.000Z,NQ,29109.5,29111.75,29101.5,29110.25,101
2026-06-08T05:10:00.000Z,NQ,29111.25,29115.5,29101.0,29102.0,169
2026-06-08T05:11:00.000Z,NQ,29101.5,29108.0,29097.5,29099.75,122
2026-06-08T05:12:00.000Z,NQ,29101.5,29101.5,29083.0,29085.5,253
2026-06-08T05:13:00.000Z,NQ,29085.0,29085.5,29068.25,29073.5,349
2026-06-08T05:14:00.000Z,NQ,29073.5,29078.75,29060.0,29063.0,193
2026-06-08T05:15:00.000Z,NQ,29065.0,29076.25,29063.75,29068.5,189
2026-06-08T05:16:00.000Z,NQ,29067.5,29073.75,29060.75,29071.5,200
2026-06-08T05:17:00.000Z,NQ,29072.5,29085.5,29066.0,29081.5,192
2026-06-08T05:18:00.000Z,NQ,29082.25,29098.25,29072.5,29096.5,357
2026-06-08T05:19:00.000Z,NQ,29095.75,29095.75,29083.75,29087.25,143
2026-06-08T05:20:00.000Z,NQ,29088.0,29090.0,29076.25,29076.5,130
2026-06-08T05:21:00.000Z,NQ,29077.25,29092.25,29077.25,29080.0,174
2026-06-08T05:22:00.000Z,NQ,29080.0,29090.0,29078.25,29083.25,105
2026-06-08T05:23:00.000Z,NQ,29082.75,29095.25,29080.25,29092.75,85
2026-06-08T05:24:00.000Z,NQ,29093.5,29093.5,29081.5,29082.5,107
2026-06-08T05:25:00.000Z,NQ,29083.75,29084.75,29063.5,29066.75,199
2026-06-08T05:26:00.000Z,NQ,29067.5,29083.0,29064.25,29077.75,169
2026-06-08T05:27:00.000Z,NQ,29078.0,29099.75,29076.5,29097.0,212
2026-06-08T05:28:00.000Z,NQ,29096.25,29100.75,29088.0,29090.75,201
2026-06-08T05:29:00.000Z,NQ,29092.5,29094.0,29083.75,29092.0,86
2026-06-08T05:30:00.000Z,NQ,29092.25,29098.0,29068.0,29072.25,277
2026-06-08T05:31:00.000Z,NQ,29074.75,29082.5,29065.0,29066.75,171
2026-06-08T05:32:00.000Z,NQ,29065.25,29068.0,29051.0,29055.75,233
2026-06-08T05:33:00.000Z,NQ,29056.0,29066.5,29052.5,29053.5,214
2026-06-08T05:34:00.000Z,NQ,29053.75,29054.5,29043.25,29045.75,218
2026-06-08T05:35:00.000Z,NQ,29047.25,29047.75,29034.25,29037.5,336
2026-06-08T05:36:00.000Z,NQ,29037.25,29044.75,29023.25,29036.75,368
2026-06-08T05:37:00.000Z,NQ,29037.5,29038.25,29000.0,29001.75,695
2026-06-08T05:38:00.000Z,NQ,29003.75,29013.0,29000.0,29011.0,244
2026-06-08T05:39:00.000Z,NQ,29009.75,29022.75,29007.25,29022.0,257
2026-06-08T05:40:00.000Z,NQ,29022.0,29029.25,29008.25,29013.25,215
2026-06-08T05:41:00.000Z,NQ,29014.0,29016.5,28989.0,28995.25,455
2026-06-08T05:42:00.000Z,NQ,28995.25,28995.5,28980.75,28988.75,282
2026-06-08T05:43:00.000Z,NQ,28990.5,29013.5,28989.5,29007.0,347
2026-06-08T05:44:00.000Z,NQ,29006.25,29007.25,28984.25,28990.5,197
2026-06-08T05:45:00.000Z,NQ,28989.5,28991.25,28976.5,28982.25,190
2026-06-08T05:46:00.000Z,NQ,28983.0,28998.0,28982.75,28994.25,253
2026-06-08T05:47:00.000Z,NQ,28994.25,28999.75,28986.0,28986.0,172
2026-06-08T05:48:00.000Z,NQ,28984.25,28997.25,28982.75,28991.25,144
2026-06-08T05:49:00.000Z,NQ,28990.75,28994.25,28972.75,28981.75,222
2026-06-08T05:50:00.000Z,NQ,28983.0,29012.5,28979.75,29000.75,287
2026-06-08T05:51:00.000Z,NQ,29000.5,29016.75,28994.25,29014.75,195
2026-06-08T05:52:00.000Z,NQ,29013.75,29019.25,29003.0,29010.5,266
2026-06-08T05:53:00.000Z,NQ,29011.0,29012.25,28993.25,28994.5,181
2026-06-08T05:54:00.000Z,NQ,28998.75,29002.75,28986.0,29002.75,241
2026-06-08T05:55:00.000Z,NQ,29001.25,29020.25,29001.0,29007.75,445
2026-06-08T05:56:00.000Z,NQ,29008.5,29023.5,29005.75,29021.0,255
2026-06-08T05:57:00.000Z,NQ,29019.0,29021.25,29000.25,29002.25,162
2026-06-08T05:58:00.000Z,NQ,29002.5,29004.0,28990.0,28999.0,198
2026-06-08T05:59:00.000Z,NQ,28998.25,29017.5,28997.5,29017.5,188
2026-06-08T06:00:00.000Z,NQ,29016.75,29051.0,29000.0,29047.75,531
2026-06-08T06:01:00.000Z,NQ,29047.5,29062.5,29035.25,29055.25,491
2026-06-08T06:02:00.000Z,NQ,29055.25,29073.25,29053.75,29061.5,337
2026-06-08T06:03:00.000Z,NQ,29060.5,29070.75,29053.25,29067.0,279
2026-06-08T06:04:00.000Z,NQ,29066.25,29068.75,29040.75,29050.25,486
2026-06-08T06:05:00.000Z,NQ,29048.25,29052.75,29041.5,29044.25,173
2026-06-08T06:06:00.000Z,NQ,29042.0,29058.0,29037.5,29053.25,220
2026-06-08T06:07:00.000Z,NQ,29052.0,29054.75,29035.75,29036.5,149
2026-06-08T06:08:00.000Z,NQ,29035.75,29037.0,29026.75,29036.5,229
2026-06-08T06:09:00.000Z,NQ,29030.0,29054.0,29028.0,29041.25,166
2026-06-08T06:10:00.000Z,NQ,29040.25,29041.75,29025.25,29036.0,158
2026-06-08T06:11:00.000Z,NQ,29036.75,29047.0,29036.0,29045.25,140
2026-06-08T06:12:00.000Z,NQ,29044.25,29046.75,29030.25,29039.5,113
2026-06-08T06:13:00.000Z,NQ,29039.25,29047.5,29036.75,29045.0,121
2026-06-08T06:14:00.000Z,NQ,29045.0,29045.0,29028.25,29030.75,128
2026-06-08T06:15:00.000Z,NQ,29028.75,29032.5,29017.0,29020.0,256
2026-06-08T06:16:00.000Z,NQ,29021.0,29031.5,29011.75,29015.75,290
2026-06-08T06:17:00.000Z,NQ,29016.25,29041.75,29015.75,29035.0,229
2026-06-08T06:18:00.000Z,NQ,29033.25,29033.5,29018.25,29021.75,169
2026-06-08T06:19:00.000Z,NQ,29021.25,29046.25,29020.5,29042.75,225
2026-06-08T06:20:00.000Z,NQ,29043.0,29062.0,29041.75,29056.0,273
2026-06-08T06:21:00.000Z,NQ,29055.5,29072.25,29052.5,29063.5,242
2026-06-08T06:22:00.000Z,NQ,29063.25,29066.75,29051.5,29060.75,149
2026-06-08T06:23:00.000Z,NQ,29061.5,29066.5,29055.0,29064.5,159
2026-06-08T06:24:00.000Z,NQ,29064.25,29074.75,29061.5,29073.75,171
2026-06-08T06:25:00.000Z,NQ,29072.0,29073.0,29053.25,29058.75,201
2026-06-08T06:26:00.000Z,NQ,29060.75,29084.25,29060.75,29082.25,263
2026-06-08T06:27:00.000Z,NQ,29082.5,29104.5,29081.0,29099.75,399
2026-06-08T06:28:00.000Z,NQ,29099.75,29113.25,29090.5,29109.5,308
2026-06-08T06:29:00.000Z,NQ,29108.75,29138.0,29108.5,29130.75,652
2026-06-08T06:30:00.000Z,NQ,29129.75,29151.0,29117.75,29129.25,701
2026-06-08T06:31:00.000Z,NQ,29128.0,29132.25,29104.0,29110.0,452
2026-06-08T06:32:00.000Z,NQ,29110.75,29121.25,29105.0,29113.75,261
2026-06-08T06:33:00.000Z,NQ,29113.0,29118.5,29108.0,29114.75,168
2026-06-08T06:34:00.000Z,NQ,29114.25,29119.5,29100.75,29101.75,367
2026-06-08T06:35:00.000Z,NQ,29103.25,29106.75,29082.25,29086.75,345
2026-06-08T06:36:00.000Z,NQ,29084.75,29102.0,29083.0,29101.0,242
2026-06-08T06:37:00.000Z,NQ,29102.5,29109.5,29080.0,29080.0,291
2026-06-08T06:38:00.000Z,NQ,29078.5,29089.75,29072.5,29080.75,256
2026-06-08T06:39:00.000Z,NQ,29080.5,29085.75,29078.5,29079.75,183
2026-06-08T06:40:00.000Z,NQ,29077.75,29081.0,29068.5,29072.25,185
2026-06-08T06:41:00.000Z,NQ,29073.75,29079.0,29071.75,29075.0,118
2026-06-08T06:42:00.000Z,NQ,29074.0,29086.5,29066.75,29084.75,287
2026-06-08T06:43:00.000Z,NQ,29085.75,29104.5,29084.5,29099.0,371
2026-06-08T06:44:00.000Z,NQ,29099.25,29100.5,29089.0,29097.0,94
2026-06-08T06:45:00.000Z,NQ,29097.25,29098.75,29075.75,29078.25,235
2026-06-08T06:46:00.000Z,NQ,29078.25,29092.5,29078.0,29084.25,133
2026-06-08T06:47:00.000Z,NQ,29084.75,29087.0,29074.25,29079.0,110
2026-06-08T06:48:00.000Z,NQ,29077.0,29078.5,29066.0,29067.25,146
2026-06-08T06:49:00.000Z,NQ,29068.0,29074.5,29057.0,29062.25,182
2026-06-08T06:50:00.000Z,NQ,29062.25,29070.5,29050.0,29063.0,290
2026-06-08T06:51:00.000Z,NQ,29063.25,29086.0,29058.5,29081.5,181
2026-06-08T06:52:00.000Z,NQ,29080.75,29093.5,29079.5,29089.5,221
2026-06-08T06:53:00.000Z,NQ,29090.5,29095.75,29085.25,29092.75,120
2026-06-08T06:54:00.000Z,NQ,29092.0,29098.0,29080.0,29098.0,153
2026-06-08T06:55:00.000Z,NQ,29097.75,29098.0,29086.0,29093.75,99
2026-06-08T06:56:00.000Z,NQ,29090.75,29101.0,29085.75,29097.25,201
2026-06-08T06:57:00.000Z,NQ,29097.25,29100.25,29081.0,29093.5,167
2026-06-08T06:58:00.000Z,NQ,29093.25,29096.25,29087.5,29093.0,90
2026-06-08T06:59:00.000Z,NQ,29095.0,29103.75,29094.5,29101.75,142
2026-06-08T07:00:00.000Z,NQ,29101.0,29124.0,29092.5,29120.25,505
2026-06-08T07:01:00.000Z,NQ,29119.25,29122.0,29090.25,29092.0,404
2026-06-08T07:02:00.000Z,NQ,29093.0,29102.5,29088.0,29095.5,236
2026-06-08T07:03:00.000Z,NQ,29095.25,29111.75,29082.75,29109.5,380
2026-06-08T07:04:00.000Z,NQ,29110.25,29118.25,29102.5,29103.0,203
2026-06-08T07:05:00.000Z,NQ,29105.25,29110.0,29093.0,29103.0,246
2026-06-08T07:06:00.000Z,NQ,29102.25,29103.5,29090.0,29097.25,122
2026-06-08T07:07:00.000Z,NQ,29099.25,29103.75,29096.0,29096.25,121
2026-06-08T07:08:00.000Z,NQ,29097.0,29129.0,29097.0,29126.5,226
2026-06-08T07:09:00.000Z,NQ,29127.75,29132.0,29120.75,29126.25,190
2026-06-08T07:10:00.000Z,NQ,29125.25,29138.75,29122.25,29135.5,239
2026-06-08T07:11:00.000Z,NQ,29135.25,29138.5,29124.75,29132.25,218
2026-06-08T07:12:00.000Z,NQ,29132.75,29147.0,29125.5,29135.0,292
2026-06-08T07:13:00.000Z,NQ,29134.5,29157.0,29131.0,29154.25,289
2026-06-08T07:14:00.000Z,NQ,29152.25,29152.75,29135.5,29142.75,175
2026-06-08T07:15:00.000Z,NQ,29143.25,29145.25,29115.75,29135.0,468
2026-06-08T07:16:00.000Z,NQ,29135.75,29164.0,29133.0,29157.0,306
2026-06-08T07:17:00.000Z,NQ,29158.0,29171.75,29158.0,29163.0,283
2026-06-08T07:18:00.000Z,NQ,29161.25,29163.5,29150.25,29154.5,220
2026-06-08T07:19:00.000Z,NQ,29154.75,29167.5,29146.25,29163.75,273
2026-06-08T07:20:00.000Z,NQ,29163.0,29185.25,29162.0,29185.25,354
2026-06-08T07:21:00.000Z,NQ,29184.5,29197.75,29180.0,29191.5,294
2026-06-08T07:22:00.000Z,NQ,29192.25,29193.25,29177.25,29187.75,215
2026-06-08T07:23:00.000Z,NQ,29188.0,29202.5,29187.0,29200.0,295
2026-06-08T07:24:00.000Z,NQ,29201.0,29218.75,29195.5,29215.0,481
2026-06-08T07:25:00.000Z,NQ,29215.0,29221.5,29204.75,29214.5,530
2026-06-08T07:26:00.000Z,NQ,29215.5,29219.25,29204.75,29209.75,294
2026-06-08T07:27:00.000Z,NQ,29208.75,29226.75,29208.5,29222.75,508
2026-06-08T07:28:00.000Z,NQ,29221.0,29235.0,29212.25,29232.75,460
2026-06-08T07:29:00.000Z,NQ,29229.25,29241.0,29224.75,29228.5,397
2026-06-08T07:30:00.000Z,NQ,29229.0,29240.0,29216.25,29235.0,578
2026-06-08T07:31:00.000Z,NQ,29233.5,29241.5,29225.0,29226.25,282
2026-06-08T07:32:00.000Z,NQ,29225.25,29226.5,29217.25,29218.75,161
2026-06-08T07:33:00.000Z,NQ,29218.75,29225.75,29214.75,29218.75,210
2026-06-08T07:34:00.000Z,NQ,29217.5,29220.25,29212.0,29215.25,157
2026-06-08T07:35:00.000Z,NQ,29216.0,29228.25,29208.75,29213.25,201
2026-06-08T07:36:00.000Z,NQ,29212.75,29217.75,29202.25,29203.0,224
2026-06-08T07:37:00.000Z,NQ,29203.25,29205.75,29184.75,29202.75,555
2026-06-08T07:38:00.000Z,NQ,29202.25,29228.75,29201.5,29213.75,339
2026-06-08T07:39:00.000Z,NQ,29212.0,29227.25,29209.0,29220.5,217
2026-06-08T07:40:00.000Z,NQ,29219.75,29226.5,29209.75,29225.25,217
2026-06-08T07:41:00.000Z,NQ,29225.5,29227.75,29218.0,29223.5,107
2026-06-08T07:42:00.000Z,NQ,29223.0,29223.0,29209.0,29210.75,108
2026-06-08T07:43:00.000Z,NQ,29209.75,29220.0,29209.0,29214.0,142
2026-06-08T07:44:00.000Z,NQ,29213.0,29226.75,29211.5,29225.75,94
2026-06-08T07:45:00.000Z,NQ,29223.5,29227.75,29215.25,29223.75,155
2026-06-08T07:46:00.000Z,NQ,29222.0,29237.75,29220.25,29234.25,202
2026-06-08T07:47:00.000Z,NQ,29234.5,29249.0,29234.25,29249.0,362
2026-06-08T07:48:00.000Z,NQ,29248.75,29265.5,29245.75,29260.75,522
2026-06-08T07:49:00.000Z,NQ,29259.75,29270.75,29258.75,29263.0,478
2026-06-08T07:50:00.000Z,NQ,29261.75,29270.0,29259.5,29262.75,341
2026-06-08T07:51:00.000Z,NQ,29262.25,29281.0,29261.0,29267.0,475
2026-06-08T07:52:00.000Z,NQ,29266.5,29269.75,29254.0,29254.0,236
2026-06-08T07:53:00.000Z,NQ,29253.25,29268.75,29252.75,29266.0,279
2026-06-08T07:54:00.000Z,NQ,29267.75,29269.25,29254.75,29258.25,142
2026-06-08T07:55:00.000Z,NQ,29258.0,29278.0,29254.75,29269.0,383
2026-06-08T07:56:00.000Z,NQ,29266.0,29272.5,29263.0,29266.75,178
2026-06-08T07:57:00.000Z,NQ,29266.5,29274.5,29262.0,29266.25,174
2026-06-08T07:58:00.000Z,NQ,29266.0,29270.5,29262.75,29263.75,80
2026-06-08T07:59:00.000Z,NQ,29262.75,29263.0,29255.5,29257.0,105
2026-06-08T08:00:00.000Z,NQ,29255.25,29256.5,29232.75,29234.0,532
2026-06-08T08:01:00.000Z,NQ,29233.5,29240.75,29222.5,29225.0,238
2026-06-08T08:02:00.000Z,NQ,29224.0,29230.25,29212.5,29214.0,285
2026-06-08T08:03:00.000Z,NQ,29214.25,29215.5,29201.25,29204.25,318
2026-06-08T08:04:00.000Z,NQ,29205.0,29228.25,29204.0,29224.5,439
2026-06-08T08:05:00.000Z,NQ,29225.5,29245.0,29221.75,29234.5,434
2026-06-08T08:06:00.000Z,NQ,29233.25,29247.25,29230.0,29246.75,304
2026-06-08T08:07:00.000Z,NQ,29246.75,29246.75,29217.25,29229.25,486
2026-06-08T08:08:00.000Z,NQ,29229.5,29236.5,29222.0,29224.5,315
2026-06-08T08:09:00.000Z,NQ,29224.5,29254.5,29212.5,29246.75,418
2026-06-08T08:10:00.000Z,NQ,29246.25,29250.0,29215.0,29219.75,380
2026-06-08T08:11:00.000Z,NQ,29221.25,29234.0,29221.25,29230.75,173
2026-06-08T08:12:00.000Z,NQ,29232.0,29233.25,29216.0,29218.75,183
2026-06-08T08:13:00.000Z,NQ,29217.0,29233.25,29217.0,29227.25,183
2026-06-08T08:14:00.000Z,NQ,29227.0,29228.5,29210.25,29210.75,179
2026-06-08T08:15:00.000Z,NQ,29212.25,29235.75,29210.25,29232.0,237
2026-06-08T08:16:00.000Z,NQ,29231.75,29234.25,29212.0,29218.5,301
2026-06-08T08:17:00.000Z,NQ,29218.0,29218.5,29206.5,29217.25,240
2026-06-08T08:18:00.000Z,NQ,29218.0,29235.5,29215.5,29234.5,139
2026-06-08T08:19:00.000Z,NQ,29235.0,29248.5,29234.0,29240.25,238
2026-06-08T08:20:00.000Z,NQ,29238.75,29241.75,29224.5,29225.75,210
2026-06-08T08:21:00.000Z,NQ,29224.25,29229.75,29216.75,29220.0,278
2026-06-08T08:22:00.000Z,NQ,29220.5,29231.75,29214.75,29216.25,176
2026-06-08T08:23:00.000Z,NQ,29216.25,29227.0,29203.75,29221.75,299
2026-06-08T08:24:00.000Z,NQ,29222.5,29233.5,29218.75,29218.75,148
2026-06-08T08:25:00.000Z,NQ,29220.75,29225.75,29216.75,29224.5,116
2026-06-08T08:26:00.000Z,NQ,29222.25,29232.25,29222.0,29223.75,137
2026-06-08T08:27:00.000Z,NQ,29224.75,29226.5,29212.25,29213.75,136
2026-06-08T08:28:00.000Z,NQ,29213.0,29219.75,29207.5,29215.0,128
2026-06-08T08:29:00.000Z,NQ,29214.0,29224.25,29211.25,29223.25,221
2026-06-08T08:30:00.000Z,NQ,29225.0,29241.0,29217.0,29240.0,227
2026-06-08T08:31:00.000Z,NQ,29240.75,29245.25,29232.75,29240.25,165
2026-06-08T08:32:00.000Z,NQ,29238.0,29257.5,29237.5,29250.0,271
2026-06-08T08:33:00.000Z,NQ,29248.75,29256.5,29248.75,29253.5,123
2026-06-08T08:34:00.000Z,NQ,29252.25,29266.75,29246.25,29266.75,263
2026-06-08T08:35:00.000Z,NQ,29267.0,29267.75,29236.25,29243.0,338
2026-06-08T08:36:00.000Z,NQ,29240.0,29247.25,29229.5,29232.0,286
2026-06-08T08:37:00.000Z,NQ,29231.25,29235.75,29226.25,29233.5,173
2026-06-08T08:38:00.000Z,NQ,29235.25,29238.25,29223.0,29230.75,135
2026-06-08T08:39:00.000Z,NQ,29230.25,29232.25,29211.25,29212.5,166
2026-06-08T08:40:00.000Z,NQ,29212.5,29220.0,29199.25,29200.0,302
2026-06-08T08:41:00.000Z,NQ,29199.25,29205.75,29192.0,29193.0,340
2026-06-08T08:42:00.000Z,NQ,29194.0,29201.0,29188.25,29190.0,251
2026-06-08T08:43:00.000Z,NQ,29190.5,29209.75,29190.5,29203.25,227
2026-06-08T08:44:00.000Z,NQ,29204.5,29206.0,29195.25,29206.0,178
2026-06-08T08:45:00.000Z,NQ,29206.5,29208.0,29196.5,29196.75,116
2026-06-08T08:46:00.000Z,NQ,29197.5,29200.5,29179.0,29179.0,290
2026-06-08T08:47:00.000Z,NQ,29180.0,29182.75,29157.75,29160.0,902
2026-06-08T08:48:00.000Z,NQ,29161.25,29186.0,29159.25,29184.5,262
2026-06-08T08:49:00.000Z,NQ,29186.5,29199.0,29186.5,29196.25,182
2026-06-08T08:50:00.000Z,NQ,29197.5,29203.25,29181.5,29183.75,369
2026-06-08T08:51:00.000Z,NQ,29184.5,29185.5,29165.0,29167.0,588
2026-06-08T08:52:00.000Z,NQ,29168.25,29175.75,29165.0,29166.75,117
2026-06-08T08:53:00.000Z,NQ,29165.75,29173.25,29162.5,29164.5,161
2026-06-08T08:54:00.000Z,NQ,29161.25,29169.75,29158.75,29163.0,235
2026-06-08T08:55:00.000Z,NQ,29161.5,29180.75,29160.0,29162.0,198
2026-06-08T08:56:00.000Z,NQ,29162.0,29168.75,29157.0,29165.0,127
2026-06-08T08:57:00.000Z,NQ,29163.25,29171.5,29161.0,29170.25,163
2026-06-08T08:58:00.000Z,NQ,29170.0,29180.75,29166.5,29180.5,87
2026-06-08T08:59:00.000Z,NQ,29180.25,29184.0,29173.25,29176.25,131
2026-06-08T09:00:00.000Z,NQ,29179.0,29191.5,29177.0,29188.25,205
2026-06-08T09:01:00.000Z,NQ,29189.5,29198.5,29184.0,29192.25,177
2026-06-08T09:02:00.000Z,NQ,29191.25,29195.25,29180.75,29195.0,176
2026-06-08T09:03:00.000Z,NQ,29195.25,29197.75,29185.25,29185.25,154
2026-06-08T09:04:00.000Z,NQ,29186.5,29194.0,29185.0,29190.25,105
2026-06-08T09:05:00.000Z,NQ,29190.0,29191.0,29177.5,29178.75,131
2026-06-08T09:06:00.000Z,NQ,29179.75,29186.0,29170.75,29173.5,126
2026-06-08T09:07:00.000Z,NQ,29172.0,29172.25,29161.75,29167.0,133
2026-06-08T09:08:00.000Z,NQ,29166.75,29174.0,29162.5,29163.75,128
2026-06-08T09:09:00.000Z,NQ,29162.75,29162.75,29148.25,29152.0,280
2026-06-08T09:10:00.000Z,NQ,29149.0,29168.5,29145.0,29167.25,193
2026-06-08T09:11:00.000Z,NQ,29167.5,29174.25,29161.75,29172.0,141
2026-06-08T09:12:00.000Z,NQ,29171.0,29175.0,29164.5,29175.0,83
2026-06-08T09:13:00.000Z,NQ,29175.0,29185.5,29173.5,29182.75,63
2026-06-08T09:14:00.000Z,NQ,29184.25,29188.5,29175.75,29188.5,122
2026-06-08T09:15:00.000Z,NQ,29187.5,29193.75,29182.25,29192.25,245
2026-06-08T09:16:00.000Z,NQ,29192.5,29201.25,29190.0,29199.75,138
2026-06-08T09:17:00.000Z,NQ,29200.25,29202.5,29194.75,29198.75,167
2026-06-08T09:18:00.000Z,NQ,29201.0,29204.0,29192.75,29194.75,97
2026-06-08T09:19:00.000Z,NQ,29194.75,29199.5,29194.75,29196.0,58
2026-06-08T09:20:00.000Z,NQ,29195.5,29216.5,29195.5,29214.0,245
2026-06-08T09:21:00.000Z,NQ,29213.75,29219.0,29211.5,29216.75,120
2026-06-08T09:22:00.000Z,NQ,29215.5,29223.0,29211.75,29217.0,237
2026-06-08T09:23:00.000Z,NQ,29214.0,29215.0,29207.0,29209.0,107
2026-06-08T09:24:00.000Z,NQ,29209.0,29209.0,29197.25,29203.25,132
2026-06-08T09:25:00.000Z,NQ,29202.25,29209.0,29196.5,29208.25,92
2026-06-08T09:26:00.000Z,NQ,29207.25,29207.5,29200.25,29201.0,46
2026-06-08T09:27:00.000Z,NQ,29200.0,29204.75,29198.5,29203.25,78
2026-06-08T09:28:00.000Z,NQ,29202.75,29202.75,29189.0,29195.0,172
2026-06-08T09:29:00.000Z,NQ,29193.25,29198.25,29193.0,29193.25,82
2026-06-08T09:30:00.000Z,NQ,29193.25,29196.25,29186.25,29189.25,229
2026-06-08T09:31:00.000Z,NQ,29190.5,29193.5,29185.0,29188.5,79
2026-06-08T09:32:00.000Z,NQ,29187.75,29192.25,29181.0,29190.0,189
2026-06-08T09:33:00.000Z,NQ,29190.75,29194.5,29179.5,29180.5,162
2026-06-08T09:34:00.000Z,NQ,29181.25,29181.5,29171.0,29173.25,176
2026-06-08T09:35:00.000Z,NQ,29172.75,29175.25,29162.75,29164.5,230
2026-06-08T09:36:00.000Z,NQ,29165.0,29254.5,29164.25,29205.0,1127
2026-06-08T09:37:00.000Z,NQ,29206.25,29227.75,29199.0,29205.75,444
2026-06-08T09:38:00.000Z,NQ,29207.0,29215.75,29193.5,29196.5,351
2026-06-08T09:39:00.000Z,NQ,29197.75,29207.75,29175.0,29196.25,370
2026-06-08T09:40:00.000Z,NQ,29197.0,29204.0,29194.75,29199.5,133
2026-06-08T09:41:00.000Z,NQ,29195.5,29201.0,29187.25,29188.5,105
2026-06-08T09:42:00.000Z,NQ,29187.5,29212.5,29187.0,29209.5,163
2026-06-08T09:43:00.000Z,NQ,29208.0,29222.75,29204.5,29219.75,257
2026-06-08T09:44:00.000Z,NQ,29220.0,29223.5,29217.75,29219.0,136
2026-06-08T09:45:00.000Z,NQ,29218.0,29228.5,29212.5,29225.5,164
2026-06-08T09:46:00.000Z,NQ,29225.0,29229.75,29221.5,29224.75,125
2026-06-08T09:47:00.000Z,NQ,29225.75,29229.0,29218.5,29224.5,126
2026-06-08T09:48:00.000Z,NQ,29224.0,29233.5,29220.5,29229.5,297
2026-06-08T09:49:00.000Z,NQ,29229.25,29233.5,29225.25,29228.25,151
2026-06-08T09:50:00.000Z,NQ,29227.75,29228.25,29217.25,29223.75,226
2026-06-08T09:51:00.000Z,NQ,29224.25,29224.75,29212.25,29222.0,164
2026-06-08T09:52:00.000Z,NQ,29223.0,29234.5,29221.75,29224.0,139
2026-06-08T09:53:00.000Z,NQ,29222.5,29225.25,29214.0,29222.25,225
2026-06-08T09:54:00.000Z,NQ,29223.75,29232.0,29222.75,29228.25,128
2026-06-08T09:55:00.000Z,NQ,29229.5,29234.0,29225.75,29230.75,117
2026-06-08T09:56:00.000Z,NQ,29230.75,29235.0,29226.25,29228.25,96
2026-06-08T09:57:00.000Z,NQ,29228.5,29236.5,29227.25,29228.25,136
2026-06-08T09:58:00.000Z,NQ,29227.0,29235.75,29223.5,29233.75,117
2026-06-08T09:59:00.000Z,NQ,29232.5,29240.5,29226.75,29240.5,98
2026-06-08T10:00:00.000Z,NQ,29239.0,29241.0,29224.5,29224.5,120
2026-06-08T10:01:00.000Z,NQ,29223.5,29224.0,29207.5,29209.0,237
2026-06-08T10:02:00.000Z,NQ,29209.25,29216.75,29185.75,29213.75,1018
2026-06-08T10:03:00.000Z,NQ,29215.0,29219.5,29208.5,29212.75,170
2026-06-08T10:04:00.000Z,NQ,29214.0,29218.5,29206.5,29212.25,107
2026-06-08T10:05:00.000Z,NQ,29215.5,29222.5,29211.0,29214.5,77
2026-06-08T10:06:00.000Z,NQ,29213.5,29229.75,29213.5,29227.25,85
2026-06-08T10:07:00.000Z,NQ,29226.25,29230.75,29223.25,29230.75,58
2026-06-08T10:08:00.000Z,NQ,29230.75,29234.25,29228.0,29230.5,112
2026-06-08T10:09:00.000Z,NQ,29230.0,29234.5,29220.0,29223.0,139
2026-06-08T10:10:00.000Z,NQ,29221.75,29229.75,29220.0,29226.75,85
2026-06-08T10:11:00.000Z,NQ,29226.0,29227.5,29223.0,29225.5,71
2026-06-08T10:12:00.000Z,NQ,29225.0,29232.75,29221.75,29228.75,120
2026-06-08T10:13:00.000Z,NQ,29229.75,29232.0,29222.0,29222.0,84
2026-06-08T10:14:00.000Z,NQ,29222.5,29222.5,29214.75,29221.75,216
2026-06-08T10:15:00.000Z,NQ,29223.0,29224.0,29217.0,29217.0,70
2026-06-08T10:16:00.000Z,NQ,29217.25,29227.25,29207.0,29207.0,223
2026-06-08T10:17:00.000Z,NQ,29208.0,29209.25,29200.0,29202.75,174
2026-06-08T10:18:00.000Z,NQ,29202.25,29207.0,29201.5,29202.0,102
2026-06-08T10:19:00.000Z,NQ,29201.25,29207.0,29192.0,29192.5,113
2026-06-08T10:20:00.000Z,NQ,29191.5,29198.25,29186.5,29197.0,124
2026-06-08T10:21:00.000Z,NQ,29197.0,29201.25,29194.75,29196.75,83
2026-06-08T10:22:00.000Z,NQ,29196.5,29199.0,29175.0,29181.75,273
2026-06-08T10:23:00.000Z,NQ,29180.25,29185.25,29178.75,29183.75,93
2026-06-08T10:24:00.000Z,NQ,29186.0,29194.0,29183.25,29188.25,131
2026-06-08T10:25:00.000Z,NQ,29188.75,29195.75,29180.25,29185.25,317
2026-06-08T10:26:00.000Z,NQ,29185.75,29188.5,29179.5,29185.0,114
2026-06-08T10:27:00.000Z,NQ,29184.0,29185.25,29177.75,29180.0,79
2026-06-08T10:28:00.000Z,NQ,29179.5,29186.0,29177.0,29182.75,56
2026-06-08T10:29:00.000Z,NQ,29182.0,29199.25,29182.0,29194.0,106
2026-06-08T10:30:00.000Z,NQ,29192.25,29196.5,29188.75,29191.75,69
2026-06-08T10:31:00.000Z,NQ,29192.0,29195.25,29189.5,29194.0,52
2026-06-08T10:32:00.000Z,NQ,29194.5,29194.75,29189.5,29189.5,48
2026-06-08T10:33:00.000Z,NQ,29189.25,29211.25,29189.25,29207.0,195
2026-06-08T10:34:00.000Z,NQ,29206.25,29273.5,29203.5,29252.25,1330
2026-06-08T10:35:00.000Z,NQ,29255.0,29256.25,29235.75,29240.0,409
2026-06-08T10:36:00.000Z,NQ,29240.25,29256.5,29234.5,29248.5,298
2026-06-08T10:37:00.000Z,NQ,29248.5,29259.5,29240.5,29242.5,303
2026-06-08T10:38:00.000Z,NQ,29241.5,29247.0,29233.5,29246.0,206
2026-06-08T10:39:00.000Z,NQ,29244.75,29246.75,29235.25,29238.25,107
2026-06-08T10:40:00.000Z,NQ,29236.75,29246.0,29234.75,29244.75,95
2026-06-08T10:41:00.000Z,NQ,29244.75,29250.0,29242.0,29246.0,101
2026-06-08T10:42:00.000Z,NQ,29248.25,29248.75,29239.0,29243.0,137
2026-06-08T10:43:00.000Z,NQ,29243.0,29254.25,29242.5,29254.25,107
2026-06-08T10:44:00.000Z,NQ,29252.5,29254.0,29244.5,29246.5,111
2026-06-08T10:45:00.000Z,NQ,29246.25,29251.5,29238.75,29241.25,149
2026-06-08T10:46:00.000Z,NQ,29242.5,29245.5,29233.25,29235.0,158
2026-06-08T10:47:00.000Z,NQ,29236.0,29237.75,29227.0,29229.75,141
2026-06-08T10:48:00.000Z,NQ,29230.25,29242.0,29229.75,29239.25,84
2026-06-08T10:49:00.000Z,NQ,29241.5,29243.5,29236.0,29237.5,158
2026-06-08T10:50:00.000Z,NQ,29237.0,29237.25,29231.75,29235.0,60
2026-06-08T10:51:00.000Z,NQ,29234.5,29240.75,29223.0,29239.5,364
2026-06-08T10:52:00.000Z,NQ,29239.0,29249.0,29238.75,29249.0,144
2026-06-08T10:53:00.000Z,NQ,29249.25,29256.0,29246.75,29251.0,200
2026-06-08T10:54:00.000Z,NQ,29249.25,29252.5,29248.75,29250.0,48
2026-06-08T10:55:00.000Z,NQ,29251.0,29253.25,29241.25,29247.75,150
2026-06-08T10:56:00.000Z,NQ,29247.75,29249.25,29229.75,29231.75,309
2026-06-08T10:57:00.000Z,NQ,29231.5,29239.5,29230.0,29237.75,147
2026-06-08T10:58:00.000Z,NQ,29237.25,29246.75,29237.0,29246.25,129
2026-06-08T10:59:00.000Z,NQ,29246.5,29250.25,29238.75,29240.75,197
2026-06-08T11:00:00.000Z,NQ,29241.5,29242.25,29218.75,29223.25,414
2026-06-08T11:01:00.000Z,NQ,29222.0,29225.5,29212.0,29216.25,244
2026-06-08T11:02:00.000Z,NQ,29215.25,29223.5,29214.0,29219.5,105
2026-06-08T11:03:00.000Z,NQ,29218.75,29229.0,29218.5,29228.0,122
2026-06-08T11:04:00.000Z,NQ,29227.5,29240.0,29225.0,29238.25,158
2026-06-08T11:05:00.000Z,NQ,29238.75,29244.25,29231.25,29234.75,159
2026-06-08T11:06:00.000Z,NQ,29235.75,29238.5,29225.25,29229.0,166
2026-06-08T11:07:00.000Z,NQ,29228.5,29251.0,29228.5,29250.75,192
2026-06-08T11:08:00.000Z,NQ,29251.0,29260.0,29248.75,29257.5,169
2026-06-08T11:09:00.000Z,NQ,29258.75,29268.75,29255.25,29268.75,126
2026-06-08T11:10:00.000Z,NQ,29268.0,29331.0,29265.25,29330.0,1299
2026-06-08T11:11:00.000Z,NQ,29328.75,29334.5,29308.25,29318.25,880
2026-06-08T11:12:00.000Z,NQ,29317.75,29332.75,29312.75,29329.5,401
2026-06-08T11:13:00.000Z,NQ,29328.0,29340.0,29319.0,29327.0,573
2026-06-08T11:14:00.000Z,NQ,29325.75,29365.5,29325.0,29361.25,718
2026-06-08T11:15:00.000Z,NQ,29361.25,29385.75,29357.75,29372.5,1500
2026-06-08T11:16:00.000Z,NQ,29370.25,29371.25,29348.0,29352.5,629
2026-06-08T11:17:00.000Z,NQ,29352.0,29357.5,29343.75,29345.25,307
2026-06-08T11:18:00.000Z,NQ,29345.5,29366.5,29340.25,29363.25,379
2026-06-08T11:19:00.000Z,NQ,29363.25,29379.0,29352.5,29375.5,663
2026-06-08T11:20:00.000Z,NQ,29376.75,29382.75,29366.75,29381.25,553
2026-06-08T11:21:00.000Z,NQ,29381.0,29406.75,29376.0,29405.5,958
2026-06-08T11:22:00.000Z,NQ,29404.0,29408.5,29398.0,29399.0,686
2026-06-08T11:23:00.000Z,NQ,29398.0,29400.25,29385.0,29387.75,531
2026-06-08T11:24:00.000Z,NQ,29388.75,29390.25,29372.75,29375.0,278
2026-06-08T11:25:00.000Z,NQ,29376.25,29383.0,29371.5,29379.0,400
2026-06-08T11:26:00.000Z,NQ,29378.0,29395.0,29374.75,29387.25,291
2026-06-08T11:27:00.000Z,NQ,29386.75,29392.25,29383.25,29392.0,311
2026-06-08T11:28:00.000Z,NQ,29391.5,29396.5,29382.5,29396.5,399
2026-06-08T11:29:00.000Z,NQ,29395.25,29410.0,29392.75,29407.75,461
2026-06-08T11:30:00.000Z,NQ,29409.25,29422.75,29408.5,29419.5,672
2026-06-08T11:31:00.000Z,NQ,29420.0,29432.25,29417.5,29429.0,475
2026-06-08T11:32:00.000Z,NQ,29428.75,29429.0,29416.0,29417.25,567
2026-06-08T11:33:00.000Z,NQ,29417.5,29425.25,29412.25,29415.5,419
2026-06-08T11:34:00.000Z,NQ,29415.25,29421.5,29411.0,29418.25,346
2026-06-08T11:35:00.000Z,NQ,29419.25,29426.5,29413.75,29426.25,259
2026-06-08T11:36:00.000Z,NQ,29426.5,29427.75,29413.25,29419.0,310
2026-06-08T11:37:00.000Z,NQ,29419.5,29435.0,29419.5,29432.75,356
2026-06-08T11:38:00.000Z,NQ,29433.25,29434.0,29429.0,29430.0,141
2026-06-08T11:39:00.000Z,NQ,29428.75,29436.25,29425.75,29431.25,190
2026-06-08T11:40:00.000Z,NQ,29432.0,29436.0,29427.25,29434.75,316
2026-06-08T11:41:00.000Z,NQ,29436.0,29437.75,29417.25,29422.25,493
2026-06-08T11:42:00.000Z,NQ,29422.25,29436.0,29421.75,29434.0,306
2026-06-08T11:43:00.000Z,NQ,29433.5,29436.25,29420.75,29422.75,346
2026-06-08T11:44:00.000Z,NQ,29422.25,29422.25,29408.5,29410.75,357
2026-06-08T11:45:00.000Z,NQ,29410.0,29419.5,29405.0,29405.75,270
2026-06-08T11:46:00.000Z,NQ,29406.0,29409.25,29391.25,29393.0,305
2026-06-08T11:47:00.000Z,NQ,29392.25,29393.0,29370.25,29381.25,409
2026-06-08T11:48:00.000Z,NQ,29381.0,29388.0,29375.25,29382.0,317
2026-06-08T11:49:00.000Z,NQ,29381.75,29391.5,29378.25,29386.0,279
2026-06-08T11:50:00.000Z,NQ,29387.75,29395.25,29384.75,29392.25,277
2026-06-08T11:51:00.000Z,NQ,29392.0,29392.25,29383.75,29385.5,125
2026-06-08T11:52:00.000Z,NQ,29385.75,29389.5,29378.0,29384.25,215
2026-06-08T11:53:00.000Z,NQ,29383.25,29384.25,29377.0,29382.5,171
2026-06-08T11:54:00.000Z,NQ,29382.0,29383.25,29375.5,29377.5,170
2026-06-08T11:55:00.000Z,NQ,29376.5,29381.75,29371.5,29380.5,158
2026-06-08T11:56:00.000Z,NQ,29381.25,29394.0,29380.5,29391.75,252
2026-06-08T11:57:00.000Z,NQ,29391.75,29392.5,29382.5,29389.25,200
2026-06-08T11:58:00.000Z,NQ,29389.75,29394.5,29382.0,29382.5,222
2026-06-08T11:59:00.000Z,NQ,29382.0,29382.75,29372.0,29375.0,342
2026-06-08T12:00:00.000Z,NQ,29374.75,29400.0,29373.0,29398.75,510
2026-06-08T12:01:00.000Z,NQ,29399.5,29403.25,29364.75,29374.0,786
2026-06-08T12:02:00.000Z,NQ,29375.25,29391.0,29370.5,29385.75,398
2026-06-08T12:03:00.000Z,NQ,29386.5,29393.5,29374.75,29378.5,462
2026-06-08T12:04:00.000Z,NQ,29377.75,29388.5,29375.5,29387.0,238
2026-06-08T12:05:00.000Z,NQ,29387.25,29399.75,29377.75,29383.25,441
2026-06-08T12:06:00.000Z,NQ,29382.25,29397.5,29379.0,29392.75,327
2026-06-08T12:07:00.000Z,NQ,29391.5,29392.75,29382.75,29389.5,220
2026-06-08T12:08:00.000Z,NQ,29389.5,29406.0,29389.0,29401.5,616
2026-06-08T12:09:00.000Z,NQ,29401.0,29415.5,29399.75,29414.25,459
2026-06-08T12:10:00.000Z,NQ,29414.0,29416.5,29400.5,29403.5,351
2026-06-08T12:11:00.000Z,NQ,29404.25,29410.75,29388.5,29409.25,348
2026-06-08T12:12:00.000Z,NQ,29410.25,29413.0,29401.75,29405.0,209
2026-06-08T12:13:00.000Z,NQ,29404.75,29410.5,29396.5,29406.75,446
2026-06-08T12:14:00.000Z,NQ,29407.0,29415.25,29405.75,29414.0,293
2026-06-08T12:15:00.000Z,NQ,29412.75,29415.5,29404.25,29404.25,164
2026-06-08T12:16:00.000Z,NQ,29405.25,29412.75,29402.0,29408.75,184
2026-06-08T12:17:00.000Z,NQ,29408.0,29417.5,29405.75,29407.75,229
2026-06-08T12:18:00.000Z,NQ,29407.75,29418.25,29406.75,29412.0,176
2026-06-08T12:19:00.000Z,NQ,29413.25,29422.75,29413.25,29418.0,264
2026-06-08T12:20:00.000Z,NQ,29417.5,29429.0,29412.5,29428.75,342
2026-06-08T12:21:00.000Z,NQ,29429.0,29439.75,29423.0,29431.0,583
2026-06-08T12:22:00.000Z,NQ,29432.0,29434.0,29425.25,29428.5,205
2026-06-08T12:23:00.000Z,NQ,29428.25,29433.25,29414.75,29426.75,318
2026-06-08T12:24:00.000Z,NQ,29427.0,29438.0,29426.0,29437.25,208
2026-06-08T12:25:00.000Z,NQ,29438.0,29444.75,29437.5,29441.25,413
2026-06-08T12:26:00.000Z,NQ,29441.75,29446.5,29439.75,29442.5,323
2026-06-08T12:27:00.000Z,NQ,29442.0,29454.75,29440.5,29451.5,517
2026-06-08T12:28:00.000Z,NQ,29452.5,29457.0,29446.75,29449.5,402
2026-06-08T12:29:00.000Z,NQ,29448.25,29457.75,29448.25,29457.75,260
2026-06-08T12:30:00.000Z,NQ,29456.25,29467.0,29456.0,29466.0,500
2026-06-08T12:31:00.000Z,NQ,29466.5,29476.5,29465.5,29476.0,643
2026-06-08T12:32:00.000Z,NQ,29475.75,29485.0,29474.0,29480.25,445
2026-06-08T12:33:00.000Z,NQ,29480.25,29487.75,29475.0,29475.0,534
2026-06-08T12:34:00.000Z,NQ,29475.0,29479.25,29463.0,29467.0,540
2026-06-08T12:35:00.000Z,NQ,29466.25,29473.0,29460.75,29471.75,339
2026-06-08T12:36:00.000Z,NQ,29471.25,29478.25,29468.75,29478.0,277
2026-06-08T12:37:00.000Z,NQ,29478.0,29484.25,29476.75,29479.25,327
2026-06-08T12:38:00.000Z,NQ,29480.0,29483.0,29473.75,29481.5,453
2026-06-08T12:39:00.000Z,NQ,29481.75,29487.0,29464.25,29468.25,608
2026-06-08T12:40:00.000Z,NQ,29470.25,29482.75,29468.75,29475.5,366
2026-06-08T12:41:00.000Z,NQ,29476.5,29479.5,29467.25,29468.0,318
2026-06-08T12:42:00.000Z,NQ,29467.75,29510.5,29465.0,29495.25,1541
2026-06-08T12:43:00.000Z,NQ,29495.5,29505.5,29491.5,29495.75,396
2026-06-08T12:44:00.000Z,NQ,29495.5,29498.5,29488.0,29493.5,214
2026-06-08T12:45:00.000Z,NQ,29494.25,29495.75,29483.0,29487.5,184
2026-06-08T12:46:00.000Z,NQ,29486.0,29490.5,29479.0,29482.75,249
2026-06-08T12:47:00.000Z,NQ,29480.5,29483.0,29474.25,29480.25,412
2026-06-08T12:48:00.000Z,NQ,29479.75,29485.5,29476.25,29482.0,269
2026-06-08T12:49:00.000Z,NQ,29482.0,29489.25,29480.0,29488.25,397
2026-06-08T12:50:00.000Z,NQ,29489.0,29492.5,29471.25,29472.0,484
2026-06-08T12:51:00.000Z,NQ,29472.0,29475.0,29462.75,29466.5,434
2026-06-08T12:52:00.000Z,NQ,29465.5,29474.0,29462.25,29466.75,437
2026-06-08T12:53:00.000Z,NQ,29466.75,29475.25,29465.0,29473.75,322
2026-06-08T12:54:00.000Z,NQ,29473.75,29488.25,29472.75,29482.75,392
2026-06-08T12:55:00.000Z,NQ,29483.75,29484.75,29478.25,29484.25,218
2026-06-08T12:56:00.000Z,NQ,29484.5,29484.5,29477.5,29479.75,239
2026-06-08T12:57:00.000Z,NQ,29479.25,29482.25,29470.75,29475.0,307
2026-06-08T12:58:00.000Z,NQ,29474.25,29484.5,29470.75,29484.25,282
2026-06-08T12:59:00.000Z,NQ,29484.75,29489.0,29480.0,29486.0,356
2026-06-08T13:00:00.000Z,NQ,29484.5,29518.5,29484.0,29504.25,1441
2026-06-08T13:01:00.000Z,NQ,29505.0,29513.5,29504.0,29507.25,575
2026-06-08T13:02:00.000Z,NQ,29507.75,29523.5,29506.5,29515.0,674
2026-06-08T13:03:00.000Z,NQ,29517.0,29535.5,29513.0,29531.5,635
2026-06-08T13:04:00.000Z,NQ,29530.5,29531.75,29521.75,29530.25,563
2026-06-08T13:05:00.000Z,NQ,29530.25,29535.25,29521.25,29526.5,529
2026-06-08T13:06:00.000Z,NQ,29526.75,29537.5,29521.5,29535.25,524
2026-06-08T13:07:00.000Z,NQ,29536.0,29544.75,29532.25,29537.5,647
2026-06-08T13:08:00.000Z,NQ,29539.25,29560.0,29535.75,29560.0,724
2026-06-08T13:09:00.000Z,NQ,29560.0,29571.75,29560.0,29566.5,862
2026-06-08T13:10:00.000Z,NQ,29567.0,29573.75,29555.25,29556.5,742
2026-06-08T13:11:00.000Z,NQ,29556.75,29565.0,29552.5,29564.0,424
2026-06-08T13:12:00.000Z,NQ,29563.75,29570.0,29556.75,29567.0,642
2026-06-08T13:13:00.000Z,NQ,29567.75,29581.0,29567.75,29579.0,779
2026-06-08T13:14:00.000Z,NQ,29579.0,29581.5,29573.0,29574.75,529
2026-06-08T13:15:00.000Z,NQ,29574.75,29587.25,29568.25,29568.25,891
2026-06-08T13:16:00.000Z,NQ,29568.75,29573.75,29565.25,29568.75,494
2026-06-08T13:17:00.000Z,NQ,29569.25,29573.75,29563.0,29568.75,514
2026-06-08T13:18:00.000Z,NQ,29568.25,29572.25,29559.0,29565.75,912
2026-06-08T13:19:00.000Z,NQ,29565.75,29566.25,29553.0,29564.5,1100
2026-06-08T13:20:00.000Z,NQ,29564.5,29571.5,29560.0,29569.25,609
2026-06-08T13:21:00.000Z,NQ,29569.25,29585.0,29567.5,29573.75,614
2026-06-08T13:22:00.000Z,NQ,29574.5,29604.25,29574.5,29596.75,1323
2026-06-08T13:23:00.000Z,NQ,29597.0,29597.75,29575.75,29578.0,955
2026-06-08T13:24:00.000Z,NQ,29577.5,29578.5,29569.25,29575.0,535
2026-06-08T13:25:00.000Z,NQ,29575.25,29585.5,29569.75,29574.75,910
2026-06-08T13:26:00.000Z,NQ,29575.25,29576.75,29561.0,29562.25,588
2026-06-08T13:27:00.000Z,NQ,29562.0,29567.5,29546.5,29549.75,1041
2026-06-08T13:28:00.000Z,NQ,29550.25,29559.0,29533.0,29535.5,1350
2026-06-08T13:29:00.000Z,NQ,29534.75,29537.0,29523.5,29525.75,1836
2026-06-08T13:30:00.000Z,NQ,29526.0,29569.25,29501.0,29567.0,6826
2026-06-08T13:31:00.000Z,NQ,29566.75,29584.0,29506.5,29521.25,4783
2026-06-08T13:32:00.000Z,NQ,29522.0,29531.5,29497.25,29507.5,5010
2026-06-08T13:33:00.000Z,NQ,29508.5,29510.5,29438.0,29441.75,4170
2026-06-08T13:34:00.000Z,NQ,29441.5,29455.25,29412.0,29418.25,3642
2026-06-08T13:35:00.000Z,NQ,29417.5,29464.75,29397.5,29452.25,4382
2026-06-08T13:36:00.000Z,NQ,29453.25,29471.0,29438.0,29443.75,3319
2026-06-08T13:37:00.000Z,NQ,29443.75,29461.25,29428.75,29442.75,2099
2026-06-08T13:38:00.000Z,NQ,29444.0,29499.5,29440.5,29463.0,3355
2026-06-08T13:39:00.000Z,NQ,29462.5,29472.5,29423.75,29426.0,2414
2026-06-08T13:40:00.000Z,NQ,29427.0,29460.25,29423.75,29459.0,2726
2026-06-08T13:41:00.000Z,NQ,29458.75,29474.5,29437.25,29467.75,2391
2026-06-08T13:42:00.000Z,NQ,29468.25,29523.25,29455.0,29522.25,3016
2026-06-08T13:43:00.000Z,NQ,29522.25,29556.0,29510.25,29518.0,2911
2026-06-08T13:44:00.000Z,NQ,29517.75,29530.5,29483.0,29515.5,3089
2026-06-08T13:45:00.000Z,NQ,29516.0,29521.5,29494.0,29521.5,3324
2026-06-08T13:46:00.000Z,NQ,29521.25,29554.0,29511.75,29541.25,2721
2026-06-08T13:47:00.000Z,NQ,29540.5,29540.5,29492.0,29499.75,2680
2026-06-08T13:48:00.000Z,NQ,29500.75,29515.0,29443.75,29453.5,3160
2026-06-08T13:49:00.000Z,NQ,29452.75,29485.25,29445.0,29476.25,2583
2026-06-08T13:50:00.000Z,NQ,29476.0,29482.75,29434.25,29442.5,2174
2026-06-08T13:51:00.000Z,NQ,29442.5,29501.5,29440.0,29478.0,2608
2026-06-08T13:52:00.000Z,NQ,29477.5,29508.75,29466.0,29502.25,2071
2026-06-08T13:53:00.000Z,NQ,29501.5,29538.25,29499.0,29537.75,2001
2026-06-08T13:54:00.000Z,NQ,29537.25,29548.5,29494.75,29501.5,1956
2026-06-08T13:55:00.000Z,NQ,29502.25,29503.75,29448.75,29454.0,1878
2026-06-08T13:56:00.000Z,NQ,29453.0,29465.0,29436.0,29458.0,2237
2026-06-08T13:57:00.000Z,NQ,29456.75,29458.0,29374.25,29379.25,2905
2026-06-08T13:58:00.000Z,NQ,29378.5,29385.0,29341.0,29369.25,2665
2026-06-08T13:59:00.000Z,NQ,29368.75,29392.75,29348.75,29349.75,2237
2026-06-08T14:00:00.000Z,NQ,29350.25,29368.0,29331.5,29366.0,3013
2026-06-08T14:01:00.000Z,NQ,29367.5,29409.0,29364.75,29400.5,2850
2026-06-08T14:02:00.000Z,NQ,29402.5,29428.0,29386.75,29390.75,2918
2026-06-08T14:03:00.000Z,NQ,29391.5,29432.0,29376.0,29391.75,2984
2026-06-08T14:04:00.000Z,NQ,29392.75,29394.75,29360.75,29361.75,1781
2026-06-08T14:05:00.000Z,NQ,29362.25,29371.25,29348.5,29368.5,1989
2026-06-08T14:06:00.000Z,NQ,29368.75,29441.5,29363.5,29428.25,2845
2026-06-08T14:07:00.000Z,NQ,29429.75,29437.0,29399.0,29417.5,2306
2026-06-08T14:08:00.000Z,NQ,29418.75,29436.5,29391.25,29429.0,1784
2026-06-08T14:09:00.000Z,NQ,29430.0,29466.5,29423.25,29455.0,1986
2026-06-08T14:10:00.000Z,NQ,29455.25,29465.25,29421.0,29427.75,1802
2026-06-08T14:11:00.000Z,NQ,29427.5,29467.5,29423.5,29459.75,1989
2026-06-08T14:12:00.000Z,NQ,29458.5,29459.75,29419.5,29435.0,2097
2026-06-08T14:13:00.000Z,NQ,29435.75,29461.75,29412.75,29451.25,2033
2026-06-08T14:14:00.000Z,NQ,29454.0,29471.75,29427.25,29441.5,1615
2026-06-08T14:15:00.000Z,NQ,29441.0,29443.25,29384.75,29397.5,1938
2026-06-08T14:16:00.000Z,NQ,29398.25,29413.75,29376.5,29385.0,1671
2026-06-08T14:17:00.000Z,NQ,29385.75,29422.0,29374.75,29416.25,1696
2026-06-08T14:18:00.000Z,NQ,29415.25,29434.25,29397.0,29402.0,1531
2026-06-08T14:19:00.000Z,NQ,29403.0,29419.25,29388.0,29418.0,1638
2026-06-08T14:20:00.000Z,NQ,29416.75,29443.75,29401.5,29411.75,1756
2026-06-08T14:21:00.000Z,NQ,29411.0,29426.25,29386.0,29417.25,1487
2026-06-08T14:22:00.000Z,NQ,29417.5,29423.5,29393.25,29415.5,1168
2026-06-08T14:23:00.000Z,NQ,29416.0,29468.75,29410.75,29463.75,1800
2026-06-08T14:24:00.000Z,NQ,29463.75,29480.5,29444.25,29465.75,1729
2026-06-08T14:25:00.000Z,NQ,29465.75,29492.75,29455.5,29487.0,1663
2026-06-08T14:26:00.000Z,NQ,29484.75,29517.25,29482.25,29509.5,2176
2026-06-08T14:27:00.000Z,NQ,29508.75,29531.0,29507.5,29523.0,1656
2026-06-08T14:28:00.000Z,NQ,29522.75,29524.5,29480.5,29505.75,1706
2026-06-08T14:29:00.000Z,NQ,29505.75,29522.0,29499.5,29517.25,1413
2026-06-08T14:30:00.000Z,NQ,29517.0,29540.5,29504.5,29533.0,2026
2026-06-08T14:31:00.000Z,NQ,29532.75,29539.25,29514.25,29523.25,1469
2026-06-08T14:32:00.000Z,NQ,29522.5,29543.75,29514.75,29524.0,1325
2026-06-08T14:33:00.000Z,NQ,29526.0,29536.0,29517.5,29522.75,937
2026-06-08T14:34:00.000Z,NQ,29522.5,29550.5,29522.25,29548.25,1389
2026-06-08T14:35:00.000Z,NQ,29548.75,29577.0,29537.5,29573.25,2235
2026-06-08T14:36:00.000Z,NQ,29572.5,29603.75,29554.5,29595.5,2686
2026-06-08T14:37:00.000Z,NQ,29594.75,29594.75,29565.5,29581.75,1589
2026-06-08T14:38:00.000Z,NQ,29582.0,29584.0,29568.25,29576.0,1658
2026-06-08T14:39:00.000Z,NQ,29576.0,29598.75,29559.5,29586.25,2479
2026-06-08T14:40:00.000Z,NQ,29586.25,29602.0,29581.5,29591.5,1651
2026-06-08T14:41:00.000Z,NQ,29591.0,29595.75,29561.0,29567.75,2164
2026-06-08T14:42:00.000Z,NQ,29567.25,29572.25,29530.5,29545.0,1989
2026-06-08T14:43:00.000Z,NQ,29545.25,29550.5,29527.75,29534.0,1274
2026-06-08T14:44:00.000Z,NQ,29534.0,29560.75,29532.25,29549.75,1302
2026-06-08T14:45:00.000Z,NQ,29549.25,29595.0,29549.0,29594.25,1827
2026-06-08T14:46:00.000Z,NQ,29593.75,29630.0,29588.5,29629.75,3251
2026-06-08T14:47:00.000Z,NQ,29629.75,29649.75,29622.25,29633.25,2528
2026-06-08T14:48:00.000Z,NQ,29633.5,29634.75,29614.75,29625.25,1232
2026-06-08T14:49:00.000Z,NQ,29625.5,29634.75,29609.5,29610.75,1346
2026-06-08T14:50:00.000Z,NQ,29611.0,29623.0,29600.5,29613.75,1930
2026-06-08T14:51:00.000Z,NQ,29613.5,29638.25,29606.75,29638.25,1400
2026-06-08T14:52:00.000Z,NQ,29637.75,29661.5,29634.0,29657.0,1624
2026-06-08T14:53:00.000Z,NQ,29656.5,29656.5,29641.75,29652.0,992
2026-06-08T14:54:00.000Z,NQ,29651.25,29655.25,29631.0,29640.5,1057
2026-06-08T14:55:00.000Z,NQ,29640.0,29644.5,29625.75,29634.25,1040
2026-06-08T14:56:00.000Z,NQ,29635.0,29644.25,29613.0,29641.75,1525
2026-06-08T14:57:00.000Z,NQ,29641.25,29669.25,29641.0,29659.75,2159
2026-06-08T14:58:00.000Z,NQ,29659.75,29675.0,29659.0,29673.0,999
2026-06-08T14:59:00.000Z,NQ,29673.5,29681.0,29666.0,29676.5,1393
2026-06-08T15:00:00.000Z,NQ,29676.5,29681.0,29665.25,29675.0,1777
2026-06-08T15:01:00.000Z,NQ,29674.25,29694.5,29671.5,29686.0,1553
2026-06-08T15:02:00.000Z,NQ,29686.0,29699.25,29677.75,29698.75,1454
2026-06-08T15:03:00.000Z,NQ,29698.0,29706.75,29692.0,29695.0,1850
2026-06-08T15:04:00.000Z,NQ,29694.75,29700.0,29689.75,29695.5,2175
2026-06-08T15:05:00.000Z,NQ,29695.0,29711.75,29690.0,29705.5,1514
2026-06-08T15:06:00.000Z,NQ,29705.25,29725.0,29704.75,29719.0,1461
2026-06-08T15:07:00.000Z,NQ,29719.25,29722.75,29704.75,29712.75,1020
2026-06-08T15:08:00.000Z,NQ,29712.25,29726.0,29709.25,29718.25,1183
2026-06-08T15:09:00.000Z,NQ,29718.0,29726.0,29707.75,29725.25,1005
2026-06-08T15:10:00.000Z,NQ,29725.5,29728.5,29716.25,29724.75,865
2026-06-08T15:11:00.000Z,NQ,29725.0,29730.75,29717.5,29721.5,1031
2026-06-08T15:12:00.000Z,NQ,29720.5,29734.0,29719.0,29730.0,1152
2026-06-08T15:13:00.000Z,NQ,29729.25,29733.5,29719.25,29726.75,995
2026-06-08T15:14:00.000Z,NQ,29727.0,29728.0,29710.25,29715.25,916
2026-06-08T15:15:00.000Z,NQ,29716.25,29734.75,29716.0,29726.25,1512
2026-06-08T15:16:00.000Z,NQ,29726.5,29734.5,29721.75,29728.75,1228
2026-06-08T15:17:00.000Z,NQ,29728.0,29730.25,29715.5,29717.25,952
2026-06-08T15:18:00.000Z,NQ,29715.5,29730.0,29703.0,29726.0,2732
2026-06-08T15:19:00.000Z,NQ,29726.5,29740.0,29724.5,29731.75,1525
2026-06-08T15:20:00.000Z,NQ,29732.5,29743.0,29726.5,29729.25,1403
2026-06-08T15:21:00.000Z,NQ,29729.5,29730.0,29706.0,29709.0,1276
2026-06-08T15:22:00.000Z,NQ,29709.0,29717.5,29690.5,29699.25,1512
2026-06-08T15:23:00.000Z,NQ,29698.5,29713.75,29690.0,29713.0,1293
2026-06-08T15:24:00.000Z,NQ,29712.0,29733.0,29711.5,29725.25,1373
2026-06-08T15:25:00.000Z,NQ,29723.5,29724.75,29689.25,29691.25,1331
2026-06-08T15:26:00.000Z,NQ,29691.25,29697.0,29663.0,29665.25,1833
2026-06-08T15:27:00.000Z,NQ,29664.0,29671.5,29654.5,29662.25,1762
2026-06-08T15:28:00.000Z,NQ,29662.75,29674.5,29657.0,29662.25,1039
2026-06-08T15:29:00.000Z,NQ,29662.25,29667.75,29623.25,29630.0,1943
2026-06-08T15:30:00.000Z,NQ,29630.25,29637.75,29580.0,29586.75,3023
2026-06-08T15:31:00.000Z,NQ,29586.25,29610.75,29586.25,29591.75,2005
2026-06-08T15:32:00.000Z,NQ,29593.0,29602.25,29570.0,29579.75,2010
2026-06-08T15:33:00.000Z,NQ,29578.75,29584.25,29565.5,29568.25,1517
2026-06-08T15:34:00.000Z,NQ,29568.0,29586.0,29559.0,29574.25,1700
2026-06-08T15:35:00.000Z,NQ,29575.0,29592.25,29569.0,29582.25,1545
2026-06-08T15:36:00.000Z,NQ,29581.75,29599.0,29569.75,29594.25,1299
2026-06-08T15:37:00.000Z,NQ,29593.5,29620.75,29585.5,29617.0,1767
2026-06-08T15:38:00.000Z,NQ,29617.75,29647.0,29612.25,29646.0,1870
2026-06-08T15:39:00.000Z,NQ,29646.5,29661.25,29640.5,29654.0,1238
2026-06-08T15:40:00.000Z,NQ,29653.75,29676.0,29651.75,29664.0,1308
2026-06-08T15:41:00.000Z,NQ,29663.25,29665.25,29649.75,29664.5,1120
2026-06-08T15:42:00.000Z,NQ,29663.5,29666.0,29635.25,29648.5,1320
2026-06-08T15:43:00.000Z,NQ,29648.5,29667.25,29647.0,29658.0,936
2026-06-08T15:44:00.000Z,NQ,29658.5,29685.25,29657.5,29685.25,1031
2026-06-08T15:45:00.000Z,NQ,29685.25,29694.0,29676.5,29687.25,1302
2026-06-08T15:46:00.000Z,NQ,29686.5,29703.25,29685.25,29698.75,1007
2026-06-08T15:47:00.000Z,NQ,29698.0,29710.75,29693.0,29696.0,1007
2026-06-08T15:48:00.000Z,NQ,29696.0,29696.0,29656.25,29661.5,1842
2026-06-08T15:49:00.000Z,NQ,29661.25,29666.5,29642.75,29647.5,1471
2026-06-08T15:50:00.000Z,NQ,29646.75,29672.0,29646.5,29667.5,1051
2026-06-08T15:51:00.000Z,NQ,29667.0,29686.75,29665.5,29680.0,1139
2026-06-08T15:52:00.000Z,NQ,29680.0,29690.75,29676.5,29690.25,1163
2026-06-08T15:53:00.000Z,NQ,29689.5,29692.75,29671.75,29675.0,798
2026-06-08T15:54:00.000Z,NQ,29673.25,29673.5,29646.5,29655.5,1329
2026-06-08T15:55:00.000Z,NQ,29654.5,29654.75,29620.25,29626.25,1716
2026-06-08T15:56:00.000Z,NQ,29626.0,29636.25,29609.75,29620.5,1539
2026-06-08T15:57:00.000Z,NQ,29620.5,29627.75,29612.25,29613.75,934
2026-06-08T15:58:00.000Z,NQ,29614.0,29624.0,29598.25,29600.75,1042
2026-06-08T15:59:00.000Z,NQ,29600.25,29612.0,29594.25,29610.0,990
2026-06-08T16:00:00.000Z,NQ,29610.25,29617.0,29592.75,29596.25,1584
2026-06-08T16:01:00.000Z,NQ,29596.25,29608.5,29580.25,29605.5,1546
2026-06-08T16:02:00.000Z,NQ,29604.25,29628.5,29600.0,29624.75,1414
2026-06-08T16:03:00.000Z,NQ,29625.25,29649.5,29619.25,29640.0,1924
2026-06-08T16:04:00.000Z,NQ,29639.75,29649.0,29625.0,29632.0,831
2026-06-08T16:05:00.000Z,NQ,29631.5,29636.0,29613.5,29627.75,1148
2026-06-08T16:06:00.000Z,NQ,29628.0,29648.0,29625.5,29640.75,956
2026-06-08T16:07:00.000Z,NQ,29640.75,29643.5,29621.25,29633.25,883
2026-06-08T16:08:00.000Z,NQ,29633.25,29639.5,29614.25,29621.75,732
2026-06-08T16:09:00.000Z,NQ,29620.5,29626.0,29605.0,29616.5,781
2026-06-08T16:10:00.000Z,NQ,29616.5,29616.5,29595.75,29601.5,783
2026-06-08T16:11:00.000Z,NQ,29599.5,29632.25,29598.75,29631.75,1166
2026-06-08T16:12:00.000Z,NQ,29631.25,29651.25,29630.0,29650.0,862
2026-06-08T16:13:00.000Z,NQ,29648.5,29649.5,29633.75,29640.0,696
2026-06-08T16:14:00.000Z,NQ,29640.5,29643.75,29629.75,29635.25,618
2026-06-08T16:15:00.000Z,NQ,29636.75,29664.75,29633.25,29659.0,989
2026-06-08T16:16:00.000Z,NQ,29657.75,29670.5,29653.25,29667.25,914
2026-06-08T16:17:00.000Z,NQ,29667.25,29667.75,29650.75,29661.25,875
2026-06-08T16:18:00.000Z,NQ,29661.25,29679.75,29660.0,29664.5,788
2026-06-08T16:19:00.000Z,NQ,29664.25,29679.25,29660.0,29679.25,597
2026-06-08T16:20:00.000Z,NQ,29678.75,29690.75,29670.0,29690.75,1207
2026-06-08T16:21:00.000Z,NQ,29689.75,29692.25,29678.25,29681.0,747
2026-06-08T16:22:00.000Z,NQ,29681.0,29681.25,29661.0,29667.75,923
2026-06-08T16:23:00.000Z,NQ,29667.25,29668.5,29632.0,29638.0,1763
2026-06-08T16:24:00.000Z,NQ,29637.5,29646.0,29625.5,29635.25,1418
2026-06-08T16:25:00.000Z,NQ,29635.5,29652.25,29633.0,29643.5,724
2026-06-08T16:26:00.000Z,NQ,29643.25,29658.75,29643.25,29648.0,1011
2026-06-08T16:27:00.000Z,NQ,29649.0,29651.0,29628.5,29631.75,607
2026-06-08T16:28:00.000Z,NQ,29631.25,29633.0,29601.25,29601.75,1200
2026-06-08T16:29:00.000Z,NQ,29602.5,29606.75,29581.5,29584.75,1843
2026-06-08T16:30:00.000Z,NQ,29587.5,29607.25,29586.5,29605.25,1267
2026-06-08T16:31:00.000Z,NQ,29604.0,29616.75,29602.0,29613.0,854
2026-06-08T16:32:00.000Z,NQ,29611.25,29611.25,29586.75,29600.25,969
2026-06-08T16:33:00.000Z,NQ,29601.25,29611.25,29582.0,29582.25,1077
2026-06-08T16:34:00.000Z,NQ,29582.0,29587.25,29573.5,29578.25,1156
2026-06-08T16:35:00.000Z,NQ,29578.0,29599.0,29575.0,29589.5,857
2026-06-08T16:36:00.000Z,NQ,29590.25,29604.75,29577.75,29590.75,1212
2026-06-08T16:37:00.000Z,NQ,29590.0,29593.25,29570.75,29571.5,1003
2026-06-08T16:38:00.000Z,NQ,29572.25,29575.5,29555.5,29557.75,1090
2026-06-08T16:39:00.000Z,NQ,29558.5,29574.0,29557.0,29562.0,989
2026-06-08T16:40:00.000Z,NQ,29561.0,29584.0,29554.0,29582.75,940
2026-06-08T16:41:00.000Z,NQ,29581.75,29596.0,29579.25,29589.5,907
2026-06-08T16:42:00.000Z,NQ,29589.25,29592.0,29569.0,29574.75,1060
2026-06-08T16:43:00.000Z,NQ,29574.5,29576.25,29560.75,29562.75,685
2026-06-08T16:44:00.000Z,NQ,29562.5,29588.5,29560.75,29586.5,828
2026-06-08T16:45:00.000Z,NQ,29586.5,29600.75,29578.5,29588.75,960
2026-06-08T16:46:00.000Z,NQ,29588.75,29597.25,29580.0,29594.5,452
2026-06-08T16:47:00.000Z,NQ,29594.5,29623.25,29593.5,29621.75,1267
2026-06-08T16:48:00.000Z,NQ,29621.25,29630.5,29613.25,29617.25,949
2026-06-08T16:49:00.000Z,NQ,29617.75,29622.75,29605.5,29606.75,576
2026-06-08T16:50:00.000Z,NQ,29607.25,29619.75,29598.0,29602.5,762
2026-06-08T16:51:00.000Z,NQ,29602.75,29615.75,29592.0,29613.5,800
2026-06-08T16:52:00.000Z,NQ,29611.75,29617.5,29603.5,29608.5,557
2026-06-08T16:53:00.000Z,NQ,29608.75,29614.5,29603.5,29607.5,530
2026-06-08T16:54:00.000Z,NQ,29608.25,29619.5,29600.0,29605.25,645
2026-06-08T16:55:00.000Z,NQ,29606.0,29607.75,29584.0,29593.75,799
2026-06-08T16:56:00.000Z,NQ,29594.5,29606.25,29593.5,29605.5,526
2026-06-08T16:57:00.000Z,NQ,29606.0,29611.75,29587.25,29588.5,694
2026-06-08T16:58:00.000Z,NQ,29589.5,29593.25,29577.25,29580.75,661
2026-06-08T16:59:00.000Z,NQ,29581.0,29590.25,29578.25,29580.5,573
2026-06-08T17:00:00.000Z,NQ,29580.75,29584.25,29546.25,29551.5,2003
2026-06-08T17:01:00.000Z,NQ,29551.5,29557.0,29533.75,29539.25,1550
2026-06-08T17:02:00.000Z,NQ,29539.5,29545.5,29508.0,29508.0,1509
2026-06-08T17:03:00.000Z,NQ,29507.25,29523.0,29498.5,29500.0,1738
2026-06-08T17:04:00.000Z,NQ,29500.5,29524.0,29492.25,29518.5,1477
2026-06-08T17:05:00.000Z,NQ,29518.0,29538.75,29508.0,29529.5,1550
2026-06-08T17:06:00.000Z,NQ,29528.0,29538.5,29519.0,29535.0,1267
2026-06-08T17:07:00.000Z,NQ,29535.5,29553.75,29534.75,29542.5,1282
2026-06-08T17:08:00.000Z,NQ,29542.25,29557.5,29538.5,29553.25,699
2026-06-08T17:09:00.000Z,NQ,29553.25,29553.25,29519.0,29525.0,1003
2026-06-08T17:10:00.000Z,NQ,29523.5,29529.5,29502.0,29512.75,940
2026-06-08T17:11:00.000Z,NQ,29512.0,29512.0,29493.5,29499.5,826
2026-06-08T17:12:00.000Z,NQ,29500.25,29505.25,29485.25,29499.75,1290
2026-06-08T17:13:00.000Z,NQ,29500.75,29523.0,29499.5,29520.0,1087
2026-06-08T17:14:00.000Z,NQ,29519.5,29532.5,29516.75,29531.75,960
2026-06-08T17:15:00.000Z,NQ,29531.0,29542.0,29512.5,29512.75,995
2026-06-08T17:16:00.000Z,NQ,29512.5,29534.25,29511.75,29533.0,931
2026-06-08T17:17:00.000Z,NQ,29532.5,29545.25,29527.75,29528.0,929
2026-06-08T17:18:00.000Z,NQ,29528.25,29530.0,29492.0,29497.75,1519
2026-06-08T17:19:00.000Z,NQ,29497.5,29508.5,29497.5,29504.5,595
2026-06-08T17:20:00.000Z,NQ,29505.25,29522.75,29502.75,29512.0,747
2026-06-08T17:21:00.000Z,NQ,29511.75,29534.25,29511.75,29522.5,696
2026-06-08T17:22:00.000Z,NQ,29521.5,29522.5,29497.75,29511.5,870
2026-06-08T17:23:00.000Z,NQ,29510.75,29514.5,29502.0,29506.5,503
2026-06-08T17:24:00.000Z,NQ,29507.75,29517.75,29492.0,29515.5,915
2026-06-08T17:25:00.000Z,NQ,29515.25,29540.75,29509.5,29538.75,983
2026-06-08T17:26:00.000Z,NQ,29538.5,29541.5,29524.25,29533.0,1634
2026-06-08T17:27:00.000Z,NQ,29532.5,29553.5,29531.0,29550.0,953
2026-06-08T17:28:00.000Z,NQ,29550.0,29581.75,29545.75,29577.25,1175
2026-06-08T17:29:00.000Z,NQ,29576.75,29605.5,29576.25,29602.0,1265
2026-06-08T17:30:00.000Z,NQ,29602.0,29624.25,29597.75,29620.0,1471
2026-06-08T17:31:00.000Z,NQ,29620.25,29622.0,29576.25,29593.75,1835
2026-06-08T17:32:00.000Z,NQ,29593.5,29594.25,29566.0,29581.5,1573
2026-06-08T17:33:00.000Z,NQ,29581.0,29582.75,29550.25,29557.75,1087
2026-06-08T17:34:00.000Z,NQ,29557.25,29582.5,29547.25,29580.5,1369
2026-06-08T17:35:00.000Z,NQ,29580.0,29587.75,29537.75,29540.5,1839
2026-06-08T17:36:00.000Z,NQ,29539.25,29553.25,29529.5,29548.75,1262
2026-06-08T17:37:00.000Z,NQ,29548.0,29567.0,29540.25,29565.25,1113
2026-06-08T17:38:00.000Z,NQ,29565.0,29568.5,29548.75,29568.0,923
2026-06-08T17:39:00.000Z,NQ,29566.5,29568.5,29550.0,29561.75,687
2026-06-08T17:40:00.000Z,NQ,29560.25,29567.5,29537.75,29546.25,821
2026-06-08T17:41:00.000Z,NQ,29545.75,29551.0,29530.75,29532.0,753
2026-06-08T17:42:00.000Z,NQ,29532.0,29543.5,29521.5,29526.5,981
2026-06-08T17:43:00.000Z,NQ,29523.0,29531.5,29520.25,29523.25,693
2026-06-08T17:44:00.000Z,NQ,29524.0,29535.5,29509.0,29512.25,1106
2026-06-08T17:45:00.000Z,NQ,29511.75,29530.5,29511.25,29529.25,1381
2026-06-08T17:46:00.000Z,NQ,29529.5,29556.25,29527.0,29556.25,1041
2026-06-08T17:47:00.000Z,NQ,29555.25,29564.5,29542.75,29548.5,1022
2026-06-08T17:48:00.000Z,NQ,29548.25,29554.5,29538.25,29539.5,534
2026-06-08T17:49:00.000Z,NQ,29541.0,29574.5,29540.25,29572.25,891
2026-06-08T17:50:00.000Z,NQ,29573.25,29580.25,29563.25,29574.25,1142
2026-06-08T17:51:00.000Z,NQ,29574.25,29583.0,29564.5,29568.75,979
2026-06-08T17:52:00.000Z,NQ,29568.0,29579.75,29557.5,29574.5,793
2026-06-08T17:53:00.000Z,NQ,29573.75,29600.0,29566.75,29596.0,1003
2026-06-08T17:54:00.000Z,NQ,29595.5,29596.25,29584.0,29584.25,619
2026-06-08T17:55:00.000Z,NQ,29584.25,29590.0,29567.0,29569.25,818
2026-06-08T17:56:00.000Z,NQ,29569.25,29582.5,29567.0,29568.0,742
2026-06-08T17:57:00.000Z,NQ,29568.25,29575.75,29561.25,29562.0,635
2026-06-08T17:58:00.000Z,NQ,29561.75,29572.5,29552.5,29555.0,787
2026-06-08T17:59:00.000Z,NQ,29555.5,29564.0,29545.75,29558.25,762
2026-06-08T18:00:00.000Z,NQ,29559.25,29579.75,29558.25,29574.5,1127
2026-06-08T18:01:00.000Z,NQ,29574.75,29592.5,29574.0,29589.25,982
2026-06-08T18:02:00.000Z,NQ,29589.0,29596.25,29577.75,29583.75,734
2026-06-08T18:03:00.000Z,NQ,29584.25,29590.5,29571.0,29577.5,734
2026-06-08T18:04:00.000Z,NQ,29577.0,29583.25,29568.0,29578.0,628
2026-06-08T18:05:00.000Z,NQ,29578.0,29594.25,29576.0,29591.0,610
2026-06-08T18:06:00.000Z,NQ,29591.0,29609.5,29582.0,29606.5,966
2026-06-08T18:07:00.000Z,NQ,29606.75,29611.75,29594.5,29595.0,814
2026-06-08T18:08:00.000Z,NQ,29594.75,29599.75,29586.25,29590.75,604
2026-06-08T18:09:00.000Z,NQ,29590.5,29603.5,29588.0,29595.0,600
2026-06-08T18:10:00.000Z,NQ,29596.5,29609.25,29595.0,29601.25,646
2026-06-08T18:11:00.000Z,NQ,29601.5,29604.25,29575.5,29576.75,937
2026-06-08T18:12:00.000Z,NQ,29578.5,29581.75,29556.0,29558.5,1134
2026-06-08T18:13:00.000Z,NQ,29559.25,29585.75,29558.25,29578.75,892
2026-06-08T18:14:00.000Z,NQ,29578.75,29581.5,29561.25,29564.0,1103
2026-06-08T18:15:00.000Z,NQ,29565.5,29583.75,29562.25,29583.25,858
2026-06-08T18:16:00.000Z,NQ,29583.75,29585.25,29573.0,29579.5,493
2026-06-08T18:17:00.000Z,NQ,29579.0,29590.5,29575.25,29585.75,567
2026-06-08T18:18:00.000Z,NQ,29588.25,29592.75,29580.75,29588.25,457
2026-06-08T18:19:00.000Z,NQ,29589.25,29590.0,29572.0,29579.0,503
2026-06-08T18:20:00.000Z,NQ,29579.0,29584.5,29561.5,29565.5,674
2026-06-08T18:21:00.000Z,NQ,29564.75,29577.25,29558.0,29574.25,649
2026-06-08T18:22:00.000Z,NQ,29574.5,29589.5,29574.5,29580.75,617
2026-06-08T18:23:00.000Z,NQ,29580.75,29585.75,29573.0,29583.25,469
2026-06-08T18:24:00.000Z,NQ,29584.5,29592.0,29579.75,29583.25,504
2026-06-08T18:25:00.000Z,NQ,29582.0,29598.0,29580.0,29594.0,675
2026-06-08T18:26:00.000Z,NQ,29594.5,29594.5,29586.5,29589.5,437
2026-06-08T18:27:00.000Z,NQ,29589.25,29589.5,29577.25,29578.5,510
2026-06-08T18:28:00.000Z,NQ,29581.25,29595.0,29572.0,29594.25,690
2026-06-08T18:29:00.000Z,NQ,29593.5,29598.25,29589.75,29590.5,538
2026-06-08T18:30:00.000Z,NQ,29591.25,29615.5,29589.5,29610.5,1214
2026-06-08T18:31:00.000Z,NQ,29611.25,29613.75,29596.75,29604.75,800
2026-06-08T18:32:00.000Z,NQ,29604.5,29610.5,29589.0,29608.75,612
2026-06-08T18:33:00.000Z,NQ,29606.75,29617.75,29606.25,29612.5,508
2026-06-08T18:34:00.000Z,NQ,29612.75,29612.75,29590.75,29593.0,726
2026-06-08T18:35:00.000Z,NQ,29593.25,29601.0,29589.75,29598.25,732
2026-06-08T18:36:00.000Z,NQ,29598.5,29609.75,29582.25,29583.0,883
2026-06-08T18:37:00.000Z,NQ,29582.25,29594.25,29572.25,29574.75,692
2026-06-08T18:38:00.000Z,NQ,29574.25,29576.75,29564.25,29572.0,871
2026-06-08T18:39:00.000Z,NQ,29572.0,29573.5,29546.0,29551.25,1113
2026-06-08T18:40:00.000Z,NQ,29551.0,29552.75,29527.5,29536.0,1905
2026-06-08T18:41:00.000Z,NQ,29536.75,29545.5,29532.25,29533.25,892
2026-06-08T18:42:00.000Z,NQ,29533.75,29560.5,29532.25,29551.75,1053
2026-06-08T18:43:00.000Z,NQ,29550.75,29553.75,29532.5,29534.25,858
2026-06-08T18:44:00.000Z,NQ,29534.75,29539.25,29527.5,29530.75,688
2026-06-08T18:45:00.000Z,NQ,29531.5,29543.5,29530.75,29532.5,626
2026-06-08T18:46:00.000Z,NQ,29532.5,29545.75,29529.5,29541.0,628
2026-06-08T18:47:00.000Z,NQ,29539.75,29560.0,29536.5,29556.25,705
2026-06-08T18:48:00.000Z,NQ,29556.75,29571.0,29555.5,29567.0,820
2026-06-08T18:49:00.000Z,NQ,29566.25,29566.25,29545.0,29548.75,662
2026-06-08T18:50:00.000Z,NQ,29549.5,29558.0,29541.75,29548.0,680
2026-06-08T18:51:00.000Z,NQ,29548.0,29560.75,29542.5,29559.25,451
2026-06-08T18:52:00.000Z,NQ,29558.75,29567.0,29554.5,29563.25,398
2026-06-08T18:53:00.000Z,NQ,29561.5,29564.25,29546.75,29556.0,545
2026-06-08T18:54:00.000Z,NQ,29555.75,29566.75,29553.5,29558.5,666
2026-06-08T18:55:00.000Z,NQ,29559.25,29565.0,29551.5,29555.25,524
2026-06-08T18:56:00.000Z,NQ,29554.5,29568.75,29553.5,29554.25,689
2026-06-08T18:57:00.000Z,NQ,29554.0,29562.0,29547.75,29551.5,386
2026-06-08T18:58:00.000Z,NQ,29551.0,29558.5,29536.0,29541.5,727
2026-06-08T18:59:00.000Z,NQ,29540.75,29546.75,29537.5,29542.0,467
2026-06-08T19:00:00.000Z,NQ,29543.0,29548.0,29530.25,29540.5,993
2026-06-08T19:01:00.000Z,NQ,29540.5,29541.25,29511.75,29521.0,1294
2026-06-08T19:02:00.000Z,NQ,29521.0,29532.0,29518.5,29531.25,774
2026-06-08T19:03:00.000Z,NQ,29531.25,29542.25,29527.75,29535.0,824
2026-06-08T19:04:00.000Z,NQ,29533.5,29534.5,29526.5,29530.0,401
2026-06-08T19:05:00.000Z,NQ,29529.75,29544.75,29519.0,29526.0,883
2026-06-08T19:06:00.000Z,NQ,29525.5,29528.25,29510.25,29514.5,721
2026-06-08T19:07:00.000Z,NQ,29514.25,29525.25,29513.0,29519.5,657
2026-06-08T19:08:00.000Z,NQ,29519.25,29520.75,29496.0,29502.0,1539
2026-06-08T19:09:00.000Z,NQ,29500.75,29505.25,29479.75,29479.75,972
2026-06-08T19:10:00.000Z,NQ,29479.75,29481.5,29444.25,29445.75,1894
2026-06-08T19:11:00.000Z,NQ,29445.25,29462.0,29437.0,29444.75,2032
2026-06-08T19:12:00.000Z,NQ,29443.5,29457.5,29435.0,29448.5,1255
2026-06-08T19:13:00.000Z,NQ,29447.75,29467.75,29443.25,29463.0,1014
2026-06-08T19:14:00.000Z,NQ,29464.0,29465.5,29427.0,29429.0,1120
2026-06-08T19:15:00.000Z,NQ,29428.75,29436.25,29411.0,29431.75,2074
2026-06-08T19:16:00.000Z,NQ,29432.5,29442.75,29411.5,29418.0,1626
2026-06-08T19:17:00.000Z,NQ,29418.0,29432.5,29417.25,29428.5,828
2026-06-08T19:18:00.000Z,NQ,29429.25,29429.75,29413.5,29418.25,1095
2026-06-08T19:19:00.000Z,NQ,29418.25,29426.25,29413.25,29424.5,829
2026-06-08T19:20:00.000Z,NQ,29424.5,29448.75,29423.25,29437.0,1371
2026-06-08T19:21:00.000Z,NQ,29436.5,29451.25,29433.5,29439.5,1132
2026-06-08T19:22:00.000Z,NQ,29439.25,29444.5,29413.25,29415.5,1408
2026-06-08T19:23:00.000Z,NQ,29416.0,29418.25,29389.0,29390.5,1627
2026-06-08T19:24:00.000Z,NQ,29389.0,29405.25,29386.75,29389.5,1403
2026-06-08T19:25:00.000Z,NQ,29390.25,29400.25,29378.0,29380.25,1269
2026-06-08T19:26:00.000Z,NQ,29380.0,29408.5,29377.0,29399.75,1205
2026-06-08T19:27:00.000Z,NQ,29399.75,29436.5,29399.0,29436.0,1313
2026-06-08T19:28:00.000Z,NQ,29435.0,29435.0,29416.75,29425.5,1162
2026-06-08T19:29:00.000Z,NQ,29426.25,29436.75,29419.75,29436.75,793
2026-06-08T19:30:00.000Z,NQ,29437.0,29459.0,29430.5,29459.0,1801
2026-06-08T19:31:00.000Z,NQ,29458.75,29478.25,29454.0,29471.25,1531
2026-06-08T19:32:00.000Z,NQ,29471.0,29495.0,29465.5,29480.5,1764
2026-06-08T19:33:00.000Z,NQ,29481.0,29488.25,29457.5,29461.5,1354
2026-06-08T19:34:00.000Z,NQ,29461.0,29465.5,29447.0,29457.25,982
2026-06-08T19:35:00.000Z,NQ,29457.5,29460.5,29440.25,29446.75,1129
2026-06-08T19:36:00.000Z,NQ,29445.25,29449.5,29430.75,29444.0,917
2026-06-08T19:37:00.000Z,NQ,29444.0,29471.0,29440.25,29467.25,1078
2026-06-08T19:38:00.000Z,NQ,29466.75,29476.75,29463.75,29469.5,849
2026-06-08T19:39:00.000Z,NQ,29469.25,29471.25,29443.5,29447.25,863
2026-06-08T19:40:00.000Z,NQ,29446.5,29450.0,29420.75,29434.0,1237
2026-06-08T19:41:00.000Z,NQ,29432.0,29455.75,29431.0,29449.0,945
2026-06-08T19:42:00.000Z,NQ,29449.0,29460.5,29439.25,29439.5,750
2026-06-08T19:43:00.000Z,NQ,29439.25,29451.75,29435.0,29449.0,643
2026-06-08T19:44:00.000Z,NQ,29448.0,29452.75,29433.5,29437.0,944
2026-06-08T19:45:00.000Z,NQ,29436.5,29451.75,29431.5,29440.75,1012
2026-06-08T19:46:00.000Z,NQ,29441.75,29461.75,29430.75,29460.25,908
2026-06-08T19:47:00.000Z,NQ,29459.25,29468.0,29448.75,29462.0,856
2026-06-08T19:48:00.000Z,NQ,29461.5,29465.75,29446.0,29448.75,926
2026-06-08T19:49:00.000Z,NQ,29448.0,29448.0,29426.0,29429.5,1165
2026-06-08T19:50:00.000Z,NQ,29428.75,29474.0,29428.0,29431.0,2561
2026-06-08T19:51:00.000Z,NQ,29431.5,29439.0,29419.0,29426.25,1811
2026-06-08T19:52:00.000Z,NQ,29426.75,29441.5,29419.25,29436.25,1346
2026-06-08T19:53:00.000Z,NQ,29437.0,29463.75,29431.0,29454.75,1603
2026-06-08T19:54:00.000Z,NQ,29454.5,29475.0,29447.25,29452.0,2156
2026-06-08T19:55:00.000Z,NQ,29452.25,29462.0,29442.25,29454.5,1429
2026-06-08T19:56:00.000Z,NQ,29455.25,29455.5,29436.25,29448.25,1488
2026-06-08T19:57:00.000Z,NQ,29448.0,29457.5,29442.25,29454.0,1323
2026-06-08T19:58:00.000Z,NQ,29454.5,29462.5,29448.75,29461.5,1740
2026-06-08T19:59:00.000Z,NQ,29461.5,29468.0,29446.5,29452.75,10025
2026-06-08T20:00:00.000Z,NQ,29453.0,29467.25,29440.75,29440.75,2850
2026-06-08T20:01:00.000Z,NQ,29440.5,29443.5,29427.0,29432.0,862
2026-06-08T20:02:00.000Z,NQ,29431.75,29451.5,29431.75,29439.25,896
2026-06-08T20:03:00.000Z,NQ,29441.0,29460.0,29438.0,29460.0,734
2026-06-08T20:04:00.000Z,NQ,29459.75,29466.0,29457.25,29462.25,659
2026-06-08T20:05:00.000Z,NQ,29463.0,29470.0,29455.5,29458.0,677
2026-06-08T20:06:00.000Z,NQ,29456.75,29462.0,29454.0,29455.25,439
2026-06-08T20:07:00.000Z,NQ,29455.25,29466.25,29455.25,29459.25,296
2026-06-08T20:08:00.000Z,NQ,29459.25,29459.25,29448.75,29450.25,236
2026-06-08T20:09:00.000Z,NQ,29450.5,29460.5,29441.0,29453.25,715
2026-06-08T20:10:00.000Z,NQ,29453.75,29461.25,29453.25,29461.0,280
2026-06-08T20:11:00.000Z,NQ,29461.0,29461.25,29444.0,29445.5,236
2026-06-08T20:12:00.000Z,NQ,29444.75,29449.0,29443.25,29446.25,264
2026-06-08T20:13:00.000Z,NQ,29446.0,29448.0,29439.25,29443.0,310
2026-06-08T20:14:00.000Z,NQ,29442.0,29448.0,29438.75,29444.5,298
2026-06-08T20:15:00.000Z,NQ,29445.5,29450.5,29440.75,29441.25,301
2026-06-08T20:16:00.000Z,NQ,29440.75,29445.5,29433.5,29437.75,226
2026-06-08T20:17:00.000Z,NQ,29437.0,29438.5,29427.0,29427.75,364
2026-06-08T20:18:00.000Z,NQ,29427.0,29433.25,29423.75,29428.5,363
2026-06-08T20:19:00.000Z,NQ,29428.25,29432.0,29421.5,29422.5,291
2026-06-08T20:20:00.000Z,NQ,29421.25,29422.0,29403.25,29403.5,659
2026-06-08T20:21:00.000Z,NQ,29404.0,29410.75,29401.0,29401.25,338
2026-06-08T20:22:00.000Z,NQ,29401.75,29415.75,29401.5,29411.5,232
2026-06-08T20:23:00.000Z,NQ,29411.25,29419.0,29410.5,29417.75,109
2026-06-08T20:24:00.000Z,NQ,29417.5,29424.5,29412.5,29421.5,237
2026-06-08T20:25:00.000Z,NQ,29422.5,29431.0,29420.25,29423.25,338
2026-06-08T20:26:00.000Z,NQ,29422.75,29442.25,29403.75,29428.5,776
2026-06-08T20:27:00.000Z,NQ,29429.75,29443.0,29426.25,29428.5,308
2026-06-08T20:28:00.000Z,NQ,29427.0,29430.75,29426.5,29429.5,60
2026-06-08T20:29:00.000Z,NQ,29430.25,29432.5,29427.5,29432.0,99
2026-06-08T20:30:00.000Z,NQ,29431.0,29431.75,29418.25,29423.25,272
2026-06-08T20:31:00.000Z,NQ,29423.5,29434.75,29421.75,29431.25,141
2026-06-08T20:32:00.000Z,NQ,29432.0,29434.25,29425.5,29426.0,152
2026-06-08T20:33:00.000Z,NQ,29425.5,29431.0,29423.0,29429.75,159
2026-06-08T20:34:00.000Z,NQ,29430.25,29433.75,29428.5,29430.5,131
2026-06-08T20:35:00.000Z,NQ,29430.5,29433.0,29428.25,29428.25,103
2026-06-08T20:36:00.000Z,NQ,29428.0,29431.0,29423.5,29425.25,153
2026-06-08T20:37:00.000Z,NQ,29425.5,29434.0,29420.25,29429.0,285
2026-06-08T20:38:00.000Z,NQ,29429.5,29431.25,29426.5,29431.25,151
2026-06-08T20:39:00.000Z,NQ,29431.0,29431.25,29428.5,29429.75,84
2026-06-08T20:40:00.000Z,NQ,29429.75,29437.75,29429.0,29436.5,149
2026-06-08T20:41:00.000Z,NQ,29436.0,29436.0,29425.5,29429.0,108
2026-06-08T20:42:00.000Z,NQ,29429.5,29432.0,29428.0,29429.25,118
2026-06-08T20:43:00.000Z,NQ,29429.25,29431.75,29428.5,29429.75,53
2026-06-08T20:44:00.000Z,NQ,29430.25,29430.25,29427.0,29429.25,153
2026-06-08T20:45:00.000Z,NQ,29429.25,29431.75,29421.75,29422.75,136
2026-06-08T20:46:00.000Z,NQ,29422.5,29423.25,29417.0,29419.25,86
2026-06-08T20:47:00.000Z,NQ,29420.75,29423.5,29418.25,29420.5,56
2026-06-08T20:48:00.000Z,NQ,29421.0,29424.0,29419.25,29423.0,56
2026-06-08T20:49:00.000Z,NQ,29423.0,29431.5,29422.75,29430.0,129
2026-06-08T20:50:00.000Z,NQ,29430.5,29431.75,29420.25,29430.0,228
2026-06-08T20:51:00.000Z,NQ,29430.0,29432.0,29428.0,29429.5,97
2026-06-08T20:52:00.000Z,NQ,29430.25,29435.0,29429.0,29435.0,95
2026-06-08T20:53:00.000Z,NQ,29434.5,29448.75,29434.5,29444.75,262
2026-06-08T20:54:00.000Z,NQ,29444.5,29445.5,29442.25,29444.0,78
2026-06-08T20:55:00.000Z,NQ,29445.0,29445.0,29436.75,29439.75,138
2026-06-08T20:56:00.000Z,NQ,29440.5,29441.5,29436.25,29439.0,128
2026-06-08T20:57:00.000Z,NQ,29440.5,29442.25,29439.0,29439.0,84
2026-06-08T20:58:00.000Z,NQ,29439.5,29439.5,29433.5,29435.25,107
2026-06-08T20:59:00.000Z,NQ,29435.0,29437.25,29433.25,29435.25,118
2026-06-08T22:00:00.000Z,NQ,29435.0,29468.75,29429.5,29462.25,0
2026-06-08T22:01:00.000Z,NQ,29463.25,29464.25,29442.5,29443.0,179
2026-06-08T22:02:00.000Z,NQ,29443.25,29444.0,29414.5,29417.5,477
2026-06-08T22:03:00.000Z,NQ,29419.75,29426.5,29408.75,29412.0,201
2026-06-08T22:04:00.000Z,NQ,29411.0,29411.75,29404.0,29405.0,139
2026-06-08T22:05:00.000Z,NQ,29406.5,29421.25,29405.25,29412.5,206
2026-06-08T22:06:00.000Z,NQ,29412.75,29415.0,29377.25,29378.0,676
2026-06-08T22:07:00.000Z,NQ,29377.0,29385.5,29365.25,29372.75,496
2026-06-08T22:08:00.000Z,NQ,29372.5,29385.25,29360.0,29379.0,304
2026-06-08T22:09:00.000Z,NQ,29378.5,29395.75,29378.25,29384.5,243
2026-06-08T22:10:00.000Z,NQ,29386.5,29391.5,29349.0,29355.25,341
2026-06-08T22:11:00.000Z,NQ,29353.75,29362.25,29349.75,29360.0,194
2026-06-08T22:12:00.000Z,NQ,29360.5,29367.0,29350.0,29358.0,156
2026-06-08T22:13:00.000Z,NQ,29360.5,29360.5,29351.25,29352.25,84
2026-06-08T22:14:00.000Z,NQ,29353.5,29361.5,29353.0,29358.25,73
2026-06-08T22:15:00.000Z,NQ,29360.25,29361.75,29321.25,29324.75,530
2026-06-08T22:16:00.000Z,NQ,29325.25,29338.75,29322.0,29331.75,264
2026-06-08T22:17:00.000Z,NQ,29333.75,29346.0,29321.75,29341.75,159
2026-06-08T22:28:00.000Z,NQ,29454.75,29454.75,29327.5,29330.5,1932
2026-06-08T22:29:00.000Z,NQ,29330.5,29334.75,29323.25,29328.25,158
2026-06-08T22:30:00.000Z,NQ,29332.25,29354.75,29332.25,29349.5,316
2026-06-08T22:31:00.000Z,NQ,29350.0,29352.75,29340.0,29352.75,180
2026-06-08T22:32:00.000Z,NQ,29353.25,29362.25,29349.75,29350.75,160
2026-06-08T22:33:00.000Z,NQ,29350.0,29364.75,29348.0,29359.75,127
2026-06-08T22:34:00.000Z,NQ,29358.25,29364.0,29356.75,29362.5,113
2026-06-08T22:35:00.000Z,NQ,29359.5,29368.75,29358.75,29364.0,89
2026-06-08T22:36:00.000Z,NQ,29362.25,29366.5,29360.5,29362.5,65
2026-06-08T22:37:00.000Z,NQ,29361.75,29367.5,29355.75,29366.5,107
2026-06-08T22:38:00.000Z,NQ,29366.25,29369.25,29362.5,29365.25,50
2026-06-08T22:39:00.000Z,NQ,29367.0,29374.5,29366.75,29367.75,187
2026-06-08T22:40:00.000Z,NQ,29367.5,29370.25,29366.0,29369.5,46
2026-06-08T22:41:00.000Z,NQ,29368.0,29372.25,29362.5,29365.5,96
2026-06-08T22:42:00.000Z,NQ,29366.5,29374.75,29366.5,29373.25,57
2026-06-08T22:43:00.000Z,NQ,29372.5,29376.75,29369.25,29373.5,83
2026-06-08T22:44:00.000Z,NQ,29374.0,29374.25,29369.25,29370.0,24
2026-06-08T22:45:00.000Z,NQ,29369.0,29369.25,29360.0,29368.5,137
2026-06-08T22:46:00.000Z,NQ,29368.75,29379.25,29368.75,29377.0,91
2026-06-08T22:47:00.000Z,NQ,29377.25,29381.0,29372.0,29375.0,98
2026-06-08T22:48:00.000Z,NQ,29373.25,29387.25,29366.25,29383.0,266
2026-06-08T22:49:00.000Z,NQ,29383.5,29387.0,29381.25,29386.75,96
2026-06-08T22:50:00.000Z,NQ,29386.0,29386.0,29378.75,29378.75,65
2026-06-08T22:51:00.000Z,NQ,29379.0,29386.75,29377.75,29381.75,32
2026-06-08T22:52:00.000Z,NQ,29382.5,29391.5,29382.5,29389.0,97
2026-06-08T22:53:00.000Z,NQ,29389.0,29391.25,29386.0,29388.5,60
2026-06-08T22:54:00.000Z,NQ,29388.75,29390.75,29387.0,29389.25,60
2026-06-08T22:55:00.000Z,NQ,29391.0,29406.5,29390.25,29406.5,285
2026-06-08T22:56:00.000Z,NQ,29405.0,29429.0,29402.75,29414.25,415
2026-06-08T22:57:00.000Z,NQ,29414.0,29421.25,29410.0,29416.5,140
2026-06-08T22:58:00.000Z,NQ,29415.75,29420.5,29413.0,29418.5,59
2026-06-08T22:59:00.000Z,NQ,29417.5,29428.0,29416.5,29425.5,118
2026-06-08T23:00:00.000Z,NQ,29426.5,29427.25,29410.0,29411.5,185
2026-06-08T23:01:00.000Z,NQ,29411.25,29419.25,29407.25,29417.5,92
2026-06-08T23:02:00.000Z,NQ,29418.25,29424.25,29409.0,29409.0,79
2026-06-08T23:03:00.000Z,NQ,29410.75,29415.25,29408.5,29411.75,71
2026-06-08T23:04:00.000Z,NQ,29411.0,29415.0,29409.75,29414.5,37
2026-06-08T23:05:00.000Z,NQ,29415.25,29424.0,29412.25,29418.0,65
2026-06-08T23:06:00.000Z,NQ,29416.5,29416.5,29414.0,29414.75,16
2026-06-08T23:07:00.000Z,NQ,29412.75,29414.0,29403.5,29408.5,108
2026-06-08T23:08:00.000Z,NQ,29410.0,29422.5,29409.75,29422.5,66
2026-06-08T23:09:00.000Z,NQ,29421.75,29425.25,29420.0,29422.5,58
2026-06-08T23:10:00.000Z,NQ,29421.5,29421.5,29414.5,29420.5,44
2026-06-08T23:11:00.000Z,NQ,29420.25,29442.0,29417.25,29436.0,261
2026-06-08T23:12:00.000Z,NQ,29436.25,29463.25,29435.75,29457.0,412
2026-06-08T23:13:00.000Z,NQ,29455.0,29455.5,29442.5,29442.5,210
2026-06-08T23:14:00.000Z,NQ,29443.0,29457.75,29443.0,29454.5,141
2026-06-08T23:15:00.000Z,NQ,29455.25,29459.25,29446.5,29450.0,182
2026-06-08T23:16:00.000Z,NQ,29450.0,29451.25,29445.75,29451.25,66
2026-06-08T23:17:00.000Z,NQ,29451.0,29451.0,29445.25,29446.5,56
2026-06-08T23:18:00.000Z,NQ,29449.0,29450.0,29436.0,29442.5,157
2026-06-08T23:19:00.000Z,NQ,29441.75,29441.75,29422.25,29433.0,219
2026-06-08T23:20:00.000Z,NQ,29433.25,29442.75,29429.5,29440.5,96
2026-06-08T23:21:00.000Z,NQ,29438.75,29442.75,29431.0,29441.5,84
2026-06-08T23:22:00.000Z,NQ,29441.0,29454.0,29440.75,29447.5,201
2026-06-08T23:23:00.000Z,NQ,29447.75,29452.5,29447.75,29451.75,82
2026-06-08T23:24:00.000Z,NQ,29451.0,29452.0,29444.75,29446.25,72
2026-06-08T23:25:00.000Z,NQ,29444.75,29453.0,29439.75,29445.75,103
2026-06-08T23:26:00.000Z,NQ,29445.5,29452.5,29443.25,29450.0,64
2026-06-08T23:27:00.000Z,NQ,29450.25,29453.25,29447.5,29447.5,42
2026-06-08T23:28:00.000Z,NQ,29445.5,29445.5,29431.75,29437.5,253
2026-06-08T23:29:00.000Z,NQ,29438.0,29438.0,29431.75,29433.0,69
2026-06-08T23:30:00.000Z,NQ,29431.0,29453.25,29416.0,29440.25,592
2026-06-08T23:31:00.000Z,NQ,29442.25,29443.25,29430.25,29437.0,87
2026-06-08T23:32:00.000Z,NQ,29435.75,29441.5,29433.75,29435.75,45
2026-06-08T23:33:00.000Z,NQ,29438.75,29439.0,29427.25,29429.25,81
2026-06-08T23:34:00.000Z,NQ,29427.75,29437.5,29425.0,29435.25,81
2026-06-08T23:35:00.000Z,NQ,29437.0,29453.75,29437.0,29451.75,145
2026-06-08T23:36:00.000Z,NQ,29450.5,29465.0,29450.5,29462.75,290
2026-06-08T23:37:00.000Z,NQ,29462.25,29472.75,29461.75,29471.5,231
2026-06-08T23:38:00.000Z,NQ,29470.0,29477.25,29462.0,29467.75,226
2026-06-08T23:39:00.000Z,NQ,29467.25,29478.0,29462.0,29476.75,199
2026-06-08T23:40:00.000Z,NQ,29478.25,29482.0,29469.5,29470.5,134
2026-06-08T23:41:00.000Z,NQ,29469.75,29470.5,29456.0,29456.0,179
2026-06-08T23:42:00.000Z,NQ,29457.75,29464.25,29453.25,29455.0,112
2026-06-08T23:43:00.000Z,NQ,29455.5,29460.5,29446.75,29455.5,111
2026-06-08T23:44:00.000Z,NQ,29454.5,29454.5,29442.75,29444.0,110
2026-06-08T23:45:00.000Z,NQ,29444.75,29445.0,29416.25,29422.5,455
2026-06-08T23:46:00.000Z,NQ,29424.75,29436.75,29421.5,29430.75,87
2026-06-08T23:47:00.000Z,NQ,29429.0,29429.0,29404.5,29420.0,293
2026-06-08T23:48:00.000Z,NQ,29426.0,29427.0,29408.75,29409.0,100
2026-06-08T23:49:00.000Z,NQ,29413.5,29422.0,29408.25,29414.0,95
2026-06-08T23:50:00.000Z,NQ,29414.25,29421.25,29406.0,29413.0,82
2026-06-08T23:51:00.000Z,NQ,29410.5,29418.0,29407.25,29413.75,91
2026-06-08T23:52:00.000Z,NQ,29412.5,29412.5,29392.75,29393.25,271
2026-06-08T23:53:00.000Z,NQ,29395.25,29411.25,29392.0,29408.25,119
2026-06-08T23:54:00.000Z,NQ,29407.25,29419.0,29391.5,29398.5,193
2026-06-08T23:55:00.000Z,NQ,29400.5,29401.0,29385.0,29401.0,184
2026-06-08T23:56:00.000Z,NQ,29401.0,29406.75,29392.25,29405.25,122
2026-06-08T23:57:00.000Z,NQ,29405.25,29416.25,29403.0,29415.75,80
2026-06-08T23:58:00.000Z,NQ,29416.0,29429.25,29411.75,29422.0,168
2026-06-08T23:59:00.000Z,NQ,29421.25,29427.0,29421.0,29425.0,83
2026-06-09T00:00:00.000Z,NQ,29425.75,29439.25,29417.0,29433.25,254
2026-06-09T00:01:00.000Z,NQ,29430.25,29435.5,29414.25,29425.75,267
2026-06-09T00:02:00.000Z,NQ,29425.25,29441.0,29424.25,29426.75,253
2026-06-09T00:03:00.000Z,NQ,29423.25,29423.25,29389.0,29397.5,403
2026-06-09T00:04:00.000Z,NQ,29398.25,29402.75,29370.5,29382.5,353
2026-06-09T00:05:00.000Z,NQ,29380.5,29393.25,29354.75,29360.25,444
2026-06-09T00:06:00.000Z,NQ,29360.0,29370.25,29357.75,29370.25,186
2026-06-09T00:07:00.000Z,NQ,29371.25,29388.5,29362.25,29372.5,302
2026-06-09T00:08:00.000Z,NQ,29371.75,29397.0,29356.0,29357.25,363
2026-06-09T00:09:00.000Z,NQ,29356.0,29358.25,29340.0,29346.75,386
2026-06-09T00:10:00.000Z,NQ,29348.25,29386.0,29346.5,29382.5,372
2026-06-09T00:11:00.000Z,NQ,29380.75,29386.5,29368.25,29375.5,154
2026-06-09T00:12:00.000Z,NQ,29374.0,29391.5,29366.25,29368.75,207
2026-06-09T00:13:00.000Z,NQ,29369.5,29380.0,29368.0,29379.0,93
2026-06-09T00:14:00.000Z,NQ,29375.25,29375.25,29352.25,29361.25,176
2026-06-09T00:15:00.000Z,NQ,29362.25,29368.25,29346.75,29352.25,297
2026-06-09T00:16:00.000Z,NQ,29350.75,29376.0,29349.0,29376.0,165
2026-06-09T00:17:00.000Z,NQ,29379.0,29380.0,29364.5,29378.75,143
2026-06-09T00:18:00.000Z,NQ,29380.0,29386.0,29360.0,29363.75,195
2026-06-09T00:19:00.000Z,NQ,29365.5,29368.0,29351.0,29351.5,140
2026-06-09T00:20:00.000Z,NQ,29352.0,29362.0,29344.25,29354.25,164
2026-06-09T00:21:00.000Z,NQ,29354.25,29359.0,29339.0,29340.0,172
2026-06-09T00:22:00.000Z,NQ,29341.5,29353.0,29333.75,29340.0,201
2026-06-09T00:23:00.000Z,NQ,29341.0,29343.0,29329.75,29340.25,188
2026-06-09T00:24:00.000Z,NQ,29339.5,29349.75,29334.0,29343.0,92
2026-06-09T00:25:00.000Z,NQ,29341.25,29344.5,29332.0,29340.75,125
2026-06-09T00:26:00.000Z,NQ,29338.25,29367.75,29338.25,29365.5,370
2026-06-09T00:27:00.000Z,NQ,29364.25,29370.25,29353.5,29358.25,177
2026-06-09T00:28:00.000Z,NQ,29363.25,29369.0,29353.0,29367.75,143
2026-06-09T00:29:00.000Z,NQ,29365.5,29368.75,29358.0,29368.75,94
2026-06-09T00:30:00.000Z,NQ,29368.0,29378.0,29342.25,29350.5,306
2026-06-09T00:31:00.000Z,NQ,29352.0,29352.0,29324.5,29337.25,239
2026-06-09T00:32:00.000Z,NQ,29338.5,29346.25,29327.5,29327.5,190
2026-06-09T00:33:00.000Z,NQ,29327.0,29330.0,29311.75,29319.75,434
2026-06-09T00:34:00.000Z,NQ,29317.5,29336.0,29316.0,29328.25,285
2026-06-09T00:35:00.000Z,NQ,29328.25,29330.0,29308.0,29309.0,164
2026-06-09T00:36:00.000Z,NQ,29308.0,29319.75,29307.75,29318.0,113
2026-06-09T00:37:00.000Z,NQ,29318.5,29335.5,29317.25,29326.75,196
2026-06-09T00:38:00.000Z,NQ,29320.0,29322.25,29310.0,29310.0,97
2026-06-09T00:39:00.000Z,NQ,29310.0,29319.25,29308.25,29318.25,95
2026-06-09T00:40:00.000Z,NQ,29318.25,29345.0,29317.5,29334.25,262
2026-06-09T00:41:00.000Z,NQ,29335.25,29338.0,29327.5,29327.5,145
2026-06-09T00:42:00.000Z,NQ,29331.0,29345.0,29331.0,29332.75,237
2026-06-09T00:43:00.000Z,NQ,29332.0,29333.75,29325.75,29333.5,86
2026-06-09T00:44:00.000Z,NQ,29330.5,29348.25,29330.25,29347.0,149
2026-06-09T00:45:00.000Z,NQ,29347.25,29349.25,29337.5,29346.25,175
2026-06-09T00:46:00.000Z,NQ,29348.5,29355.0,29341.25,29345.75,230
2026-06-09T00:47:00.000Z,NQ,29345.75,29347.25,29332.75,29341.0,140
2026-06-09T00:48:00.000Z,NQ,29341.5,29347.0,29332.0,29334.0,124
2026-06-09T00:49:00.000Z,NQ,29331.5,29344.75,29324.0,29343.75,176
2026-06-09T00:50:00.000Z,NQ,29344.25,29353.25,29341.5,29350.0,170
2026-06-09T00:51:00.000Z,NQ,29349.5,29357.75,29335.25,29335.75,175
2026-06-09T00:52:00.000Z,NQ,29337.5,29338.25,29313.75,29327.5,297
2026-06-09T00:53:00.000Z,NQ,29327.75,29328.5,29315.0,29317.75,118
2026-06-09T00:54:00.000Z,NQ,29315.75,29325.25,29310.5,29319.25,182
2026-06-09T00:55:00.000Z,NQ,29317.5,29333.75,29316.5,29327.75,186
2026-06-09T00:56:00.000Z,NQ,29326.25,29326.25,29303.5,29306.25,324
2026-06-09T00:57:00.000Z,NQ,29308.5,29321.0,29308.5,29317.0,134
2026-06-09T00:58:00.000Z,NQ,29319.75,29338.5,29317.75,29336.25,208
2026-06-09T00:59:00.000Z,NQ,29337.25,29346.5,29337.25,29337.75,113
2026-06-09T01:00:00.000Z,NQ,29341.75,29364.0,29337.25,29362.25,349
2026-06-09T01:01:00.000Z,NQ,29361.5,29370.75,29353.75,29367.75,214
2026-06-09T01:02:00.000Z,NQ,29363.5,29363.5,29344.0,29352.0,178
2026-06-09T01:03:00.000Z,NQ,29349.5,29358.5,29345.25,29348.75,71
2026-06-09T01:04:00.000Z,NQ,29348.25,29352.25,29340.0,29340.25,115
2026-06-09T01:05:00.000Z,NQ,29338.25,29358.0,29335.75,29346.0,190
2026-06-09T01:06:00.000Z,NQ,29347.0,29370.5,29346.25,29358.5,296
2026-06-09T01:07:00.000Z,NQ,29357.0,29360.75,29340.25,29344.25,188
2026-06-09T01:08:00.000Z,NQ,29343.25,29344.75,29329.0,29339.75,190
2026-06-09T01:09:00.000Z,NQ,29340.5,29356.25,29338.25,29341.5,182
2026-06-09T01:10:00.000Z,NQ,29342.5,29351.5,29336.5,29343.75,178
2026-06-09T01:11:00.000Z,NQ,29343.0,29356.25,29342.25,29347.5,79
2026-06-09T01:12:00.000Z,NQ,29349.25,29365.5,29343.25,29365.5,235
2026-06-09T01:13:00.000Z,NQ,29366.0,29385.0,29360.0,29383.25,337
2026-06-09T01:14:00.000Z,NQ,29385.0,29385.0,29371.25,29371.25,220
2026-06-09T01:15:00.000Z,NQ,29372.5,29388.5,29363.75,29379.0,276
2026-06-09T01:16:00.000Z,NQ,29385.5,29394.0,29377.0,29378.75,157
2026-06-09T01:17:00.000Z,NQ,29383.0,29387.75,29375.75,29384.75,180
2026-06-09T01:18:00.000Z,NQ,29383.75,29385.0,29372.0,29375.0,253
2026-06-09T01:19:00.000Z,NQ,29377.25,29383.25,29374.0,29381.75,108
2026-06-09T01:20:00.000Z,NQ,29382.5,29408.5,29380.75,29405.0,339
2026-06-09T01:21:00.000Z,NQ,29404.5,29417.0,29402.0,29415.5,252
2026-06-09T01:22:00.000Z,NQ,29417.0,29470.5,29411.75,29466.0,803
2026-06-09T01:23:00.000Z,NQ,29467.0,29471.75,29448.0,29454.25,497
2026-06-09T01:24:00.000Z,NQ,29453.5,29464.25,29450.75,29453.25,185
2026-06-09T01:25:00.000Z,NQ,29454.0,29461.5,29442.75,29443.25,198
2026-06-09T01:26:00.000Z,NQ,29443.25,29453.25,29443.25,29448.25,84
2026-06-09T01:27:00.000Z,NQ,29447.75,29473.5,29447.0,29472.0,298
2026-06-09T01:28:00.000Z,NQ,29471.75,29476.5,29465.75,29466.5,215
2026-06-09T01:29:00.000Z,NQ,29467.75,29474.5,29445.25,29456.25,224
2026-06-09T01:30:00.000Z,NQ,29457.0,29468.25,29455.5,29463.25,204
2026-06-09T01:31:00.000Z,NQ,29462.5,29468.25,29448.0,29464.75,147
2026-06-09T01:32:00.000Z,NQ,29462.5,29472.25,29448.75,29452.5,134
2026-06-09T01:33:00.000Z,NQ,29453.25,29464.0,29451.0,29463.25,76
2026-06-09T01:34:00.000Z,NQ,29461.75,29469.75,29454.25,29464.5,55
2026-06-09T01:35:00.000Z,NQ,29465.5,29472.0,29456.75,29470.25,102
2026-06-09T01:36:00.000Z,NQ,29470.75,29479.25,29466.0,29474.25,177
2026-06-09T01:37:00.000Z,NQ,29474.25,29476.25,29467.5,29473.5,111
2026-06-09T01:38:00.000Z,NQ,29474.25,29475.0,29464.0,29472.0,94
2026-06-09T01:39:00.000Z,NQ,29474.5,29500.0,29470.75,29497.75,541
2026-06-09T01:40:00.000Z,NQ,29497.0,29521.5,29497.0,29512.5,613
2026-06-09T01:41:00.000Z,NQ,29512.75,29514.5,29499.75,29510.25,154
2026-06-09T01:42:00.000Z,NQ,29508.25,29519.5,29501.75,29502.75,144
2026-06-09T01:43:00.000Z,NQ,29503.0,29505.0,29483.25,29485.25,249
2026-06-09T01:44:00.000Z,NQ,29485.25,29508.0,29484.75,29502.0,151
2026-06-09T01:45:00.000Z,NQ,29501.5,29530.0,29501.0,29517.25,368
2026-06-09T01:46:00.000Z,NQ,29515.75,29529.5,29511.75,29529.0,185
2026-06-09T01:47:00.000Z,NQ,29528.25,29535.5,29524.75,29535.5,208
2026-06-09T01:48:00.000Z,NQ,29534.75,29547.75,29530.0,29540.75,286
2026-06-09T01:49:00.000Z,NQ,29540.5,29541.25,29524.0,29527.75,267
2026-06-09T01:50:00.000Z,NQ,29527.25,29541.5,29523.0,29525.0,198
2026-06-09T01:51:00.000Z,NQ,29526.5,29527.5,29520.0,29522.25,103
2026-06-09T01:52:00.000Z,NQ,29523.5,29524.75,29518.0,29519.5,110
2026-06-09T01:53:00.000Z,NQ,29519.5,29527.75,29512.5,29514.25,175
2026-06-09T01:54:00.000Z,NQ,29514.0,29520.5,29512.5,29518.75,100
2026-06-09T01:55:00.000Z,NQ,29515.75,29519.0,29502.75,29503.75,304
2026-06-09T01:56:00.000Z,NQ,29506.25,29516.0,29505.25,29509.75,90
2026-06-09T01:57:00.000Z,NQ,29508.75,29511.0,29494.0,29494.75,250
2026-06-09T01:58:00.000Z,NQ,29493.75,29497.25,29482.0,29484.0,310
2026-06-09T01:59:00.000Z,NQ,29485.5,29498.25,29483.5,29492.0,144
2026-06-09T02:00:00.000Z,NQ,29492.5,29504.0,29490.75,29498.5,177
2026-06-09T02:01:00.000Z,NQ,29496.5,29506.25,29494.75,29500.0,150
2026-06-09T02:02:00.000Z,NQ,29502.0,29510.5,29497.5,29507.5,148
2026-06-09T02:03:00.000Z,NQ,29508.75,29514.75,29497.75,29499.25,138
2026-06-09T02:04:00.000Z,NQ,29500.0,29505.25,29498.25,29498.75,77
2026-06-09T02:05:00.000Z,NQ,29497.0,29501.25,29482.75,29489.25,214
2026-06-09T02:06:00.000Z,NQ,29488.75,29495.0,29483.0,29487.5,117
2026-06-09T02:07:00.000Z,NQ,29489.0,29508.5,29484.75,29500.75,154
2026-06-09T02:08:00.000Z,NQ,29501.25,29511.75,29495.5,29503.75,104
2026-06-09T02:09:00.000Z,NQ,29501.0,29513.0,29495.5,29511.5,87
2026-06-09T02:10:00.000Z,NQ,29512.25,29516.25,29505.0,29505.75,136
2026-06-09T02:11:00.000Z,NQ,29508.75,29509.25,29494.25,29501.75,87
2026-06-09T02:12:00.000Z,NQ,29500.5,29508.0,29499.5,29507.25,64
2026-06-09T02:13:00.000Z,NQ,29507.0,29514.0,29504.5,29510.75,74
2026-06-09T02:14:00.000Z,NQ,29508.75,29508.75,29498.0,29498.0,83
2026-06-09T02:15:00.000Z,NQ,29498.25,29498.25,29479.25,29481.25,176
2026-06-09T02:16:00.000Z,NQ,29481.5,29485.75,29478.25,29481.25,126
2026-06-09T02:17:00.000Z,NQ,29482.5,29502.0,29481.25,29492.0,163
2026-06-09T02:18:00.000Z,NQ,29491.0,29493.75,29482.25,29484.75,97
2026-06-09T02:19:00.000Z,NQ,29485.25,29492.5,29481.25,29483.5,102
2026-06-09T02:20:00.000Z,NQ,29482.75,29488.25,29471.75,29484.25,307
2026-06-09T02:21:00.000Z,NQ,29482.0,29496.25,29480.25,29488.75,118
2026-06-09T02:22:00.000Z,NQ,29491.0,29492.75,29481.25,29481.25,38
2026-06-09T02:23:00.000Z,NQ,29480.5,29485.0,29477.0,29485.0,74
2026-06-09T02:24:00.000Z,NQ,29483.0,29487.0,29478.5,29478.5,36
2026-06-09T02:25:00.000Z,NQ,29477.25,29479.75,29468.5,29471.0,149
2026-06-09T02:26:00.000Z,NQ,29469.0,29471.25,29460.5,29464.0,150
2026-06-09T02:27:00.000Z,NQ,29462.5,29473.25,29462.5,29468.0,46
2026-06-09T02:28:00.000Z,NQ,29467.25,29489.5,29467.25,29485.25,242
2026-06-09T02:29:00.000Z,NQ,29485.25,29492.0,29482.0,29490.5,120
2026-06-09T02:30:00.000Z,NQ,29491.75,29505.5,29490.0,29492.75,195
2026-06-09T02:31:00.000Z,NQ,29495.75,29501.0,29491.0,29499.25,83
2026-06-09T02:32:00.000Z,NQ,29499.0,29506.0,29492.0,29496.5,98
2026-06-09T02:33:00.000Z,NQ,29499.5,29512.0,29496.75,29508.5,144
2026-06-09T02:34:00.000Z,NQ,29507.25,29510.75,29499.5,29501.25,84
2026-06-09T02:35:00.000Z,NQ,29501.0,29501.0,29484.25,29487.75,135
2026-06-09T02:36:00.000Z,NQ,29488.5,29491.25,29482.75,29489.5,69
2026-06-09T02:37:00.000Z,NQ,29487.75,29490.25,29478.0,29478.75,83
2026-06-09T02:38:00.000Z,NQ,29478.75,29482.75,29473.5,29481.0,127
2026-06-09T02:39:00.000Z,NQ,29480.75,29489.0,29477.75,29487.5,113
2026-06-09T02:40:00.000Z,NQ,29487.0,29496.0,29486.75,29487.0,95
2026-06-09T02:41:00.000Z,NQ,29487.0,29504.5,29486.75,29495.0,170
2026-06-09T02:42:00.000Z,NQ,29495.0,29499.25,29494.0,29495.0,35
2026-06-09T02:43:00.000Z,NQ,29493.0,29500.5,29491.0,29500.25,73
2026-06-09T02:44:00.000Z,NQ,29500.75,29508.75,29492.5,29508.75,70
2026-06-09T02:45:00.000Z,NQ,29509.75,29523.75,29507.75,29514.0,286
2026-06-09T02:46:00.000Z,NQ,29513.75,29517.5,29508.0,29515.75,96
2026-06-09T02:47:00.000Z,NQ,29515.75,29518.25,29510.0,29511.75,45
2026-06-09T02:48:00.000Z,NQ,29513.0,29514.0,29503.75,29511.0,66
2026-06-09T02:49:00.000Z,NQ,29509.75,29512.5,29503.25,29503.25,93
2026-06-09T02:50:00.000Z,NQ,29501.5,29507.75,29497.0,29504.0,171
2026-06-09T02:51:00.000Z,NQ,29502.75,29502.75,29492.0,29495.5,90
2026-06-09T02:52:00.000Z,NQ,29494.0,29497.25,29489.25,29493.5,71
2026-06-09T02:53:00.000Z,NQ,29491.75,29499.0,29489.5,29496.5,36
2026-06-09T02:54:00.000Z,NQ,29498.0,29513.0,29498.0,29502.25,110
2026-06-09T02:55:00.000Z,NQ,29500.75,29516.0,29500.25,29515.75,110
2026-06-09T02:56:00.000Z,NQ,29514.5,29518.25,29512.75,29514.25,49
2026-06-09T02:57:00.000Z,NQ,29513.25,29520.25,29510.0,29516.5,146
2026-06-09T02:58:00.000Z,NQ,29516.25,29516.75,29512.25,29513.5,33
2026-06-09T02:59:00.000Z,NQ,29513.5,29514.25,29506.5,29514.0,79
2026-06-09T03:00:00.000Z,NQ,29514.0,29514.0,29504.0,29512.0,70
2026-06-09T03:01:00.000Z,NQ,29511.75,29514.0,29508.0,29508.5,64
2026-06-09T03:02:00.000Z,NQ,29511.0,29514.75,29506.5,29512.5,69
2026-06-09T03:03:00.000Z,NQ,29514.75,29515.75,29503.75,29511.0,77
2026-06-09T03:04:00.000Z,NQ,29509.75,29517.25,29509.25,29512.25,92
2026-06-09T03:05:00.000Z,NQ,29512.5,29525.0,29501.0,29523.5,437
2026-06-09T03:06:00.000Z,NQ,29522.75,29533.0,29522.25,29531.75,218
2026-06-09T03:07:00.000Z,NQ,29531.5,29532.5,29522.75,29524.5,91
2026-06-09T03:08:00.000Z,NQ,29524.75,29528.0,29517.5,29517.5,71
2026-06-09T03:09:00.000Z,NQ,29518.25,29522.0,29517.0,29519.25,38
2026-06-09T03:10:00.000Z,NQ,29521.25,29522.5,29514.25,29520.5,58
2026-06-09T03:11:00.000Z,NQ,29519.25,29525.75,29517.5,29525.5,41
2026-06-09T03:12:00.000Z,NQ,29526.25,29532.25,29523.5,29530.75,53
2026-06-09T03:13:00.000Z,NQ,29528.75,29542.25,29526.25,29539.5,129
2026-06-09T03:14:00.000Z,NQ,29539.0,29540.75,29531.0,29534.5,181
2026-06-09T03:15:00.000Z,NQ,29532.75,29555.0,29532.25,29546.25,239
2026-06-09T03:16:00.000Z,NQ,29545.25,29550.75,29540.5,29543.5,145
2026-06-09T03:17:00.000Z,NQ,29541.75,29551.0,29540.25,29543.0,88
2026-06-09T03:18:00.000Z,NQ,29543.0,29549.0,29543.0,29547.0,52
2026-06-09T03:19:00.000Z,NQ,29547.25,29548.5,29538.25,29540.25,67
2026-06-09T03:20:00.000Z,NQ,29540.0,29544.75,29535.5,29543.0,83
2026-06-09T03:21:00.000Z,NQ,29544.75,29546.25,29527.5,29530.5,151
2026-06-09T03:22:00.000Z,NQ,29529.5,29530.5,29523.0,29527.5,106
2026-06-09T03:23:00.000Z,NQ,29529.5,29533.75,29522.75,29524.0,137
2026-06-09T03:24:00.000Z,NQ,29524.25,29526.5,29516.5,29523.25,75
2026-06-09T03:25:00.000Z,NQ,29525.25,29535.5,29524.0,29535.25,93
2026-06-09T03:26:00.000Z,NQ,29534.5,29539.75,29530.75,29533.5,69
2026-06-09T03:27:00.000Z,NQ,29533.5,29540.0,29529.75,29539.5,50
2026-06-09T03:28:00.000Z,NQ,29538.5,29543.0,29535.75,29539.0,56
2026-06-09T03:29:00.000Z,NQ,29535.75,29540.75,29533.25,29539.0,64
2026-06-09T03:30:00.000Z,NQ,29540.0,29559.0,29540.0,29550.0,231
2026-06-09T03:31:00.000Z,NQ,29549.5,29550.0,29534.75,29549.0,132
2026-06-09T03:32:00.000Z,NQ,29548.25,29555.5,29544.75,29553.0,97
2026-06-09T03:33:00.000Z,NQ,29551.0,29555.5,29547.5,29551.0,49
2026-06-09T03:34:00.000Z,NQ,29550.75,29561.75,29548.25,29561.5,131
2026-06-09T03:35:00.000Z,NQ,29561.75,29567.5,29558.25,29564.0,134
2026-06-09T03:36:00.000Z,NQ,29563.5,29567.5,29560.0,29563.5,60
2026-06-09T03:37:00.000Z,NQ,29564.5,29573.0,29564.0,29567.75,195
2026-06-09T03:38:00.000Z,NQ,29567.25,29571.0,29564.5,29571.0,51
2026-06-09T03:39:00.000Z,NQ,29572.0,29581.5,29568.5,29579.5,179
2026-06-09T03:40:00.000Z,NQ,29578.5,29584.0,29575.0,29578.5,172
2026-06-09T03:41:00.000Z,NQ,29576.75,29587.0,29576.25,29580.5,142
2026-06-09T03:42:00.000Z,NQ,29581.25,29583.25,29575.5,29581.25,73
2026-06-09T03:43:00.000Z,NQ,29580.25,29587.75,29579.75,29582.75,74
2026-06-09T03:44:00.000Z,NQ,29584.0,29592.5,29582.5,29584.25,180
2026-06-09T03:45:00.000Z,NQ,29584.5,29587.5,29580.0,29585.0,96
2026-06-09T03:46:00.000Z,NQ,29585.75,29586.75,29579.75,29586.5,61
2026-06-09T03:47:00.000Z,NQ,29587.75,29593.0,29582.25,29583.75,141
2026-06-09T03:48:00.000Z,NQ,29582.0,29583.75,29576.75,29580.0,92
2026-06-09T03:49:00.000Z,NQ,29578.75,29580.0,29572.75,29573.75,121
2026-06-09T03:50:00.000Z,NQ,29574.5,29574.5,29567.25,29568.75,136
2026-06-09T03:51:00.000Z,NQ,29569.75,29573.75,29566.75,29566.75,78
2026-06-09T03:52:00.000Z,NQ,29567.0,29570.0,29565.0,29568.5,91
2026-06-09T03:53:00.000Z,NQ,29568.75,29576.5,29567.5,29571.5,183
2026-06-09T03:54:00.000Z,NQ,29572.25,29575.75,29570.25,29575.75,89
2026-06-09T03:55:00.000Z,NQ,29575.0,29578.25,29569.75,29569.75,51
2026-06-09T03:56:00.000Z,NQ,29569.25,29571.25,29566.0,29570.0,59
2026-06-09T03:57:00.000Z,NQ,29570.0,29577.5,29569.5,29575.75,93
2026-06-09T03:58:00.000Z,NQ,29576.75,29576.75,29569.75,29574.5,54
2026-06-09T04:09:00.000Z,NQ,29594.25,29609.25,29594.25,29605.25,590
2026-06-09T04:10:00.000Z,NQ,29605.5,29606.25,29601.0,29603.0,85
2026-06-09T04:11:00.000Z,NQ,29602.25,29612.25,29602.25,29608.25,160
2026-06-09T04:12:00.000Z,NQ,29608.0,29610.75,29604.5,29605.5,58
2026-06-09T04:13:00.000Z,NQ,29605.5,29611.0,29602.0,29609.75,125
2026-06-09T04:14:00.000Z,NQ,29609.75,29611.75,29601.75,29602.0,87
2026-06-09T04:15:00.000Z,NQ,29602.75,29602.75,29597.0,29600.5,100
2026-06-09T04:16:00.000Z,NQ,29601.0,29613.5,29600.0,29612.25,142
2026-06-09T04:17:00.000Z,NQ,29611.0,29619.25,29610.75,29614.5,170
2026-06-09T04:18:00.000Z,NQ,29614.75,29623.5,29612.75,29621.25,131
2026-06-09T04:19:00.000Z,NQ,29621.0,29622.25,29617.5,29621.25,57
2026-06-09T04:20:00.000Z,NQ,29621.5,29621.5,29616.0,29618.25,70
2026-06-09T04:21:00.000Z,NQ,29619.25,29620.25,29609.0,29609.75,94
2026-06-09T04:22:00.000Z,NQ,29611.75,29615.5,29610.5,29611.25,58
2026-06-09T04:23:00.000Z,NQ,29611.0,29612.75,29605.25,29609.0,98
2026-06-09T04:24:00.000Z,NQ,29608.75,29617.0,29608.0,29609.5,41
2026-06-09T04:25:00.000Z,NQ,29610.5,29622.5,29609.5,29618.25,117
2026-06-09T04:26:00.000Z,NQ,29618.0,29618.0,29611.25,29612.0,97
2026-06-09T04:27:00.000Z,NQ,29613.25,29617.0,29608.0,29609.5,66
2026-06-09T04:28:00.000Z,NQ,29609.0,29609.0,29601.25,29608.75,151
2026-06-09T04:29:00.000Z,NQ,29609.5,29611.5,29604.5,29611.5,55
2026-06-09T04:30:00.000Z,NQ,29612.0,29613.25,29603.0,29605.75,107
2026-06-09T04:31:00.000Z,NQ,29605.25,29611.0,29598.5,29602.0,96
2026-06-09T04:32:00.000Z,NQ,29602.25,29606.75,29601.0,29604.5,47
2026-06-09T04:33:00.000Z,NQ,29605.5,29617.0,29605.0,29616.5,86
2026-06-09T04:34:00.000Z,NQ,29615.75,29622.5,29614.75,29622.0,112
2026-06-09T04:35:00.000Z,NQ,29622.25,29623.0,29614.0,29615.25,99
2026-06-09T04:36:00.000Z,NQ,29617.5,29622.0,29617.0,29617.5,49
2026-06-09T04:37:00.000Z,NQ,29618.0,29627.25,29618.0,29623.75,90
2026-06-09T04:38:00.000Z,NQ,29624.75,29629.0,29621.0,29624.0,98
2026-06-09T04:39:00.000Z,NQ,29622.5,29627.25,29616.75,29626.25,183
2026-06-09T04:40:00.000Z,NQ,29624.75,29627.25,29623.25,29624.25,46
2026-06-09T04:41:00.000Z,NQ,29625.0,29629.25,29624.0,29628.25,110
2026-06-09T04:42:00.000Z,NQ,29628.5,29631.25,29619.25,29621.75,126
2026-06-09T04:43:00.000Z,NQ,29621.25,29623.75,29614.5,29616.25,118
2026-06-09T04:44:00.000Z,NQ,29616.25,29621.5,29615.5,29617.75,66
2026-06-09T04:45:00.000Z,NQ,29617.5,29620.0,29614.0,29616.75,77
2026-06-09T04:46:00.000Z,NQ,29617.0,29621.75,29616.0,29619.25,87
2026-06-09T04:47:00.000Z,NQ,29620.0,29624.5,29617.75,29617.75,181
2026-06-09T04:48:00.000Z,NQ,29618.0,29620.5,29615.25,29616.75,42
2026-06-09T04:49:00.000Z,NQ,29619.0,29619.0,29614.25,29617.25,39
2026-06-09T04:50:00.000Z,NQ,29618.0,29618.5,29614.75,29615.0,37
2026-06-09T04:51:00.000Z,NQ,29615.0,29616.75,29608.75,29611.5,97
2026-06-09T04:52:00.000Z,NQ,29610.75,29612.5,29605.5,29608.0,68
2026-06-09T04:53:00.000Z,NQ,29607.25,29608.5,29604.5,29608.0,86
2026-06-09T04:54:00.000Z,NQ,29607.25,29610.75,29605.75,29610.5,32
2026-06-09T04:55:00.000Z,NQ,29609.25,29613.5,29608.75,29610.5,69
2026-06-09T04:56:00.000Z,NQ,29611.75,29615.5,29607.5,29608.0,62
2026-06-09T04:57:00.000Z,NQ,29608.0,29609.75,29607.25,29608.0,43
2026-06-09T04:58:00.000Z,NQ,29607.75,29608.25,29603.25,29603.25,44
2026-06-09T04:59:00.000Z,NQ,29603.25,29606.75,29600.75,29603.25,123
2026-06-09T05:00:00.000Z,NQ,29604.5,29606.0,29600.25,29601.5,95
2026-06-09T05:01:00.000Z,NQ,29602.5,29604.0,29592.5,29597.25,182
2026-06-09T05:02:00.000Z,NQ,29597.25,29608.5,29596.0,29608.5,160
2026-06-09T05:03:00.000Z,NQ,29609.5,29621.0,29606.25,29621.0,159
2026-06-09T05:04:00.000Z,NQ,29619.5,29626.0,29615.25,29625.0,242
2026-06-09T05:05:00.000Z,NQ,29623.25,29624.0,29617.5,29618.75,134
2026-06-09T05:06:00.000Z,NQ,29620.0,29622.75,29617.5,29618.5,79
2026-06-09T05:07:00.000Z,NQ,29618.25,29621.25,29615.5,29619.75,52
2026-06-09T05:08:00.000Z,NQ,29621.25,29622.0,29603.25,29605.5,151
2026-06-09T05:09:00.000Z,NQ,29604.75,29607.0,29596.25,29596.75,156
2026-06-09T05:10:00.000Z,NQ,29597.5,29608.25,29596.0,29603.5,125
2026-06-09T05:11:00.000Z,NQ,29603.5,29611.5,29603.5,29609.25,58
2026-06-09T05:12:00.000Z,NQ,29610.25,29612.25,29603.25,29606.75,81
2026-06-09T05:13:00.000Z,NQ,29605.75,29609.25,29602.75,29607.75,22
2026-06-09T05:14:00.000Z,NQ,29607.75,29611.5,29605.0,29607.25,85
2026-06-09T05:15:00.000Z,NQ,29606.0,29606.75,29602.0,29602.75,32
2026-06-09T05:16:00.000Z,NQ,29607.25,29607.25,29599.25,29601.0,59
2026-06-09T05:17:00.000Z,NQ,29602.5,29608.5,29602.5,29606.75,54
2026-06-09T05:18:00.000Z,NQ,29607.5,29615.5,29605.75,29611.25,110
2026-06-09T05:19:00.000Z,NQ,29610.75,29613.0,29608.25,29608.25,26
2026-06-09T05:20:00.000Z,NQ,29608.75,29612.25,29605.75,29608.5,41
2026-06-09T05:21:00.000Z,NQ,29608.5,29611.75,29603.5,29606.25,71
2026-06-09T05:22:00.000Z,NQ,29604.5,29607.25,29593.75,29600.25,91
2026-06-09T05:23:00.000Z,NQ,29601.5,29610.25,29600.25,29610.0,96
2026-06-09T05:24:00.000Z,NQ,29610.5,29616.5,29608.5,29613.25,83
2026-06-09T05:25:00.000Z,NQ,29613.5,29619.25,29611.75,29613.25,88
2026-06-09T05:26:00.000Z,NQ,29609.5,29619.25,29608.25,29616.5,55
2026-06-09T05:27:00.000Z,NQ,29614.5,29615.75,29612.5,29615.25,51
2026-06-09T05:28:00.000Z,NQ,29614.25,29614.25,29601.75,29603.5,67
2026-06-09T05:29:00.000Z,NQ,29602.75,29603.25,29588.75,29592.75,123
2026-06-09T05:30:00.000Z,NQ,29593.0,29602.0,29591.75,29597.25,156
2026-06-09T05:31:00.000Z,NQ,29599.75,29634.25,29596.0,29630.75,298
2026-06-09T05:32:00.000Z,NQ,29631.25,29638.5,29627.25,29632.0,215
2026-06-09T05:33:00.000Z,NQ,29630.5,29632.5,29619.5,29625.0,154
2026-06-09T05:34:00.000Z,NQ,29625.5,29632.0,29624.75,29631.5,140
2026-06-09T05:35:00.000Z,NQ,29632.5,29634.0,29623.75,29628.5,100
2026-06-09T05:36:00.000Z,NQ,29627.5,29628.0,29618.0,29620.25,104
2026-06-09T05:37:00.000Z,NQ,29620.0,29626.5,29619.0,29625.0,80
2026-06-09T05:38:00.000Z,NQ,29624.75,29625.0,29614.0,29619.0,161
2026-06-09T05:39:00.000Z,NQ,29619.75,29624.5,29619.25,29624.0,44
2026-06-09T05:40:00.000Z,NQ,29625.75,29626.25,29620.75,29622.75,36
2026-06-09T05:41:00.000Z,NQ,29621.75,29628.75,29620.5,29628.75,119
2026-06-09T05:42:00.000Z,NQ,29629.0,29633.0,29628.5,29631.5,158
2026-06-09T05:43:00.000Z,NQ,29631.0,29647.0,29631.0,29644.25,347
2026-06-09T05:44:00.000Z,NQ,29643.5,29643.5,29624.75,29628.5,125
2026-06-09T05:45:00.000Z,NQ,29627.5,29635.5,29626.5,29632.25,57
2026-06-09T05:46:00.000Z,NQ,29633.5,29640.75,29633.5,29639.25,87
2026-06-09T05:47:00.000Z,NQ,29640.5,29643.0,29637.75,29641.75,62
2026-06-09T05:48:00.000Z,NQ,29642.75,29647.75,29642.0,29646.75,153
2026-06-09T05:49:00.000Z,NQ,29645.75,29651.5,29643.0,29647.25,317
2026-06-09T05:50:00.000Z,NQ,29646.5,29647.25,29632.5,29640.0,179
2026-06-09T05:51:00.000Z,NQ,29639.5,29643.75,29636.5,29638.75,182
2026-06-09T05:52:00.000Z,NQ,29640.25,29641.25,29636.5,29636.75,34
2026-06-09T05:53:00.000Z,NQ,29637.0,29637.0,29632.75,29634.25,75
2026-06-09T05:54:00.000Z,NQ,29634.25,29635.25,29628.5,29633.25,127
2026-06-09T05:55:00.000Z,NQ,29631.75,29632.25,29620.0,29622.25,105
2026-06-09T05:56:00.000Z,NQ,29621.75,29622.0,29618.0,29620.0,62
2026-06-09T05:57:00.000Z,NQ,29621.75,29624.0,29618.0,29621.75,52
2026-06-09T05:58:00.000Z,NQ,29622.5,29638.0,29621.5,29634.5,150
2026-06-09T05:59:00.000Z,NQ,29634.0,29635.25,29630.75,29633.25,153
2026-06-09T06:00:00.000Z,NQ,29634.75,29643.0,29633.0,29633.75,225
2026-06-09T06:01:00.000Z,NQ,29633.0,29636.0,29625.75,29631.5,95
2026-06-09T06:02:00.000Z,NQ,29631.0,29643.0,29631.0,29639.25,102
2026-06-09T06:03:00.000Z,NQ,29639.5,29647.5,29636.5,29646.75,82
2026-06-09T06:04:00.000Z,NQ,29645.75,29648.25,29640.5,29642.5,94
2026-06-09T06:05:00.000Z,NQ,29640.75,29648.75,29640.75,29648.0,102
2026-06-09T06:06:00.000Z,NQ,29647.5,29654.75,29647.25,29651.75,322
2026-06-09T06:07:00.000Z,NQ,29651.75,29656.5,29640.75,29643.25,155
2026-06-09T06:08:00.000Z,NQ,29644.0,29653.0,29641.25,29651.5,184
2026-06-09T06:09:00.000Z,NQ,29652.0,29653.5,29645.75,29649.0,85
2026-06-09T06:10:00.000Z,NQ,29650.0,29650.0,29644.25,29649.5,83
2026-06-09T06:11:00.000Z,NQ,29649.75,29657.5,29648.75,29657.5,110
2026-06-09T06:12:00.000Z,NQ,29657.5,29658.75,29651.25,29652.75,166
2026-06-09T06:13:00.000Z,NQ,29652.25,29653.75,29648.0,29652.25,121
2026-06-09T06:14:00.000Z,NQ,29651.5,29660.0,29651.5,29656.75,142
2026-06-09T06:15:00.000Z,NQ,29655.75,29662.25,29653.0,29661.0,145
2026-06-09T06:16:00.000Z,NQ,29660.5,29669.25,29660.5,29667.75,277
2026-06-09T06:17:00.000Z,NQ,29666.25,29674.75,29662.5,29673.0,204
2026-06-09T06:18:00.000Z,NQ,29673.25,29674.25,29663.5,29668.75,194
2026-06-09T06:19:00.000Z,NQ,29667.75,29667.75,29656.0,29656.0,194
2026-06-09T06:20:00.000Z,NQ,29656.5,29661.25,29654.5,29661.25,101
2026-06-09T06:21:00.000Z,NQ,29661.25,29669.25,29661.25,29666.0,113
2026-06-09T06:22:00.000Z,NQ,29667.25,29668.0,29664.0,29665.5,73
2026-06-09T06:23:00.000Z,NQ,29665.25,29667.25,29660.5,29667.25,74
2026-06-09T06:24:00.000Z,NQ,29666.0,29668.5,29661.0,29661.0,36
2026-06-09T06:25:00.000Z,NQ,29659.25,29662.75,29653.0,29656.0,108
2026-06-09T06:26:00.000Z,NQ,29655.25,29656.0,29643.75,29645.0,134
2026-06-09T06:27:00.000Z,NQ,29647.5,29647.5,29641.5,29647.5,68
2026-06-09T06:28:00.000Z,NQ,29648.0,29653.5,29644.5,29644.5,195
2026-06-09T06:29:00.000Z,NQ,29643.75,29643.75,29633.5,29635.75,166
2026-06-09T06:30:00.000Z,NQ,29635.75,29645.0,29632.0,29634.75,317
2026-06-09T06:31:00.000Z,NQ,29635.5,29636.75,29625.75,29630.5,156
2026-06-09T06:32:00.000Z,NQ,29631.25,29631.5,29623.75,29627.25,140
2026-06-09T06:33:00.000Z,NQ,29627.5,29635.5,29627.5,29632.0,117
2026-06-09T06:34:00.000Z,NQ,29633.25,29638.75,29631.0,29638.75,69
2026-06-09T06:35:00.000Z,NQ,29638.75,29644.75,29633.5,29638.75,114
2026-06-09T06:36:00.000Z,NQ,29638.75,29643.25,29633.5,29642.25,86
2026-06-09T06:37:00.000Z,NQ,29642.0,29647.0,29642.0,29645.75,68
2026-06-09T06:38:00.000Z,NQ,29646.5,29650.5,29646.0,29648.25,87
2026-06-09T06:39:00.000Z,NQ,29646.25,29647.5,29640.25,29645.25,105
2026-06-09T06:40:00.000Z,NQ,29645.75,29650.5,29643.25,29649.25,77
2026-06-09T06:41:00.000Z,NQ,29647.75,29652.0,29646.0,29649.75,62
2026-06-09T06:42:00.000Z,NQ,29649.0,29651.75,29638.5,29638.5,110
2026-06-09T06:43:00.000Z,NQ,29640.25,29641.0,29628.5,29631.5,130
2026-06-09T06:44:00.000Z,NQ,29632.25,29641.25,29631.25,29636.5,77
2026-06-09T06:45:00.000Z,NQ,29637.25,29643.5,29634.25,29634.5,146
2026-06-09T06:46:00.000Z,NQ,29633.75,29635.75,29627.5,29629.75,153
2026-06-09T06:47:00.000Z,NQ,29629.5,29635.0,29629.5,29635.0,68
2026-06-09T06:48:00.000Z,NQ,29636.25,29638.25,29633.25,29635.5,54
2026-06-09T06:49:00.000Z,NQ,29635.25,29635.5,29625.0,29628.75,88
2026-06-09T06:50:00.000Z,NQ,29627.5,29629.25,29615.75,29617.25,188
2026-06-09T06:51:00.000Z,NQ,29618.0,29619.25,29614.75,29615.75,100
2026-06-09T06:52:00.000Z,NQ,29615.75,29617.75,29612.25,29615.25,52
2026-06-09T06:53:00.000Z,NQ,29616.25,29617.5,29606.5,29609.25,114
2026-06-09T06:54:00.000Z,NQ,29609.75,29609.75,29601.5,29605.5,184
2026-06-09T06:55:00.000Z,NQ,29607.25,29611.25,29602.5,29610.25,151
2026-06-09T06:56:00.000Z,NQ,29609.25,29619.0,29609.25,29616.0,120
2026-06-09T06:57:00.000Z,NQ,29616.0,29617.25,29613.5,29617.25,55
2026-06-09T06:58:00.000Z,NQ,29615.0,29616.25,29610.25,29613.5,62
2026-06-09T06:59:00.000Z,NQ,29613.5,29624.25,29612.75,29622.25,85
2026-06-09T07:00:00.000Z,NQ,29623.0,29650.25,29616.0,29649.0,574
2026-06-09T07:01:00.000Z,NQ,29648.25,29659.0,29644.75,29652.5,221
2026-06-09T07:02:00.000Z,NQ,29652.0,29662.0,29646.0,29662.0,185
2026-06-09T07:03:00.000Z,NQ,29660.5,29677.5,29659.25,29671.75,403
2026-06-09T07:04:00.000Z,NQ,29672.5,29675.25,29661.5,29674.25,173
2026-06-09T07:05:00.000Z,NQ,29674.0,29679.0,29668.0,29670.5,149
2026-06-09T07:06:00.000Z,NQ,29669.5,29677.75,29668.25,29674.75,102
2026-06-09T07:07:00.000Z,NQ,29675.0,29688.0,29673.5,29685.75,218
2026-06-09T07:08:00.000Z,NQ,29686.75,29689.25,29677.25,29681.25,210
2026-06-09T07:09:00.000Z,NQ,29678.5,29682.25,29677.5,29680.0,66
2026-06-09T07:10:00.000Z,NQ,29679.25,29683.0,29675.25,29678.5,109
2026-06-09T07:11:00.000Z,NQ,29679.0,29686.75,29678.75,29679.25,197
2026-06-09T07:12:00.000Z,NQ,29678.0,29685.25,29672.0,29673.5,125
2026-06-09T07:13:00.000Z,NQ,29673.25,29674.0,29659.25,29660.25,207
2026-06-09T07:14:00.000Z,NQ,29660.75,29661.25,29646.75,29647.5,176
2026-06-09T07:15:00.000Z,NQ,29648.5,29652.5,29643.25,29646.25,163
2026-06-09T07:16:00.000Z,NQ,29644.0,29646.0,29635.5,29639.75,185
2026-06-09T07:17:00.000Z,NQ,29639.0,29648.25,29634.25,29648.0,104
2026-06-09T07:18:00.000Z,NQ,29646.75,29654.0,29641.75,29643.0,107
2026-06-09T07:19:00.000Z,NQ,29643.5,29646.0,29639.75,29643.5,61
2026-06-09T07:20:00.000Z,NQ,29644.0,29648.75,29640.25,29647.5,109
2026-06-09T07:21:00.000Z,NQ,29648.5,29654.25,29644.25,29645.75,128
2026-06-09T07:22:00.000Z,NQ,29645.5,29657.25,29643.5,29657.25,106
2026-06-09T07:23:00.000Z,NQ,29657.75,29661.5,29645.0,29646.0,210
2026-06-09T07:24:00.000Z,NQ,29646.25,29646.25,29630.75,29633.5,194
2026-06-09T07:25:00.000Z,NQ,29636.0,29636.75,29616.0,29617.25,184
2026-06-09T07:26:00.000Z,NQ,29616.25,29620.75,29609.0,29609.75,156
2026-06-09T07:27:00.000Z,NQ,29610.25,29610.25,29601.5,29602.25,158
2026-06-09T07:28:00.000Z,NQ,29604.75,29614.75,29604.75,29614.0,128
2026-06-09T07:29:00.000Z,NQ,29613.75,29620.5,29609.5,29612.75,138
2026-06-09T07:30:00.000Z,NQ,29612.75,29617.25,29610.5,29614.0,115
2026-06-09T07:31:00.000Z,NQ,29612.25,29622.25,29611.0,29617.75,118
2026-06-09T07:32:00.000Z,NQ,29618.0,29626.75,29616.0,29623.25,101
2026-06-09T07:33:00.000Z,NQ,29623.0,29623.0,29614.75,29618.5,64
2026-06-09T07:34:00.000Z,NQ,29619.25,29619.25,29609.75,29611.5,104
2026-06-09T07:35:00.000Z,NQ,29612.75,29614.0,29598.25,29600.0,169
2026-06-09T07:36:00.000Z,NQ,29599.75,29602.5,29588.0,29601.75,212
2026-06-09T07:37:00.000Z,NQ,29602.0,29613.0,29600.25,29604.5,176
2026-06-09T07:38:00.000Z,NQ,29604.75,29609.25,29598.25,29604.5,101
2026-06-09T07:39:00.000Z,NQ,29605.0,29609.5,29602.25,29608.75,88
2026-06-09T07:40:00.000Z,NQ,29608.0,29616.0,29598.75,29601.75,132
2026-06-09T07:41:00.000Z,NQ,29600.0,29612.25,29598.25,29605.0,137
2026-06-09T07:42:00.000Z,NQ,29605.75,29614.75,29604.25,29613.0,65
2026-06-09T07:43:00.000Z,NQ,29613.75,29620.75,29610.0,29617.0,123
2026-06-09T07:44:00.000Z,NQ,29616.5,29625.25,29616.0,29625.25,82
2026-06-09T07:45:00.000Z,NQ,29625.75,29638.5,29621.5,29636.5,199
2026-06-09T07:46:00.000Z,NQ,29636.5,29637.75,29627.25,29634.75,89
2026-06-09T07:47:00.000Z,NQ,29633.75,29634.0,29629.5,29632.25,30
2026-06-09T07:48:00.000Z,NQ,29634.0,29637.5,29630.0,29635.75,66
2026-06-09T07:49:00.000Z,NQ,29635.0,29636.0,29623.75,29624.75,106
2026-06-09T07:50:00.000Z,NQ,29624.0,29624.0,29610.25,29616.25,180
2026-06-09T07:51:00.000Z,NQ,29616.25,29626.5,29615.75,29615.75,72
2026-06-09T07:52:00.000Z,NQ,29615.75,29617.25,29597.5,29602.0,143
2026-06-09T07:53:00.000Z,NQ,29602.25,29617.75,29594.75,29601.0,189
2026-06-09T07:54:00.000Z,NQ,29599.25,29601.5,29592.25,29595.25,79
2026-06-09T07:55:00.000Z,NQ,29597.5,29597.75,29588.5,29592.5,82
2026-06-09T07:56:00.000Z,NQ,29593.75,29594.0,29584.0,29586.25,118
2026-06-09T07:57:00.000Z,NQ,29586.75,29595.0,29583.5,29592.75,106
2026-06-09T07:58:00.000Z,NQ,29593.25,29595.0,29590.5,29594.75,55
2026-06-09T07:59:00.000Z,NQ,29595.0,29598.5,29588.5,29593.0,97
2026-06-09T08:00:00.000Z,NQ,29593.5,29601.75,29585.5,29597.75,218
2026-06-09T08:01:00.000Z,NQ,29598.5,29599.0,29566.0,29588.0,591
2026-06-09T08:02:00.000Z,NQ,29587.5,29596.75,29584.75,29590.25,172
2026-06-09T08:03:00.000Z,NQ,29591.0,29613.0,29588.75,29608.5,193
2026-06-09T08:04:00.000Z,NQ,29608.75,29610.5,29596.75,29598.75,117
2026-06-09T08:05:00.000Z,NQ,29600.5,29600.5,29579.5,29584.25,161
2026-06-09T08:06:00.000Z,NQ,29583.25,29594.25,29581.25,29586.75,145
2026-06-09T08:07:00.000Z,NQ,29587.5,29600.0,29580.75,29599.0,86
2026-06-09T08:08:00.000Z,NQ,29598.5,29622.0,29598.5,29621.25,299
2026-06-09T08:09:00.000Z,NQ,29621.0,29631.5,29616.75,29629.25,168
2026-06-09T08:10:00.000Z,NQ,29627.75,29636.25,29622.0,29630.0,198
2026-06-09T08:11:00.000Z,NQ,29633.0,29635.0,29627.25,29628.75,101
2026-06-09T08:12:00.000Z,NQ,29629.0,29661.0,29626.0,29654.75,546
2026-06-09T08:13:00.000Z,NQ,29652.5,29664.5,29649.0,29661.25,246
2026-06-09T08:14:00.000Z,NQ,29661.25,29668.5,29652.0,29665.75,294
2026-06-09T08:15:00.000Z,NQ,29665.5,29668.5,29660.75,29668.0,155
2026-06-09T08:16:00.000Z,NQ,29667.75,29671.25,29652.0,29653.5,260
2026-06-09T08:17:00.000Z,NQ,29654.75,29659.25,29645.25,29646.5,92
2026-06-09T08:18:00.000Z,NQ,29647.25,29657.0,29645.5,29648.0,122
2026-06-09T08:19:00.000Z,NQ,29647.75,29654.75,29647.5,29651.5,90
2026-06-09T08:20:00.000Z,NQ,29650.0,29653.0,29643.5,29649.25,145
2026-06-09T08:21:00.000Z,NQ,29649.5,29652.5,29642.75,29645.25,98
2026-06-09T08:22:00.000Z,NQ,29645.25,29646.0,29637.5,29641.75,71
2026-06-09T08:23:00.000Z,NQ,29639.5,29663.25,29639.5,29658.5,243
2026-06-09T08:24:00.000Z,NQ,29658.5,29661.5,29654.5,29656.0,101
2026-06-09T08:25:00.000Z,NQ,29659.0,29665.25,29658.0,29661.5,79
2026-06-09T08:26:00.000Z,NQ,29659.0,29662.75,29650.75,29662.75,65
2026-06-09T08:27:00.000Z,NQ,29661.75,29664.5,29660.0,29662.5,49
2026-06-09T08:28:00.000Z,NQ,29662.25,29674.25,29659.5,29661.5,291
2026-06-09T08:29:00.000Z,NQ,29661.5,29666.25,29659.75,29663.25,107
2026-06-09T08:30:00.000Z,NQ,29662.75,29670.0,29661.0,29665.0,130
2026-06-09T08:31:00.000Z,NQ,29665.0,29669.0,29659.75,29664.5,120
2026-06-09T08:32:00.000Z,NQ,29664.75,29674.25,29664.0,29671.75,165
2026-06-09T08:33:00.000Z,NQ,29671.0,29671.0,29661.5,29668.0,54
2026-06-09T08:34:00.000Z,NQ,29670.0,29672.25,29662.0,29662.0,55
2026-06-09T08:35:00.000Z,NQ,29663.5,29663.5,29655.75,29659.0,138
2026-06-09T08:36:00.000Z,NQ,29659.25,29663.0,29653.75,29661.0,161
2026-06-09T08:37:00.000Z,NQ,29659.0,29659.0,29645.0,29651.5,215
2026-06-09T08:38:00.000Z,NQ,29651.25,29668.75,29650.5,29668.75,174
2026-06-09T08:39:00.000Z,NQ,29668.75,29682.0,29666.25,29678.75,233
2026-06-09T08:40:00.000Z,NQ,29679.5,29681.25,29674.5,29676.5,83
2026-06-09T08:41:00.000Z,NQ,29673.5,29674.0,29669.0,29670.25,94
2026-06-09T08:42:00.000Z,NQ,29671.5,29681.0,29666.75,29679.0,94
2026-06-09T08:43:00.000Z,NQ,29680.5,29683.5,29671.5,29674.5,77
2026-06-09T08:44:00.000Z,NQ,29676.25,29685.5,29676.25,29678.75,138
2026-06-09T08:45:00.000Z,NQ,29677.75,29686.25,29676.5,29677.5,96
2026-06-09T08:46:00.000Z,NQ,29677.75,29680.0,29676.0,29679.0,76
2026-06-09T08:47:00.000Z,NQ,29677.5,29682.0,29675.5,29680.25,53
2026-06-09T08:48:00.000Z,NQ,29680.25,29680.5,29668.5,29671.0,127
2026-06-09T08:49:00.000Z,NQ,29672.0,29672.0,29664.0,29667.25,75
2026-06-09T08:50:00.000Z,NQ,29667.5,29667.75,29650.75,29652.75,148
2026-06-09T08:51:00.000Z,NQ,29654.5,29659.75,29652.5,29654.25,78
2026-06-09T08:52:00.000Z,NQ,29653.0,29658.75,29647.5,29658.0,130
2026-06-09T08:53:00.000Z,NQ,29657.0,29657.0,29643.5,29644.5,149
2026-06-09T08:54:00.000Z,NQ,29645.5,29648.75,29641.5,29645.75,133
2026-06-09T08:55:00.000Z,NQ,29645.0,29645.0,29638.75,29643.5,69
2026-06-09T08:56:00.000Z,NQ,29642.25,29645.5,29637.25,29642.75,60
2026-06-09T08:57:00.000Z,NQ,29640.75,29647.0,29640.75,29645.75,96
2026-06-09T08:58:00.000Z,NQ,29646.5,29646.5,29639.0,29641.25,60
2026-06-09T08:59:00.000Z,NQ,29643.25,29645.5,29639.5,29641.5,47
2026-06-09T09:00:00.000Z,NQ,29641.75,29643.5,29636.0,29641.5,76
2026-06-09T09:01:00.000Z,NQ,29644.5,29660.0,29643.5,29658.0,199
2026-06-09T09:02:00.000Z,NQ,29659.25,29664.5,29655.0,29655.0,67
2026-06-09T09:03:00.000Z,NQ,29656.25,29658.25,29653.5,29654.0,46
2026-06-09T09:04:00.000Z,NQ,29655.25,29658.75,29652.0,29655.0,50
2026-06-09T09:05:00.000Z,NQ,29656.0,29658.75,29650.75,29658.5,98
2026-06-09T09:06:00.000Z,NQ,29656.25,29657.5,29646.5,29650.5,89
2026-06-09T09:07:00.000Z,NQ,29650.75,29652.0,29642.0,29646.0,55
2026-06-09T09:08:00.000Z,NQ,29649.0,29651.0,29645.0,29646.25,40
2026-06-09T09:09:00.000Z,NQ,29646.0,29660.75,29646.0,29660.0,94
2026-06-09T09:10:00.000Z,NQ,29660.25,29666.75,29658.25,29662.25,76
2026-06-09T09:11:00.000Z,NQ,29664.0,29670.0,29659.25,29670.0,65
2026-06-09T09:12:00.000Z,NQ,29668.75,29671.75,29660.75,29665.25,120
2026-06-09T09:13:00.000Z,NQ,29665.25,29668.75,29661.25,29668.75,67
2026-06-09T09:14:00.000Z,NQ,29664.25,29668.0,29664.0,29666.75,42
2026-06-09T09:15:00.000Z,NQ,29668.0,29672.75,29666.5,29669.25,84
2026-06-09T09:16:00.000Z,NQ,29668.75,29674.25,29668.25,29670.0,64
2026-06-09T09:17:00.000Z,NQ,29669.25,29670.25,29662.0,29662.0,42
2026-06-09T09:18:00.000Z,NQ,29662.5,29669.25,29662.0,29667.5,29
2026-06-09T09:19:00.000Z,NQ,29669.0,29671.0,29667.25,29669.75,34
2026-06-09T09:20:00.000Z,NQ,29668.0,29672.0,29666.5,29670.25,43
2026-06-09T09:21:00.000Z,NQ,29670.25,29672.5,29664.0,29664.75,69
2026-06-09T09:22:00.000Z,NQ,29663.5,29668.5,29663.0,29668.25,36
2026-06-09T09:23:00.000Z,NQ,29670.0,29672.75,29669.0,29669.5,34
2026-06-09T09:24:00.000Z,NQ,29670.0,29672.5,29664.0,29667.0,79
2026-06-09T09:25:00.000Z,NQ,29667.5,29668.0,29660.25,29663.25,58
2026-06-09T09:26:00.000Z,NQ,29664.0,29674.75,29664.0,29672.75,194
2026-06-09T09:27:00.000Z,NQ,29671.75,29685.0,29671.75,29684.25,236
2026-06-09T09:28:00.000Z,NQ,29684.0,29691.25,29681.25,29681.25,338
2026-06-09T09:29:00.000Z,NQ,29681.25,29691.25,29681.25,29685.75,169
2026-06-09T09:30:00.000Z,NQ,29686.5,29687.0,29667.25,29679.75,281
2026-06-09T09:31:00.000Z,NQ,29679.25,29681.0,29668.0,29668.0,81
2026-06-09T09:32:00.000Z,NQ,29667.5,29673.25,29666.25,29671.25,50
2026-06-09T09:33:00.000Z,NQ,29671.25,29671.5,29659.75,29662.0,114
2026-06-09T09:34:00.000Z,NQ,29663.75,29665.5,29656.5,29657.5,70
2026-06-09T09:35:00.000Z,NQ,29656.5,29663.25,29656.25,29663.25,50
2026-06-09T09:36:00.000Z,NQ,29662.25,29675.5,29662.0,29674.5,89
2026-06-09T09:37:00.000Z,NQ,29675.5,29677.25,29672.0,29673.25,59
2026-06-09T09:38:00.000Z,NQ,29674.0,29680.0,29673.75,29680.0,38
2026-06-09T09:39:00.000Z,NQ,29679.0,29680.0,29674.0,29674.75,57
2026-06-09T09:40:00.000Z,NQ,29676.25,29683.5,29673.0,29681.5,68
2026-06-09T09:41:00.000Z,NQ,29681.25,29684.0,29679.25,29679.75,54
2026-06-09T09:42:00.000Z,NQ,29679.25,29683.5,29679.0,29679.0,39
2026-06-09T09:43:00.000Z,NQ,29678.75,29682.25,29673.5,29678.0,60
2026-06-09T09:44:00.000Z,NQ,29677.75,29680.0,29675.75,29679.0,39
2026-06-09T09:45:00.000Z,NQ,29678.25,29680.0,29678.0,29678.25,22
2026-06-09T09:46:00.000Z,NQ,29678.75,29686.75,29678.25,29681.0,49
2026-06-09T09:47:00.000Z,NQ,29681.5,29686.75,29680.5,29683.25,71
2026-06-09T09:48:00.000Z,NQ,29681.5,29685.0,29679.0,29684.0,21
2026-06-09T09:49:00.000Z,NQ,29684.25,29686.5,29679.75,29685.75,73
2026-06-09T09:50:00.000Z,NQ,29687.0,29694.75,29685.5,29694.5,137
2026-06-09T09:51:00.000Z,NQ,29694.25,29695.0,29689.5,29691.75,172
2026-06-09T09:52:00.000Z,NQ,29691.5,29696.25,29690.75,29693.5,243
2026-06-09T09:53:00.000Z,NQ,29693.5,29693.5,29685.25,29692.25,85
2026-06-09T09:54:00.000Z,NQ,29692.25,29692.25,29686.75,29688.25,63
2026-06-09T09:55:00.000Z,NQ,29689.0,29693.25,29687.25,29689.75,84
2026-06-09T09:56:00.000Z,NQ,29689.25,29692.25,29687.75,29691.0,90
2026-06-09T09:57:00.000Z,NQ,29692.75,29695.0,29690.5,29693.5,55
2026-06-09T09:58:00.000Z,NQ,29693.25,29693.75,29688.75,29691.25,49
2026-06-09T09:59:00.000Z,NQ,29690.75,29690.75,29678.75,29678.75,99
2026-06-09T10:00:00.000Z,NQ,29680.5,29695.25,29678.0,29694.5,182
2026-06-09T10:01:00.000Z,NQ,29694.25,29697.0,29689.5,29695.0,119
2026-06-09T10:02:00.000Z,NQ,29693.25,29693.25,29686.75,29686.75,41
2026-06-09T10:03:00.000Z,NQ,29686.75,29690.25,29682.0,29690.25,65
2026-06-09T10:04:00.000Z,NQ,29688.5,29694.5,29687.5,29693.0,57
2026-06-09T10:05:00.000Z,NQ,29694.0,29697.5,29692.5,29697.0,141
2026-06-09T10:06:00.000Z,NQ,29697.25,29697.25,29617.75,29634.75,1079
2026-06-09T10:07:00.000Z,NQ,29633.75,29673.25,29628.75,29661.25,973
2026-06-09T10:08:00.000Z,NQ,29661.75,29672.25,29658.0,29658.0,211
2026-06-09T10:09:00.000Z,NQ,29659.25,29659.25,29628.0,29635.75,398
2026-06-09T10:10:00.000Z,NQ,29637.75,29649.0,29628.0,29641.0,198
2026-06-09T10:11:00.000Z,NQ,29641.0,29656.25,29641.0,29649.75,284
2026-06-09T10:12:00.000Z,NQ,29651.0,29659.0,29649.25,29651.0,160
2026-06-09T10:13:00.000Z,NQ,29651.5,29652.75,29643.5,29643.5,130
2026-06-09T10:14:00.000Z,NQ,29645.25,29680.5,29645.25,29677.5,515
2026-06-09T10:15:00.000Z,NQ,29677.5,29679.0,29668.5,29670.25,280
2026-06-09T10:16:00.000Z,NQ,29669.5,29673.5,29665.25,29669.5,160
2026-06-09T10:17:00.000Z,NQ,29670.25,29675.0,29666.25,29672.0,113
2026-06-09T10:18:00.000Z,NQ,29671.5,29673.0,29660.75,29660.75,74
2026-06-09T10:19:00.000Z,NQ,29661.5,29662.75,29651.75,29653.5,97
2026-06-09T10:20:00.000Z,NQ,29654.5,29657.0,29653.0,29657.0,45
2026-06-09T10:21:00.000Z,NQ,29656.25,29662.25,29656.25,29660.5,45
2026-06-09T10:22:00.000Z,NQ,29659.75,29662.5,29654.0,29657.5,43
2026-06-09T10:23:00.000Z,NQ,29656.75,29658.75,29653.75,29654.75,43
2026-06-09T10:24:00.000Z,NQ,29657.0,29659.25,29653.0,29657.75,44
2026-06-09T10:25:00.000Z,NQ,29657.5,29668.25,29657.5,29666.0,56
2026-06-09T10:26:00.000Z,NQ,29666.75,29676.0,29666.75,29676.0,89
2026-06-09T10:27:00.000Z,NQ,29675.5,29678.25,29674.75,29675.75,67
2026-06-09T10:28:00.000Z,NQ,29675.5,29677.75,29673.25,29676.0,38
2026-06-09T10:29:00.000Z,NQ,29674.75,29674.75,29672.5,29672.5,26
2026-06-09T10:30:00.000Z,NQ,29672.0,29676.5,29671.25,29673.5,30
2026-06-09T10:31:00.000Z,NQ,29673.5,29673.5,29667.25,29668.5,73
2026-06-09T10:32:00.000Z,NQ,29668.75,29670.75,29665.75,29665.75,50
2026-06-09T10:33:00.000Z,NQ,29665.75,29665.75,29660.25,29663.25,52
2026-06-09T10:34:00.000Z,NQ,29663.5,29664.0,29656.0,29657.75,51
2026-06-09T10:35:00.000Z,NQ,29655.75,29659.0,29654.0,29659.0,52
2026-06-09T10:36:00.000Z,NQ,29657.75,29658.5,29650.75,29658.5,66
2026-06-09T10:37:00.000Z,NQ,29658.75,29660.0,29654.5,29657.5,37
2026-06-09T10:38:00.000Z,NQ,29657.5,29662.75,29657.5,29662.75,47
2026-06-09T10:39:00.000Z,NQ,29663.0,29663.0,29650.0,29650.0,76
2026-06-09T10:40:00.000Z,NQ,29651.75,29656.25,29650.75,29654.25,74
2026-06-09T10:41:00.000Z,NQ,29654.5,29656.25,29648.5,29652.75,86
2026-06-09T10:42:00.000Z,NQ,29651.5,29653.0,29647.25,29649.25,41
2026-06-09T10:43:00.000Z,NQ,29650.0,29659.75,29648.25,29658.25,91
2026-06-09T10:44:00.000Z,NQ,29659.25,29661.0,29657.25,29657.25,61
2026-06-09T10:45:00.000Z,NQ,29657.5,29658.0,29652.5,29657.0,59
2026-06-09T10:46:00.000Z,NQ,29657.75,29663.0,29654.75,29657.0,120
2026-06-09T10:47:00.000Z,NQ,29656.75,29659.75,29656.75,29657.75,22
2026-06-09T10:48:00.000Z,NQ,29658.5,29660.5,29654.0,29654.25,56
2026-06-09T10:49:00.000Z,NQ,29655.0,29660.0,29655.0,29658.5,129
2026-06-09T10:50:00.000Z,NQ,29658.75,29667.75,29658.25,29663.0,166
2026-06-09T10:51:00.000Z,NQ,29663.25,29668.0,29662.75,29663.75,78
2026-06-09T10:52:00.000Z,NQ,29664.0,29673.5,29664.0,29670.75,124
2026-06-09T10:53:00.000Z,NQ,29670.25,29672.25,29665.75,29666.0,92
2026-06-09T10:54:00.000Z,NQ,29666.5,29698.75,29666.5,29682.25,973
2026-06-09T10:55:00.000Z,NQ,29682.5,29687.5,29679.25,29681.75,168
2026-06-09T10:56:00.000Z,NQ,29683.25,29684.25,29676.25,29680.25,63
2026-06-09T10:57:00.000Z,NQ,29678.25,29682.0,29675.75,29682.0,57
2026-06-09T10:58:00.000Z,NQ,29682.25,29687.75,29681.25,29687.75,62
2026-06-09T10:59:00.000Z,NQ,29686.5,29690.25,29682.25,29685.25,154
2026-06-09T11:00:00.000Z,NQ,29686.0,29703.0,29681.0,29699.75,400
2026-06-09T11:01:00.000Z,NQ,29700.25,29703.75,29690.5,29697.0,251
2026-06-09T11:02:00.000Z,NQ,29698.25,29698.75,29689.25,29694.0,99
2026-06-09T11:03:00.000Z,NQ,29695.0,29697.75,29688.75,29696.5,129
2026-06-09T11:04:00.000Z,NQ,29696.25,29696.25,29688.25,29689.25,83
2026-06-09T11:05:00.000Z,NQ,29691.0,29691.75,29684.75,29691.25,71
2026-06-09T11:06:00.000Z,NQ,29690.0,29690.0,29681.0,29685.25,88
2026-06-09T11:07:00.000Z,NQ,29685.25,29693.75,29682.75,29692.5,96
2026-06-09T11:08:00.000Z,NQ,29693.75,29705.0,29692.5,29702.75,244
2026-06-09T11:09:00.000Z,NQ,29701.75,29703.0,29697.5,29702.0,86
2026-06-09T11:10:00.000Z,NQ,29701.75,29701.75,29691.0,29697.25,99
2026-06-09T11:11:00.000Z,NQ,29696.25,29697.5,29692.5,29692.5,57
2026-06-09T11:12:00.000Z,NQ,29692.75,29696.25,29690.5,29690.5,128
2026-06-09T11:13:00.000Z,NQ,29691.75,29693.0,29689.0,29692.25,67
2026-06-09T11:14:00.000Z,NQ,29692.75,29698.75,29691.0,29698.75,153
2026-06-09T11:15:00.000Z,NQ,29699.0,29702.25,29697.25,29699.25,127
2026-06-09T11:16:00.000Z,NQ,29699.25,29700.5,29691.25,29693.0,154
2026-06-09T11:17:00.000Z,NQ,29692.0,29693.0,29683.25,29686.75,202
2026-06-09T11:18:00.000Z,NQ,29687.0,29687.0,29678.75,29685.75,147
2026-06-09T11:19:00.000Z,NQ,29687.25,29696.0,29686.25,29693.75,177
2026-06-09T11:20:00.000Z,NQ,29694.75,29695.0,29683.25,29685.75,82
2026-06-09T11:21:00.000Z,NQ,29683.75,29686.25,29679.75,29682.0,176
2026-06-09T11:22:00.000Z,NQ,29681.25,29682.75,29677.75,29680.75,72
2026-06-09T11:23:00.000Z,NQ,29681.25,29685.75,29673.0,29677.5,293
2026-06-09T11:24:00.000Z,NQ,29677.5,29682.25,29670.75,29673.5,168
2026-06-09T11:25:00.000Z,NQ,29673.25,29679.25,29672.0,29679.25,99
2026-06-09T11:26:00.000Z,NQ,29677.75,29683.75,29677.75,29682.25,72
2026-06-09T11:27:00.000Z,NQ,29681.75,29694.75,29681.5,29694.5,139
2026-06-09T11:28:00.000Z,NQ,29693.75,29694.75,29686.75,29689.25,100
2026-06-09T11:29:00.000Z,NQ,29690.0,29690.75,29684.75,29688.5,89
2026-06-09T11:30:00.000Z,NQ,29690.0,29693.75,29684.5,29692.0,79
2026-06-09T11:31:00.000Z,NQ,29693.0,29695.75,29690.0,29692.75,97
2026-06-09T11:32:00.000Z,NQ,29693.0,29700.75,29693.0,29700.75,129
2026-06-09T11:33:00.000Z,NQ,29698.75,29703.0,29696.5,29697.25,102
2026-06-09T11:34:00.000Z,NQ,29697.0,29707.25,29695.75,29703.0,195
2026-06-09T11:35:00.000Z,NQ,29703.5,29705.0,29697.75,29703.25,95
2026-06-09T11:36:00.000Z,NQ,29702.0,29702.0,29692.0,29694.0,105
2026-06-09T11:37:00.000Z,NQ,29693.5,29695.25,29687.75,29688.25,102
2026-06-09T11:38:00.000Z,NQ,29687.0,29693.5,29684.5,29691.5,112
2026-06-09T11:39:00.000Z,NQ,29692.0,29692.25,29686.75,29692.25,77
2026-06-09T11:40:00.000Z,NQ,29690.0,29705.5,29689.25,29705.0,165
2026-06-09T11:41:00.000Z,NQ,29706.0,29717.25,29705.5,29716.0,348
2026-06-09T11:42:00.000Z,NQ,29716.25,29717.0,29712.0,29717.0,134
2026-06-09T11:43:00.000Z,NQ,29716.5,29726.5,29712.0,29721.25,409
2026-06-09T11:44:00.000Z,NQ,29720.75,29727.5,29717.25,29717.75,441
2026-06-09T11:45:00.000Z,NQ,29717.5,29723.75,29717.5,29722.75,249
2026-06-09T11:46:00.000Z,NQ,29723.25,29724.0,29713.5,29715.75,173
2026-06-09T11:47:00.000Z,NQ,29716.5,29716.5,29708.25,29709.25,132
2026-06-09T11:48:00.000Z,NQ,29709.5,29711.25,29702.5,29708.75,225
2026-06-09T11:49:00.000Z,NQ,29709.25,29709.25,29693.25,29695.5,208
2026-06-09T11:50:00.000Z,NQ,29694.5,29704.5,29693.0,29703.75,216
2026-06-09T11:51:00.000Z,NQ,29703.25,29704.0,29698.5,29698.5,64
2026-06-09T11:52:00.000Z,NQ,29699.0,29700.5,29692.0,29696.25,84
2026-06-09T11:53:00.000Z,NQ,29697.0,29702.75,29695.5,29695.5,71
2026-06-09T11:54:00.000Z,NQ,29696.5,29696.5,29691.0,29692.75,116
2026-06-09T11:55:00.000Z,NQ,29691.5,29691.5,29684.5,29687.75,152
2026-06-09T11:56:00.000Z,NQ,29687.75,29692.25,29679.25,29682.0,206
2026-06-09T11:57:00.000Z,NQ,29683.0,29687.5,29681.0,29685.5,128
2026-06-09T11:58:00.000Z,NQ,29686.25,29689.5,29681.5,29684.25,106
2026-06-09T11:59:00.000Z,NQ,29684.0,29684.75,29680.5,29681.5,78
2026-06-09T12:00:00.000Z,NQ,29681.0,29686.25,29678.25,29681.75,146
2026-06-09T12:01:00.000Z,NQ,29680.5,29682.0,29675.75,29680.75,158
2026-06-09T12:02:00.000Z,NQ,29680.25,29691.0,29678.5,29690.0,227
2026-06-09T12:03:00.000Z,NQ,29689.5,29701.25,29688.5,29698.0,254
2026-06-09T12:04:00.000Z,NQ,29698.25,29700.75,29690.5,29693.75,152
2026-06-09T12:05:00.000Z,NQ,29693.25,29695.0,29676.5,29679.75,160
2026-06-09T12:06:00.000Z,NQ,29680.0,29685.0,29676.0,29684.25,195
2026-06-09T12:07:00.000Z,NQ,29683.5,29690.0,29678.75,29688.0,181
2026-06-09T12:08:00.000Z,NQ,29688.0,29690.5,29685.0,29687.25,82
2026-06-09T12:09:00.000Z,NQ,29688.0,29700.0,29688.0,29694.75,152
2026-06-09T12:10:00.000Z,NQ,29694.25,29696.25,29689.0,29691.25,80
2026-06-09T12:11:00.000Z,NQ,29690.75,29695.0,29689.75,29691.0,50
2026-06-09T12:12:00.000Z,NQ,29691.25,29695.5,29689.25,29695.5,53
2026-06-09T12:13:00.000Z,NQ,29694.5,29694.5,29681.5,29683.5,156
2026-06-09T12:14:00.000Z,NQ,29685.5,29686.0,29671.0,29673.5,291
2026-06-09T12:15:00.000Z,NQ,29673.25,29680.0,29672.0,29679.75,171
2026-06-09T12:16:00.000Z,NQ,29679.25,29680.75,29666.75,29673.5,145
2026-06-09T12:17:00.000Z,NQ,29672.25,29674.25,29666.75,29666.75,114
2026-06-09T12:18:00.000Z,NQ,29667.25,29673.0,29663.0,29673.0,207
2026-06-09T12:19:00.000Z,NQ,29672.0,29678.5,29666.5,29673.5,198
2026-06-09T12:20:00.000Z,NQ,29673.5,29678.5,29668.5,29671.75,87
2026-06-09T12:21:00.000Z,NQ,29673.0,29682.0,29671.0,29672.75,138
2026-06-09T12:22:00.000Z,NQ,29671.5,29676.75,29671.5,29675.25,97
2026-06-09T12:23:00.000Z,NQ,29675.0,29676.0,29654.0,29655.5,289
2026-06-09T12:24:00.000Z,NQ,29654.75,29661.25,29653.75,29660.75,232
2026-06-09T12:25:00.000Z,NQ,29660.0,29664.0,29652.25,29663.25,154
2026-06-09T12:26:00.000Z,NQ,29663.5,29673.5,29660.75,29670.75,249
2026-06-09T12:27:00.000Z,NQ,29670.75,29674.5,29667.25,29674.5,168
2026-06-09T12:28:00.000Z,NQ,29673.0,29675.5,29670.0,29673.0,123
2026-06-09T12:29:00.000Z,NQ,29674.25,29674.75,29668.0,29669.0,98
2026-06-09T12:30:00.000Z,NQ,29670.0,29693.5,29667.5,29691.75,405
2026-06-09T12:31:00.000Z,NQ,29691.5,29714.5,29691.25,29712.25,520
2026-06-09T12:32:00.000Z,NQ,29713.0,29725.0,29709.0,29725.0,471
2026-06-09T12:33:00.000Z,NQ,29724.75,29725.0,29714.0,29714.75,218
2026-06-09T12:34:00.000Z,NQ,29715.0,29721.5,29714.0,29720.25,179
2026-06-09T12:35:00.000Z,NQ,29720.75,29721.75,29714.5,29720.25,225
2026-06-09T12:36:00.000Z,NQ,29718.25,29730.25,29717.0,29729.25,526
2026-06-09T12:37:00.000Z,NQ,29728.75,29729.25,29722.0,29726.0,277
2026-06-09T12:38:00.000Z,NQ,29724.25,29724.5,29710.75,29713.0,223
2026-06-09T12:39:00.000Z,NQ,29713.25,29713.25,29707.0,29711.25,195
2026-06-09T12:40:00.000Z,NQ,29711.5,29715.5,29697.25,29699.0,271
2026-06-09T12:41:00.000Z,NQ,29698.5,29701.0,29694.25,29698.75,158
2026-06-09T12:42:00.000Z,NQ,29699.25,29702.5,29690.0,29693.0,353
2026-06-09T12:43:00.000Z,NQ,29692.5,29704.25,29690.75,29702.0,301
2026-06-09T12:44:00.000Z,NQ,29702.0,29705.25,29693.25,29696.25,246
2026-06-09T12:45:00.000Z,NQ,29695.5,29695.75,29672.5,29674.75,508
2026-06-09T12:46:00.000Z,NQ,29674.0,29680.25,29672.0,29675.75,249
2026-06-09T12:47:00.000Z,NQ,29675.5,29681.0,29669.75,29680.25,270
2026-06-09T12:48:00.000Z,NQ,29680.5,29687.25,29680.5,29686.0,246
2026-06-09T12:49:00.000Z,NQ,29685.5,29685.5,29679.25,29679.75,115
2026-06-09T12:50:00.000Z,NQ,29679.75,29688.25,29676.5,29681.5,221
2026-06-09T12:51:00.000Z,NQ,29681.25,29684.25,29674.25,29681.0,151
2026-06-09T12:52:00.000Z,NQ,29680.5,29684.5,29676.25,29684.5,141
2026-06-09T12:53:00.000Z,NQ,29684.75,29687.0,29678.5,29683.0,123
2026-06-09T12:54:00.000Z,NQ,29682.75,29690.75,29681.0,29688.25,226
2026-06-09T12:55:00.000Z,NQ,29688.0,29698.0,29686.25,29697.75,238
2026-06-09T12:56:00.000Z,NQ,29697.75,29701.5,29695.75,29700.5,177
2026-06-09T12:57:00.000Z,NQ,29700.5,29705.75,29697.75,29704.5,204
2026-06-09T12:58:00.000Z,NQ,29704.25,29717.0,29703.75,29714.5,206
2026-06-09T12:59:00.000Z,NQ,29715.0,29739.5,29713.5,29735.25,1098
2026-06-09T13:00:00.000Z,NQ,29735.75,29737.25,29719.25,29720.75,1181
2026-06-09T13:01:00.000Z,NQ,29721.0,29725.5,29711.5,29712.5,410
2026-06-09T13:02:00.000Z,NQ,29712.0,29738.0,29710.75,29733.75,657
2026-06-09T13:03:00.000Z,NQ,29731.25,29736.0,29722.75,29733.5,291
2026-06-09T13:04:00.000Z,NQ,29733.25,29733.25,29724.25,29726.25,172
2026-06-09T13:05:00.000Z,NQ,29726.25,29744.0,29725.5,29742.5,763
2026-06-09T13:06:00.000Z,NQ,29742.75,29747.25,29736.25,29746.0,716
2026-06-09T13:07:00.000Z,NQ,29744.25,29744.25,29725.75,29727.0,414
2026-06-09T13:08:00.000Z,NQ,29727.25,29740.25,29725.0,29736.0,270
2026-06-09T13:09:00.000Z,NQ,29735.0,29741.0,29734.0,29739.0,258
2026-06-09T13:10:00.000Z,NQ,29739.5,29739.5,29726.25,29728.75,180
2026-06-09T13:11:00.000Z,NQ,29728.25,29734.25,29727.75,29731.0,127
2026-06-09T13:12:00.000Z,NQ,29733.0,29734.5,29722.0,29723.25,236
2026-06-09T13:13:00.000Z,NQ,29723.0,29727.25,29715.0,29718.25,322
2026-06-09T13:14:00.000Z,NQ,29718.75,29718.75,29707.25,29713.25,233
2026-06-09T13:15:00.000Z,NQ,29713.75,29715.75,29706.0,29706.75,192
2026-06-09T13:16:00.000Z,NQ,29707.25,29711.0,29705.0,29708.75,310
2026-06-09T13:17:00.000Z,NQ,29708.75,29714.75,29702.0,29707.0,491
2026-06-09T13:18:00.000Z,NQ,29707.0,29707.0,29692.25,29693.75,405
2026-06-09T13:19:00.000Z,NQ,29693.5,29701.25,29693.25,29698.0,277
2026-06-09T13:20:00.000Z,NQ,29698.0,29720.25,29698.0,29711.5,546
2026-06-09T13:21:00.000Z,NQ,29711.0,29714.25,29708.5,29711.75,218
2026-06-09T13:22:00.000Z,NQ,29711.75,29718.25,29709.75,29716.75,161
2026-06-09T13:23:00.000Z,NQ,29715.5,29717.5,29708.25,29712.75,227
2026-06-09T13:24:00.000Z,NQ,29712.5,29716.5,29708.5,29712.25,290
2026-06-09T13:25:00.000Z,NQ,29713.0,29722.25,29704.5,29708.75,1285
2026-06-09T13:26:00.000Z,NQ,29707.25,29712.5,29698.25,29708.0,1750
2026-06-09T13:27:00.000Z,NQ,29707.0,29724.25,29705.0,29720.25,787
2026-06-09T13:28:00.000Z,NQ,29721.0,29728.0,29716.5,29720.5,534
2026-06-09T13:29:00.000Z,NQ,29720.0,29741.0,29719.0,29736.75,1525
2026-06-09T13:30:00.000Z,NQ,29737.0,29748.0,29694.25,29727.75,6604
2026-06-09T13:31:00.000Z,NQ,29727.5,29736.0,29683.0,29688.75,3338
2026-06-09T13:32:00.000Z,NQ,29688.0,29700.0,29662.75,29684.5,3879
2026-06-09T13:33:00.000Z,NQ,29686.25,29691.75,29653.75,29654.75,2182
2026-06-09T13:34:00.000Z,NQ,29654.75,29660.0,29633.25,29649.75,2945
2026-06-09T13:35:00.000Z,NQ,29650.75,29709.75,29647.75,29709.5,3329
2026-06-09T13:36:00.000Z,NQ,29708.25,29723.75,29693.75,29717.5,2778
2026-06-09T13:37:00.000Z,NQ,29717.5,29731.0,29712.75,29720.25,2150
2026-06-09T13:38:00.000Z,NQ,29719.0,29727.25,29692.75,29695.5,1989
2026-06-09T13:39:00.000Z,NQ,29695.75,29704.75,29680.5,29686.0,2228
2026-06-09T13:40:00.000Z,NQ,29686.5,29695.25,29659.0,29671.25,3056
2026-06-09T13:41:00.000Z,NQ,29672.0,29688.75,29659.5,29687.0,1860
2026-06-09T13:42:00.000Z,NQ,29686.0,29727.0,29681.5,29723.25,2441
2026-06-09T13:43:00.000Z,NQ,29723.0,29757.25,29721.5,29750.75,3416
2026-06-09T13:44:00.000Z,NQ,29750.25,29769.5,29748.5,29767.0,2664
2026-06-09T13:45:00.000Z,NQ,29766.5,29785.5,29760.0,29784.0,3165
2026-06-09T13:46:00.000Z,NQ,29784.0,29800.75,29780.25,29799.5,3077
2026-06-09T13:47:00.000Z,NQ,29799.5,29828.25,29797.5,29826.5,3249
2026-06-09T13:48:00.000Z,NQ,29827.0,29834.75,29811.75,29829.75,2730
2026-06-09T13:49:00.000Z,NQ,29829.75,29846.75,29826.0,29843.25,2637
2026-06-09T13:50:00.000Z,NQ,29844.25,29848.25,29805.25,29806.25,3478
2026-06-09T13:51:00.000Z,NQ,29806.25,29818.75,29786.25,29792.0,3098
2026-06-09T13:52:00.000Z,NQ,29791.75,29816.5,29787.5,29799.75,1893
2026-06-09T13:53:00.000Z,NQ,29800.5,29802.5,29771.0,29774.0,1873
2026-06-09T13:54:00.000Z,NQ,29773.5,29783.75,29726.0,29732.25,2853
2026-06-09T13:55:00.000Z,NQ,29730.5,29746.25,29699.75,29717.75,3264
2026-06-09T13:56:00.000Z,NQ,29718.5,29733.75,29704.5,29713.75,2452
2026-06-09T13:57:00.000Z,NQ,29713.75,29715.0,29682.0,29691.75,2511
2026-06-09T13:58:00.000Z,NQ,29691.75,29719.0,29691.0,29705.0,2213
2026-06-09T13:59:00.000Z,NQ,29706.25,29709.25,29663.25,29672.75,1979
2026-06-09T14:00:00.000Z,NQ,29672.75,29673.0,29626.25,29656.25,4581
2026-06-09T14:01:00.000Z,NQ,29655.25,29701.0,29655.0,29696.5,3427
2026-06-09T14:02:00.000Z,NQ,29696.5,29712.0,29685.5,29695.5,2257
2026-06-09T14:03:00.000Z,NQ,29694.75,29707.0,29684.25,29686.0,2020
2026-06-09T14:04:00.000Z,NQ,29685.5,29685.5,29648.25,29664.0,2851
2026-06-09T14:05:00.000Z,NQ,29664.0,29702.5,29652.0,29695.5,2585
2026-06-09T14:06:00.000Z,NQ,29694.75,29697.5,29660.75,29666.0,1890
2026-06-09T14:07:00.000Z,NQ,29667.0,29676.5,29642.0,29657.5,2340
2026-06-09T14:08:00.000Z,NQ,29657.0,29681.75,29644.0,29672.25,2313
2026-06-09T14:09:00.000Z,NQ,29671.75,29673.25,29624.0,29630.75,2694
2026-06-09T14:10:00.000Z,NQ,29631.25,29632.5,29559.25,29566.0,4314
2026-06-09T14:11:00.000Z,NQ,29565.0,29578.5,29540.5,29550.0,3275
2026-06-09T14:12:00.000Z,NQ,29551.25,29577.75,29543.75,29555.0,3094
2026-06-09T14:13:00.000Z,NQ,29555.75,29556.5,29492.25,29502.5,3638
2026-06-09T14:14:00.000Z,NQ,29502.0,29515.0,29484.5,29491.0,3162
2026-06-09T14:15:00.000Z,NQ,29491.5,29514.0,29466.75,29468.75,4151
2026-06-09T14:16:00.000Z,NQ,29469.25,29479.0,29444.0,29449.0,3782
2026-06-09T14:17:00.000Z,NQ,29447.5,29450.75,29386.25,29396.0,4108
2026-06-09T14:18:00.000Z,NQ,29396.5,29411.0,29366.75,29378.25,3933
2026-06-09T14:19:00.000Z,NQ,29377.75,29417.25,29373.25,29411.75,4134
2026-06-09T14:20:00.000Z,NQ,29413.0,29413.0,29365.0,29386.75,3408
2026-06-09T14:21:00.000Z,NQ,29384.75,29399.75,29366.25,29390.75,2299
2026-06-09T14:22:00.000Z,NQ,29392.75,29456.0,29387.5,29451.75,3797
2026-06-09T14:23:00.000Z,NQ,29452.0,29471.0,29434.25,29467.0,3399
2026-06-09T14:24:00.000Z,NQ,29466.25,29507.0,29458.5,29504.5,3623
2026-06-09T14:25:00.000Z,NQ,29503.5,29526.25,29481.75,29508.75,3611
2026-06-09T14:26:00.000Z,NQ,29508.5,29520.75,29461.75,29466.0,2853
2026-06-09T14:27:00.000Z,NQ,29466.25,29500.75,29445.5,29489.25,3063
2026-06-09T14:28:00.000Z,NQ,29489.75,29506.25,29458.25,29461.0,2372
2026-06-09T14:29:00.000Z,NQ,29459.75,29470.25,29425.75,29444.0,3065
2026-06-09T14:30:00.000Z,NQ,29444.0,29446.0,29389.75,29391.5,3769
2026-06-09T14:31:00.000Z,NQ,29391.0,29407.0,29382.0,29389.75,2975
2026-06-09T14:32:00.000Z,NQ,29389.25,29464.0,29381.75,29455.0,3434
2026-06-09T14:33:00.000Z,NQ,29456.5,29460.75,29414.75,29432.5,2714
2026-06-09T14:34:00.000Z,NQ,29430.75,29453.25,29424.25,29438.25,1993
2026-06-09T14:35:00.000Z,NQ,29438.5,29443.0,29403.75,29409.5,2570
2026-06-09T14:36:00.000Z,NQ,29409.75,29439.0,29396.5,29432.75,2363
2026-06-09T14:37:00.000Z,NQ,29432.75,29484.5,29426.5,29483.75,3171
2026-06-09T14:38:00.000Z,NQ,29483.25,29487.5,29425.0,29440.75,2912
2026-06-09T14:39:00.000Z,NQ,29440.5,29444.0,29417.25,29439.0,1783
2026-06-09T14:40:00.000Z,NQ,29439.5,29466.0,29426.75,29465.25,2327
2026-06-09T14:41:00.000Z,NQ,29465.5,29468.75,29428.5,29445.75,1749
2026-06-09T14:42:00.000Z,NQ,29448.75,29454.0,29404.0,29407.75,1713
2026-06-09T14:43:00.000Z,NQ,29410.0,29411.5,29334.75,29341.0,3088
2026-06-09T14:44:00.000Z,NQ,29339.75,29347.75,29271.25,29286.25,5496
2026-06-09T14:45:00.000Z,NQ,29287.25,29314.5,29260.25,29269.25,3779
2026-06-09T14:46:00.000Z,NQ,29268.25,29270.75,29205.25,29207.25,4688
2026-06-09T14:47:00.000Z,NQ,29209.25,29221.5,29155.5,29162.25,4446
2026-06-09T14:48:00.000Z,NQ,29162.5,29177.75,29100.0,29116.25,5916
2026-06-09T14:49:00.000Z,NQ,29115.75,29135.0,29096.75,29115.75,3694
2026-06-09T14:50:00.000Z,NQ,29112.25,29128.0,29083.75,29116.5,3420
2026-06-09T14:51:00.000Z,NQ,29117.25,29172.75,29109.25,29172.75,3915
2026-06-09T14:52:00.000Z,NQ,29172.0,29191.0,29145.25,29146.75,3564
2026-06-09T14:53:00.000Z,NQ,29147.0,29153.25,29116.75,29145.0,2954
2026-06-09T14:54:00.000Z,NQ,29144.5,29202.75,29137.5,29200.25,3041
2026-06-09T14:55:00.000Z,NQ,29201.0,29223.0,29181.0,29184.75,2564
2026-06-09T14:56:00.000Z,NQ,29185.75,29200.0,29134.5,29134.5,2602
2026-06-09T14:57:00.000Z,NQ,29134.25,29202.75,29133.25,29186.5,2115
2026-06-09T14:58:00.000Z,NQ,29186.25,29232.0,29184.75,29212.0,2150
2026-06-09T14:59:00.000Z,NQ,29211.0,29241.25,29201.25,29239.75,1947
2026-06-09T15:00:00.000Z,NQ,29242.0,29258.0,29213.25,29233.5,3055
2026-06-09T15:01:00.000Z,NQ,29233.25,29240.0,29192.25,29209.0,2271
2026-06-09T15:02:00.000Z,NQ,29208.25,29208.75,29176.75,29184.25,1622
2026-06-09T15:03:00.000Z,NQ,29185.25,29244.0,29182.0,29222.5,1968
2026-06-09T15:04:00.000Z,NQ,29222.25,29226.0,29182.0,29183.75,1416
2026-06-09T15:05:00.000Z,NQ,29183.25,29192.25,29143.5,29146.0,1917
2026-06-09T15:06:00.000Z,NQ,29146.25,29214.0,29143.75,29190.25,2200
2026-06-09T15:07:00.000Z,NQ,29187.75,29212.5,29181.25,29209.25,1664
2026-06-09T15:08:00.000Z,NQ,29208.0,29227.5,29196.75,29226.75,1397
2026-06-09T15:09:00.000Z,NQ,29225.5,29274.0,29223.0,29269.0,1956
2026-06-09T15:10:00.000Z,NQ,29269.25,29302.0,29269.0,29289.25,2257
2026-06-09T15:11:00.000Z,NQ,29289.75,29292.0,29260.75,29263.25,1643
2026-06-09T15:12:00.000Z,NQ,29263.0,29263.0,29203.25,29212.75,1894
2026-06-09T15:13:00.000Z,NQ,29212.25,29271.0,29210.5,29269.0,1591
2026-06-09T15:14:00.000Z,NQ,29268.75,29269.25,29242.5,29243.5,1298
2026-06-09T15:15:00.000Z,NQ,29243.75,29254.5,29207.25,29219.75,1479
2026-06-09T15:16:00.000Z,NQ,29218.75,29226.25,29188.25,29190.25,1513
2026-06-09T15:17:00.000Z,NQ,29189.75,29200.75,29166.25,29174.25,2285
2026-06-09T15:18:00.000Z,NQ,29174.75,29209.0,29173.25,29177.25,1725
2026-06-09T15:19:00.000Z,NQ,29176.0,29182.25,29160.0,29164.75,1401
2026-06-09T15:20:00.000Z,NQ,29163.5,29194.0,29155.75,29177.75,1471
2026-06-09T15:21:00.000Z,NQ,29179.0,29183.5,29156.75,29157.75,1144
2026-06-09T15:22:00.000Z,NQ,29158.5,29159.5,29095.0,29099.75,2326
2026-06-09T15:23:00.000Z,NQ,29099.25,29126.75,29051.5,29053.25,3432
2026-06-09T15:24:00.000Z,NQ,29054.25,29063.75,29013.75,29018.25,3621
2026-06-09T15:25:00.000Z,NQ,29018.0,29034.0,29001.0,29004.25,3042
2026-06-09T15:26:00.000Z,NQ,29004.75,29010.75,28953.5,28955.0,3332
2026-06-09T15:27:00.000Z,NQ,28955.25,28965.5,28932.25,28940.5,2787
2026-06-09T15:28:00.000Z,NQ,28940.5,28940.75,28888.0,28901.0,2892
2026-06-09T15:29:00.000Z,NQ,28900.0,28903.5,28848.5,28859.25,3512
2026-06-09T15:30:00.000Z,NQ,28861.25,28910.0,28858.5,28889.5,4563
2026-06-09T15:31:00.000Z,NQ,28887.0,28896.0,28830.75,28841.0,3264
2026-06-09T15:32:00.000Z,NQ,28843.0,28886.75,28836.0,28843.5,3004
2026-06-09T15:33:00.000Z,NQ,28843.5,28876.75,28840.5,28857.25,2109
2026-06-09T15:34:00.000Z,NQ,28857.75,28883.25,28828.25,28853.5,2921
2026-06-09T15:35:00.000Z,NQ,28854.0,28880.0,28818.25,28870.75,3049
2026-06-09T15:36:00.000Z,NQ,28869.75,28878.75,28835.75,28857.5,3078
2026-06-09T15:37:00.000Z,NQ,28858.5,28870.0,28836.5,28851.75,2046
2026-06-09T15:38:00.000Z,NQ,28852.25,28854.25,28809.75,28818.75,2250
2026-06-09T15:39:00.000Z,NQ,28818.75,28888.0,28813.5,28873.5,3085
2026-06-09T15:40:00.000Z,NQ,28872.75,28920.5,28865.0,28872.0,3060
2026-06-09T15:41:00.000Z,NQ,28872.5,28916.25,28862.0,28915.0,2176
2026-06-09T15:42:00.000Z,NQ,28912.75,28944.25,28902.0,28942.5,2341
2026-06-09T15:43:00.000Z,NQ,28942.25,28942.25,28900.0,28910.5,1940
2026-06-09T15:44:00.000Z,NQ,28911.5,28915.5,28880.75,28902.75,2144
2026-06-09T15:45:00.000Z,NQ,28903.75,28921.25,28889.0,28896.5,1767
2026-06-09T15:46:00.000Z,NQ,28896.0,28925.5,28894.0,28914.75,1474
2026-06-09T15:47:00.000Z,NQ,28916.0,28932.5,28894.5,28901.0,1739
2026-06-09T15:48:00.000Z,NQ,28900.75,28926.25,28897.25,28924.25,1720
2026-06-09T15:49:00.000Z,NQ,28925.0,28931.0,28901.0,28923.0,1305
2026-06-09T15:50:00.000Z,NQ,28921.75,28925.0,28871.5,28886.5,2116
2026-06-09T15:51:00.000Z,NQ,28885.5,28959.5,28867.0,28954.75,2630
2026-06-09T15:52:00.000Z,NQ,28954.0,28972.0,28909.75,28910.5,2440
2026-06-09T15:53:00.000Z,NQ,28911.75,28937.0,28888.0,28908.5,2026
2026-06-09T15:54:00.000Z,NQ,28908.5,28910.75,28847.75,28851.5,2250
2026-06-09T15:55:00.000Z,NQ,28852.5,28862.25,28803.0,28806.25,2517
2026-06-09T15:56:00.000Z,NQ,28806.0,28846.25,28761.5,28765.25,3944
2026-06-09T15:57:00.000Z,NQ,28765.0,28765.25,28694.5,28698.0,5127
2026-06-09T15:58:00.000Z,NQ,28699.25,28722.0,28681.5,28694.75,3356
2026-06-09T15:59:00.000Z,NQ,28694.75,28721.0,28691.75,28695.25,2369
2026-06-09T16:00:00.000Z,NQ,28696.0,28747.5,28692.0,28741.75,3426
2026-06-09T16:01:00.000Z,NQ,28741.5,28763.5,28706.0,28761.0,3003
2026-06-09T16:02:00.000Z,NQ,28762.0,28787.5,28730.0,28730.0,2948
2026-06-09T16:03:00.000Z,NQ,28730.5,28762.0,28722.5,28741.5,1891
2026-06-09T16:04:00.000Z,NQ,28743.0,28752.0,28720.0,28720.0,1408
2026-06-09T16:05:00.000Z,NQ,28720.0,28727.25,28670.0,28671.0,2849
2026-06-09T16:06:00.000Z,NQ,28670.0,28702.5,28641.5,28693.0,3578
2026-06-09T16:07:00.000Z,NQ,28692.25,28710.0,28646.25,28654.75,3022
2026-06-09T16:08:00.000Z,NQ,28654.0,28658.0,28600.25,28603.5,3323
2026-06-09T16:09:00.000Z,NQ,28603.0,28623.75,28575.0,28608.75,3461
2026-06-09T16:10:00.000Z,NQ,28607.0,28640.0,28581.0,28598.25,2984
2026-06-09T16:11:00.000Z,NQ,28597.5,28658.75,28586.25,28657.25,2824
2026-06-09T16:12:00.000Z,NQ,28656.25,28668.75,28625.75,28628.0,2449
2026-06-09T16:13:00.000Z,NQ,28627.25,28649.0,28609.25,28640.25,2019
2026-06-09T16:14:00.000Z,NQ,28638.25,28638.25,28605.5,28621.75,1847
2026-06-09T16:15:00.000Z,NQ,28621.75,28627.75,28558.25,28562.75,3079
2026-06-09T16:16:00.000Z,NQ,28562.0,28562.25,28516.0,28528.0,3727
2026-06-09T16:17:00.000Z,NQ,28529.0,28537.0,28490.25,28495.5,4644
2026-06-09T16:18:00.000Z,NQ,28495.75,28533.75,28494.75,28503.25,3885
2026-06-09T16:19:00.000Z,NQ,28503.5,28503.5,28430.75,28447.25,4920
2026-06-09T16:20:00.000Z,NQ,28446.0,28456.5,28404.25,28429.5,4279
2026-06-09T16:21:00.000Z,NQ,28431.0,28495.5,28427.0,28488.75,3216
2026-06-09T16:22:00.000Z,NQ,28490.25,28522.0,28465.5,28505.75,2976
2026-06-09T16:23:00.000Z,NQ,28505.0,28510.75,28464.5,28476.5,2748
2026-06-09T16:24:00.000Z,NQ,28475.75,28542.5,28471.75,28538.25,2976
2026-06-09T16:25:00.000Z,NQ,28537.75,28581.25,28529.25,28560.0,3324
2026-06-09T16:26:00.000Z,NQ,28561.5,28570.0,28508.0,28513.0,2802
2026-06-09T16:27:00.000Z,NQ,28515.25,28530.0,28490.5,28502.5,2412
2026-06-09T16:28:00.000Z,NQ,28503.25,28541.5,28493.25,28517.5,2054
2026-06-09T16:29:00.000Z,NQ,28517.25,28541.25,28507.25,28523.5,1860
2026-06-09T16:30:00.000Z,NQ,28522.5,28522.5,28451.0,28462.25,3669
2026-06-09T16:31:00.000Z,NQ,28462.75,28529.0,28445.0,28503.0,3103
2026-06-09T16:32:00.000Z,NQ,28503.75,28572.0,28497.5,28562.5,3701
2026-06-09T16:33:00.000Z,NQ,28562.25,28570.0,28513.5,28517.25,2362
2026-06-09T16:34:00.000Z,NQ,28518.75,28535.0,28480.75,28486.25,2503
2026-06-09T16:35:00.000Z,NQ,28486.75,28545.5,28478.0,28535.0,2646
2026-06-09T16:36:00.000Z,NQ,28534.25,28552.75,28519.0,28535.0,2162
2026-06-09T16:37:00.000Z,NQ,28536.0,28543.5,28483.0,28500.5,2385
2026-06-09T16:38:00.000Z,NQ,28501.25,28504.75,28284.75,28317.5,5965
2026-06-09T16:39:00.000Z,NQ,28319.0,28348.5,28246.25,28268.0,4026
2026-06-09T16:40:00.000Z,NQ,28268.25,28274.5,28227.75,28256.25,3813
2026-06-09T16:41:00.000Z,NQ,28257.25,28338.0,28249.75,28279.75,3219
2026-06-09T16:42:00.000Z,NQ,28280.25,28331.75,28278.25,28311.75,2575
2026-06-09T16:43:00.000Z,NQ,28313.5,28394.5,28299.5,28377.25,3411
2026-06-09T16:44:00.000Z,NQ,28377.25,28379.5,28337.25,28375.5,2721
2026-06-09T16:45:00.000Z,NQ,28375.25,28434.25,28365.5,28414.5,3574
2026-06-09T16:46:00.000Z,NQ,28415.0,28420.25,28320.75,28322.75,2943
2026-06-09T16:47:00.000Z,NQ,28321.5,28380.75,28318.25,28373.0,2381
2026-06-09T16:48:00.000Z,NQ,28372.75,28374.25,28324.0,28324.0,2997
2026-06-09T16:49:00.000Z,NQ,28325.0,28374.25,28316.25,28367.75,2073
2026-06-09T16:50:00.000Z,NQ,28367.75,28384.0,28337.25,28339.25,2522
2026-06-09T16:51:00.000Z,NQ,28340.25,28388.0,28325.0,28363.75,1872
2026-06-09T16:52:00.000Z,NQ,28367.75,28377.0,28308.75,28312.25,1754
2026-06-09T16:53:00.000Z,NQ,28312.75,28348.25,28292.5,28337.75,2189
2026-06-09T16:54:00.000Z,NQ,28337.5,28337.5,28282.75,28286.5,1531
2026-06-09T16:55:00.000Z,NQ,28286.75,28351.75,28279.0,28345.75,1859
2026-06-09T16:56:00.000Z,NQ,28345.75,28357.0,28317.25,28331.25,1973
2026-06-09T16:57:00.000Z,NQ,28331.0,28369.25,28326.0,28343.75,2355
2026-06-09T16:58:00.000Z,NQ,28342.75,28427.5,28332.75,28426.0,2253
2026-06-09T16:59:00.000Z,NQ,28425.5,28487.75,28424.75,28480.0,2411
2026-06-09T17:00:00.000Z,NQ,28480.25,28522.0,28476.0,28516.25,2474
2026-06-09T17:01:00.000Z,NQ,28516.25,28523.5,28462.5,28484.0,2032
2026-06-09T17:02:00.000Z,NQ,28484.25,28575.0,28481.25,28567.25,2678
2026-06-09T17:03:00.000Z,NQ,28565.75,28610.0,28551.25,28601.5,2744
2026-06-09T17:04:00.000Z,NQ,28601.25,28640.5,28591.25,28624.75,2857
2026-06-09T17:05:00.000Z,NQ,28623.5,28643.75,28590.25,28614.25,2697
2026-06-09T17:06:00.000Z,NQ,28615.5,28628.0,28585.0,28592.75,2539
2026-06-09T17:07:00.000Z,NQ,28592.0,28612.0,28579.0,28588.75,1875
2026-06-09T17:08:00.000Z,NQ,28591.0,28599.5,28563.5,28567.5,1969
2026-06-09T17:09:00.000Z,NQ,28567.5,28619.0,28556.25,28612.75,1645
2026-06-09T17:10:00.000Z,NQ,28610.0,28613.75,28550.0,28560.25,2126
2026-06-09T17:11:00.000Z,NQ,28561.25,28620.5,28561.25,28617.5,1447
2026-06-09T17:12:00.000Z,NQ,28619.5,28621.75,28586.75,28594.0,1410
2026-06-09T17:13:00.000Z,NQ,28595.25,28627.5,28581.5,28617.5,1156
2026-06-09T17:14:00.000Z,NQ,28618.25,28674.5,28610.0,28650.0,3087
2026-06-09T17:15:00.000Z,NQ,28650.0,28650.0,28612.25,28615.25,2106
2026-06-09T17:16:00.000Z,NQ,28616.0,28654.0,28606.25,28651.75,1665
2026-06-09T17:17:00.000Z,NQ,28651.0,28698.25,28642.0,28695.25,2243
2026-06-09T17:18:00.000Z,NQ,28694.0,28716.25,28688.5,28712.5,2522
2026-06-09T17:19:00.000Z,NQ,28712.75,28730.5,28705.25,28723.5,2101
2026-06-09T17:20:00.000Z,NQ,28723.0,28753.0,28713.0,28749.25,3533
2026-06-09T17:21:00.000Z,NQ,28749.75,28780.5,28741.25,28776.75,2170
2026-06-09T17:22:00.000Z,NQ,28776.75,28787.25,28731.5,28734.25,2428
2026-06-09T17:23:00.000Z,NQ,28734.5,28749.25,28693.0,28695.75,2832
2026-06-09T17:24:00.000Z,NQ,28695.75,28731.75,28673.0,28728.25,2617
2026-06-09T17:25:00.000Z,NQ,28726.5,28727.5,28689.5,28690.5,1587
2026-06-09T17:26:00.000Z,NQ,28691.75,28732.75,28690.0,28711.0,1546
2026-06-09T17:27:00.000Z,NQ,28711.25,28758.25,28708.0,28753.25,1551
2026-06-09T17:28:00.000Z,NQ,28752.75,28778.25,28745.25,28763.75,1912
2026-06-09T17:29:00.000Z,NQ,28763.75,28774.5,28729.5,28743.25,1632
2026-06-09T17:30:00.000Z,NQ,28743.5,28766.0,28721.5,28724.75,1946
2026-06-09T17:31:00.000Z,NQ,28724.5,28748.75,28708.0,28744.75,1912
2026-06-09T17:32:00.000Z,NQ,28744.5,28763.25,28733.5,28748.75,1194
2026-06-09T17:33:00.000Z,NQ,28749.5,28791.5,28746.5,28786.25,1647
2026-06-09T17:34:00.000Z,NQ,28787.75,28805.5,28782.75,28801.5,1782
2026-06-09T17:35:00.000Z,NQ,28802.5,28806.0,28757.75,28777.5,1888
2026-06-09T17:36:00.000Z,NQ,28777.25,28809.0,28775.0,28807.0,1520
2026-06-09T17:37:00.000Z,NQ,28807.75,28841.0,28803.5,28836.0,2118
2026-06-09T17:38:00.000Z,NQ,28836.0,28850.0,28825.0,28837.5,1512
2026-06-09T17:39:00.000Z,NQ,28837.5,28839.5,28807.75,28822.25,1630
2026-06-09T17:40:00.000Z,NQ,28821.75,28850.25,28806.5,28846.0,1533
2026-06-09T17:41:00.000Z,NQ,28845.5,28884.75,28842.75,28877.75,1880
2026-06-09T17:42:00.000Z,NQ,28877.5,28893.75,28859.0,28890.25,1629
2026-06-09T17:43:00.000Z,NQ,28889.5,28924.5,28889.0,28897.75,2298
2026-06-09T17:44:00.000Z,NQ,28897.0,28914.25,28863.75,28866.0,2605
2026-06-09T17:45:00.000Z,NQ,28867.25,28884.5,28842.5,28849.0,2083
2026-06-09T17:46:00.000Z,NQ,28848.25,28852.5,28787.25,28788.5,2598
2026-06-09T17:47:00.000Z,NQ,28789.25,28799.0,28751.75,28754.75,2489
2026-06-09T17:48:00.000Z,NQ,28754.5,28771.75,28732.25,28734.0,2540
2026-06-09T17:49:00.000Z,NQ,28735.25,28753.25,28714.25,28732.5,2192
2026-06-09T17:50:00.000Z,NQ,28733.25,28786.25,28731.25,28786.25,2430
2026-06-09T17:51:00.000Z,NQ,28786.0,28852.25,28774.5,28846.75,2674
2026-06-09T17:52:00.000Z,NQ,28846.75,28846.75,28809.25,28824.25,1845
2026-06-09T17:53:00.000Z,NQ,28822.75,28825.5,28762.75,28787.75,1843
2026-06-09T17:54:00.000Z,NQ,28789.25,28810.25,28780.5,28808.5,1505
2026-06-09T17:55:00.000Z,NQ,28809.75,28861.5,28802.25,28846.0,2127
2026-06-09T17:56:00.000Z,NQ,28845.5,28845.5,28817.75,28832.0,1399
2026-06-09T17:57:00.000Z,NQ,28832.25,28865.5,28824.0,28849.25,1278
2026-06-09T17:58:00.000Z,NQ,28848.0,28864.5,28842.75,28859.0,995
2026-06-09T17:59:00.000Z,NQ,28857.75,28860.0,28822.75,28832.5,1297
2026-06-09T18:00:00.000Z,NQ,28831.5,28860.0,28820.25,28852.0,1577
2026-06-09T18:01:00.000Z,NQ,28852.75,28866.25,28830.75,28839.5,1246
2026-06-09T18:02:00.000Z,NQ,28840.75,28852.75,28829.25,28835.25,992
2026-06-09T18:03:00.000Z,NQ,28834.0,28838.25,28784.75,28802.5,1797
2026-06-09T18:04:00.000Z,NQ,28802.5,28827.75,28796.0,28818.5,1184
2026-06-09T18:05:00.000Z,NQ,28819.5,28839.75,28810.0,28835.75,1060
2026-06-09T18:06:00.000Z,NQ,28834.75,28836.5,28803.5,28818.5,1130
2026-06-09T18:07:00.000Z,NQ,28820.25,28866.75,28818.25,28865.75,1453
2026-06-09T18:08:00.000Z,NQ,28866.25,28885.0,28848.5,28882.0,1762
2026-06-09T18:09:00.000Z,NQ,28881.75,28887.5,28855.75,28876.75,1330
2026-06-09T18:10:00.000Z,NQ,28877.75,28878.5,28833.25,28843.25,2193
2026-06-09T18:11:00.000Z,NQ,28843.5,28856.75,28818.75,28849.0,1465
2026-06-09T18:12:00.000Z,NQ,28849.0,28869.5,28842.5,28851.75,1096
2026-06-09T18:13:00.000Z,NQ,28852.5,28854.5,28835.0,28843.0,916
2026-06-09T18:14:00.000Z,NQ,28841.75,28878.0,28841.75,28862.25,957
2026-06-09T18:15:00.000Z,NQ,28861.75,28863.75,28840.75,28859.75,1195
2026-06-09T18:16:00.000Z,NQ,28862.25,28863.75,28823.0,28831.75,1105
2026-06-09T18:17:00.000Z,NQ,28832.75,28883.0,28823.0,28854.25,1860
2026-06-09T18:18:00.000Z,NQ,28853.0,28916.75,28852.0,28915.25,1578
2026-06-09T18:19:00.000Z,NQ,28916.75,28940.75,28887.25,28936.5,1692
2026-06-09T18:20:00.000Z,NQ,28937.25,28960.25,28902.5,28911.0,3049
2026-06-09T18:21:00.000Z,NQ,28911.75,28934.0,28898.75,28915.5,1163
2026-06-09T18:22:00.000Z,NQ,28915.25,28957.75,28906.0,28956.0,1108
2026-06-09T18:23:00.000Z,NQ,28954.75,28967.75,28932.0,28965.25,1095
2026-06-09T18:24:00.000Z,NQ,28965.0,28980.0,28952.0,28970.5,1179
2026-06-09T18:25:00.000Z,NQ,28969.25,28971.0,28928.75,28932.0,1278
2026-06-09T18:26:00.000Z,NQ,28932.25,28939.25,28896.5,28901.5,1090
2026-06-09T18:27:00.000Z,NQ,28901.25,28953.25,28899.75,28952.25,906
2026-06-09T18:28:00.000Z,NQ,28953.75,28966.75,28931.0,28963.5,897
2026-06-09T18:29:00.000Z,NQ,28964.25,28974.5,28956.0,28972.75,913
2026-06-09T18:30:00.000Z,NQ,28973.25,29047.0,28967.0,29023.75,2983
2026-06-09T18:31:00.000Z,NQ,29022.75,29037.0,29013.0,29021.0,1319
2026-06-09T18:32:00.000Z,NQ,29019.5,29020.75,28967.75,28972.75,1661
2026-06-09T18:33:00.000Z,NQ,28971.5,29009.0,28971.5,29004.5,993
2026-06-09T18:34:00.000Z,NQ,29003.25,29019.5,28990.5,29004.5,795
2026-06-09T18:35:00.000Z,NQ,29004.5,29016.75,28984.0,28985.5,667
2026-06-09T18:36:00.000Z,NQ,28985.0,29030.75,28983.75,29027.25,1042
2026-06-09T18:37:00.000Z,NQ,29029.0,29038.0,29004.0,29020.5,861
2026-06-09T18:38:00.000Z,NQ,29019.75,29032.5,29010.0,29021.25,601
2026-06-09T18:39:00.000Z,NQ,29020.75,29033.0,29009.5,29012.75,697
2026-06-09T18:40:00.000Z,NQ,29014.0,29016.75,28996.25,28999.75,1128
2026-06-09T18:41:00.000Z,NQ,29000.5,29002.0,28966.25,28979.75,1372
2026-06-09T18:42:00.000Z,NQ,28980.25,28991.75,28961.75,28967.5,1120
2026-06-09T18:43:00.000Z,NQ,28967.0,28975.5,28948.25,28965.25,987
2026-06-09T18:44:00.000Z,NQ,28965.25,28972.0,28912.25,28921.75,1431
2026-06-09T18:45:00.000Z,NQ,28922.5,28953.5,28916.0,28943.25,1158
2026-06-09T18:46:00.000Z,NQ,28943.25,28949.75,28925.75,28935.25,797
2026-06-09T18:47:00.000Z,NQ,28935.5,28979.5,28933.0,28956.25,1101
2026-06-09T18:48:00.000Z,NQ,28953.75,28981.5,28953.25,28965.0,941
2026-06-09T18:49:00.000Z,NQ,28966.5,28979.5,28954.75,28979.25,687
2026-06-09T18:50:00.000Z,NQ,28979.75,28981.0,28954.0,28957.75,690
2026-06-09T18:51:00.000Z,NQ,28957.75,28978.25,28951.0,28970.25,843
2026-06-09T18:52:00.000Z,NQ,28971.25,29018.5,28966.25,29005.75,1147
2026-06-09T18:53:00.000Z,NQ,29005.0,29021.75,28998.75,29010.5,852
2026-06-09T18:54:00.000Z,NQ,29011.0,29015.5,28975.5,28983.25,1124
2026-06-09T18:55:00.000Z,NQ,28982.75,29007.25,28978.75,28995.75,916
2026-06-09T18:56:00.000Z,NQ,28995.5,29034.5,28985.75,29034.5,1004
2026-06-09T18:57:00.000Z,NQ,29032.5,29061.5,29031.75,29057.75,2514
2026-06-09T18:58:00.000Z,NQ,29057.5,29088.0,29052.25,29077.25,2227
2026-06-09T18:59:00.000Z,NQ,29077.75,29091.25,29063.0,29065.75,1400
2026-06-09T19:00:00.000Z,NQ,29066.0,29076.25,29020.25,29042.5,1897
2026-06-09T19:01:00.000Z,NQ,29043.75,29052.25,29024.75,29051.75,983
2026-06-09T19:02:00.000Z,NQ,29050.25,29072.75,29043.25,29062.75,939
2026-06-09T19:03:00.000Z,NQ,29063.75,29090.0,29055.0,29090.0,993
2026-06-09T19:04:00.000Z,NQ,29089.75,29125.5,29088.25,29120.75,2868
2026-06-09T19:05:00.000Z,NQ,29120.25,29146.5,29097.25,29098.5,2010
2026-06-09T19:06:00.000Z,NQ,29096.5,29104.75,29065.25,29068.5,1578
2026-06-09T19:07:00.000Z,NQ,29068.0,29102.5,29065.75,29087.5,1004
2026-06-09T19:08:00.000Z,NQ,29088.75,29104.0,29064.5,29070.25,815
2026-06-09T19:09:00.000Z,NQ,29070.75,29085.25,29045.75,29051.5,1214
2026-06-09T19:10:00.000Z,NQ,29051.25,29051.75,29003.0,29007.0,1346
2026-06-09T19:11:00.000Z,NQ,29007.75,29022.0,28974.5,28981.0,1227
2026-06-09T19:12:00.000Z,NQ,28981.5,29016.0,28979.5,28988.25,1568
2026-06-09T19:13:00.000Z,NQ,28988.25,29011.25,28983.75,28995.0,942
2026-06-09T19:14:00.000Z,NQ,28994.0,28999.25,28956.0,28965.25,1537
2026-06-09T19:15:00.000Z,NQ,28965.75,28972.5,28894.0,28905.75,2556
2026-06-09T19:16:00.000Z,NQ,28905.0,28919.0,28867.25,28873.25,2057
2026-06-09T19:17:00.000Z,NQ,28874.0,28910.0,28860.25,28893.25,1978
2026-06-09T19:18:00.000Z,NQ,28894.0,28916.5,28861.5,28865.0,1611
2026-06-09T19:19:00.000Z,NQ,28864.75,28885.5,28852.0,28864.25,1994
2026-06-09T19:20:00.000Z,NQ,28864.25,28901.0,28839.0,28886.75,2072
2026-06-09T19:21:00.000Z,NQ,28886.75,28927.0,28877.0,28895.5,1858
2026-06-09T19:22:00.000Z,NQ,28895.75,28905.5,28854.25,28882.25,1709
2026-06-09T19:23:00.000Z,NQ,28882.5,28896.75,28857.75,28882.0,1035
2026-06-09T19:24:00.000Z,NQ,28880.75,28905.75,28872.0,28891.25,981
2026-06-09T19:25:00.000Z,NQ,28890.25,28913.5,28883.5,28894.75,1056
2026-06-09T19:26:00.000Z,NQ,28894.75,28897.75,28872.0,28882.0,821
2026-06-09T19:27:00.000Z,NQ,28881.25,28913.25,28874.25,28912.75,1180
2026-06-09T19:28:00.000Z,NQ,28913.25,28943.25,28904.5,28941.0,1482
2026-06-09T19:29:00.000Z,NQ,28941.5,28970.5,28932.0,28953.75,1786
2026-06-09T19:30:00.000Z,NQ,28952.75,28961.75,28929.75,28961.75,1156
2026-06-09T19:31:00.000Z,NQ,28962.0,28985.75,28937.75,28979.25,1567
2026-06-09T19:32:00.000Z,NQ,28978.25,28982.5,28958.75,28968.5,1021
2026-06-09T19:33:00.000Z,NQ,28968.25,28988.0,28944.0,28956.0,1133
2026-06-09T19:34:00.000Z,NQ,28957.75,28980.75,28945.0,28977.75,1063
2026-06-09T19:35:00.000Z,NQ,28979.0,28981.25,28943.25,28971.5,1251
2026-06-09T19:36:00.000Z,NQ,28972.75,28977.0,28947.0,28966.75,853
2026-06-09T19:37:00.000Z,NQ,28966.5,28985.0,28945.75,28977.0,970
2026-06-09T19:38:00.000Z,NQ,28977.0,28979.75,28959.75,28968.25,595
2026-06-09T19:39:00.000Z,NQ,28967.5,28975.0,28919.0,28922.25,1283
2026-06-09T19:40:00.000Z,NQ,28922.25,28925.25,28853.25,28859.5,1903
2026-06-09T19:41:00.000Z,NQ,28859.5,28901.75,28855.5,28883.25,1596
2026-06-09T19:42:00.000Z,NQ,28883.75,28946.25,28870.75,28946.25,1902
2026-06-09T19:43:00.000Z,NQ,28944.25,28949.25,28907.75,28918.75,1144
2026-06-09T19:44:00.000Z,NQ,28917.5,28939.0,28909.5,28922.25,970
2026-06-09T19:45:00.000Z,NQ,28922.75,28940.0,28907.5,28927.0,1214
2026-06-09T19:46:00.000Z,NQ,28926.5,28929.25,28897.75,28907.75,1029
2026-06-09T19:47:00.000Z,NQ,28909.0,28915.0,28880.25,28882.75,1127
2026-06-09T19:48:00.000Z,NQ,28881.75,28889.0,28850.5,28870.5,1348
2026-06-09T19:49:00.000Z,NQ,28869.75,28904.25,28869.0,28879.25,1008
2026-06-09T19:50:00.000Z,NQ,28880.0,29007.0,28880.0,28985.75,4012
2026-06-09T19:51:00.000Z,NQ,28986.5,29017.5,28967.5,29009.0,2542
2026-06-09T19:52:00.000Z,NQ,29008.5,29036.0,28992.75,29003.75,2050
2026-06-09T19:53:00.000Z,NQ,29004.5,29021.5,28980.0,29004.0,1896
2026-06-09T19:54:00.000Z,NQ,29004.5,29038.5,28990.0,29032.75,2018
2026-06-09T19:55:00.000Z,NQ,29031.5,29067.75,29028.0,29060.25,2396
2026-06-09T19:56:00.000Z,NQ,29059.75,29082.25,29050.0,29061.0,2400
2026-06-09T19:57:00.000Z,NQ,29060.0,29099.25,29059.75,29095.0,2493
2026-06-09T19:58:00.000Z,NQ,29096.25,29108.75,29087.0,29107.25,2640
2026-06-09T19:59:00.000Z,NQ,29106.75,29135.25,29104.5,29117.0,14718
2026-06-09T20:00:00.000Z,NQ,29116.0,29143.25,29111.75,29120.5,4026
2026-06-09T20:01:00.000Z,NQ,29119.75,29135.0,29101.5,29122.75,1968
2026-06-09T20:02:00.000Z,NQ,29123.25,29124.75,29087.0,29108.25,1343
2026-06-09T20:03:00.000Z,NQ,29107.5,29138.0,29099.5,29137.0,1124
2026-06-09T20:04:00.000Z,NQ,29136.5,29196.25,29135.25,29194.75,1808
2026-06-09T20:05:00.000Z,NQ,29194.5,29194.5,29168.25,29177.0,1046
2026-06-09T20:06:00.000Z,NQ,29177.5,29177.5,29143.0,29147.75,1027
2026-06-09T20:07:00.000Z,NQ,29148.75,29156.25,29131.75,29134.0,692
2026-06-09T20:08:00.000Z,NQ,29133.25,29149.0,29108.75,29113.5,1319
2026-06-09T20:09:00.000Z,NQ,29114.0,29136.0,29114.0,29123.25,420
2026-06-09T20:10:00.000Z,NQ,29122.5,29123.5,29103.25,29122.75,398
2026-06-09T20:11:00.000Z,NQ,29123.75,29129.75,29105.75,29112.75,408
2026-06-09T20:12:00.000Z,NQ,29111.5,29112.75,29097.0,29102.75,374
2026-06-09T20:13:00.000Z,NQ,29102.0,29105.75,29085.75,29105.75,516
2026-06-09T20:14:00.000Z,NQ,29104.0,29115.0,29091.0,29103.25,343
2026-06-09T20:15:00.000Z,NQ,29104.25,29126.25,29095.0,29099.75,509
2026-06-09T20:16:00.000Z,NQ,29102.5,29116.75,29099.75,29115.75,133
2026-06-09T20:17:00.000Z,NQ,29118.5,29118.5,29104.5,29104.5,129
2026-06-09T20:18:00.000Z,NQ,29106.75,29116.0,29096.0,29097.5,268
2026-06-09T20:19:00.000Z,NQ,29098.0,29100.0,29089.25,29089.25,165
2026-06-09T20:20:00.000Z,NQ,29090.75,29098.25,29082.75,29091.0,191
2026-06-09T20:21:00.000Z,NQ,29091.75,29114.75,29091.75,29095.75,268
2026-06-09T20:22:00.000Z,NQ,29098.0,29102.25,29092.25,29095.5,79
2026-06-09T20:23:00.000Z,NQ,29094.75,29096.75,29082.25,29089.5,128
2026-06-09T20:24:00.000Z,NQ,29090.25,29102.25,29089.5,29099.25,179
2026-06-09T20:25:00.000Z,NQ,29098.0,29111.75,29096.5,29109.25,195
2026-06-09T20:26:00.000Z,NQ,29108.5,29118.75,29105.0,29106.25,177
2026-06-09T20:27:00.000Z,NQ,29106.0,29119.75,29105.0,29119.75,106
2026-06-09T20:28:00.000Z,NQ,29119.5,29126.25,29113.75,29125.25,218
2026-06-09T20:29:00.000Z,NQ,29126.75,29131.5,29118.0,29122.75,201
2026-06-09T20:30:00.000Z,NQ,29118.25,29121.75,29103.25,29104.5,157
2026-06-09T20:31:00.000Z,NQ,29105.5,29117.5,29103.25,29114.5,95
2026-06-09T20:32:00.000Z,NQ,29114.5,29118.5,29108.5,29112.25,66
2026-06-09T20:33:00.000Z,NQ,29113.75,29115.5,29105.25,29105.25,65
2026-06-09T20:34:00.000Z,NQ,29107.0,29126.25,29101.25,29122.0,210
2026-06-09T20:35:00.000Z,NQ,29124.25,29132.5,29116.25,29131.75,220
2026-06-09T20:36:00.000Z,NQ,29132.0,29138.5,29120.25,29130.25,258
2026-06-09T20:37:00.000Z,NQ,29131.5,29139.0,29128.75,29131.25,162
2026-06-09T20:38:00.000Z,NQ,29129.75,29135.0,29128.0,29132.25,97
2026-06-09T20:39:00.000Z,NQ,29132.5,29135.25,29127.0,29135.25,110
2026-06-09T20:40:00.000Z,NQ,29132.5,29138.25,29131.5,29134.5,141
2026-06-09T20:41:00.000Z,NQ,29136.0,29150.0,29136.0,29146.5,155
2026-06-09T20:42:00.000Z,NQ,29149.75,29156.75,29148.25,29150.5,229
2026-06-09T20:43:00.000Z,NQ,29151.5,29159.75,29149.0,29156.0,248
2026-06-09T20:44:00.000Z,NQ,29155.25,29159.0,29142.75,29145.75,200
2026-06-09T20:45:00.000Z,NQ,29146.0,29158.5,29143.5,29153.25,310
2026-06-09T20:46:00.000Z,NQ,29153.25,29153.25,29141.75,29145.0,148
2026-06-09T20:47:00.000Z,NQ,29146.25,29146.75,29140.0,29140.0,130
2026-06-09T20:48:00.000Z,NQ,29140.25,29152.0,29138.0,29147.5,148
2026-06-09T20:49:00.000Z,NQ,29147.0,29159.0,29146.0,29154.25,123
2026-06-09T20:50:00.000Z,NQ,29154.0,29155.75,29143.0,29147.75,172
2026-06-09T20:51:00.000Z,NQ,29147.75,29152.5,29141.25,29145.5,115
2026-06-09T20:52:00.000Z,NQ,29144.25,29145.0,29133.0,29134.25,112
2026-06-09T20:53:00.000Z,NQ,29134.5,29135.0,29125.75,29127.5,87
2026-06-09T20:54:00.000Z,NQ,29126.75,29131.5,29124.0,29126.25,168
2026-06-09T20:55:00.000Z,NQ,29128.0,29133.0,29126.0,29131.0,68
2026-06-09T20:56:00.000Z,NQ,29130.5,29130.5,29120.75,29122.25,143
2026-06-09T20:57:00.000Z,NQ,29122.5,29129.5,29121.0,29126.5,57
2026-06-09T20:58:00.000Z,NQ,29128.75,29147.5,29128.25,29137.5,195
2026-06-09T20:59:00.000Z,NQ,29138.5,29140.5,29134.75,29140.5,86
2026-06-09T22:00:00.000Z,NQ,29094.75,29095.75,29028.5,29046.5,0
2026-06-09T22:01:00.000Z,NQ,29043.0,29098.75,29043.0,29057.75,651
2026-06-09T22:02:00.000Z,NQ,29060.5,29090.75,29032.75,29041.5,431
2026-06-09T22:03:00.000Z,NQ,29041.5,29064.0,29035.0,29063.75,187
2026-06-09T22:04:00.000Z,NQ,29066.25,29077.0,29059.0,29065.5,162
2026-06-09T22:05:00.000Z,NQ,29066.0,29094.25,29064.75,29076.0,251
2026-06-09T22:06:00.000Z,NQ,29073.5,29076.0,29054.75,29073.25,167
2026-06-09T22:07:00.000Z,NQ,29073.75,29095.5,29070.25,29071.0,199
2026-06-09T22:08:00.000Z,NQ,29072.0,29072.0,29054.75,29063.25,246
2026-06-09T22:09:00.000Z,NQ,29065.75,29085.25,29065.75,29083.25,111
2026-06-09T22:10:00.000Z,NQ,29085.0,29091.0,29070.75,29071.75,76
2026-06-09T22:11:00.000Z,NQ,29071.5,29090.25,29069.25,29080.5,48
2026-06-09T22:12:00.000Z,NQ,29081.0,29085.75,29074.75,29084.75,37
2026-06-09T22:13:00.000Z,NQ,29084.25,29084.25,29068.0,29080.0,109
2026-06-09T22:14:00.000Z,NQ,29084.25,29089.25,29081.75,29086.75,41
2026-06-09T22:15:00.000Z,NQ,29088.0,29118.0,29086.0,29105.0,246
2026-06-09T22:16:00.000Z,NQ,29104.5,29115.0,29094.0,29101.5,108
2026-06-09T22:17:00.000Z,NQ,29102.75,29104.5,29073.0,29076.75,178
2026-06-09T22:18:00.000Z,NQ,29076.25,29087.75,29070.0,29083.0,114
2026-06-09T22:19:00.000Z,NQ,29081.25,29100.0,29078.0,29097.5,141
2026-06-09T22:20:00.000Z,NQ,29098.0,29099.75,29087.75,29093.0,77
2026-06-09T22:21:00.000Z,NQ,29093.5,29095.25,29081.0,29085.5,52
2026-06-09T22:22:00.000Z,NQ,29083.0,29090.25,29079.5,29080.25,97
2026-06-09T22:23:00.000Z,NQ,29079.25,29089.0,29071.25,29080.0,81
2026-06-09T22:24:00.000Z,NQ,29079.5,29082.0,29075.0,29080.25,24
2026-06-09T22:25:00.000Z,NQ,29078.5,29085.5,29065.0,29083.25,130
2026-06-09T22:26:00.000Z,NQ,29086.5,29088.0,29053.0,29068.25,214
2026-06-09T22:27:00.000Z,NQ,29068.25,29068.5,29057.5,29061.25,41
2026-06-09T22:28:00.000Z,NQ,29062.0,29073.0,29056.0,29069.0,76
2026-06-09T22:29:00.000Z,NQ,29071.5,29071.75,29064.75,29071.0,45
2026-06-09T22:30:00.000Z,NQ,29070.5,29072.0,29052.5,29056.25,96
2026-06-09T22:31:00.000Z,NQ,29058.5,29059.25,29047.5,29054.5,103
2026-06-09T22:32:00.000Z,NQ,29055.0,29070.0,29054.75,29054.75,140
2026-06-09T22:33:00.000Z,NQ,29056.5,29063.75,29049.0,29059.25,160
2026-06-09T22:34:00.000Z,NQ,29058.0,29062.5,29044.25,29048.0,149
2026-06-09T22:35:00.000Z,NQ,29049.75,29053.0,29041.5,29046.0,120
2026-06-09T22:36:00.000Z,NQ,29047.5,29048.5,29039.0,29040.5,100
2026-06-09T22:37:00.000Z,NQ,29037.75,29043.0,29021.75,29023.25,250
2026-06-09T22:38:00.000Z,NQ,29023.5,29035.25,29014.25,29021.0,246
2026-06-09T22:39:00.000Z,NQ,29021.0,29035.75,29000.75,29032.25,332
2026-06-09T22:40:00.000Z,NQ,29032.0,29045.0,29020.0,29022.25,295
2026-06-09T22:41:00.000Z,NQ,29020.25,29022.25,28994.0,29014.0,284
2026-06-09T22:42:00.000Z,NQ,29015.25,29030.75,29007.25,29030.75,142
2026-06-09T22:43:00.000Z,NQ,29028.5,29056.0,29016.5,29027.0,449
2026-06-09T22:44:00.000Z,NQ,29026.5,29033.25,29018.75,29023.75,69
2026-06-09T22:45:00.000Z,NQ,29023.0,29035.0,29010.0,29016.5,124
2026-06-09T22:46:00.000Z,NQ,29019.0,29019.75,29005.25,29007.75,47
2026-06-09T22:47:00.000Z,NQ,29008.5,29015.0,29002.0,29008.0,85
2026-06-09T22:48:00.000Z,NQ,29004.75,29011.5,28982.0,29009.25,240
2026-06-09T22:49:00.000Z,NQ,29011.75,29021.5,29005.0,29005.5,128
2026-06-09T22:50:00.000Z,NQ,29007.5,29013.25,29007.0,29007.75,53
2026-06-09T22:51:00.000Z,NQ,29005.25,29005.25,28988.75,28997.5,149
2026-06-09T22:52:00.000Z,NQ,28996.25,28998.75,28986.5,28995.0,106
2026-06-09T22:53:00.000Z,NQ,28997.5,29007.25,28996.0,29001.0,95
2026-06-09T22:54:00.000Z,NQ,28999.75,29024.75,28997.0,29015.75,192
2026-06-09T22:55:00.000Z,NQ,29016.75,29038.75,29016.25,29032.75,203
2026-06-09T22:56:00.000Z,NQ,29034.0,29043.0,29016.25,29018.25,163
2026-06-09T22:57:00.000Z,NQ,29018.75,29031.25,29009.0,29015.5,127
2026-06-09T22:58:00.000Z,NQ,29015.75,29015.75,29006.0,29010.0,71
2026-06-09T22:59:00.000Z,NQ,29011.25,29030.0,29010.75,29029.0,109
2026-06-09T23:00:00.000Z,NQ,29029.25,29037.5,29019.5,29030.25,168
2026-06-09T23:01:00.000Z,NQ,29030.25,29031.5,29019.75,29031.5,67
2026-06-09T23:02:00.000Z,NQ,29032.75,29044.0,29030.75,29039.5,162
2026-06-09T23:03:00.000Z,NQ,29040.5,29072.75,29032.25,29072.5,385
2026-06-09T23:04:00.000Z,NQ,29069.25,29084.5,29061.75,29068.0,227
2026-06-09T23:05:00.000Z,NQ,29071.25,29083.0,29071.25,29071.5,113
2026-06-09T23:06:00.000Z,NQ,29070.0,29070.25,29055.25,29055.25,83
2026-06-09T23:07:00.000Z,NQ,29057.25,29100.5,29057.0,29090.0,304
2026-06-09T23:08:00.000Z,NQ,29088.25,29102.75,29078.75,29086.75,166
2026-06-09T23:09:00.000Z,NQ,29086.75,29086.75,29070.75,29073.5,121
2026-06-09T23:10:00.000Z,NQ,29073.5,29081.75,29060.0,29063.0,67
2026-06-09T23:11:00.000Z,NQ,29060.5,29062.5,29040.75,29043.5,198
2026-06-09T23:12:00.000Z,NQ,29043.75,29051.0,29031.0,29036.0,167
2026-06-09T23:13:00.000Z,NQ,29034.25,29049.25,29027.25,29049.25,126
2026-06-09T23:14:00.000Z,NQ,29049.5,29049.5,29025.5,29031.25,145
2026-06-09T23:15:00.000Z,NQ,29028.0,29029.5,29016.75,29021.75,141
2026-06-09T23:16:00.000Z,NQ,29021.5,29035.25,29019.0,29030.75,87
2026-06-09T23:17:00.000Z,NQ,29026.25,29042.75,29026.0,29032.0,115
2026-06-09T23:18:00.000Z,NQ,29029.0,29032.0,29006.5,29011.25,178
2026-06-09T23:19:00.000Z,NQ,29008.5,29025.0,29003.0,29015.25,138
2026-06-09T23:20:00.000Z,NQ,29018.25,29027.75,29015.0,29023.75,45
2026-06-09T23:21:00.000Z,NQ,29026.5,29030.0,29012.75,29012.75,37
2026-06-09T23:22:00.000Z,NQ,29012.5,29016.0,29010.25,29012.75,55
2026-06-09T23:23:00.000Z,NQ,29017.75,29027.75,29004.75,29009.0,81
2026-06-09T23:24:00.000Z,NQ,29009.25,29022.25,29002.75,29015.0,81
2026-06-09T23:25:00.000Z,NQ,29017.25,29017.5,29008.75,29008.75,70
2026-06-09T23:26:00.000Z,NQ,29009.75,29014.5,29005.75,29010.25,41
2026-06-09T23:27:00.000Z,NQ,29007.0,29012.0,28997.75,29008.5,81
2026-06-09T23:28:00.000Z,NQ,29009.25,29011.75,29002.25,29005.75,42
2026-06-09T23:29:00.000Z,NQ,29009.5,29010.0,29002.75,29005.0,33
2026-06-09T23:30:00.000Z,NQ,29005.5,29007.25,28987.0,28991.25,146
2026-06-09T23:31:00.000Z,NQ,28991.75,28997.0,28985.0,28987.25,89
2026-06-09T23:32:00.000Z,NQ,28989.25,29018.75,28989.0,29010.5,252
2026-06-09T23:33:00.000Z,NQ,29008.75,29011.0,29004.25,29007.5,70
2026-06-09T23:34:00.000Z,NQ,29010.5,29015.0,29000.0,29011.25,107
2026-06-09T23:35:00.000Z,NQ,29011.0,29020.75,28987.75,28994.5,191
2026-06-09T23:36:00.000Z,NQ,28997.5,29003.0,28994.0,28999.5,63
2026-06-09T23:37:00.000Z,NQ,28997.0,28997.0,28980.25,28985.5,224
2026-06-09T23:38:00.000Z,NQ,28987.5,28992.25,28983.0,28987.25,63
2026-06-09T23:39:00.000Z,NQ,28987.25,29008.75,28984.5,29008.75,79
2026-06-09T23:40:00.000Z,NQ,29010.0,29014.25,29001.5,29001.5,121
2026-06-09T23:41:00.000Z,NQ,29000.0,29011.0,28997.75,29006.0,62
2026-06-09T23:42:00.000Z,NQ,29006.5,29008.75,29002.25,29002.25,27
2026-06-09T23:43:00.000Z,NQ,29002.0,29009.5,28995.0,29007.75,53
2026-06-09T23:44:00.000Z,NQ,29009.0,29019.5,29007.0,29015.0,102
2026-06-09T23:45:00.000Z,NQ,29018.0,29039.0,29010.75,29035.25,306
2026-06-09T23:46:00.000Z,NQ,29035.0,29047.75,29021.0,29031.75,159
2026-06-09T23:47:00.000Z,NQ,29032.0,29034.5,29022.25,29024.5,66
2026-06-09T23:48:00.000Z,NQ,29024.75,29034.75,29024.75,29032.75,63
2026-06-09T23:49:00.000Z,NQ,29030.5,29038.5,29024.75,29031.0,92
2026-06-09T23:50:00.000Z,NQ,29032.25,29036.75,29026.0,29033.0,98
2026-06-09T23:51:00.000Z,NQ,29026.75,29042.0,29021.5,29041.5,129
2026-06-09T23:52:00.000Z,NQ,29041.25,29041.25,29033.5,29040.0,64
2026-06-09T23:53:00.000Z,NQ,29039.75,29055.0,29038.25,29043.0,220
2026-06-09T23:54:00.000Z,NQ,29046.5,29053.75,29034.25,29052.75,167
2026-06-09T23:55:00.000Z,NQ,29052.75,29064.75,29052.75,29056.5,250
2026-06-09T23:56:00.000Z,NQ,29055.5,29064.5,29046.75,29051.5,163
2026-06-09T23:57:00.000Z,NQ,29052.0,29052.0,29040.75,29049.25,86
2026-06-09T23:58:00.000Z,NQ,29048.5,29052.0,29041.75,29049.5,70
2026-06-09T23:59:00.000Z,NQ,29052.0,29071.5,29052.0,29064.5,246
2026-06-10T00:00:00.000Z,NQ,29065.75,29087.25,29065.75,29081.0,398
2026-06-10T00:01:00.000Z,NQ,29082.25,29087.0,29073.25,29076.0,168
2026-06-10T00:02:00.000Z,NQ,29076.25,29117.0,29076.25,29110.25,432
2026-06-10T00:03:00.000Z,NQ,29110.75,29126.0,29107.5,29114.5,437
2026-06-10T00:04:00.000Z,NQ,29116.25,29139.75,29111.5,29127.0,354
2026-06-10T00:05:00.000Z,NQ,29127.0,29160.0,29120.75,29158.25,528
2026-06-10T00:06:00.000Z,NQ,29160.25,29169.0,29152.0,29154.25,566
2026-06-10T00:07:00.000Z,NQ,29154.0,29160.0,29139.75,29143.0,323
2026-06-10T00:08:00.000Z,NQ,29143.0,29152.5,29132.0,29132.75,156
2026-06-10T00:09:00.000Z,NQ,29132.75,29164.25,29117.75,29155.25,468
2026-06-10T00:10:00.000Z,NQ,29156.75,29158.75,29123.25,29130.5,294
2026-06-10T00:11:00.000Z,NQ,29132.25,29146.25,29127.5,29130.75,117
2026-06-10T00:12:00.000Z,NQ,29130.75,29137.5,29113.75,29113.75,229
2026-06-10T00:13:00.000Z,NQ,29114.0,29117.75,29092.0,29099.25,379
2026-06-10T00:14:00.000Z,NQ,29102.0,29124.75,29089.0,29120.75,508
2026-06-10T00:15:00.000Z,NQ,29119.0,29131.75,29088.5,29094.5,323
2026-06-10T00:16:00.000Z,NQ,29091.75,29096.25,29070.5,29076.0,277
2026-06-10T00:17:00.000Z,NQ,29075.75,29093.75,29073.75,29081.0,154
2026-06-10T00:18:00.000Z,NQ,29079.75,29091.0,29079.75,29086.5,88
2026-06-10T00:19:00.000Z,NQ,29087.75,29116.75,29080.0,29108.0,259
2026-06-10T00:20:00.000Z,NQ,29108.0,29115.0,29087.75,29093.0,159
2026-06-10T00:21:00.000Z,NQ,29091.75,29107.75,29082.5,29106.5,212
2026-06-10T00:22:00.000Z,NQ,29105.5,29113.75,29097.5,29105.5,144
2026-06-10T00:23:00.000Z,NQ,29102.75,29104.0,29087.75,29097.0,61
2026-06-10T00:24:00.000Z,NQ,29095.75,29111.0,29095.75,29102.25,79
2026-06-10T00:25:00.000Z,NQ,29103.25,29105.0,29084.75,29088.5,109
2026-06-10T00:26:00.000Z,NQ,29087.25,29090.5,29082.5,29084.25,55
2026-06-10T00:27:00.000Z,NQ,29084.0,29104.5,29082.0,29104.5,83
2026-06-10T00:28:00.000Z,NQ,29103.25,29107.0,29097.5,29106.75,64
2026-06-10T00:29:00.000Z,NQ,29107.0,29128.0,29104.0,29118.0,296
2026-06-10T00:30:00.000Z,NQ,29118.5,29123.25,29095.0,29097.5,281
2026-06-10T00:31:00.000Z,NQ,29098.25,29098.5,29074.5,29084.25,211
2026-06-10T00:32:00.000Z,NQ,29084.25,29085.25,29047.0,29047.25,411
2026-06-10T00:33:00.000Z,NQ,29046.75,29050.0,29029.0,29042.25,355
2026-06-10T00:34:00.000Z,NQ,29042.75,29055.0,29028.0,29031.0,192
2026-06-10T00:35:00.000Z,NQ,29030.25,29047.25,29024.0,29025.0,195
2026-06-10T00:36:00.000Z,NQ,29024.25,29031.25,29011.25,29013.25,264
2026-06-10T00:37:00.000Z,NQ,29013.0,29013.25,28993.25,29003.75,379
2026-06-10T00:38:00.000Z,NQ,29005.75,29061.0,29005.75,29052.75,522
2026-06-10T00:39:00.000Z,NQ,29050.75,29053.5,29025.0,29026.5,267
2026-06-10T00:40:00.000Z,NQ,29028.0,29029.25,29010.0,29014.5,154
2026-06-10T00:41:00.000Z,NQ,29016.25,29020.0,28997.5,29009.75,173
2026-06-10T00:42:00.000Z,NQ,29010.0,29015.25,29002.25,29006.5,113
2026-06-10T00:43:00.000Z,NQ,29009.5,29011.25,28982.0,28983.75,232
2026-06-10T00:44:00.000Z,NQ,28984.75,29003.0,28960.0,28999.25,424
2026-06-10T00:45:00.000Z,NQ,28996.0,29011.5,28992.0,29007.0,208
2026-06-10T00:46:00.000Z,NQ,29005.5,29007.25,28991.25,28998.75,172
2026-06-10T00:47:00.000Z,NQ,29000.75,29018.25,28999.0,29014.0,190
2026-06-10T00:48:00.000Z,NQ,29011.5,29023.5,29010.0,29017.0,118
2026-06-10T00:49:00.000Z,NQ,29013.5,29048.5,29011.25,29048.25,343
2026-06-10T00:50:00.000Z,NQ,29046.5,29055.0,29005.75,29009.75,353
2026-06-10T00:51:00.000Z,NQ,29012.0,29019.75,29005.25,29017.5,120
2026-06-10T00:52:00.000Z,NQ,29017.25,29058.75,29017.25,29049.75,303
2026-06-10T00:53:00.000Z,NQ,29049.5,29082.0,29038.75,29067.5,396
2026-06-10T00:54:00.000Z,NQ,29068.0,29073.5,29051.25,29066.0,257
2026-06-10T00:55:00.000Z,NQ,29065.5,29074.25,29033.5,29047.5,335
2026-06-10T00:56:00.000Z,NQ,29046.25,29088.0,29041.75,29074.25,407
2026-06-10T00:57:00.000Z,NQ,29075.75,29092.0,29070.0,29080.0,186
2026-06-10T00:58:00.000Z,NQ,29078.5,29096.0,29074.25,29090.5,186
2026-06-10T00:59:00.000Z,NQ,29091.0,29095.0,29066.0,29075.25,372
2026-06-10T01:00:00.000Z,NQ,29077.25,29089.25,29060.0,29079.0,199
2026-06-10T01:01:00.000Z,NQ,29084.75,29093.0,29046.75,29057.5,282
2026-06-10T01:02:00.000Z,NQ,29058.5,29079.5,29051.0,29071.5,191
2026-06-10T01:03:00.000Z,NQ,29075.0,29083.0,29061.5,29083.0,199
2026-06-10T01:04:00.000Z,NQ,29078.25,29100.5,29075.0,29092.5,225
2026-06-10T01:05:00.000Z,NQ,29095.75,29096.25,29064.25,29064.25,212
2026-06-10T01:06:00.000Z,NQ,29066.25,29071.25,29054.5,29066.0,146
2026-06-10T01:07:00.000Z,NQ,29070.0,29085.5,29068.5,29080.25,163
2026-06-10T01:08:00.000Z,NQ,29078.75,29080.5,29066.0,29067.5,105
2026-06-10T01:09:00.000Z,NQ,29070.0,29075.0,29054.25,29058.75,92
2026-06-10T01:10:00.000Z,NQ,29057.75,29062.0,29042.25,29062.0,217
2026-06-10T01:11:00.000Z,NQ,29060.5,29091.0,29060.25,29087.0,218
2026-06-10T01:12:00.000Z,NQ,29087.25,29109.5,29086.25,29104.25,198
2026-06-10T01:13:00.000Z,NQ,29105.0,29106.5,29073.5,29077.5,229
2026-06-10T01:14:00.000Z,NQ,29077.5,29083.0,29068.75,29076.25,83
2026-06-10T01:15:00.000Z,NQ,29078.5,29087.75,29065.0,29085.5,113
2026-06-10T01:16:00.000Z,NQ,29083.0,29115.0,29082.0,29110.5,252
2026-06-10T01:17:00.000Z,NQ,29110.0,29113.0,29097.25,29103.0,117
2026-06-10T01:18:00.000Z,NQ,29098.75,29107.5,29098.75,29105.75,100
2026-06-10T01:19:00.000Z,NQ,29103.75,29110.0,29101.25,29104.75,90
2026-06-10T01:20:00.000Z,NQ,29105.25,29106.5,29074.25,29079.75,244
2026-06-10T01:21:00.000Z,NQ,29081.25,29098.25,29073.0,29073.0,133
2026-06-10T01:22:00.000Z,NQ,29073.75,29076.25,29066.25,29071.5,98
2026-06-10T01:23:00.000Z,NQ,29075.75,29083.0,29067.75,29081.0,68
2026-06-10T01:24:00.000Z,NQ,29079.5,29082.5,29064.25,29071.0,67
2026-06-10T01:25:00.000Z,NQ,29070.25,29070.5,29054.5,29064.75,152
2026-06-10T01:26:00.000Z,NQ,29062.5,29065.75,29049.75,29059.75,165
2026-06-10T01:27:00.000Z,NQ,29059.75,29090.25,29059.75,29090.25,179
2026-06-10T01:28:00.000Z,NQ,29087.75,29093.0,29082.5,29086.0,159
2026-06-10T01:29:00.000Z,NQ,29087.25,29089.0,29065.25,29073.25,109
2026-06-10T01:30:00.000Z,NQ,29073.5,29077.75,29023.0,29028.0,474
2026-06-10T01:31:00.000Z,NQ,29032.75,29050.5,29023.75,29047.75,197
2026-06-10T01:32:00.000Z,NQ,29046.75,29066.0,29039.0,29061.0,176
2026-06-10T01:33:00.000Z,NQ,29061.5,29063.5,29046.25,29061.75,114
2026-06-10T01:34:00.000Z,NQ,29062.5,29097.25,29062.5,29093.25,255
2026-06-10T01:35:00.000Z,NQ,29094.25,29098.75,29085.75,29089.0,111
2026-06-10T01:36:00.000Z,NQ,29086.25,29087.0,29063.5,29068.5,109
2026-06-10T01:37:00.000Z,NQ,29068.0,29068.0,29049.5,29058.25,200
2026-06-10T01:38:00.000Z,NQ,29057.75,29070.75,29051.5,29068.75,87
2026-06-10T01:39:00.000Z,NQ,29065.75,29079.0,29065.5,29070.5,68
2026-06-10T01:40:00.000Z,NQ,29069.5,29074.0,29063.0,29069.75,67
2026-06-10T01:41:00.000Z,NQ,29066.75,29068.25,29056.5,29059.5,76
2026-06-10T01:42:00.000Z,NQ,29062.25,29064.5,29037.25,29040.0,165
2026-06-10T01:43:00.000Z,NQ,29040.0,29041.5,29029.75,29034.25,182
2026-06-10T01:44:00.000Z,NQ,29034.75,29038.0,29026.25,29026.25,97
2026-06-10T01:45:00.000Z,NQ,29027.5,29048.25,29027.25,29038.75,110
2026-06-10T01:46:00.000Z,NQ,29037.5,29040.5,29029.25,29038.0,57
2026-06-10T01:47:00.000Z,NQ,29041.0,29043.25,29019.0,29020.75,147
2026-06-10T01:48:00.000Z,NQ,29021.0,29050.75,29020.5,29047.5,136
2026-06-10T01:49:00.000Z,NQ,29047.25,29068.25,29047.25,29060.0,166
2026-06-10T01:50:00.000Z,NQ,29060.0,29067.0,29052.0,29052.0,80
2026-06-10T01:51:00.000Z,NQ,29052.0,29052.0,29030.0,29030.0,136
2026-06-10T01:52:00.000Z,NQ,29027.75,29038.75,29013.5,29020.0,257
2026-06-10T01:53:00.000Z,NQ,29020.25,29030.0,29011.25,29024.5,143
2026-06-10T01:54:00.000Z,NQ,29026.5,29036.75,29023.75,29032.0,124
2026-06-10T01:55:00.000Z,NQ,29027.0,29051.75,29025.0,29046.0,148
2026-06-10T01:56:00.000Z,NQ,29044.5,29060.75,29042.75,29050.0,132
2026-06-10T01:57:00.000Z,NQ,29052.5,29053.75,29038.0,29041.75,74
2026-06-10T01:58:00.000Z,NQ,29042.5,29042.5,29029.5,29034.75,92
2026-06-10T01:59:00.000Z,NQ,29032.5,29042.25,29030.75,29033.5,56
2026-06-10T02:00:00.000Z,NQ,29035.0,29036.0,29022.75,29025.25,161
2026-06-10T02:01:00.000Z,NQ,29025.0,29042.0,29024.25,29028.0,78
2026-06-10T02:02:00.000Z,NQ,29027.0,29037.75,29024.0,29027.75,34
2026-06-10T02:03:00.000Z,NQ,29025.75,29025.75,29015.25,29016.0,120
2026-06-10T02:04:00.000Z,NQ,29015.75,29017.25,29006.0,29012.25,85
2026-06-10T02:05:00.000Z,NQ,29011.5,29014.25,29004.25,29011.5,84
2026-06-10T02:06:00.000Z,NQ,29008.75,29014.0,29007.75,29010.5,66
2026-06-10T02:07:00.000Z,NQ,29009.0,29010.25,29003.0,29009.5,61
2026-06-10T02:08:00.000Z,NQ,29008.75,29008.75,28997.25,29002.5,116
2026-06-10T02:09:00.000Z,NQ,29000.5,29000.75,28980.75,28987.75,330
2026-06-10T02:10:00.000Z,NQ,28989.25,28991.0,28980.0,28983.5,190
2026-06-10T02:11:00.000Z,NQ,28985.0,29005.25,28979.25,29001.25,143
2026-06-10T02:12:00.000Z,NQ,28999.75,29018.0,28998.0,29002.75,381
2026-06-10T02:13:00.000Z,NQ,29002.0,29010.5,28996.25,28998.5,64
2026-06-10T02:14:00.000Z,NQ,28997.75,29003.0,28993.5,28998.0,75
2026-06-10T02:15:00.000Z,NQ,29000.25,29007.0,28997.0,29005.25,74
2026-06-10T02:16:00.000Z,NQ,29003.25,29003.25,28983.25,28995.25,150
2026-06-10T02:17:00.000Z,NQ,28994.5,29003.25,28994.5,29001.5,45
2026-06-10T02:18:00.000Z,NQ,29001.75,29011.0,28994.0,29007.5,75
2026-06-10T02:19:00.000Z,NQ,29006.5,29008.5,29000.5,29002.5,58
2026-06-10T02:20:00.000Z,NQ,28998.75,29009.5,28997.75,29009.25,69
2026-06-10T02:21:00.000Z,NQ,29010.0,29026.25,29007.25,29018.25,257
2026-06-10T02:22:00.000Z,NQ,29019.0,29023.5,28998.5,28998.5,174
2026-06-10T02:23:00.000Z,NQ,28998.5,29004.25,28985.0,28995.0,185
2026-06-10T02:24:00.000Z,NQ,28994.75,29016.5,28994.75,28998.5,156
2026-06-10T02:25:00.000Z,NQ,28995.0,28995.25,28984.5,28985.25,159
2026-06-10T02:26:00.000Z,NQ,28984.25,28985.5,28974.75,28979.0,168
2026-06-10T02:27:00.000Z,NQ,28979.0,28998.75,28976.25,28997.25,163
2026-06-10T02:28:00.000Z,NQ,28997.5,29016.0,28996.0,29010.75,225
2026-06-10T02:29:00.000Z,NQ,29010.0,29016.25,29009.75,29016.25,77
2026-06-10T02:30:00.000Z,NQ,29015.25,29034.75,29014.25,29027.25,204
2026-06-10T02:31:00.000Z,NQ,29026.75,29034.5,29023.0,29031.75,77
2026-06-10T02:32:00.000Z,NQ,29032.0,29032.5,28998.75,29003.25,177
2026-06-10T02:33:00.000Z,NQ,29005.0,29011.5,29001.0,29003.25,77
2026-06-10T02:34:00.000Z,NQ,29004.5,29008.5,28998.75,29001.75,77
2026-06-10T02:35:00.000Z,NQ,29002.75,29002.75,28991.25,29000.25,89
2026-06-10T02:36:00.000Z,NQ,29001.0,29008.5,28993.0,28997.5,61
2026-06-10T02:37:00.000Z,NQ,28995.75,29008.0,28995.0,29006.75,64
2026-06-10T02:38:00.000Z,NQ,29008.25,29017.25,29005.5,29011.75,88
2026-06-10T02:39:00.000Z,NQ,29008.0,29008.0,28984.5,28985.0,84
2026-06-10T02:40:00.000Z,NQ,28984.0,28996.0,28982.25,28991.0,94
2026-06-10T02:41:00.000Z,NQ,28991.0,29003.25,28991.0,28995.5,86
2026-06-10T02:42:00.000Z,NQ,28997.0,29002.75,28996.0,28998.5,67
2026-06-10T02:43:00.000Z,NQ,28997.5,28998.0,28991.75,28991.75,32
2026-06-10T02:44:00.000Z,NQ,28990.5,29006.0,28989.25,29006.0,63
2026-06-10T02:45:00.000Z,NQ,29005.75,29016.25,29003.5,29015.5,128
2026-06-10T02:46:00.000Z,NQ,29019.5,29027.25,29015.25,29024.25,138
2026-06-10T02:47:00.000Z,NQ,29024.0,29024.0,29015.75,29015.75,73
2026-06-10T02:48:00.000Z,NQ,29013.25,29019.75,29008.75,29012.5,89
2026-06-10T02:49:00.000Z,NQ,29018.75,29035.25,29018.25,29034.0,139
2026-06-10T02:50:00.000Z,NQ,29034.0,29035.25,29018.25,29018.25,108
2026-06-10T02:51:00.000Z,NQ,29019.5,29021.5,28998.25,29000.0,142
2026-06-10T02:52:00.000Z,NQ,28998.0,29000.0,28984.5,28990.5,109
2026-06-10T02:53:00.000Z,NQ,28989.0,28989.5,28967.25,28969.0,191
2026-06-10T02:54:00.000Z,NQ,28969.75,28970.5,28963.0,28968.25,104
2026-06-10T02:55:00.000Z,NQ,28968.0,28978.25,28966.25,28977.5,172
2026-06-10T02:56:00.000Z,NQ,28971.0,28979.0,28960.25,28977.75,155
2026-06-10T02:57:00.000Z,NQ,28977.5,28985.75,28971.75,28983.75,105
2026-06-10T02:58:00.000Z,NQ,28981.75,28990.75,28980.75,28982.75,78
2026-06-10T02:59:00.000Z,NQ,28981.75,28981.75,28968.75,28970.5,131
2026-06-10T03:00:00.000Z,NQ,28972.5,28975.5,28967.25,28972.0,74
2026-06-10T03:01:00.000Z,NQ,28973.5,28995.0,28972.25,28989.75,206
2026-06-10T03:02:00.000Z,NQ,28990.25,29003.25,28989.0,28995.5,123
2026-06-10T03:03:00.000Z,NQ,28993.0,29000.25,28986.25,29000.25,85
2026-06-10T03:04:00.000Z,NQ,28998.0,29001.25,28992.0,28999.25,74
2026-06-10T03:05:00.000Z,NQ,29001.0,29012.25,29000.0,29012.0,101
2026-06-10T03:06:00.000Z,NQ,29013.75,29029.5,29013.25,29028.5,188
2026-06-10T03:07:00.000Z,NQ,29025.5,29028.5,29006.0,29011.5,110
2026-06-10T03:08:00.000Z,NQ,29011.25,29020.75,29005.0,29018.75,86
2026-06-10T03:09:00.000Z,NQ,29018.25,29020.75,29011.25,29014.75,76
2026-06-10T03:10:00.000Z,NQ,29014.75,29016.0,29004.5,29010.75,96
2026-06-10T03:11:00.000Z,NQ,29010.5,29020.0,29008.0,29017.0,74
2026-06-10T03:12:00.000Z,NQ,29015.0,29020.0,29011.75,29018.0,51
2026-06-10T03:13:00.000Z,NQ,29017.0,29021.25,29005.75,29007.75,35
2026-06-10T03:14:00.000Z,NQ,29010.25,29015.25,29008.5,29010.75,49
2026-06-10T03:15:00.000Z,NQ,29013.25,29025.25,29008.5,29020.0,62
2026-06-10T03:16:00.000Z,NQ,29020.5,29046.25,29020.5,29043.75,224
2026-06-10T03:17:00.000Z,NQ,29043.75,29046.0,29035.75,29036.0,76
2026-06-10T03:18:00.000Z,NQ,29035.0,29040.75,29022.75,29024.25,65
2026-06-10T03:19:00.000Z,NQ,29025.25,29025.25,29012.5,29014.0,106
2026-06-10T03:20:00.000Z,NQ,29015.25,29017.0,28995.5,29005.5,174
2026-06-10T03:21:00.000Z,NQ,29004.25,29011.5,29001.25,29011.5,42
2026-06-10T03:22:00.000Z,NQ,29012.0,29022.25,29003.0,29013.25,89
2026-06-10T03:23:00.000Z,NQ,29012.0,29020.0,29007.25,29018.0,47
2026-06-10T03:24:00.000Z,NQ,29020.0,29020.0,29010.0,29018.0,39
2026-06-10T03:25:00.000Z,NQ,29018.25,29023.75,29012.5,29016.25,49
2026-06-10T03:26:00.000Z,NQ,29016.25,29016.5,29011.0,29014.25,27
2026-06-10T03:27:00.000Z,NQ,29015.25,29021.5,29002.0,29004.0,64
2026-06-10T03:28:00.000Z,NQ,29002.25,29008.25,28998.0,29007.5,58
2026-06-10T03:29:00.000Z,NQ,29009.5,29015.0,29008.5,29008.5,64
2026-06-10T03:30:00.000Z,NQ,29009.25,29017.25,28999.0,29015.75,103
2026-06-10T03:31:00.000Z,NQ,29016.0,29024.25,29004.0,29007.25,87
2026-06-10T03:32:00.000Z,NQ,29008.0,29012.25,29001.75,29003.25,50
2026-06-10T03:33:00.000Z,NQ,29004.25,29024.5,29004.25,29016.25,93
2026-06-10T03:34:00.000Z,NQ,29018.25,29018.25,29002.5,29010.75,60
2026-06-10T03:35:00.000Z,NQ,29008.5,29008.5,28996.75,28997.25,80
2026-06-10T03:36:00.000Z,NQ,28996.0,29000.25,28985.25,28988.0,114
2026-06-10T03:37:00.000Z,NQ,28987.75,28988.25,28980.0,28988.25,117
2026-06-10T03:38:00.000Z,NQ,28985.0,28999.75,28983.5,28997.5,58
2026-06-10T03:39:00.000Z,NQ,28995.75,29002.5,28990.0,28994.25,49
2026-06-10T03:40:00.000Z,NQ,28990.0,28990.75,28981.5,28989.0,60
2026-06-10T03:41:00.000Z,NQ,28984.5,28984.5,28980.0,28980.75,29
2026-06-10T03:42:00.000Z,NQ,28982.5,28983.25,28977.75,28979.5,26
2026-06-10T03:43:00.000Z,NQ,28977.5,28989.25,28977.0,28981.5,67
2026-06-10T03:44:00.000Z,NQ,28982.25,28984.0,28975.0,28977.0,50
2026-06-10T03:45:00.000Z,NQ,28978.0,28985.75,28978.0,28983.0,53
2026-06-10T03:46:00.000Z,NQ,28987.0,28988.0,28979.75,28984.75,42
2026-06-10T03:47:00.000Z,NQ,28984.0,28984.25,28975.0,28977.0,35
2026-06-10T03:48:00.000Z,NQ,28977.75,28998.0,28977.75,28994.25,106
2026-06-10T03:49:00.000Z,NQ,28992.0,28992.0,28980.25,28981.75,44
2026-06-10T03:50:00.000Z,NQ,28982.0,28982.75,28973.75,28974.0,46
2026-06-10T03:51:00.000Z,NQ,28975.0,28981.0,28974.5,28981.0,38
2026-06-10T03:52:00.000Z,NQ,28978.75,28985.5,28976.75,28977.25,69
2026-06-10T03:53:00.000Z,NQ,28978.25,28980.25,28975.0,28976.0,56
2026-06-10T03:54:00.000Z,NQ,28977.25,28998.5,28974.5,28996.5,102
2026-06-10T03:55:00.000Z,NQ,28995.75,28996.25,28986.0,28986.0,55
2026-06-10T03:56:00.000Z,NQ,28984.75,28991.0,28984.75,28990.0,38
2026-06-10T03:57:00.000Z,NQ,28988.75,29000.25,28983.75,28998.0,96
2026-06-10T03:58:00.000Z,NQ,29001.0,29008.0,28997.25,28997.5,153
2026-06-10T04:09:00.000Z,NQ,28956.0,28962.25,28953.0,28954.0,81
2026-06-10T04:10:00.000Z,NQ,28953.5,28962.5,28950.0,28955.75,115
2026-06-10T04:11:00.000Z,NQ,28956.75,28964.0,28948.5,28950.25,175
2026-06-10T04:12:00.000Z,NQ,28950.25,28951.25,28945.25,28945.5,62
2026-06-10T04:13:00.000Z,NQ,28946.5,28947.25,28940.25,28942.5,89
2026-06-10T04:14:00.000Z,NQ,28943.25,28951.5,28941.5,28946.5,96
2026-06-10T04:15:00.000Z,NQ,28944.5,28949.0,28936.25,28936.25,102
2026-06-10T04:16:00.000Z,NQ,28936.25,28945.5,28930.75,28945.5,156
2026-06-10T04:17:00.000Z,NQ,28945.75,28955.75,28937.25,28937.5,120
2026-06-10T04:18:00.000Z,NQ,28938.5,28957.5,28934.75,28957.0,134
2026-06-10T04:19:00.000Z,NQ,28956.75,28968.75,28956.5,28966.0,267
2026-06-10T04:20:00.000Z,NQ,28965.75,28977.75,28964.75,28967.25,177
2026-06-10T04:21:00.000Z,NQ,28965.75,28967.75,28947.0,28950.75,124
2026-06-10T04:22:00.000Z,NQ,28950.0,28961.75,28946.25,28953.5,86
2026-06-10T04:23:00.000Z,NQ,28953.0,28960.25,28950.5,28953.5,76
2026-06-10T04:24:00.000Z,NQ,28953.5,28955.0,28944.0,28947.25,128
2026-06-10T04:25:00.000Z,NQ,28950.75,28960.25,28947.5,28955.5,108
2026-06-10T04:26:00.000Z,NQ,28954.75,28964.75,28952.0,28954.25,156
2026-06-10T04:27:00.000Z,NQ,28955.5,28959.25,28949.0,28950.25,135
2026-06-10T04:28:00.000Z,NQ,28948.75,28954.5,28935.0,28946.75,270
2026-06-10T04:29:00.000Z,NQ,28949.0,28949.0,28940.0,28942.0,76
2026-06-10T04:30:00.000Z,NQ,28940.25,28940.25,28914.5,28932.5,287
2026-06-10T04:31:00.000Z,NQ,28932.25,28937.25,28923.0,28934.75,95
2026-06-10T04:32:00.000Z,NQ,28935.5,28935.5,28917.25,28919.5,101
2026-06-10T04:33:00.000Z,NQ,28921.0,28925.75,28903.5,28908.25,341
2026-06-10T04:34:00.000Z,NQ,28910.0,28916.0,28904.0,28907.75,136
2026-06-10T04:35:00.000Z,NQ,28908.75,28911.0,28905.25,28909.0,71
2026-06-10T04:36:00.000Z,NQ,28907.75,28910.0,28894.0,28894.0,181
2026-06-10T04:37:00.000Z,NQ,28896.25,28901.0,28888.25,28899.5,203
2026-06-10T04:38:00.000Z,NQ,28901.0,28915.25,28895.75,28901.25,190
2026-06-10T04:39:00.000Z,NQ,28901.75,28908.5,28896.75,28905.75,112
2026-06-10T04:40:00.000Z,NQ,28906.75,28923.0,28904.25,28906.0,157
2026-06-10T04:41:00.000Z,NQ,28904.75,28905.5,28888.0,28894.25,224
2026-06-10T04:42:00.000Z,NQ,28894.25,28898.5,28886.25,28890.0,137
2026-06-10T04:43:00.000Z,NQ,28891.25,28896.25,28886.25,28892.25,67
2026-06-10T04:44:00.000Z,NQ,28892.5,28892.75,28875.75,28878.25,218
2026-06-10T04:45:00.000Z,NQ,28877.5,28879.5,28867.25,28875.75,207
2026-06-10T04:46:00.000Z,NQ,28877.75,28897.25,28877.75,28894.0,225
2026-06-10T04:47:00.000Z,NQ,28890.75,28898.0,28880.25,28885.0,139
2026-06-10T04:48:00.000Z,NQ,28883.5,28893.5,28880.25,28890.75,107
2026-06-10T04:49:00.000Z,NQ,28893.0,28918.25,28888.5,28913.75,229
2026-06-10T04:50:00.000Z,NQ,28911.75,28923.75,28901.25,28920.0,169
2026-06-10T04:51:00.000Z,NQ,28917.75,28925.5,28904.0,28907.5,98
2026-06-10T04:52:00.000Z,NQ,28909.75,28919.0,28908.25,28915.0,75
2026-06-10T04:53:00.000Z,NQ,28913.5,28923.25,28912.5,28920.5,90
2026-06-10T04:54:00.000Z,NQ,28922.5,28944.25,28920.0,28939.0,213
2026-06-10T04:55:00.000Z,NQ,28938.5,28946.0,28911.0,28914.75,200
2026-06-10T04:56:00.000Z,NQ,28916.75,28917.25,28900.0,28900.0,117
2026-06-10T04:57:00.000Z,NQ,28899.25,28910.75,28899.25,28905.0,103
2026-06-10T04:58:00.000Z,NQ,28902.25,28905.5,28895.5,28899.0,84
2026-06-10T04:59:00.000Z,NQ,28900.75,28901.0,28890.5,28898.5,92
2026-06-10T05:00:00.000Z,NQ,28898.75,28903.0,28886.25,28898.25,88
2026-06-10T05:01:00.000Z,NQ,28897.0,28898.0,28885.25,28890.5,119
2026-06-10T05:02:00.000Z,NQ,28892.0,28917.0,28889.75,28913.5,151
2026-06-10T05:03:00.000Z,NQ,28913.75,28927.5,28911.25,28912.0,164
2026-06-10T05:04:00.000Z,NQ,28913.25,28930.5,28911.75,28926.25,109
2026-06-10T05:05:00.000Z,NQ,28925.0,28925.0,28908.75,28923.25,81
2026-06-10T05:06:00.000Z,NQ,28922.5,28951.0,28915.75,28947.75,233
2026-06-10T05:07:00.000Z,NQ,28947.75,28947.75,28929.5,28930.75,140
2026-06-10T05:08:00.000Z,NQ,28935.5,28937.5,28906.0,28912.75,158
2026-06-10T05:09:00.000Z,NQ,28911.25,28919.25,28906.0,28912.25,67
2026-06-10T05:10:00.000Z,NQ,28912.25,28916.0,28897.75,28901.5,88
2026-06-10T05:11:00.000Z,NQ,28900.0,28915.0,28899.5,28905.25,91
2026-06-10T05:12:00.000Z,NQ,28905.25,28918.5,28900.25,28914.0,74
2026-06-10T05:13:00.000Z,NQ,28911.5,28915.0,28901.5,28913.75,62
2026-06-10T05:14:00.000Z,NQ,28913.0,28913.0,28901.0,28907.5,40
2026-06-10T05:15:00.000Z,NQ,28905.0,28905.0,28882.0,28883.0,125
2026-06-10T05:16:00.000Z,NQ,28884.75,28887.75,28872.0,28882.0,169
2026-06-10T05:17:00.000Z,NQ,28882.75,28882.75,28870.25,28870.75,88
2026-06-10T05:18:00.000Z,NQ,28869.5,28872.25,28855.25,28869.5,262
2026-06-10T05:19:00.000Z,NQ,28867.25,28868.75,28857.75,28860.5,104
2026-06-10T05:20:00.000Z,NQ,28861.75,28867.25,28855.5,28867.25,160
2026-06-10T05:21:00.000Z,NQ,28868.0,28876.5,28854.25,28876.5,169
2026-06-10T05:22:00.000Z,NQ,28874.5,28885.25,28853.75,28867.5,452
2026-06-10T05:23:00.000Z,NQ,28867.0,28871.75,28853.75,28865.75,131
2026-06-10T05:24:00.000Z,NQ,28865.75,28875.0,28861.25,28872.25,103
2026-06-10T05:25:00.000Z,NQ,28871.0,28876.5,28863.0,28865.5,104
2026-06-10T05:26:00.000Z,NQ,28864.75,28880.75,28864.25,28868.25,127
2026-06-10T05:27:00.000Z,NQ,28869.0,28898.0,28867.25,28898.0,179
2026-06-10T05:28:00.000Z,NQ,28899.0,28922.75,28899.0,28922.0,298
2026-06-10T05:29:00.000Z,NQ,28921.25,28939.5,28907.25,28937.5,288
2026-06-10T05:30:00.000Z,NQ,28938.0,28944.25,28893.5,28905.75,374
2026-06-10T05:31:00.000Z,NQ,28904.0,28906.25,28881.5,28892.25,135
2026-06-10T05:32:00.000Z,NQ,28891.0,28924.5,28890.75,28917.75,175
2026-06-10T05:33:00.000Z,NQ,28915.5,28927.5,28904.25,28924.5,128
2026-06-10T05:34:00.000Z,NQ,28923.5,28929.75,28912.0,28914.0,81
2026-06-10T05:35:00.000Z,NQ,28914.25,28920.0,28903.5,28919.25,97
2026-06-10T05:36:00.000Z,NQ,28920.5,28920.5,28907.5,28911.5,89
2026-06-10T05:37:00.000Z,NQ,28915.5,28918.5,28909.5,28912.25,40
2026-06-10T05:38:00.000Z,NQ,28909.0,28910.25,28903.25,28907.75,32
2026-06-10T05:39:00.000Z,NQ,28909.0,28930.0,28907.5,28924.0,111
2026-06-10T05:40:00.000Z,NQ,28925.5,28936.75,28922.25,28933.75,94
2026-06-10T05:41:00.000Z,NQ,28935.5,28945.0,28926.75,28926.75,212
2026-06-10T05:42:00.000Z,NQ,28930.0,28935.5,28911.25,28932.75,203
2026-06-10T05:43:00.000Z,NQ,28929.5,28935.75,28918.75,28920.0,66
2026-06-10T05:44:00.000Z,NQ,28920.25,28920.25,28905.5,28918.25,70
2026-06-10T05:45:00.000Z,NQ,28917.25,28926.0,28915.0,28915.0,61
2026-06-10T05:46:00.000Z,NQ,28913.0,28913.0,28896.5,28903.75,110
2026-06-10T05:47:00.000Z,NQ,28902.5,28909.5,28898.25,28903.0,66
2026-06-10T05:48:00.000Z,NQ,28901.0,28908.0,28893.25,28904.0,102
2026-06-10T05:49:00.000Z,NQ,28901.25,28916.0,28901.25,28912.5,59
2026-06-10T05:50:00.000Z,NQ,28910.0,28938.75,28907.25,28933.25,253
2026-06-10T05:51:00.000Z,NQ,28933.0,28936.75,28928.75,28933.0,112
2026-06-10T05:52:00.000Z,NQ,28932.5,28935.75,28926.75,28935.5,94
2026-06-10T05:53:00.000Z,NQ,28937.0,28944.5,28927.25,28932.75,173
2026-06-10T05:54:00.000Z,NQ,28936.25,28946.5,28935.75,28943.25,76
2026-06-10T05:55:00.000Z,NQ,28944.25,28950.0,28942.0,28945.75,165
2026-06-10T05:56:00.000Z,NQ,28946.25,28960.25,28942.0,28954.25,175
2026-06-10T05:57:00.000Z,NQ,28956.0,28968.0,28946.5,28947.0,183
2026-06-10T05:58:00.000Z,NQ,28946.5,28946.5,28932.5,28938.75,192
2026-06-10T05:59:00.000Z,NQ,28937.5,28947.25,28936.25,28943.25,105
2026-06-10T06:00:00.000Z,NQ,28945.0,28951.0,28935.75,28939.5,146
2026-06-10T06:01:00.000Z,NQ,28942.25,28961.0,28942.25,28948.25,224
2026-06-10T06:02:00.000Z,NQ,28952.75,28955.0,28940.5,28944.75,167
2026-06-10T06:03:00.000Z,NQ,28948.0,28955.25,28947.25,28952.75,85
2026-06-10T06:04:00.000Z,NQ,28955.0,28971.0,28955.0,28966.0,166
2026-06-10T06:05:00.000Z,NQ,28966.5,28974.5,28961.0,28971.0,121
2026-06-10T06:06:00.000Z,NQ,28970.0,28980.0,28965.75,28972.75,169
2026-06-10T06:07:00.000Z,NQ,28971.5,28998.0,28971.5,28990.0,237
2026-06-10T06:08:00.000Z,NQ,28991.75,28995.25,28986.0,28990.0,196
2026-06-10T06:09:00.000Z,NQ,28989.5,28997.0,28978.75,28980.0,196
2026-06-10T06:10:00.000Z,NQ,28976.0,28977.0,28961.25,28965.5,193
2026-06-10T06:11:00.000Z,NQ,28964.0,28976.0,28964.0,28975.0,79
2026-06-10T06:12:00.000Z,NQ,28974.0,28975.75,28966.75,28974.5,61
2026-06-10T06:13:00.000Z,NQ,28976.75,28982.0,28973.0,28981.25,92
2026-06-10T06:14:00.000Z,NQ,28980.25,28981.25,28972.25,28977.25,75
2026-06-10T06:15:00.000Z,NQ,28975.0,28983.0,28972.5,28982.0,64
2026-06-10T06:16:00.000Z,NQ,28981.0,28990.25,28980.5,28985.75,132
2026-06-10T06:17:00.000Z,NQ,28986.5,28994.5,28982.25,28992.5,110
2026-06-10T06:18:00.000Z,NQ,28993.5,28995.75,28990.0,28994.5,82
2026-06-10T06:19:00.000Z,NQ,28994.0,29001.25,28990.5,28998.25,241
2026-06-10T06:20:00.000Z,NQ,28999.5,29000.25,28983.75,28985.75,151
2026-06-10T06:21:00.000Z,NQ,28987.25,28993.75,28979.0,28981.25,119
2026-06-10T06:22:00.000Z,NQ,28981.5,28983.25,28969.25,28974.75,140
2026-06-10T06:23:00.000Z,NQ,28974.75,28982.5,28971.75,28978.5,83
2026-06-10T06:24:00.000Z,NQ,28978.0,28978.0,28953.0,28957.0,201
2026-06-10T06:25:00.000Z,NQ,28956.25,28965.0,28952.25,28961.5,120
2026-06-10T06:26:00.000Z,NQ,28964.75,28984.5,28964.25,28978.0,246
2026-06-10T06:27:00.000Z,NQ,28978.75,28980.0,28968.25,28970.75,71
2026-06-10T06:28:00.000Z,NQ,28971.75,28986.5,28971.75,28981.5,72
2026-06-10T06:29:00.000Z,NQ,28981.5,28987.5,28974.5,28983.25,85
2026-06-10T06:30:00.000Z,NQ,28981.75,29001.25,28980.5,28996.0,303
2026-06-10T06:31:00.000Z,NQ,28996.5,28996.5,28968.5,28974.25,217
2026-06-10T06:32:00.000Z,NQ,28974.75,28983.75,28969.75,28982.5,127
2026-06-10T06:33:00.000Z,NQ,28982.5,28982.5,28967.5,28971.5,119
2026-06-10T06:34:00.000Z,NQ,28973.0,28986.75,28973.0,28975.75,151
2026-06-10T06:35:00.000Z,NQ,28976.25,28977.0,28962.25,28969.25,250
2026-06-10T06:36:00.000Z,NQ,28968.5,28986.75,28968.0,28984.5,70
2026-06-10T06:37:00.000Z,NQ,28986.0,28997.5,28985.25,28997.5,165
2026-06-10T06:38:00.000Z,NQ,28998.25,29014.0,28998.25,29010.75,246
2026-06-10T06:39:00.000Z,NQ,29010.25,29012.25,28988.0,28992.25,279
2026-06-10T06:40:00.000Z,NQ,28992.0,28992.5,28980.75,28980.75,160
2026-06-10T06:41:00.000Z,NQ,28981.75,28991.0,28975.75,28989.75,176
2026-06-10T06:42:00.000Z,NQ,28989.25,28996.5,28987.5,28991.0,72
2026-06-10T06:43:00.000Z,NQ,28990.5,28993.25,28978.75,28984.75,126
2026-06-10T06:44:00.000Z,NQ,28986.25,28990.75,28986.0,28989.5,30
2026-06-10T06:45:00.000Z,NQ,28985.0,28987.5,28976.25,28987.25,161
2026-06-10T06:46:00.000Z,NQ,28988.0,28989.25,28984.25,28985.75,25
2026-06-10T06:47:00.000Z,NQ,28986.0,28987.0,28978.75,28986.0,58
2026-06-10T06:48:00.000Z,NQ,28986.75,28987.25,28980.25,28980.25,44
2026-06-10T06:49:00.000Z,NQ,28981.25,28987.25,28981.25,28982.0,62
2026-06-10T06:50:00.000Z,NQ,28980.75,28980.75,28966.5,28968.25,86
2026-06-10T06:51:00.000Z,NQ,28968.25,28986.75,28966.0,28983.0,146
2026-06-10T06:52:00.000Z,NQ,28983.0,28988.25,28971.0,28972.0,130
2026-06-10T06:53:00.000Z,NQ,28972.75,28978.0,28972.75,28974.25,65
2026-06-10T06:54:00.000Z,NQ,28976.25,28979.75,28971.5,28978.0,66
2026-06-10T06:55:00.000Z,NQ,28975.0,28979.25,28972.75,28974.75,43
2026-06-10T06:56:00.000Z,NQ,28972.75,28972.75,28966.75,28967.5,41
2026-06-10T06:57:00.000Z,NQ,28969.25,28969.5,28961.5,28965.75,39
2026-06-10T06:58:00.000Z,NQ,28964.5,28967.5,28959.25,28966.0,180
2026-06-10T06:59:00.000Z,NQ,28966.0,28971.5,28960.75,28968.5,102
2026-06-10T07:00:00.000Z,NQ,28969.0,28981.0,28964.0,28974.75,188
2026-06-10T07:01:00.000Z,NQ,28974.75,28979.75,28970.0,28973.0,67
2026-06-10T07:02:00.000Z,NQ,28972.25,28978.0,28969.5,28973.5,50
2026-06-10T07:03:00.000Z,NQ,28974.25,28974.5,28961.75,28966.75,109
2026-06-10T07:04:00.000Z,NQ,28967.5,28973.0,28955.75,28957.75,185
2026-06-10T07:05:00.000Z,NQ,28956.0,28964.25,28955.0,28960.25,166
2026-06-10T07:06:00.000Z,NQ,28959.5,28960.0,28942.5,28952.0,237
2026-06-10T07:07:00.000Z,NQ,28951.0,28970.75,28947.25,28962.75,227
2026-06-10T07:08:00.000Z,NQ,28963.5,28972.75,28959.75,28971.0,86
2026-06-10T07:09:00.000Z,NQ,28970.5,28978.25,28969.5,28976.25,82
2026-06-10T07:10:00.000Z,NQ,28976.5,29000.0,28975.5,28996.25,156
2026-06-10T07:11:00.000Z,NQ,28999.0,29001.0,28981.0,28986.5,157
2026-06-10T07:12:00.000Z,NQ,28987.25,28987.5,28968.25,28973.0,131
2026-06-10T07:13:00.000Z,NQ,28973.0,28973.75,28960.75,28962.0,98
2026-06-10T07:14:00.000Z,NQ,28966.5,28989.5,28966.5,28981.25,97
2026-06-10T07:15:00.000Z,NQ,28980.75,28993.0,28976.75,28992.75,80
2026-06-10T07:16:00.000Z,NQ,28994.0,28994.25,28986.0,28987.25,75
2026-06-10T07:17:00.000Z,NQ,28988.5,28988.5,28974.75,28975.25,98
2026-06-10T07:18:00.000Z,NQ,28974.0,28974.0,28963.0,28965.25,96
2026-06-10T07:19:00.000Z,NQ,28964.75,28969.0,28952.75,28954.5,112
2026-06-10T07:20:00.000Z,NQ,28959.25,28960.25,28944.0,28946.5,127
2026-06-10T07:21:00.000Z,NQ,28946.0,28957.5,28938.0,28955.75,154
2026-06-10T07:22:00.000Z,NQ,28957.75,28968.25,28953.75,28960.75,128
2026-06-10T07:23:00.000Z,NQ,28960.5,28971.0,28958.0,28963.5,112
2026-06-10T07:24:00.000Z,NQ,28964.0,28965.25,28950.5,28952.75,72
2026-06-10T07:25:00.000Z,NQ,28952.75,28952.75,28932.25,28937.0,99
2026-06-10T07:26:00.000Z,NQ,28936.0,28946.5,28929.25,28945.25,140
2026-06-10T07:27:00.000Z,NQ,28947.0,28948.5,28934.5,28942.75,96
2026-06-10T07:28:00.000Z,NQ,28941.5,28948.5,28934.75,28946.25,95
2026-06-10T07:29:00.000Z,NQ,28947.5,28947.5,28934.75,28942.5,70
2026-06-10T07:30:00.000Z,NQ,28943.0,28945.75,28930.25,28943.25,112
2026-06-10T07:31:00.000Z,NQ,28944.5,28956.0,28944.5,28953.5,99
2026-06-10T07:32:00.000Z,NQ,28955.75,28961.0,28950.0,28955.0,113
2026-06-10T07:33:00.000Z,NQ,28951.0,28953.0,28942.75,28949.0,66
2026-06-10T07:34:00.000Z,NQ,28949.25,28982.0,28949.25,28977.5,227
2026-06-10T07:35:00.000Z,NQ,28979.0,28984.5,28966.5,28972.75,121
2026-06-10T07:36:00.000Z,NQ,28971.75,28975.5,28964.5,28967.0,66
2026-06-10T07:37:00.000Z,NQ,28968.0,28981.25,28963.75,28977.5,64
2026-06-10T07:38:00.000Z,NQ,28975.75,28976.75,28953.75,28957.75,124
2026-06-10T07:39:00.000Z,NQ,28957.5,28961.0,28951.5,28953.25,51
2026-06-10T07:40:00.000Z,NQ,28957.0,28957.5,28951.0,28953.0,41
2026-06-10T07:41:00.000Z,NQ,28955.75,28961.0,28941.75,28943.25,91
2026-06-10T07:42:00.000Z,NQ,28944.5,28949.75,28940.0,28947.5,41
2026-06-10T07:43:00.000Z,NQ,28944.5,28946.75,28936.5,28937.75,69
2026-06-10T07:44:00.000Z,NQ,28938.25,28950.0,28938.25,28947.25,65
2026-06-10T07:45:00.000Z,NQ,28946.25,28948.0,28937.75,28943.0,47
2026-06-10T07:46:00.000Z,NQ,28943.75,28943.75,28926.25,28934.0,133
2026-06-10T07:47:00.000Z,NQ,28933.75,28962.5,28931.75,28962.5,182
2026-06-10T07:48:00.000Z,NQ,28962.25,28966.25,28949.25,28957.5,150
2026-06-10T07:49:00.000Z,NQ,28957.75,28958.25,28942.25,28950.25,110
2026-06-10T07:50:00.000Z,NQ,28949.75,28953.0,28935.0,28941.25,98
2026-06-10T07:51:00.000Z,NQ,28939.25,28957.75,28935.5,28956.0,165
2026-06-10T07:52:00.000Z,NQ,28954.75,28954.75,28942.25,28950.75,91
2026-06-10T07:53:00.000Z,NQ,28950.5,28950.75,28936.75,28946.75,159
2026-06-10T07:54:00.000Z,NQ,28946.0,28950.75,28938.25,28950.0,116
2026-06-10T07:55:00.000Z,NQ,28948.5,28963.75,28946.25,28963.75,118
2026-06-10T07:56:00.000Z,NQ,28964.25,28966.25,28956.25,28958.75,116
2026-06-10T07:57:00.000Z,NQ,28960.0,28970.5,28957.25,28965.75,134
2026-06-10T07:58:00.000Z,NQ,28965.5,28973.0,28964.0,28964.0,71
2026-06-10T07:59:00.000Z,NQ,28965.75,28968.0,28960.5,28964.25,170
2026-06-10T08:00:00.000Z,NQ,28964.25,28965.0,28929.75,28931.25,224
2026-06-10T08:01:00.000Z,NQ,28931.25,28943.25,28922.0,28923.25,226
2026-06-10T08:02:00.000Z,NQ,28923.0,28926.0,28887.75,28891.25,348
2026-06-10T08:03:00.000Z,NQ,28890.75,28895.0,28873.25,28885.0,259
2026-06-10T08:04:00.000Z,NQ,28885.5,28909.5,28882.25,28906.75,356
2026-06-10T08:05:00.000Z,NQ,28907.0,28913.5,28891.0,28903.5,200
2026-06-10T08:06:00.000Z,NQ,28904.75,28911.25,28891.5,28899.75,155
2026-06-10T08:07:00.000Z,NQ,28900.5,28930.0,28900.0,28923.75,219
2026-06-10T08:08:00.000Z,NQ,28925.25,28931.0,28917.25,28921.0,140
2026-06-10T08:09:00.000Z,NQ,28920.75,28922.5,28909.0,28921.0,108
2026-06-10T08:10:00.000Z,NQ,28922.5,28938.0,28921.25,28934.75,138
2026-06-10T08:11:00.000Z,NQ,28933.75,28939.0,28927.5,28930.75,149
2026-06-10T08:12:00.000Z,NQ,28931.25,28931.25,28897.0,28897.75,330
2026-06-10T08:13:00.000Z,NQ,28898.0,28900.5,28888.75,28892.0,128
2026-06-10T08:14:00.000Z,NQ,28891.25,28892.5,28875.75,28876.25,270
2026-06-10T08:15:00.000Z,NQ,28876.25,28891.0,28876.25,28885.0,205
2026-06-10T08:16:00.000Z,NQ,28884.5,28891.5,28878.75,28881.0,196
2026-06-10T08:17:00.000Z,NQ,28881.75,28881.75,28868.25,28876.25,226
2026-06-10T08:18:00.000Z,NQ,28880.25,28890.0,28879.25,28880.5,99
2026-06-10T08:19:00.000Z,NQ,28879.0,28894.75,28866.5,28870.25,188
2026-06-10T08:20:00.000Z,NQ,28869.25,28872.25,28860.25,28864.0,245
2026-06-10T08:21:00.000Z,NQ,28862.75,28875.5,28856.0,28871.75,285
2026-06-10T08:22:00.000Z,NQ,28872.5,28884.25,28869.25,28877.5,131
2026-06-10T08:23:00.000Z,NQ,28875.75,28885.75,28869.0,28885.5,110
2026-06-10T08:24:00.000Z,NQ,28886.0,28894.0,28860.0,28875.0,487
2026-06-10T08:25:00.000Z,NQ,28876.25,28887.5,28869.5,28873.25,126
2026-06-10T08:26:00.000Z,NQ,28872.0,28880.25,28856.25,28858.25,224
2026-06-10T08:27:00.000Z,NQ,28859.5,28863.75,28842.25,28846.0,348
2026-06-10T08:28:00.000Z,NQ,28848.0,28858.25,28844.75,28854.75,210
2026-06-10T08:29:00.000Z,NQ,28853.5,28863.0,28852.5,28861.0,177
2026-06-10T08:30:00.000Z,NQ,28861.0,28869.0,28851.5,28857.5,168
2026-06-10T08:31:00.000Z,NQ,28856.0,28866.5,28852.0,28863.25,218
2026-06-10T08:32:00.000Z,NQ,28862.75,28871.0,28856.5,28868.75,224
2026-06-10T08:33:00.000Z,NQ,28870.0,28870.75,28857.0,28859.75,126
2026-06-10T08:34:00.000Z,NQ,28862.0,28863.5,28845.25,28848.5,115
2026-06-10T08:35:00.000Z,NQ,28847.0,28861.75,28845.0,28860.0,118
2026-06-10T08:36:00.000Z,NQ,28861.0,28888.0,28860.0,28875.0,171
2026-06-10T08:37:00.000Z,NQ,28872.5,28880.5,28868.5,28875.5,146
2026-06-10T08:38:00.000Z,NQ,28874.75,28884.75,28867.5,28867.5,148
2026-06-10T08:39:00.000Z,NQ,28866.0,28869.25,28850.25,28858.5,154
2026-06-10T08:40:00.000Z,NQ,28857.0,28857.0,28848.5,28850.0,97
2026-06-10T08:41:00.000Z,NQ,28851.75,28851.75,28837.0,28846.0,197
2026-06-10T08:42:00.000Z,NQ,28845.25,28845.5,28817.25,28818.0,302
2026-06-10T08:43:00.000Z,NQ,28819.75,28822.5,28788.25,28806.75,564
2026-06-10T08:44:00.000Z,NQ,28806.0,28806.0,28768.25,28776.25,495
2026-06-10T08:45:00.000Z,NQ,28774.5,28780.75,28764.25,28776.75,473
2026-06-10T08:46:00.000Z,NQ,28778.5,28787.0,28760.75,28767.25,316
2026-06-10T08:47:00.000Z,NQ,28768.75,28768.75,28746.25,28747.5,504
2026-06-10T08:48:00.000Z,NQ,28749.25,28763.0,28742.25,28754.75,410
2026-06-10T08:49:00.000Z,NQ,28755.25,28777.5,28749.25,28777.25,378
2026-06-10T08:50:00.000Z,NQ,28776.75,28798.0,28773.25,28795.0,371
2026-06-10T08:51:00.000Z,NQ,28794.5,28819.75,28794.5,28799.0,362
2026-06-10T08:52:00.000Z,NQ,28799.5,28807.5,28792.25,28807.0,137
2026-06-10T08:53:00.000Z,NQ,28806.75,28806.75,28790.5,28796.0,456
2026-06-10T08:54:00.000Z,NQ,28798.0,28799.25,28772.75,28772.75,246
2026-06-10T08:55:00.000Z,NQ,28773.75,28777.75,28764.0,28771.25,187
2026-06-10T08:56:00.000Z,NQ,28769.75,28779.25,28765.25,28774.5,169
2026-06-10T08:57:00.000Z,NQ,28773.5,28776.0,28762.0,28766.0,175
2026-06-10T08:58:00.000Z,NQ,28763.0,28763.0,28748.5,28750.0,99
2026-06-10T08:59:00.000Z,NQ,28749.75,28764.25,28747.5,28762.0,182
2026-06-10T09:00:00.000Z,NQ,28763.5,28768.25,28750.25,28751.75,168
2026-06-10T09:01:00.000Z,NQ,28752.75,28759.75,28748.5,28758.25,173
2026-06-10T09:02:00.000Z,NQ,28758.5,28762.75,28745.75,28759.25,144
2026-06-10T09:03:00.000Z,NQ,28758.25,28774.0,28752.75,28757.0,250
2026-06-10T09:04:00.000Z,NQ,28757.5,28763.0,28749.25,28761.5,228
2026-06-10T09:05:00.000Z,NQ,28761.0,28787.0,28760.75,28782.25,348
2026-06-10T09:06:00.000Z,NQ,28780.0,28788.75,28762.0,28772.0,278
2026-06-10T09:07:00.000Z,NQ,28772.75,28785.75,28768.5,28779.0,112
2026-06-10T09:08:00.000Z,NQ,28779.25,28781.0,28758.25,28758.75,163
2026-06-10T09:09:00.000Z,NQ,28759.0,28769.75,28755.25,28757.25,136
2026-06-10T09:10:00.000Z,NQ,28755.0,28797.0,28752.0,28779.25,437
2026-06-10T09:11:00.000Z,NQ,28779.0,28779.0,28733.25,28747.25,347
2026-06-10T09:12:00.000Z,NQ,28745.25,28749.75,28722.0,28723.25,404
2026-06-10T09:13:00.000Z,NQ,28721.75,28734.25,28720.0,28721.75,342
2026-06-10T09:14:00.000Z,NQ,28722.75,28726.75,28709.5,28710.75,280
2026-06-10T09:15:00.000Z,NQ,28709.75,28715.75,28684.0,28698.0,650
2026-06-10T09:16:00.000Z,NQ,28697.5,28709.75,28684.5,28704.75,478
2026-06-10T09:17:00.000Z,NQ,28703.5,28732.75,28701.75,28727.75,397
2026-06-10T09:18:00.000Z,NQ,28726.25,28737.75,28721.75,28721.75,262
2026-06-10T09:19:00.000Z,NQ,28722.75,28724.75,28707.5,28710.0,326
2026-06-10T09:20:00.000Z,NQ,28711.25,28714.0,28692.0,28712.75,317
2026-06-10T09:21:00.000Z,NQ,28713.75,28720.0,28692.25,28692.25,223
2026-06-10T09:22:00.000Z,NQ,28692.5,28710.75,28689.25,28703.75,182
2026-06-10T09:23:00.000Z,NQ,28703.25,28714.0,28699.25,28709.25,133
2026-06-10T09:24:00.000Z,NQ,28709.0,28725.0,28705.0,28723.25,114
2026-06-10T09:25:00.000Z,NQ,28722.25,28755.0,28719.25,28753.5,400
2026-06-10T09:26:00.000Z,NQ,28752.75,28763.0,28748.5,28763.0,222
2026-06-10T09:27:00.000Z,NQ,28760.75,28769.0,28753.75,28757.5,198
2026-06-10T09:28:00.000Z,NQ,28758.0,28770.0,28753.75,28767.5,146
2026-06-10T09:29:00.000Z,NQ,28768.25,28783.5,28765.25,28778.25,226
2026-06-10T09:30:00.000Z,NQ,28776.75,28786.25,28763.25,28783.25,279
2026-06-10T09:31:00.000Z,NQ,28783.25,28785.0,28770.5,28770.5,175
2026-06-10T09:32:00.000Z,NQ,28773.75,28782.25,28767.0,28779.5,99
2026-06-10T09:33:00.000Z,NQ,28780.0,28787.0,28774.0,28774.75,122
2026-06-10T09:34:00.000Z,NQ,28775.75,28784.5,28775.25,28779.0,116
2026-06-10T09:35:00.000Z,NQ,28780.25,28794.75,28774.25,28791.0,220
2026-06-10T09:36:00.000Z,NQ,28793.5,28801.5,28788.0,28791.0,183
2026-06-10T09:37:00.000Z,NQ,28792.0,28792.75,28781.0,28788.5,97
2026-06-10T09:38:00.000Z,NQ,28788.0,28830.0,28788.0,28810.0,401
2026-06-10T09:39:00.000Z,NQ,28813.75,28816.0,28787.5,28789.75,286
2026-06-10T09:40:00.000Z,NQ,28790.25,28792.25,28758.75,28768.0,354
2026-06-10T09:41:00.000Z,NQ,28766.75,28768.5,28757.5,28758.75,259
2026-06-10T09:42:00.000Z,NQ,28759.5,28763.75,28744.0,28744.75,281
2026-06-10T09:43:00.000Z,NQ,28745.25,28757.0,28742.0,28755.25,189
2026-06-10T09:44:00.000Z,NQ,28757.25,28769.5,28756.75,28762.75,220
2026-06-10T09:45:00.000Z,NQ,28763.5,28779.0,28759.75,28776.5,104
2026-06-10T09:46:00.000Z,NQ,28776.25,28777.0,28746.5,28746.5,136
2026-06-10T09:47:00.000Z,NQ,28748.5,28757.75,28748.0,28754.0,108
2026-06-10T09:48:00.000Z,NQ,28754.25,28754.5,28739.25,28751.75,152
2026-06-10T09:49:00.000Z,NQ,28749.75,28761.75,28748.0,28759.5,105
2026-06-10T09:50:00.000Z,NQ,28760.25,28765.0,28744.5,28762.75,148
2026-06-10T09:51:00.000Z,NQ,28761.0,28772.5,28754.5,28770.5,99
2026-06-10T09:52:00.000Z,NQ,28771.0,28778.75,28753.75,28753.75,255
2026-06-10T09:53:00.000Z,NQ,28755.0,28760.25,28739.25,28740.75,221
2026-06-10T09:54:00.000Z,NQ,28740.5,28771.75,28735.0,28768.75,269
2026-06-10T09:55:00.000Z,NQ,28769.0,28777.75,28766.5,28773.75,81
2026-06-10T09:56:00.000Z,NQ,28773.75,28786.0,28773.25,28784.0,127
2026-06-10T09:57:00.000Z,NQ,28786.25,28788.25,28767.0,28768.0,105
2026-06-10T09:58:00.000Z,NQ,28768.75,28778.5,28768.75,28776.0,69
2026-06-10T09:59:00.000Z,NQ,28773.25,28780.0,28768.5,28777.75,68
2026-06-10T10:00:00.000Z,NQ,28779.5,28781.75,28764.0,28769.5,341
2026-06-10T10:01:00.000Z,NQ,28768.75,28769.25,28749.75,28765.0,150
2026-06-10T10:02:00.000Z,NQ,28764.75,28773.25,28759.0,28769.75,122
2026-06-10T10:03:00.000Z,NQ,28767.75,28767.75,28756.25,28763.25,82
2026-06-10T10:04:00.000Z,NQ,28767.0,28775.0,28767.0,28768.75,44
2026-06-10T10:05:00.000Z,NQ,28766.75,28770.0,28740.0,28750.5,163
2026-06-10T10:06:00.000Z,NQ,28752.5,28756.75,28745.0,28745.0,121
2026-06-10T10:07:00.000Z,NQ,28745.75,28754.25,28745.0,28747.75,68
2026-06-10T10:08:00.000Z,NQ,28746.75,28765.75,28746.75,28764.0,209
2026-06-10T10:09:00.000Z,NQ,28765.75,28786.0,28764.25,28778.75,218
2026-06-10T10:10:00.000Z,NQ,28779.75,28780.25,28753.75,28758.75,204
2026-06-10T10:11:00.000Z,NQ,28756.75,28766.25,28753.75,28762.0,82
2026-06-10T10:12:00.000Z,NQ,28759.25,28765.0,28754.0,28761.75,79
2026-06-10T10:13:00.000Z,NQ,28764.5,28774.0,28759.75,28770.25,105
2026-06-10T10:14:00.000Z,NQ,28769.5,28770.5,28761.25,28762.75,88
2026-06-10T10:15:00.000Z,NQ,28763.0,28765.5,28745.25,28746.75,115
2026-06-10T10:16:00.000Z,NQ,28745.0,28755.5,28740.0,28740.0,159
2026-06-10T10:17:00.000Z,NQ,28740.0,28744.5,28727.5,28729.75,342
2026-06-10T10:18:00.000Z,NQ,28731.5,28734.5,28716.25,28717.5,230
2026-06-10T10:19:00.000Z,NQ,28717.75,28730.75,28710.0,28725.75,457
2026-06-10T10:20:00.000Z,NQ,28722.0,28722.0,28702.0,28706.25,314
2026-06-10T10:21:00.000Z,NQ,28707.25,28742.5,28699.25,28740.0,409
2026-06-10T10:22:00.000Z,NQ,28740.0,28750.5,28738.5,28741.5,149
2026-06-10T10:23:00.000Z,NQ,28743.75,28746.0,28736.5,28744.0,80
2026-06-10T10:24:00.000Z,NQ,28743.5,28762.75,28741.0,28749.25,215
2026-06-10T10:25:00.000Z,NQ,28747.75,28759.75,28745.25,28757.25,210
2026-06-10T10:26:00.000Z,NQ,28755.75,28756.0,28740.0,28747.0,100
2026-06-10T10:27:00.000Z,NQ,28746.5,28758.5,28741.0,28752.25,164
2026-06-10T10:28:00.000Z,NQ,28753.5,28771.0,28747.25,28764.5,281
2026-06-10T10:29:00.000Z,NQ,28767.75,28772.25,28762.25,28766.75,111
2026-06-10T10:30:00.000Z,NQ,28765.75,28809.0,28760.25,28799.75,630
2026-06-10T10:31:00.000Z,NQ,28801.5,28808.0,28793.75,28807.25,160
2026-06-10T10:32:00.000Z,NQ,28804.25,28806.25,28791.75,28794.25,230
2026-06-10T10:33:00.000Z,NQ,28793.5,28800.5,28789.5,28795.25,111
2026-06-10T10:34:00.000Z,NQ,28794.0,28794.5,28776.0,28777.75,108
2026-06-10T10:35:00.000Z,NQ,28776.25,28780.75,28766.75,28773.5,99
2026-06-10T10:36:00.000Z,NQ,28778.25,28791.75,28778.0,28791.75,97
2026-06-10T10:37:00.000Z,NQ,28790.75,28803.0,28779.5,28801.0,150
2026-06-10T10:38:00.000Z,NQ,28798.5,28800.5,28792.25,28796.5,71
2026-06-10T10:39:00.000Z,NQ,28797.75,28808.25,28793.75,28796.0,111
2026-06-10T10:40:00.000Z,NQ,28798.25,28802.25,28789.75,28794.0,77
2026-06-10T10:41:00.000Z,NQ,28794.25,28812.25,28792.25,28808.75,98
2026-06-10T10:42:00.000Z,NQ,28807.75,28819.25,28807.5,28817.75,112
2026-06-10T10:43:00.000Z,NQ,28818.25,28827.0,28815.5,28818.25,184
2026-06-10T10:44:00.000Z,NQ,28816.75,28823.5,28812.0,28823.5,64
2026-06-10T10:45:00.000Z,NQ,28824.5,28833.0,28817.0,28825.0,125
2026-06-10T10:46:00.000Z,NQ,28826.5,28832.25,28825.0,28829.5,95
2026-06-10T10:47:00.000Z,NQ,28830.75,28835.5,28815.75,28816.75,98
2026-06-10T10:48:00.000Z,NQ,28817.25,28823.0,28811.75,28812.5,139
2026-06-10T10:49:00.000Z,NQ,28814.75,28819.0,28805.25,28810.25,160
2026-06-10T10:50:00.000Z,NQ,28811.0,28811.25,28793.5,28795.25,171
2026-06-10T10:51:00.000Z,NQ,28794.25,28805.5,28788.75,28805.5,162
2026-06-10T10:52:00.000Z,NQ,28802.0,28802.5,28783.25,28783.5,162
2026-06-10T10:53:00.000Z,NQ,28781.75,28791.5,28780.25,28786.5,174
2026-06-10T10:54:00.000Z,NQ,28786.0,28792.0,28783.5,28785.0,92
2026-06-10T10:55:00.000Z,NQ,28785.75,28795.25,28776.5,28793.25,113
2026-06-10T10:56:00.000Z,NQ,28790.75,28820.0,28790.75,28812.5,333
2026-06-10T10:57:00.000Z,NQ,28813.25,28844.0,28804.25,28819.75,493
2026-06-10T10:58:00.000Z,NQ,28819.75,28830.25,28814.75,28821.0,371
2026-06-10T10:59:00.000Z,NQ,28819.25,28829.25,28816.75,28827.5,154
2026-06-10T11:00:00.000Z,NQ,28831.5,28834.5,28811.0,28819.0,284
2026-06-10T11:01:00.000Z,NQ,28820.75,28830.25,28813.25,28824.75,192
2026-06-10T11:02:00.000Z,NQ,28823.25,28845.25,28816.75,28833.5,226
2026-06-10T11:03:00.000Z,NQ,28832.0,28835.5,28735.0,28737.75,1497
2026-06-10T11:04:00.000Z,NQ,28740.75,28764.0,28701.75,28708.75,1158
2026-06-10T11:05:00.000Z,NQ,28707.5,28714.75,28653.0,28671.25,1148
2026-06-10T11:06:00.000Z,NQ,28670.75,28683.75,28638.0,28681.0,1057
2026-06-10T11:07:00.000Z,NQ,28680.5,28712.25,28672.25,28700.0,565
2026-06-10T11:08:00.000Z,NQ,28699.0,28729.0,28694.0,28718.0,382
2026-06-10T11:09:00.000Z,NQ,28717.25,28721.25,28705.25,28714.25,328
2026-06-10T11:10:00.000Z,NQ,28713.25,28722.0,28695.75,28706.5,509
2026-06-10T11:11:00.000Z,NQ,28705.0,28746.0,28697.0,28731.75,750
2026-06-10T11:12:00.000Z,NQ,28732.0,28738.25,28692.75,28696.0,414
2026-06-10T11:13:00.000Z,NQ,28694.0,28711.75,28692.25,28705.25,233
2026-06-10T11:14:00.000Z,NQ,28705.0,28740.0,28696.0,28733.5,499
2026-06-10T11:15:00.000Z,NQ,28736.0,28761.25,28726.25,28751.75,367
2026-06-10T11:16:00.000Z,NQ,28749.75,28752.5,28728.25,28743.0,206
2026-06-10T11:17:00.000Z,NQ,28739.0,28748.0,28718.75,28722.25,209
2026-06-10T11:18:00.000Z,NQ,28720.75,28734.75,28709.25,28710.5,236
2026-06-10T11:19:00.000Z,NQ,28713.5,28717.5,28698.5,28704.0,180
2026-06-10T11:20:00.000Z,NQ,28702.0,28716.5,28688.0,28701.25,515
2026-06-10T11:21:00.000Z,NQ,28700.75,28743.25,28700.25,28730.75,582
2026-06-10T11:22:00.000Z,NQ,28732.25,28766.0,28725.75,28741.75,334
2026-06-10T11:23:00.000Z,NQ,28739.75,28758.5,28733.75,28747.0,182
2026-06-10T11:24:00.000Z,NQ,28744.0,28750.75,28700.0,28709.0,500
2026-06-10T11:25:00.000Z,NQ,28709.25,28712.0,28625.0,28657.5,1588
2026-06-10T11:26:00.000Z,NQ,28658.5,28675.5,28643.0,28662.25,475
2026-06-10T11:27:00.000Z,NQ,28662.0,28673.25,28635.0,28646.5,470
2026-06-10T11:28:00.000Z,NQ,28645.0,28671.75,28644.75,28662.75,393
2026-06-10T11:29:00.000Z,NQ,28664.0,28679.75,28651.5,28671.5,339
2026-06-10T11:30:00.000Z,NQ,28672.0,28684.75,28661.5,28667.25,257
2026-06-10T11:31:00.000Z,NQ,28668.0,28670.25,28630.25,28636.25,451
2026-06-10T11:32:00.000Z,NQ,28635.0,28659.25,28622.0,28629.0,474
2026-06-10T11:33:00.000Z,NQ,28630.0,28663.5,28627.25,28650.5,382
2026-06-10T11:34:00.000Z,NQ,28650.0,28661.5,28634.25,28659.25,277
2026-06-10T11:35:00.000Z,NQ,28657.0,28677.0,28642.0,28655.5,404
2026-06-10T11:36:00.000Z,NQ,28653.5,28663.25,28642.5,28661.0,240
2026-06-10T11:37:00.000Z,NQ,28659.75,28666.5,28633.5,28647.0,292
2026-06-10T11:38:00.000Z,NQ,28648.5,28650.25,28621.25,28622.25,361
2026-06-10T11:39:00.000Z,NQ,28622.75,28629.75,28610.25,28612.75,396
2026-06-10T11:40:00.000Z,NQ,28610.5,28645.25,28610.0,28639.75,271
2026-06-10T11:41:00.000Z,NQ,28640.0,28645.25,28624.75,28627.75,238
2026-06-10T11:42:00.000Z,NQ,28626.75,28638.75,28623.0,28623.0,169
2026-06-10T11:43:00.000Z,NQ,28623.0,28651.25,28621.75,28645.25,299
2026-06-10T11:44:00.000Z,NQ,28644.25,28646.75,28631.5,28633.75,161
2026-06-10T11:45:00.000Z,NQ,28632.0,28634.5,28611.5,28622.5,372
2026-06-10T11:46:00.000Z,NQ,28622.75,28635.5,28613.75,28635.5,250
2026-06-10T11:47:00.000Z,NQ,28634.5,28647.75,28632.5,28645.5,234
2026-06-10T11:48:00.000Z,NQ,28645.5,28655.0,28635.5,28654.0,482
2026-06-10T11:49:00.000Z,NQ,28652.25,28655.25,28631.5,28639.75,261
2026-06-10T11:50:00.000Z,NQ,28639.5,28663.25,28638.75,28653.25,262
2026-06-10T11:51:00.000Z,NQ,28651.5,28686.75,28647.5,28684.0,469
2026-06-10T11:52:00.000Z,NQ,28684.0,28691.25,28678.25,28685.5,209
2026-06-10T11:53:00.000Z,NQ,28683.0,28692.5,28668.5,28681.0,208
2026-06-10T11:54:00.000Z,NQ,28682.25,28686.0,28672.0,28676.25,201
2026-06-10T11:55:00.000Z,NQ,28677.25,28703.0,28675.75,28691.75,257
2026-06-10T11:56:00.000Z,NQ,28691.25,28693.25,28660.25,28664.5,171
2026-06-10T11:57:00.000Z,NQ,28663.0,28681.75,28662.75,28672.25,181
2026-06-10T11:58:00.000Z,NQ,28672.75,28684.0,28670.5,28674.0,192
2026-06-10T11:59:00.000Z,NQ,28674.5,28684.75,28673.25,28679.5,118
2026-06-10T12:00:00.000Z,NQ,28680.75,28685.0,28666.5,28680.0,190
2026-06-10T12:01:00.000Z,NQ,28680.25,28682.25,28668.5,28672.5,126
2026-06-10T12:02:00.000Z,NQ,28671.5,28683.0,28668.75,28683.0,217
2026-06-10T12:03:00.000Z,NQ,28685.0,28691.75,28680.25,28685.25,251
2026-06-10T12:04:00.000Z,NQ,28683.25,28690.0,28668.75,28679.5,309
2026-06-10T12:05:00.000Z,NQ,28678.5,28718.75,28678.5,28718.75,434
2026-06-10T12:06:00.000Z,NQ,28718.0,28718.0,28700.5,28700.75,237
2026-06-10T12:07:00.000Z,NQ,28700.0,28707.75,28694.75,28696.0,264
2026-06-10T12:08:00.000Z,NQ,28693.5,28697.0,28680.0,28692.0,238
2026-06-10T12:09:00.000Z,NQ,28694.0,28705.75,28685.25,28699.75,188
2026-06-10T12:10:00.000Z,NQ,28699.0,28700.75,28688.0,28689.75,149
2026-06-10T12:11:00.000Z,NQ,28691.0,28692.0,28677.25,28688.0,216
2026-06-10T12:12:00.000Z,NQ,28686.5,28700.5,28680.75,28687.25,208
2026-06-10T12:13:00.000Z,NQ,28687.0,28732.0,28686.25,28720.0,752
2026-06-10T12:14:00.000Z,NQ,28721.0,28721.5,28690.0,28694.75,360
2026-06-10T12:15:00.000Z,NQ,28692.0,28729.5,28667.75,28668.0,703
2026-06-10T12:16:00.000Z,NQ,28671.0,28685.5,28663.75,28676.25,369
2026-06-10T12:17:00.000Z,NQ,28677.75,28690.5,28668.25,28690.25,252
2026-06-10T12:18:00.000Z,NQ,28692.5,28694.5,28665.0,28669.75,211
2026-06-10T12:19:00.000Z,NQ,28669.75,28678.0,28657.75,28666.0,306
2026-06-10T12:20:00.000Z,NQ,28666.0,28694.0,28666.0,28688.5,248
2026-06-10T12:21:00.000Z,NQ,28690.0,28711.5,28688.25,28693.25,351
2026-06-10T12:22:00.000Z,NQ,28695.0,28697.5,28673.0,28675.0,195
2026-06-10T12:23:00.000Z,NQ,28674.75,28679.0,28665.0,28673.75,328
2026-06-10T12:24:00.000Z,NQ,28674.5,28696.5,28674.0,28691.25,256
2026-06-10T12:25:00.000Z,NQ,28692.0,28716.75,28692.0,28713.75,387
2026-06-10T12:26:00.000Z,NQ,28714.5,28736.75,28713.5,28726.5,380
2026-06-10T12:27:00.000Z,NQ,28726.25,28729.0,28711.25,28723.0,320
2026-06-10T12:28:00.000Z,NQ,28723.5,28752.25,28723.5,28748.0,379
2026-06-10T12:29:00.000Z,NQ,28746.25,28755.0,28738.5,28753.75,480
2026-06-10T12:30:00.000Z,NQ,28759.25,28939.0,28738.75,28843.25,3508
2026-06-10T12:31:00.000Z,NQ,28844.0,28889.75,28806.75,28818.25,1928
2026-06-10T12:32:00.000Z,NQ,28818.5,28898.75,28790.0,28898.75,1666
2026-06-10T12:33:00.000Z,NQ,28895.75,28990.0,28895.0,28972.5,2174
2026-06-10T12:34:00.000Z,NQ,28970.5,28992.25,28914.75,28918.75,1488
2026-06-10T12:35:00.000Z,NQ,28918.5,28930.25,28852.75,28871.75,1869
2026-06-10T12:36:00.000Z,NQ,28873.75,28924.5,28870.0,28924.5,1351
2026-06-10T12:37:00.000Z,NQ,28924.75,28946.0,28918.0,28920.25,1091
2026-06-10T12:38:00.000Z,NQ,28919.25,28943.0,28878.0,28942.0,970
2026-06-10T12:39:00.000Z,NQ,28940.25,28953.75,28892.25,28894.75,784
2026-06-10T12:40:00.000Z,NQ,28894.75,28909.0,28878.25,28905.5,906
2026-06-10T12:41:00.000Z,NQ,28907.25,28952.5,28885.75,28929.75,1105
2026-06-10T12:42:00.000Z,NQ,28930.5,28950.25,28903.75,28918.0,1040
2026-06-10T12:43:00.000Z,NQ,28918.0,28936.5,28906.25,28910.25,653
2026-06-10T12:44:00.000Z,NQ,28911.5,28924.75,28906.5,28918.75,396
2026-06-10T12:45:00.000Z,NQ,28919.5,28919.75,28892.0,28900.25,495
2026-06-10T12:46:00.000Z,NQ,28898.5,28947.75,28897.75,28933.75,779
2026-06-10T12:47:00.000Z,NQ,28934.5,28943.25,28921.5,28922.75,700
2026-06-10T12:48:00.000Z,NQ,28923.0,28948.0,28913.5,28915.0,941
2026-06-10T12:49:00.000Z,NQ,28914.25,28944.25,28909.25,28940.75,501
2026-06-10T12:50:00.000Z,NQ,28942.25,28944.25,28916.5,28923.75,369
2026-06-10T12:51:00.000Z,NQ,28920.75,28921.0,28900.75,28907.5,513
2026-06-10T12:52:00.000Z,NQ,28909.25,28916.75,28871.75,28874.5,794
2026-06-10T12:53:00.000Z,NQ,28875.0,28888.75,28865.0,28876.0,760
2026-06-10T12:54:00.000Z,NQ,28877.0,28908.0,28877.0,28895.75,770
2026-06-10T12:55:00.000Z,NQ,28895.75,28897.0,28864.0,28870.75,494
2026-06-10T12:56:00.000Z,NQ,28871.75,28879.75,28864.25,28871.5,453
2026-06-10T12:57:00.000Z,NQ,28871.25,28906.75,28870.5,28886.5,678
2026-06-10T12:58:00.000Z,NQ,28887.75,28887.75,28850.0,28853.25,667
2026-06-10T12:59:00.000Z,NQ,28853.75,28857.5,28824.5,28832.0,899
2026-06-10T13:00:00.000Z,NQ,28833.25,28863.75,28824.0,28858.75,1194
2026-06-10T13:01:00.000Z,NQ,28858.25,28872.5,28847.5,28848.0,732
2026-06-10T13:02:00.000Z,NQ,28849.0,28860.75,28845.0,28846.5,363
2026-06-10T13:03:00.000Z,NQ,28845.0,28849.0,28825.5,28837.0,548
2026-06-10T13:04:00.000Z,NQ,28835.5,28856.0,28828.75,28833.75,520
2026-06-10T13:05:00.000Z,NQ,28834.25,28846.75,28821.75,28841.0,475
2026-06-10T13:06:00.000Z,NQ,28841.75,28851.75,28833.75,28847.0,641
2026-06-10T13:07:00.000Z,NQ,28847.0,28853.5,28833.5,28848.0,408
2026-06-10T13:08:00.000Z,NQ,28848.0,28861.5,28846.5,28854.0,346
2026-06-10T13:09:00.000Z,NQ,28855.0,28882.5,28844.0,28877.25,510
2026-06-10T13:10:00.000Z,NQ,28877.25,28878.25,28861.5,28868.25,528
2026-06-10T13:11:00.000Z,NQ,28868.25,28877.75,28863.0,28871.5,317
2026-06-10T13:12:00.000Z,NQ,28871.0,28889.25,28862.5,28878.5,577
2026-06-10T13:13:00.000Z,NQ,28878.0,28882.75,28873.0,28877.25,219
2026-06-10T13:14:00.000Z,NQ,28878.0,28879.0,28852.25,28857.0,420
2026-06-10T13:15:00.000Z,NQ,28855.5,28871.75,28853.75,28866.0,347
2026-06-10T13:16:00.000Z,NQ,28865.5,28878.75,28859.25,28862.0,247
2026-06-10T13:17:00.000Z,NQ,28861.75,28867.25,28851.75,28857.5,246
2026-06-10T13:18:00.000Z,NQ,28855.75,28883.25,28854.5,28882.0,391
2026-06-10T13:19:00.000Z,NQ,28881.75,28891.75,28868.75,28882.25,390
2026-06-10T13:20:00.000Z,NQ,28882.0,28885.0,28869.75,28877.0,351
2026-06-10T13:21:00.000Z,NQ,28875.75,28883.0,28861.25,28867.75,379
2026-06-10T13:22:00.000Z,NQ,28866.25,28867.75,28852.5,28860.0,344
2026-06-10T13:23:00.000Z,NQ,28859.5,28865.75,28853.0,28861.25,251
2026-06-10T13:24:00.000Z,NQ,28861.5,28866.5,28849.25,28860.0,398
2026-06-10T13:25:00.000Z,NQ,28860.25,28866.75,28847.5,28866.0,476
2026-06-10T13:26:00.000Z,NQ,28865.5,28872.25,28852.5,28859.25,350
2026-06-10T13:27:00.000Z,NQ,28859.75,28862.0,28838.75,28842.25,535
2026-06-10T13:28:00.000Z,NQ,28843.75,28867.0,28841.25,28852.75,884
2026-06-10T13:29:00.000Z,NQ,28852.25,28871.75,28841.0,28853.0,1022
2026-06-10T13:30:00.000Z,NQ,28852.75,28953.25,28829.0,28922.25,6035
2026-06-10T13:31:00.000Z,NQ,28919.75,28927.0,28827.75,28878.5,3335
2026-06-10T13:32:00.000Z,NQ,28877.25,28912.0,28840.75,28856.0,2054
2026-06-10T13:33:00.000Z,NQ,28856.5,28881.75,28806.75,28837.0,2550
2026-06-10T13:34:00.000Z,NQ,28835.25,28841.25,28778.0,28780.25,1967
2026-06-10T13:35:00.000Z,NQ,28781.0,28901.0,28772.5,28888.25,3858
2026-06-10T13:36:00.000Z,NQ,28887.75,28927.75,28870.25,28922.75,2565
2026-06-10T13:37:00.000Z,NQ,28923.75,28963.5,28907.5,28963.0,2381
2026-06-10T13:38:00.000Z,NQ,28963.0,29022.75,28953.25,29000.75,3370
2026-06-10T13:39:00.000Z,NQ,29002.0,29002.25,28943.25,28961.75,2546
2026-06-10T13:40:00.000Z,NQ,28959.5,28962.5,28927.25,28930.0,2143
2026-06-10T13:41:00.000Z,NQ,28930.0,28950.0,28851.0,28871.5,2456
2026-06-10T13:42:00.000Z,NQ,28870.75,28966.5,28867.75,28964.0,2412
2026-06-10T13:43:00.000Z,NQ,28961.75,29045.0,28951.0,29041.75,3141
2026-06-10T13:44:00.000Z,NQ,29039.25,29092.75,29022.5,29079.5,3437
2026-06-10T13:45:00.000Z,NQ,29077.5,29092.0,29020.0,29079.0,3684
2026-06-10T13:46:00.000Z,NQ,29077.5,29086.75,29042.5,29054.0,1845
2026-06-10T13:47:00.000Z,NQ,29053.0,29106.25,29048.25,29098.25,2384
2026-06-10T13:48:00.000Z,NQ,29098.0,29162.25,29098.0,29151.5,3907
2026-06-10T13:49:00.000Z,NQ,29151.5,29163.25,29113.0,29144.0,3010
2026-06-10T13:50:00.000Z,NQ,29144.0,29145.75,29045.25,29055.0,3243
2026-06-10T13:51:00.000Z,NQ,29051.5,29077.25,29005.0,29012.5,2597
2026-06-10T13:52:00.000Z,NQ,29014.0,29042.5,28997.0,29017.0,2060
2026-06-10T13:53:00.000Z,NQ,29016.75,29047.25,28984.0,28986.75,1813
2026-06-10T13:54:00.000Z,NQ,28987.0,29047.5,28984.25,29028.0,1534
2026-06-10T13:55:00.000Z,NQ,29028.5,29048.0,29001.75,29036.25,1868
2026-06-10T13:56:00.000Z,NQ,29035.0,29084.75,29031.5,29060.25,1652
2026-06-10T13:57:00.000Z,NQ,29060.5,29094.0,29045.0,29076.5,1511
2026-06-10T13:58:00.000Z,NQ,29075.0,29088.25,29029.5,29045.75,1578
2026-06-10T13:59:00.000Z,NQ,29046.0,29054.75,29001.0,29020.75,1900
2026-06-10T14:00:00.000Z,NQ,29021.25,29046.0,28986.5,28998.5,2465
2026-06-10T14:01:00.000Z,NQ,28997.75,29030.0,28965.0,29004.5,2060
2026-06-10T14:02:00.000Z,NQ,29005.75,29070.5,28980.5,29056.5,2575
2026-06-10T14:03:00.000Z,NQ,29057.0,29119.5,29044.25,29087.0,2409
2026-06-10T14:04:00.000Z,NQ,29087.0,29091.25,29053.75,29080.75,1542
2026-06-10T14:05:00.000Z,NQ,29080.25,29082.25,29029.25,29039.0,1489
2026-06-10T14:06:00.000Z,NQ,29041.5,29104.25,29041.5,29094.5,1578
2026-06-10T14:07:00.000Z,NQ,29097.75,29100.25,29070.5,29079.5,1119
2026-06-10T14:08:00.000Z,NQ,29081.5,29109.75,29065.5,29107.5,1223
2026-06-10T14:09:00.000Z,NQ,29106.0,29151.5,29097.25,29134.75,2860
2026-06-10T14:10:00.000Z,NQ,29135.75,29145.25,29070.5,29088.5,2131
2026-06-10T14:11:00.000Z,NQ,29087.5,29141.0,29082.5,29131.25,1669
2026-06-10T14:12:00.000Z,NQ,29133.25,29166.0,29126.75,29140.5,1761
2026-06-10T14:13:00.000Z,NQ,29141.0,29146.0,29088.5,29141.75,2403
2026-06-10T14:14:00.000Z,NQ,29141.25,29152.25,29086.25,29091.5,1470
2026-06-10T14:15:00.000Z,NQ,29092.5,29103.75,29046.25,29052.75,2399
2026-06-10T14:16:00.000Z,NQ,29053.0,29137.75,29047.75,29134.75,2858
2026-06-10T14:17:00.000Z,NQ,29133.0,29133.0,29093.25,29101.75,1329
2026-06-10T14:18:00.000Z,NQ,29100.25,29108.0,29070.5,29085.75,1352
2026-06-10T14:19:00.000Z,NQ,29081.0,29113.0,29066.5,29102.75,1155
2026-06-10T14:20:00.000Z,NQ,29103.5,29124.0,29080.5,29081.5,1136
2026-06-10T14:21:00.000Z,NQ,29084.5,29117.5,29070.0,29114.25,1015
2026-06-10T14:22:00.000Z,NQ,29113.0,29133.0,29094.5,29119.5,1449
2026-06-10T14:23:00.000Z,NQ,29120.5,29174.0,29107.75,29168.75,2591
2026-06-10T14:24:00.000Z,NQ,29168.25,29219.75,29162.75,29217.75,2625
2026-06-10T14:25:00.000Z,NQ,29217.5,29231.0,29152.75,29165.5,3539
2026-06-10T14:26:00.000Z,NQ,29167.75,29187.75,29159.5,29162.75,1138
2026-06-10T14:27:00.000Z,NQ,29163.75,29207.75,29161.0,29201.0,1442
2026-06-10T14:28:00.000Z,NQ,29202.25,29203.75,29124.5,29136.0,2017
2026-06-10T14:29:00.000Z,NQ,29137.75,29183.25,29136.0,29170.75,1389
2026-06-10T14:30:00.000Z,NQ,29172.0,29190.25,29154.75,29169.0,1489
2026-06-10T14:31:00.000Z,NQ,29170.0,29170.25,29100.0,29101.25,2401
2026-06-10T14:32:00.000Z,NQ,29101.75,29163.75,29093.25,29163.75,1760
2026-06-10T14:33:00.000Z,NQ,29161.25,29201.5,29132.0,29191.75,1575
2026-06-10T14:34:00.000Z,NQ,29191.5,29249.0,29186.75,29244.75,2142
2026-06-10T14:35:00.000Z,NQ,29244.25,29250.0,29205.75,29227.25,1787
2026-06-10T14:36:00.000Z,NQ,29226.5,29227.25,29176.25,29184.25,1309
2026-06-10T14:37:00.000Z,NQ,29184.75,29198.25,29130.75,29141.25,2307
2026-06-10T14:38:00.000Z,NQ,29140.5,29157.5,29128.5,29144.0,1243
2026-06-10T14:39:00.000Z,NQ,29143.75,29171.75,29132.0,29155.75,1473
2026-06-10T14:40:00.000Z,NQ,29153.25,29185.25,29144.0,29184.5,992
2026-06-10T14:41:00.000Z,NQ,29185.25,29196.0,29160.75,29187.75,1420
2026-06-10T14:42:00.000Z,NQ,29190.5,29198.0,29144.0,29147.5,1543
2026-06-10T14:43:00.000Z,NQ,29146.75,29162.75,29130.25,29137.5,1041
2026-06-10T14:44:00.000Z,NQ,29136.0,29150.5,29081.5,29082.0,2418
2026-06-10T14:45:00.000Z,NQ,29082.25,29099.75,29035.0,29065.0,2971
2026-06-10T14:46:00.000Z,NQ,29064.0,29111.75,29055.25,29108.0,1639
2026-06-10T14:47:00.000Z,NQ,29107.5,29125.0,29068.5,29074.75,1493
2026-06-10T14:48:00.000Z,NQ,29077.0,29077.0,29035.75,29038.75,1653
2026-06-10T14:49:00.000Z,NQ,29036.25,29050.5,29007.5,29038.75,2108
2026-06-10T14:50:00.000Z,NQ,29040.25,29096.5,29031.0,29079.75,1978
2026-06-10T14:51:00.000Z,NQ,29081.0,29106.0,29034.0,29055.0,1941
2026-06-10T14:52:00.000Z,NQ,29053.25,29054.75,29005.0,29027.75,1685
2026-06-10T14:53:00.000Z,NQ,29027.5,29061.5,29021.25,29027.0,1210
2026-06-10T14:54:00.000Z,NQ,29028.0,29070.0,29018.75,29028.5,1304
2026-06-10T14:55:00.000Z,NQ,29027.5,29047.5,28937.0,28938.75,2694
2026-06-10T14:56:00.000Z,NQ,28938.5,28962.25,28913.25,28937.25,2409
2026-06-10T14:57:00.000Z,NQ,28939.25,28939.25,28864.25,28868.25,2761
2026-06-10T14:58:00.000Z,NQ,28867.5,28900.0,28856.0,28876.5,2105
2026-06-10T14:59:00.000Z,NQ,28877.5,28923.0,28870.5,28900.25,2053
2026-06-10T15:00:00.000Z,NQ,28901.25,28908.25,28831.5,28856.25,3100
2026-06-10T15:01:00.000Z,NQ,28855.75,28975.0,28852.0,28970.0,2659
2026-06-10T15:02:00.000Z,NQ,28970.5,28979.0,28938.0,28961.5,1506
2026-06-10T15:03:00.000Z,NQ,28959.75,28985.75,28938.5,28942.75,1409
2026-06-10T15:04:00.000Z,NQ,28943.25,28952.75,28884.5,28900.75,1401
2026-06-10T15:05:00.000Z,NQ,28900.5,28910.5,28878.25,28884.0,1386
2026-06-10T15:06:00.000Z,NQ,28884.25,28902.5,28849.75,28852.0,1254
2026-06-10T15:07:00.000Z,NQ,28852.0,28871.0,28835.5,28857.25,1309
2026-06-10T15:08:00.000Z,NQ,28857.5,28875.75,28820.0,28834.75,1771
2026-06-10T15:09:00.000Z,NQ,28832.75,28848.0,28817.0,28826.0,1293
2026-06-10T15:10:00.000Z,NQ,28824.75,28840.75,28789.25,28796.0,2049
2026-06-10T15:11:00.000Z,NQ,28794.0,28800.5,28761.75,28775.75,1958
2026-06-10T15:12:00.000Z,NQ,28778.25,28778.5,28745.75,28751.75,2089
2026-06-10T15:13:00.000Z,NQ,28753.0,28822.0,28747.0,28800.75,2272
2026-06-10T15:14:00.000Z,NQ,28801.5,28807.25,28745.0,28748.75,1756
2026-06-10T15:15:00.000Z,NQ,28749.75,28752.25,28698.0,28704.75,2268
2026-06-10T15:16:00.000Z,NQ,28706.5,28762.75,28695.0,28751.0,2250
2026-06-10T15:17:00.000Z,NQ,28751.0,28753.0,28707.75,28712.0,1522
2026-06-10T15:18:00.000Z,NQ,28713.25,28713.25,28663.5,28684.25,2042
2026-06-10T15:19:00.000Z,NQ,28684.5,28748.0,28682.5,28727.25,2243
2026-06-10T15:20:00.000Z,NQ,28726.5,28768.25,28716.0,28759.5,2351
2026-06-10T15:21:00.000Z,NQ,28757.75,28792.0,28750.75,28784.5,2109
2026-06-10T15:22:00.000Z,NQ,28782.25,28805.0,28760.75,28795.0,1718
2026-06-10T15:23:00.000Z,NQ,28795.75,28847.25,28787.0,28842.0,2064
2026-06-10T15:24:00.000Z,NQ,28843.25,28865.5,28820.0,28832.75,1786
2026-06-10T15:25:00.000Z,NQ,28831.5,28877.75,28812.75,28868.5,2032
2026-06-10T15:26:00.000Z,NQ,28870.25,28872.75,28819.75,28832.5,1507
2026-06-10T15:27:00.000Z,NQ,28832.5,28836.75,28803.0,28823.25,1450
2026-06-10T15:28:00.000Z,NQ,28824.0,28859.75,28808.5,28835.0,1449
2026-06-10T15:29:00.000Z,NQ,28834.25,28845.75,28790.0,28790.5,1555
2026-06-10T15:30:00.000Z,NQ,28790.75,28839.5,28778.0,28828.0,1984
2026-06-10T15:31:00.000Z,NQ,28830.5,28854.75,28800.0,28810.0,1231
2026-06-10T15:32:00.000Z,NQ,28810.75,28814.25,28783.25,28803.75,1089
2026-06-10T15:33:00.000Z,NQ,28803.5,28805.0,28751.0,28757.5,1208
2026-06-10T15:34:00.000Z,NQ,28755.5,28802.75,28742.0,28771.75,1552
2026-06-10T15:35:00.000Z,NQ,28773.75,28799.5,28752.5,28754.25,1024
2026-06-10T15:36:00.000Z,NQ,28754.5,28810.75,28750.0,28805.5,1284
2026-06-10T15:37:00.000Z,NQ,28807.0,28809.25,28759.0,28764.0,1120
2026-06-10T15:38:00.000Z,NQ,28765.5,28782.25,28734.75,28735.0,1018
2026-06-10T15:39:00.000Z,NQ,28736.5,28780.0,28721.0,28768.0,2042
2026-06-10T15:40:00.000Z,NQ,28765.25,28800.0,28742.25,28770.5,1110
2026-06-10T15:41:00.000Z,NQ,28770.5,28839.5,28770.25,28830.75,1386
2026-06-10T15:42:00.000Z,NQ,28831.75,28839.75,28779.0,28782.75,1187
2026-06-10T15:43:00.000Z,NQ,28781.75,28832.5,28780.75,28824.25,1011
2026-06-10T15:44:00.000Z,NQ,28824.0,28875.0,28823.25,28854.0,1902
2026-06-10T15:45:00.000Z,NQ,28854.75,28874.0,28822.5,28859.25,1610
2026-06-10T15:46:00.000Z,NQ,28857.5,28873.5,28839.0,28859.5,1383
2026-06-10T15:47:00.000Z,NQ,28858.25,28874.5,28768.0,28768.0,3659
2026-06-10T15:48:00.000Z,NQ,28769.0,28782.25,28668.5,28671.0,4409
2026-06-10T15:49:00.000Z,NQ,28670.0,28741.25,28666.25,28711.5,2477
2026-06-10T15:50:00.000Z,NQ,28710.0,28757.0,28670.5,28673.5,2416
2026-06-10T15:51:00.000Z,NQ,28671.0,28702.5,28631.75,28638.0,2094
2026-06-10T15:52:00.000Z,NQ,28635.25,28689.0,28627.0,28685.0,1582
2026-06-10T15:53:00.000Z,NQ,28685.25,28758.0,28675.25,28748.5,1991
2026-06-10T15:54:00.000Z,NQ,28747.0,28826.0,28738.25,28784.25,2041
2026-06-10T15:55:00.000Z,NQ,28784.5,28787.25,28742.0,28746.25,1642
2026-06-10T15:56:00.000Z,NQ,28747.5,28784.0,28735.5,28774.0,1140
2026-06-10T15:57:00.000Z,NQ,28777.0,28853.5,28775.75,28848.5,1738
2026-06-10T15:58:00.000Z,NQ,28849.75,28861.75,28823.0,28847.5,1123
2026-06-10T15:59:00.000Z,NQ,28850.0,28870.0,28842.25,28855.25,995
2026-06-10T16:00:00.000Z,NQ,28855.25,28896.5,28845.0,28865.0,1369
2026-06-10T16:01:00.000Z,NQ,28864.25,28865.75,28802.25,28802.25,1557
2026-06-10T16:02:00.000Z,NQ,28804.25,28844.75,28800.75,28807.0,907
2026-06-10T16:03:00.000Z,NQ,28809.0,28832.0,28799.0,28822.25,891
2026-06-10T16:04:00.000Z,NQ,28821.25,28847.5,28810.25,28831.25,805
2026-06-10T16:05:00.000Z,NQ,28829.25,28844.25,28808.25,28810.75,743
2026-06-10T16:06:00.000Z,NQ,28806.75,28837.25,28805.0,28833.75,797
2026-06-10T16:07:00.000Z,NQ,28832.0,28854.5,28825.5,28831.0,759
2026-06-10T16:08:00.000Z,NQ,28830.0,28838.25,28779.75,28784.25,952
2026-06-10T16:09:00.000Z,NQ,28779.5,28785.75,28759.5,28780.75,879
2026-06-10T16:10:00.000Z,NQ,28776.25,28783.0,28731.0,28733.75,891
2026-06-10T16:11:00.000Z,NQ,28734.5,28751.0,28716.75,28735.75,1164
2026-06-10T16:12:00.000Z,NQ,28737.5,28761.75,28723.25,28734.0,610
2026-06-10T16:13:00.000Z,NQ,28734.0,28755.5,28730.5,28747.5,518
2026-06-10T16:14:00.000Z,NQ,28745.75,28759.0,28711.75,28728.75,895
2026-06-10T16:15:00.000Z,NQ,28726.75,28740.25,28719.25,28728.0,574
2026-06-10T16:16:00.000Z,NQ,28724.0,28773.0,28720.5,28748.5,965
2026-06-10T16:17:00.000Z,NQ,28748.75,28764.0,28711.5,28721.0,871
2026-06-10T16:18:00.000Z,NQ,28722.5,28734.75,28711.75,28717.25,611
2026-06-10T16:19:00.000Z,NQ,28717.25,28750.25,28714.25,28743.0,940
2026-06-10T16:20:00.000Z,NQ,28745.0,28757.25,28729.0,28730.25,1094
2026-06-10T16:21:00.000Z,NQ,28731.5,28750.25,28703.0,28745.25,905
2026-06-10T16:22:00.000Z,NQ,28747.0,28755.5,28725.5,28731.5,521
2026-06-10T16:23:00.000Z,NQ,28731.25,28762.0,28724.25,28756.75,605
2026-06-10T16:24:00.000Z,NQ,28756.5,28764.25,28708.5,28710.5,698
2026-06-10T16:25:00.000Z,NQ,28711.25,28735.0,28705.75,28727.75,498
2026-06-10T16:26:00.000Z,NQ,28725.25,28760.5,28720.0,28750.25,464
2026-06-10T16:27:00.000Z,NQ,28751.5,28763.0,28719.5,28726.0,584
2026-06-10T16:28:00.000Z,NQ,28725.75,28751.5,28721.25,28726.25,338
2026-06-10T16:29:00.000Z,NQ,28725.25,28748.5,28721.0,28742.25,358
2026-06-10T16:30:00.000Z,NQ,28742.25,28743.75,28715.75,28722.5,585
2026-06-10T16:31:00.000Z,NQ,28722.25,28733.0,28712.5,28724.5,363
2026-06-10T16:32:00.000Z,NQ,28724.25,28742.0,28704.0,28727.25,728
2026-06-10T16:33:00.000Z,NQ,28728.25,28745.75,28723.25,28725.0,453
2026-06-10T16:34:00.000Z,NQ,28725.5,28807.0,28722.75,28804.0,1414
2026-06-10T16:35:00.000Z,NQ,28804.25,28815.25,28768.0,28785.5,1169
2026-06-10T16:36:00.000Z,NQ,28786.0,28807.0,28769.0,28805.0,962
2026-06-10T16:37:00.000Z,NQ,28805.75,28851.75,28798.5,28836.75,1377
2026-06-10T16:38:00.000Z,NQ,28837.0,28848.0,28819.0,28836.75,812
2026-06-10T16:39:00.000Z,NQ,28836.75,28837.0,28797.25,28828.5,890
2026-06-10T16:40:00.000Z,NQ,28828.0,28846.0,28816.5,28816.5,640
2026-06-10T16:41:00.000Z,NQ,28818.5,28830.75,28782.0,28787.25,875
2026-06-10T16:42:00.000Z,NQ,28785.25,28789.5,28734.5,28749.5,1127
2026-06-10T16:43:00.000Z,NQ,28750.25,28766.5,28747.5,28752.5,682
2026-06-10T16:44:00.000Z,NQ,28752.5,28776.0,28750.75,28752.0,663
2026-06-10T16:45:00.000Z,NQ,28752.25,28752.25,28708.25,28709.5,1495
2026-06-10T16:46:00.000Z,NQ,28709.25,28728.75,28681.25,28701.5,1303
2026-06-10T16:47:00.000Z,NQ,28704.0,28705.0,28664.75,28676.25,1012
2026-06-10T16:48:00.000Z,NQ,28677.75,28694.75,28664.75,28690.5,1139
2026-06-10T16:49:00.000Z,NQ,28690.0,28712.75,28678.75,28698.25,1128
2026-06-10T16:50:00.000Z,NQ,28699.0,28709.25,28673.75,28706.5,1165
2026-06-10T16:51:00.000Z,NQ,28704.5,28738.25,28696.5,28731.75,1054
2026-06-10T16:52:00.000Z,NQ,28730.75,28756.0,28723.25,28746.75,763
2026-06-10T16:53:00.000Z,NQ,28746.75,28761.25,28715.5,28726.75,935
2026-06-10T16:54:00.000Z,NQ,28726.25,28726.5,28709.0,28715.0,578
2026-06-10T16:55:00.000Z,NQ,28715.0,28716.25,28669.25,28682.0,1013
2026-06-10T16:56:00.000Z,NQ,28682.0,28711.0,28680.0,28708.75,733
2026-06-10T16:57:00.000Z,NQ,28709.75,28715.0,28693.0,28700.75,485
2026-06-10T16:58:00.000Z,NQ,28701.5,28706.75,28683.25,28698.75,456
2026-06-10T16:59:00.000Z,NQ,28697.5,28723.5,28695.75,28717.5,626
2026-06-10T17:00:00.000Z,NQ,28717.75,28753.25,28709.5,28735.0,929
2026-06-10T17:01:00.000Z,NQ,28734.75,28735.75,28694.75,28704.25,680
2026-06-10T17:02:00.000Z,NQ,28703.5,28751.0,28700.75,28734.25,968
2026-06-10T17:03:00.000Z,NQ,28732.5,28775.25,28730.25,28764.25,899
2026-06-10T17:04:00.000Z,NQ,28764.0,28781.5,28759.25,28763.75,698
2026-06-10T17:05:00.000Z,NQ,28765.25,28766.75,28696.0,28698.5,1229
2026-06-10T17:06:00.000Z,NQ,28699.5,28725.5,28696.25,28723.75,731
2026-06-10T17:07:00.000Z,NQ,28724.0,28743.0,28698.0,28713.75,942
2026-06-10T17:08:00.000Z,NQ,28712.75,28712.75,28678.25,28689.25,912
2026-06-10T17:09:00.000Z,NQ,28690.5,28694.25,28670.75,28679.5,609
2026-06-10T17:10:00.000Z,NQ,28678.5,28683.75,28634.0,28634.0,1104
2026-06-10T17:11:00.000Z,NQ,28634.0,28652.25,28628.5,28640.5,1125
2026-06-10T17:12:00.000Z,NQ,28643.0,28660.75,28638.0,28652.0,728
2026-06-10T17:13:00.000Z,NQ,28652.75,28682.0,28652.5,28666.75,780
2026-06-10T17:14:00.000Z,NQ,28666.75,28667.0,28635.0,28648.25,916
2026-06-10T17:15:00.000Z,NQ,28647.0,28655.75,28628.0,28643.5,981
2026-06-10T17:16:00.000Z,NQ,28643.5,28665.0,28641.0,28658.0,733
2026-06-10T17:17:00.000Z,NQ,28657.25,28674.0,28631.0,28639.25,852
2026-06-10T17:18:00.000Z,NQ,28640.25,28652.5,28629.75,28643.75,819
2026-06-10T17:19:00.000Z,NQ,28642.5,28649.0,28634.0,28644.5,682
2026-06-10T17:20:00.000Z,NQ,28643.75,28656.75,28628.75,28654.5,858
2026-06-10T17:21:00.000Z,NQ,28655.5,28657.0,28636.25,28644.5,487
2026-06-10T17:22:00.000Z,NQ,28642.75,28656.5,28635.0,28640.25,666
2026-06-10T17:23:00.000Z,NQ,28640.25,28662.75,28640.25,28658.75,645
2026-06-10T17:24:00.000Z,NQ,28658.0,28681.0,28658.0,28676.0,988
2026-06-10T17:25:00.000Z,NQ,28674.5,28693.0,28664.5,28683.5,977
2026-06-10T17:26:00.000Z,NQ,28683.5,28685.5,28648.5,28672.0,906
2026-06-10T17:27:00.000Z,NQ,28672.5,28680.75,28657.25,28667.5,548
2026-06-10T17:28:00.000Z,NQ,28667.75,28699.0,28666.75,28686.0,798
2026-06-10T17:29:00.000Z,NQ,28686.5,28692.25,28668.5,28688.5,649
2026-06-10T17:30:00.000Z,NQ,28687.0,28693.5,28640.75,28640.75,970
2026-06-10T17:31:00.000Z,NQ,28641.75,28658.75,28634.5,28639.0,854
2026-06-10T17:32:00.000Z,NQ,28639.5,28666.0,28626.25,28648.75,1536
2026-06-10T17:33:00.000Z,NQ,28648.75,28664.0,28640.25,28659.25,567
2026-06-10T17:34:00.000Z,NQ,28660.5,28675.5,28650.5,28659.5,581
2026-06-10T17:35:00.000Z,NQ,28661.0,28662.0,28638.0,28641.25,492
2026-06-10T17:36:00.000Z,NQ,28640.25,28659.5,28630.75,28636.75,603
2026-06-10T17:37:00.000Z,NQ,28636.25,28668.5,28630.5,28651.25,765
2026-06-10T17:38:00.000Z,NQ,28652.75,28654.25,28631.5,28643.0,543
2026-06-10T17:39:00.000Z,NQ,28644.5,28654.25,28626.75,28633.75,642
2026-06-10T17:40:00.000Z,NQ,28634.0,28651.5,28626.0,28642.75,1374
2026-06-10T17:41:00.000Z,NQ,28642.0,28659.25,28631.25,28637.0,947
2026-06-10T17:42:00.000Z,NQ,28636.5,28651.75,28628.25,28638.0,694
2026-06-10T17:43:00.000Z,NQ,28638.25,28638.75,28624.0,28626.25,592
2026-06-10T17:44:00.000Z,NQ,28626.0,28637.75,28618.0,28622.5,1509
2026-06-10T17:45:00.000Z,NQ,28623.25,28656.5,28616.0,28653.25,1171
2026-06-10T17:46:00.000Z,NQ,28654.25,28754.0,28652.0,28747.5,3083
2026-06-10T17:47:00.000Z,NQ,28745.5,28746.0,28708.75,28739.75,1355
2026-06-10T17:48:00.000Z,NQ,28740.0,28778.5,28716.25,28775.5,1466
2026-06-10T17:49:00.000Z,NQ,28774.75,28784.75,28744.25,28765.75,945
2026-06-10T17:50:00.000Z,NQ,28766.25,28772.25,28704.75,28743.25,2223
2026-06-10T17:51:00.000Z,NQ,28742.25,28761.25,28722.0,28748.0,754
2026-06-10T17:52:00.000Z,NQ,28747.0,28747.5,28691.25,28695.5,924
2026-06-10T17:53:00.000Z,NQ,28698.0,28714.25,28687.5,28713.0,898
2026-06-10T17:54:00.000Z,NQ,28714.25,28750.0,28708.0,28741.75,933
2026-06-10T17:55:00.000Z,NQ,28744.5,28781.0,28735.5,28770.25,1268
2026-06-10T17:56:00.000Z,NQ,28770.0,28793.75,28755.75,28792.75,917
2026-06-10T17:57:00.000Z,NQ,28792.0,28792.75,28752.5,28753.75,1062
2026-06-10T17:58:00.000Z,NQ,28754.5,28782.5,28751.25,28778.0,640
2026-06-10T17:59:00.000Z,NQ,28776.25,28785.5,28769.5,28780.0,556
2026-06-10T18:00:00.000Z,NQ,28779.5,28810.0,28778.75,28780.5,1338
2026-06-10T18:01:00.000Z,NQ,28782.25,28788.75,28760.5,28774.25,900
2026-06-10T18:02:00.000Z,NQ,28773.0,28799.0,28769.0,28793.25,671
2026-06-10T18:03:00.000Z,NQ,28792.0,28826.75,28785.0,28817.5,1386
2026-06-10T18:04:00.000Z,NQ,28818.5,28832.5,28807.5,28826.75,1170
2026-06-10T18:05:00.000Z,NQ,28827.5,28831.0,28803.75,28814.25,1236
2026-06-10T18:06:00.000Z,NQ,28813.75,28823.75,28794.75,28804.0,659
2026-06-10T18:07:00.000Z,NQ,28802.0,28804.0,28765.0,28766.25,1239
2026-06-10T18:08:00.000Z,NQ,28766.5,28798.75,28756.25,28790.0,1004
2026-06-10T18:09:00.000Z,NQ,28790.5,28790.5,28752.5,28754.25,721
2026-06-10T18:10:00.000Z,NQ,28754.75,28786.25,28753.25,28767.25,700
2026-06-10T18:11:00.000Z,NQ,28767.5,28779.0,28762.0,28775.0,437
2026-06-10T18:12:00.000Z,NQ,28775.75,28803.75,28773.0,28793.25,759
2026-06-10T18:13:00.000Z,NQ,28791.75,28791.75,28758.75,28769.5,741
2026-06-10T18:14:00.000Z,NQ,28769.5,28783.5,28768.0,28781.5,410
2026-06-10T18:15:00.000Z,NQ,28781.5,28804.0,28776.25,28798.0,724
2026-06-10T18:16:00.000Z,NQ,28797.75,28810.25,28783.0,28790.5,631
2026-06-10T18:17:00.000Z,NQ,28791.5,28793.75,28744.75,28747.0,831
2026-06-10T18:18:00.000Z,NQ,28747.0,28756.0,28706.0,28719.0,1247
2026-06-10T18:19:00.000Z,NQ,28720.0,28738.75,28715.5,28723.0,742
2026-06-10T18:20:00.000Z,NQ,28723.75,28749.25,28723.75,28740.5,600
2026-06-10T18:21:00.000Z,NQ,28738.25,28765.0,28718.25,28722.0,1407
2026-06-10T18:22:00.000Z,NQ,28723.25,28723.75,28697.75,28708.75,898
2026-06-10T18:23:00.000Z,NQ,28708.75,28731.75,28704.0,28726.0,915
2026-06-10T18:24:00.000Z,NQ,28726.0,28739.0,28718.25,28732.5,588
2026-06-10T18:25:00.000Z,NQ,28733.25,28733.75,28705.0,28718.75,567
2026-06-10T18:26:00.000Z,NQ,28717.75,28733.75,28709.0,28720.75,704
2026-06-10T18:27:00.000Z,NQ,28720.25,28728.0,28706.0,28713.25,538
2026-06-10T18:28:00.000Z,NQ,28712.75,28740.0,28711.5,28726.25,654
2026-06-10T18:29:00.000Z,NQ,28727.75,28731.25,28710.5,28713.0,465
2026-06-10T18:30:00.000Z,NQ,28713.75,28717.75,28689.5,28710.25,893
2026-06-10T18:31:00.000Z,NQ,28709.5,28711.0,28674.5,28677.75,826
2026-06-10T18:32:00.000Z,NQ,28677.0,28695.75,28676.0,28684.75,736
2026-06-10T18:33:00.000Z,NQ,28684.0,28700.0,28679.25,28684.5,915
2026-06-10T18:34:00.000Z,NQ,28683.0,28693.5,28674.25,28687.0,631
2026-06-10T18:35:00.000Z,NQ,28687.5,28690.75,28659.0,28677.25,1470
2026-06-10T18:36:00.000Z,NQ,28678.25,28689.25,28674.75,28680.75,607
2026-06-10T18:37:00.000Z,NQ,28680.25,28684.25,28641.0,28645.5,1484
2026-06-10T18:38:00.000Z,NQ,28645.5,28652.25,28633.0,28649.0,813
2026-06-10T18:39:00.000Z,NQ,28648.75,28669.25,28646.0,28656.0,684
2026-06-10T18:40:00.000Z,NQ,28655.25,28677.75,28650.0,28659.0,656
2026-06-10T18:41:00.000Z,NQ,28659.0,28679.25,28646.5,28648.5,968
2026-06-10T18:42:00.000Z,NQ,28647.5,28656.0,28633.0,28640.25,712
2026-06-10T18:43:00.000Z,NQ,28641.25,28666.5,28637.0,28658.5,662
2026-06-10T18:44:00.000Z,NQ,28659.0,28672.0,28654.75,28661.25,641
2026-06-10T18:45:00.000Z,NQ,28662.0,28664.0,28642.75,28651.0,444
2026-06-10T18:46:00.000Z,NQ,28650.0,28661.5,28640.5,28644.0,571
2026-06-10T18:47:00.000Z,NQ,28642.0,28648.0,28629.75,28636.0,595
2026-06-10T18:48:00.000Z,NQ,28636.0,28663.0,28634.25,28654.25,808
2026-06-10T18:49:00.000Z,NQ,28652.5,28655.75,28627.5,28630.5,627
2026-06-10T18:50:00.000Z,NQ,28630.5,28630.5,28579.75,28586.25,2556
2026-06-10T18:51:00.000Z,NQ,28585.5,28618.75,28584.5,28603.0,1062
2026-06-10T18:52:00.000Z,NQ,28602.75,28623.75,28594.5,28612.5,803
2026-06-10T18:53:00.000Z,NQ,28611.5,28637.0,28610.5,28625.0,842
2026-06-10T18:54:00.000Z,NQ,28624.5,28633.0,28606.75,28617.25,704
2026-06-10T18:55:00.000Z,NQ,28616.5,28616.5,28584.0,28595.5,863
2026-06-10T18:56:00.000Z,NQ,28595.25,28599.0,28574.0,28587.5,844
2026-06-10T18:57:00.000Z,NQ,28588.75,28613.25,28587.75,28600.5,819
2026-06-10T18:58:00.000Z,NQ,28600.25,28625.5,28599.75,28617.0,741
2026-06-10T18:59:00.000Z,NQ,28615.5,28621.5,28602.25,28607.5,624
2026-06-10T19:00:00.000Z,NQ,28608.25,28610.75,28576.25,28582.75,866
2026-06-10T19:01:00.000Z,NQ,28581.25,28598.5,28574.25,28589.25,726
2026-06-10T19:02:00.000Z,NQ,28588.25,28619.5,28579.75,28619.0,734
2026-06-10T19:03:00.000Z,NQ,28617.5,28652.5,28610.25,28647.5,1550
2026-06-10T19:04:00.000Z,NQ,28646.75,28650.25,28614.75,28618.0,1195
2026-06-10T19:05:00.000Z,NQ,28618.75,28622.75,28596.5,28611.25,1107
2026-06-10T19:06:00.000Z,NQ,28611.75,28643.5,28611.0,28634.25,1003
2026-06-10T19:07:00.000Z,NQ,28636.0,28669.0,28630.25,28660.5,1207
2026-06-10T19:08:00.000Z,NQ,28660.75,28668.25,28631.25,28649.5,918
2026-06-10T19:09:00.000Z,NQ,28649.25,28656.5,28638.75,28641.75,599
2026-06-10T19:10:00.000Z,NQ,28642.25,28643.0,28608.75,28610.5,1001
2026-06-10T19:11:00.000Z,NQ,28611.25,28619.5,28590.5,28594.0,851
2026-06-10T19:12:00.000Z,NQ,28593.5,28605.75,28583.5,28598.25,652
2026-06-10T19:13:00.000Z,NQ,28596.75,28604.0,28588.25,28595.5,557
2026-06-10T19:14:00.000Z,NQ,28595.75,28598.25,28578.25,28593.5,593
2026-06-10T19:15:00.000Z,NQ,28594.25,28597.5,28556.75,28566.0,1621
2026-06-10T19:16:00.000Z,NQ,28567.25,28588.5,28560.25,28567.75,778
2026-06-10T19:17:00.000Z,NQ,28567.25,28571.75,28544.0,28549.75,984
2026-06-10T19:18:00.000Z,NQ,28550.75,28554.5,28525.0,28537.75,1167
2026-06-10T19:19:00.000Z,NQ,28536.75,28551.0,28535.0,28542.5,739
2026-06-10T19:20:00.000Z,NQ,28543.5,28546.25,28520.5,28526.5,982
2026-06-10T19:21:00.000Z,NQ,28526.5,28539.5,28510.25,28513.5,1094
2026-06-10T19:22:00.000Z,NQ,28513.0,28531.25,28510.25,28511.0,925
2026-06-10T19:23:00.000Z,NQ,28511.0,28518.25,28502.75,28511.5,920
2026-06-10T19:24:00.000Z,NQ,28512.5,28539.0,28509.0,28533.25,1184
2026-06-10T19:25:00.000Z,NQ,28532.5,28541.0,28515.5,28517.75,1124
2026-06-10T19:26:00.000Z,NQ,28516.5,28527.25,28504.0,28507.5,781
2026-06-10T19:27:00.000Z,NQ,28507.75,28517.25,28493.0,28512.75,1006
2026-06-10T19:28:00.000Z,NQ,28512.0,28542.25,28506.0,28523.75,1411
2026-06-10T19:29:00.000Z,NQ,28523.5,28560.25,28521.0,28547.75,1192
2026-06-10T19:30:00.000Z,NQ,28546.75,28560.5,28524.75,28558.0,1219
2026-06-10T19:31:00.000Z,NQ,28556.75,28605.5,28545.75,28587.75,1878
2026-06-10T19:32:00.000Z,NQ,28588.0,28599.0,28572.75,28584.0,1209
2026-06-10T19:33:00.000Z,NQ,28584.75,28596.5,28572.75,28588.75,887
2026-06-10T19:34:00.000Z,NQ,28589.0,28626.25,28589.0,28606.75,1705
2026-06-10T19:35:00.000Z,NQ,28606.75,28630.5,28590.0,28608.5,1104
2026-06-10T19:36:00.000Z,NQ,28607.25,28618.5,28590.75,28603.25,685
2026-06-10T19:37:00.000Z,NQ,28602.75,28642.25,28598.25,28641.25,1146
2026-06-10T19:38:00.000Z,NQ,28642.75,28648.5,28625.25,28638.5,784
2026-06-10T19:39:00.000Z,NQ,28637.5,28657.5,28634.25,28646.0,869
2026-06-10T19:40:00.000Z,NQ,28647.25,28664.0,28619.0,28633.75,1137
2026-06-10T19:41:00.000Z,NQ,28635.25,28650.5,28613.0,28625.75,1110
2026-06-10T19:42:00.000Z,NQ,28625.25,28625.25,28598.0,28606.25,833
2026-06-10T19:43:00.000Z,NQ,28607.25,28640.5,28593.0,28636.25,1002
2026-06-10T19:44:00.000Z,NQ,28636.25,28636.25,28615.25,28621.25,621
2026-06-10T19:45:00.000Z,NQ,28620.25,28628.75,28592.5,28599.0,1101
2026-06-10T19:46:00.000Z,NQ,28599.75,28608.0,28580.0,28604.0,987
2026-06-10T19:47:00.000Z,NQ,28604.75,28609.25,28583.75,28584.0,823
2026-06-10T19:48:00.000Z,NQ,28583.75,28588.5,28551.75,28557.5,1071
2026-06-10T19:49:00.000Z,NQ,28557.25,28596.75,28557.25,28596.0,893
2026-06-10T19:50:00.000Z,NQ,28595.25,28663.5,28545.5,28661.75,3320
2026-06-10T19:51:00.000Z,NQ,28661.5,28661.5,28620.0,28641.5,1426
2026-06-10T19:52:00.000Z,NQ,28640.0,28646.0,28620.0,28623.5,1011
2026-06-10T19:53:00.000Z,NQ,28624.25,28635.25,28592.25,28601.75,1605
2026-06-10T19:54:00.000Z,NQ,28601.75,28618.5,28578.5,28615.5,1561
2026-06-10T19:55:00.000Z,NQ,28616.5,28643.5,28580.75,28594.0,2476
2026-06-10T19:56:00.000Z,NQ,28595.5,28602.5,28584.5,28596.75,1461
2026-06-10T19:57:00.000Z,NQ,28596.5,28604.75,28580.25,28589.75,1470
2026-06-10T19:58:00.000Z,NQ,28590.75,28619.25,28588.5,28617.75,1872
2026-06-10T19:59:00.000Z,NQ,28617.5,28618.0,28523.5,28527.25,11189
2026-06-10T20:00:00.000Z,NQ,28527.5,28536.75,28485.25,28503.25,3800
2026-06-10T20:01:00.000Z,NQ,28503.5,28508.0,28471.25,28476.25,1579
2026-06-10T20:02:00.000Z,NQ,28475.0,28501.25,28472.0,28499.0,651
2026-06-10T20:03:00.000Z,NQ,28498.5,28509.25,28489.25,28496.0,631
2026-06-10T20:04:00.000Z,NQ,28498.25,28513.25,28497.0,28509.5,547
2026-06-10T20:05:00.000Z,NQ,28508.75,28515.75,28433.0,28454.0,1485
2026-06-10T20:06:00.000Z,NQ,28451.0,28472.75,28449.5,28457.0,840
2026-06-10T20:07:00.000Z,NQ,28454.0,28455.5,28433.0,28449.0,781
2026-06-10T20:08:00.000Z,NQ,28451.25,28486.5,28449.25,28478.0,777
2026-06-10T20:09:00.000Z,NQ,28479.0,28491.0,28444.5,28472.0,825
2026-06-10T20:10:00.000Z,NQ,28473.0,28502.5,28471.25,28501.25,465
2026-06-10T20:11:00.000Z,NQ,28500.25,28512.75,28486.0,28507.75,632
2026-06-10T20:12:00.000Z,NQ,28508.0,28513.0,28480.5,28486.5,494
2026-06-10T20:13:00.000Z,NQ,28485.0,28517.5,28485.0,28514.0,541
2026-06-10T20:14:00.000Z,NQ,28510.5,28512.0,28495.0,28499.5,389
2026-06-10T20:15:00.000Z,NQ,28498.25,28517.5,28489.25,28500.0,331
2026-06-10T20:16:00.000Z,NQ,28503.25,28507.75,28473.0,28488.5,402
2026-06-10T20:17:00.000Z,NQ,28490.0,28515.0,28474.75,28504.0,378
2026-06-10T20:18:00.000Z,NQ,28503.75,28514.25,28498.5,28499.0,202
2026-06-10T20:19:00.000Z,NQ,28496.5,28501.75,28490.5,28498.75,137
2026-06-10T20:20:00.000Z,NQ,28497.0,28497.25,28484.0,28493.25,159
2026-06-10T20:21:00.000Z,NQ,28491.25,28514.25,28491.25,28514.0,233
2026-06-10T20:22:00.000Z,NQ,28513.75,28524.5,28508.75,28510.75,213
2026-06-10T20:23:00.000Z,NQ,28510.5,28513.0,28503.75,28511.75,135
2026-06-10T20:24:00.000Z,NQ,28513.75,28519.25,28510.25,28516.5,91
2026-06-10T20:25:00.000Z,NQ,28518.0,28518.5,28502.0,28504.75,138
2026-06-10T20:26:00.000Z,NQ,28505.5,28510.25,28496.0,28498.0,127
2026-06-10T20:27:00.000Z,NQ,28497.0,28497.25,28488.75,28490.0,115
2026-06-10T20:28:00.000Z,NQ,28490.75,28494.25,28481.0,28491.0,257
2026-06-10T20:29:00.000Z,NQ,28491.25,28491.25,28484.25,28485.5,117
2026-06-10T20:30:00.000Z,NQ,28484.75,28484.75,28462.25,28465.0,276
2026-06-10T20:31:00.000Z,NQ,28465.25,28468.5,28454.75,28468.5,215
2026-06-10T20:32:00.000Z,NQ,28462.25,28471.0,28462.0,28469.75,142
2026-06-10T20:33:00.000Z,NQ,28470.0,28474.25,28468.75,28472.75,103
2026-06-10T20:34:00.000Z,NQ,28474.0,28478.0,28469.0,28475.25,88
2026-06-10T20:35:00.000Z,NQ,28475.0,28478.5,28466.5,28472.0,97
2026-06-10T20:36:00.000Z,NQ,28473.5,28480.0,28472.25,28476.75,106
2026-06-10T20:37:00.000Z,NQ,28477.5,28487.25,28466.25,28483.75,131
2026-06-10T20:38:00.000Z,NQ,28483.75,28489.0,28481.25,28488.0,57
2026-06-10T20:39:00.000Z,NQ,28486.25,28498.75,28485.25,28493.5,168
2026-06-10T20:40:00.000Z,NQ,28492.25,28499.25,28490.0,28491.25,90
2026-06-10T20:41:00.000Z,NQ,28492.0,28493.0,28480.0,28482.75,126
2026-06-10T20:42:00.000Z,NQ,28482.25,28490.5,28476.25,28490.5,100
2026-06-10T20:43:00.000Z,NQ,28488.0,28488.0,28458.75,28459.0,223
2026-06-10T20:44:00.000Z,NQ,28461.75,28471.75,28434.25,28450.75,202
2026-06-10T20:45:00.000Z,NQ,28451.75,28458.25,28442.25,28442.25,146
2026-06-10T20:46:00.000Z,NQ,28441.0,28441.25,28420.0,28430.5,353
2026-06-10T20:47:00.000Z,NQ,28431.0,28431.5,28414.5,28418.5,215
2026-06-10T20:48:00.000Z,NQ,28421.5,28443.5,28415.5,28439.25,224
2026-06-10T20:49:00.000Z,NQ,28438.0,28441.0,28430.0,28433.75,178
2026-06-10T20:50:00.000Z,NQ,28433.75,28438.5,28409.0,28424.5,390
2026-06-10T20:51:00.000Z,NQ,28427.5,28442.25,28425.5,28442.25,111
2026-06-10T20:52:00.000Z,NQ,28443.0,28445.5,28427.25,28440.0,175
2026-06-10T20:53:00.000Z,NQ,28438.0,28446.25,28430.0,28432.25,125
2026-06-10T20:54:00.000Z,NQ,28434.0,28457.5,28432.5,28456.0,200
2026-06-10T20:55:00.000Z,NQ,28457.5,28461.5,28452.0,28460.25,234
2026-06-10T20:56:00.000Z,NQ,28459.75,28462.25,28452.25,28459.5,138
2026-06-10T20:57:00.000Z,NQ,28458.25,28461.25,28450.75,28459.0,194
2026-06-10T20:58:00.000Z,NQ,28458.75,28486.5,28450.0,28462.5,376
2026-06-10T20:59:00.000Z,NQ,28462.75,28474.75,28457.5,28472.0,153
2026-06-10T22:00:00.000Z,NQ,28455.0,28470.0,28404.0,28429.25,0
2026-06-10T22:01:00.000Z,NQ,28428.75,28443.25,28403.5,28405.0,264
2026-06-10T22:02:00.000Z,NQ,28405.75,28414.75,28386.0,28388.75,312
2026-06-10T22:03:00.000Z,NQ,28391.0,28406.0,28385.5,28389.25,174
2026-06-10T22:04:00.000Z,NQ,28389.25,28398.25,28376.0,28385.75,248
2026-06-10T22:05:00.000Z,NQ,28387.25,28393.25,28370.0,28376.25,260
2026-06-10T22:06:00.000Z,NQ,28376.0,28380.0,28363.0,28366.0,259
2026-06-10T22:07:00.000Z,NQ,28366.25,28381.5,28366.25,28381.0,175
2026-06-10T22:08:00.000Z,NQ,28379.5,28390.25,28372.5,28381.75,132
2026-06-10T22:09:00.000Z,NQ,28383.0,28383.5,28365.25,28367.25,77
2026-06-10T22:10:00.000Z,NQ,28368.5,28394.0,28368.5,28389.5,198
2026-06-10T22:11:00.000Z,NQ,28391.25,28392.5,28364.0,28368.25,151
2026-06-10T22:12:00.000Z,NQ,28365.0,28386.0,28358.0,28383.25,224
2026-06-10T22:13:00.000Z,NQ,28383.0,28384.0,28370.0,28381.75,114
2026-06-10T22:14:00.000Z,NQ,28382.75,28404.25,28382.75,28400.75,252
2026-06-10T22:15:00.000Z,NQ,28400.75,28409.75,28388.25,28399.0,223
2026-06-10T22:16:00.000Z,NQ,28399.75,28409.25,28390.75,28397.5,124
2026-06-10T22:17:00.000Z,NQ,28399.0,28406.0,28385.25,28392.0,126
2026-06-10T22:18:00.000Z,NQ,28391.75,28399.25,28384.75,28385.0,135
2026-06-10T22:19:00.000Z,NQ,28388.0,28408.5,28385.75,28403.0,161
2026-06-10T22:20:00.000Z,NQ,28400.5,28404.25,28394.25,28394.25,41
2026-06-10T22:21:00.000Z,NQ,28395.25,28398.75,28388.5,28390.75,102
2026-06-10T22:22:00.000Z,NQ,28393.0,28403.75,28390.0,28393.5,104
2026-06-10T22:23:00.000Z,NQ,28393.0,28394.0,28383.25,28386.75,70
2026-06-10T22:24:00.000Z,NQ,28388.75,28393.5,28386.0,28390.25,53
2026-06-10T22:25:00.000Z,NQ,28388.25,28405.5,28380.0,28401.5,203
2026-06-10T22:26:00.000Z,NQ,28403.5,28416.25,28402.25,28416.25,193
2026-06-10T22:27:00.000Z,NQ,28415.5,28420.0,28404.0,28404.0,125
2026-06-10T22:28:00.000Z,NQ,28404.0,28414.5,28404.0,28410.25,86
2026-06-10T22:29:00.000Z,NQ,28405.25,28415.75,28402.25,28412.0,79
2026-06-10T22:30:00.000Z,NQ,28414.5,28442.0,28412.25,28433.0,261
2026-06-10T22:31:00.000Z,NQ,28435.75,28441.25,28430.25,28432.0,159
2026-06-10T22:32:00.000Z,NQ,28430.5,28447.75,28430.5,28444.25,191
2026-06-10T22:33:00.000Z,NQ,28445.25,28448.5,28437.0,28437.0,250
2026-06-10T22:34:00.000Z,NQ,28437.75,28439.25,28419.5,28420.0,168
2026-06-10T22:35:00.000Z,NQ,28420.0,28437.25,28415.25,28434.0,149
2026-06-10T22:36:00.000Z,NQ,28431.75,28444.25,28431.5,28443.5,86
2026-06-10T22:37:00.000Z,NQ,28440.5,28444.25,28433.0,28439.25,125
2026-06-10T22:38:00.000Z,NQ,28437.75,28444.25,28437.0,28442.75,41
2026-06-10T22:39:00.000Z,NQ,28439.25,28461.75,28439.25,28460.5,247
2026-06-10T22:40:00.000Z,NQ,28460.75,28469.75,28455.5,28459.0,175
2026-06-10T22:41:00.000Z,NQ,28457.5,28458.5,28436.75,28442.0,215
2026-06-10T22:42:00.000Z,NQ,28443.5,28445.25,28440.0,28442.75,27
2026-06-10T22:43:00.000Z,NQ,28443.0,28455.5,28443.0,28451.0,142
2026-06-10T22:44:00.000Z,NQ,28451.0,28452.75,28390.0,28431.75,561
2026-06-10T22:45:00.000Z,NQ,28431.0,28431.0,28402.25,28417.75,231
2026-06-10T22:46:00.000Z,NQ,28420.0,28438.75,28412.75,28438.0,215
2026-06-10T22:47:00.000Z,NQ,28438.0,28449.75,28430.5,28446.75,165
2026-06-10T22:48:00.000Z,NQ,28441.5,28455.75,28433.5,28440.0,161
2026-06-10T22:49:00.000Z,NQ,28431.5,28432.5,28423.25,28424.75,71
2026-06-10T22:50:00.000Z,NQ,28423.5,28429.25,28413.0,28417.0,119
2026-06-10T22:51:00.000Z,NQ,28418.25,28423.0,28409.25,28414.5,93
2026-06-10T22:52:00.000Z,NQ,28412.25,28414.5,28398.0,28398.0,116
2026-06-10T22:53:00.000Z,NQ,28398.0,28401.75,28370.75,28387.0,372
2026-06-10T22:54:00.000Z,NQ,28385.0,28395.25,28380.75,28386.75,94
2026-06-10T22:55:00.000Z,NQ,28386.0,28386.25,28366.0,28367.5,126
2026-06-10T22:56:00.000Z,NQ,28368.75,28373.75,28355.25,28357.75,242
2026-06-10T22:57:00.000Z,NQ,28358.0,28367.75,28350.0,28358.75,167
2026-06-10T22:58:00.000Z,NQ,28359.25,28361.5,28350.0,28353.25,172
2026-06-10T22:59:00.000Z,NQ,28353.75,28359.75,28328.25,28342.5,422
2026-06-10T23:00:00.000Z,NQ,28344.5,28344.75,28306.0,28332.25,459
2026-06-10T23:01:00.000Z,NQ,28331.0,28355.5,28331.0,28351.25,272
2026-06-10T23:02:00.000Z,NQ,28351.75,28375.75,28350.0,28372.0,291
2026-06-10T23:03:00.000Z,NQ,28366.0,28370.75,28352.75,28362.25,44
2026-06-10T23:04:00.000Z,NQ,28360.0,28372.0,28356.5,28369.0,74
2026-06-10T23:05:00.000Z,NQ,28368.0,28376.75,28363.25,28375.25,88
2026-06-10T23:06:00.000Z,NQ,28373.75,28376.75,28358.0,28364.75,74
2026-06-10T23:07:00.000Z,NQ,28364.5,28364.75,28353.75,28358.25,93
2026-06-10T23:08:00.000Z,NQ,28356.75,28360.25,28342.25,28347.75,134
2026-06-10T23:09:00.000Z,NQ,28348.75,28356.5,28335.0,28337.25,168
2026-06-10T23:10:00.000Z,NQ,28337.0,28344.0,28328.0,28331.5,200
2026-06-10T23:11:00.000Z,NQ,28331.25,28334.25,28315.0,28322.75,132
2026-06-10T23:12:00.000Z,NQ,28323.75,28325.25,28285.0,28306.25,479
2026-06-10T23:13:00.000Z,NQ,28307.5,28309.0,28294.25,28295.5,197
2026-06-10T23:14:00.000Z,NQ,28295.75,28295.75,28278.25,28290.0,370
2026-06-10T23:15:00.000Z,NQ,28288.5,28307.25,28287.25,28298.5,225
2026-06-10T23:16:00.000Z,NQ,28295.0,28297.5,28277.5,28294.75,191
2026-06-10T23:17:00.000Z,NQ,28294.25,28296.0,28284.25,28287.75,77
2026-06-10T23:18:00.000Z,NQ,28288.5,28288.5,28268.5,28272.0,193
2026-06-10T23:19:00.000Z,NQ,28273.5,28384.25,28265.75,28353.25,1368
2026-06-10T23:20:00.000Z,NQ,28357.25,28398.0,28332.5,28346.0,1006
2026-06-10T23:21:00.000Z,NQ,28338.0,28340.25,28300.0,28330.25,684
2026-06-10T23:22:00.000Z,NQ,28332.25,28342.0,28310.0,28333.0,251
2026-06-10T23:23:00.000Z,NQ,28335.5,28338.75,28314.0,28318.0,134
2026-06-10T23:24:00.000Z,NQ,28319.75,28336.0,28307.0,28329.75,225
2026-06-10T23:25:00.000Z,NQ,28330.0,28381.0,28330.0,28357.25,483
2026-06-10T23:26:00.000Z,NQ,28357.75,28379.25,28351.0,28372.75,206
2026-06-10T23:27:00.000Z,NQ,28370.75,28390.75,28368.75,28381.75,208
2026-06-10T23:28:00.000Z,NQ,28384.25,28391.5,28374.75,28387.25,224
2026-06-10T23:29:00.000Z,NQ,28386.75,28405.75,28381.25,28398.25,317
2026-06-10T23:30:00.000Z,NQ,28399.0,28405.75,28372.25,28383.25,282
2026-06-10T23:31:00.000Z,NQ,28384.0,28384.75,28368.0,28373.75,314
2026-06-10T23:32:00.000Z,NQ,28372.0,28382.0,28350.0,28379.5,313
2026-06-10T23:33:00.000Z,NQ,28379.25,28388.75,28377.0,28377.0,100
2026-06-10T23:34:00.000Z,NQ,28380.0,28381.25,28366.5,28376.75,124
2026-06-10T23:35:00.000Z,NQ,28378.25,28398.0,28378.25,28389.25,136
2026-06-10T23:36:00.000Z,NQ,28392.25,28410.0,28391.25,28398.75,286
2026-06-10T23:37:00.000Z,NQ,28395.0,28409.25,28394.0,28403.0,69
2026-06-10T23:38:00.000Z,NQ,28401.5,28407.0,28391.0,28397.75,110
2026-06-10T23:39:00.000Z,NQ,28397.75,28399.75,28387.5,28392.0,75
2026-06-10T23:40:00.000Z,NQ,28393.0,28405.5,28382.75,28402.0,144
2026-06-10T23:41:00.000Z,NQ,28400.75,28438.5,28400.25,28429.0,375
2026-06-10T23:42:00.000Z,NQ,28424.5,28446.75,28416.25,28434.5,362
2026-06-10T23:43:00.000Z,NQ,28434.75,28446.25,28433.25,28437.0,155
2026-06-10T23:44:00.000Z,NQ,28435.5,28436.0,28422.75,28425.0,106
2026-06-10T23:45:00.000Z,NQ,28423.0,28423.0,28390.75,28404.5,439
2026-06-10T23:46:00.000Z,NQ,28401.75,28415.0,28398.25,28406.25,101
2026-06-10T23:47:00.000Z,NQ,28406.25,28425.0,28400.0,28422.75,91
2026-06-10T23:48:00.000Z,NQ,28425.0,28425.25,28391.0,28391.0,108
2026-06-10T23:49:00.000Z,NQ,28392.75,28402.5,28363.5,28395.75,200
2026-06-10T23:50:00.000Z,NQ,28395.25,28402.75,28387.5,28390.75,76
2026-06-10T23:51:00.000Z,NQ,28393.0,28401.5,28387.0,28391.25,80
2026-06-10T23:52:00.000Z,NQ,28391.75,28402.25,28389.25,28400.0,101
2026-06-10T23:53:00.000Z,NQ,28398.5,28406.0,28393.25,28394.25,71
2026-06-10T23:54:00.000Z,NQ,28392.0,28393.0,28379.75,28389.5,128
2026-06-10T23:55:00.000Z,NQ,28390.75,28391.25,28381.5,28388.0,70
2026-06-10T23:56:00.000Z,NQ,28385.5,28388.25,28363.5,28367.25,234
2026-06-10T23:57:00.000Z,NQ,28367.75,28369.5,28352.25,28362.5,271
2026-06-10T23:58:00.000Z,NQ,28361.75,28370.25,28358.25,28362.0,88
2026-06-10T23:59:00.000Z,NQ,28358.5,28379.25,28357.0,28364.0,134
2026-06-11T00:00:00.000Z,NQ,28363.5,28405.0,28362.25,28403.0,315
2026-06-11T00:01:00.000Z,NQ,28403.0,28416.0,28390.0,28398.75,200
2026-06-11T00:02:00.000Z,NQ,28400.0,28413.5,28393.0,28393.25,183
2026-06-11T00:03:00.000Z,NQ,28393.25,28393.5,28366.5,28367.75,202
2026-06-11T00:04:00.000Z,NQ,28369.25,28374.0,28332.0,28344.75,320
2026-06-11T00:05:00.000Z,NQ,28346.5,28363.0,28335.0,28360.0,276
2026-06-11T00:06:00.000Z,NQ,28361.5,28383.5,28347.75,28376.5,259
2026-06-11T00:07:00.000Z,NQ,28381.0,28384.25,28368.0,28368.0,113
2026-06-11T00:08:00.000Z,NQ,28367.5,28376.5,28352.75,28373.25,146
2026-06-11T00:09:00.000Z,NQ,28372.25,28372.25,28341.0,28353.0,188
2026-06-11T00:10:00.000Z,NQ,28347.0,28349.0,28336.5,28339.75,177
2026-06-11T00:11:00.000Z,NQ,28339.75,28366.0,28339.5,28357.0,223
2026-06-11T00:12:00.000Z,NQ,28357.0,28370.0,28352.5,28369.5,113
2026-06-11T00:13:00.000Z,NQ,28368.0,28399.75,28367.5,28390.75,300
2026-06-11T00:14:00.000Z,NQ,28386.75,28402.75,28377.0,28391.25,182
2026-06-11T00:15:00.000Z,NQ,28391.5,28463.0,28391.5,28461.0,932
2026-06-11T00:16:00.000Z,NQ,28459.25,28525.0,28459.25,28513.5,1017
2026-06-11T00:17:00.000Z,NQ,28515.25,28571.75,28504.5,28565.0,852
2026-06-11T00:18:00.000Z,NQ,28564.75,28570.0,28519.0,28520.5,476
2026-06-11T00:19:00.000Z,NQ,28524.0,28541.75,28513.25,28521.5,359
2026-06-11T00:20:00.000Z,NQ,28523.0,28528.0,28499.0,28502.0,323
2026-06-11T00:21:00.000Z,NQ,28503.25,28546.25,28490.25,28538.25,420
2026-06-11T00:22:00.000Z,NQ,28534.5,28538.5,28508.75,28518.5,225
2026-06-11T00:23:00.000Z,NQ,28517.75,28527.75,28510.0,28521.75,214
2026-06-11T00:24:00.000Z,NQ,28526.5,28536.25,28503.75,28506.75,265
2026-06-11T00:25:00.000Z,NQ,28507.0,28512.5,28481.75,28489.75,267
2026-06-11T00:26:00.000Z,NQ,28488.0,28488.0,28468.25,28485.5,216
2026-06-11T00:27:00.000Z,NQ,28483.75,28498.75,28470.0,28478.0,206
2026-06-11T00:28:00.000Z,NQ,28479.0,28493.5,28468.0,28491.75,179
2026-06-11T00:29:00.000Z,NQ,28489.5,28490.0,28471.5,28480.5,92
2026-06-11T00:30:00.000Z,NQ,28483.5,28496.0,28475.5,28477.25,182
2026-06-11T00:31:00.000Z,NQ,28478.75,28496.5,28468.0,28490.25,139
2026-06-11T00:32:00.000Z,NQ,28491.5,28505.0,28488.5,28495.25,234
2026-06-11T00:33:00.000Z,NQ,28494.75,28509.25,28471.75,28500.25,349
2026-06-11T00:34:00.000Z,NQ,28504.75,28517.5,28482.5,28484.0,198
2026-06-11T00:35:00.000Z,NQ,28482.0,28486.5,28462.25,28482.25,215
2026-06-11T00:36:00.000Z,NQ,28480.5,28486.25,28428.0,28466.75,764
2026-06-11T00:37:00.000Z,NQ,28469.75,28478.5,28452.0,28473.75,329
2026-06-11T00:38:00.000Z,NQ,28474.5,28483.25,28461.0,28461.0,118
2026-06-11T00:39:00.000Z,NQ,28464.75,28464.75,28445.75,28455.0,93
2026-06-11T00:40:00.000Z,NQ,28453.5,28462.5,28446.5,28453.25,135
2026-06-11T00:41:00.000Z,NQ,28454.75,28486.25,28447.0,28481.0,234
2026-06-11T00:42:00.000Z,NQ,28481.5,28486.75,28465.75,28465.75,179
2026-06-11T00:43:00.000Z,NQ,28470.25,28474.5,28458.0,28460.5,114
2026-06-11T00:44:00.000Z,NQ,28459.25,28459.25,28439.25,28443.75,147
2026-06-11T00:45:00.000Z,NQ,28445.0,28483.75,28443.25,28468.5,209
2026-06-11T00:46:00.000Z,NQ,28465.75,28515.25,28464.25,28512.0,331
2026-06-11T00:47:00.000Z,NQ,28512.5,28539.0,28472.0,28474.75,391
2026-06-11T00:48:00.000Z,NQ,28477.0,28503.5,28475.75,28501.25,129
2026-06-11T00:49:00.000Z,NQ,28502.25,28512.0,28495.25,28510.0,224
2026-06-11T00:50:00.000Z,NQ,28511.75,28521.0,28504.5,28519.25,126
2026-06-11T00:51:00.000Z,NQ,28520.0,28524.5,28499.75,28509.5,130
2026-06-11T00:52:00.000Z,NQ,28509.75,28546.0,28509.75,28543.0,290
2026-06-11T00:53:00.000Z,NQ,28541.0,28557.0,28533.5,28546.75,214
2026-06-11T00:54:00.000Z,NQ,28546.25,28547.5,28528.0,28534.25,213
2026-06-11T00:55:00.000Z,NQ,28533.5,28558.75,28533.5,28552.0,119
2026-06-11T00:56:00.000Z,NQ,28551.75,28561.0,28540.75,28554.75,216
2026-06-11T00:57:00.000Z,NQ,28554.5,28565.25,28546.0,28554.25,189
2026-06-11T00:58:00.000Z,NQ,28552.75,28553.0,28538.75,28545.0,152
2026-06-11T00:59:00.000Z,NQ,28546.25,28554.25,28543.25,28549.5,90
2026-06-11T01:00:00.000Z,NQ,28551.5,28568.5,28549.25,28556.25,287
2026-06-11T01:01:00.000Z,NQ,28555.5,28582.75,28555.0,28577.0,677
2026-06-11T01:02:00.000Z,NQ,28577.75,28597.25,28568.5,28596.75,488
2026-06-11T01:03:00.000Z,NQ,28597.5,28604.0,28592.0,28594.5,273
2026-06-11T01:04:00.000Z,NQ,28596.75,28635.0,28586.5,28621.25,1004
2026-06-11T01:05:00.000Z,NQ,28619.25,28637.25,28611.75,28634.25,353
2026-06-11T01:06:00.000Z,NQ,28634.75,28643.5,28618.5,28625.5,796
2026-06-11T01:07:00.000Z,NQ,28622.0,28625.5,28603.0,28616.5,263
2026-06-11T01:08:00.000Z,NQ,28615.0,28638.5,28612.5,28637.5,185
2026-06-11T01:09:00.000Z,NQ,28636.25,28649.0,28632.5,28642.0,254
2026-06-11T01:10:00.000Z,NQ,28644.0,28667.5,28641.5,28667.5,915
2026-06-11T01:11:00.000Z,NQ,28665.5,28693.0,28663.25,28682.75,960
2026-06-11T01:12:00.000Z,NQ,28682.75,28703.25,28682.0,28695.25,481
2026-06-11T01:13:00.000Z,NQ,28695.5,28706.5,28683.5,28705.0,474
2026-06-11T01:14:00.000Z,NQ,28704.5,28717.25,28700.75,28713.75,504
2026-06-11T01:15:00.000Z,NQ,28712.0,28728.25,28702.5,28702.5,442
2026-06-11T01:16:00.000Z,NQ,28703.5,28720.25,28692.0,28718.75,451
2026-06-11T01:17:00.000Z,NQ,28718.0,28718.25,28691.75,28702.75,290
2026-06-11T01:18:00.000Z,NQ,28701.25,28701.5,28689.0,28695.25,169
2026-06-11T01:19:00.000Z,NQ,28695.75,28728.25,28688.5,28722.75,339
2026-06-11T01:20:00.000Z,NQ,28725.0,28735.5,28707.5,28708.25,282
2026-06-11T01:21:00.000Z,NQ,28708.25,28712.5,28695.0,28704.75,242
2026-06-11T01:22:00.000Z,NQ,28705.0,28707.0,28688.0,28706.0,270
2026-06-11T01:23:00.000Z,NQ,28707.25,28737.5,28707.0,28728.0,367
2026-06-11T01:24:00.000Z,NQ,28726.75,28750.0,28721.75,28745.0,310
2026-06-11T01:25:00.000Z,NQ,28743.0,28754.5,28740.0,28742.75,411
2026-06-11T01:26:00.000Z,NQ,28743.5,28751.25,28732.25,28737.25,197
2026-06-11T01:27:00.000Z,NQ,28735.5,28745.75,28729.25,28743.0,122
2026-06-11T01:28:00.000Z,NQ,28743.75,28765.0,28743.75,28751.75,272
2026-06-11T01:29:00.000Z,NQ,28750.5,28763.25,28747.5,28751.25,157
2026-06-11T01:30:00.000Z,NQ,28751.5,28757.25,28728.75,28733.5,317
2026-06-11T01:31:00.000Z,NQ,28733.0,28733.5,28716.0,28719.75,225
2026-06-11T01:32:00.000Z,NQ,28718.5,28736.0,28717.25,28730.5,168
2026-06-11T01:33:00.000Z,NQ,28729.25,28729.25,28712.5,28716.5,225
2026-06-11T01:34:00.000Z,NQ,28716.5,28720.0,28706.25,28709.25,160
2026-06-11T01:35:00.000Z,NQ,28709.5,28719.25,28704.25,28712.25,140
2026-06-11T01:36:00.000Z,NQ,28711.75,28713.25,28702.0,28702.25,125
2026-06-11T01:37:00.000Z,NQ,28702.0,28712.5,28696.5,28708.25,322
2026-06-11T01:38:00.000Z,NQ,28710.5,28754.0,28708.5,28753.0,460
2026-06-11T01:39:00.000Z,NQ,28753.75,28756.25,28729.5,28734.5,255
2026-06-11T01:40:00.000Z,NQ,28733.75,28734.25,28727.5,28730.25,131
2026-06-11T01:41:00.000Z,NQ,28733.25,28744.0,28733.0,28735.0,96
2026-06-11T01:42:00.000Z,NQ,28735.5,28739.25,28719.75,28719.75,172
2026-06-11T01:43:00.000Z,NQ,28721.75,28721.75,28712.75,28719.25,116
2026-06-11T01:44:00.000Z,NQ,28718.0,28718.0,28700.25,28705.75,129
2026-06-11T01:45:00.000Z,NQ,28706.75,28709.0,28690.0,28692.25,203
2026-06-11T01:46:00.000Z,NQ,28691.75,28712.75,28686.5,28709.5,283
2026-06-11T01:47:00.000Z,NQ,28709.25,28716.0,28700.5,28701.75,157
2026-06-11T01:48:00.000Z,NQ,28701.75,28707.25,28697.75,28699.25,98
2026-06-11T01:49:00.000Z,NQ,28697.75,28703.0,28689.75,28689.75,117
2026-06-11T01:50:00.000Z,NQ,28692.0,28699.25,28684.5,28690.0,147
2026-06-11T01:51:00.000Z,NQ,28687.75,28695.75,28687.75,28693.0,73
2026-06-11T01:52:00.000Z,NQ,28691.75,28691.75,28670.25,28671.25,220
2026-06-11T01:53:00.000Z,NQ,28672.5,28673.75,28666.0,28667.5,143
2026-06-11T01:54:00.000Z,NQ,28668.0,28690.75,28663.75,28674.25,323
2026-06-11T01:55:00.000Z,NQ,28672.25,28672.25,28641.75,28644.5,324
2026-06-11T01:56:00.000Z,NQ,28644.25,28651.25,28638.5,28641.25,236
2026-06-11T01:57:00.000Z,NQ,28642.0,28651.75,28634.5,28637.75,164
2026-06-11T01:58:00.000Z,NQ,28638.0,28647.5,28633.5,28645.0,125
2026-06-11T01:59:00.000Z,NQ,28643.75,28656.25,28639.0,28641.25,167
2026-06-11T02:00:00.000Z,NQ,28643.0,28660.75,28635.0,28658.0,196
2026-06-11T02:01:00.000Z,NQ,28655.5,28671.0,28654.0,28670.25,200
2026-06-11T02:02:00.000Z,NQ,28666.0,28673.75,28654.25,28658.5,146
2026-06-11T02:03:00.000Z,NQ,28660.5,28681.75,28656.5,28673.75,283
2026-06-11T02:04:00.000Z,NQ,28673.25,28696.5,28669.0,28693.25,206
2026-06-11T02:05:00.000Z,NQ,28693.25,28694.0,28671.0,28674.5,134
2026-06-11T02:06:00.000Z,NQ,28673.5,28679.0,28659.25,28660.0,133
2026-06-11T02:07:00.000Z,NQ,28661.25,28673.25,28658.25,28666.25,192
2026-06-11T02:08:00.000Z,NQ,28663.5,28667.0,28653.5,28654.75,78
2026-06-11T02:09:00.000Z,NQ,28652.5,28663.5,28649.0,28661.25,76
2026-06-11T02:10:00.000Z,NQ,28661.0,28661.5,28638.25,28642.0,130
2026-06-11T02:11:00.000Z,NQ,28640.25,28644.25,28637.0,28641.0,109
2026-06-11T02:12:00.000Z,NQ,28642.25,28649.0,28631.5,28634.25,167
2026-06-11T02:13:00.000Z,NQ,28634.0,28641.75,28627.0,28630.75,179
2026-06-11T02:14:00.000Z,NQ,28630.25,28633.75,28621.75,28624.25,189
2026-06-11T02:15:00.000Z,NQ,28624.75,28628.25,28619.0,28622.25,79
2026-06-11T02:16:00.000Z,NQ,28621.25,28629.0,28616.25,28627.5,124
2026-06-11T02:17:00.000Z,NQ,28626.75,28635.0,28622.0,28623.75,111
2026-06-11T02:18:00.000Z,NQ,28624.75,28646.0,28624.0,28628.0,158
2026-06-11T02:19:00.000Z,NQ,28627.75,28636.25,28617.25,28624.75,117
2026-06-11T02:20:00.000Z,NQ,28626.25,28630.5,28619.25,28625.0,112
2026-06-11T02:21:00.000Z,NQ,28623.5,28623.5,28598.0,28599.25,210
2026-06-11T02:22:00.000Z,NQ,28599.25,28599.25,28579.75,28586.5,286
2026-06-11T02:23:00.000Z,NQ,28585.5,28600.0,28575.75,28576.25,263
2026-06-11T02:24:00.000Z,NQ,28579.25,28583.5,28570.25,28578.5,245
2026-06-11T02:25:00.000Z,NQ,28576.75,28580.25,28562.0,28564.75,157
2026-06-11T02:26:00.000Z,NQ,28564.25,28584.75,28558.5,28583.25,262
2026-06-11T02:27:00.000Z,NQ,28578.25,28589.25,28569.5,28571.75,160
2026-06-11T02:28:00.000Z,NQ,28570.5,28573.0,28559.5,28560.5,125
2026-06-11T02:29:00.000Z,NQ,28558.25,28563.5,28550.25,28559.0,197
2026-06-11T02:30:00.000Z,NQ,28557.75,28574.0,28556.75,28565.25,108
2026-06-11T02:31:00.000Z,NQ,28566.0,28566.25,28546.5,28554.75,219
2026-06-11T02:32:00.000Z,NQ,28556.25,28568.0,28554.75,28564.25,172
2026-06-11T02:33:00.000Z,NQ,28566.0,28582.0,28559.5,28560.5,170
2026-06-11T02:34:00.000Z,NQ,28558.5,28562.25,28531.25,28549.5,327
2026-06-11T02:35:00.000Z,NQ,28548.0,28562.75,28544.5,28559.0,173
2026-06-11T02:36:00.000Z,NQ,28559.75,28570.5,28554.75,28566.5,159
2026-06-11T02:37:00.000Z,NQ,28565.0,28571.75,28562.0,28563.75,99
2026-06-11T02:38:00.000Z,NQ,28563.5,28584.75,28555.0,28580.75,172
2026-06-11T02:39:00.000Z,NQ,28578.5,28587.0,28571.0,28579.25,186
2026-06-11T02:40:00.000Z,NQ,28578.75,28596.25,28576.5,28583.25,203
2026-06-11T02:41:00.000Z,NQ,28582.75,28595.0,28581.75,28593.5,118
2026-06-11T02:42:00.000Z,NQ,28592.25,28603.25,28585.0,28592.5,139
2026-06-11T02:43:00.000Z,NQ,28590.75,28598.75,28585.75,28585.75,76
2026-06-11T02:44:00.000Z,NQ,28586.75,28587.0,28568.0,28572.0,136
2026-06-11T02:45:00.000Z,NQ,28573.0,28584.25,28563.25,28584.25,138
2026-06-11T02:46:00.000Z,NQ,28584.25,28592.0,28581.0,28586.75,80
2026-06-11T02:47:00.000Z,NQ,28588.5,28595.0,28583.0,28583.0,105
2026-06-11T02:48:00.000Z,NQ,28582.25,28594.5,28580.5,28593.5,99
2026-06-11T02:49:00.000Z,NQ,28592.5,28592.5,28581.0,28590.5,50
2026-06-11T02:50:00.000Z,NQ,28593.0,28604.0,28593.0,28595.0,134
2026-06-11T02:51:00.000Z,NQ,28594.5,28600.5,28573.0,28583.25,141
2026-06-11T02:52:00.000Z,NQ,28584.0,28591.0,28576.0,28591.0,81
2026-06-11T02:53:00.000Z,NQ,28590.75,28595.75,28584.5,28586.5,67
2026-06-11T02:54:00.000Z,NQ,28588.75,28596.0,28585.5,28590.75,31
2026-06-11T02:55:00.000Z,NQ,28593.25,28608.75,28591.5,28608.25,174
2026-06-11T02:56:00.000Z,NQ,28607.25,28627.0,28607.0,28623.0,482
2026-06-11T02:57:00.000Z,NQ,28622.75,28642.75,28621.75,28639.5,171
2026-06-11T02:58:00.000Z,NQ,28638.5,28648.0,28636.75,28646.75,212
2026-06-11T02:59:00.000Z,NQ,28645.5,28647.75,28634.25,28636.75,114
2026-06-11T03:00:00.000Z,NQ,28636.0,28663.25,28636.0,28660.75,253
2026-06-11T03:01:00.000Z,NQ,28658.5,28677.5,28649.5,28654.0,193
2026-06-11T03:02:00.000Z,NQ,28652.75,28655.75,28640.5,28655.0,105
2026-06-11T03:03:00.000Z,NQ,28655.5,28661.5,28648.25,28652.5,133
2026-06-11T03:04:00.000Z,NQ,28653.0,28658.25,28646.0,28658.25,93
2026-06-11T03:05:00.000Z,NQ,28659.0,28663.5,28650.5,28655.5,118
2026-06-11T03:06:00.000Z,NQ,28653.75,28653.75,28629.5,28635.5,237
2026-06-11T03:07:00.000Z,NQ,28635.5,28643.0,28622.5,28635.5,163
2026-06-11T03:08:00.000Z,NQ,28636.5,28644.25,28629.5,28638.0,97
2026-06-11T03:09:00.000Z,NQ,28638.5,28645.0,28635.75,28635.75,65
2026-06-11T03:10:00.000Z,NQ,28635.0,28641.25,28615.25,28626.25,122
2026-06-11T03:11:00.000Z,NQ,28626.25,28626.5,28604.75,28609.75,126
2026-06-11T03:12:00.000Z,NQ,28606.75,28613.0,28593.5,28596.25,98
2026-06-11T03:13:00.000Z,NQ,28594.75,28607.5,28588.5,28604.25,116
2026-06-11T03:14:00.000Z,NQ,28603.75,28608.0,28600.25,28608.0,29
2026-06-11T03:15:00.000Z,NQ,28605.0,28621.75,28600.5,28618.0,120
2026-06-11T03:16:00.000Z,NQ,28621.0,28626.75,28611.0,28611.0,70
2026-06-11T03:17:00.000Z,NQ,28609.5,28617.25,28601.25,28607.75,110
2026-06-11T03:18:00.000Z,NQ,28612.5,28612.5,28599.25,28604.0,26
2026-06-11T03:19:00.000Z,NQ,28601.5,28606.25,28592.0,28593.75,78
2026-06-11T03:20:00.000Z,NQ,28594.25,28594.25,28581.25,28582.5,151
2026-06-11T03:21:00.000Z,NQ,28584.0,28596.75,28581.5,28590.5,101
2026-06-11T03:22:00.000Z,NQ,28591.0,28602.5,28591.0,28596.5,55
2026-06-11T03:23:00.000Z,NQ,28595.5,28604.0,28595.0,28596.0,52
2026-06-11T03:24:00.000Z,NQ,28597.5,28618.75,28596.25,28615.5,92
2026-06-11T03:25:00.000Z,NQ,28616.0,28617.25,28603.25,28612.75,80
2026-06-11T03:26:00.000Z,NQ,28611.0,28615.5,28597.0,28601.75,69
2026-06-11T03:27:00.000Z,NQ,28602.0,28606.0,28594.5,28599.5,60
2026-06-11T03:28:00.000Z,NQ,28597.5,28605.0,28596.5,28605.0,20
2026-06-11T03:29:00.000Z,NQ,28607.75,28621.75,28606.75,28621.5,103
2026-06-11T03:30:00.000Z,NQ,28621.25,28629.0,28618.25,28628.75,100
2026-06-11T03:31:00.000Z,NQ,28626.75,28644.0,28620.0,28639.5,226
2026-06-11T03:32:00.000Z,NQ,28638.25,28661.0,28634.25,28641.25,337
2026-06-11T03:33:00.000Z,NQ,28640.25,28665.75,28639.25,28662.0,126
2026-06-11T03:34:00.000Z,NQ,28662.0,28668.5,28660.0,28663.5,92
2026-06-11T03:35:00.000Z,NQ,28662.0,28668.5,28657.5,28662.5,74
2026-06-11T03:36:00.000Z,NQ,28660.75,28667.75,28643.75,28646.75,96
2026-06-11T03:37:00.000Z,NQ,28647.75,28663.25,28647.75,28659.5,114
2026-06-11T03:38:00.000Z,NQ,28659.0,28662.25,28651.5,28662.25,44
2026-06-11T03:39:00.000Z,NQ,28660.25,28674.0,28660.25,28672.5,121
2026-06-11T03:40:00.000Z,NQ,28673.25,28686.25,28673.25,28680.25,207
2026-06-11T03:41:00.000Z,NQ,28678.0,28688.5,28673.25,28679.5,116
2026-06-11T03:42:00.000Z,NQ,28678.5,28685.0,28671.75,28683.25,131
2026-06-11T03:43:00.000Z,NQ,28683.5,28684.5,28673.0,28681.0,94
2026-06-11T03:44:00.000Z,NQ,28681.25,28688.5,28681.25,28685.25,82
2026-06-11T03:45:00.000Z,NQ,28688.0,28693.0,28677.0,28681.5,89
2026-06-11T03:46:00.000Z,NQ,28681.5,28682.5,28671.0,28677.25,62
2026-06-11T03:47:00.000Z,NQ,28681.0,28686.75,28679.0,28686.0,39
2026-06-11T03:48:00.000Z,NQ,28685.5,28686.75,28681.75,28684.75,29
2026-06-11T03:49:00.000Z,NQ,28686.5,28693.75,28679.0,28682.0,85
2026-06-11T03:50:00.000Z,NQ,28685.5,28705.0,28685.0,28702.75,138
2026-06-11T03:51:00.000Z,NQ,28700.0,28711.5,28699.0,28704.25,131
2026-06-11T03:52:00.000Z,NQ,28705.0,28710.0,28701.0,28710.0,53
2026-06-11T03:53:00.000Z,NQ,28711.0,28743.5,28710.25,28720.5,488
2026-06-11T03:54:00.000Z,NQ,28718.5,28724.5,28711.5,28719.0,110
2026-06-11T03:55:00.000Z,NQ,28718.5,28726.0,28715.5,28720.25,78
2026-06-11T03:56:00.000Z,NQ,28718.25,28731.75,28713.0,28725.25,109
2026-06-11T03:57:00.000Z,NQ,28724.25,28733.0,28724.0,28733.0,66
2026-06-11T03:58:00.000Z,NQ,28734.5,28739.25,28733.25,28734.5,97
2026-06-11T04:09:00.000Z,NQ,28726.75,28730.0,28720.5,28730.0,42
2026-06-11T04:10:00.000Z,NQ,28730.75,28731.0,28717.5,28720.0,71
2026-06-11T04:11:00.000Z,NQ,28721.25,28729.0,28721.25,28726.5,44
2026-06-11T04:12:00.000Z,NQ,28726.25,28731.25,28721.0,28728.75,61
2026-06-11T04:13:00.000Z,NQ,28727.25,28730.0,28716.75,28718.75,68
2026-06-11T04:14:00.000Z,NQ,28719.0,28723.75,28719.0,28723.25,25
2026-06-11T04:15:00.000Z,NQ,28722.75,28726.5,28722.0,28725.75,67
2026-06-11T04:16:00.000Z,NQ,28723.5,28723.5,28710.25,28714.25,74
2026-06-11T04:17:00.000Z,NQ,28712.25,28716.0,28704.75,28713.0,76
2026-06-11T04:18:00.000Z,NQ,28709.75,28717.0,28707.25,28711.25,45
2026-06-11T04:19:00.000Z,NQ,28712.5,28727.25,28712.5,28725.75,87
2026-06-11T04:20:00.000Z,NQ,28726.25,28754.0,28718.75,28750.75,260
2026-06-11T04:21:00.000Z,NQ,28749.0,28758.0,28736.25,28740.75,248
2026-06-11T04:22:00.000Z,NQ,28740.75,28740.75,28723.25,28725.75,128
2026-06-11T04:23:00.000Z,NQ,28726.75,28735.5,28725.0,28727.25,81
2026-06-11T04:24:00.000Z,NQ,28729.25,28733.0,28721.0,28730.75,35
2026-06-11T04:25:00.000Z,NQ,28727.25,28743.0,28727.25,28741.0,76
2026-06-11T04:26:00.000Z,NQ,28741.25,28756.5,28741.25,28751.75,168
2026-06-11T04:27:00.000Z,NQ,28750.75,28750.75,28730.5,28733.25,129
2026-06-11T04:28:00.000Z,NQ,28733.25,28736.5,28729.0,28730.5,62
2026-06-11T04:29:00.000Z,NQ,28735.0,28749.0,28735.0,28742.0,130
2026-06-11T04:30:00.000Z,NQ,28743.75,28760.0,28743.75,28750.75,191
2026-06-11T04:31:00.000Z,NQ,28747.5,28752.5,28746.0,28749.75,45
2026-06-11T04:32:00.000Z,NQ,28748.5,28752.0,28742.25,28751.25,63
2026-06-11T04:33:00.000Z,NQ,28752.0,28755.5,28745.0,28749.0,69
2026-06-11T04:34:00.000Z,NQ,28747.75,28750.5,28735.25,28735.25,62
2026-06-11T04:35:00.000Z,NQ,28734.25,28736.75,28732.0,28736.25,41
2026-06-11T04:36:00.000Z,NQ,28734.75,28762.0,28732.25,28760.25,133
2026-06-11T04:37:00.000Z,NQ,28759.75,28771.75,28755.25,28760.75,404
2026-06-11T04:38:00.000Z,NQ,28760.5,28775.5,28760.5,28773.25,137
2026-06-11T04:39:00.000Z,NQ,28772.75,28775.5,28770.75,28773.5,89
2026-06-11T04:40:00.000Z,NQ,28775.0,28783.0,28764.5,28770.0,331
2026-06-11T04:41:00.000Z,NQ,28769.75,28778.5,28769.75,28777.5,91
2026-06-11T04:42:00.000Z,NQ,28777.0,28788.5,28776.25,28784.0,153
2026-06-11T04:43:00.000Z,NQ,28784.5,28791.75,28780.75,28791.75,142
2026-06-11T04:44:00.000Z,NQ,28789.5,28803.0,28789.5,28790.5,213
2026-06-11T04:45:00.000Z,NQ,28793.0,28802.0,28791.25,28799.5,78
2026-06-11T04:46:00.000Z,NQ,28796.75,28799.0,28790.75,28797.5,71
2026-06-11T04:47:00.000Z,NQ,28796.75,28800.25,28792.0,28799.25,68
2026-06-11T04:48:00.000Z,NQ,28799.0,28799.0,28779.0,28785.0,147
2026-06-11T04:49:00.000Z,NQ,28784.0,28786.75,28777.25,28780.0,67
2026-06-11T04:50:00.000Z,NQ,28780.5,28784.75,28772.25,28782.0,83
2026-06-11T04:51:00.000Z,NQ,28781.5,28781.5,28760.0,28765.0,195
2026-06-11T04:52:00.000Z,NQ,28764.0,28770.0,28764.0,28765.5,38
2026-06-11T04:53:00.000Z,NQ,28768.75,28781.25,28768.75,28776.5,287
2026-06-11T04:54:00.000Z,NQ,28776.75,28781.25,28770.5,28779.25,52
2026-06-11T04:55:00.000Z,NQ,28782.0,28784.25,28771.75,28773.0,56
2026-06-11T04:56:00.000Z,NQ,28772.0,28776.5,28769.0,28773.75,81
2026-06-11T04:57:00.000Z,NQ,28770.5,28772.0,28764.75,28769.25,91
2026-06-11T04:58:00.000Z,NQ,28769.5,28773.0,28769.5,28772.25,35
2026-06-11T04:59:00.000Z,NQ,28769.5,28777.75,28768.25,28776.5,78
2026-06-11T05:00:00.000Z,NQ,28776.5,28782.0,28749.25,28754.25,243
2026-06-11T05:01:00.000Z,NQ,28754.5,28757.0,28727.75,28745.75,261
2026-06-11T05:02:00.000Z,NQ,28748.5,28766.75,28739.25,28747.75,466
2026-06-11T05:03:00.000Z,NQ,28747.0,28753.0,28740.0,28742.5,128
2026-06-11T05:04:00.000Z,NQ,28743.5,28746.75,28738.75,28743.5,66
2026-06-11T05:05:00.000Z,NQ,28743.0,28743.0,28732.0,28741.5,88
2026-06-11T05:06:00.000Z,NQ,28738.25,28738.25,28717.25,28720.75,171
2026-06-11T05:07:00.000Z,NQ,28720.0,28732.0,28720.0,28724.25,98
2026-06-11T05:08:00.000Z,NQ,28725.5,28738.0,28722.75,28737.75,83
2026-06-11T05:09:00.000Z,NQ,28738.25,28742.5,28731.0,28742.0,72
2026-06-11T05:10:00.000Z,NQ,28740.5,28743.75,28724.75,28726.0,153
2026-06-11T05:11:00.000Z,NQ,28723.75,28729.0,28720.5,28723.5,88
2026-06-11T05:12:00.000Z,NQ,28724.5,28732.75,28722.25,28732.75,45
2026-06-11T05:13:00.000Z,NQ,28734.25,28735.75,28727.5,28727.75,32
2026-06-11T05:14:00.000Z,NQ,28733.0,28735.75,28727.5,28728.75,26
2026-06-11T05:15:00.000Z,NQ,28729.0,28732.25,28715.0,28730.0,98
2026-06-11T05:16:00.000Z,NQ,28731.5,28750.0,28730.0,28734.25,214
2026-06-11T05:17:00.000Z,NQ,28733.75,28734.75,28724.5,28732.0,107
2026-06-11T05:18:00.000Z,NQ,28731.0,28732.5,28723.25,28725.5,64
2026-06-11T05:19:00.000Z,NQ,28723.5,28728.25,28722.0,28728.25,34
2026-06-11T05:20:00.000Z,NQ,28727.5,28740.0,28727.5,28737.75,81
2026-06-11T05:21:00.000Z,NQ,28738.75,28743.25,28732.0,28739.0,73
2026-06-11T05:22:00.000Z,NQ,28739.25,28742.5,28736.75,28737.0,29
2026-06-11T05:23:00.000Z,NQ,28736.25,28738.75,28729.0,28736.75,32
2026-06-11T05:24:00.000Z,NQ,28734.25,28742.75,28734.25,28737.25,74
2026-06-11T05:25:00.000Z,NQ,28735.0,28737.75,28722.5,28730.75,103
2026-06-11T05:26:00.000Z,NQ,28729.5,28740.75,28729.5,28732.5,38
2026-06-11T05:27:00.000Z,NQ,28733.5,28735.75,28722.75,28723.0,38
2026-06-11T05:28:00.000Z,NQ,28721.75,28725.5,28713.75,28720.25,96
2026-06-11T05:29:00.000Z,NQ,28719.75,28738.5,28719.75,28734.0,108
2026-06-11T05:30:00.000Z,NQ,28733.5,28743.25,28730.0,28732.75,81
2026-06-11T05:31:00.000Z,NQ,28730.5,28732.0,28712.0,28717.25,177
2026-06-11T05:32:00.000Z,NQ,28717.25,28735.0,28716.0,28733.25,93
2026-06-11T05:33:00.000Z,NQ,28734.0,28745.0,28728.5,28732.75,143
2026-06-11T05:34:00.000Z,NQ,28734.0,28741.75,28734.0,28738.5,72
2026-06-11T05:35:00.000Z,NQ,28740.0,28744.25,28737.0,28739.0,67
2026-06-11T05:36:00.000Z,NQ,28737.0,28746.0,28733.75,28743.5,48
2026-06-11T05:37:00.000Z,NQ,28744.0,28747.5,28733.25,28734.75,86
2026-06-11T05:38:00.000Z,NQ,28735.0,28747.75,28735.0,28744.0,87
2026-06-11T05:39:00.000Z,NQ,28743.75,28743.75,28726.25,28740.25,154
2026-06-11T05:40:00.000Z,NQ,28739.75,28751.0,28739.75,28750.0,202
2026-06-11T05:41:00.000Z,NQ,28749.75,28751.0,28741.0,28741.75,108
2026-06-11T05:42:00.000Z,NQ,28744.25,28744.25,28732.75,28735.5,54
2026-06-11T05:43:00.000Z,NQ,28738.0,28750.0,28738.0,28749.25,205
2026-06-11T05:44:00.000Z,NQ,28747.5,28749.25,28741.25,28743.75,61
2026-06-11T05:45:00.000Z,NQ,28742.5,28744.0,28733.25,28736.25,124
2026-06-11T05:46:00.000Z,NQ,28734.0,28738.0,28731.25,28738.0,47
2026-06-11T05:47:00.000Z,NQ,28737.5,28739.5,28729.75,28737.0,61
2026-06-11T05:48:00.000Z,NQ,28738.0,28745.25,28735.5,28743.5,45
2026-06-11T05:49:00.000Z,NQ,28745.5,28750.0,28737.0,28739.75,128
2026-06-11T05:50:00.000Z,NQ,28738.25,28738.5,28730.75,28736.5,71
2026-06-11T05:51:00.000Z,NQ,28737.0,28749.5,28736.5,28741.75,199
2026-06-11T05:52:00.000Z,NQ,28741.5,28745.0,28730.75,28732.75,97
2026-06-11T05:53:00.000Z,NQ,28731.75,28744.75,28730.0,28742.0,82
2026-06-11T05:54:00.000Z,NQ,28740.25,28745.5,28731.75,28732.5,105
2026-06-11T05:55:00.000Z,NQ,28732.25,28744.5,28726.5,28734.75,119
2026-06-11T05:56:00.000Z,NQ,28737.0,28745.0,28737.0,28740.75,63
2026-06-11T05:57:00.000Z,NQ,28741.25,28748.5,28732.0,28748.5,89
2026-06-11T05:58:00.000Z,NQ,28748.5,28756.0,28745.25,28745.75,109
2026-06-11T05:59:00.000Z,NQ,28744.0,28750.5,28736.75,28746.5,76
2026-06-11T06:00:00.000Z,NQ,28746.0,28748.0,28722.0,28741.5,231
2026-06-11T06:01:00.000Z,NQ,28741.75,28743.25,28727.5,28735.5,103
2026-06-11T06:02:00.000Z,NQ,28733.25,28734.75,28720.25,28727.75,135
2026-06-11T06:03:00.000Z,NQ,28727.75,28747.0,28727.75,28743.5,188
2026-06-11T06:04:00.000Z,NQ,28740.75,28743.25,28719.0,28720.0,310
2026-06-11T06:05:00.000Z,NQ,28718.5,28734.0,28708.25,28724.0,500
2026-06-11T06:06:00.000Z,NQ,28723.75,28724.0,28685.5,28694.75,602
2026-06-11T06:07:00.000Z,NQ,28696.25,28699.5,28688.25,28699.25,154
2026-06-11T06:08:00.000Z,NQ,28699.0,28717.25,28698.0,28702.5,219
2026-06-11T06:09:00.000Z,NQ,28703.25,28713.0,28693.0,28706.25,224
2026-06-11T06:10:00.000Z,NQ,28707.75,28726.25,28704.5,28723.25,244
2026-06-11T06:11:00.000Z,NQ,28722.5,28727.0,28707.0,28720.25,304
2026-06-11T06:12:00.000Z,NQ,28721.25,28745.0,28719.25,28741.75,314
2026-06-11T06:13:00.000Z,NQ,28743.75,28746.75,28727.5,28736.25,177
2026-06-11T06:14:00.000Z,NQ,28734.75,28762.75,28734.75,28746.0,290
2026-06-11T06:15:00.000Z,NQ,28748.5,28758.5,28746.75,28753.75,223
2026-06-11T06:16:00.000Z,NQ,28753.0,28766.75,28753.0,28762.0,163
2026-06-11T06:17:00.000Z,NQ,28764.75,28770.75,28761.75,28762.0,132
2026-06-11T06:18:00.000Z,NQ,28762.5,28767.0,28758.75,28767.0,119
2026-06-11T06:19:00.000Z,NQ,28766.0,28768.5,28748.25,28750.75,116
2026-06-11T06:20:00.000Z,NQ,28751.75,28764.25,28749.5,28762.75,106
2026-06-11T06:21:00.000Z,NQ,28763.75,28774.0,28760.0,28773.25,99
2026-06-11T06:22:00.000Z,NQ,28771.0,28773.0,28753.25,28753.25,105
2026-06-11T06:23:00.000Z,NQ,28753.25,28756.25,28743.5,28746.5,112
2026-06-11T06:24:00.000Z,NQ,28745.0,28755.0,28743.0,28751.0,205
2026-06-11T06:25:00.000Z,NQ,28752.75,28766.25,28751.5,28759.0,151
2026-06-11T06:26:00.000Z,NQ,28756.5,28757.25,28746.75,28749.25,51
2026-06-11T06:27:00.000Z,NQ,28748.5,28756.5,28748.0,28755.25,45
2026-06-11T06:28:00.000Z,NQ,28754.0,28760.0,28746.25,28754.5,135
2026-06-11T06:29:00.000Z,NQ,28754.0,28755.0,28745.75,28749.5,113
2026-06-11T06:30:00.000Z,NQ,28751.0,28755.0,28745.75,28749.5,90
2026-06-11T06:31:00.000Z,NQ,28747.75,28748.5,28734.0,28747.0,158
2026-06-11T06:32:00.000Z,NQ,28741.75,28744.25,28728.75,28733.5,156
2026-06-11T06:33:00.000Z,NQ,28731.75,28742.25,28728.25,28739.25,69
2026-06-11T06:34:00.000Z,NQ,28736.0,28736.5,28728.0,28729.25,88
2026-06-11T06:35:00.000Z,NQ,28731.5,28735.25,28728.25,28735.25,52
2026-06-11T06:36:00.000Z,NQ,28736.25,28754.5,28736.25,28750.75,147
2026-06-11T06:37:00.000Z,NQ,28752.5,28765.75,28747.25,28764.75,101
2026-06-11T06:38:00.000Z,NQ,28765.5,28770.0,28762.5,28764.75,129
2026-06-11T06:39:00.000Z,NQ,28764.0,28768.5,28758.0,28764.0,116
2026-06-11T06:40:00.000Z,NQ,28764.5,28778.25,28764.5,28770.0,305
2026-06-11T06:41:00.000Z,NQ,28771.25,28774.0,28762.75,28769.25,145
2026-06-11T06:42:00.000Z,NQ,28768.5,28773.5,28768.0,28770.75,45
2026-06-11T06:43:00.000Z,NQ,28769.75,28773.0,28762.75,28765.5,53
2026-06-11T06:44:00.000Z,NQ,28763.0,28763.75,28757.25,28762.75,80
2026-06-11T06:45:00.000Z,NQ,28763.75,28779.5,28761.5,28767.5,179
2026-06-11T06:46:00.000Z,NQ,28766.25,28766.25,28755.25,28759.25,87
2026-06-11T06:47:00.000Z,NQ,28760.0,28762.75,28755.75,28758.0,74
2026-06-11T06:48:00.000Z,NQ,28756.25,28775.25,28755.5,28775.25,130
2026-06-11T06:49:00.000Z,NQ,28770.25,28773.0,28765.25,28768.75,52
2026-06-11T06:50:00.000Z,NQ,28768.0,28770.75,28764.25,28764.75,183
2026-06-11T06:51:00.000Z,NQ,28765.75,28770.25,28764.25,28765.0,79
2026-06-11T06:52:00.000Z,NQ,28770.25,28773.75,28768.25,28773.75,48
2026-06-11T06:53:00.000Z,NQ,28773.25,28788.75,28771.0,28785.25,110
2026-06-11T06:54:00.000Z,NQ,28783.5,28787.0,28772.25,28783.25,66
2026-06-11T06:55:00.000Z,NQ,28782.25,28783.25,28778.0,28781.0,79
2026-06-11T06:56:00.000Z,NQ,28781.75,28787.25,28779.5,28781.5,66
2026-06-11T06:57:00.000Z,NQ,28782.75,28793.0,28781.25,28789.25,59
2026-06-11T06:58:00.000Z,NQ,28789.75,28790.5,28785.0,28785.25,36
2026-06-11T06:59:00.000Z,NQ,28784.75,28797.5,28783.75,28792.0,129
2026-06-11T07:00:00.000Z,NQ,28791.75,28813.75,28786.75,28803.5,410
2026-06-11T07:01:00.000Z,NQ,28803.5,28819.5,28797.25,28804.0,293
2026-06-11T07:02:00.000Z,NQ,28801.5,28812.75,28799.75,28801.0,92
2026-06-11T07:03:00.000Z,NQ,28800.0,28810.75,28792.0,28803.5,148
2026-06-11T07:04:00.000Z,NQ,28803.0,28809.5,28801.25,28803.25,184
2026-06-11T07:05:00.000Z,NQ,28805.75,28805.75,28791.25,28793.75,124
2026-06-11T07:06:00.000Z,NQ,28792.0,28796.25,28778.5,28782.0,239
2026-06-11T07:07:00.000Z,NQ,28780.0,28783.5,28768.5,28779.75,129
2026-06-11T07:08:00.000Z,NQ,28781.0,28791.25,28778.5,28784.75,66
2026-06-11T07:09:00.000Z,NQ,28788.75,28799.5,28785.25,28799.0,107
2026-06-11T07:10:00.000Z,NQ,28799.75,28807.5,28797.25,28806.0,106
2026-06-11T07:11:00.000Z,NQ,28804.0,28805.5,28790.5,28790.5,86
2026-06-11T07:12:00.000Z,NQ,28789.0,28795.5,28781.25,28781.25,81
2026-06-11T07:13:00.000Z,NQ,28781.75,28786.25,28764.0,28784.25,318
2026-06-11T07:14:00.000Z,NQ,28784.5,28794.25,28782.5,28789.25,193
2026-06-11T07:15:00.000Z,NQ,28786.5,28802.5,28781.0,28800.25,159
2026-06-11T07:16:00.000Z,NQ,28800.5,28817.75,28796.75,28809.75,212
2026-06-11T07:17:00.000Z,NQ,28810.5,28816.0,28799.0,28813.5,122
2026-06-11T07:18:00.000Z,NQ,28813.75,28826.75,28811.5,28824.25,149
2026-06-11T07:19:00.000Z,NQ,28821.25,28825.0,28809.5,28817.5,235
2026-06-11T07:20:00.000Z,NQ,28818.0,28828.0,28815.75,28827.0,134
2026-06-11T07:21:00.000Z,NQ,28826.75,28850.0,28826.0,28844.75,629
2026-06-11T07:22:00.000Z,NQ,28844.5,28853.0,28844.25,28849.5,145
2026-06-11T07:23:00.000Z,NQ,28848.5,28859.0,28841.5,28855.75,279
2026-06-11T07:24:00.000Z,NQ,28855.5,28868.5,28851.75,28868.5,390
2026-06-11T07:25:00.000Z,NQ,28866.5,28866.5,28835.5,28838.5,426
2026-06-11T07:26:00.000Z,NQ,28838.5,28843.5,28830.25,28832.0,259
2026-06-11T07:27:00.000Z,NQ,28830.0,28838.0,28827.0,28829.25,121
2026-06-11T07:28:00.000Z,NQ,28828.25,28843.5,28828.0,28839.0,216
2026-06-11T07:29:00.000Z,NQ,28839.25,28850.0,28837.75,28849.75,115
2026-06-11T07:30:00.000Z,NQ,28848.25,28862.75,28847.75,28855.25,183
2026-06-11T07:31:00.000Z,NQ,28854.75,28855.75,28840.25,28848.25,136
2026-06-11T07:32:00.000Z,NQ,28847.25,28853.5,28844.5,28851.0,91
2026-06-11T07:33:00.000Z,NQ,28852.0,28852.5,28847.75,28848.25,57
2026-06-11T07:34:00.000Z,NQ,28848.5,28853.0,28845.5,28848.5,60
2026-06-11T07:35:00.000Z,NQ,28848.0,28860.25,28848.0,28855.0,87
2026-06-11T07:36:00.000Z,NQ,28852.5,28859.0,28849.5,28854.75,98
2026-06-11T07:37:00.000Z,NQ,28853.75,28867.0,28848.75,28856.75,206
2026-06-11T07:38:00.000Z,NQ,28855.75,28860.5,28854.25,28859.75,65
2026-06-11T07:39:00.000Z,NQ,28858.0,28861.5,28846.0,28848.5,120
2026-06-11T07:40:00.000Z,NQ,28847.75,28848.0,28836.25,28839.25,87
2026-06-11T07:41:00.000Z,NQ,28838.75,28850.25,28837.0,28848.0,126
2026-06-11T07:42:00.000Z,NQ,28849.5,28856.0,28849.5,28854.25,75
2026-06-11T07:43:00.000Z,NQ,28854.0,28860.0,28853.25,28854.75,90
2026-06-11T07:44:00.000Z,NQ,28854.25,28864.75,28850.25,28860.75,122
2026-06-11T07:45:00.000Z,NQ,28860.25,28865.5,28854.75,28854.75,135
2026-06-11T07:46:00.000Z,NQ,28856.0,28859.5,28850.0,28858.0,63
2026-06-11T07:47:00.000Z,NQ,28856.0,28859.25,28850.0,28856.0,49
2026-06-11T07:48:00.000Z,NQ,28853.0,28854.0,28844.5,28847.25,60
2026-06-11T07:49:00.000Z,NQ,28845.75,28845.75,28838.25,28839.75,105
2026-06-11T07:50:00.000Z,NQ,28841.25,28842.75,28833.5,28837.25,65
2026-06-11T07:51:00.000Z,NQ,28837.25,28841.5,28832.0,28835.25,90
2026-06-11T07:52:00.000Z,NQ,28834.25,28846.25,28833.5,28842.25,94
2026-06-11T07:53:00.000Z,NQ,28841.75,28853.25,28839.25,28839.25,94
2026-06-11T07:54:00.000Z,NQ,28837.5,28843.0,28835.25,28841.0,31
2026-06-11T07:55:00.000Z,NQ,28840.75,28843.0,28835.0,28837.5,41
2026-06-11T07:56:00.000Z,NQ,28837.0,28844.0,28837.0,28838.0,32
2026-06-11T07:57:00.000Z,NQ,28838.0,28845.5,28838.0,28844.0,72
2026-06-11T07:58:00.000Z,NQ,28845.5,28847.25,28841.75,28843.75,42
2026-06-11T07:59:00.000Z,NQ,28844.75,28847.25,28838.75,28844.25,127
2026-06-11T08:00:00.000Z,NQ,28845.0,28877.5,28839.25,28871.0,465
2026-06-11T08:01:00.000Z,NQ,28871.75,28878.5,28864.25,28878.5,240
2026-06-11T08:02:00.000Z,NQ,28878.5,28899.25,28873.0,28892.25,464
2026-06-11T08:03:00.000Z,NQ,28891.25,28918.0,28884.75,28889.25,449
2026-06-11T08:04:00.000Z,NQ,28889.0,28891.25,28869.25,28869.25,253
2026-06-11T08:05:00.000Z,NQ,28870.0,28876.75,28866.0,28874.25,159
2026-06-11T08:06:00.000Z,NQ,28874.0,28889.25,28872.75,28889.25,144
2026-06-11T08:07:00.000Z,NQ,28889.25,28897.25,28886.75,28895.75,129
2026-06-11T08:08:00.000Z,NQ,28896.25,28906.0,28889.5,28904.5,130
2026-06-11T08:09:00.000Z,NQ,28906.0,28918.0,28901.25,28914.0,394
2026-06-11T08:10:00.000Z,NQ,28913.75,28915.0,28903.75,28906.75,257
2026-06-11T08:11:00.000Z,NQ,28906.5,28918.0,28903.5,28912.25,220
2026-06-11T08:12:00.000Z,NQ,28913.25,28923.0,28911.5,28919.25,182
2026-06-11T08:13:00.000Z,NQ,28919.25,28927.25,28916.0,28921.25,204
2026-06-11T08:14:00.000Z,NQ,28921.25,28922.75,28902.25,28916.25,251
2026-06-11T08:15:00.000Z,NQ,28914.75,28915.5,28897.5,28900.0,192
2026-06-11T08:16:00.000Z,NQ,28901.25,28903.0,28888.75,28898.0,124
2026-06-11T08:17:00.000Z,NQ,28895.75,28905.5,28893.75,28901.25,144
2026-06-11T08:18:00.000Z,NQ,28902.5,28916.0,28897.75,28909.75,247
2026-06-11T08:19:00.000Z,NQ,28909.75,28918.75,28903.25,28915.0,213
2026-06-11T08:20:00.000Z,NQ,28913.25,28915.0,28890.5,28899.75,211
2026-06-11T08:21:00.000Z,NQ,28900.25,28907.5,28896.5,28898.25,108
2026-06-11T08:22:00.000Z,NQ,28899.25,28908.0,28897.0,28905.5,91
2026-06-11T08:23:00.000Z,NQ,28906.0,28922.75,28906.0,28920.5,205
2026-06-11T08:24:00.000Z,NQ,28920.75,28921.0,28915.25,28917.25,99
2026-06-11T08:25:00.000Z,NQ,28919.0,28926.0,28918.5,28924.25,50
2026-06-11T08:26:00.000Z,NQ,28923.75,28933.5,28923.75,28933.25,138
2026-06-11T08:27:00.000Z,NQ,28931.5,28931.5,28914.25,28915.5,132
2026-06-11T08:28:00.000Z,NQ,28913.0,28920.75,28911.0,28913.25,90
2026-06-11T08:29:00.000Z,NQ,28914.75,28916.25,28898.0,28907.25,160
2026-06-11T08:30:00.000Z,NQ,28905.5,28911.0,28895.25,28908.25,133
2026-06-11T08:31:00.000Z,NQ,28906.25,28907.5,28901.25,28904.0,56
2026-06-11T08:32:00.000Z,NQ,28903.5,28904.75,28895.5,28902.75,58
2026-06-11T08:33:00.000Z,NQ,28903.75,28912.75,28900.75,28907.75,74
2026-06-11T08:34:00.000Z,NQ,28906.25,28919.75,28903.5,28914.75,163
2026-06-11T08:35:00.000Z,NQ,28915.0,28926.25,28911.25,28925.25,520
2026-06-11T08:36:00.000Z,NQ,28925.0,28932.5,28921.25,28932.5,160
2026-06-11T08:37:00.000Z,NQ,28933.25,28936.0,28915.75,28916.75,167
2026-06-11T08:38:00.000Z,NQ,28916.5,28921.25,28915.0,28917.0,57
2026-06-11T08:39:00.000Z,NQ,28917.75,28920.75,28909.75,28920.75,129
2026-06-11T08:40:00.000Z,NQ,28918.75,28924.0,28917.25,28920.75,170
2026-06-11T08:41:00.000Z,NQ,28918.5,28918.5,28905.25,28913.75,117
2026-06-11T08:42:00.000Z,NQ,28914.0,28916.75,28907.75,28911.0,50
2026-06-11T08:43:00.000Z,NQ,28911.0,28925.0,28911.0,28912.75,99
2026-06-11T08:44:00.000Z,NQ,28910.25,28913.0,28908.0,28912.5,85
2026-06-11T08:45:00.000Z,NQ,28915.75,28916.75,28909.25,28910.25,38
2026-06-11T08:46:00.000Z,NQ,28910.5,28915.25,28909.5,28914.5,38
2026-06-11T08:47:00.000Z,NQ,28912.0,28914.0,28900.5,28910.25,102
2026-06-11T08:48:00.000Z,NQ,28909.25,28920.0,28906.25,28908.75,157
2026-06-11T08:49:00.000Z,NQ,28907.5,28907.5,28896.5,28896.5,160
2026-06-11T08:50:00.000Z,NQ,28898.5,28903.5,28895.0,28901.75,75
2026-06-11T08:51:00.000Z,NQ,28903.25,28906.5,28897.75,28900.0,75
2026-06-11T08:52:00.000Z,NQ,28902.0,28915.25,28902.0,28907.25,56
2026-06-11T08:53:00.000Z,NQ,28906.5,28907.75,28889.25,28890.5,155
2026-06-11T08:54:00.000Z,NQ,28890.75,28901.75,28890.25,28901.0,137
2026-06-11T08:55:00.000Z,NQ,28899.5,28905.75,28899.0,28902.25,47
2026-06-11T08:56:00.000Z,NQ,28901.5,28904.25,28900.25,28900.25,41
2026-06-11T08:57:00.000Z,NQ,28899.75,28906.25,28898.0,28906.25,42
2026-06-11T08:58:00.000Z,NQ,28909.25,28913.25,28906.0,28906.0,66
2026-06-11T08:59:00.000Z,NQ,28905.25,28914.5,28905.0,28910.75,56
2026-06-11T09:00:00.000Z,NQ,28909.0,28919.5,28908.0,28917.25,94
2026-06-11T09:01:00.000Z,NQ,28917.25,28922.0,28907.75,28914.25,117
2026-06-11T09:02:00.000Z,NQ,28911.75,28920.75,28910.0,28918.75,57
2026-06-11T09:03:00.000Z,NQ,28918.0,28921.0,28908.75,28908.75,48
2026-06-11T09:04:00.000Z,NQ,28911.0,28915.25,28908.25,28914.0,66
2026-06-11T09:05:00.000Z,NQ,28913.75,28917.75,28903.5,28906.0,66
2026-06-11T09:06:00.000Z,NQ,28906.75,28914.75,28902.5,28903.5,95
2026-06-11T09:07:00.000Z,NQ,28905.75,28910.75,28896.5,28899.5,212
2026-06-11T09:08:00.000Z,NQ,28897.75,28900.5,28886.75,28894.75,228
2026-06-11T09:09:00.000Z,NQ,28895.25,28895.5,28884.25,28885.75,125
2026-06-11T09:10:00.000Z,NQ,28887.25,28892.25,28877.25,28880.75,267
2026-06-11T09:11:00.000Z,NQ,28880.75,28881.75,28873.75,28876.25,223
2026-06-11T09:12:00.000Z,NQ,28877.75,28883.25,28874.25,28883.25,140
2026-06-11T09:13:00.000Z,NQ,28882.0,28886.0,28872.75,28872.75,150
2026-06-11T09:14:00.000Z,NQ,28874.0,28884.25,28872.75,28883.0,174
2026-06-11T09:15:00.000Z,NQ,28881.0,28889.75,28877.75,28880.25,104
2026-06-11T09:16:00.000Z,NQ,28879.75,28880.5,28870.25,28873.75,122
2026-06-11T09:17:00.000Z,NQ,28874.0,28876.0,28869.0,28874.5,117
2026-06-11T09:18:00.000Z,NQ,28876.0,28890.75,28875.75,28880.75,184
2026-06-11T09:19:00.000Z,NQ,28881.75,28890.75,28880.5,28883.5,128
2026-06-11T09:20:00.000Z,NQ,28882.75,28887.25,28877.5,28879.0,143
2026-06-11T09:21:00.000Z,NQ,28878.75,28879.0,28861.25,28863.25,145
2026-06-11T09:22:00.000Z,NQ,28864.5,28867.25,28859.75,28867.25,131
2026-06-11T09:23:00.000Z,NQ,28866.75,28874.0,28864.5,28874.0,71
2026-06-11T09:24:00.000Z,NQ,28874.0,28876.0,28867.25,28873.0,73
2026-06-11T09:25:00.000Z,NQ,28872.25,28875.25,28868.0,28868.75,45
2026-06-11T09:26:00.000Z,NQ,28870.5,28871.0,28866.75,28867.25,24
2026-06-11T09:27:00.000Z,NQ,28867.25,28878.0,28861.0,28868.5,152
2026-06-11T09:28:00.000Z,NQ,28867.25,28880.0,28867.25,28879.75,74
2026-06-11T09:29:00.000Z,NQ,28879.0,28887.0,28873.0,28874.5,136
2026-06-11T09:30:00.000Z,NQ,28872.75,28877.0,28869.0,28869.75,46
2026-06-11T09:31:00.000Z,NQ,28869.0,28871.25,28859.0,28859.0,118
2026-06-11T09:32:00.000Z,NQ,28859.0,28868.0,28858.0,28863.75,74
2026-06-11T09:33:00.000Z,NQ,28866.5,28869.0,28863.0,28867.75,27
2026-06-11T09:34:00.000Z,NQ,28868.25,28874.0,28867.0,28871.25,44
2026-06-11T09:35:00.000Z,NQ,28874.0,28880.5,28874.0,28875.5,44
2026-06-11T09:36:00.000Z,NQ,28873.0,28874.75,28866.0,28869.0,42
2026-06-11T09:37:00.000Z,NQ,28865.25,28876.0,28864.0,28876.0,68
2026-06-11T09:38:00.000Z,NQ,28874.0,28877.0,28872.25,28875.0,66
2026-06-11T09:39:00.000Z,NQ,28874.5,28882.5,28870.0,28879.25,63
2026-06-11T09:40:00.000Z,NQ,28881.75,28886.0,28880.0,28885.5,187
2026-06-11T09:41:00.000Z,NQ,28886.0,28886.0,28878.75,28878.75,74
2026-06-11T09:42:00.000Z,NQ,28880.0,28894.25,28876.0,28893.5,132
2026-06-11T09:43:00.000Z,NQ,28893.25,28894.0,28884.5,28888.25,98
2026-06-11T09:44:00.000Z,NQ,28888.0,28890.0,28881.0,28883.25,37
2026-06-11T09:45:00.000Z,NQ,28883.25,28890.5,28880.75,28890.5,51
2026-06-11T09:46:00.000Z,NQ,28890.25,28898.0,28888.0,28896.5,110
2026-06-11T09:47:00.000Z,NQ,28898.0,28907.5,28896.5,28899.75,210
2026-06-11T09:48:00.000Z,NQ,28899.75,28903.0,28886.25,28886.5,138
2026-06-11T09:49:00.000Z,NQ,28886.0,28888.75,28876.25,28888.5,107
2026-06-11T09:50:00.000Z,NQ,28889.25,28895.0,28881.0,28881.5,78
2026-06-11T09:51:00.000Z,NQ,28880.75,28885.25,28876.75,28879.75,59
2026-06-11T09:52:00.000Z,NQ,28880.5,28885.5,28879.25,28882.75,27
2026-06-11T09:53:00.000Z,NQ,28881.0,28884.25,28879.0,28883.0,25
2026-06-11T09:54:00.000Z,NQ,28882.0,28886.25,28881.0,28884.0,64
2026-06-11T09:55:00.000Z,NQ,28885.25,28896.75,28883.25,28893.75,68
2026-06-11T09:56:00.000Z,NQ,28895.25,28897.0,28888.0,28888.0,99
2026-06-11T09:57:00.000Z,NQ,28888.25,28888.25,28876.75,28877.75,65
2026-06-11T09:58:00.000Z,NQ,28878.25,28881.25,28877.5,28880.5,32
2026-06-11T09:59:00.000Z,NQ,28883.5,28883.5,28878.25,28878.25,28
2026-06-11T10:00:00.000Z,NQ,28877.5,28890.25,28875.25,28885.75,58
2026-06-11T10:01:00.000Z,NQ,28887.5,28901.0,28884.0,28898.75,96
2026-06-11T10:02:00.000Z,NQ,28898.0,28908.0,28897.0,28897.5,182
2026-06-11T10:03:00.000Z,NQ,28898.75,28900.75,28887.25,28889.5,141
2026-06-11T10:04:00.000Z,NQ,28891.75,28896.75,28880.75,28896.75,104
2026-06-11T10:05:00.000Z,NQ,28897.75,28906.0,28897.25,28905.25,136
2026-06-11T10:06:00.000Z,NQ,28906.25,28909.75,28901.25,28907.0,140
2026-06-11T10:07:00.000Z,NQ,28907.0,28917.0,28900.5,28905.0,123
2026-06-11T10:08:00.000Z,NQ,28903.5,28909.0,28898.25,28901.75,84
2026-06-11T10:09:00.000Z,NQ,28902.0,28908.75,28900.0,28900.0,48
2026-06-11T10:10:00.000Z,NQ,28900.5,28901.75,28886.75,28887.5,139
2026-06-11T10:11:00.000Z,NQ,28887.5,28909.25,28883.25,28907.5,89
2026-06-11T10:12:00.000Z,NQ,28907.5,28910.5,28899.0,28899.75,77
2026-06-11T10:13:00.000Z,NQ,28903.25,28905.0,28897.5,28897.5,20
2026-06-11T10:14:00.000Z,NQ,28897.75,28898.75,28895.0,28896.5,33
2026-06-11T10:15:00.000Z,NQ,28897.75,28903.5,28897.75,28901.75,39
2026-06-11T10:16:00.000Z,NQ,28902.75,28903.25,28894.5,28894.5,66
2026-06-11T10:17:00.000Z,NQ,28895.25,28896.5,28891.0,28891.0,9
2026-06-11T10:18:00.000Z,NQ,28890.75,28891.0,28887.5,28889.25,39
2026-06-11T10:19:00.000Z,NQ,28888.0,28888.0,28876.75,28881.0,118
2026-06-11T10:20:00.000Z,NQ,28882.0,28889.0,28881.25,28889.0,65
2026-06-11T10:21:00.000Z,NQ,28889.0,28891.25,28884.5,28884.75,47
2026-06-11T10:22:00.000Z,NQ,28883.75,28894.25,28883.75,28892.75,44
2026-06-11T10:23:00.000Z,NQ,28891.5,28897.25,28889.5,28897.25,55
2026-06-11T10:24:00.000Z,NQ,28900.0,28900.25,28894.75,28896.5,39
2026-06-11T10:25:00.000Z,NQ,28896.5,28897.5,28882.0,28885.75,75
2026-06-11T10:26:00.000Z,NQ,28886.0,28888.0,28873.5,28876.75,187
2026-06-11T10:27:00.000Z,NQ,28877.5,28890.75,28877.5,28888.75,82
2026-06-11T10:28:00.000Z,NQ,28888.5,28888.5,28882.0,28884.0,74
2026-06-11T10:29:00.000Z,NQ,28884.0,28889.5,28876.5,28876.5,98
2026-06-11T10:30:00.000Z,NQ,28877.5,28892.5,28877.5,28892.5,53
2026-06-11T10:31:00.000Z,NQ,28892.5,28902.25,28890.0,28893.75,126
2026-06-11T10:32:00.000Z,NQ,28894.0,28902.5,28894.0,28899.5,93
2026-06-11T10:33:00.000Z,NQ,28899.25,28904.0,28898.5,28901.5,103
2026-06-11T10:34:00.000Z,NQ,28904.0,28914.5,28902.0,28912.5,195
2026-06-11T10:35:00.000Z,NQ,28912.0,28913.5,28893.5,28895.25,146
2026-06-11T10:36:00.000Z,NQ,28894.25,28902.5,28894.25,28895.25,37
2026-06-11T10:37:00.000Z,NQ,28893.5,28899.75,28891.5,28899.5,43
2026-06-11T10:38:00.000Z,NQ,28898.0,28899.25,28893.75,28896.0,22
2026-06-11T10:39:00.000Z,NQ,28893.25,28896.75,28891.5,28893.25,102
2026-06-11T10:40:00.000Z,NQ,28893.0,28896.5,28892.5,28894.75,45
2026-06-11T10:41:00.000Z,NQ,28892.75,28901.75,28892.75,28895.25,137
2026-06-11T10:42:00.000Z,NQ,28895.75,28896.25,28890.0,28890.25,90
2026-06-11T10:43:00.000Z,NQ,28889.25,28891.75,28885.5,28886.0,72
2026-06-11T10:44:00.000Z,NQ,28885.75,28894.5,28885.5,28892.25,108
2026-06-11T10:45:00.000Z,NQ,28891.25,28894.0,28889.0,28891.5,20
2026-06-11T10:46:00.000Z,NQ,28890.0,28890.75,28885.75,28887.0,43
2026-06-11T10:47:00.000Z,NQ,28885.0,28891.25,28882.5,28888.25,75
2026-06-11T10:48:00.000Z,NQ,28889.5,28890.25,28884.5,28885.75,54
2026-06-11T10:49:00.000Z,NQ,28885.0,28892.0,28884.5,28891.75,24
2026-06-11T10:50:00.000Z,NQ,28890.75,28898.25,28889.0,28896.25,82
2026-06-11T10:51:00.000Z,NQ,28897.0,28905.0,28897.0,28902.25,62
2026-06-11T10:52:00.000Z,NQ,28901.25,28903.5,28893.5,28896.25,53
2026-06-11T10:53:00.000Z,NQ,28896.5,28901.25,28895.0,28898.0,25
2026-06-11T10:54:00.000Z,NQ,28897.25,28900.75,28895.0,28895.75,51
2026-06-11T10:55:00.000Z,NQ,28895.25,28898.0,28895.25,28896.5,64
2026-06-11T10:56:00.000Z,NQ,28895.5,28896.5,28891.75,28891.75,50
2026-06-11T10:57:00.000Z,NQ,28891.0,28892.0,28881.75,28884.25,83
2026-06-11T10:58:00.000Z,NQ,28884.5,28887.75,28877.25,28878.5,109
2026-06-11T10:59:00.000Z,NQ,28879.0,28888.0,28875.75,28877.75,233
2026-06-11T11:00:00.000Z,NQ,28878.0,28878.75,28859.5,28861.5,394
2026-06-11T11:01:00.000Z,NQ,28861.75,28864.75,28849.75,28852.75,302
2026-06-11T11:02:00.000Z,NQ,28853.75,28864.5,28850.0,28859.5,261
2026-06-11T11:03:00.000Z,NQ,28860.25,28862.75,28852.0,28854.0,120
2026-06-11T11:04:00.000Z,NQ,28854.75,28862.5,28847.5,28849.0,124
2026-06-11T11:05:00.000Z,NQ,28849.25,28854.0,28837.75,28838.25,321
2026-06-11T11:06:00.000Z,NQ,28839.5,28851.75,28834.75,28848.75,249
2026-06-11T11:07:00.000Z,NQ,28848.25,28862.0,28844.25,28854.0,174
2026-06-11T11:08:00.000Z,NQ,28854.25,28854.75,28821.25,28832.5,399
2026-06-11T11:09:00.000Z,NQ,28833.0,28836.25,28812.5,28813.5,200
2026-06-11T11:10:00.000Z,NQ,28815.5,28836.0,28814.5,28835.25,181
2026-06-11T11:11:00.000Z,NQ,28835.5,28844.25,28831.75,28839.25,99
2026-06-11T11:12:00.000Z,NQ,28839.25,28842.0,28830.75,28839.25,115
2026-06-11T11:13:00.000Z,NQ,28840.0,28845.0,28835.5,28837.5,88
2026-06-11T11:14:00.000Z,NQ,28836.75,28843.25,28835.0,28840.0,75
2026-06-11T11:15:00.000Z,NQ,28840.5,28847.75,28836.0,28843.0,140
2026-06-11T11:16:00.000Z,NQ,28842.75,28848.0,28833.75,28838.5,185
2026-06-11T11:17:00.000Z,NQ,28840.0,28846.5,28839.5,28845.75,67
2026-06-11T11:18:00.000Z,NQ,28845.75,28847.5,28835.0,28836.0,69
2026-06-11T11:19:00.000Z,NQ,28835.75,28842.0,28835.5,28842.0,67
2026-06-11T11:20:00.000Z,NQ,28843.0,28845.5,28832.25,28839.0,185
2026-06-11T11:21:00.000Z,NQ,28836.75,28839.5,28830.25,28834.0,114
2026-06-11T11:22:00.000Z,NQ,28835.0,28844.75,28832.25,28841.0,95
2026-06-11T11:23:00.000Z,NQ,28839.0,28841.0,28831.25,28835.0,79
2026-06-11T11:24:00.000Z,NQ,28834.0,28839.75,28830.0,28832.75,68
2026-06-11T11:25:00.000Z,NQ,28833.0,28837.0,28827.5,28827.75,102
2026-06-11T11:26:00.000Z,NQ,28828.5,28831.25,28821.75,28824.0,93
2026-06-11T11:27:00.000Z,NQ,28823.5,28844.25,28821.25,28842.25,138
2026-06-11T11:28:00.000Z,NQ,28841.5,28859.5,28840.5,28857.75,216
2026-06-11T11:29:00.000Z,NQ,28859.0,28869.25,28843.5,28854.25,398
2026-06-11T11:30:00.000Z,NQ,28852.75,28886.75,28848.5,28874.0,680
2026-06-11T11:31:00.000Z,NQ,28874.75,28894.0,28867.5,28891.25,332
2026-06-11T11:32:00.000Z,NQ,28889.25,28895.5,28884.25,28890.0,208
2026-06-11T11:33:00.000Z,NQ,28883.5,28886.75,28873.5,28874.75,132
2026-06-11T11:34:00.000Z,NQ,28873.75,28881.75,28873.0,28878.75,65
2026-06-11T11:35:00.000Z,NQ,28879.75,28884.75,28872.75,28880.5,121
2026-06-11T11:36:00.000Z,NQ,28879.75,28895.75,28877.5,28890.0,146
2026-06-11T11:37:00.000Z,NQ,28891.25,28904.75,28887.75,28887.75,354
2026-06-11T11:38:00.000Z,NQ,28889.0,28890.75,28869.75,28878.75,334
2026-06-11T11:39:00.000Z,NQ,28878.0,28886.25,28871.75,28876.25,179
2026-06-11T11:40:00.000Z,NQ,28877.25,28879.5,28871.5,28872.25,89
2026-06-11T11:41:00.000Z,NQ,28873.5,28876.0,28860.25,28868.0,157
2026-06-11T11:42:00.000Z,NQ,28867.5,28882.5,28863.5,28882.5,88
2026-06-11T11:43:00.000Z,NQ,28881.0,28893.25,28879.25,28892.25,104
2026-06-11T11:44:00.000Z,NQ,28892.75,28894.5,28884.25,28886.5,121
2026-06-11T11:45:00.000Z,NQ,28886.5,28891.5,28884.0,28885.0,42
2026-06-11T11:46:00.000Z,NQ,28884.25,28890.0,28883.0,28890.0,31
2026-06-11T11:47:00.000Z,NQ,28890.0,28895.0,28882.0,28891.0,81
2026-06-11T11:48:00.000Z,NQ,28890.75,28894.75,28887.5,28894.25,68
2026-06-11T11:49:00.000Z,NQ,28894.25,28899.0,28891.0,28894.5,77
2026-06-11T11:50:00.000Z,NQ,28893.25,28895.0,28885.75,28888.75,131
2026-06-11T11:51:00.000Z,NQ,28888.25,28896.75,28880.25,28895.0,91
2026-06-11T11:52:00.000Z,NQ,28894.5,28901.0,28892.0,28901.0,82
2026-06-11T11:53:00.000Z,NQ,28901.5,28905.0,28898.0,28902.5,165
2026-06-11T11:54:00.000Z,NQ,28901.75,28904.75,28899.0,28900.25,67
2026-06-11T11:55:00.000Z,NQ,28900.0,28903.5,28898.5,28899.75,87
2026-06-11T11:56:00.000Z,NQ,28900.5,28900.5,28891.5,28894.5,77
2026-06-11T11:57:00.000Z,NQ,28894.25,28904.5,28893.5,28899.5,86
2026-06-11T11:58:00.000Z,NQ,28896.25,28905.0,28894.5,28905.0,129
2026-06-11T11:59:00.000Z,NQ,28903.75,28909.25,28897.5,28901.0,180
2026-06-11T12:00:00.000Z,NQ,28900.25,28907.25,28897.0,28899.5,151
2026-06-11T12:01:00.000Z,NQ,28898.75,28912.0,28898.25,28907.75,145
2026-06-11T12:02:00.000Z,NQ,28906.5,28915.0,28903.5,28912.25,225
2026-06-11T12:03:00.000Z,NQ,28911.25,28911.75,28902.5,28908.75,118
2026-06-11T12:04:00.000Z,NQ,28908.25,28914.0,28906.5,28909.25,68
2026-06-11T12:05:00.000Z,NQ,28909.25,28910.25,28903.0,28905.25,48
2026-06-11T12:06:00.000Z,NQ,28904.25,28905.75,28895.0,28897.0,199
2026-06-11T12:07:00.000Z,NQ,28897.0,28897.5,28892.25,28897.25,98
2026-06-11T12:08:00.000Z,NQ,28897.75,28907.5,28887.75,28905.0,297
2026-06-11T12:09:00.000Z,NQ,28906.5,28909.25,28902.0,28903.25,109
2026-06-11T12:10:00.000Z,NQ,28902.0,28903.0,28886.0,28889.0,98
2026-06-11T12:11:00.000Z,NQ,28888.75,28892.75,28885.5,28892.75,69
2026-06-11T12:12:00.000Z,NQ,28892.25,28898.0,28891.0,28894.5,72
2026-06-11T12:13:00.000Z,NQ,28894.0,28899.0,28893.25,28896.25,47
2026-06-11T12:14:00.000Z,NQ,28895.5,28897.25,28892.75,28897.25,34
2026-06-11T12:15:00.000Z,NQ,28899.75,28900.0,28883.5,28889.0,138
2026-06-11T12:16:00.000Z,NQ,28891.25,28891.75,28885.0,28887.0,141
2026-06-11T12:17:00.000Z,NQ,28885.75,28897.0,28876.25,28876.25,278
2026-06-11T12:18:00.000Z,NQ,28876.75,28885.0,28875.0,28885.0,194
2026-06-11T12:19:00.000Z,NQ,28884.75,28884.75,28868.5,28873.5,186
2026-06-11T12:20:00.000Z,NQ,28872.0,28877.0,28865.75,28868.75,226
2026-06-11T12:21:00.000Z,NQ,28870.25,28875.75,28853.5,28862.0,401
2026-06-11T12:22:00.000Z,NQ,28864.5,28867.0,28739.0,28763.5,3351
2026-06-11T12:23:00.000Z,NQ,28766.5,28773.75,28716.5,28768.75,1817
2026-06-11T12:24:00.000Z,NQ,28772.25,28802.25,28760.25,28774.25,1055
2026-06-11T12:25:00.000Z,NQ,28774.0,28807.75,28762.75,28767.0,819
2026-06-11T12:26:00.000Z,NQ,28765.0,28782.5,28733.5,28781.75,1084
2026-06-11T12:27:00.000Z,NQ,28780.0,28785.5,28753.0,28768.25,467
2026-06-11T12:28:00.000Z,NQ,28764.0,28775.0,28746.75,28749.0,223
2026-06-11T12:29:00.000Z,NQ,28748.75,28769.25,28742.5,28754.5,333
2026-06-11T12:30:00.000Z,NQ,28747.0,28796.5,28712.0,28778.0,1001
2026-06-11T12:31:00.000Z,NQ,28774.5,28778.5,28732.75,28745.5,509
2026-06-11T12:32:00.000Z,NQ,28746.75,28755.5,28710.5,28716.25,636
2026-06-11T12:33:00.000Z,NQ,28716.75,28721.0,28666.75,28675.0,1554
2026-06-11T12:34:00.000Z,NQ,28678.5,28694.25,28637.5,28687.5,1340
2026-06-11T12:35:00.000Z,NQ,28686.5,28701.25,28672.5,28696.75,549
2026-06-11T12:36:00.000Z,NQ,28696.5,28719.75,28688.75,28708.5,548
2026-06-11T12:37:00.000Z,NQ,28708.0,28715.75,28692.75,28695.0,343
2026-06-11T12:38:00.000Z,NQ,28694.75,28735.75,28694.5,28716.25,685
2026-06-11T12:39:00.000Z,NQ,28716.25,28734.0,28715.5,28728.5,385
2026-06-11T12:40:00.000Z,NQ,28728.5,28764.25,28721.0,28763.0,646
2026-06-11T12:41:00.000Z,NQ,28762.75,28776.0,28748.0,28751.25,543
2026-06-11T12:42:00.000Z,NQ,28750.5,28761.5,28741.5,28758.0,259
2026-06-11T12:43:00.000Z,NQ,28757.0,28758.75,28725.0,28727.25,288
2026-06-11T12:44:00.000Z,NQ,28727.75,28789.0,28708.0,28753.5,1235
2026-06-11T12:45:00.000Z,NQ,28751.0,28778.5,28735.5,28769.0,549
2026-06-11T12:46:00.000Z,NQ,28770.0,28795.0,28766.5,28788.75,734
2026-06-11T12:47:00.000Z,NQ,28788.75,28803.5,28774.75,28794.0,831
2026-06-11T12:48:00.000Z,NQ,28792.5,28793.25,28768.0,28773.75,440
2026-06-11T12:49:00.000Z,NQ,28772.75,28791.75,28769.0,28785.5,320
2026-06-11T12:50:00.000Z,NQ,28786.75,28794.0,28777.5,28780.75,371
2026-06-11T12:51:00.000Z,NQ,28782.25,28795.0,28777.25,28783.5,173
2026-06-11T12:52:00.000Z,NQ,28783.25,28818.25,28783.0,28798.5,574
2026-06-11T12:53:00.000Z,NQ,28799.0,28806.75,28780.25,28795.25,700
2026-06-11T12:54:00.000Z,NQ,28795.75,28806.0,28784.0,28799.75,406
2026-06-11T12:55:00.000Z,NQ,28798.0,28818.0,28795.5,28801.75,407
2026-06-11T12:56:00.000Z,NQ,28799.5,28809.5,28796.25,28801.75,231
2026-06-11T12:57:00.000Z,NQ,28802.5,28812.75,28780.75,28793.25,460
2026-06-11T12:58:00.000Z,NQ,28793.25,28827.5,28785.0,28812.0,848
2026-06-11T12:59:00.000Z,NQ,28814.25,28822.75,28806.5,28812.5,320
2026-06-11T13:00:00.000Z,NQ,28814.5,28815.5,28777.0,28784.25,962
2026-06-11T13:01:00.000Z,NQ,28783.75,28790.0,28775.0,28776.75,353
2026-06-11T13:02:00.000Z,NQ,28776.0,28789.25,28772.75,28786.5,358
2026-06-11T13:03:00.000Z,NQ,28786.25,28798.5,28776.25,28797.5,479
2026-06-11T13:04:00.000Z,NQ,28796.75,28804.25,28787.25,28796.25,155
2026-06-11T13:05:00.000Z,NQ,28796.25,28797.0,28776.25,28779.0,255
2026-06-11T13:06:00.000Z,NQ,28779.25,28788.75,28774.75,28779.25,179
2026-06-11T13:07:00.000Z,NQ,28777.75,28788.0,28770.0,28774.5,285
2026-06-11T13:08:00.000Z,NQ,28774.5,28776.5,28767.25,28767.25,278
2026-06-11T13:09:00.000Z,NQ,28767.0,28770.75,28756.5,28763.75,498
2026-06-11T13:10:00.000Z,NQ,28762.25,28778.5,28760.25,28773.5,243
2026-06-11T13:11:00.000Z,NQ,28774.75,28775.75,28757.0,28763.25,149
2026-06-11T13:12:00.000Z,NQ,28765.5,28787.5,28765.25,28779.0,240
2026-06-11T13:13:00.000Z,NQ,28779.0,28793.0,28773.75,28773.75,249
2026-06-11T13:14:00.000Z,NQ,28773.5,28783.75,28769.25,28776.5,192
2026-06-11T13:15:00.000Z,NQ,28777.0,28783.5,28764.75,28771.25,398
2026-06-11T13:16:00.000Z,NQ,28770.25,28785.75,28763.5,28782.75,263
2026-06-11T13:17:00.000Z,NQ,28784.5,28786.5,28766.75,28774.0,246
2026-06-11T13:18:00.000Z,NQ,28774.0,28782.25,28764.25,28781.5,208
2026-06-11T13:19:00.000Z,NQ,28781.25,28786.0,28771.25,28771.25,170
2026-06-11T13:20:00.000Z,NQ,28770.75,28785.75,28770.0,28776.0,141
2026-06-11T13:21:00.000Z,NQ,28776.0,28779.25,28768.0,28778.0,225
2026-06-11T13:22:00.000Z,NQ,28779.0,28786.0,28776.5,28784.5,175
2026-06-11T13:23:00.000Z,NQ,28783.0,28791.75,28780.0,28787.0,219
2026-06-11T13:24:00.000Z,NQ,28786.25,28796.25,28783.75,28790.25,316
2026-06-11T13:25:00.000Z,NQ,28787.0,28787.25,28766.25,28767.5,247
2026-06-11T13:26:00.000Z,NQ,28768.5,28776.5,28762.25,28766.0,192
2026-06-11T13:27:00.000Z,NQ,28765.5,28773.75,28761.0,28772.75,330
2026-06-11T13:28:00.000Z,NQ,28773.25,28783.75,28768.25,28770.5,495
2026-06-11T13:29:00.000Z,NQ,28771.0,28777.5,28738.75,28753.0,1335
2026-06-11T13:30:00.000Z,NQ,28753.25,28786.0,28713.5,28774.5,3494
2026-06-11T13:31:00.000Z,NQ,28776.0,28786.25,28682.25,28716.0,4471
2026-06-11T13:32:00.000Z,NQ,28717.0,28738.5,28680.0,28698.25,3032
2026-06-11T13:33:00.000Z,NQ,28696.75,28733.0,28696.5,28711.25,1948
2026-06-11T13:34:00.000Z,NQ,28713.0,28715.5,28671.0,28686.5,2516
2026-06-11T13:35:00.000Z,NQ,28687.25,28717.0,28672.75,28712.5,2193
2026-06-11T13:36:00.000Z,NQ,28712.5,28785.25,28710.0,28762.75,3018
2026-06-11T13:37:00.000Z,NQ,28763.5,28780.0,28741.75,28771.5,2462
2026-06-11T13:38:00.000Z,NQ,28772.0,28772.0,28674.5,28678.0,2217
2026-06-11T13:39:00.000Z,NQ,28679.75,28708.75,28662.75,28701.25,1987
2026-06-11T13:40:00.000Z,NQ,28699.0,28700.0,28650.75,28668.75,2536
2026-06-11T13:41:00.000Z,NQ,28670.5,28703.0,28660.75,28683.0,1979
2026-06-11T13:42:00.000Z,NQ,28682.5,28716.25,28658.0,28703.0,2171
2026-06-11T13:43:00.000Z,NQ,28703.5,28757.25,28692.5,28745.75,2672
2026-06-11T13:44:00.000Z,NQ,28745.5,28766.75,28725.25,28737.75,1865
2026-06-11T13:45:00.000Z,NQ,28739.0,28820.5,28706.5,28818.25,4569
2026-06-11T13:46:00.000Z,NQ,28818.0,28888.75,28804.25,28869.75,4674
2026-06-11T13:47:00.000Z,NQ,28869.75,28892.0,28851.5,28886.5,2297
2026-06-11T13:48:00.000Z,NQ,28886.25,28886.75,28855.5,28860.25,1786
2026-06-11T13:49:00.000Z,NQ,28862.5,28869.25,28811.5,28815.25,2237
2026-06-11T13:50:00.000Z,NQ,28818.25,28925.0,28816.75,28925.0,3075
2026-06-11T13:51:00.000Z,NQ,28924.5,28968.0,28907.25,28948.25,2992
2026-06-11T13:52:00.000Z,NQ,28948.0,28978.25,28933.5,28977.25,2125
2026-06-11T13:53:00.000Z,NQ,28978.0,28999.0,28953.75,28996.5,2329
2026-06-11T13:54:00.000Z,NQ,28996.75,29016.75,28963.0,28968.5,2629
2026-06-11T13:55:00.000Z,NQ,28967.75,29009.75,28964.5,29005.5,1607
2026-06-11T13:56:00.000Z,NQ,29005.25,29006.5,28966.25,28967.75,1643
2026-06-11T13:57:00.000Z,NQ,28966.5,28968.25,28898.0,28909.5,2538
2026-06-11T13:58:00.000Z,NQ,28907.75,28944.25,28906.25,28939.5,1365
2026-06-11T13:59:00.000Z,NQ,28938.25,28941.5,28875.0,28900.5,1843
2026-06-11T14:00:00.000Z,NQ,28899.5,28967.5,28892.75,28964.0,2720
2026-06-11T14:01:00.000Z,NQ,28961.25,29043.75,28951.25,29042.25,3260
2026-06-11T14:02:00.000Z,NQ,29042.75,29043.0,29004.5,29016.25,1898
2026-06-11T14:03:00.000Z,NQ,29016.0,29028.25,29000.75,29020.0,1128
2026-06-11T14:04:00.000Z,NQ,29017.75,29049.5,29006.5,29039.25,1268
2026-06-11T14:05:00.000Z,NQ,29039.25,29039.5,28974.75,28987.75,1791
2026-06-11T14:06:00.000Z,NQ,28986.5,29020.0,28982.25,29012.75,1258
2026-06-11T14:07:00.000Z,NQ,29012.0,29025.25,28979.0,29024.25,1131
2026-06-11T14:08:00.000Z,NQ,29021.75,29021.75,28990.5,29005.25,913
2026-06-11T14:09:00.000Z,NQ,29005.25,29008.25,28951.0,28969.5,1550
2026-06-11T14:10:00.000Z,NQ,28969.25,28979.0,28886.25,28893.75,2027
2026-06-11T14:11:00.000Z,NQ,28892.5,28904.5,28850.75,28903.75,2499
2026-06-11T14:12:00.000Z,NQ,28902.5,28923.75,28862.75,28870.25,1747
2026-06-11T14:13:00.000Z,NQ,28870.5,28890.75,28853.25,28855.0,1262
2026-06-11T14:14:00.000Z,NQ,28854.25,28862.25,28827.25,28843.5,1887
2026-06-11T14:15:00.000Z,NQ,28841.75,28882.0,28832.5,28849.5,1899
2026-06-11T14:16:00.000Z,NQ,28852.5,28867.75,28776.75,28781.5,2464
2026-06-11T14:17:00.000Z,NQ,28782.0,28843.0,28779.5,28813.75,2110
2026-06-11T14:18:00.000Z,NQ,28819.25,28820.5,28755.75,28761.0,1829
2026-06-11T14:19:00.000Z,NQ,28761.0,28790.75,28752.5,28762.5,1846
2026-06-11T14:20:00.000Z,NQ,28761.75,28815.0,28753.25,28805.25,1689
2026-06-11T14:21:00.000Z,NQ,28804.25,28822.75,28784.0,28818.5,1581
2026-06-11T14:22:00.000Z,NQ,28819.5,28878.5,28798.75,28866.25,1900
2026-06-11T14:23:00.000Z,NQ,28866.0,28922.0,28856.25,28909.25,2438
2026-06-11T14:24:00.000Z,NQ,28908.0,28909.75,28875.75,28884.0,1281
2026-06-11T14:25:00.000Z,NQ,28884.75,28930.25,28880.0,28915.0,1338
2026-06-11T14:26:00.000Z,NQ,28915.0,28915.25,28838.25,28850.0,1787
2026-06-11T14:27:00.000Z,NQ,28852.25,28865.75,28828.0,28838.25,970
2026-06-11T14:28:00.000Z,NQ,28836.75,28850.0,28791.75,28843.75,1534
2026-06-11T14:29:00.000Z,NQ,28842.75,28893.75,28836.25,28868.25,1197
2026-06-11T14:30:00.000Z,NQ,28873.5,28900.0,28821.5,28832.25,1479
2026-06-11T14:31:00.000Z,NQ,28829.5,28849.25,28823.25,28836.25,727
2026-06-11T14:32:00.000Z,NQ,28834.5,28866.0,28798.5,28803.5,1430
2026-06-11T14:33:00.000Z,NQ,28803.5,28848.0,28803.0,28804.5,1157
2026-06-11T14:34:00.000Z,NQ,28806.25,28840.0,28802.0,28836.75,881
2026-06-11T14:35:00.000Z,NQ,28835.5,28896.0,28823.75,28890.0,1553
2026-06-11T14:36:00.000Z,NQ,28887.75,28944.0,28873.25,28938.75,1715
2026-06-11T14:37:00.000Z,NQ,28938.25,28940.0,28834.0,28844.0,1810
2026-06-11T14:38:00.000Z,NQ,28840.5,28908.25,28838.0,28892.5,1055
2026-06-11T14:39:00.000Z,NQ,28890.75,28899.75,28861.5,28869.75,835
2026-06-11T14:40:00.000Z,NQ,28871.0,28895.0,28867.0,28878.5,635
2026-06-11T14:41:00.000Z,NQ,28879.0,28907.75,28877.5,28891.5,807
2026-06-11T14:42:00.000Z,NQ,28892.75,28907.75,28875.75,28904.25,833
2026-06-11T14:43:00.000Z,NQ,28902.0,28914.75,28859.25,28869.0,1022
2026-06-11T14:44:00.000Z,NQ,28869.0,28877.25,28816.25,28818.0,1099
2026-06-11T14:45:00.000Z,NQ,28820.0,28844.5,28800.25,28815.5,1522
2026-06-11T14:46:00.000Z,NQ,28815.75,28844.0,28786.5,28801.0,1228
2026-06-11T14:47:00.000Z,NQ,28802.0,28831.25,28798.0,28799.25,880
2026-06-11T14:48:00.000Z,NQ,28799.25,28814.75,28765.5,28804.25,1545
2026-06-11T14:49:00.000Z,NQ,28805.0,28830.0,28779.5,28790.0,1489
2026-06-11T14:50:00.000Z,NQ,28789.5,28795.75,28757.25,28780.25,1791
2026-06-11T14:51:00.000Z,NQ,28781.0,28818.0,28759.0,28802.25,1112
2026-06-11T14:52:00.000Z,NQ,28801.0,28807.25,28760.5,28765.0,1043
2026-06-11T14:53:00.000Z,NQ,28767.0,28791.75,28743.0,28751.0,1055
2026-06-11T14:54:00.000Z,NQ,28748.75,28773.75,28742.75,28760.5,1151
2026-06-11T14:55:00.000Z,NQ,28758.5,28760.75,28687.75,28695.25,2072
2026-06-11T14:56:00.000Z,NQ,28693.5,28715.0,28660.25,28676.25,1798
2026-06-11T14:57:00.000Z,NQ,28677.5,28688.5,28653.5,28677.25,1678
2026-06-11T14:58:00.000Z,NQ,28675.25,28699.75,28607.5,28624.0,3076
2026-06-11T14:59:00.000Z,NQ,28625.0,28654.5,28618.25,28648.25,1428
2026-06-11T15:00:00.000Z,NQ,28649.5,28653.0,28600.5,28609.5,2748
2026-06-11T15:01:00.000Z,NQ,28610.25,28618.5,28577.5,28600.75,3663
2026-06-11T15:02:00.000Z,NQ,28600.25,28645.0,28593.0,28627.25,2099
2026-06-11T15:03:00.000Z,NQ,28628.75,28695.25,28618.0,28678.5,1951
2026-06-11T15:04:00.000Z,NQ,28678.0,28699.25,28666.5,28677.75,1342
2026-06-11T15:05:00.000Z,NQ,28679.0,28682.0,28643.5,28646.5,1358
2026-06-11T15:06:00.000Z,NQ,28647.25,28680.0,28641.0,28667.25,1224
2026-06-11T15:07:00.000Z,NQ,28666.5,28745.0,28656.75,28734.25,2106
2026-06-11T15:08:00.000Z,NQ,28735.5,28757.5,28703.75,28732.75,1419
2026-06-11T15:09:00.000Z,NQ,28732.25,28760.5,28710.25,28719.75,1183
2026-06-11T15:10:00.000Z,NQ,28719.25,28757.0,28710.25,28743.5,795
2026-06-11T15:11:00.000Z,NQ,28744.25,28763.75,28731.75,28735.0,944
2026-06-11T15:12:00.000Z,NQ,28734.25,28790.0,28733.25,28778.75,1695
2026-06-11T15:13:00.000Z,NQ,28780.75,28795.0,28761.25,28784.25,1128
2026-06-11T15:14:00.000Z,NQ,28783.75,28789.25,28753.0,28765.25,979
2026-06-11T15:15:00.000Z,NQ,28766.75,28839.5,28765.0,28832.5,2802
2026-06-11T15:16:00.000Z,NQ,28834.5,28837.5,28811.0,28816.0,1107
2026-06-11T15:17:00.000Z,NQ,28817.0,28822.75,28790.5,28792.0,1229
2026-06-11T15:18:00.000Z,NQ,28794.75,28809.0,28749.0,28764.5,1382
2026-06-11T15:19:00.000Z,NQ,28764.75,28795.25,28762.75,28780.5,1308
2026-06-11T15:20:00.000Z,NQ,28780.5,28860.0,28770.5,28847.75,1608
2026-06-11T15:21:00.000Z,NQ,28847.75,28858.75,28820.0,28827.75,1069
2026-06-11T15:22:00.000Z,NQ,28827.25,28840.0,28802.0,28812.75,892
2026-06-11T15:23:00.000Z,NQ,28812.75,28813.75,28784.75,28809.25,917
2026-06-11T15:24:00.000Z,NQ,28809.0,28842.5,28804.75,28830.75,959
2026-06-11T15:25:00.000Z,NQ,28832.75,28833.75,28800.25,28822.75,770
2026-06-11T15:26:00.000Z,NQ,28821.5,28848.0,28800.5,28843.75,834
2026-06-11T15:27:00.000Z,NQ,28843.75,28854.75,28806.5,28813.75,990
2026-06-11T15:28:00.000Z,NQ,28813.5,28822.75,28767.0,28780.5,1353
2026-06-11T15:29:00.000Z,NQ,28779.75,28781.0,28750.5,28757.75,1238
2026-06-11T15:30:00.000Z,NQ,28757.75,28794.0,28752.0,28761.75,1282
2026-06-11T15:31:00.000Z,NQ,28761.5,28784.25,28741.0,28773.5,1287
2026-06-11T15:32:00.000Z,NQ,28773.75,28814.25,28765.0,28798.0,1035
2026-06-11T15:33:00.000Z,NQ,28797.25,28797.75,28763.25,28786.5,807
2026-06-11T15:34:00.000Z,NQ,28785.25,28806.75,28781.5,28804.5,734
2026-06-11T15:35:00.000Z,NQ,28804.75,28835.25,28796.5,28820.75,1143
2026-06-11T15:36:00.000Z,NQ,28818.5,28850.25,28805.0,28844.25,958
2026-06-11T15:37:00.000Z,NQ,28845.75,28879.0,28844.25,28870.25,1306
2026-06-11T15:38:00.000Z,NQ,28870.75,28878.75,28839.5,28877.75,1067
2026-06-11T15:39:00.000Z,NQ,28876.0,28889.0,28851.25,28857.5,841
2026-06-11T15:40:00.000Z,NQ,28856.0,28907.25,28848.75,28893.75,1265
2026-06-11T15:41:00.000Z,NQ,28893.5,28893.75,28864.0,28870.5,702
2026-06-11T15:42:00.000Z,NQ,28872.0,28889.5,28859.75,28876.0,670
2026-06-11T15:43:00.000Z,NQ,28876.25,28879.25,28811.25,28821.25,1004
2026-06-11T15:44:00.000Z,NQ,28818.75,28827.0,28791.75,28817.25,953
2026-06-11T15:45:00.000Z,NQ,28816.5,28830.75,28787.75,28804.25,1139
2026-06-11T15:46:00.000Z,NQ,28803.0,28865.25,28796.25,28862.25,1118
2026-06-11T15:47:00.000Z,NQ,28861.0,28871.5,28846.0,28862.25,628
2026-06-11T15:48:00.000Z,NQ,28861.0,28861.5,28822.0,28835.25,758
2026-06-11T15:49:00.000Z,NQ,28835.5,28846.5,28820.0,28827.5,439
2026-06-11T15:50:00.000Z,NQ,28828.5,28834.75,28810.0,28824.0,544
2026-06-11T15:51:00.000Z,NQ,28824.75,28836.0,28813.0,28818.75,386
2026-06-11T15:52:00.000Z,NQ,28818.0,28830.5,28798.75,28809.5,519
2026-06-11T15:53:00.000Z,NQ,28808.75,28820.0,28782.75,28785.5,748
2026-06-11T15:54:00.000Z,NQ,28786.75,28813.25,28786.75,28805.25,603
2026-06-11T15:55:00.000Z,NQ,28805.0,28814.75,28775.75,28812.0,1057
2026-06-11T15:56:00.000Z,NQ,28809.25,28822.5,28792.5,28806.5,822
2026-06-11T15:57:00.000Z,NQ,28806.75,28870.25,28806.25,28856.75,1207
2026-06-11T15:58:00.000Z,NQ,28856.5,28876.0,28843.25,28863.5,757
2026-06-11T15:59:00.000Z,NQ,28864.5,28871.75,28849.0,28858.0,746
2026-06-11T16:00:00.000Z,NQ,28858.5,28891.5,28852.25,28890.0,1064
2026-06-11T16:01:00.000Z,NQ,28891.0,28917.75,28872.75,28875.25,1365
2026-06-11T16:02:00.000Z,NQ,28874.0,28886.0,28854.75,28873.0,629
2026-06-11T16:03:00.000Z,NQ,28873.0,28882.25,28840.25,28847.5,614
2026-06-11T16:04:00.000Z,NQ,28845.75,28855.0,28827.5,28855.0,678
2026-06-11T16:05:00.000Z,NQ,28855.25,28879.75,28835.0,28874.25,802
2026-06-11T16:06:00.000Z,NQ,28874.5,28908.75,28871.5,28891.75,1054
2026-06-11T16:07:00.000Z,NQ,28889.5,28905.75,28878.25,28900.0,683
2026-06-11T16:08:00.000Z,NQ,28899.5,28915.0,28880.0,28909.5,832
2026-06-11T16:09:00.000Z,NQ,28907.5,28913.0,28891.5,28899.0,473
2026-06-11T16:10:00.000Z,NQ,28895.25,28929.5,28886.5,28917.25,1274
2026-06-11T16:11:00.000Z,NQ,28916.5,28942.0,28914.25,28940.5,1033
2026-06-11T16:12:00.000Z,NQ,28940.5,28965.0,28929.0,28959.5,1914
2026-06-11T16:13:00.000Z,NQ,28959.5,28968.25,28944.5,28956.25,845
2026-06-11T16:14:00.000Z,NQ,28955.0,28960.5,28938.75,28951.75,755
2026-06-11T16:15:00.000Z,NQ,28953.0,28975.25,28937.75,28942.5,1314
2026-06-11T16:16:00.000Z,NQ,28943.25,28964.75,28934.5,28948.0,1003
2026-06-11T16:17:00.000Z,NQ,28947.5,28948.5,28915.75,28937.5,1303
2026-06-11T16:18:00.000Z,NQ,28938.0,28943.75,28923.75,28937.5,542
2026-06-11T16:19:00.000Z,NQ,28938.0,28943.5,28925.75,28942.0,442
2026-06-11T16:20:00.000Z,NQ,28942.75,28957.25,28932.75,28933.5,703
2026-06-11T16:21:00.000Z,NQ,28933.5,28944.5,28888.0,28916.75,1549
2026-06-11T16:22:00.000Z,NQ,28917.0,28922.0,28879.75,28885.0,889
2026-06-11T16:23:00.000Z,NQ,28887.5,28911.5,28884.75,28901.75,713
2026-06-11T16:24:00.000Z,NQ,28901.5,28901.5,28873.75,28878.5,620
2026-06-11T16:25:00.000Z,NQ,28878.25,28885.75,28855.75,28864.75,849
2026-06-11T16:26:00.000Z,NQ,28866.25,28891.75,28853.0,28858.0,1018
2026-06-11T16:27:00.000Z,NQ,28856.5,28866.0,28842.5,28866.0,647
2026-06-11T16:28:00.000Z,NQ,28865.25,28885.0,28858.75,28869.0,791
2026-06-11T16:29:00.000Z,NQ,28869.5,28876.25,28841.0,28846.0,1290
2026-06-11T16:30:00.000Z,NQ,28845.5,28861.75,28828.5,28835.75,1091
2026-06-11T16:31:00.000Z,NQ,28835.75,28865.5,28826.75,28845.75,800
2026-06-11T16:32:00.000Z,NQ,28845.0,28845.0,28821.0,28836.0,1165
2026-06-11T16:33:00.000Z,NQ,28835.25,28905.75,28833.25,28899.25,1288
2026-06-11T16:34:00.000Z,NQ,28899.5,28969.0,28894.75,28923.25,2601
2026-06-11T16:35:00.000Z,NQ,28921.75,28944.75,28916.0,28933.75,996
2026-06-11T16:36:00.000Z,NQ,28934.75,28958.0,28916.75,28955.5,777
2026-06-11T16:37:00.000Z,NQ,28956.75,28967.5,28937.75,28942.0,1036
2026-06-11T16:38:00.000Z,NQ,28941.75,28943.75,28914.75,28919.75,734
2026-06-11T16:39:00.000Z,NQ,28919.5,28924.0,28886.0,28895.5,776
2026-06-11T16:40:00.000Z,NQ,28896.0,28905.75,28885.25,28892.0,643
2026-06-11T16:41:00.000Z,NQ,28892.75,28894.75,28866.75,28870.75,677
2026-06-11T16:42:00.000Z,NQ,28869.0,28894.0,28865.75,28881.0,538
2026-06-11T16:43:00.000Z,NQ,28881.5,28894.5,28873.0,28888.5,462
2026-06-11T16:44:00.000Z,NQ,28888.5,28900.0,28872.0,28886.0,601
2026-06-11T16:45:00.000Z,NQ,28886.0,28903.0,28862.0,28863.5,869
2026-06-11T16:46:00.000Z,NQ,28863.5,28875.0,28855.75,28869.0,567
2026-06-11T16:47:00.000Z,NQ,28870.0,28886.5,28860.75,28881.75,508
2026-06-11T16:48:00.000Z,NQ,28881.25,28899.75,28876.0,28887.0,557
2026-06-11T16:49:00.000Z,NQ,28886.25,28886.25,28860.0,28870.5,670
2026-06-11T16:50:00.000Z,NQ,28871.5,28877.0,28836.25,28857.0,1060
2026-06-11T16:51:00.000Z,NQ,28858.0,28865.5,28828.5,28831.0,873
2026-06-11T16:52:00.000Z,NQ,28831.0,28846.5,28801.25,28808.0,989
2026-06-11T16:53:00.000Z,NQ,28807.25,28834.5,28803.75,28822.5,595
2026-06-11T16:54:00.000Z,NQ,28823.25,28834.0,28798.75,28804.0,639
2026-06-11T16:55:00.000Z,NQ,28803.5,28810.75,28775.0,28782.25,972
2026-06-11T16:56:00.000Z,NQ,28781.75,28814.75,28780.75,28802.5,857
2026-06-11T16:57:00.000Z,NQ,28799.0,28809.0,28783.75,28796.5,549
2026-06-11T16:58:00.000Z,NQ,28795.0,28805.75,28786.5,28795.0,585
2026-06-11T16:59:00.000Z,NQ,28795.75,28798.5,28763.25,28769.5,690
2026-06-11T17:00:00.000Z,NQ,28770.0,28787.75,28750.0,28780.0,1262
2026-06-11T17:01:00.000Z,NQ,28777.25,28807.75,28776.5,28784.0,938
2026-06-11T17:02:00.000Z,NQ,28785.75,28786.0,28757.0,28771.0,718
2026-06-11T17:03:00.000Z,NQ,28771.5,28773.5,28713.0,28719.75,1374
2026-06-11T17:04:00.000Z,NQ,28720.0,28742.5,28714.0,28730.25,866
2026-06-11T17:05:00.000Z,NQ,28730.5,28758.0,28726.5,28752.75,901
2026-06-11T17:06:00.000Z,NQ,28752.0,28772.5,28744.75,28754.25,1030
2026-06-11T17:07:00.000Z,NQ,28753.5,28789.5,28741.5,28784.5,1116
2026-06-11T17:08:00.000Z,NQ,28783.0,28787.0,28762.5,28765.75,642
2026-06-11T17:09:00.000Z,NQ,28763.25,28796.0,28758.5,28784.0,729
2026-06-11T17:10:00.000Z,NQ,28785.5,28809.25,28771.25,28784.0,780
2026-06-11T17:11:00.000Z,NQ,28783.25,28802.0,28777.0,28782.25,462
2026-06-11T17:12:00.000Z,NQ,28781.5,28797.5,28763.25,28763.5,663
2026-06-11T17:13:00.000Z,NQ,28763.75,28765.25,28735.75,28743.5,1041
2026-06-11T17:14:00.000Z,NQ,28745.25,28757.25,28739.25,28743.75,477
2026-06-11T17:15:00.000Z,NQ,28742.75,28759.0,28716.75,28729.75,731
2026-06-11T17:16:00.000Z,NQ,28729.75,28763.5,28729.25,28750.25,569
2026-06-11T17:17:00.000Z,NQ,28751.5,28753.0,28712.5,28713.75,981
2026-06-11T17:18:00.000Z,NQ,28712.5,28721.75,28685.0,28694.0,1298
2026-06-11T17:19:00.000Z,NQ,28694.5,28712.25,28685.75,28702.0,911
2026-06-11T17:20:00.000Z,NQ,28701.5,28716.5,28678.5,28710.75,865
2026-06-11T17:21:00.000Z,NQ,28710.75,28716.5,28695.5,28708.0,588
2026-06-11T17:22:00.000Z,NQ,28708.0,28721.75,28690.5,28699.75,646
2026-06-11T17:23:00.000Z,NQ,28699.25,28725.25,28696.5,28719.75,545
2026-06-11T17:24:00.000Z,NQ,28719.25,28737.0,28706.5,28728.5,894
2026-06-11T17:25:00.000Z,NQ,28726.5,28757.5,28722.25,28757.0,753
2026-06-11T17:26:00.000Z,NQ,28756.25,28775.25,28753.0,28759.5,796
2026-06-11T17:27:00.000Z,NQ,28761.0,28791.75,28755.75,28787.0,809
2026-06-11T17:28:00.000Z,NQ,28787.5,28978.5,28786.0,28912.5,3695
2026-06-11T17:29:00.000Z,NQ,28914.5,29093.25,28894.0,29085.25,5830
2026-06-11T17:30:00.000Z,NQ,29086.75,29227.5,29086.25,29183.25,7372
2026-06-11T17:31:00.000Z,NQ,29183.25,29187.75,29090.25,29116.0,2863
2026-06-11T17:32:00.000Z,NQ,29117.5,29200.0,29113.0,29185.25,3213
2026-06-11T17:33:00.000Z,NQ,29185.75,29260.0,29155.75,29243.5,4521
2026-06-11T17:34:00.000Z,NQ,29245.75,29265.0,29163.0,29206.0,2980
2026-06-11T17:35:00.000Z,NQ,29208.5,29222.75,29163.5,29179.5,1899
2026-06-11T17:36:00.000Z,NQ,29178.5,29180.75,29128.0,29128.0,1796
2026-06-11T17:37:00.000Z,NQ,29129.0,29185.75,29128.0,29176.75,1488
2026-06-11T17:38:00.000Z,NQ,29178.0,29191.5,29150.75,29176.25,1104
2026-06-11T17:39:00.000Z,NQ,29178.0,29193.5,29147.75,29180.25,1368
2026-06-11T17:40:00.000Z,NQ,29179.5,29223.25,29159.25,29205.5,1521
2026-06-11T17:41:00.000Z,NQ,29206.75,29236.5,29192.5,29224.5,1887
2026-06-11T17:42:00.000Z,NQ,29225.75,29245.0,29206.5,29241.75,1477
2026-06-11T17:43:00.000Z,NQ,29242.25,29268.75,29230.75,29263.5,1827
2026-06-11T17:44:00.000Z,NQ,29263.25,29302.25,29253.5,29281.5,2099
2026-06-11T17:45:00.000Z,NQ,29281.5,29300.0,29240.5,29264.5,2034
2026-06-11T17:46:00.000Z,NQ,29264.5,29268.0,29201.25,29210.0,1893
2026-06-11T17:47:00.000Z,NQ,29209.25,29246.0,29202.25,29206.5,1408
2026-06-11T17:48:00.000Z,NQ,29208.25,29239.0,29204.0,29217.5,753
2026-06-11T17:49:00.000Z,NQ,29216.0,29220.25,29182.5,29196.0,1373
2026-06-11T17:50:00.000Z,NQ,29199.75,29200.75,29126.75,29135.0,1486
2026-06-11T17:51:00.000Z,NQ,29134.0,29176.0,29117.75,29170.0,1639
2026-06-11T17:52:00.000Z,NQ,29171.5,29208.0,29166.5,29178.25,1374
2026-06-11T17:53:00.000Z,NQ,29178.0,29194.0,29167.5,29179.0,959
2026-06-11T17:54:00.000Z,NQ,29177.75,29187.25,29154.75,29182.75,791
2026-06-11T17:55:00.000Z,NQ,29183.25,29193.75,29162.5,29174.75,872
2026-06-11T17:56:00.000Z,NQ,29174.0,29184.5,29140.0,29146.5,900
2026-06-11T17:57:00.000Z,NQ,29147.75,29194.5,29147.25,29191.25,951
2026-06-11T17:58:00.000Z,NQ,29190.5,29218.25,29183.5,29186.5,1334
2026-06-11T17:59:00.000Z,NQ,29187.75,29220.25,29183.5,29214.0,1593
2026-06-11T18:00:00.000Z,NQ,29213.5,29244.75,29211.25,29235.0,1589
2026-06-11T18:01:00.000Z,NQ,29234.0,29254.5,29198.5,29198.5,1492
2026-06-11T18:02:00.000Z,NQ,29200.5,29208.5,29149.75,29154.25,2615
2026-06-11T18:03:00.000Z,NQ,29153.0,29166.0,29100.25,29106.0,1912
2026-06-11T18:04:00.000Z,NQ,29105.75,29135.5,29093.0,29114.25,1300
2026-06-11T18:05:00.000Z,NQ,29115.25,29126.75,29070.5,29075.75,1436
2026-06-11T18:06:00.000Z,NQ,29076.25,29111.5,29068.5,29098.5,1162
2026-06-11T18:07:00.000Z,NQ,29099.0,29127.25,29088.25,29123.75,944
2026-06-11T18:08:00.000Z,NQ,29124.75,29147.0,29098.0,29108.0,897
2026-06-11T18:09:00.000Z,NQ,29106.5,29112.25,29083.0,29110.5,705
2026-06-11T18:10:00.000Z,NQ,29109.0,29122.75,29103.75,29117.25,656
2026-06-11T18:11:00.000Z,NQ,29116.5,29156.75,29107.75,29145.75,1022
2026-06-11T18:12:00.000Z,NQ,29144.25,29168.5,29143.5,29151.5,813
2026-06-11T18:13:00.000Z,NQ,29151.25,29178.0,29138.75,29156.0,1395
2026-06-11T18:14:00.000Z,NQ,29157.25,29183.0,29151.25,29182.25,669
2026-06-11T18:15:00.000Z,NQ,29179.5,29218.25,29173.75,29216.0,1527
2026-06-11T18:16:00.000Z,NQ,29215.0,29240.0,29211.25,29236.5,1123
2026-06-11T18:17:00.000Z,NQ,29236.5,29247.0,29213.75,29238.25,901
2026-06-11T18:18:00.000Z,NQ,29239.0,29246.5,29220.0,29239.25,712
2026-06-11T18:19:00.000Z,NQ,29238.75,29266.5,29231.0,29256.0,994
2026-06-11T18:20:00.000Z,NQ,29253.75,29255.0,29206.25,29227.75,1477
2026-06-11T18:21:00.000Z,NQ,29227.75,29241.0,29208.0,29216.75,820
2026-06-11T18:22:00.000Z,NQ,29216.0,29216.25,29150.0,29178.0,2166
2026-06-11T18:23:00.000Z,NQ,29177.0,29199.75,29159.25,29172.5,1206
2026-06-11T18:24:00.000Z,NQ,29172.25,29204.0,29172.25,29193.25,936
2026-06-11T18:25:00.000Z,NQ,29190.75,29202.5,29174.75,29202.0,685
2026-06-11T18:26:00.000Z,NQ,29202.25,29207.5,29175.0,29190.0,758
2026-06-11T18:27:00.000Z,NQ,29190.75,29196.0,29171.25,29192.5,518
2026-06-11T18:28:00.000Z,NQ,29194.75,29197.0,29172.75,29191.0,632
2026-06-11T18:29:00.000Z,NQ,29188.25,29204.5,29178.5,29188.25,684
2026-06-11T18:30:00.000Z,NQ,29187.5,29206.0,29178.75,29205.0,618
2026-06-11T18:31:00.000Z,NQ,29205.25,29240.0,29199.25,29223.25,1284
2026-06-11T18:32:00.000Z,NQ,29222.0,29223.75,29177.5,29192.5,808
2026-06-11T18:33:00.000Z,NQ,29193.5,29209.25,29185.25,29204.25,618
2026-06-11T18:34:00.000Z,NQ,29203.75,29210.75,29182.75,29186.0,522
2026-06-11T18:35:00.000Z,NQ,29186.5,29203.0,29175.25,29185.25,608
2026-06-11T18:36:00.000Z,NQ,29185.5,29207.0,29179.5,29206.5,629
2026-06-11T18:37:00.000Z,NQ,29205.75,29213.5,29195.25,29206.5,489
2026-06-11T18:38:00.000Z,NQ,29207.25,29209.25,29182.25,29190.75,814
2026-06-11T18:39:00.000Z,NQ,29190.75,29191.25,29172.5,29183.75,499
2026-06-11T18:40:00.000Z,NQ,29184.25,29202.25,29178.25,29179.0,560
2026-06-11T18:41:00.000Z,NQ,29180.0,29199.0,29177.75,29194.5,512
2026-06-11T18:42:00.000Z,NQ,29193.5,29209.0,29188.25,29205.5,446
2026-06-11T18:43:00.000Z,NQ,29206.25,29228.0,29202.25,29221.0,698
2026-06-11T18:44:00.000Z,NQ,29221.5,29227.25,29212.25,29223.5,510
2026-06-11T18:45:00.000Z,NQ,29224.0,29240.25,29217.0,29238.5,1026
2026-06-11T18:46:00.000Z,NQ,29238.25,29256.0,29237.25,29244.75,1147
2026-06-11T18:47:00.000Z,NQ,29246.25,29258.0,29242.0,29258.0,589
2026-06-11T18:48:00.000Z,NQ,29257.0,29281.25,29245.5,29262.75,1879
2026-06-11T18:49:00.000Z,NQ,29263.25,29281.0,29262.0,29276.25,927
2026-06-11T18:50:00.000Z,NQ,29275.75,29312.25,29274.25,29297.25,1898
2026-06-11T18:51:00.000Z,NQ,29295.5,29296.5,29266.75,29271.75,1087
2026-06-11T18:52:00.000Z,NQ,29270.25,29283.0,29269.75,29280.0,596
2026-06-11T18:53:00.000Z,NQ,29278.75,29293.5,29269.75,29281.5,1000
2026-06-11T18:54:00.000Z,NQ,29279.75,29283.75,29265.0,29266.75,625
2026-06-11T18:55:00.000Z,NQ,29266.5,29271.5,29235.75,29236.75,951
2026-06-11T18:56:00.000Z,NQ,29236.25,29271.75,29234.0,29259.5,1142
2026-06-11T18:57:00.000Z,NQ,29259.5,29283.25,29254.0,29275.0,817
2026-06-11T18:58:00.000Z,NQ,29275.5,29283.75,29262.5,29265.0,597
2026-06-11T18:59:00.000Z,NQ,29264.75,29270.75,29255.25,29268.75,590
2026-06-11T19:00:00.000Z,NQ,29269.0,29305.0,29265.0,29295.75,1502
2026-06-11T19:01:00.000Z,NQ,29295.75,29317.5,29290.75,29305.0,1251
2026-06-11T19:02:00.000Z,NQ,29304.75,29314.5,29293.75,29300.25,1069
2026-06-11T19:03:00.000Z,NQ,29300.75,29301.25,29281.0,29287.0,696
2026-06-11T19:04:00.000Z,NQ,29286.0,29309.25,29280.25,29297.0,883
2026-06-11T19:05:00.000Z,NQ,29296.75,29300.5,29256.25,29264.5,938
2026-06-11T19:06:00.000Z,NQ,29263.75,29268.25,29229.5,29243.75,1262
2026-06-11T19:07:00.000Z,NQ,29242.75,29274.25,29236.0,29274.0,1043
2026-06-11T19:08:00.000Z,NQ,29274.25,29284.75,29265.5,29275.5,714
2026-06-11T19:09:00.000Z,NQ,29276.5,29309.0,29273.0,29304.25,1262
2026-06-11T19:10:00.000Z,NQ,29303.25,29318.5,29299.75,29311.25,844
2026-06-11T19:11:00.000Z,NQ,29311.5,29337.25,29301.5,29325.5,1279
2026-06-11T19:12:00.000Z,NQ,29325.75,29374.25,29320.5,29354.75,2262
2026-06-11T19:13:00.000Z,NQ,29355.5,29368.0,29333.5,29357.25,1446
2026-06-11T19:14:00.000Z,NQ,29357.0,29368.5,29344.25,29360.5,1126
2026-06-11T19:15:00.000Z,NQ,29360.5,29381.5,29355.5,29379.75,1222
2026-06-11T19:16:00.000Z,NQ,29380.0,29394.25,29368.0,29381.5,1392
2026-06-11T19:17:00.000Z,NQ,29380.0,29382.75,29346.5,29366.75,1273
2026-06-11T19:18:00.000Z,NQ,29365.25,29372.0,29360.5,29368.0,513
2026-06-11T19:19:00.000Z,NQ,29367.5,29396.25,29357.0,29388.25,1033
2026-06-11T19:20:00.000Z,NQ,29387.5,29399.25,29373.75,29382.75,999
2026-06-11T19:21:00.000Z,NQ,29381.75,29391.75,29374.25,29380.75,719
2026-06-11T19:22:00.000Z,NQ,29380.25,29395.0,29373.75,29390.0,869
2026-06-11T19:23:00.000Z,NQ,29389.25,29390.75,29375.5,29386.75,630
2026-06-11T19:24:00.000Z,NQ,29386.5,29389.25,29374.0,29386.0,573
2026-06-11T19:25:00.000Z,NQ,29385.5,29398.75,29377.5,29393.5,902
2026-06-11T19:26:00.000Z,NQ,29392.5,29420.0,29385.75,29420.0,1246
2026-06-11T19:27:00.000Z,NQ,29419.75,29420.5,29403.5,29410.0,762
2026-06-11T19:28:00.000Z,NQ,29410.5,29438.5,29408.0,29434.75,979
2026-06-11T19:29:00.000Z,NQ,29434.75,29448.0,29419.5,29424.0,1157
2026-06-11T19:30:00.000Z,NQ,29424.25,29510.75,29421.25,29505.75,3481
2026-06-11T19:31:00.000Z,NQ,29502.75,29514.0,29485.75,29488.75,1482
2026-06-11T19:32:00.000Z,NQ,29487.0,29520.25,29483.25,29516.5,1574
2026-06-11T19:33:00.000Z,NQ,29516.25,29522.75,29491.75,29520.25,1484
2026-06-11T19:34:00.000Z,NQ,29519.75,29541.75,29512.5,29527.5,1677
2026-06-11T19:35:00.000Z,NQ,29528.75,29544.25,29517.25,29530.0,1347
2026-06-11T19:36:00.000Z,NQ,29530.5,29538.25,29510.75,29521.25,997
2026-06-11T19:37:00.000Z,NQ,29522.25,29526.75,29506.0,29518.0,715
2026-06-11T19:38:00.000Z,NQ,29516.5,29520.25,29488.0,29496.75,1180
2026-06-11T19:39:00.000Z,NQ,29496.0,29499.25,29456.0,29466.75,1296
2026-06-11T19:40:00.000Z,NQ,29467.25,29507.0,29457.75,29501.0,933
2026-06-11T19:41:00.000Z,NQ,29501.0,29520.5,29498.75,29510.75,842
2026-06-11T19:42:00.000Z,NQ,29511.0,29523.75,29503.0,29522.75,848
2026-06-11T19:43:00.000Z,NQ,29525.0,29529.75,29495.5,29503.25,854
2026-06-11T19:44:00.000Z,NQ,29504.25,29506.25,29484.5,29498.75,932
2026-06-11T19:45:00.000Z,NQ,29498.75,29498.75,29469.75,29485.25,1579
2026-06-11T19:46:00.000Z,NQ,29484.25,29486.75,29446.75,29453.75,1390
2026-06-11T19:47:00.000Z,NQ,29452.25,29468.75,29444.25,29459.0,1312
2026-06-11T19:48:00.000Z,NQ,29460.0,29472.5,29438.5,29440.0,941
2026-06-11T19:49:00.000Z,NQ,29439.0,29445.5,29427.5,29432.0,879
2026-06-11T19:50:00.000Z,NQ,29432.75,29453.5,29405.0,29420.5,1795
2026-06-11T19:51:00.000Z,NQ,29418.75,29439.25,29404.0,29435.0,1344
2026-06-11T19:52:00.000Z,NQ,29433.5,29449.5,29424.5,29443.75,1391
2026-06-11T19:53:00.000Z,NQ,29442.75,29489.5,29436.75,29484.75,2101
2026-06-11T19:54:00.000Z,NQ,29485.0,29491.75,29471.25,29477.25,2014
2026-06-11T19:55:00.000Z,NQ,29477.25,29490.25,29458.25,29463.5,1855
2026-06-11T19:56:00.000Z,NQ,29463.25,29479.75,29460.0,29478.5,1308
2026-06-11T19:57:00.000Z,NQ,29477.5,29497.75,29470.5,29495.25,1685
2026-06-11T19:58:00.000Z,NQ,29495.0,29496.0,29479.5,29485.0,1871
2026-06-11T19:59:00.000Z,NQ,29484.25,29488.25,29438.75,29457.75,12516
2026-06-11T20:00:00.000Z,NQ,29457.5,29468.0,29416.0,29425.5,3558
2026-06-11T20:01:00.000Z,NQ,29425.25,29470.0,29425.0,29452.0,1372
2026-06-11T20:02:00.000Z,NQ,29452.0,29484.25,29450.25,29458.5,1130
2026-06-11T20:03:00.000Z,NQ,29459.75,29464.0,29446.0,29455.5,609
2026-06-11T20:04:00.000Z,NQ,29455.0,29468.25,29450.5,29457.75,550
2026-06-11T20:05:00.000Z,NQ,29456.0,29490.25,29456.0,29488.5,634
2026-06-11T20:06:00.000Z,NQ,29487.5,29490.0,29469.5,29481.75,662
2026-06-11T20:07:00.000Z,NQ,29479.75,29494.5,29477.0,29490.5,312
2026-06-11T20:08:00.000Z,NQ,29490.5,29505.75,29489.75,29498.0,372
2026-06-11T20:09:00.000Z,NQ,29498.75,29500.5,29488.5,29491.25,254
2026-06-11T20:10:00.000Z,NQ,29489.0,29489.0,29476.75,29484.5,498
2026-06-11T20:11:00.000Z,NQ,29485.0,29498.5,29480.5,29496.5,362
2026-06-11T20:12:00.000Z,NQ,29497.75,29510.25,29491.25,29509.5,280
2026-06-11T20:13:00.000Z,NQ,29509.5,29516.25,29506.0,29508.75,243
2026-06-11T20:14:00.000Z,NQ,29509.5,29519.0,29503.75,29513.25,716
2026-06-11T20:15:00.000Z,NQ,29514.25,29522.0,29506.25,29508.25,271
2026-06-11T20:16:00.000Z,NQ,29508.5,29510.5,29495.25,29500.5,324
2026-06-11T20:17:00.000Z,NQ,29500.75,29522.0,29500.75,29515.0,375
2026-06-11T20:18:00.000Z,NQ,29514.25,29515.0,29497.5,29504.25,299
2026-06-11T20:19:00.000Z,NQ,29506.0,29515.75,29487.25,29487.5,345
2026-06-11T20:20:00.000Z,NQ,29487.75,29493.75,29482.75,29488.5,251
2026-06-11T20:21:00.000Z,NQ,29489.0,29489.25,29470.5,29481.5,475
2026-06-11T20:22:00.000Z,NQ,29482.0,29482.75,29467.0,29473.25,288
2026-06-11T20:23:00.000Z,NQ,29473.0,29487.5,29473.0,29480.5,314
2026-06-11T20:24:00.000Z,NQ,29482.0,29490.25,29480.25,29483.75,145
2026-06-11T20:25:00.000Z,NQ,29484.5,29487.5,29476.5,29477.5,161
2026-06-11T20:26:00.000Z,NQ,29478.0,29500.0,29474.75,29482.0,524
2026-06-11T20:27:00.000Z,NQ,29480.5,29480.5,29461.25,29462.75,287
2026-06-11T20:28:00.000Z,NQ,29464.0,29473.75,29459.25,29470.5,174
2026-06-11T20:29:00.000Z,NQ,29470.0,29476.75,29468.25,29474.75,131
2026-06-11T20:30:00.000Z,NQ,29474.25,29478.75,29467.75,29473.5,156
2026-06-11T20:31:00.000Z,NQ,29472.5,29480.25,29467.0,29478.5,176
2026-06-11T20:32:00.000Z,NQ,29479.5,29485.5,29473.5,29473.5,136
2026-06-11T20:33:00.000Z,NQ,29474.0,29477.5,29464.5,29466.25,131
2026-06-11T20:34:00.000Z,NQ,29465.75,29465.75,29459.25,29460.5,90
2026-06-11T20:35:00.000Z,NQ,29459.25,29461.0,29437.5,29445.5,350
2026-06-11T20:36:00.000Z,NQ,29447.0,29451.0,29436.5,29442.0,315
2026-06-11T20:37:00.000Z,NQ,29441.25,29444.0,29432.25,29435.0,150
2026-06-11T20:38:00.000Z,NQ,29435.0,29444.0,29434.25,29439.5,105
2026-06-11T20:39:00.000Z,NQ,29440.5,29446.0,29430.25,29432.25,126
2026-06-11T20:40:00.000Z,NQ,29434.5,29435.25,29425.25,29427.5,129
2026-06-11T20:41:00.000Z,NQ,29426.0,29429.5,29419.5,29424.25,112
2026-06-11T20:42:00.000Z,NQ,29426.75,29429.0,29415.0,29415.75,113
2026-06-11T20:43:00.000Z,NQ,29416.75,29428.75,29415.75,29424.5,109
2026-06-11T20:44:00.000Z,NQ,29425.0,29428.0,29413.75,29415.5,133
2026-06-11T20:45:00.000Z,NQ,29414.25,29420.0,29408.0,29415.25,130
2026-06-11T20:46:00.000Z,NQ,29414.25,29426.25,29411.0,29421.0,145
2026-06-11T20:47:00.000Z,NQ,29421.0,29427.5,29417.75,29427.25,96
2026-06-11T20:48:00.000Z,NQ,29427.75,29431.5,29421.25,29422.25,231
2026-06-11T20:49:00.000Z,NQ,29424.25,29432.0,29422.75,29425.75,86
2026-06-11T20:50:00.000Z,NQ,29422.5,29435.75,29422.5,29433.5,96
2026-06-11T20:51:00.000Z,NQ,29433.0,29436.75,29427.25,29428.0,128
2026-06-11T20:52:00.000Z,NQ,29430.0,29430.5,29422.75,29427.75,101
2026-06-11T20:53:00.000Z,NQ,29427.25,29435.25,29423.25,29434.5,86
2026-06-11T20:54:00.000Z,NQ,29436.0,29439.25,29427.75,29431.25,85
2026-06-11T20:55:00.000Z,NQ,29433.0,29443.5,29430.75,29437.0,109
2026-06-11T20:56:00.000Z,NQ,29437.0,29443.5,29437.0,29440.25,53
2026-06-11T20:57:00.000Z,NQ,29442.0,29442.75,29435.75,29440.25,71
2026-06-11T20:58:00.000Z,NQ,29437.75,29441.25,29430.75,29435.0,165
2026-06-11T20:59:00.000Z,NQ,29432.75,29445.25,29431.5,29433.25,131
2026-06-11T22:00:00.000Z,NQ,29456.75,29500.0,29443.0,29492.5,0
2026-06-11T22:01:00.000Z,NQ,29495.5,29499.25,29471.25,29486.25,332
2026-06-11T22:02:00.000Z,NQ,29484.5,29487.0,29482.0,29484.75,48
2026-06-11T22:03:00.000Z,NQ,29485.5,29495.0,29483.25,29489.75,98
2026-06-11T22:04:00.000Z,NQ,29491.75,29503.25,29473.0,29483.75,292
2026-06-11T22:05:00.000Z,NQ,29481.25,29511.0,29469.25,29497.25,390
2026-06-11T22:06:00.000Z,NQ,29496.75,29496.75,29475.0,29480.25,127
2026-06-11T22:07:00.000Z,NQ,29482.0,29502.0,29481.5,29498.0,165
2026-06-11T22:08:00.000Z,NQ,29498.0,29504.25,29489.75,29496.75,123
2026-06-11T22:09:00.000Z,NQ,29497.75,29510.75,29494.0,29497.25,194
2026-06-11T22:10:00.000Z,NQ,29496.75,29510.75,29491.0,29510.0,141
2026-06-11T22:11:00.000Z,NQ,29508.0,29508.0,29503.0,29503.0,22
2026-06-11T22:12:00.000Z,NQ,29502.0,29507.0,29500.75,29505.25,27
2026-06-11T22:13:00.000Z,NQ,29506.5,29521.25,29504.5,29510.0,256
2026-06-11T22:14:00.000Z,NQ,29512.0,29536.5,29512.0,29522.5,272
2026-06-11T22:15:00.000Z,NQ,29524.25,29538.25,29516.0,29528.5,198
2026-06-11T22:16:00.000Z,NQ,29531.0,29547.25,29531.0,29535.75,281
2026-06-11T22:17:00.000Z,NQ,29537.0,29537.0,29520.0,29520.0,116
2026-06-11T22:18:00.000Z,NQ,29521.5,29521.5,29510.25,29517.0,80
2026-06-11T22:19:00.000Z,NQ,29517.25,29525.0,29515.25,29517.0,36
2026-06-11T22:20:00.000Z,NQ,29517.25,29530.0,29517.25,29528.0,86
2026-06-11T22:21:00.000Z,NQ,29530.0,29537.75,29523.0,29533.0,79
2026-06-11T22:22:00.000Z,NQ,29533.75,29539.0,29520.5,29524.75,87
2026-06-11T22:23:00.000Z,NQ,29524.75,29534.5,29523.0,29526.75,45
2026-06-11T22:24:00.000Z,NQ,29526.75,29527.25,29518.0,29518.0,46
2026-06-11T22:25:00.000Z,NQ,29519.25,29524.25,29517.75,29518.5,44
2026-06-11T22:26:00.000Z,NQ,29517.0,29523.75,29514.0,29522.25,75
2026-06-11T22:27:00.000Z,NQ,29520.75,29534.0,29517.75,29520.75,64
2026-06-11T22:28:00.000Z,NQ,29524.25,29530.25,29519.25,29526.0,69
2026-06-11T22:29:00.000Z,NQ,29528.25,29530.75,29526.5,29529.0,31
2026-06-11T22:30:00.000Z,NQ,29530.5,29530.5,29524.5,29525.75,56
2026-06-11T22:31:00.000Z,NQ,29525.0,29525.25,29518.25,29521.75,49
2026-06-11T22:32:00.000Z,NQ,29520.75,29527.0,29517.25,29524.0,61
2026-06-11T22:33:00.000Z,NQ,29524.0,29534.5,29524.0,29532.25,79
2026-06-11T22:34:00.000Z,NQ,29532.0,29553.0,29522.5,29525.25,306
2026-06-11T22:35:00.000Z,NQ,29524.0,29532.25,29521.5,29525.75,70
2026-06-11T22:36:00.000Z,NQ,29524.75,29528.75,29518.0,29524.25,67
2026-06-11T22:37:00.000Z,NQ,29525.25,29526.5,29521.5,29524.75,27
2026-06-11T22:38:00.000Z,NQ,29524.0,29529.0,29523.25,29528.25,32
2026-06-11T22:39:00.000Z,NQ,29528.25,29528.5,29523.0,29526.5,47
2026-06-11T22:40:00.000Z,NQ,29525.75,29544.5,29523.75,29544.5,111
2026-06-11T22:41:00.000Z,NQ,29545.25,29546.25,29533.75,29540.0,53
2026-06-11T22:42:00.000Z,NQ,29539.75,29556.5,29539.0,29556.5,139
2026-06-11T22:43:00.000Z,NQ,29554.25,29555.0,29542.75,29550.75,62
2026-06-11T22:44:00.000Z,NQ,29553.25,29557.25,29547.75,29550.25,92
2026-06-11T22:45:00.000Z,NQ,29550.75,29581.0,29550.75,29572.75,238
2026-06-11T22:46:00.000Z,NQ,29576.5,29582.25,29567.0,29575.25,165
2026-06-11T22:47:00.000Z,NQ,29574.25,29577.5,29568.0,29568.0,70
2026-06-11T22:48:00.000Z,NQ,29567.75,29570.0,29563.5,29567.5,65
2026-06-11T22:49:00.000Z,NQ,29570.0,29580.0,29567.0,29572.0,88
2026-06-11T22:50:00.000Z,NQ,29568.75,29586.5,29565.5,29577.25,133
2026-06-11T22:51:00.000Z,NQ,29580.0,29580.25,29569.75,29571.25,46
2026-06-11T22:52:00.000Z,NQ,29571.5,29579.0,29569.5,29576.25,34
2026-06-11T22:53:00.000Z,NQ,29576.75,29580.5,29572.25,29577.5,46
2026-06-11T22:54:00.000Z,NQ,29579.0,29580.25,29575.0,29577.25,51
2026-06-11T22:55:00.000Z,NQ,29576.25,29580.75,29565.75,29574.75,75
2026-06-11T22:56:00.000Z,NQ,29574.5,29578.75,29568.75,29570.25,35
2026-06-11T22:57:00.000Z,NQ,29572.5,29574.75,29565.25,29569.75,51
2026-06-11T22:58:00.000Z,NQ,29565.5,29565.5,29556.0,29559.75,93
2026-06-11T22:59:00.000Z,NQ,29558.25,29561.5,29552.75,29557.75,89
2026-06-11T23:00:00.000Z,NQ,29560.0,29566.25,29554.0,29554.0,108
2026-06-11T23:01:00.000Z,NQ,29556.25,29562.25,29545.0,29557.5,137
2026-06-11T23:02:00.000Z,NQ,29556.75,29556.75,29538.75,29552.75,64
2026-06-11T23:03:00.000Z,NQ,29549.5,29557.0,29540.0,29542.5,81
2026-06-11T23:04:00.000Z,NQ,29543.75,29550.5,29533.5,29546.0,96
2026-06-11T23:05:00.000Z,NQ,29543.5,29548.0,29537.5,29537.5,43
2026-06-11T23:06:00.000Z,NQ,29538.0,29542.0,29536.25,29536.25,31
2026-06-11T23:07:00.000Z,NQ,29536.0,29538.25,29525.0,29537.75,142
2026-06-11T23:08:00.000Z,NQ,29538.5,29547.5,29531.5,29534.25,124
2026-06-11T23:09:00.000Z,NQ,29534.25,29534.25,29526.75,29531.0,39
2026-06-11T23:10:00.000Z,NQ,29531.0,29537.75,29527.75,29535.5,30
2026-06-11T23:11:00.000Z,NQ,29535.75,29535.75,29523.25,29530.0,48
2026-06-11T23:12:00.000Z,NQ,29528.75,29540.75,29524.5,29540.75,63
2026-06-11T23:13:00.000Z,NQ,29541.0,29543.75,29538.5,29539.75,39
2026-06-11T23:14:00.000Z,NQ,29540.0,29545.25,29537.0,29542.25,65
2026-06-11T23:15:00.000Z,NQ,29543.75,29546.75,29539.75,29546.75,50
2026-06-11T23:16:00.000Z,NQ,29546.0,29550.0,29542.75,29548.5,62
2026-06-11T23:17:00.000Z,NQ,29546.75,29552.0,29546.25,29551.25,36
2026-06-11T23:18:00.000Z,NQ,29552.5,29567.5,29548.0,29550.75,145
2026-06-11T23:19:00.000Z,NQ,29550.0,29552.0,29540.75,29549.0,112
2026-06-11T23:20:00.000Z,NQ,29548.5,29548.5,29532.75,29538.5,82
2026-06-11T23:21:00.000Z,NQ,29539.25,29546.25,29533.0,29533.0,76
2026-06-11T23:22:00.000Z,NQ,29531.25,29535.0,29523.0,29526.75,86
2026-06-11T23:23:00.000Z,NQ,29526.5,29526.5,29517.5,29522.25,82
2026-06-11T23:24:00.000Z,NQ,29519.75,29519.75,29507.25,29512.75,126
2026-06-11T23:25:00.000Z,NQ,29513.0,29525.75,29503.25,29509.0,92
2026-06-11T23:26:00.000Z,NQ,29508.75,29520.5,29508.0,29512.5,43
2026-06-11T23:27:00.000Z,NQ,29516.25,29521.5,29480.25,29500.25,233
2026-06-11T23:28:00.000Z,NQ,29502.25,29519.75,29493.75,29516.5,111
2026-06-11T23:29:00.000Z,NQ,29516.5,29524.0,29515.5,29520.0,45
2026-06-11T23:30:00.000Z,NQ,29521.25,29534.5,29521.25,29530.0,94
2026-06-11T23:31:00.000Z,NQ,29531.5,29531.75,29524.75,29527.75,66
2026-06-11T23:32:00.000Z,NQ,29528.25,29535.75,29528.25,29530.0,47
2026-06-11T23:33:00.000Z,NQ,29530.0,29535.25,29523.0,29531.0,45
2026-06-11T23:34:00.000Z,NQ,29528.25,29535.5,29528.0,29534.5,11
2026-06-11T23:35:00.000Z,NQ,29535.75,29554.75,29533.0,29544.75,91
2026-06-11T23:36:00.000Z,NQ,29542.75,29545.0,29537.0,29541.5,64
2026-06-11T23:37:00.000Z,NQ,29544.0,29554.75,29540.75,29547.0,55
2026-06-11T23:38:00.000Z,NQ,29546.25,29548.25,29543.0,29543.0,31
2026-06-11T23:39:00.000Z,NQ,29544.0,29546.5,29540.75,29541.0,19
2026-06-11T23:40:00.000Z,NQ,29543.5,29554.0,29542.5,29554.0,32
2026-06-11T23:41:00.000Z,NQ,29552.75,29563.5,29549.25,29557.0,102
2026-06-11T23:42:00.000Z,NQ,29555.25,29561.0,29555.25,29556.5,29
2026-06-11T23:43:00.000Z,NQ,29557.75,29564.0,29557.25,29560.25,36
2026-06-11T23:44:00.000Z,NQ,29562.25,29567.0,29558.25,29563.0,86
2026-06-11T23:45:00.000Z,NQ,29564.75,29582.0,29564.0,29578.5,175
2026-06-11T23:46:00.000Z,NQ,29578.75,29590.0,29572.25,29582.25,193
2026-06-11T23:47:00.000Z,NQ,29583.25,29586.75,29578.5,29579.25,104
2026-06-11T23:48:00.000Z,NQ,29581.0,29585.0,29577.75,29583.25,86
2026-06-11T23:49:00.000Z,NQ,29584.5,29592.0,29577.75,29586.0,87
2026-06-11T23:50:00.000Z,NQ,29587.5,29597.5,29583.75,29586.0,85
2026-06-11T23:51:00.000Z,NQ,29586.75,29586.75,29564.0,29567.5,132
2026-06-11T23:52:00.000Z,NQ,29568.25,29577.25,29560.0,29575.0,144
2026-06-11T23:53:00.000Z,NQ,29576.25,29576.25,29568.75,29572.5,29
2026-06-11T23:54:00.000Z,NQ,29574.0,29580.25,29571.5,29575.5,47
2026-06-11T23:55:00.000Z,NQ,29575.5,29576.0,29565.25,29566.0,57
2026-06-11T23:56:00.000Z,NQ,29567.75,29576.0,29567.75,29576.0,31
2026-06-11T23:57:00.000Z,NQ,29577.0,29583.0,29575.5,29577.75,62
2026-06-11T23:58:00.000Z,NQ,29579.0,29582.75,29570.75,29572.25,40
2026-06-11T23:59:00.000Z,NQ,29570.5,29578.5,29565.0,29577.25,53
2026-06-12T00:00:00.000Z,NQ,29576.25,29583.0,29544.0,29550.25,240
2026-06-12T00:01:00.000Z,NQ,29553.0,29553.25,29539.0,29548.5,222
2026-06-12T00:02:00.000Z,NQ,29548.75,29572.0,29545.25,29561.0,263
2026-06-12T00:03:00.000Z,NQ,29562.25,29562.25,29536.0,29545.5,193
2026-06-12T00:04:00.000Z,NQ,29546.5,29574.5,29546.5,29566.25,186
2026-06-12T00:05:00.000Z,NQ,29566.25,29592.0,29566.25,29577.5,169
2026-06-12T00:06:00.000Z,NQ,29577.0,29603.0,29564.75,29592.0,246
2026-06-12T00:07:00.000Z,NQ,29592.0,29602.5,29585.75,29601.75,128
2026-06-12T00:08:00.000Z,NQ,29599.5,29601.75,29581.0,29583.25,111
2026-06-12T00:09:00.000Z,NQ,29584.75,29594.5,29580.0,29580.75,72
2026-06-12T00:10:00.000Z,NQ,29582.25,29592.0,29572.25,29572.75,125
2026-06-12T00:11:00.000Z,NQ,29572.5,29584.5,29560.25,29569.25,142
2026-06-12T00:12:00.000Z,NQ,29568.75,29574.0,29564.25,29567.75,79
2026-06-12T00:13:00.000Z,NQ,29566.75,29570.0,29556.25,29566.75,115
2026-06-12T00:14:00.000Z,NQ,29566.5,29589.0,29564.75,29579.5,164
2026-06-12T00:15:00.000Z,NQ,29578.5,29578.75,29540.75,29559.5,253
2026-06-12T00:16:00.000Z,NQ,29561.0,29563.25,29544.75,29552.5,99
2026-06-12T00:17:00.000Z,NQ,29552.5,29560.0,29547.5,29554.5,56
2026-06-12T00:18:00.000Z,NQ,29555.5,29565.0,29548.75,29548.75,63
2026-06-12T00:19:00.000Z,NQ,29550.25,29568.25,29548.5,29564.25,64
2026-06-12T00:20:00.000Z,NQ,29563.25,29565.5,29558.25,29562.75,57
2026-06-12T00:21:00.000Z,NQ,29562.5,29582.5,29560.0,29574.75,187
2026-06-12T00:22:00.000Z,NQ,29572.75,29587.0,29572.75,29587.0,82
2026-06-12T00:23:00.000Z,NQ,29587.5,29587.75,29579.5,29585.75,88
2026-06-12T00:24:00.000Z,NQ,29587.0,29595.75,29585.25,29589.75,91
2026-06-12T00:25:00.000Z,NQ,29591.25,29602.25,29582.75,29601.25,146
2026-06-12T00:26:00.000Z,NQ,29602.25,29604.0,29590.0,29593.0,153
2026-06-12T00:27:00.000Z,NQ,29591.25,29591.25,29578.0,29585.25,111
2026-06-12T00:28:00.000Z,NQ,29583.0,29597.0,29583.0,29595.25,50
2026-06-12T00:29:00.000Z,NQ,29596.75,29625.0,29596.75,29611.0,308
2026-06-12T00:30:00.000Z,NQ,29612.5,29628.5,29607.25,29621.0,126
2026-06-12T00:31:00.000Z,NQ,29623.0,29630.0,29613.0,29622.5,164
2026-06-12T00:32:00.000Z,NQ,29619.75,29632.75,29617.25,29630.25,113
2026-06-12T00:33:00.000Z,NQ,29632.0,29635.25,29624.25,29627.5,155
2026-06-12T00:34:00.000Z,NQ,29625.0,29639.0,29624.75,29638.75,122
2026-06-12T00:35:00.000Z,NQ,29638.75,29644.5,29635.0,29642.75,191
2026-06-12T00:36:00.000Z,NQ,29644.5,29645.5,29637.5,29637.5,105
2026-06-12T00:37:00.000Z,NQ,29640.0,29640.25,29624.25,29626.25,125
2026-06-12T00:38:00.000Z,NQ,29628.25,29637.5,29625.5,29625.5,59
2026-06-12T00:39:00.000Z,NQ,29626.75,29629.75,29621.25,29623.75,69
2026-06-12T00:40:00.000Z,NQ,29624.25,29627.5,29608.0,29626.0,158
2026-06-12T00:41:00.000Z,NQ,29628.0,29630.75,29619.25,29627.5,62
2026-06-12T00:42:00.000Z,NQ,29626.75,29626.75,29610.25,29612.5,80
2026-06-12T00:43:00.000Z,NQ,29611.0,29617.0,29602.0,29602.0,138
2026-06-12T00:44:00.000Z,NQ,29602.75,29603.25,29585.5,29591.75,168
2026-06-12T00:45:00.000Z,NQ,29593.25,29616.75,29588.5,29612.25,142
2026-06-12T00:46:00.000Z,NQ,29612.0,29613.75,29602.25,29602.25,61
2026-06-12T00:47:00.000Z,NQ,29605.0,29607.25,29596.75,29599.25,66
2026-06-12T00:48:00.000Z,NQ,29598.25,29600.75,29594.75,29595.5,52
2026-06-12T00:49:00.000Z,NQ,29596.5,29597.75,29588.5,29597.75,41
2026-06-12T00:50:00.000Z,NQ,29597.25,29606.25,29595.25,29605.75,73
2026-06-12T00:51:00.000Z,NQ,29604.75,29608.5,29599.25,29603.0,49
2026-06-12T00:52:00.000Z,NQ,29601.5,29603.5,29596.0,29601.25,39
2026-06-12T00:53:00.000Z,NQ,29601.75,29604.0,29596.75,29603.5,42
2026-06-12T00:54:00.000Z,NQ,29602.75,29607.0,29598.0,29598.5,74
2026-06-12T00:55:00.000Z,NQ,29597.75,29605.0,29596.0,29602.5,81
2026-06-12T00:56:00.000Z,NQ,29604.5,29605.5,29589.0,29598.0,74
2026-06-12T00:57:00.000Z,NQ,29597.75,29601.0,29563.5,29572.75,271
2026-06-12T00:58:00.000Z,NQ,29573.0,29578.0,29566.0,29568.5,65
2026-06-12T00:59:00.000Z,NQ,29570.25,29589.5,29569.0,29588.25,102
2026-06-12T01:00:00.000Z,NQ,29589.0,29589.5,29569.25,29572.5,97
2026-06-12T01:01:00.000Z,NQ,29573.25,29584.0,29563.0,29565.25,148
2026-06-12T01:02:00.000Z,NQ,29567.25,29568.0,29547.75,29548.75,249
2026-06-12T01:03:00.000Z,NQ,29549.25,29560.75,29546.75,29558.25,119
2026-06-12T01:04:00.000Z,NQ,29556.25,29564.75,29551.0,29558.0,96
2026-06-12T01:05:00.000Z,NQ,29554.75,29567.75,29540.0,29548.5,147
2026-06-12T01:06:00.000Z,NQ,29547.5,29552.25,29539.75,29539.75,153
2026-06-12T01:07:00.000Z,NQ,29541.0,29543.75,29536.5,29536.5,94
2026-06-12T01:08:00.000Z,NQ,29539.25,29557.25,29532.0,29549.75,178
2026-06-12T01:09:00.000Z,NQ,29550.0,29570.0,29550.0,29568.0,90
2026-06-12T01:10:00.000Z,NQ,29567.75,29568.0,29553.0,29553.0,75
2026-06-12T01:11:00.000Z,NQ,29551.5,29568.25,29540.0,29540.25,129
2026-06-12T01:12:00.000Z,NQ,29544.5,29554.75,29535.25,29552.75,162
2026-06-12T01:13:00.000Z,NQ,29554.75,29561.5,29543.5,29557.5,72
2026-06-12T01:14:00.000Z,NQ,29556.75,29570.0,29555.75,29562.5,85
2026-06-12T01:15:00.000Z,NQ,29564.25,29569.0,29554.25,29565.5,71
2026-06-12T01:16:00.000Z,NQ,29561.75,29578.25,29561.25,29572.75,74
2026-06-12T01:17:00.000Z,NQ,29570.75,29572.0,29546.25,29550.75,132
2026-06-12T01:18:00.000Z,NQ,29548.5,29549.75,29535.0,29536.5,113
2026-06-12T01:19:00.000Z,NQ,29536.5,29539.0,29527.0,29531.75,168
2026-06-12T01:20:00.000Z,NQ,29530.75,29536.5,29526.75,29530.25,113
2026-06-12T01:21:00.000Z,NQ,29530.0,29535.25,29524.0,29524.25,107
2026-06-12T01:22:00.000Z,NQ,29524.0,29526.5,29504.25,29509.0,389
2026-06-12T01:23:00.000Z,NQ,29509.25,29523.0,29506.25,29522.0,170
2026-06-12T01:24:00.000Z,NQ,29519.5,29525.0,29511.0,29513.0,90
2026-06-12T01:25:00.000Z,NQ,29510.0,29510.5,29498.25,29504.0,194
2026-06-12T01:26:00.000Z,NQ,29504.25,29505.0,29478.0,29480.75,229
2026-06-12T01:27:00.000Z,NQ,29481.5,29490.75,29470.5,29486.0,129
2026-06-12T01:28:00.000Z,NQ,29486.25,29486.5,29473.25,29475.25,198
2026-06-12T01:29:00.000Z,NQ,29476.75,29492.25,29472.0,29483.5,153
2026-06-12T01:30:00.000Z,NQ,29483.25,29506.25,29481.5,29503.0,137
2026-06-12T01:31:00.000Z,NQ,29502.25,29502.25,29488.0,29492.75,98
2026-06-12T01:32:00.000Z,NQ,29494.0,29501.0,29494.0,29499.25,57
2026-06-12T01:33:00.000Z,NQ,29500.25,29500.25,29492.5,29497.75,49
2026-06-12T01:34:00.000Z,NQ,29499.75,29518.75,29499.75,29512.5,130
2026-06-12T01:35:00.000Z,NQ,29512.5,29521.5,29506.0,29512.75,88
2026-06-12T01:36:00.000Z,NQ,29514.25,29515.75,29488.0,29488.0,114
2026-06-12T01:37:00.000Z,NQ,29489.5,29490.75,29475.25,29478.25,186
2026-06-12T01:38:00.000Z,NQ,29482.25,29486.0,29464.75,29473.25,153
2026-06-12T01:39:00.000Z,NQ,29471.75,29487.5,29467.0,29486.0,112
2026-06-12T01:40:00.000Z,NQ,29487.5,29488.0,29470.5,29471.0,73
2026-06-12T01:41:00.000Z,NQ,29472.25,29475.25,29466.75,29473.25,96
2026-06-12T01:42:00.000Z,NQ,29473.25,29493.75,29472.0,29493.25,133
2026-06-12T01:43:00.000Z,NQ,29493.0,29509.25,29493.0,29504.5,143
2026-06-12T01:44:00.000Z,NQ,29507.5,29523.75,29492.75,29492.75,194
2026-06-12T01:45:00.000Z,NQ,29494.0,29522.0,29492.5,29520.0,120
2026-06-12T01:46:00.000Z,NQ,29519.5,29523.75,29514.75,29521.25,92
2026-06-12T01:47:00.000Z,NQ,29523.0,29529.75,29511.25,29517.5,114
2026-06-12T01:48:00.000Z,NQ,29515.75,29522.75,29514.0,29522.75,42
2026-06-12T01:49:00.000Z,NQ,29522.0,29533.25,29521.75,29531.0,67
2026-06-12T01:50:00.000Z,NQ,29532.25,29539.75,29524.75,29524.75,103
2026-06-12T01:51:00.000Z,NQ,29524.0,29530.0,29520.0,29530.0,95
2026-06-12T01:52:00.000Z,NQ,29530.25,29534.75,29527.0,29534.75,51
2026-06-12T01:53:00.000Z,NQ,29534.75,29536.75,29529.0,29531.75,47
2026-06-12T01:54:00.000Z,NQ,29530.75,29533.0,29523.75,29527.75,47
2026-06-12T01:55:00.000Z,NQ,29525.5,29531.5,29524.75,29529.0,32
2026-06-12T01:56:00.000Z,NQ,29527.5,29543.5,29527.5,29541.5,87
2026-06-12T01:57:00.000Z,NQ,29541.75,29549.75,29538.0,29544.25,98
2026-06-12T01:58:00.000Z,NQ,29544.25,29550.0,29538.75,29550.0,50
2026-06-12T01:59:00.000Z,NQ,29548.5,29557.5,29548.5,29552.0,96
2026-06-12T02:00:00.000Z,NQ,29553.0,29587.0,29550.5,29566.0,381
2026-06-12T02:01:00.000Z,NQ,29566.0,29571.0,29562.0,29562.0,57
2026-06-12T02:02:00.000Z,NQ,29565.0,29580.0,29555.5,29580.0,155
2026-06-12T02:03:00.000Z,NQ,29578.25,29578.25,29566.0,29569.5,66
2026-06-12T02:04:00.000Z,NQ,29568.25,29573.0,29561.25,29567.0,59
2026-06-12T02:05:00.000Z,NQ,29567.25,29573.75,29560.0,29571.25,107
2026-06-12T02:06:00.000Z,NQ,29572.25,29572.25,29560.25,29566.25,43
2026-06-12T02:07:00.000Z,NQ,29567.5,29575.0,29556.25,29560.0,63
2026-06-12T02:08:00.000Z,NQ,29560.5,29565.25,29554.25,29564.25,110
2026-06-12T02:09:00.000Z,NQ,29560.5,29581.75,29560.5,29581.25,99
2026-06-12T02:10:00.000Z,NQ,29581.75,29585.25,29572.75,29577.0,53
2026-06-12T02:11:00.000Z,NQ,29575.25,29579.25,29570.0,29570.0,53
2026-06-12T02:12:00.000Z,NQ,29568.75,29573.0,29566.0,29569.5,44
2026-06-12T02:13:00.000Z,NQ,29575.75,29577.75,29566.0,29568.5,29
2026-06-12T02:14:00.000Z,NQ,29566.0,29571.5,29561.5,29568.0,88
2026-06-12T02:15:00.000Z,NQ,29568.75,29570.0,29560.0,29567.0,50
2026-06-12T02:16:00.000Z,NQ,29567.25,29568.75,29560.5,29567.0,41
2026-06-12T02:17:00.000Z,NQ,29567.25,29567.25,29556.25,29559.5,59
2026-06-12T02:18:00.000Z,NQ,29558.5,29560.25,29540.5,29547.25,168
2026-06-12T02:19:00.000Z,NQ,29547.25,29557.0,29543.75,29554.75,146
2026-06-12T02:20:00.000Z,NQ,29556.0,29565.75,29550.25,29564.5,83
2026-06-12T02:21:00.000Z,NQ,29562.5,29564.75,29553.25,29561.75,57
2026-06-12T02:22:00.000Z,NQ,29561.5,29563.5,29551.5,29553.75,21
2026-06-12T02:23:00.000Z,NQ,29554.0,29554.75,29549.0,29549.5,21
2026-06-12T02:24:00.000Z,NQ,29552.5,29556.25,29540.75,29543.5,123
2026-06-12T02:25:00.000Z,NQ,29546.0,29546.0,29532.75,29532.75,115
2026-06-12T02:26:00.000Z,NQ,29535.5,29540.0,29532.75,29536.75,87
2026-06-12T02:27:00.000Z,NQ,29536.5,29536.5,29523.5,29528.5,119
2026-06-12T02:28:00.000Z,NQ,29529.5,29531.0,29522.25,29523.5,47
2026-06-12T02:29:00.000Z,NQ,29522.5,29522.5,29510.0,29512.5,106
2026-06-12T02:30:00.000Z,NQ,29512.5,29530.5,29511.0,29527.0,114
2026-06-12T02:31:00.000Z,NQ,29527.75,29528.5,29514.0,29515.0,123
2026-06-12T02:32:00.000Z,NQ,29513.75,29521.0,29513.25,29520.25,40
2026-06-12T02:33:00.000Z,NQ,29521.75,29530.0,29519.5,29519.5,93
2026-06-12T02:34:00.000Z,NQ,29520.75,29520.75,29511.25,29513.5,51
2026-06-12T02:35:00.000Z,NQ,29512.0,29516.0,29503.0,29510.5,116
2026-06-12T02:36:00.000Z,NQ,29509.75,29525.0,29506.0,29525.0,65
2026-06-12T02:37:00.000Z,NQ,29526.0,29537.0,29520.5,29537.0,79
2026-06-12T02:38:00.000Z,NQ,29535.25,29545.75,29533.75,29540.75,76
2026-06-12T02:39:00.000Z,NQ,29540.25,29543.75,29537.25,29541.75,39
2026-06-12T02:40:00.000Z,NQ,29539.75,29547.5,29536.0,29542.5,41
2026-06-12T02:41:00.000Z,NQ,29544.5,29544.5,29534.0,29536.25,41
2026-06-12T02:42:00.000Z,NQ,29537.5,29542.25,29532.0,29534.0,31
2026-06-12T02:43:00.000Z,NQ,29533.25,29543.0,29532.0,29543.0,61
2026-06-12T02:44:00.000Z,NQ,29542.5,29550.75,29535.5,29544.75,127
2026-06-12T02:45:00.000Z,NQ,29545.5,29564.75,29544.75,29551.25,126
2026-06-12T02:46:00.000Z,NQ,29551.75,29553.5,29548.5,29551.25,29
2026-06-12T02:47:00.000Z,NQ,29546.5,29552.0,29546.5,29552.0,23
2026-06-12T02:48:00.000Z,NQ,29552.5,29556.0,29550.5,29553.25,56
2026-06-12T02:49:00.000Z,NQ,29553.25,29572.0,29552.25,29561.25,108
2026-06-12T02:50:00.000Z,NQ,29560.75,29562.0,29545.75,29547.25,38
2026-06-12T02:51:00.000Z,NQ,29552.75,29558.75,29551.75,29558.5,32
2026-06-12T02:52:00.000Z,NQ,29558.75,29569.25,29558.75,29562.25,58
2026-06-12T02:53:00.000Z,NQ,29562.5,29565.5,29553.25,29565.5,46
2026-06-12T02:54:00.000Z,NQ,29566.0,29576.0,29555.5,29556.5,129
2026-06-12T02:55:00.000Z,NQ,29557.5,29557.75,29549.0,29552.75,30
2026-06-12T02:56:00.000Z,NQ,29555.25,29555.25,29543.75,29549.25,33
2026-06-12T02:57:00.000Z,NQ,29550.0,29560.5,29550.0,29559.25,35
2026-06-12T02:58:00.000Z,NQ,29559.0,29563.5,29551.5,29558.0,56
2026-06-12T02:59:00.000Z,NQ,29555.75,29569.25,29554.0,29562.5,52
2026-06-12T03:00:00.000Z,NQ,29562.0,29562.0,29547.0,29550.75,130
2026-06-12T03:01:00.000Z,NQ,29552.5,29555.0,29550.5,29552.0,18
2026-06-12T03:02:00.000Z,NQ,29552.0,29552.75,29526.5,29536.0,136
2026-06-12T03:03:00.000Z,NQ,29538.25,29554.5,29537.75,29550.25,98
2026-06-12T03:04:00.000Z,NQ,29552.5,29552.5,29546.5,29547.25,22
2026-06-12T03:05:00.000Z,NQ,29544.5,29546.0,29536.0,29543.5,43
2026-06-12T03:06:00.000Z,NQ,29543.5,29545.0,29536.75,29537.5,33
2026-06-12T03:07:00.000Z,NQ,29539.5,29541.75,29530.0,29533.5,33
2026-06-12T03:08:00.000Z,NQ,29532.0,29536.75,29525.0,29532.5,65
2026-06-12T03:09:00.000Z,NQ,29528.75,29543.25,29526.5,29543.25,108
2026-06-12T03:10:00.000Z,NQ,29541.75,29543.75,29535.75,29535.75,43
2026-06-12T03:11:00.000Z,NQ,29534.5,29534.5,29529.75,29531.25,35
2026-06-12T03:12:00.000Z,NQ,29529.0,29529.0,29510.0,29521.0,137
2026-06-12T03:13:00.000Z,NQ,29518.5,29525.75,29517.5,29525.0,39
2026-06-12T03:14:00.000Z,NQ,29525.0,29526.25,29519.25,29524.0,39
2026-06-12T03:15:00.000Z,NQ,29523.25,29528.25,29520.5,29526.5,22
2026-06-12T03:16:00.000Z,NQ,29528.0,29530.25,29523.75,29525.75,43
2026-06-12T03:17:00.000Z,NQ,29526.25,29526.25,29511.75,29515.0,53
2026-06-12T03:18:00.000Z,NQ,29517.75,29519.5,29512.5,29518.25,24
2026-06-12T03:19:00.000Z,NQ,29514.25,29514.25,29510.25,29510.75,20
2026-06-12T03:20:00.000Z,NQ,29513.5,29515.0,29501.0,29502.75,86
2026-06-12T03:21:00.000Z,NQ,29504.75,29509.0,29503.5,29504.75,34
2026-06-12T03:22:00.000Z,NQ,29507.25,29509.5,29495.25,29497.75,56
2026-06-12T03:23:00.000Z,NQ,29498.5,29499.0,29488.75,29496.75,49
2026-06-12T03:24:00.000Z,NQ,29493.25,29500.0,29492.0,29495.5,36
2026-06-12T03:25:00.000Z,NQ,29497.5,29514.0,29493.25,29512.75,67
2026-06-12T03:26:00.000Z,NQ,29512.75,29514.25,29505.0,29510.0,70
2026-06-12T03:27:00.000Z,NQ,29511.0,29524.5,29511.0,29519.5,110
2026-06-12T03:28:00.000Z,NQ,29519.25,29526.5,29519.25,29521.0,42
2026-06-12T03:29:00.000Z,NQ,29521.25,29524.5,29517.5,29524.5,18
2026-06-12T03:30:00.000Z,NQ,29522.0,29535.0,29516.75,29527.5,143
2026-06-12T03:31:00.000Z,NQ,29526.75,29541.0,29525.25,29533.5,66
2026-06-12T03:32:00.000Z,NQ,29529.75,29530.0,29518.5,29523.25,84
2026-06-12T03:33:00.000Z,NQ,29522.0,29525.5,29518.75,29519.25,33
2026-06-12T03:34:00.000Z,NQ,29519.75,29525.5,29519.75,29524.25,23
2026-06-12T03:35:00.000Z,NQ,29527.0,29530.0,29521.75,29524.5,21
2026-06-12T03:36:00.000Z,NQ,29528.5,29528.5,29519.75,29521.25,25
2026-06-12T03:37:00.000Z,NQ,29523.75,29534.75,29523.75,29530.25,62
2026-06-12T03:38:00.000Z,NQ,29530.25,29536.75,29529.25,29533.25,31
2026-06-12T03:39:00.000Z,NQ,29531.25,29535.0,29530.25,29535.0,14
2026-06-12T03:40:00.000Z,NQ,29536.75,29546.25,29534.5,29546.25,56
2026-06-12T03:41:00.000Z,NQ,29546.75,29554.25,29539.5,29541.0,181
2026-06-12T03:42:00.000Z,NQ,29541.25,29541.25,29529.25,29532.0,34
2026-06-12T03:43:00.000Z,NQ,29531.0,29535.0,29527.25,29530.0,58
2026-06-12T03:44:00.000Z,NQ,29531.25,29536.5,29528.25,29530.0,39
2026-06-12T03:45:00.000Z,NQ,29528.5,29531.5,29512.25,29514.75,62
2026-06-12T03:46:00.000Z,NQ,29515.75,29518.5,29514.25,29515.5,28
2026-06-12T03:47:00.000Z,NQ,29515.5,29518.75,29500.25,29509.5,214
2026-06-12T03:48:00.000Z,NQ,29511.25,29522.5,29510.0,29516.0,39
2026-06-12T03:49:00.000Z,NQ,29513.0,29522.0,29508.25,29521.25,65
2026-06-12T03:50:00.000Z,NQ,29523.0,29533.5,29523.0,29529.75,84
2026-06-12T03:51:00.000Z,NQ,29530.5,29530.75,29522.75,29527.75,25
2026-06-12T03:52:00.000Z,NQ,29520.5,29524.0,29516.75,29516.75,13
2026-06-12T03:53:00.000Z,NQ,29519.5,29528.25,29515.0,29528.25,50
2026-06-12T03:54:00.000Z,NQ,29529.75,29533.25,29527.5,29530.5,30
2026-06-12T03:55:00.000Z,NQ,29525.0,29537.0,29525.0,29530.5,37
2026-06-12T03:56:00.000Z,NQ,29529.25,29538.5,29529.25,29538.5,20
2026-06-12T03:57:00.000Z,NQ,29539.75,29541.5,29531.5,29534.75,52
2026-06-12T03:58:00.000Z,NQ,29536.25,29536.5,29529.25,29529.5,36
2026-06-12T04:09:00.000Z,NQ,29504.25,29507.5,29502.75,29502.75,38
2026-06-12T04:10:00.000Z,NQ,29501.25,29504.25,29496.5,29502.25,26
2026-06-12T04:11:00.000Z,NQ,29501.75,29515.0,29501.75,29513.75,47
2026-06-12T04:12:00.000Z,NQ,29510.25,29514.25,29496.25,29501.0,105
2026-06-12T04:13:00.000Z,NQ,29499.75,29504.75,29496.0,29504.75,25
2026-06-12T04:14:00.000Z,NQ,29506.75,29520.5,29506.75,29515.5,40
2026-06-12T04:15:00.000Z,NQ,29518.25,29524.25,29511.75,29513.0,55
2026-06-12T04:16:00.000Z,NQ,29510.0,29511.75,29501.0,29504.0,43
2026-06-12T04:17:00.000Z,NQ,29504.25,29504.25,29496.5,29499.75,36
2026-06-12T04:18:00.000Z,NQ,29497.25,29499.0,29494.25,29494.25,29
2026-06-12T04:19:00.000Z,NQ,29495.5,29500.25,29493.0,29499.5,37
2026-06-12T04:20:00.000Z,NQ,29497.75,29506.75,29488.0,29506.75,94
2026-06-12T04:21:00.000Z,NQ,29506.5,29515.25,29504.75,29515.25,54
2026-06-12T04:22:00.000Z,NQ,29512.25,29514.75,29502.5,29514.75,32
2026-06-12T04:23:00.000Z,NQ,29515.0,29524.25,29511.5,29511.5,83
2026-06-12T04:24:00.000Z,NQ,29509.0,29517.75,29507.0,29517.75,33
2026-06-12T04:25:00.000Z,NQ,29517.25,29521.25,29515.0,29518.25,43
2026-06-12T04:26:00.000Z,NQ,29519.0,29526.75,29519.0,29525.25,55
2026-06-12T04:27:00.000Z,NQ,29527.75,29532.0,29526.0,29529.75,51
2026-06-12T04:28:00.000Z,NQ,29529.75,29530.75,29529.0,29529.25,17
2026-06-12T04:29:00.000Z,NQ,29530.75,29540.25,29529.0,29535.25,73
2026-06-12T04:30:00.000Z,NQ,29535.0,29546.0,29530.25,29531.75,86
2026-06-12T04:31:00.000Z,NQ,29531.5,29537.75,29525.0,29533.75,48
2026-06-12T04:32:00.000Z,NQ,29534.0,29538.0,29527.5,29527.5,32
2026-06-12T04:33:00.000Z,NQ,29528.75,29533.75,29526.25,29528.0,21
2026-06-12T04:34:00.000Z,NQ,29525.5,29535.5,29525.0,29535.5,30
2026-06-12T04:35:00.000Z,NQ,29532.0,29532.75,29527.5,29532.75,22
2026-06-12T04:36:00.000Z,NQ,29532.5,29532.5,29520.25,29522.75,74
2026-06-12T04:37:00.000Z,NQ,29523.75,29525.5,29520.75,29521.25,17
2026-06-12T04:38:00.000Z,NQ,29523.25,29528.75,29523.25,29524.25,27
2026-06-12T04:39:00.000Z,NQ,29527.0,29527.5,29523.25,29527.5,13
2026-06-12T04:40:00.000Z,NQ,29526.0,29530.0,29520.0,29529.25,27
2026-06-12T04:41:00.000Z,NQ,29527.5,29533.0,29526.5,29531.5,24
2026-06-12T04:42:00.000Z,NQ,29531.5,29538.0,29529.0,29535.75,40
2026-06-12T04:43:00.000Z,NQ,29535.25,29544.0,29535.25,29539.0,45
2026-06-12T04:44:00.000Z,NQ,29538.25,29539.5,29535.0,29538.0,20
2026-06-12T04:45:00.000Z,NQ,29538.5,29544.5,29536.0,29543.5,117
2026-06-12T04:46:00.000Z,NQ,29543.5,29548.25,29536.25,29537.25,86
2026-06-12T04:47:00.000Z,NQ,29536.5,29538.0,29532.0,29535.0,23
2026-06-12T04:48:00.000Z,NQ,29534.75,29534.75,29530.5,29533.75,22
2026-06-12T04:49:00.000Z,NQ,29533.75,29536.0,29530.25,29536.0,17
2026-06-12T04:50:00.000Z,NQ,29536.75,29549.0,29534.5,29541.0,69
2026-06-12T04:51:00.000Z,NQ,29538.75,29541.0,29531.75,29535.5,61
2026-06-12T04:52:00.000Z,NQ,29535.5,29540.75,29532.5,29539.5,24
2026-06-12T04:53:00.000Z,NQ,29537.75,29543.5,29537.75,29541.0,37
2026-06-12T04:54:00.000Z,NQ,29539.5,29542.25,29532.75,29539.5,64
2026-06-12T04:55:00.000Z,NQ,29538.5,29544.5,29537.5,29537.5,60
2026-06-12T04:56:00.000Z,NQ,29537.0,29545.0,29535.75,29540.75,25
2026-06-12T04:57:00.000Z,NQ,29540.0,29545.75,29540.0,29545.0,52
2026-06-12T04:58:00.000Z,NQ,29543.25,29544.5,29540.5,29541.0,17
2026-06-12T04:59:00.000Z,NQ,29540.0,29545.5,29540.0,29543.75,31
2026-06-12T05:00:00.000Z,NQ,29546.25,29554.75,29540.0,29547.75,111
2026-06-12T05:01:00.000Z,NQ,29547.5,29548.25,29540.0,29543.75,26
2026-06-12T05:02:00.000Z,NQ,29545.25,29545.25,29529.25,29529.25,55
2026-06-12T05:03:00.000Z,NQ,29531.25,29535.5,29529.75,29531.0,25
2026-06-12T05:04:00.000Z,NQ,29531.0,29533.75,29528.0,29528.0,23
2026-06-12T05:05:00.000Z,NQ,29528.25,29530.0,29522.0,29524.25,50
2026-06-12T05:06:00.000Z,NQ,29525.75,29531.25,29521.5,29521.5,31
2026-06-12T05:07:00.000Z,NQ,29520.75,29523.25,29512.5,29516.5,59
2026-06-12T05:08:00.000Z,NQ,29515.25,29517.0,29506.0,29512.75,113
2026-06-12T05:09:00.000Z,NQ,29508.75,29522.0,29508.75,29522.0,27
2026-06-12T05:10:00.000Z,NQ,29520.25,29521.5,29515.0,29520.75,48
2026-06-12T05:11:00.000Z,NQ,29520.75,29521.0,29507.0,29509.25,38
2026-06-12T05:12:00.000Z,NQ,29507.5,29520.0,29503.25,29519.5,49
2026-06-12T05:13:00.000Z,NQ,29516.0,29516.0,29512.75,29515.75,19
2026-06-12T05:14:00.000Z,NQ,29519.5,29528.5,29519.5,29524.0,40
2026-06-12T05:15:00.000Z,NQ,29525.0,29534.75,29521.75,29534.75,74
2026-06-12T05:16:00.000Z,NQ,29535.0,29539.75,29531.5,29534.5,65
2026-06-12T05:17:00.000Z,NQ,29533.0,29533.0,29512.5,29528.5,156
2026-06-12T05:18:00.000Z,NQ,29529.75,29535.0,29527.0,29531.0,69
2026-06-12T05:19:00.000Z,NQ,29533.25,29536.25,29530.75,29533.5,14
2026-06-12T05:20:00.000Z,NQ,29536.5,29540.0,29533.0,29540.0,29
2026-06-12T05:21:00.000Z,NQ,29538.75,29539.75,29533.75,29534.0,32
2026-06-12T05:22:00.000Z,NQ,29530.0,29538.5,29530.0,29535.0,22
2026-06-12T05:23:00.000Z,NQ,29536.0,29541.25,29530.0,29530.0,126
2026-06-12T05:24:00.000Z,NQ,29527.25,29530.25,29523.5,29526.25,59
2026-06-12T05:25:00.000Z,NQ,29525.25,29528.5,29523.5,29525.0,23
2026-06-12T05:26:00.000Z,NQ,29528.0,29534.25,29521.0,29522.75,26
2026-06-12T05:27:00.000Z,NQ,29522.75,29524.25,29516.0,29518.75,94
2026-06-12T05:28:00.000Z,NQ,29520.75,29532.25,29520.75,29532.0,56
2026-06-12T05:29:00.000Z,NQ,29532.25,29536.5,29531.25,29535.0,15
2026-06-12T05:30:00.000Z,NQ,29532.75,29532.75,29522.25,29522.25,39
2026-06-12T05:31:00.000Z,NQ,29525.75,29528.25,29524.5,29525.25,12
2026-06-12T05:32:00.000Z,NQ,29525.0,29525.0,29505.0,29506.75,94
2026-06-12T05:33:00.000Z,NQ,29505.75,29520.25,29500.25,29519.5,197
2026-06-12T05:34:00.000Z,NQ,29519.5,29520.0,29510.75,29516.25,81
2026-06-12T05:35:00.000Z,NQ,29514.25,29521.25,29510.25,29514.5,94
2026-06-12T05:36:00.000Z,NQ,29513.5,29519.25,29503.75,29507.75,80
2026-06-12T05:37:00.000Z,NQ,29507.0,29508.75,29487.25,29487.5,126
2026-06-12T05:38:00.000Z,NQ,29487.5,29493.5,29464.75,29469.0,286
2026-06-12T05:39:00.000Z,NQ,29469.75,29475.25,29456.75,29473.0,295
2026-06-12T05:40:00.000Z,NQ,29471.25,29493.0,29470.5,29489.75,155
2026-06-12T05:41:00.000Z,NQ,29487.0,29507.5,29486.0,29497.75,113
2026-06-12T05:42:00.000Z,NQ,29498.75,29510.25,29493.0,29502.75,86
2026-06-12T05:43:00.000Z,NQ,29505.0,29508.25,29484.0,29489.25,77
2026-06-12T05:44:00.000Z,NQ,29487.5,29489.25,29476.5,29480.5,72
2026-06-12T05:45:00.000Z,NQ,29481.5,29485.0,29470.25,29474.5,93
2026-06-12T05:46:00.000Z,NQ,29472.75,29472.75,29454.75,29454.75,142
2026-06-12T05:47:00.000Z,NQ,29455.25,29459.25,29447.0,29450.25,165
2026-06-12T05:48:00.000Z,NQ,29451.25,29454.25,29444.0,29447.75,132
2026-06-12T05:49:00.000Z,NQ,29448.0,29448.25,29424.5,29427.5,291
2026-06-12T05:50:00.000Z,NQ,29429.25,29431.0,29375.0,29375.75,566
2026-06-12T05:51:00.000Z,NQ,29377.5,29413.75,29375.0,29413.25,310
2026-06-12T05:52:00.000Z,NQ,29411.0,29425.75,29405.5,29408.0,310
2026-06-12T05:53:00.000Z,NQ,29407.75,29434.25,29405.5,29434.25,179
2026-06-12T05:54:00.000Z,NQ,29434.0,29439.5,29424.75,29428.5,159
2026-06-12T05:55:00.000Z,NQ,29430.75,29432.5,29411.0,29416.25,101
2026-06-12T05:56:00.000Z,NQ,29419.0,29421.0,29401.0,29417.0,105
2026-06-12T05:57:00.000Z,NQ,29418.75,29421.0,29414.0,29420.75,50
2026-06-12T05:58:00.000Z,NQ,29418.25,29418.25,29404.25,29409.25,43
2026-06-12T05:59:00.000Z,NQ,29409.75,29412.5,29388.5,29401.0,189
2026-06-12T06:00:00.000Z,NQ,29401.75,29418.0,29400.0,29408.5,104
2026-06-12T06:01:00.000Z,NQ,29407.5,29407.5,29390.25,29407.25,181
2026-06-12T06:02:00.000Z,NQ,29409.0,29427.0,29404.25,29424.25,229
2026-06-12T06:03:00.000Z,NQ,29425.5,29436.0,29422.5,29436.0,112
2026-06-12T06:04:00.000Z,NQ,29434.0,29458.75,29431.75,29440.0,230
2026-06-12T06:05:00.000Z,NQ,29441.75,29458.5,29440.25,29453.0,82
2026-06-12T06:06:00.000Z,NQ,29455.0,29459.0,29432.5,29438.5,178
2026-06-12T06:07:00.000Z,NQ,29437.5,29440.25,29427.0,29432.25,85
2026-06-12T06:08:00.000Z,NQ,29433.0,29444.5,29419.5,29444.5,306
2026-06-12T06:09:00.000Z,NQ,29442.75,29448.0,29431.5,29442.0,83
2026-06-12T06:10:00.000Z,NQ,29442.0,29443.5,29434.25,29439.25,97
2026-06-12T06:11:00.000Z,NQ,29441.5,29467.25,29440.0,29463.0,275
2026-06-12T06:12:00.000Z,NQ,29464.0,29467.25,29456.25,29463.75,78
2026-06-12T06:13:00.000Z,NQ,29463.5,29474.75,29458.5,29464.0,203
2026-06-12T06:14:00.000Z,NQ,29463.0,29464.5,29460.5,29460.5,44
2026-06-12T06:15:00.000Z,NQ,29460.0,29461.75,29448.5,29457.5,104
2026-06-12T06:16:00.000Z,NQ,29457.0,29457.0,29444.75,29450.0,86
2026-06-12T06:17:00.000Z,NQ,29449.75,29451.0,29441.0,29441.0,103
2026-06-12T06:18:00.000Z,NQ,29440.5,29445.75,29435.75,29439.75,70
2026-06-12T06:19:00.000Z,NQ,29441.25,29441.25,29432.0,29432.0,63
2026-06-12T06:20:00.000Z,NQ,29432.25,29440.0,29427.75,29433.75,61
2026-06-12T06:21:00.000Z,NQ,29431.5,29435.0,29425.0,29432.25,75
2026-06-12T06:22:00.000Z,NQ,29432.75,29433.75,29426.75,29428.0,31
2026-06-12T06:23:00.000Z,NQ,29426.0,29431.25,29416.5,29430.25,81
2026-06-12T06:24:00.000Z,NQ,29434.0,29441.25,29432.5,29436.0,60
2026-06-12T06:25:00.000Z,NQ,29434.0,29434.0,29421.0,29424.75,55
2026-06-12T06:26:00.000Z,NQ,29427.5,29441.25,29426.5,29441.25,65
2026-06-12T06:27:00.000Z,NQ,29440.0,29440.75,29433.75,29433.75,108
2026-06-12T06:28:00.000Z,NQ,29432.25,29439.0,29431.0,29433.25,54
2026-06-12T06:29:00.000Z,NQ,29432.25,29432.25,29420.25,29426.25,85
2026-06-12T06:30:00.000Z,NQ,29423.75,29424.5,29410.0,29413.5,122
2026-06-12T06:31:00.000Z,NQ,29413.0,29416.75,29407.75,29414.0,55
2026-06-12T06:32:00.000Z,NQ,29414.0,29421.0,29409.5,29417.0,126
2026-06-12T06:33:00.000Z,NQ,29415.75,29420.25,29404.0,29406.5,93
2026-06-12T06:34:00.000Z,NQ,29403.75,29409.5,29402.0,29407.0,47
2026-06-12T06:35:00.000Z,NQ,29407.25,29407.5,29398.0,29403.75,79
2026-06-12T06:36:00.000Z,NQ,29402.25,29407.5,29396.0,29405.0,75
2026-06-12T06:37:00.000Z,NQ,29406.5,29411.5,29397.0,29400.25,121
2026-06-12T06:38:00.000Z,NQ,29399.5,29402.25,29393.75,29394.75,71
2026-06-12T06:39:00.000Z,NQ,29395.0,29396.25,29389.25,29394.25,74
2026-06-12T06:40:00.000Z,NQ,29395.25,29397.0,29392.0,29393.0,57
2026-06-12T06:41:00.000Z,NQ,29391.0,29393.25,29365.25,29390.0,315
2026-06-12T06:42:00.000Z,NQ,29387.25,29388.25,29379.25,29384.25,63
2026-06-12T06:43:00.000Z,NQ,29386.0,29388.75,29376.75,29377.5,76
2026-06-12T06:44:00.000Z,NQ,29376.5,29385.75,29375.5,29385.25,89
2026-06-12T06:45:00.000Z,NQ,29384.25,29385.0,29377.0,29377.5,40
2026-06-12T06:46:00.000Z,NQ,29377.25,29390.25,29377.0,29387.75,158
2026-06-12T06:47:00.000Z,NQ,29386.0,29393.75,29383.0,29389.0,46
2026-06-12T06:48:00.000Z,NQ,29392.5,29392.75,29378.0,29379.75,70
2026-06-12T06:49:00.000Z,NQ,29378.0,29379.0,29368.5,29378.0,99
2026-06-12T06:50:00.000Z,NQ,29377.75,29384.75,29374.75,29375.75,58
2026-06-12T06:51:00.000Z,NQ,29375.0,29382.75,29375.0,29377.0,41
2026-06-12T06:52:00.000Z,NQ,29375.0,29375.0,29344.0,29353.25,347
2026-06-12T06:53:00.000Z,NQ,29353.25,29355.0,29340.25,29344.25,188
2026-06-12T06:54:00.000Z,NQ,29344.25,29351.25,29340.0,29341.0,98
2026-06-12T06:55:00.000Z,NQ,29340.25,29343.5,29335.0,29335.0,85
2026-06-12T06:56:00.000Z,NQ,29338.0,29354.5,29336.75,29354.0,127
2026-06-12T06:57:00.000Z,NQ,29352.0,29364.75,29352.0,29354.75,134
2026-06-12T06:58:00.000Z,NQ,29356.0,29361.5,29356.0,29360.25,42
2026-06-12T06:59:00.000Z,NQ,29362.25,29362.25,29352.75,29361.0,62
2026-06-12T07:00:00.000Z,NQ,29361.75,29370.0,29345.5,29345.5,148
2026-06-12T07:01:00.000Z,NQ,29346.25,29357.0,29343.5,29350.0,101
2026-06-12T07:02:00.000Z,NQ,29348.5,29351.75,29338.75,29338.75,53
2026-06-12T07:03:00.000Z,NQ,29340.0,29342.0,29320.5,29323.5,148
2026-06-12T07:04:00.000Z,NQ,29324.25,29325.5,29311.0,29315.0,167
2026-06-12T07:05:00.000Z,NQ,29313.5,29323.75,29307.75,29313.75,192
2026-06-12T07:06:00.000Z,NQ,29315.75,29315.75,29302.0,29307.5,212
2026-06-12T07:07:00.000Z,NQ,29307.25,29314.5,29305.0,29306.75,106
2026-06-12T07:08:00.000Z,NQ,29307.0,29313.5,29301.0,29311.0,215
2026-06-12T07:09:00.000Z,NQ,29311.5,29326.25,29310.0,29320.5,129
2026-06-12T07:10:00.000Z,NQ,29320.25,29327.25,29308.5,29315.25,111
2026-06-12T07:11:00.000Z,NQ,29318.5,29327.5,29314.5,29317.5,80
2026-06-12T07:12:00.000Z,NQ,29317.25,29325.0,29315.0,29315.25,79
2026-06-12T07:13:00.000Z,NQ,29318.0,29318.0,29277.0,29286.5,370
2026-06-12T07:14:00.000Z,NQ,29286.25,29289.25,29270.5,29272.0,177
2026-06-12T07:15:00.000Z,NQ,29275.0,29278.75,29270.75,29278.0,86
2026-06-12T07:16:00.000Z,NQ,29277.75,29288.0,29275.25,29282.25,165
2026-06-12T07:17:00.000Z,NQ,29283.25,29291.25,29260.0,29268.5,205
2026-06-12T07:18:00.000Z,NQ,29270.5,29282.25,29269.0,29275.75,70
2026-06-12T07:19:00.000Z,NQ,29273.0,29290.0,29271.75,29288.5,91
2026-06-12T07:20:00.000Z,NQ,29288.25,29294.0,29284.5,29292.25,89
2026-06-12T07:21:00.000Z,NQ,29294.5,29320.0,29291.5,29311.75,275
2026-06-12T07:22:00.000Z,NQ,29309.25,29311.0,29290.75,29297.25,139
2026-06-12T07:23:00.000Z,NQ,29297.5,29317.75,29297.5,29317.75,101
2026-06-12T07:24:00.000Z,NQ,29315.75,29322.0,29313.0,29318.75,60
2026-06-12T07:25:00.000Z,NQ,29316.5,29316.5,29302.0,29308.0,78
2026-06-12T07:26:00.000Z,NQ,29307.25,29317.0,29305.0,29317.0,57
2026-06-12T07:27:00.000Z,NQ,29316.0,29316.0,29299.0,29301.75,69
2026-06-12T07:28:00.000Z,NQ,29302.0,29306.5,29283.75,29296.5,184
2026-06-12T07:29:00.000Z,NQ,29296.75,29305.0,29294.5,29298.25,78
2026-06-12T07:30:00.000Z,NQ,29291.75,29296.5,29286.0,29286.0,93
2026-06-12T07:31:00.000Z,NQ,29286.25,29304.25,29285.25,29301.25,101
2026-06-12T07:32:00.000Z,NQ,29297.0,29301.5,29289.75,29298.75,42
2026-06-12T07:33:00.000Z,NQ,29292.5,29306.5,29292.5,29305.0,40
2026-06-12T07:34:00.000Z,NQ,29306.25,29315.0,29305.0,29311.0,125
2026-06-12T07:35:00.000Z,NQ,29311.25,29341.0,29311.25,29338.0,229
2026-06-12T07:36:00.000Z,NQ,29337.75,29345.0,29329.75,29343.0,158
2026-06-12T07:37:00.000Z,NQ,29344.5,29345.0,29319.5,29322.0,203
2026-06-12T07:38:00.000Z,NQ,29322.5,29334.75,29321.25,29323.75,120
2026-06-12T07:39:00.000Z,NQ,29327.0,29360.0,29325.0,29348.75,224
2026-06-12T07:40:00.000Z,NQ,29350.0,29356.75,29341.75,29348.5,104
2026-06-12T07:41:00.000Z,NQ,29348.75,29366.5,29347.75,29362.75,123
2026-06-12T07:42:00.000Z,NQ,29363.75,29365.25,29356.0,29358.25,80
2026-06-12T07:43:00.000Z,NQ,29356.75,29379.25,29356.75,29371.5,183
2026-06-12T07:44:00.000Z,NQ,29370.5,29385.75,29370.0,29379.0,144
2026-06-12T07:45:00.000Z,NQ,29379.25,29384.75,29375.0,29384.0,53
2026-06-12T07:46:00.000Z,NQ,29385.0,29386.5,29375.75,29381.25,91
2026-06-12T07:47:00.000Z,NQ,29379.5,29383.5,29363.75,29371.75,166
2026-06-12T07:48:00.000Z,NQ,29370.25,29386.0,29362.75,29384.5,116
2026-06-12T07:49:00.000Z,NQ,29384.25,29393.0,29375.0,29375.5,107
2026-06-12T07:50:00.000Z,NQ,29380.25,29388.5,29378.25,29385.75,49
2026-06-12T07:51:00.000Z,NQ,29388.5,29392.0,29386.5,29389.25,49
2026-06-12T07:52:00.000Z,NQ,29387.75,29394.0,29380.0,29392.75,107
2026-06-12T07:53:00.000Z,NQ,29394.0,29394.25,29386.75,29386.75,39
2026-06-12T07:54:00.000Z,NQ,29386.5,29386.5,29376.75,29381.75,58
2026-06-12T07:55:00.000Z,NQ,29392.25,29396.5,29388.0,29390.75,78
2026-06-12T07:56:00.000Z,NQ,29395.5,29458.5,29388.0,29425.75,548
2026-06-12T07:57:00.000Z,NQ,29421.0,29443.75,29410.0,29416.25,392
2026-06-12T07:58:00.000Z,NQ,29416.25,29430.75,29413.0,29426.0,139
2026-06-12T07:59:00.000Z,NQ,29427.0,29438.0,29420.5,29430.5,270
2026-06-12T08:00:00.000Z,NQ,29434.5,29439.5,29416.25,29416.25,386
2026-06-12T08:01:00.000Z,NQ,29418.0,29447.0,29417.5,29441.0,136
2026-06-12T08:02:00.000Z,NQ,29443.75,29465.0,29438.75,29460.75,227
2026-06-12T08:03:00.000Z,NQ,29462.5,29467.75,29452.5,29466.0,174
2026-06-12T08:04:00.000Z,NQ,29465.75,29479.5,29453.0,29456.0,257
2026-06-12T08:05:00.000Z,NQ,29457.75,29479.5,29442.5,29478.5,222
2026-06-12T08:06:00.000Z,NQ,29477.0,29489.0,29465.25,29475.5,253
2026-06-12T08:07:00.000Z,NQ,29475.75,29481.25,29465.0,29481.25,153
2026-06-12T08:08:00.000Z,NQ,29481.5,29481.5,29456.75,29462.5,123
2026-06-12T08:09:00.000Z,NQ,29459.25,29469.0,29453.75,29462.0,80
2026-06-12T08:10:00.000Z,NQ,29462.75,29479.5,29462.75,29478.25,76
2026-06-12T08:11:00.000Z,NQ,29478.0,29482.0,29462.0,29473.5,130
2026-06-12T08:12:00.000Z,NQ,29474.5,29479.5,29461.0,29464.5,73
2026-06-12T08:13:00.000Z,NQ,29465.75,29481.75,29459.5,29467.25,140
2026-06-12T08:14:00.000Z,NQ,29464.5,29468.25,29460.5,29465.0,89
2026-06-12T08:15:00.000Z,NQ,29466.5,29476.5,29443.0,29454.5,111
2026-06-12T08:16:00.000Z,NQ,29456.25,29512.0,29456.0,29492.25,334
2026-06-12T08:17:00.000Z,NQ,29491.5,29520.75,29487.75,29513.75,201
2026-06-12T08:18:00.000Z,NQ,29513.75,29538.5,29502.0,29535.25,223
2026-06-12T08:19:00.000Z,NQ,29537.0,29550.0,29530.0,29536.5,384
2026-06-12T08:20:00.000Z,NQ,29539.75,29543.0,29512.25,29513.0,169
2026-06-12T08:21:00.000Z,NQ,29516.5,29549.25,29516.5,29544.0,152
2026-06-12T08:22:00.000Z,NQ,29543.5,29575.0,29542.75,29557.5,505
2026-06-12T08:23:00.000Z,NQ,29557.75,29557.75,29525.0,29531.75,195
2026-06-12T08:24:00.000Z,NQ,29535.0,29546.75,29533.5,29542.25,84
2026-06-12T08:25:00.000Z,NQ,29538.75,29541.25,29526.5,29526.75,155
2026-06-12T08:26:00.000Z,NQ,29530.75,29532.0,29520.0,29528.75,100
2026-06-12T08:27:00.000Z,NQ,29526.25,29542.75,29525.0,29535.25,97
2026-06-12T08:28:00.000Z,NQ,29537.75,29539.75,29526.75,29531.75,85
2026-06-12T08:29:00.000Z,NQ,29534.75,29534.75,29522.25,29530.25,93
2026-06-12T08:30:00.000Z,NQ,29531.25,29536.75,29526.25,29529.5,69
2026-06-12T08:31:00.000Z,NQ,29531.25,29534.75,29516.25,29518.75,122
2026-06-12T08:32:00.000Z,NQ,29518.25,29528.25,29517.75,29527.5,99
2026-06-12T08:33:00.000Z,NQ,29526.25,29535.75,29519.75,29534.25,108
2026-06-12T08:34:00.000Z,NQ,29534.25,29534.25,29502.25,29502.25,183
2026-06-12T08:35:00.000Z,NQ,29501.25,29502.25,29470.0,29481.0,391
2026-06-12T08:36:00.000Z,NQ,29483.25,29492.25,29482.0,29492.25,145
2026-06-12T08:37:00.000Z,NQ,29490.75,29499.25,29478.75,29498.25,189
2026-06-12T08:38:00.000Z,NQ,29498.25,29498.75,29483.25,29497.5,119
2026-06-12T08:39:00.000Z,NQ,29497.75,29499.25,29480.75,29480.75,146
2026-06-12T08:40:00.000Z,NQ,29480.5,29483.25,29447.75,29463.0,238
2026-06-12T08:41:00.000Z,NQ,29466.5,29474.75,29462.25,29466.25,150
2026-06-12T08:42:00.000Z,NQ,29464.0,29465.0,29453.0,29462.0,151
2026-06-12T08:43:00.000Z,NQ,29459.0,29472.0,29459.0,29467.25,68
2026-06-12T08:44:00.000Z,NQ,29468.5,29470.25,29463.0,29467.0,78
2026-06-12T08:45:00.000Z,NQ,29468.25,29471.75,29454.75,29454.75,67
2026-06-12T08:46:00.000Z,NQ,29455.75,29465.0,29447.75,29465.0,168
2026-06-12T08:47:00.000Z,NQ,29467.75,29491.0,29466.25,29478.0,265
2026-06-12T08:48:00.000Z,NQ,29476.25,29488.5,29472.5,29484.0,68
2026-06-12T08:49:00.000Z,NQ,29483.5,29499.25,29483.5,29494.5,99
2026-06-12T08:50:00.000Z,NQ,29493.75,29493.75,29478.0,29484.0,97
2026-06-12T08:51:00.000Z,NQ,29482.5,29497.25,29482.0,29497.25,74
2026-06-12T08:52:00.000Z,NQ,29497.25,29502.5,29492.25,29501.0,78
2026-06-12T08:53:00.000Z,NQ,29502.5,29506.5,29496.25,29505.75,117
2026-06-12T08:54:00.000Z,NQ,29508.75,29516.75,29501.75,29506.5,113
2026-06-12T08:55:00.000Z,NQ,29508.75,29508.75,29492.5,29496.75,41
2026-06-12T08:56:00.000Z,NQ,29497.25,29505.25,29497.25,29499.0,43
2026-06-12T08:57:00.000Z,NQ,29500.75,29501.75,29489.0,29492.5,33
2026-06-12T08:58:00.000Z,NQ,29492.5,29498.0,29490.0,29490.0,29
2026-06-12T08:59:00.000Z,NQ,29491.75,29491.75,29477.75,29478.25,62
2026-06-12T09:00:00.000Z,NQ,29481.25,29493.5,29477.25,29491.0,77
2026-06-12T09:01:00.000Z,NQ,29491.75,29505.25,29491.25,29504.75,57
2026-06-12T09:02:00.000Z,NQ,29505.5,29516.25,29503.25,29515.0,88
2026-06-12T09:03:00.000Z,NQ,29514.0,29519.0,29504.25,29509.25,93
2026-06-12T09:04:00.000Z,NQ,29510.0,29519.0,29501.25,29512.75,183
2026-06-12T09:05:00.000Z,NQ,29514.0,29517.0,29501.25,29515.75,107
2026-06-12T09:06:00.000Z,NQ,29512.0,29515.0,29507.75,29515.0,54
2026-06-12T09:07:00.000Z,NQ,29516.5,29517.25,29504.75,29508.5,63
2026-06-12T09:08:00.000Z,NQ,29507.5,29509.25,29499.0,29502.5,84
2026-06-12T09:09:00.000Z,NQ,29507.0,29516.0,29507.0,29515.25,60
2026-06-12T09:10:00.000Z,NQ,29513.0,29514.5,29505.5,29507.25,29
2026-06-12T09:11:00.000Z,NQ,29510.5,29523.25,29510.25,29516.0,82
2026-06-12T09:12:00.000Z,NQ,29517.75,29522.0,29512.0,29520.75,48
2026-06-12T09:13:00.000Z,NQ,29517.5,29532.0,29517.5,29529.0,44
2026-06-12T09:14:00.000Z,NQ,29532.25,29548.5,29529.0,29548.5,129
2026-06-12T09:15:00.000Z,NQ,29547.5,29564.25,29541.5,29550.75,172
2026-06-12T09:16:00.000Z,NQ,29550.0,29569.25,29537.25,29563.0,204
2026-06-12T09:17:00.000Z,NQ,29562.75,29566.0,29550.0,29563.75,160
2026-06-12T09:18:00.000Z,NQ,29563.75,29573.5,29557.0,29568.0,98
2026-06-12T09:19:00.000Z,NQ,29571.25,29589.0,29567.0,29573.25,204
2026-06-12T09:20:00.000Z,NQ,29574.0,29592.0,29573.5,29577.75,127
2026-06-12T09:21:00.000Z,NQ,29574.75,29586.25,29570.0,29586.25,295
2026-06-12T09:22:00.000Z,NQ,29585.0,29586.5,29564.0,29566.25,168
2026-06-12T09:23:00.000Z,NQ,29565.25,29571.5,29558.0,29569.25,116
2026-06-12T09:24:00.000Z,NQ,29568.75,29576.5,29567.5,29571.0,60
2026-06-12T09:25:00.000Z,NQ,29576.75,29577.75,29565.75,29570.5,60
2026-06-12T09:26:00.000Z,NQ,29575.0,29594.5,29574.25,29594.5,103
2026-06-12T09:27:00.000Z,NQ,29593.25,29600.0,29592.75,29599.5,150
2026-06-12T09:28:00.000Z,NQ,29598.0,29605.5,29596.25,29598.75,100
2026-06-12T09:29:00.000Z,NQ,29596.5,29619.5,29595.5,29611.5,194
2026-06-12T09:30:00.000Z,NQ,29611.75,29617.25,29607.75,29616.0,145
2026-06-12T09:31:00.000Z,NQ,29614.25,29614.25,29591.5,29600.5,182
2026-06-12T09:32:00.000Z,NQ,29599.5,29624.25,29588.5,29620.0,362
2026-06-12T09:33:00.000Z,NQ,29616.5,29631.25,29615.75,29628.0,156
2026-06-12T09:34:00.000Z,NQ,29628.0,29648.25,29628.0,29648.25,253
2026-06-12T09:35:00.000Z,NQ,29648.25,29658.0,29633.75,29635.5,222
2026-06-12T09:36:00.000Z,NQ,29635.25,29675.0,29634.5,29641.25,352
2026-06-12T09:37:00.000Z,NQ,29640.0,29653.5,29635.75,29649.75,104
2026-06-12T09:38:00.000Z,NQ,29648.5,29651.25,29638.5,29639.25,60
2026-06-12T09:39:00.000Z,NQ,29642.0,29646.5,29630.0,29635.0,81
2026-06-12T09:40:00.000Z,NQ,29631.25,29633.25,29619.75,29621.5,178
2026-06-12T09:41:00.000Z,NQ,29620.0,29622.25,29614.0,29619.5,79
2026-06-12T09:42:00.000Z,NQ,29619.75,29638.75,29618.5,29633.75,193
2026-06-12T09:43:00.000Z,NQ,29633.75,29633.75,29627.0,29629.25,174
2026-06-12T09:44:00.000Z,NQ,29627.0,29647.5,29627.0,29639.75,105
2026-06-12T09:45:00.000Z,NQ,29640.0,29641.5,29630.0,29639.5,119
2026-06-12T09:46:00.000Z,NQ,29637.75,29645.0,29629.0,29632.0,162
2026-06-12T09:47:00.000Z,NQ,29634.5,29645.5,29631.75,29639.75,107
2026-06-12T09:48:00.000Z,NQ,29642.25,29645.25,29618.75,29620.0,145
2026-06-12T09:49:00.000Z,NQ,29621.0,29629.25,29618.5,29623.0,49
2026-06-12T09:50:00.000Z,NQ,29623.75,29627.25,29620.75,29625.25,49
2026-06-12T09:51:00.000Z,NQ,29623.25,29629.0,29610.0,29615.0,89
2026-06-12T09:52:00.000Z,NQ,29612.75,29622.5,29612.75,29617.5,129
2026-06-12T09:53:00.000Z,NQ,29618.5,29622.75,29617.5,29621.5,194
2026-06-12T09:54:00.000Z,NQ,29621.75,29632.75,29621.75,29632.5,115
2026-06-12T09:55:00.000Z,NQ,29634.0,29652.0,29633.25,29650.25,235
2026-06-12T09:56:00.000Z,NQ,29651.25,29660.25,29645.25,29645.75,221
2026-06-12T09:57:00.000Z,NQ,29645.0,29646.25,29625.75,29632.5,133
2026-06-12T09:58:00.000Z,NQ,29632.0,29647.75,29630.75,29645.75,88
2026-06-12T09:59:00.000Z,NQ,29645.0,29645.25,29618.25,29623.25,118
2026-06-12T10:00:00.000Z,NQ,29623.5,29628.75,29615.5,29625.0,128
2026-06-12T10:01:00.000Z,NQ,29625.75,29642.25,29625.75,29639.25,116
2026-06-12T10:02:00.000Z,NQ,29639.25,29644.25,29636.75,29637.75,103
2026-06-12T10:03:00.000Z,NQ,29639.25,29644.25,29636.5,29644.25,49
2026-06-12T10:04:00.000Z,NQ,29642.5,29648.5,29639.5,29642.75,64
2026-06-12T10:05:00.000Z,NQ,29639.25,29647.25,29629.75,29641.0,144
2026-06-12T10:06:00.000Z,NQ,29639.25,29648.5,29639.25,29648.5,66
2026-06-12T10:07:00.000Z,NQ,29643.5,29657.5,29635.25,29635.25,96
2026-06-12T10:08:00.000Z,NQ,29637.5,29651.5,29637.5,29646.25,52
2026-06-12T10:09:00.000Z,NQ,29646.25,29656.75,29644.5,29652.25,214
2026-06-12T10:10:00.000Z,NQ,29652.0,29657.0,29638.75,29645.25,77
2026-06-12T10:11:00.000Z,NQ,29644.25,29644.25,29624.0,29624.0,184
2026-06-12T10:12:00.000Z,NQ,29624.75,29627.0,29614.5,29623.5,232
2026-06-12T10:13:00.000Z,NQ,29625.0,29626.25,29610.5,29620.5,98
2026-06-12T10:14:00.000Z,NQ,29620.5,29624.75,29602.75,29623.25,137
2026-06-12T10:15:00.000Z,NQ,29626.0,29628.0,29607.0,29612.75,125
2026-06-12T10:16:00.000Z,NQ,29615.25,29618.0,29611.75,29613.5,48
2026-06-12T10:17:00.000Z,NQ,29613.75,29614.25,29594.25,29594.5,181
2026-06-12T10:18:00.000Z,NQ,29596.5,29599.25,29582.25,29592.5,267
2026-06-12T10:19:00.000Z,NQ,29591.75,29606.5,29591.75,29604.25,183
2026-06-12T10:20:00.000Z,NQ,29603.5,29603.5,29587.5,29588.75,175
2026-06-12T10:21:00.000Z,NQ,29587.0,29592.75,29565.0,29572.5,229
2026-06-12T10:22:00.000Z,NQ,29571.25,29581.75,29567.0,29571.0,108
2026-06-12T10:23:00.000Z,NQ,29571.0,29579.0,29569.75,29578.25,97
2026-06-12T10:24:00.000Z,NQ,29578.0,29588.0,29572.5,29588.0,85
2026-06-12T10:25:00.000Z,NQ,29588.0,29591.0,29550.25,29560.25,454
2026-06-12T10:26:00.000Z,NQ,29556.75,29560.0,29538.25,29546.5,366
2026-06-12T10:27:00.000Z,NQ,29543.5,29550.75,29539.75,29546.0,248
2026-06-12T10:28:00.000Z,NQ,29545.75,29549.25,29520.0,29523.0,236
2026-06-12T10:29:00.000Z,NQ,29521.25,29542.0,29517.75,29530.25,169
2026-06-12T10:30:00.000Z,NQ,29531.0,29548.5,29528.5,29535.0,138
2026-06-12T10:31:00.000Z,NQ,29533.25,29549.25,29528.25,29543.0,204
2026-06-12T10:32:00.000Z,NQ,29542.25,29570.0,29538.5,29569.5,482
2026-06-12T10:33:00.000Z,NQ,29568.75,29570.0,29544.0,29547.0,150
2026-06-12T10:34:00.000Z,NQ,29548.25,29552.5,29542.5,29542.5,63
2026-06-12T10:35:00.000Z,NQ,29543.0,29553.75,29542.5,29552.75,41
2026-06-12T10:36:00.000Z,NQ,29552.0,29557.0,29548.25,29554.75,61
2026-06-12T10:37:00.000Z,NQ,29550.5,29568.75,29550.0,29568.75,69
2026-06-12T10:38:00.000Z,NQ,29565.75,29568.0,29555.0,29556.0,42
2026-06-12T10:39:00.000Z,NQ,29556.25,29556.25,29541.75,29544.5,80
2026-06-12T10:40:00.000Z,NQ,29543.5,29559.5,29543.5,29557.5,47
2026-06-12T10:41:00.000Z,NQ,29556.25,29568.0,29555.0,29564.75,60
2026-06-12T10:42:00.000Z,NQ,29562.25,29564.75,29558.25,29559.75,30
2026-06-12T10:43:00.000Z,NQ,29564.0,29570.5,29563.75,29566.25,85
2026-06-12T10:44:00.000Z,NQ,29564.25,29564.25,29555.75,29561.5,59
2026-06-12T10:45:00.000Z,NQ,29561.5,29566.75,29553.25,29566.75,93
2026-06-12T10:46:00.000Z,NQ,29569.0,29571.5,29567.0,29567.75,81
2026-06-12T10:47:00.000Z,NQ,29562.0,29563.75,29550.25,29552.25,135
2026-06-12T10:48:00.000Z,NQ,29556.75,29565.0,29556.75,29562.75,34
2026-06-12T10:49:00.000Z,NQ,29562.0,29564.0,29559.75,29559.75,48
2026-06-12T10:50:00.000Z,NQ,29556.25,29556.75,29552.0,29554.5,26
2026-06-12T10:51:00.000Z,NQ,29554.75,29554.75,29544.0,29545.5,45
2026-06-12T10:52:00.000Z,NQ,29546.0,29551.5,29541.75,29545.5,56
2026-06-12T10:53:00.000Z,NQ,29545.0,29554.0,29541.0,29547.0,46
2026-06-12T10:54:00.000Z,NQ,29550.0,29550.5,29544.5,29547.5,31
2026-06-12T10:55:00.000Z,NQ,29547.75,29555.25,29545.0,29554.0,44
2026-06-12T10:56:00.000Z,NQ,29551.25,29551.25,29543.75,29546.5,14
2026-06-12T10:57:00.000Z,NQ,29542.5,29542.5,29531.0,29538.25,71
2026-06-12T10:58:00.000Z,NQ,29539.0,29560.75,29538.5,29545.75,76
2026-06-12T10:59:00.000Z,NQ,29545.0,29551.5,29544.0,29551.0,36
2026-06-12T11:00:00.000Z,NQ,29553.0,29577.75,29552.25,29565.25,169
2026-06-12T11:01:00.000Z,NQ,29569.0,29574.75,29565.5,29572.75,71
2026-06-12T11:02:00.000Z,NQ,29573.5,29576.75,29566.75,29576.25,79
2026-06-12T11:03:00.000Z,NQ,29575.5,29590.0,29575.25,29583.5,140
2026-06-12T11:04:00.000Z,NQ,29583.5,29589.25,29583.5,29588.5,59
2026-06-12T11:05:00.000Z,NQ,29586.25,29587.5,29570.0,29576.0,88
2026-06-12T11:06:00.000Z,NQ,29574.0,29577.0,29549.0,29552.5,138
2026-06-12T11:07:00.000Z,NQ,29558.25,29565.0,29556.0,29565.0,34
2026-06-12T11:08:00.000Z,NQ,29566.0,29566.5,29556.5,29561.0,101
2026-06-12T11:09:00.000Z,NQ,29558.5,29569.0,29556.0,29557.75,47
2026-06-12T11:10:00.000Z,NQ,29560.0,29572.5,29560.0,29571.5,48
2026-06-12T11:11:00.000Z,NQ,29569.25,29585.0,29569.25,29580.75,78
2026-06-12T11:12:00.000Z,NQ,29583.0,29591.5,29577.5,29591.25,75
2026-06-12T11:13:00.000Z,NQ,29589.5,29597.75,29578.75,29595.75,97
2026-06-12T11:14:00.000Z,NQ,29593.25,29595.75,29588.25,29591.25,68
2026-06-12T11:15:00.000Z,NQ,29589.5,29597.75,29589.5,29594.75,52
2026-06-12T11:16:00.000Z,NQ,29593.5,29607.0,29590.75,29607.0,136
2026-06-12T11:17:00.000Z,NQ,29606.0,29607.0,29598.75,29600.75,96
2026-06-12T11:18:00.000Z,NQ,29600.0,29608.75,29588.0,29594.0,102
2026-06-12T11:19:00.000Z,NQ,29594.5,29607.25,29594.5,29606.0,49
2026-06-12T11:20:00.000Z,NQ,29605.75,29623.0,29604.75,29618.0,114
2026-06-12T11:21:00.000Z,NQ,29617.0,29626.75,29614.75,29626.5,108
2026-06-12T11:22:00.000Z,NQ,29621.25,29627.75,29620.25,29627.0,105
2026-06-12T11:23:00.000Z,NQ,29625.75,29639.25,29625.75,29638.5,179
2026-06-12T11:24:00.000Z,NQ,29637.25,29643.0,29631.25,29642.0,155
2026-06-12T11:25:00.000Z,NQ,29639.75,29646.25,29637.5,29644.0,120
2026-06-12T11:26:00.000Z,NQ,29643.5,29643.5,29635.0,29636.0,54
2026-06-12T11:27:00.000Z,NQ,29635.25,29640.0,29628.5,29630.5,120
2026-06-12T11:28:00.000Z,NQ,29632.0,29638.0,29631.0,29637.0,51
2026-06-12T11:29:00.000Z,NQ,29638.0,29639.25,29631.0,29631.25,45
2026-06-12T11:30:00.000Z,NQ,29631.25,29641.75,29627.0,29635.5,122
2026-06-12T11:31:00.000Z,NQ,29637.75,29642.25,29618.0,29621.75,118
2026-06-12T11:32:00.000Z,NQ,29622.25,29622.25,29601.0,29606.0,144
2026-06-12T11:33:00.000Z,NQ,29606.25,29621.75,29605.75,29618.0,92
2026-06-12T11:34:00.000Z,NQ,29620.25,29624.0,29609.0,29609.0,70
2026-06-12T11:35:00.000Z,NQ,29609.0,29621.0,29604.75,29620.0,169
2026-06-12T11:36:00.000Z,NQ,29622.0,29622.75,29611.75,29611.75,97
2026-06-12T11:37:00.000Z,NQ,29611.0,29613.25,29605.0,29605.5,44
2026-06-12T11:38:00.000Z,NQ,29607.5,29614.5,29601.5,29602.25,60
2026-06-12T11:39:00.000Z,NQ,29608.0,29611.5,29598.25,29598.5,59
2026-06-12T11:40:00.000Z,NQ,29598.25,29612.0,29596.25,29609.5,66
2026-06-12T11:41:00.000Z,NQ,29612.5,29628.25,29605.0,29628.25,126
2026-06-12T11:42:00.000Z,NQ,29627.5,29645.75,29623.25,29639.0,150
2026-06-12T11:43:00.000Z,NQ,29638.5,29642.5,29637.5,29641.25,52
2026-06-12T11:44:00.000Z,NQ,29642.0,29645.75,29638.5,29644.0,63
2026-06-12T11:45:00.000Z,NQ,29643.25,29651.75,29636.0,29640.0,139
2026-06-12T11:46:00.000Z,NQ,29639.5,29642.5,29632.25,29635.75,68
2026-06-12T11:47:00.000Z,NQ,29635.5,29637.25,29621.0,29627.25,67
2026-06-12T11:48:00.000Z,NQ,29628.25,29635.75,29625.0,29634.0,57
2026-06-12T11:49:00.000Z,NQ,29632.5,29635.0,29615.75,29617.75,68
2026-06-12T11:50:00.000Z,NQ,29615.5,29634.0,29615.0,29634.0,69
2026-06-12T11:51:00.000Z,NQ,29636.5,29645.0,29635.25,29635.25,155
2026-06-12T11:52:00.000Z,NQ,29638.0,29643.25,29636.5,29642.0,63
2026-06-12T11:53:00.000Z,NQ,29638.0,29659.25,29637.75,29657.25,159
2026-06-12T11:54:00.000Z,NQ,29657.75,29659.75,29654.5,29658.25,74
2026-06-12T11:55:00.000Z,NQ,29657.75,29660.0,29646.75,29651.5,129
2026-06-12T11:56:00.000Z,NQ,29651.25,29652.75,29642.5,29651.25,89
2026-06-12T11:57:00.000Z,NQ,29652.25,29655.0,29638.75,29638.75,101
2026-06-12T11:58:00.000Z,NQ,29638.0,29641.75,29633.25,29636.25,89
2026-06-12T11:59:00.000Z,NQ,29636.25,29640.25,29633.5,29638.25,36
2026-06-12T12:00:00.000Z,NQ,29637.0,29646.0,29621.25,29628.0,217
2026-06-12T12:01:00.000Z,NQ,29625.75,29630.25,29613.75,29616.25,121
2026-06-12T12:02:00.000Z,NQ,29616.0,29626.75,29613.0,29620.0,84
2026-06-12T12:03:00.000Z,NQ,29622.25,29629.0,29607.25,29607.5,155
2026-06-12T12:04:00.000Z,NQ,29606.75,29610.0,29585.25,29594.0,305
2026-06-12T12:05:00.000Z,NQ,29594.0,29612.25,29592.0,29604.5,231
2026-06-12T12:06:00.000Z,NQ,29603.5,29605.0,29578.5,29588.5,314
2026-06-12T12:07:00.000Z,NQ,29590.0,29597.0,29583.75,29592.0,72
2026-06-12T12:08:00.000Z,NQ,29594.0,29611.25,29593.5,29604.5,88
2026-06-12T12:09:00.000Z,NQ,29605.5,29612.25,29603.5,29609.5,56
2026-06-12T12:10:00.000Z,NQ,29607.5,29612.75,29604.25,29608.75,89
2026-06-12T12:11:00.000Z,NQ,29610.25,29610.25,29595.75,29600.0,72
2026-06-12T12:12:00.000Z,NQ,29597.5,29603.0,29594.25,29599.75,95
2026-06-12T12:13:00.000Z,NQ,29597.75,29599.25,29588.5,29592.75,96
2026-06-12T12:14:00.000Z,NQ,29594.5,29603.5,29584.25,29592.25,122
2026-06-12T12:15:00.000Z,NQ,29590.75,29594.0,29570.0,29579.5,297
2026-06-12T12:16:00.000Z,NQ,29579.75,29583.0,29572.25,29579.5,142
2026-06-12T12:17:00.000Z,NQ,29579.0,29585.0,29573.75,29579.5,91
2026-06-12T12:18:00.000Z,NQ,29579.5,29595.75,29574.5,29590.0,157
2026-06-12T12:19:00.000Z,NQ,29590.5,29601.5,29585.5,29585.5,163
2026-06-12T12:20:00.000Z,NQ,29585.5,29588.5,29566.5,29567.75,214
2026-06-12T12:21:00.000Z,NQ,29568.75,29572.75,29564.0,29568.5,114
2026-06-12T12:22:00.000Z,NQ,29570.25,29579.5,29565.0,29566.0,207
2026-06-12T12:23:00.000Z,NQ,29569.25,29570.0,29559.0,29561.0,67
2026-06-12T12:24:00.000Z,NQ,29559.5,29563.25,29545.75,29547.75,252
2026-06-12T12:25:00.000Z,NQ,29546.75,29551.0,29539.0,29544.75,344
2026-06-12T12:26:00.000Z,NQ,29544.0,29546.0,29535.25,29536.5,163
2026-06-12T12:27:00.000Z,NQ,29535.75,29539.5,29528.25,29536.25,171
2026-06-12T12:28:00.000Z,NQ,29534.75,29548.5,29531.75,29543.5,172
2026-06-12T12:29:00.000Z,NQ,29544.5,29546.0,29531.25,29533.0,189
2026-06-12T12:30:00.000Z,NQ,29532.0,29544.0,29530.5,29541.0,199
2026-06-12T12:31:00.000Z,NQ,29543.5,29547.25,29528.5,29532.75,295
2026-06-12T12:32:00.000Z,NQ,29534.25,29537.75,29530.75,29533.25,185
2026-06-12T12:33:00.000Z,NQ,29532.5,29532.5,29515.5,29525.25,345
2026-06-12T12:34:00.000Z,NQ,29526.0,29534.25,29514.25,29532.5,241
2026-06-12T12:35:00.000Z,NQ,29532.5,29544.75,29526.5,29531.5,228
2026-06-12T12:36:00.000Z,NQ,29531.5,29533.5,29513.75,29517.0,258
2026-06-12T12:37:00.000Z,NQ,29516.0,29525.0,29508.75,29512.5,266
2026-06-12T12:38:00.000Z,NQ,29513.5,29513.5,29497.0,29497.5,329
2026-06-12T12:39:00.000Z,NQ,29496.75,29498.5,29475.25,29480.5,531
2026-06-12T12:40:00.000Z,NQ,29480.75,29487.0,29461.75,29485.0,481
2026-06-12T12:41:00.000Z,NQ,29485.5,29500.5,29480.5,29500.5,183
2026-06-12T12:42:00.000Z,NQ,29498.5,29499.0,29484.0,29492.5,451
2026-06-12T12:43:00.000Z,NQ,29491.0,29507.5,29483.25,29504.75,224
2026-06-12T12:44:00.000Z,NQ,29505.0,29513.75,29463.5,29474.0,466
2026-06-12T12:45:00.000Z,NQ,29475.5,29480.25,29460.0,29467.75,227
2026-06-12T12:46:00.000Z,NQ,29468.75,29489.5,29468.75,29479.75,201
2026-06-12T12:47:00.000Z,NQ,29479.0,29484.75,29458.75,29466.0,311
2026-06-12T12:48:00.000Z,NQ,29463.75,29468.25,29450.25,29464.5,330
2026-06-12T12:49:00.000Z,NQ,29466.75,29483.5,29457.0,29479.25,220
2026-06-12T12:50:00.000Z,NQ,29477.0,29485.75,29467.75,29484.25,203
2026-06-12T12:51:00.000Z,NQ,29481.0,29483.25,29465.0,29469.25,174
2026-06-12T12:52:00.000Z,NQ,29467.75,29480.0,29463.75,29480.0,148
2026-06-12T12:53:00.000Z,NQ,29480.0,29480.0,29450.75,29451.5,207
2026-06-12T12:54:00.000Z,NQ,29451.5,29452.75,29410.75,29421.25,726
2026-06-12T12:55:00.000Z,NQ,29421.0,29436.5,29400.25,29404.0,431
2026-06-12T12:56:00.000Z,NQ,29404.25,29409.5,29394.75,29398.75,414
2026-06-12T12:57:00.000Z,NQ,29395.5,29424.5,29383.25,29416.25,461
2026-06-12T12:58:00.000Z,NQ,29413.5,29414.0,29397.75,29411.75,210
2026-06-12T12:59:00.000Z,NQ,29414.25,29429.25,29403.0,29413.25,292
2026-06-12T13:00:00.000Z,NQ,29412.25,29414.75,29375.0,29377.25,615
2026-06-12T13:01:00.000Z,NQ,29377.25,29390.5,29360.25,29367.75,671
2026-06-12T13:02:00.000Z,NQ,29367.5,29382.5,29354.0,29380.0,700
2026-06-12T13:03:00.000Z,NQ,29381.0,29403.5,29378.75,29394.25,486
2026-06-12T13:04:00.000Z,NQ,29393.75,29419.0,29391.0,29419.0,493
2026-06-12T13:05:00.000Z,NQ,29417.5,29430.75,29409.25,29428.25,408
2026-06-12T13:06:00.000Z,NQ,29428.5,29429.0,29418.0,29421.5,432
2026-06-12T13:07:00.000Z,NQ,29423.0,29440.25,29423.0,29438.25,390
2026-06-12T13:08:00.000Z,NQ,29436.5,29447.5,29433.75,29441.0,379
2026-06-12T13:09:00.000Z,NQ,29439.0,29449.0,29439.0,29444.25,284
2026-06-12T13:10:00.000Z,NQ,29444.5,29455.0,29432.0,29449.75,379
2026-06-12T13:11:00.000Z,NQ,29449.25,29455.0,29438.5,29442.25,157
2026-06-12T13:12:00.000Z,NQ,29443.5,29451.5,29432.5,29433.25,194
2026-06-12T13:13:00.000Z,NQ,29433.25,29439.25,29424.5,29433.25,216
2026-06-12T13:14:00.000Z,NQ,29435.5,29462.25,29430.75,29456.75,307
2026-06-12T13:15:00.000Z,NQ,29455.25,29464.0,29443.0,29445.75,395
2026-06-12T13:16:00.000Z,NQ,29445.25,29458.0,29443.75,29456.0,122
2026-06-12T13:17:00.000Z,NQ,29457.25,29464.25,29451.25,29454.5,199
2026-06-12T13:18:00.000Z,NQ,29454.5,29468.75,29449.75,29468.75,447
2026-06-12T13:19:00.000Z,NQ,29468.75,29471.25,29456.75,29459.5,325
2026-06-12T13:20:00.000Z,NQ,29461.5,29479.5,29455.0,29455.0,546
2026-06-12T13:21:00.000Z,NQ,29456.0,29458.25,29450.25,29453.75,268
2026-06-12T13:22:00.000Z,NQ,29453.5,29460.0,29450.0,29453.25,275
2026-06-12T13:23:00.000Z,NQ,29452.5,29456.75,29437.5,29439.0,434
2026-06-12T13:24:00.000Z,NQ,29437.5,29450.0,29428.0,29445.5,401
2026-06-12T13:25:00.000Z,NQ,29445.75,29475.25,29445.75,29465.75,693
2026-06-12T13:26:00.000Z,NQ,29466.0,29471.0,29451.0,29468.75,316
2026-06-12T13:27:00.000Z,NQ,29468.5,29491.5,29465.5,29490.5,483
2026-06-12T13:28:00.000Z,NQ,29491.5,29493.5,29478.75,29484.0,490
2026-06-12T13:29:00.000Z,NQ,29483.25,29502.0,29467.75,29496.0,1155
2026-06-12T13:30:00.000Z,NQ,29496.0,29501.0,29371.0,29431.5,4806
2026-06-12T13:31:00.000Z,NQ,29432.0,29436.0,29379.25,29395.25,2675
2026-06-12T13:32:00.000Z,NQ,29398.0,29407.0,29366.75,29385.75,1611
2026-06-12T13:33:00.000Z,NQ,29384.0,29386.5,29316.25,29319.0,2560
2026-06-12T13:34:00.000Z,NQ,29318.25,29355.75,29303.0,29339.0,2934
2026-06-12T13:35:00.000Z,NQ,29339.5,29428.25,29332.25,29414.5,2530
2026-06-12T13:36:00.000Z,NQ,29413.75,29439.0,29392.0,29428.5,1626
2026-06-12T13:37:00.000Z,NQ,29426.75,29444.75,29394.5,29406.75,1375
2026-06-12T13:38:00.000Z,NQ,29404.25,29437.25,29399.5,29417.0,1158
2026-06-12T13:39:00.000Z,NQ,29415.0,29455.5,29410.5,29448.0,1003
2026-06-12T13:40:00.000Z,NQ,29446.75,29473.75,29330.0,29368.25,2767
2026-06-12T13:41:00.000Z,NQ,29367.0,29400.0,29311.0,29340.25,1902
2026-06-12T13:42:00.000Z,NQ,29340.25,29348.75,29263.5,29269.25,2780
2026-06-12T13:43:00.000Z,NQ,29265.5,29331.75,29265.25,29324.25,1813
2026-06-12T13:44:00.000Z,NQ,29324.5,29347.75,29279.25,29279.25,1666
2026-06-12T13:45:00.000Z,NQ,29282.75,29325.25,29230.0,29239.0,2657
2026-06-12T13:46:00.000Z,NQ,29242.25,29313.0,29235.75,29304.75,1835
2026-06-12T13:47:00.000Z,NQ,29302.75,29341.25,29291.0,29306.25,1499
2026-06-12T13:48:00.000Z,NQ,29304.0,29323.0,29277.75,29284.5,1267
2026-06-12T13:49:00.000Z,NQ,29284.5,29334.5,29258.75,29298.25,1672
2026-06-12T13:50:00.000Z,NQ,29299.75,29320.0,29278.25,29304.5,1065
2026-06-12T13:51:00.000Z,NQ,29304.25,29317.75,29271.5,29301.5,1368
2026-06-12T13:52:00.000Z,NQ,29303.25,29356.0,29293.25,29355.75,1461
2026-06-12T13:53:00.000Z,NQ,29355.0,29362.25,29302.25,29312.0,1780
2026-06-12T13:54:00.000Z,NQ,29312.25,29333.5,29287.75,29311.5,1571
2026-06-12T13:55:00.000Z,NQ,29313.25,29343.75,29297.5,29342.5,931
2026-06-12T13:56:00.000Z,NQ,29344.0,29364.0,29323.75,29360.75,1218
2026-06-12T13:57:00.000Z,NQ,29360.0,29398.0,29358.25,29378.75,1582
2026-06-12T13:58:00.000Z,NQ,29377.25,29407.5,29370.0,29385.25,1034
2026-06-12T13:59:00.000Z,NQ,29385.25,29386.25,29342.25,29349.5,994
2026-06-12T14:00:00.000Z,NQ,29354.0,29438.75,29339.0,29437.0,2507
2026-06-12T14:01:00.000Z,NQ,29437.5,29452.0,29417.0,29442.0,1661
2026-06-12T14:02:00.000Z,NQ,29442.0,29460.75,29433.0,29458.0,1398
2026-06-12T14:03:00.000Z,NQ,29456.25,29505.0,29435.0,29494.5,1994
2026-06-12T14:04:00.000Z,NQ,29494.5,29500.75,29461.0,29480.5,1550
2026-06-12T14:05:00.000Z,NQ,29482.25,29482.5,29441.5,29457.75,1107
2026-06-12T14:06:00.000Z,NQ,29459.0,29518.25,29456.5,29505.25,1809
2026-06-12T14:07:00.000Z,NQ,29504.25,29567.5,29502.5,29560.5,2478
2026-06-12T14:08:00.000Z,NQ,29560.0,29564.5,29532.75,29552.25,1605
2026-06-12T14:09:00.000Z,NQ,29551.75,29580.75,29545.25,29578.25,1259
2026-06-12T14:10:00.000Z,NQ,29578.25,29597.5,29559.75,29597.5,1459
2026-06-12T14:11:00.000Z,NQ,29595.75,29598.75,29571.25,29578.25,1088
2026-06-12T14:12:00.000Z,NQ,29577.5,29584.5,29540.25,29542.25,1746
2026-06-12T14:13:00.000Z,NQ,29540.75,29555.25,29512.75,29525.75,1917
2026-06-12T14:14:00.000Z,NQ,29527.0,29567.5,29527.0,29544.75,1235
2026-06-12T14:15:00.000Z,NQ,29543.75,29579.25,29533.25,29571.0,1527
2026-06-12T14:16:00.000Z,NQ,29570.25,29588.0,29559.0,29586.0,1370
2026-06-12T14:17:00.000Z,NQ,29587.5,29627.25,29584.25,29612.25,1864
2026-06-12T14:18:00.000Z,NQ,29612.25,29619.5,29590.75,29598.5,1223
2026-06-12T14:19:00.000Z,NQ,29597.5,29601.25,29573.75,29586.0,949
2026-06-12T14:20:00.000Z,NQ,29586.0,29619.0,29580.5,29601.25,1374
2026-06-12T14:21:00.000Z,NQ,29601.0,29607.75,29523.5,29538.25,1820
2026-06-12T14:22:00.000Z,NQ,29538.75,29566.5,29518.75,29519.0,1673
2026-06-12T14:23:00.000Z,NQ,29521.25,29536.0,29487.0,29504.0,1517
2026-06-12T14:24:00.000Z,NQ,29502.25,29526.75,29490.75,29497.0,1163
2026-06-12T14:25:00.000Z,NQ,29498.75,29559.0,29496.75,29537.25,1270
2026-06-12T14:26:00.000Z,NQ,29537.0,29551.75,29508.0,29528.5,1115
2026-06-12T14:27:00.000Z,NQ,29527.0,29552.75,29513.75,29548.25,1211
2026-06-12T14:28:00.000Z,NQ,29549.25,29549.75,29521.25,29533.75,1183
2026-06-12T14:29:00.000Z,NQ,29532.75,29555.5,29509.0,29513.5,917
2026-06-12T14:30:00.000Z,NQ,29512.25,29565.75,29508.5,29552.75,1579
2026-06-12T14:31:00.000Z,NQ,29552.0,29558.75,29532.5,29542.75,1198
2026-06-12T14:32:00.000Z,NQ,29542.0,29553.75,29520.0,29536.0,1381
2026-06-12T14:33:00.000Z,NQ,29536.0,29552.25,29492.5,29515.0,1622
2026-06-12T14:34:00.000Z,NQ,29514.5,29538.25,29494.5,29527.0,1356
2026-06-12T14:35:00.000Z,NQ,29526.75,29587.5,29520.75,29571.0,1884
2026-06-12T14:36:00.000Z,NQ,29572.0,29609.25,29540.75,29564.5,2386
2026-06-12T14:37:00.000Z,NQ,29564.5,29571.5,29528.5,29541.75,1278
2026-06-12T14:38:00.000Z,NQ,29542.5,29567.75,29538.75,29559.5,1353
2026-06-12T14:39:00.000Z,NQ,29559.75,29562.75,29542.25,29546.25,969
2026-06-12T14:40:00.000Z,NQ,29547.0,29550.25,29508.5,29517.75,1244
2026-06-12T14:41:00.000Z,NQ,29518.25,29523.75,29469.0,29488.75,1647
2026-06-12T14:42:00.000Z,NQ,29487.0,29514.25,29462.0,29476.0,1448
2026-06-12T14:43:00.000Z,NQ,29474.25,29476.0,29409.75,29418.5,1643
2026-06-12T14:44:00.000Z,NQ,29416.75,29441.5,29408.5,29411.5,1552
2026-06-12T14:45:00.000Z,NQ,29411.0,29449.5,29404.25,29428.0,2032
2026-06-12T14:46:00.000Z,NQ,29425.75,29446.5,29379.5,29394.25,2522
2026-06-12T14:47:00.000Z,NQ,29395.5,29398.75,29354.0,29371.75,1902
2026-06-12T14:48:00.000Z,NQ,29370.5,29389.5,29352.5,29365.75,1190
2026-06-12T14:49:00.000Z,NQ,29365.5,29402.75,29359.75,29374.75,1217
2026-06-12T14:50:00.000Z,NQ,29374.5,29426.5,29369.25,29423.75,1527
2026-06-12T14:51:00.000Z,NQ,29424.0,29431.75,29383.75,29388.0,1176
2026-06-12T14:52:00.000Z,NQ,29390.0,29560.0,29383.75,29531.75,2889
2026-06-12T14:53:00.000Z,NQ,29536.5,29562.25,29503.75,29553.0,2277
2026-06-12T14:54:00.000Z,NQ,29555.0,29610.25,29540.75,29600.0,2066
2026-06-12T14:55:00.000Z,NQ,29598.25,29644.0,29562.75,29588.5,2593
2026-06-12T14:56:00.000Z,NQ,29593.5,29635.0,29566.0,29611.25,1406
2026-06-12T14:57:00.000Z,NQ,29613.0,29630.5,29589.5,29625.25,869
2026-06-12T14:58:00.000Z,NQ,29625.0,29639.5,29606.0,29637.0,1094
2026-06-12T14:59:00.000Z,NQ,29637.0,29643.75,29610.75,29631.0,1080
2026-06-12T15:00:00.000Z,NQ,29634.0,29669.0,29616.75,29663.25,1671
2026-06-12T15:01:00.000Z,NQ,29663.5,29671.0,29641.75,29651.5,1151
2026-06-12T15:02:00.000Z,NQ,29654.0,29663.5,29630.0,29642.25,941
2026-06-12T15:03:00.000Z,NQ,29642.25,29661.5,29597.25,29604.5,1471
2026-06-12T15:04:00.000Z,NQ,29603.0,29631.75,29599.75,29623.5,990
2026-06-12T15:05:00.000Z,NQ,29623.0,29678.25,29613.0,29661.75,1484
2026-06-12T15:06:00.000Z,NQ,29660.5,29672.75,29626.5,29640.75,1029
2026-06-12T15:07:00.000Z,NQ,29639.75,29655.75,29632.75,29643.5,626
2026-06-12T15:08:00.000Z,NQ,29642.0,29665.0,29636.0,29650.0,700
2026-06-12T15:09:00.000Z,NQ,29648.75,29665.0,29638.0,29656.0,582
2026-06-12T15:10:00.000Z,NQ,29654.0,29678.0,29641.75,29676.5,791
2026-06-12T15:11:00.000Z,NQ,29676.25,29682.75,29654.75,29662.75,1069
2026-06-12T15:12:00.000Z,NQ,29660.5,29661.0,29630.75,29639.0,716
2026-06-12T15:13:00.000Z,NQ,29642.25,29680.0,29638.0,29676.0,876
2026-06-12T15:14:00.000Z,NQ,29677.75,29703.5,29674.75,29696.25,1470
2026-06-12T15:15:00.000Z,NQ,29696.25,29709.25,29668.5,29676.75,1326
2026-06-12T15:16:00.000Z,NQ,29678.5,29692.0,29665.0,29679.5,1056
2026-06-12T15:17:00.000Z,NQ,29680.5,29716.25,29678.75,29711.5,974
2026-06-12T15:18:00.000Z,NQ,29713.0,29724.25,29703.25,29721.25,932
2026-06-12T15:19:00.000Z,NQ,29720.75,29730.0,29716.5,29729.75,910
2026-06-12T15:20:00.000Z,NQ,29730.0,29730.75,29700.75,29710.25,807
2026-06-12T15:21:00.000Z,NQ,29710.0,29740.0,29704.75,29728.0,998
2026-06-12T15:22:00.000Z,NQ,29726.25,29736.25,29722.5,29730.25,539
2026-06-12T15:23:00.000Z,NQ,29731.75,29739.25,29707.5,29738.75,776
2026-06-12T15:24:00.000Z,NQ,29737.5,29756.5,29735.25,29745.0,1038
2026-06-12T15:25:00.000Z,NQ,29745.0,29760.0,29742.75,29755.25,760
2026-06-12T15:26:00.000Z,NQ,29753.25,29757.0,29735.0,29743.5,774
2026-06-12T15:27:00.000Z,NQ,29744.0,29757.25,29736.75,29750.25,510
2026-06-12T15:28:00.000Z,NQ,29749.5,29755.75,29720.25,29724.75,890
2026-06-12T15:29:00.000Z,NQ,29725.0,29748.25,29725.0,29745.25,629
2026-06-12T15:30:00.000Z,NQ,29745.5,29749.0,29721.75,29733.75,768
2026-06-12T15:31:00.000Z,NQ,29732.5,29743.25,29712.75,29721.75,1175
2026-06-12T15:32:00.000Z,NQ,29722.25,29723.0,29687.25,29695.5,1291
2026-06-12T15:33:00.000Z,NQ,29694.0,29708.75,29680.75,29702.5,1189
2026-06-12T15:34:00.000Z,NQ,29700.25,29708.25,29685.0,29685.25,885
2026-06-12T15:35:00.000Z,NQ,29686.0,29744.0,29667.5,29713.0,2442
2026-06-12T15:36:00.000Z,NQ,29713.5,29718.0,29676.5,29680.0,774
2026-06-12T15:37:00.000Z,NQ,29681.75,29705.25,29652.75,29668.75,941
2026-06-12T15:38:00.000Z,NQ,29670.25,29689.25,29639.75,29640.75,905
2026-06-12T15:39:00.000Z,NQ,29641.0,29660.5,29617.75,29653.25,1505
2026-06-12T15:40:00.000Z,NQ,29649.0,29666.25,29614.5,29627.5,983
2026-06-12T15:41:00.000Z,NQ,29628.75,29648.25,29615.5,29624.25,693
2026-06-12T15:42:00.000Z,NQ,29624.75,29633.75,29581.5,29598.0,1093
2026-06-12T15:43:00.000Z,NQ,29596.75,29608.25,29588.25,29595.75,801
2026-06-12T15:44:00.000Z,NQ,29596.25,29596.5,29560.0,29569.0,1124
2026-06-12T15:45:00.000Z,NQ,29569.75,29599.75,29560.5,29585.25,1223
2026-06-12T15:46:00.000Z,NQ,29582.75,29622.25,29582.5,29609.0,1061
2026-06-12T15:47:00.000Z,NQ,29608.75,29613.0,29571.0,29575.75,1594
2026-06-12T15:48:00.000Z,NQ,29574.25,29576.0,29513.0,29525.25,2145
2026-06-12T15:49:00.000Z,NQ,29527.25,29545.75,29476.0,29488.5,1897
2026-06-12T15:50:00.000Z,NQ,29486.5,29508.0,29461.25,29500.5,1282
2026-06-12T15:51:00.000Z,NQ,29500.75,29538.5,29485.5,29534.25,1180
2026-06-12T15:52:00.000Z,NQ,29534.75,29588.75,29533.75,29585.25,1694
2026-06-12T15:53:00.000Z,NQ,29584.75,29594.0,29561.0,29562.75,1095
2026-06-12T15:54:00.000Z,NQ,29565.25,29578.25,29550.5,29572.25,829
2026-06-12T15:55:00.000Z,NQ,29571.75,29574.25,29541.25,29551.25,592
2026-06-12T15:56:00.000Z,NQ,29550.25,29564.25,29511.5,29528.75,1053
2026-06-12T15:57:00.000Z,NQ,29528.5,29538.75,29505.75,29506.0,819
2026-06-12T15:58:00.000Z,NQ,29505.75,29521.75,29463.0,29469.25,1030
2026-06-12T15:59:00.000Z,NQ,29469.25,29469.75,29410.0,29439.75,1483
2026-06-12T16:00:00.000Z,NQ,29440.25,29475.25,29409.0,29470.5,1338
2026-06-12T16:01:00.000Z,NQ,29467.25,29490.25,29449.0,29457.5,1370
2026-06-12T16:02:00.000Z,NQ,29459.5,29472.5,29422.5,29433.0,1047
2026-06-12T16:03:00.000Z,NQ,29435.25,29474.75,29422.0,29464.25,1089
2026-06-12T16:04:00.000Z,NQ,29464.25,29490.25,29457.75,29465.75,906
2026-06-12T16:05:00.000Z,NQ,29465.25,29482.75,29444.0,29449.5,990
2026-06-12T16:06:00.000Z,NQ,29450.75,29488.25,29447.0,29473.0,817
2026-06-12T16:07:00.000Z,NQ,29472.5,29504.0,29471.0,29490.5,963
2026-06-12T16:08:00.000Z,NQ,29490.25,29529.25,29481.5,29525.5,1072
2026-06-12T16:09:00.000Z,NQ,29527.0,29535.5,29515.0,29521.5,873
2026-06-12T16:10:00.000Z,NQ,29522.75,29522.75,29478.5,29491.5,938
2026-06-12T16:11:00.000Z,NQ,29493.0,29545.75,29489.75,29538.75,814
2026-06-12T16:12:00.000Z,NQ,29538.5,29549.25,29522.0,29529.75,976
2026-06-12T16:13:00.000Z,NQ,29531.5,29651.0,29529.5,29618.5,3226
2026-06-12T16:14:00.000Z,NQ,29617.75,29634.5,29591.25,29597.25,979
2026-06-12T16:15:00.000Z,NQ,29595.25,29659.5,29594.25,29651.25,1629
2026-06-12T16:16:00.000Z,NQ,29653.25,29667.75,29632.75,29654.75,1182
2026-06-12T16:17:00.000Z,NQ,29657.0,29657.0,29612.75,29621.0,876
2026-06-12T16:18:00.000Z,NQ,29621.25,29635.25,29580.75,29584.5,1105
2026-06-12T16:19:00.000Z,NQ,29586.5,29597.25,29569.5,29588.0,963
2026-06-12T16:20:00.000Z,NQ,29588.0,29616.25,29551.0,29561.0,1182
2026-06-12T16:21:00.000Z,NQ,29557.75,29584.5,29548.5,29566.25,795
2026-06-12T16:22:00.000Z,NQ,29568.5,29595.0,29557.0,29590.25,492
2026-06-12T16:23:00.000Z,NQ,29590.5,29603.5,29571.75,29590.75,585
2026-06-12T16:24:00.000Z,NQ,29592.25,29602.0,29581.0,29588.25,401
2026-06-12T16:25:00.000Z,NQ,29586.25,29596.0,29556.5,29590.25,559
2026-06-12T16:26:00.000Z,NQ,29590.25,29615.0,29586.0,29597.0,560
2026-06-12T16:27:00.000Z,NQ,29597.75,29603.25,29571.0,29573.0,431
2026-06-12T16:28:00.000Z,NQ,29571.5,29607.75,29571.0,29599.75,365
2026-06-12T16:29:00.000Z,NQ,29599.5,29604.25,29586.0,29593.5,303
2026-06-12T16:30:00.000Z,NQ,29593.5,29605.75,29583.25,29591.0,447
2026-06-12T16:31:00.000Z,NQ,29591.75,29600.75,29580.0,29589.0,278
2026-06-12T16:32:00.000Z,NQ,29588.0,29596.5,29575.0,29594.0,361
2026-06-12T16:33:00.000Z,NQ,29589.75,29606.5,29582.5,29599.75,422
2026-06-12T16:34:00.000Z,NQ,29596.25,29628.0,29594.0,29623.5,542
2026-06-12T16:35:00.000Z,NQ,29620.75,29632.0,29590.25,29590.25,612
2026-06-12T16:36:00.000Z,NQ,29592.5,29602.5,29586.25,29599.5,436
2026-06-12T16:37:00.000Z,NQ,29598.75,29612.0,29587.25,29609.5,289
2026-06-12T16:38:00.000Z,NQ,29608.75,29616.5,29594.25,29600.25,392
2026-06-12T16:39:00.000Z,NQ,29598.0,29607.5,29590.5,29604.75,263
2026-06-12T16:40:00.000Z,NQ,29607.5,29641.0,29604.75,29626.75,658
2026-06-12T16:41:00.000Z,NQ,29627.75,29636.0,29611.75,29613.0,390
2026-06-12T16:42:00.000Z,NQ,29617.25,29617.75,29578.75,29579.75,605
2026-06-12T16:43:00.000Z,NQ,29580.0,29607.25,29578.5,29605.25,481
2026-06-12T16:44:00.000Z,NQ,29607.75,29625.0,29589.5,29594.5,487
2026-06-12T16:45:00.000Z,NQ,29595.5,29609.5,29588.25,29600.5,382
2026-06-12T16:46:00.000Z,NQ,29599.0,29626.0,29599.0,29619.25,377
2026-06-12T16:47:00.000Z,NQ,29618.0,29628.0,29606.75,29624.25,485
2026-06-12T16:48:00.000Z,NQ,29625.75,29640.75,29619.5,29630.0,393
2026-06-12T16:49:00.000Z,NQ,29631.75,29647.5,29625.0,29644.25,555
2026-06-12T16:50:00.000Z,NQ,29643.5,29662.5,29640.75,29654.75,861
2026-06-12T16:51:00.000Z,NQ,29654.5,29662.0,29644.5,29656.75,483
2026-06-12T16:52:00.000Z,NQ,29654.25,29659.0,29642.0,29646.5,338
2026-06-12T16:53:00.000Z,NQ,29646.5,29665.0,29631.5,29664.25,773
2026-06-12T16:54:00.000Z,NQ,29663.75,29667.5,29639.5,29643.0,428
2026-06-12T16:55:00.000Z,NQ,29641.25,29649.25,29606.75,29611.25,786
2026-06-12T16:56:00.000Z,NQ,29611.25,29621.0,29591.5,29618.0,602
2026-06-12T16:57:00.000Z,NQ,29620.0,29639.0,29616.5,29632.25,437
2026-06-12T16:58:00.000Z,NQ,29634.0,29657.25,29628.0,29655.25,395
2026-06-12T16:59:00.000Z,NQ,29656.25,29678.75,29654.5,29673.0,1237
2026-06-12T17:00:00.000Z,NQ,29673.0,29689.0,29661.0,29674.25,841
2026-06-12T17:01:00.000Z,NQ,29673.75,29688.75,29670.5,29684.75,339
2026-06-12T17:02:00.000Z,NQ,29685.25,29687.5,29677.5,29683.75,534
2026-06-12T17:03:00.000Z,NQ,29683.0,29696.0,29671.25,29674.75,698
2026-06-12T17:04:00.000Z,NQ,29674.0,29706.0,29669.0,29699.5,561
2026-06-12T17:05:00.000Z,NQ,29699.25,29708.0,29691.0,29703.75,463
2026-06-12T17:06:00.000Z,NQ,29703.5,29752.25,29701.75,29730.25,1899
2026-06-12T17:07:00.000Z,NQ,29728.25,29741.5,29716.5,29731.0,514
2026-06-12T17:08:00.000Z,NQ,29732.75,29734.5,29703.25,29711.0,714
2026-06-12T17:09:00.000Z,NQ,29710.25,29730.5,29707.0,29721.75,495
2026-06-12T17:10:00.000Z,NQ,29723.0,29731.0,29703.5,29708.5,706
2026-06-12T17:11:00.000Z,NQ,29708.0,29715.75,29701.25,29710.75,375
2026-06-12T17:12:00.000Z,NQ,29712.5,29712.75,29686.75,29693.5,565
2026-06-12T17:13:00.000Z,NQ,29691.0,29694.25,29661.0,29662.25,887
2026-06-12T17:14:00.000Z,NQ,29661.0,29710.0,29657.0,29702.75,743
2026-06-12T17:15:00.000Z,NQ,29703.75,29731.25,29689.5,29729.75,1010
2026-06-12T17:16:00.000Z,NQ,29729.75,29730.5,29714.5,29723.0,492
2026-06-12T17:17:00.000Z,NQ,29722.0,29736.0,29720.75,29720.75,369
2026-06-12T17:18:00.000Z,NQ,29722.5,29728.0,29704.25,29722.25,593
2026-06-12T17:19:00.000Z,NQ,29722.25,29739.0,29713.5,29730.5,313
2026-06-12T17:20:00.000Z,NQ,29728.75,29742.25,29727.75,29738.75,432
2026-06-12T17:21:00.000Z,NQ,29739.0,29744.0,29730.75,29737.25,363
2026-06-12T17:22:00.000Z,NQ,29740.0,29745.0,29727.25,29730.5,396
2026-06-12T17:23:00.000Z,NQ,29732.0,29740.0,29719.5,29731.5,446
2026-06-12T17:24:00.000Z,NQ,29730.75,29740.25,29726.25,29735.25,267
2026-06-12T17:25:00.000Z,NQ,29734.5,29740.5,29726.0,29733.25,377
2026-06-12T17:26:00.000Z,NQ,29731.75,29741.0,29724.5,29730.0,426
2026-06-12T17:27:00.000Z,NQ,29728.75,29732.5,29701.25,29702.0,553
2026-06-12T17:28:00.000Z,NQ,29703.0,29712.25,29693.5,29707.75,725
2026-06-12T17:29:00.000Z,NQ,29707.5,29735.0,29705.0,29721.0,594
2026-06-12T17:30:00.000Z,NQ,29722.25,29727.5,29694.25,29699.75,599
2026-06-12T17:31:00.000Z,NQ,29699.75,29707.5,29686.0,29699.0,576
2026-06-12T17:32:00.000Z,NQ,29699.75,29719.25,29689.5,29695.0,515
2026-06-12T17:33:00.000Z,NQ,29693.25,29702.5,29681.0,29689.0,619
2026-06-12T17:34:00.000Z,NQ,29687.5,29693.5,29681.5,29687.0,418
2026-06-12T17:35:00.000Z,NQ,29687.25,29712.5,29684.0,29689.5,624
2026-06-12T17:36:00.000Z,NQ,29690.75,29706.5,29685.25,29702.25,414
2026-06-12T17:37:00.000Z,NQ,29699.5,29714.5,29690.5,29711.25,330
2026-06-12T17:38:00.000Z,NQ,29713.25,29717.25,29693.0,29699.75,564
2026-06-12T17:39:00.000Z,NQ,29699.5,29707.25,29690.25,29703.0,374
2026-06-12T17:40:00.000Z,NQ,29700.5,29704.0,29687.5,29691.0,259
2026-06-12T17:41:00.000Z,NQ,29687.5,29701.5,29681.25,29696.0,411
2026-06-12T17:42:00.000Z,NQ,29700.0,29726.25,29698.5,29719.5,617
2026-06-12T17:43:00.000Z,NQ,29721.5,29730.0,29703.5,29710.5,658
2026-06-12T17:44:00.000Z,NQ,29711.0,29711.0,29694.75,29699.0,342
2026-06-12T17:45:00.000Z,NQ,29700.0,29711.25,29696.0,29705.5,310
2026-06-12T17:46:00.000Z,NQ,29705.0,29709.5,29691.25,29707.5,513
2026-06-12T17:47:00.000Z,NQ,29709.0,29719.75,29706.0,29715.0,715
2026-06-12T17:48:00.000Z,NQ,29715.5,29724.0,29706.0,29706.0,258
2026-06-12T17:49:00.000Z,NQ,29707.25,29718.0,29701.5,29706.0,399
2026-06-12T17:50:00.000Z,NQ,29706.5,29717.0,29699.5,29699.5,228
2026-06-12T17:51:00.000Z,NQ,29701.25,29713.0,29696.5,29710.5,197
2026-06-12T17:52:00.000Z,NQ,29710.75,29717.0,29701.75,29709.0,284
2026-06-12T17:53:00.000Z,NQ,29710.25,29712.25,29702.75,29708.25,175
2026-06-12T17:54:00.000Z,NQ,29706.25,29711.0,29701.5,29704.25,150
2026-06-12T17:55:00.000Z,NQ,29705.25,29706.5,29659.5,29662.75,839
2026-06-12T17:56:00.000Z,NQ,29662.75,29671.5,29647.75,29662.5,791
2026-06-12T17:57:00.000Z,NQ,29662.25,29683.0,29655.0,29676.75,525
2026-06-12T17:58:00.000Z,NQ,29678.0,29682.75,29664.5,29677.25,452
2026-06-12T17:59:00.000Z,NQ,29677.25,29690.0,29677.25,29682.5,407
2026-06-12T18:00:00.000Z,NQ,29684.0,29691.0,29663.75,29675.25,571
2026-06-12T18:01:00.000Z,NQ,29672.5,29679.0,29660.5,29668.5,423
2026-06-12T18:02:00.000Z,NQ,29670.75,29671.5,29653.5,29659.5,415
2026-06-12T18:03:00.000Z,NQ,29659.75,29678.0,29656.5,29656.5,459
2026-06-12T18:04:00.000Z,NQ,29657.25,29662.75,29645.0,29656.5,590
2026-06-12T18:05:00.000Z,NQ,29657.0,29669.75,29640.75,29648.5,675
2026-06-12T18:06:00.000Z,NQ,29650.0,29652.75,29628.25,29641.0,609
2026-06-12T18:07:00.000Z,NQ,29640.75,29645.25,29627.75,29629.5,447
2026-06-12T18:08:00.000Z,NQ,29630.5,29653.5,29628.75,29646.25,537
2026-06-12T18:09:00.000Z,NQ,29647.0,29656.5,29636.5,29653.5,377
2026-06-12T18:10:00.000Z,NQ,29652.0,29680.0,29642.75,29678.5,683
2026-06-12T18:11:00.000Z,NQ,29677.75,29700.5,29673.25,29689.5,793
2026-06-12T18:12:00.000Z,NQ,29690.5,29708.0,29683.75,29690.75,625
2026-06-12T18:13:00.000Z,NQ,29692.5,29697.25,29672.25,29675.25,387
2026-06-12T18:14:00.000Z,NQ,29676.25,29678.0,29649.25,29649.75,831
2026-06-12T18:15:00.000Z,NQ,29650.5,29659.0,29634.75,29647.25,889
2026-06-12T18:16:00.000Z,NQ,29646.75,29650.25,29635.0,29642.0,380
2026-06-12T18:17:00.000Z,NQ,29642.0,29642.0,29609.0,29609.0,754
2026-06-12T18:18:00.000Z,NQ,29608.5,29641.0,29608.5,29635.75,523
2026-06-12T18:19:00.000Z,NQ,29636.5,29638.0,29619.0,29628.5,311
2026-06-12T18:20:00.000Z,NQ,29627.0,29633.5,29614.25,29629.25,364
2026-06-12T18:21:00.000Z,NQ,29628.25,29640.25,29615.0,29622.5,534
2026-06-12T18:22:00.000Z,NQ,29622.5,29626.5,29608.75,29626.5,506
2026-06-12T18:23:00.000Z,NQ,29625.0,29632.75,29614.0,29621.25,433
2026-06-12T18:24:00.000Z,NQ,29623.0,29629.25,29612.25,29625.75,452
2026-06-12T18:25:00.000Z,NQ,29626.25,29631.5,29615.5,29625.0,281
2026-06-12T18:26:00.000Z,NQ,29624.75,29637.75,29619.5,29633.5,526
2026-06-12T18:27:00.000Z,NQ,29633.5,29650.75,29626.5,29650.5,560
2026-06-12T18:28:00.000Z,NQ,29650.75,29672.75,29649.75,29661.75,777
2026-06-12T18:29:00.000Z,NQ,29659.75,29671.75,29657.0,29665.25,267
2026-06-12T18:30:00.000Z,NQ,29664.0,29689.0,29664.0,29683.25,549
2026-06-12T18:31:00.000Z,NQ,29682.0,29683.25,29663.75,29680.5,452
2026-06-12T18:32:00.000Z,NQ,29682.25,29699.75,29672.0,29687.5,526
2026-06-12T18:33:00.000Z,NQ,29688.0,29692.5,29682.75,29689.75,307
2026-06-12T18:34:00.000Z,NQ,29691.0,29695.0,29680.25,29687.0,311
2026-06-12T18:35:00.000Z,NQ,29688.25,29690.0,29675.25,29681.5,339
2026-06-12T18:36:00.000Z,NQ,29680.25,29690.0,29675.75,29684.0,300
2026-06-12T18:37:00.000Z,NQ,29685.0,29691.5,29673.0,29679.5,329
2026-06-12T18:38:00.000Z,NQ,29680.25,29689.0,29676.5,29684.75,192
2026-06-12T18:39:00.000Z,NQ,29686.5,29690.0,29681.5,29690.0,258
2026-06-12T18:40:00.000Z,NQ,29690.25,29712.0,29690.0,29709.0,660
2026-06-12T18:41:00.000Z,NQ,29708.75,29719.0,29701.25,29705.25,478
2026-06-12T18:42:00.000Z,NQ,29705.25,29712.5,29700.25,29708.0,429
2026-06-12T18:43:00.000Z,NQ,29709.0,29718.25,29705.0,29714.25,362
2026-06-12T18:44:00.000Z,NQ,29715.0,29715.5,29702.25,29709.75,434
2026-06-12T18:45:00.000Z,NQ,29710.75,29711.25,29690.0,29695.25,547
2026-06-12T18:46:00.000Z,NQ,29696.25,29712.5,29696.25,29708.25,338
2026-06-12T18:47:00.000Z,NQ,29708.5,29710.5,29690.0,29692.5,437
2026-06-12T18:48:00.000Z,NQ,29693.5,29699.5,29691.5,29698.0,214
2026-06-12T18:49:00.000Z,NQ,29698.25,29712.0,29696.75,29704.75,359
2026-06-12T18:50:00.000Z,NQ,29704.5,29708.5,29683.5,29686.5,545
2026-06-12T18:51:00.000Z,NQ,29686.5,29689.0,29679.5,29682.75,460
2026-06-12T18:52:00.000Z,NQ,29683.0,29694.75,29673.0,29692.75,460
2026-06-12T18:53:00.000Z,NQ,29693.75,29707.5,29688.5,29700.75,480
2026-06-12T18:54:00.000Z,NQ,29701.0,29707.25,29694.25,29698.75,346
2026-06-12T18:55:00.000Z,NQ,29699.0,29699.0,29687.25,29695.25,334
2026-06-12T18:56:00.000Z,NQ,29695.25,29697.5,29685.75,29692.0,410
2026-06-12T18:57:00.000Z,NQ,29691.0,29692.0,29643.0,29653.0,1019
2026-06-12T18:58:00.000Z,NQ,29653.25,29668.0,29643.25,29657.25,778
2026-06-12T18:59:00.000Z,NQ,29656.75,29670.5,29636.25,29645.0,718
2026-06-12T19:00:00.000Z,NQ,29645.0,29662.5,29638.75,29658.75,593
2026-06-12T19:01:00.000Z,NQ,29658.25,29667.5,29648.75,29660.0,613
2026-06-12T19:02:00.000Z,NQ,29661.0,29681.5,29660.0,29680.25,472
2026-06-12T19:03:00.000Z,NQ,29681.0,29698.25,29677.5,29695.0,778
2026-06-12T19:04:00.000Z,NQ,29693.75,29700.0,29687.0,29694.75,335
2026-06-12T19:05:00.000Z,NQ,29694.75,29711.0,29684.0,29705.0,463
2026-06-12T19:06:00.000Z,NQ,29705.25,29705.25,29693.25,29699.75,302
2026-06-12T19:07:00.000Z,NQ,29701.25,29702.25,29684.25,29691.0,326
2026-06-12T19:08:00.000Z,NQ,29689.25,29695.75,29676.0,29681.25,541
2026-06-12T19:09:00.000Z,NQ,29682.0,29692.75,29672.0,29684.5,443
2026-06-12T19:10:00.000Z,NQ,29685.75,29688.25,29665.75,29667.75,347
2026-06-12T19:11:00.000Z,NQ,29667.75,29669.5,29656.25,29664.5,540
2026-06-12T19:12:00.000Z,NQ,29665.25,29689.75,29661.75,29677.75,430
2026-06-12T19:13:00.000Z,NQ,29679.0,29689.0,29671.5,29674.0,248
2026-06-12T19:14:00.000Z,NQ,29673.0,29675.5,29661.0,29664.25,338
2026-06-12T19:15:00.000Z,NQ,29665.25,29674.75,29658.5,29665.75,366
2026-06-12T19:16:00.000Z,NQ,29665.25,29667.0,29648.25,29653.5,370
2026-06-12T19:17:00.000Z,NQ,29654.5,29661.0,29644.0,29653.5,409
2026-06-12T19:18:00.000Z,NQ,29654.0,29679.25,29654.0,29675.75,492
2026-06-12T19:19:00.000Z,NQ,29676.5,29693.0,29673.75,29686.25,413
2026-06-12T19:20:00.000Z,NQ,29687.0,29688.25,29662.25,29676.75,542
2026-06-12T19:21:00.000Z,NQ,29676.0,29680.0,29663.0,29675.25,396
2026-06-12T19:22:00.000Z,NQ,29675.0,29678.75,29667.5,29671.0,295
2026-06-12T19:23:00.000Z,NQ,29671.0,29681.75,29669.0,29676.25,295
2026-06-12T19:24:00.000Z,NQ,29675.0,29689.75,29669.0,29678.75,487
2026-06-12T19:25:00.000Z,NQ,29677.25,29687.0,29676.5,29685.75,409
2026-06-12T19:26:00.000Z,NQ,29686.0,29696.25,29680.0,29682.0,528
2026-06-12T19:27:00.000Z,NQ,29681.75,29696.5,29681.75,29686.5,461
2026-06-12T19:28:00.000Z,NQ,29687.0,29691.5,29667.25,29670.0,427
2026-06-12T19:29:00.000Z,NQ,29670.75,29673.25,29654.75,29660.5,534
2026-06-12T19:30:00.000Z,NQ,29660.0,29668.75,29642.5,29646.25,677
2026-06-12T19:31:00.000Z,NQ,29645.75,29652.0,29607.75,29617.0,1059
2026-06-12T19:32:00.000Z,NQ,29616.25,29634.0,29614.25,29629.75,529
2026-06-12T19:33:00.000Z,NQ,29629.25,29631.0,29602.25,29604.75,622
2026-06-12T19:34:00.000Z,NQ,29605.0,29615.25,29598.25,29605.0,698
2026-06-12T19:35:00.000Z,NQ,29604.0,29610.0,29580.5,29586.0,788
2026-06-12T19:36:00.000Z,NQ,29586.75,29683.75,29585.0,29639.75,1603
2026-06-12T19:37:00.000Z,NQ,29640.0,29661.75,29630.0,29637.0,1049
2026-06-12T19:38:00.000Z,NQ,29638.0,29643.25,29618.75,29622.75,664
2026-06-12T19:39:00.000Z,NQ,29624.25,29638.0,29606.0,29613.75,564
2026-06-12T19:40:00.000Z,NQ,29616.75,29628.25,29601.25,29620.25,630
2026-06-12T19:41:00.000Z,NQ,29621.75,29640.0,29621.75,29630.75,503
2026-06-12T19:42:00.000Z,NQ,29630.25,29659.0,29621.25,29654.5,652
2026-06-12T19:43:00.000Z,NQ,29652.75,29655.5,29632.0,29632.25,387
2026-06-12T19:44:00.000Z,NQ,29631.75,29645.0,29627.0,29637.25,504
2026-06-12T19:45:00.000Z,NQ,29636.25,29640.25,29612.25,29617.5,581
2026-06-12T19:46:00.000Z,NQ,29620.25,29629.0,29611.0,29617.25,471
2026-06-12T19:47:00.000Z,NQ,29616.75,29625.25,29611.0,29623.25,465
2026-06-12T19:48:00.000Z,NQ,29622.5,29643.0,29621.0,29641.25,642
2026-06-12T19:49:00.000Z,NQ,29641.25,29650.75,29633.0,29637.25,508
2026-06-12T19:50:00.000Z,NQ,29637.5,29656.75,29626.75,29643.25,721
2026-06-12T19:51:00.000Z,NQ,29642.0,29643.25,29629.25,29633.25,441
2026-06-12T19:52:00.000Z,NQ,29632.5,29648.0,29631.75,29641.75,545
2026-06-12T19:53:00.000Z,NQ,29640.75,29656.25,29639.5,29652.0,682
2026-06-12T19:54:00.000Z,NQ,29651.75,29660.0,29638.25,29657.25,944
2026-06-12T19:55:00.000Z,NQ,29658.75,29683.0,29654.75,29678.75,1415
2026-06-12T19:56:00.000Z,NQ,29679.0,29682.25,29663.25,29667.75,886
2026-06-12T19:57:00.000Z,NQ,29668.75,29675.0,29652.75,29656.75,861
2026-06-12T19:58:00.000Z,NQ,29657.0,29673.75,29655.5,29669.75,1206
2026-06-12T19:59:00.000Z,NQ,29669.75,29672.75,29650.25,29650.5,9023
2026-06-12T20:00:00.000Z,NQ,29650.25,29663.5,29646.0,29654.75,2667
2026-06-12T20:01:00.000Z,NQ,29654.25,29672.0,29650.0,29661.25,861
2026-06-12T20:02:00.000Z,NQ,29662.25,29675.75,29661.75,29672.75,815
2026-06-12T20:03:00.000Z,NQ,29673.25,29690.0,29671.0,29688.25,915
2026-06-12T20:04:00.000Z,NQ,29685.5,29687.75,29679.0,29680.75,468
2026-06-12T20:05:00.000Z,NQ,29680.25,29689.5,29674.0,29681.25,773
2026-06-12T20:06:00.000Z,NQ,29680.0,29691.5,29677.5,29684.75,646
2026-06-12T20:07:00.000Z,NQ,29685.25,29694.5,29677.25,29694.25,444
2026-06-12T20:08:00.000Z,NQ,29693.75,29710.0,29693.0,29700.0,792
2026-06-12T20:09:00.000Z,NQ,29699.75,29704.5,29696.25,29699.0,388
2026-06-12T20:10:00.000Z,NQ,29700.5,29703.5,29691.25,29698.5,374
2026-06-12T20:11:00.000Z,NQ,29698.5,29720.0,29698.25,29710.0,735
2026-06-12T20:12:00.000Z,NQ,29711.25,29711.25,29698.5,29703.75,297
2026-06-12T20:13:00.000Z,NQ,29702.0,29706.25,29697.25,29703.25,290
2026-06-12T20:14:00.000Z,NQ,29703.75,29719.25,29701.5,29714.25,353
2026-06-12T20:15:00.000Z,NQ,29716.25,29724.5,29712.25,29722.25,194
2026-06-12T20:16:00.000Z,NQ,29721.0,29730.0,29719.75,29726.0,200
2026-06-12T20:17:00.000Z,NQ,29725.5,29732.25,29721.5,29721.5,140
2026-06-12T20:18:00.000Z,NQ,29721.25,29723.0,29716.0,29718.5,160
2026-06-12T20:19:00.000Z,NQ,29719.0,29720.0,29712.0,29717.25,156
2026-06-12T20:20:00.000Z,NQ,29717.25,29718.75,29710.0,29716.25,197
2026-06-12T20:21:00.000Z,NQ,29717.25,29717.25,29707.5,29708.5,90
2026-06-12T20:22:00.000Z,NQ,29708.5,29712.0,29707.25,29709.75,97
2026-06-12T20:23:00.000Z,NQ,29710.0,29710.0,29700.0,29703.0,107
2026-06-12T20:24:00.000Z,NQ,29702.0,29704.25,29696.0,29698.25,89
2026-06-12T20:25:00.000Z,NQ,29697.75,29703.0,29697.75,29698.75,143
2026-06-12T20:26:00.000Z,NQ,29697.0,29703.0,29696.5,29698.75,62
2026-06-12T20:27:00.000Z,NQ,29697.25,29700.75,29693.5,29693.5,125
2026-06-12T20:28:00.000Z,NQ,29693.75,29695.25,29688.5,29689.0,125
2026-06-12T20:29:00.000Z,NQ,29689.5,29690.75,29687.25,29688.0,82
2026-06-12T20:30:00.000Z,NQ,29688.25,29692.0,29682.75,29685.0,140
2026-06-12T20:31:00.000Z,NQ,29685.25,29686.5,29681.0,29684.75,121
2026-06-12T20:32:00.000Z,NQ,29685.25,29692.25,29684.0,29687.25,131
2026-06-12T20:33:00.000Z,NQ,29688.25,29691.75,29683.75,29687.75,153
2026-06-12T20:34:00.000Z,NQ,29688.0,29690.75,29686.5,29690.5,79
2026-06-12T20:35:00.000Z,NQ,29689.75,29690.5,29684.5,29687.0,113
2026-06-12T20:36:00.000Z,NQ,29686.5,29691.0,29685.5,29688.75,108
2026-06-12T20:37:00.000Z,NQ,29689.0,29689.5,29674.0,29679.25,204
2026-06-12T20:38:00.000Z,NQ,29679.5,29684.5,29678.0,29678.25,78
2026-06-12T20:39:00.000Z,NQ,29678.5,29683.0,29677.25,29680.25,138
2026-06-12T20:40:00.000Z,NQ,29681.25,29700.0,29680.5,29700.0,238
2026-06-12T20:41:00.000Z,NQ,29699.5,29704.25,29694.0,29696.75,197
2026-06-12T20:42:00.000Z,NQ,29696.5,29700.75,29695.25,29695.25,82
2026-06-12T20:43:00.000Z,NQ,29696.0,29698.75,29690.5,29692.25,111
2026-06-12T20:44:00.000Z,NQ,29692.75,29694.5,29677.5,29680.0,196
2026-06-12T20:45:00.000Z,NQ,29679.75,29685.5,29675.5,29682.25,146
2026-06-12T20:46:00.000Z,NQ,29683.25,29688.0,29682.25,29686.5,56
2026-06-12T20:47:00.000Z,NQ,29685.5,29687.0,29682.25,29684.75,35
2026-06-12T20:48:00.000Z,NQ,29684.5,29685.5,29678.0,29678.25,63
2026-06-12T20:49:00.000Z,NQ,29679.5,29682.25,29677.5,29678.5,88
2026-06-12T20:50:00.000Z,NQ,29678.5,29681.25,29670.75,29678.5,184
2026-06-12T20:51:00.000Z,NQ,29677.25,29677.75,29670.0,29673.0,105
2026-06-12T20:52:00.000Z,NQ,29672.25,29672.25,29668.5,29671.25,88
2026-06-12T20:53:00.000Z,NQ,29671.0,29675.0,29668.0,29670.0,72
2026-06-12T20:54:00.000Z,NQ,29672.0,29672.25,29666.75,29670.0,57
2026-06-12T20:55:00.000Z,NQ,29669.0,29671.75,29667.5,29669.75,59
2026-06-12T20:56:00.000Z,NQ,29671.0,29677.5,29670.0,29673.75,89
2026-06-12T20:57:00.000Z,NQ,29673.5,29685.25,29672.0,29684.0,134
2026-06-12T20:58:00.000Z,NQ,29682.0,29685.0,29679.0,29682.5,69
2026-06-12T20:59:00.000Z,NQ,29684.75,29685.0,29670.5,29677.75,141
