ts,symbol,open,high,low,close,volume
2026-06-03T04:00:00.000Z,ZN,109.6875,109.6875,109.671875,109.671875,0
2026-06-03T04:01:00.000Z,ZN,109.671875,109.671875,109.671875,109.671875,212
2026-06-03T04:08:00.000Z,ZN,109.671875,109.671875,109.671875,109.671875,207
2026-06-03T04:09:00.000Z,ZN,109.671875,109.671875,109.671875,109.671875,120
2026-06-03T04:10:00.000Z,ZN,109.671875,109.671875,109.671875,109.671875,511
2026-06-03T04:11:00.000Z,ZN,109.671875,109.671875,109.65625,109.671875,262
2026-06-03T04:12:00.000Z,ZN,109.671875,109.671875,109.671875,109.671875,475
2026-06-03T04:13:00.000Z,ZN,109.671875,109.671875,109.671875,109.671875,107
2026-06-03T04:14:00.000Z,ZN,109.671875,109.671875,109.671875,109.671875,11
2026-06-03T04:19:00.000Z,ZN,109.671875,109.671875,109.671875,109.671875,247
2026-06-03T04:20:00.000Z,ZN,109.671875,109.671875,109.671875,109.671875,10
2026-06-03T04:22:00.000Z,ZN,109.65625,109.65625,109.65625,109.65625,3
2026-06-03T04:29:00.000Z,ZN,109.65625,109.671875,109.65625,109.671875,7
2026-06-03T04:37:00.000Z,ZN,109.65625,109.65625,109.65625,109.65625,20
2026-06-03T04:41:00.000Z,ZN,109.65625,109.65625,109.65625,109.65625,30
2026-06-03T04:42:00.000Z,ZN,109.65625,109.65625,109.65625,109.65625,9
2026-06-03T04:43:00.000Z,ZN,109.65625,109.65625,109.65625,109.65625,858
2026-06-03T04:44:00.000Z,ZN,109.65625,109.65625,109.65625,109.65625,385
2026-06-03T04:45:00.000Z,ZN,109.65625,109.65625,109.65625,109.65625,268
2026-06-03T04:46:00.000Z,ZN,109.65625,109.65625,109.65625,109.65625,53
2026-06-03T04:47:00.000Z,ZN,109.65625,109.65625,109.65625,109.65625,124
2026-06-03T04:48:00.000Z,ZN,109.65625,109.65625,109.65625,109.65625,238
2026-06-03T04:49:00.000Z,ZN,109.65625,109.65625,109.65625,109.65625,205
2026-06-03T04:50:00.000Z,ZN,109.65625,109.65625,109.65625,109.65625,126
2026-06-03T04:51:00.000Z,ZN,109.65625,109.65625,109.65625,109.65625,42
2026-06-03T04:52:00.000Z,ZN,109.65625,109.65625,109.65625,109.65625,219
2026-06-03T04:53:00.000Z,ZN,109.65625,109.65625,109.65625,109.65625,250
2026-06-03T04:54:00.000Z,ZN,109.65625,109.65625,109.65625,109.65625,109
2026-06-03T04:55:00.000Z,ZN,109.65625,109.65625,109.65625,109.65625,11
2026-06-03T04:56:00.000Z,ZN,109.65625,109.65625,109.65625,109.65625,1
2026-06-03T04:59:00.000Z,ZN,109.65625,109.65625,109.65625,109.65625,335
2026-06-03T05:00:00.000Z,ZN,109.65625,109.65625,109.65625,109.65625,51
2026-06-03T05:01:00.000Z,ZN,109.65625,109.65625,109.65625,109.65625,195
2026-06-03T05:12:00.000Z,ZN,109.65625,109.65625,109.65625,109.65625,176
2026-06-03T05:17:00.000Z,ZN,109.65625,109.65625,109.65625,109.65625,146
2026-06-03T05:18:00.000Z,ZN,109.671875,109.671875,109.671875,109.671875,10
2026-06-03T05:19:00.000Z,ZN,109.65625,109.65625,109.65625,109.65625,313
2026-06-03T05:22:00.000Z,ZN,109.640625,109.640625,109.625,109.625,365
2026-06-03T05:23:00.000Z,ZN,109.625,109.640625,109.609375,109.609375,826
2026-06-03T05:25:00.000Z,ZN,109.609375,109.609375,109.609375,109.609375,23
2026-06-03T05:26:00.000Z,ZN,109.609375,109.609375,109.609375,109.609375,349
2026-06-03T05:27:00.000Z,ZN,109.609375,109.609375,109.609375,109.609375,100
2026-06-03T05:28:00.000Z,ZN,109.609375,109.609375,109.609375,109.609375,400
2026-06-03T05:29:00.000Z,ZN,109.609375,109.625,109.609375,109.625,32
2026-06-03T05:30:00.000Z,ZN,109.609375,109.609375,109.609375,109.609375,294
2026-06-03T05:31:00.000Z,ZN,109.609375,109.609375,109.609375,109.609375,346
2026-06-03T05:32:00.000Z,ZN,109.609375,109.609375,109.609375,109.609375,49
2026-06-03T05:33:00.000Z,ZN,109.609375,109.609375,109.609375,109.609375,513
2026-06-03T05:38:00.000Z,ZN,109.625,109.625,109.609375,109.609375,290
2026-06-03T05:39:00.000Z,ZN,109.609375,109.609375,109.609375,109.609375,1177
2026-06-03T05:40:00.000Z,ZN,109.609375,109.625,109.609375,109.625,13
2026-06-03T05:42:00.000Z,ZN,109.609375,109.609375,109.609375,109.609375,1
2026-06-03T05:43:00.000Z,ZN,109.609375,109.609375,109.609375,109.609375,75
2026-06-03T05:45:00.000Z,ZN,109.609375,109.609375,109.609375,109.609375,352
2026-06-03T05:46:00.000Z,ZN,109.609375,109.609375,109.609375,109.609375,190
2026-06-03T05:47:00.000Z,ZN,109.59375,109.59375,109.59375,109.59375,5
2026-06-03T05:48:00.000Z,ZN,109.59375,109.59375,109.59375,109.59375,7
2026-06-03T05:49:00.000Z,ZN,109.59375,109.609375,109.59375,109.59375,355
2026-06-03T05:50:00.000Z,ZN,109.59375,109.609375,109.59375,109.59375,2067
2026-06-03T05:51:00.000Z,ZN,109.59375,109.59375,109.59375,109.59375,774
2026-06-03T05:52:00.000Z,ZN,109.578125,109.578125,109.578125,109.578125,150
2026-06-03T05:53:00.000Z,ZN,109.578125,109.578125,109.5625,109.5625,1489
2026-06-03T05:54:00.000Z,ZN,109.578125,109.578125,109.578125,109.578125,704
2026-06-03T05:55:00.000Z,ZN,109.578125,109.59375,109.578125,109.59375,120
2026-06-03T05:56:00.000Z,ZN,109.578125,109.578125,109.578125,109.578125,102
2026-06-03T05:57:00.000Z,ZN,109.578125,109.578125,109.578125,109.578125,2
2026-06-03T05:58:00.000Z,ZN,109.578125,109.578125,109.578125,109.578125,1425
2026-06-03T06:00:00.000Z,ZN,109.578125,109.578125,109.5625,109.578125,1518
2026-06-03T06:01:00.000Z,ZN,109.578125,109.59375,109.5625,109.5625,486
2026-06-03T06:02:00.000Z,ZN,109.5625,109.578125,109.5625,109.578125,312
2026-06-03T06:03:00.000Z,ZN,109.578125,109.578125,109.5625,109.5625,429
2026-06-03T06:04:00.000Z,ZN,109.5625,109.578125,109.5625,109.578125,109
2026-06-03T06:05:00.000Z,ZN,109.578125,109.578125,109.546875,109.546875,4007
2026-06-03T06:06:00.000Z,ZN,109.546875,109.5625,109.546875,109.5625,2373
2026-06-03T06:07:00.000Z,ZN,109.546875,109.5625,109.546875,109.546875,4713
2026-06-03T06:08:00.000Z,ZN,109.546875,109.5625,109.546875,109.5625,888
2026-06-03T06:09:00.000Z,ZN,109.5625,109.5625,109.546875,109.5625,1522
2026-06-03T06:10:00.000Z,ZN,109.546875,109.5625,109.546875,109.546875,1186
2026-06-03T06:11:00.000Z,ZN,109.546875,109.546875,109.515625,109.515625,5186
2026-06-03T06:12:00.000Z,ZN,109.515625,109.53125,109.515625,109.515625,244
2026-06-03T06:13:00.000Z,ZN,109.515625,109.53125,109.515625,109.515625,460
2026-06-03T06:14:00.000Z,ZN,109.515625,109.546875,109.515625,109.53125,1153
2026-06-03T06:15:00.000Z,ZN,109.53125,109.53125,109.53125,109.53125,898
2026-06-03T06:16:00.000Z,ZN,109.546875,109.546875,109.546875,109.546875,2550
2026-06-03T06:17:00.000Z,ZN,109.53125,109.546875,109.53125,109.53125,237
2026-06-03T06:19:00.000Z,ZN,109.53125,109.53125,109.53125,109.53125,27
2026-06-03T06:20:00.000Z,ZN,109.546875,109.546875,109.53125,109.546875,312
2026-06-03T06:21:00.000Z,ZN,109.53125,109.53125,109.53125,109.53125,271
2026-06-03T06:22:00.000Z,ZN,109.53125,109.53125,109.53125,109.53125,64
2026-06-03T06:23:00.000Z,ZN,109.53125,109.546875,109.53125,109.546875,198
2026-06-03T06:24:00.000Z,ZN,109.53125,109.53125,109.53125,109.53125,34
2026-06-03T06:25:00.000Z,ZN,109.53125,109.546875,109.53125,109.53125,22
2026-06-03T06:26:00.000Z,ZN,109.53125,109.53125,109.53125,109.53125,28
2026-06-03T06:27:00.000Z,ZN,109.53125,109.53125,109.53125,109.53125,76
2026-06-03T06:29:00.000Z,ZN,109.546875,109.546875,109.53125,109.546875,67
2026-06-03T06:30:00.000Z,ZN,109.53125,109.546875,109.53125,109.546875,88
2026-06-03T06:31:00.000Z,ZN,109.53125,109.53125,109.53125,109.53125,3536
2026-06-03T06:32:00.000Z,ZN,109.53125,109.546875,109.53125,109.53125,2858
2026-06-03T06:33:00.000Z,ZN,109.53125,109.53125,109.53125,109.53125,1
2026-06-03T06:34:00.000Z,ZN,109.515625,109.515625,109.515625,109.515625,56
2026-06-03T06:35:00.000Z,ZN,109.53125,109.546875,109.515625,109.546875,2207
2026-06-03T06:36:00.000Z,ZN,109.53125,109.546875,109.53125,109.546875,896
2026-06-03T06:37:00.000Z,ZN,109.546875,109.546875,109.546875,109.546875,943
2026-06-03T06:38:00.000Z,ZN,109.546875,109.546875,109.546875,109.546875,269
2026-06-03T06:39:00.000Z,ZN,109.546875,109.546875,109.546875,109.546875,1019
2026-06-03T06:40:00.000Z,ZN,109.53125,109.53125,109.53125,109.53125,53
2026-06-03T06:41:00.000Z,ZN,109.53125,109.53125,109.53125,109.53125,1107
2026-06-03T06:42:00.000Z,ZN,109.53125,109.546875,109.53125,109.546875,83
2026-06-03T06:43:00.000Z,ZN,109.53125,109.546875,109.484375,109.53125,13525
2026-06-03T06:44:00.000Z,ZN,109.53125,109.53125,109.515625,109.515625,781
2026-06-03T06:45:00.000Z,ZN,109.53125,109.53125,109.515625,109.515625,3125
2026-06-03T06:46:00.000Z,ZN,109.515625,109.515625,109.515625,109.515625,141
2026-06-03T06:48:00.000Z,ZN,109.53125,109.53125,109.53125,109.53125,275
2026-06-03T06:50:00.000Z,ZN,109.53125,109.53125,109.53125,109.53125,1
2026-06-03T06:51:00.000Z,ZN,109.53125,109.546875,109.515625,109.546875,1876
2026-06-03T06:52:00.000Z,ZN,109.546875,109.546875,109.53125,109.53125,64
2026-06-03T06:53:00.000Z,ZN,109.53125,109.53125,109.53125,109.53125,1114
2026-06-03T06:54:00.000Z,ZN,109.53125,109.53125,109.53125,109.53125,737
2026-06-03T06:56:00.000Z,ZN,109.53125,109.53125,109.53125,109.53125,15
2026-06-03T06:57:00.000Z,ZN,109.53125,109.53125,109.53125,109.53125,2457
2026-06-03T06:58:00.000Z,ZN,109.53125,109.546875,109.53125,109.546875,139
2026-06-03T06:59:00.000Z,ZN,109.53125,109.53125,109.53125,109.53125,30
2026-06-03T07:00:00.000Z,ZN,109.546875,109.546875,109.53125,109.53125,420
2026-06-03T07:01:00.000Z,ZN,109.53125,109.53125,109.515625,109.53125,693
2026-06-03T07:02:00.000Z,ZN,109.515625,109.53125,109.515625,109.53125,358
2026-06-03T07:03:00.000Z,ZN,109.53125,109.53125,109.515625,109.53125,17
2026-06-03T07:04:00.000Z,ZN,109.53125,109.53125,109.515625,109.515625,1105
2026-06-03T07:05:00.000Z,ZN,109.53125,109.53125,109.515625,109.515625,129
2026-06-03T07:06:00.000Z,ZN,109.53125,109.53125,109.515625,109.53125,36
2026-06-03T07:07:00.000Z,ZN,109.53125,109.53125,109.515625,109.515625,40
2026-06-03T07:08:00.000Z,ZN,109.515625,109.53125,109.515625,109.53125,335
2026-06-03T07:09:00.000Z,ZN,109.53125,109.546875,109.515625,109.546875,3473
2026-06-03T07:10:00.000Z,ZN,109.546875,109.546875,109.53125,109.546875,412
2026-06-03T07:11:00.000Z,ZN,109.53125,109.546875,109.53125,109.546875,27
2026-06-03T07:12:00.000Z,ZN,109.546875,109.5625,109.546875,109.546875,1462
2026-06-03T07:13:00.000Z,ZN,109.546875,109.5625,109.53125,109.546875,446
2026-06-03T07:14:00.000Z,ZN,109.53125,109.546875,109.53125,109.546875,1236
2026-06-03T07:15:00.000Z,ZN,109.546875,109.546875,109.53125,109.546875,1386
2026-06-03T07:16:00.000Z,ZN,109.546875,109.546875,109.546875,109.546875,40
2026-06-03T07:17:00.000Z,ZN,109.546875,109.546875,109.53125,109.546875,694
2026-06-03T07:18:00.000Z,ZN,109.546875,109.546875,109.53125,109.53125,1157
2026-06-03T07:19:00.000Z,ZN,109.53125,109.546875,109.53125,109.53125,221
2026-06-03T07:20:00.000Z,ZN,109.53125,109.53125,109.53125,109.53125,252
2026-06-03T07:21:00.000Z,ZN,109.53125,109.546875,109.53125,109.53125,253
2026-06-03T07:22:00.000Z,ZN,109.546875,109.546875,109.53125,109.546875,1062
2026-06-03T07:23:00.000Z,ZN,109.546875,109.546875,109.53125,109.546875,59
2026-06-03T07:25:00.000Z,ZN,109.53125,109.53125,109.53125,109.53125,628
2026-06-03T07:26:00.000Z,ZN,109.53125,109.53125,109.53125,109.53125,6
2026-06-03T07:27:00.000Z,ZN,109.53125,109.53125,109.53125,109.53125,83
2026-06-03T07:28:00.000Z,ZN,109.53125,109.546875,109.53125,109.53125,33
2026-06-03T07:29:00.000Z,ZN,109.53125,109.53125,109.53125,109.53125,43
2026-06-03T07:30:00.000Z,ZN,109.53125,109.546875,109.53125,109.53125,172
2026-06-03T07:31:00.000Z,ZN,109.53125,109.53125,109.53125,109.53125,44
2026-06-03T07:32:00.000Z,ZN,109.53125,109.546875,109.53125,109.53125,1530
2026-06-03T07:33:00.000Z,ZN,109.53125,109.546875,109.53125,109.53125,1963
2026-06-03T07:34:00.000Z,ZN,109.546875,109.546875,109.53125,109.53125,5
2026-06-03T07:35:00.000Z,ZN,109.546875,109.546875,109.546875,109.546875,2126
2026-06-03T07:36:00.000Z,ZN,109.546875,109.546875,109.546875,109.546875,794
2026-06-03T07:37:00.000Z,ZN,109.546875,109.546875,109.53125,109.546875,768
2026-06-03T07:38:00.000Z,ZN,109.53125,109.53125,109.53125,109.53125,471
2026-06-03T07:39:00.000Z,ZN,109.546875,109.546875,109.546875,109.546875,51
2026-06-03T07:40:00.000Z,ZN,109.53125,109.53125,109.53125,109.53125,1
2026-06-03T07:41:00.000Z,ZN,109.546875,109.546875,109.515625,109.53125,2596
2026-06-03T07:42:00.000Z,ZN,109.53125,109.53125,109.53125,109.53125,881
2026-06-03T07:43:00.000Z,ZN,109.53125,109.546875,109.53125,109.546875,1408
2026-06-03T07:44:00.000Z,ZN,109.546875,109.546875,109.53125,109.53125,101
2026-06-03T07:45:00.000Z,ZN,109.53125,109.53125,109.53125,109.53125,14
2026-06-03T07:46:00.000Z,ZN,109.53125,109.53125,109.53125,109.53125,918
2026-06-03T07:47:00.000Z,ZN,109.53125,109.53125,109.53125,109.53125,393
2026-06-03T07:48:00.000Z,ZN,109.53125,109.546875,109.53125,109.53125,10
2026-06-03T07:49:00.000Z,ZN,109.546875,109.546875,109.515625,109.53125,999
2026-06-03T07:50:00.000Z,ZN,109.53125,109.546875,109.53125,109.53125,940
2026-06-03T07:51:00.000Z,ZN,109.53125,109.53125,109.53125,109.53125,70
2026-06-03T07:52:00.000Z,ZN,109.546875,109.546875,109.546875,109.546875,40
2026-06-03T07:53:00.000Z,ZN,109.546875,109.546875,109.53125,109.53125,250
2026-06-03T07:54:00.000Z,ZN,109.546875,109.546875,109.53125,109.53125,182
2026-06-03T07:55:00.000Z,ZN,109.546875,109.546875,109.53125,109.546875,148
2026-06-03T07:56:00.000Z,ZN,109.546875,109.546875,109.53125,109.53125,256
2026-06-03T07:57:00.000Z,ZN,109.53125,109.546875,109.53125,109.53125,510
2026-06-03T07:58:00.000Z,ZN,109.53125,109.53125,109.53125,109.53125,13
2026-06-03T07:59:00.000Z,ZN,109.53125,109.546875,109.53125,109.53125,18
2026-06-03T08:00:00.000Z,ZN,109.546875,109.546875,109.53125,109.53125,125
2026-06-03T08:01:00.000Z,ZN,109.53125,109.53125,109.53125,109.53125,38
2026-06-03T08:02:00.000Z,ZN,109.53125,109.546875,109.53125,109.53125,20
2026-06-03T08:03:00.000Z,ZN,109.53125,109.546875,109.53125,109.53125,829
2026-06-03T08:04:00.000Z,ZN,109.546875,109.546875,109.546875,109.546875,1174
2026-06-03T08:05:00.000Z,ZN,109.546875,109.546875,109.53125,109.53125,5893
2026-06-03T08:06:00.000Z,ZN,109.53125,109.53125,109.53125,109.53125,200
2026-06-03T08:07:00.000Z,ZN,109.53125,109.546875,109.53125,109.53125,68
2026-06-03T08:08:00.000Z,ZN,109.546875,109.546875,109.53125,109.53125,64
2026-06-03T08:10:00.000Z,ZN,109.546875,109.546875,109.53125,109.53125,203
2026-06-03T08:11:00.000Z,ZN,109.546875,109.546875,109.53125,109.53125,5
2026-06-03T08:12:00.000Z,ZN,109.546875,109.546875,109.53125,109.53125,9
2026-06-03T08:13:00.000Z,ZN,109.53125,109.546875,109.53125,109.546875,29
2026-06-03T08:14:00.000Z,ZN,109.53125,109.546875,109.53125,109.546875,8
2026-06-03T08:15:00.000Z,ZN,109.546875,109.546875,109.53125,109.546875,87
2026-06-03T08:16:00.000Z,ZN,109.546875,109.546875,109.53125,109.53125,174
2026-06-03T08:17:00.000Z,ZN,109.53125,109.53125,109.515625,109.515625,3841
2026-06-03T08:18:00.000Z,ZN,109.515625,109.53125,109.515625,109.515625,1087
2026-06-03T08:19:00.000Z,ZN,109.515625,109.515625,109.515625,109.515625,215
2026-06-03T08:20:00.000Z,ZN,109.5,109.53125,109.5,109.53125,350
2026-06-03T08:21:00.000Z,ZN,109.515625,109.515625,109.515625,109.515625,313
2026-06-03T08:22:00.000Z,ZN,109.5,109.515625,109.484375,109.515625,2542
2026-06-03T08:23:00.000Z,ZN,109.5,109.5,109.5,109.5,452
2026-06-03T08:24:00.000Z,ZN,109.515625,109.515625,109.5,109.5,1289
2026-06-03T08:25:00.000Z,ZN,109.5,109.5,109.5,109.5,29
2026-06-03T08:26:00.000Z,ZN,109.5,109.5,109.5,109.5,45
2026-06-03T08:27:00.000Z,ZN,109.5,109.515625,109.5,109.515625,107
2026-06-03T08:28:00.000Z,ZN,109.515625,109.515625,109.515625,109.515625,1533
2026-06-03T08:29:00.000Z,ZN,109.515625,109.515625,109.515625,109.515625,495
2026-06-03T08:31:00.000Z,ZN,109.515625,109.515625,109.515625,109.515625,1097
2026-06-03T08:32:00.000Z,ZN,109.515625,109.53125,109.515625,109.515625,775
2026-06-03T08:33:00.000Z,ZN,109.515625,109.515625,109.515625,109.515625,36
2026-06-03T08:34:00.000Z,ZN,109.515625,109.515625,109.515625,109.515625,27
2026-06-03T08:35:00.000Z,ZN,109.53125,109.53125,109.5,109.5,869
2026-06-03T08:36:00.000Z,ZN,109.515625,109.515625,109.5,109.5,108
2026-06-03T08:37:00.000Z,ZN,109.515625,109.515625,109.515625,109.515625,31
2026-06-03T08:38:00.000Z,ZN,109.515625,109.515625,109.5,109.515625,230
2026-06-03T08:39:00.000Z,ZN,109.515625,109.515625,109.5,109.5,65
2026-06-03T08:40:00.000Z,ZN,109.5,109.5,109.5,109.5,39
2026-06-03T08:41:00.000Z,ZN,109.5,109.515625,109.5,109.515625,294
2026-06-03T08:42:00.000Z,ZN,109.515625,109.515625,109.515625,109.515625,150
2026-06-03T08:44:00.000Z,ZN,109.5,109.515625,109.5,109.515625,12
2026-06-03T08:45:00.000Z,ZN,109.5,109.515625,109.5,109.515625,9
2026-06-03T08:46:00.000Z,ZN,109.515625,109.515625,109.515625,109.515625,200
2026-06-03T08:47:00.000Z,ZN,109.515625,109.515625,109.515625,109.515625,120
2026-06-03T08:48:00.000Z,ZN,109.515625,109.515625,109.5,109.515625,2713
2026-06-03T08:49:00.000Z,ZN,109.515625,109.515625,109.515625,109.515625,1732
2026-06-03T08:50:00.000Z,ZN,109.515625,109.515625,109.5,109.5,18
2026-06-03T08:51:00.000Z,ZN,109.515625,109.515625,109.515625,109.515625,216
2026-06-03T08:52:00.000Z,ZN,109.515625,109.515625,109.515625,109.515625,1
2026-06-03T08:55:00.000Z,ZN,109.5,109.5,109.5,109.5,15
2026-06-03T08:56:00.000Z,ZN,109.5,109.515625,109.5,109.515625,354
2026-06-03T08:57:00.000Z,ZN,109.515625,109.515625,109.5,109.5,192
2026-06-03T08:58:00.000Z,ZN,109.5,109.515625,109.5,109.515625,318
2026-06-03T08:59:00.000Z,ZN,109.5,109.5,109.484375,109.5,2386
2026-06-03T09:00:00.000Z,ZN,109.484375,109.5,109.484375,109.5,1739
2026-06-03T09:01:00.000Z,ZN,109.5,109.5,109.484375,109.5,1735
2026-06-03T09:02:00.000Z,ZN,109.5,109.5,109.5,109.5,1798
2026-06-03T09:03:00.000Z,ZN,109.484375,109.5,109.484375,109.5,1560
2026-06-03T09:04:00.000Z,ZN,109.515625,109.515625,109.5,109.5,111
2026-06-03T09:05:00.000Z,ZN,109.5,109.5,109.5,109.5,3654
2026-06-03T09:06:00.000Z,ZN,109.5,109.5,109.5,109.5,6
2026-06-03T09:07:00.000Z,ZN,109.5,109.5,109.5,109.5,707
2026-06-03T09:09:00.000Z,ZN,109.515625,109.515625,109.515625,109.515625,50
2026-06-03T09:10:00.000Z,ZN,109.515625,109.515625,109.515625,109.515625,4982
2026-06-03T09:11:00.000Z,ZN,109.515625,109.515625,109.515625,109.515625,1
2026-06-03T09:13:00.000Z,ZN,109.515625,109.515625,109.5,109.5,159
2026-06-03T09:14:00.000Z,ZN,109.5,109.5,109.5,109.5,4
2026-06-03T09:15:00.000Z,ZN,109.515625,109.515625,109.5,109.5,4260
2026-06-03T09:16:00.000Z,ZN,109.5,109.515625,109.5,109.515625,21
2026-06-03T09:17:00.000Z,ZN,109.5,109.5,109.5,109.5,254
2026-06-03T09:18:00.000Z,ZN,109.5,109.5,109.484375,109.5,1023
2026-06-03T09:19:00.000Z,ZN,109.5,109.5,109.484375,109.484375,777
2026-06-03T09:20:00.000Z,ZN,109.5,109.5,109.484375,109.484375,58
2026-06-03T09:21:00.000Z,ZN,109.484375,109.484375,109.484375,109.484375,11
2026-06-03T09:23:00.000Z,ZN,109.484375,109.484375,109.484375,109.484375,220
2026-06-03T09:24:00.000Z,ZN,109.484375,109.484375,109.46875,109.46875,1390
2026-06-03T09:25:00.000Z,ZN,109.46875,109.484375,109.46875,109.46875,170
2026-06-03T09:26:00.000Z,ZN,109.46875,109.484375,109.46875,109.484375,62
2026-06-03T09:27:00.000Z,ZN,109.484375,109.484375,109.46875,109.46875,574
2026-06-03T09:28:00.000Z,ZN,109.46875,109.484375,109.46875,109.46875,170
2026-06-03T09:29:00.000Z,ZN,109.484375,109.484375,109.46875,109.484375,89
2026-06-03T09:30:00.000Z,ZN,109.484375,109.484375,109.46875,109.46875,353
2026-06-03T09:31:00.000Z,ZN,109.46875,109.46875,109.46875,109.46875,4
2026-06-03T09:32:00.000Z,ZN,109.46875,109.484375,109.46875,109.46875,256
2026-06-03T09:33:00.000Z,ZN,109.46875,109.484375,109.46875,109.484375,1724
2026-06-03T09:34:00.000Z,ZN,109.484375,109.484375,109.484375,109.484375,62
2026-06-03T09:35:00.000Z,ZN,109.484375,109.484375,109.484375,109.484375,1607
2026-06-03T09:36:00.000Z,ZN,109.484375,109.484375,109.484375,109.484375,714
2026-06-03T09:37:00.000Z,ZN,109.484375,109.484375,109.484375,109.484375,2472
2026-06-03T09:38:00.000Z,ZN,109.484375,109.5,109.484375,109.5,534
2026-06-03T09:39:00.000Z,ZN,109.484375,109.5,109.484375,109.5,68
2026-06-03T09:40:00.000Z,ZN,109.5,109.5,109.5,109.5,40
2026-06-03T09:42:00.000Z,ZN,109.484375,109.484375,109.484375,109.484375,805
2026-06-03T09:43:00.000Z,ZN,109.5,109.5,109.5,109.5,1
2026-06-03T09:44:00.000Z,ZN,109.484375,109.5,109.484375,109.5,35
2026-06-03T09:45:00.000Z,ZN,109.484375,109.484375,109.484375,109.484375,2134
2026-06-03T09:46:00.000Z,ZN,109.484375,109.484375,109.484375,109.484375,1577
2026-06-03T09:47:00.000Z,ZN,109.484375,109.484375,109.46875,109.46875,1014
2026-06-03T09:49:00.000Z,ZN,109.484375,109.484375,109.46875,109.46875,2
2026-06-03T09:50:00.000Z,ZN,109.46875,109.484375,109.46875,109.46875,5201
2026-06-03T09:51:00.000Z,ZN,109.46875,109.46875,109.46875,109.46875,2
2026-06-03T09:54:00.000Z,ZN,109.484375,109.484375,109.46875,109.484375,152
2026-06-03T09:55:00.000Z,ZN,109.46875,109.46875,109.46875,109.46875,1144
2026-06-03T09:56:00.000Z,ZN,109.46875,109.46875,109.453125,109.46875,2202
2026-06-03T09:57:00.000Z,ZN,109.46875,109.46875,109.46875,109.46875,1953
2026-06-03T09:58:00.000Z,ZN,109.46875,109.484375,109.46875,109.484375,64
2026-06-03T09:59:00.000Z,ZN,109.46875,109.484375,109.46875,109.484375,6
2026-06-03T10:00:00.000Z,ZN,109.46875,109.46875,109.46875,109.46875,1030
2026-06-03T10:01:00.000Z,ZN,109.46875,109.46875,109.46875,109.46875,6
2026-06-03T10:02:00.000Z,ZN,109.484375,109.484375,109.484375,109.484375,60
2026-06-03T10:03:00.000Z,ZN,109.46875,109.46875,109.46875,109.46875,26
2026-06-03T10:04:00.000Z,ZN,109.484375,109.484375,109.46875,109.484375,274
2026-06-03T10:05:00.000Z,ZN,109.46875,109.515625,109.46875,109.515625,5180
2026-06-03T10:06:00.000Z,ZN,109.515625,109.53125,109.515625,109.515625,7885
2026-06-03T10:07:00.000Z,ZN,109.53125,109.546875,109.53125,109.53125,3472
2026-06-03T10:08:00.000Z,ZN,109.53125,109.546875,109.515625,109.53125,11823
2026-06-03T10:09:00.000Z,ZN,109.53125,109.53125,109.53125,109.53125,1152
2026-06-03T10:10:00.000Z,ZN,109.53125,109.53125,109.515625,109.515625,2346
2026-06-03T10:11:00.000Z,ZN,109.515625,109.53125,109.5,109.5,2915
2026-06-03T10:12:00.000Z,ZN,109.515625,109.515625,109.5,109.5,681
2026-06-03T10:13:00.000Z,ZN,109.484375,109.5,109.484375,109.484375,172
2026-06-03T10:14:00.000Z,ZN,109.484375,109.484375,109.484375,109.484375,300
2026-06-03T10:15:00.000Z,ZN,109.484375,109.5,109.484375,109.484375,1063
2026-06-03T10:16:00.000Z,ZN,109.484375,109.5,109.484375,109.5,258
2026-06-03T10:17:00.000Z,ZN,109.5,109.5,109.5,109.5,72
2026-06-03T10:18:00.000Z,ZN,109.5,109.5,109.5,109.5,91
2026-06-03T10:19:00.000Z,ZN,109.484375,109.484375,109.484375,109.484375,105
2026-06-03T10:20:00.000Z,ZN,109.5,109.5,109.46875,109.484375,1889
2026-06-03T10:21:00.000Z,ZN,109.484375,109.484375,109.484375,109.484375,397
2026-06-03T10:22:00.000Z,ZN,109.484375,109.484375,109.484375,109.484375,21
2026-06-03T10:23:00.000Z,ZN,109.484375,109.484375,109.484375,109.484375,322
2026-06-03T10:24:00.000Z,ZN,109.484375,109.484375,109.484375,109.484375,46
2026-06-03T10:25:00.000Z,ZN,109.5,109.5,109.484375,109.5,82
2026-06-03T10:26:00.000Z,ZN,109.484375,109.484375,109.484375,109.484375,200
2026-06-03T10:27:00.000Z,ZN,109.5,109.5,109.5,109.5,2
2026-06-03T10:28:00.000Z,ZN,109.5,109.5,109.5,109.5,3
2026-06-03T10:29:00.000Z,ZN,109.484375,109.484375,109.484375,109.484375,10
2026-06-03T10:30:00.000Z,ZN,109.5,109.5,109.484375,109.5,662
2026-06-03T10:31:00.000Z,ZN,109.5,109.5,109.5,109.5,893
2026-06-03T10:32:00.000Z,ZN,109.515625,109.515625,109.515625,109.515625,2
2026-06-03T10:33:00.000Z,ZN,109.515625,109.515625,109.515625,109.515625,1537
2026-06-03T10:34:00.000Z,ZN,109.5,109.5,109.5,109.5,359
2026-06-03T10:35:00.000Z,ZN,109.5,109.5,109.5,109.5,1
2026-06-03T10:36:00.000Z,ZN,109.5,109.5,109.5,109.5,517
2026-06-03T10:37:00.000Z,ZN,109.5,109.515625,109.5,109.515625,56
2026-06-03T10:39:00.000Z,ZN,109.515625,109.515625,109.5,109.5,223
2026-06-03T10:40:00.000Z,ZN,109.5,109.515625,109.5,109.5,405
2026-06-03T10:41:00.000Z,ZN,109.484375,109.484375,109.484375,109.484375,19
2026-06-03T10:42:00.000Z,ZN,109.484375,109.484375,109.484375,109.484375,20
2026-06-03T10:43:00.000Z,ZN,109.484375,109.484375,109.484375,109.484375,26
2026-06-03T10:44:00.000Z,ZN,109.484375,109.484375,109.484375,109.484375,910
2026-06-03T10:45:00.000Z,ZN,109.46875,109.484375,109.46875,109.46875,1210
2026-06-03T10:46:00.000Z,ZN,109.484375,109.484375,109.484375,109.484375,2
2026-06-03T10:47:00.000Z,ZN,109.484375,109.484375,109.484375,109.484375,455
2026-06-03T10:48:00.000Z,ZN,109.5,109.5,109.484375,109.484375,5
2026-06-03T10:50:00.000Z,ZN,109.5,109.5,109.5,109.5,2
2026-06-03T10:51:00.000Z,ZN,109.5,109.5,109.484375,109.484375,21
2026-06-03T10:52:00.000Z,ZN,109.5,109.5,109.484375,109.484375,1095
2026-06-03T10:53:00.000Z,ZN,109.5,109.5,109.484375,109.5,281
2026-06-03T10:54:00.000Z,ZN,109.5,109.515625,109.5,109.515625,1076
2026-06-03T10:55:00.000Z,ZN,109.515625,109.515625,109.515625,109.515625,266
2026-06-03T10:56:00.000Z,ZN,109.515625,109.515625,109.515625,109.515625,1
2026-06-03T10:57:00.000Z,ZN,109.53125,109.53125,109.515625,109.515625,230
2026-06-03T10:58:00.000Z,ZN,109.515625,109.515625,109.5,109.515625,827
2026-06-03T10:59:00.000Z,ZN,109.5,109.5,109.5,109.5,147
2026-06-03T11:00:00.000Z,ZN,109.515625,109.515625,109.5,109.5,190
2026-06-03T11:01:00.000Z,ZN,109.5,109.53125,109.5,109.5,1158
2026-06-03T11:02:00.000Z,ZN,109.5,109.515625,109.5,109.515625,2741
2026-06-03T11:03:00.000Z,ZN,109.515625,109.515625,109.5,109.5,100
2026-06-03T11:04:00.000Z,ZN,109.5,109.515625,109.5,109.5,27
2026-06-03T11:05:00.000Z,ZN,109.5,109.5,109.5,109.5,106
2026-06-03T11:06:00.000Z,ZN,109.5,109.515625,109.5,109.5,24
2026-06-03T11:07:00.000Z,ZN,109.5,109.5,109.484375,109.5,4352
2026-06-03T11:08:00.000Z,ZN,109.5,109.5,109.484375,109.5,494
2026-06-03T11:09:00.000Z,ZN,109.5,109.5,109.484375,109.484375,428
2026-06-03T11:10:00.000Z,ZN,109.484375,109.484375,109.484375,109.484375,15
2026-06-03T11:11:00.000Z,ZN,109.484375,109.5,109.484375,109.484375,22
2026-06-03T11:12:00.000Z,ZN,109.484375,109.5,109.484375,109.484375,20
2026-06-03T11:13:00.000Z,ZN,109.484375,109.515625,109.484375,109.515625,2675
2026-06-03T11:14:00.000Z,ZN,109.5,109.5,109.5,109.5,26
2026-06-03T11:15:00.000Z,ZN,109.5,109.515625,109.5,109.5,534
2026-06-03T11:16:00.000Z,ZN,109.5,109.5,109.5,109.5,63
2026-06-03T11:17:00.000Z,ZN,109.5,109.5,109.5,109.5,3307
2026-06-03T11:18:00.000Z,ZN,109.5,109.5,109.5,109.5,19
2026-06-03T11:19:00.000Z,ZN,109.5,109.5,109.5,109.5,104
2026-06-03T11:20:00.000Z,ZN,109.5,109.515625,109.5,109.515625,739
2026-06-03T11:21:00.000Z,ZN,109.515625,109.515625,109.5,109.5,166
2026-06-03T11:22:00.000Z,ZN,109.5,109.5,109.5,109.5,18
2026-06-03T11:23:00.000Z,ZN,109.5,109.515625,109.5,109.515625,346
2026-06-03T11:24:00.000Z,ZN,109.515625,109.515625,109.5,109.5,751
2026-06-03T11:25:00.000Z,ZN,109.5,109.515625,109.5,109.515625,765
2026-06-03T11:26:00.000Z,ZN,109.515625,109.53125,109.515625,109.515625,65
2026-06-03T11:27:00.000Z,ZN,109.515625,109.53125,109.515625,109.515625,558
2026-06-03T11:28:00.000Z,ZN,109.515625,109.515625,109.515625,109.515625,1971
2026-06-03T11:29:00.000Z,ZN,109.515625,109.515625,109.515625,109.515625,52
2026-06-03T11:30:00.000Z,ZN,109.515625,109.546875,109.515625,109.546875,641
2026-06-03T11:31:00.000Z,ZN,109.53125,109.53125,109.515625,109.515625,338
2026-06-03T11:32:00.000Z,ZN,109.53125,109.53125,109.515625,109.53125,926
2026-06-03T11:33:00.000Z,ZN,109.515625,109.515625,109.515625,109.515625,14
2026-06-03T11:34:00.000Z,ZN,109.515625,109.515625,109.515625,109.515625,21
2026-06-03T11:35:00.000Z,ZN,109.515625,109.53125,109.515625,109.515625,15
2026-06-03T11:36:00.000Z,ZN,109.515625,109.515625,109.515625,109.515625,29
2026-06-03T11:37:00.000Z,ZN,109.515625,109.53125,109.515625,109.515625,71
2026-06-03T11:38:00.000Z,ZN,109.515625,109.515625,109.515625,109.515625,16
2026-06-03T11:39:00.000Z,ZN,109.515625,109.53125,109.515625,109.515625,41
2026-06-03T11:40:00.000Z,ZN,109.53125,109.53125,109.515625,109.515625,399
2026-06-03T11:41:00.000Z,ZN,109.515625,109.53125,109.515625,109.515625,73
2026-06-03T11:42:00.000Z,ZN,109.515625,109.515625,109.515625,109.515625,16
2026-06-03T11:43:00.000Z,ZN,109.515625,109.53125,109.515625,109.515625,31
2026-06-03T11:44:00.000Z,ZN,109.515625,109.53125,109.515625,109.515625,22
2026-06-03T11:45:00.000Z,ZN,109.515625,109.53125,109.515625,109.515625,129
2026-06-03T11:46:00.000Z,ZN,109.515625,109.53125,109.515625,109.515625,836
2026-06-03T11:47:00.000Z,ZN,109.515625,109.53125,109.515625,109.515625,1224
2026-06-03T11:48:00.000Z,ZN,109.515625,109.53125,109.515625,109.515625,2541
2026-06-03T11:49:00.000Z,ZN,109.515625,109.515625,109.515625,109.515625,430
2026-06-03T11:50:00.000Z,ZN,109.515625,109.515625,109.515625,109.515625,69
2026-06-03T11:51:00.000Z,ZN,109.515625,109.53125,109.515625,109.53125,1639
2026-06-03T11:52:00.000Z,ZN,109.546875,109.546875,109.53125,109.53125,472
2026-06-03T11:53:00.000Z,ZN,109.53125,109.53125,109.515625,109.515625,854
2026-06-03T11:54:00.000Z,ZN,109.515625,109.53125,109.515625,109.515625,36
2026-06-03T11:55:00.000Z,ZN,109.515625,109.515625,109.515625,109.515625,38
2026-06-03T11:56:00.000Z,ZN,109.515625,109.515625,109.515625,109.515625,531
2026-06-03T11:57:00.000Z,ZN,109.515625,109.53125,109.515625,109.515625,39
2026-06-03T11:58:00.000Z,ZN,109.515625,109.515625,109.515625,109.515625,64
2026-06-03T11:59:00.000Z,ZN,109.515625,109.53125,109.515625,109.515625,48
2026-06-03T12:00:00.000Z,ZN,109.515625,109.53125,109.515625,109.53125,37
2026-06-03T12:01:00.000Z,ZN,109.515625,109.53125,109.515625,109.515625,265
2026-06-03T12:02:00.000Z,ZN,109.515625,109.53125,109.515625,109.53125,1813
2026-06-03T12:03:00.000Z,ZN,109.515625,109.53125,109.515625,109.515625,1140
2026-06-03T12:04:00.000Z,ZN,109.515625,109.53125,109.515625,109.515625,47
2026-06-03T12:05:00.000Z,ZN,109.515625,109.53125,109.515625,109.515625,1487
2026-06-03T12:06:00.000Z,ZN,109.515625,109.53125,109.515625,109.515625,228
2026-06-03T12:07:00.000Z,ZN,109.515625,109.53125,109.515625,109.515625,22
2026-06-03T12:08:00.000Z,ZN,109.515625,109.53125,109.515625,109.53125,144
2026-06-03T12:09:00.000Z,ZN,109.515625,109.53125,109.515625,109.515625,49
2026-06-03T12:10:00.000Z,ZN,109.515625,109.53125,109.515625,109.515625,4131
2026-06-03T12:11:00.000Z,ZN,109.515625,109.515625,109.515625,109.515625,363
2026-06-03T12:12:00.000Z,ZN,109.515625,109.53125,109.515625,109.515625,1916
2026-06-03T12:13:00.000Z,ZN,109.515625,109.53125,109.515625,109.53125,1000
2026-06-03T12:14:00.000Z,ZN,109.53125,109.53125,109.515625,109.515625,1132
2026-06-03T12:15:00.000Z,ZN,109.53125,109.53125,109.5,109.5,3676
2026-06-03T12:16:00.000Z,ZN,109.5,109.5,109.5,109.5,109
2026-06-03T12:17:00.000Z,ZN,109.5,109.5,109.484375,109.5,3738
2026-06-03T12:18:00.000Z,ZN,109.5,109.5,109.484375,109.484375,4296
2026-06-03T12:19:00.000Z,ZN,109.484375,109.484375,109.484375,109.484375,487
2026-06-03T12:20:00.000Z,ZN,109.484375,109.484375,109.46875,109.46875,1408
2026-06-03T12:21:00.000Z,ZN,109.484375,109.484375,109.46875,109.46875,3255
2026-06-03T12:22:00.000Z,ZN,109.46875,109.484375,109.453125,109.46875,4819
2026-06-03T12:23:00.000Z,ZN,109.46875,109.46875,109.4375,109.4375,1679
2026-06-03T12:24:00.000Z,ZN,109.4375,109.453125,109.4375,109.4375,4631
2026-06-03T12:25:00.000Z,ZN,109.4375,109.46875,109.4375,109.453125,5640
2026-06-03T12:26:00.000Z,ZN,109.453125,109.453125,109.4375,109.4375,2687
2026-06-03T12:27:00.000Z,ZN,109.4375,109.453125,109.4375,109.4375,2441
2026-06-03T12:28:00.000Z,ZN,109.4375,109.453125,109.4375,109.4375,2024
2026-06-03T12:29:00.000Z,ZN,109.4375,109.453125,109.4375,109.4375,289
2026-06-03T12:30:00.000Z,ZN,109.4375,109.453125,109.421875,109.421875,4298
2026-06-03T12:31:00.000Z,ZN,109.421875,109.453125,109.421875,109.4375,6919
2026-06-03T12:32:00.000Z,ZN,109.4375,109.453125,109.4375,109.453125,10717
2026-06-03T12:33:00.000Z,ZN,109.4375,109.453125,109.421875,109.421875,4587
2026-06-03T12:34:00.000Z,ZN,109.421875,109.4375,109.40625,109.40625,4526
2026-06-03T12:35:00.000Z,ZN,109.421875,109.421875,109.390625,109.40625,8571
2026-06-03T12:36:00.000Z,ZN,109.40625,109.40625,109.390625,109.390625,1202
2026-06-03T12:37:00.000Z,ZN,109.390625,109.40625,109.375,109.375,2437
2026-06-03T12:38:00.000Z,ZN,109.375,109.390625,109.375,109.375,6291
2026-06-03T12:39:00.000Z,ZN,109.375,109.390625,109.375,109.375,1173
2026-06-03T12:40:00.000Z,ZN,109.375,109.390625,109.375,109.390625,5604
2026-06-03T12:41:00.000Z,ZN,109.390625,109.40625,109.375,109.40625,1928
2026-06-03T12:42:00.000Z,ZN,109.390625,109.40625,109.390625,109.40625,4431
2026-06-03T12:43:00.000Z,ZN,109.40625,109.421875,109.390625,109.421875,1998
2026-06-03T12:44:00.000Z,ZN,109.421875,109.4375,109.421875,109.421875,2246
2026-06-03T12:45:00.000Z,ZN,109.421875,109.4375,109.40625,109.421875,4240
2026-06-03T12:46:00.000Z,ZN,109.421875,109.4375,109.40625,109.421875,3756
2026-06-03T12:47:00.000Z,ZN,109.40625,109.421875,109.40625,109.421875,1370
2026-06-03T12:48:00.000Z,ZN,109.421875,109.421875,109.40625,109.421875,70
2026-06-03T12:49:00.000Z,ZN,109.421875,109.421875,109.40625,109.40625,2100
2026-06-03T12:50:00.000Z,ZN,109.40625,109.4375,109.40625,109.4375,1545
2026-06-03T12:51:00.000Z,ZN,109.421875,109.4375,109.421875,109.4375,60
2026-06-03T12:52:00.000Z,ZN,109.421875,109.4375,109.421875,109.4375,77
2026-06-03T12:53:00.000Z,ZN,109.421875,109.4375,109.421875,109.421875,439
2026-06-03T12:54:00.000Z,ZN,109.421875,109.4375,109.421875,109.4375,171
2026-06-03T12:55:00.000Z,ZN,109.421875,109.421875,109.40625,109.421875,3970
2026-06-03T12:56:00.000Z,ZN,109.40625,109.421875,109.40625,109.421875,1648
2026-06-03T12:57:00.000Z,ZN,109.421875,109.421875,109.421875,109.421875,741
2026-06-03T12:58:00.000Z,ZN,109.421875,109.4375,109.40625,109.4375,2017
2026-06-03T12:59:00.000Z,ZN,109.421875,109.4375,109.421875,109.421875,446
2026-06-03T13:00:00.000Z,ZN,109.4375,109.4375,109.4375,109.4375,2121
2026-06-03T13:01:00.000Z,ZN,109.4375,109.453125,109.421875,109.4375,2998
2026-06-03T13:02:00.000Z,ZN,109.4375,109.453125,109.421875,109.453125,4949
2026-06-03T13:03:00.000Z,ZN,109.453125,109.46875,109.453125,109.453125,2733
2026-06-03T13:04:00.000Z,ZN,109.453125,109.46875,109.4375,109.453125,2075
2026-06-03T13:05:00.000Z,ZN,109.453125,109.46875,109.453125,109.453125,121
2026-06-03T13:06:00.000Z,ZN,109.453125,109.453125,109.4375,109.453125,938
2026-06-03T13:07:00.000Z,ZN,109.46875,109.484375,109.46875,109.46875,2183
2026-06-03T13:08:00.000Z,ZN,109.46875,109.46875,109.453125,109.46875,3039
2026-06-03T13:09:00.000Z,ZN,109.46875,109.46875,109.4375,109.453125,8669
2026-06-03T13:10:00.000Z,ZN,109.453125,109.453125,109.4375,109.4375,2415
2026-06-03T13:11:00.000Z,ZN,109.4375,109.46875,109.4375,109.46875,1690
2026-06-03T13:12:00.000Z,ZN,109.453125,109.453125,109.453125,109.453125,648
2026-06-03T13:13:00.000Z,ZN,109.453125,109.46875,109.453125,109.453125,7110
2026-06-03T13:14:00.000Z,ZN,109.453125,109.453125,109.4375,109.4375,1255
2026-06-03T13:15:00.000Z,ZN,109.4375,109.453125,109.4375,109.453125,5190
2026-06-03T13:16:00.000Z,ZN,109.453125,109.453125,109.4375,109.4375,878
2026-06-03T13:17:00.000Z,ZN,109.4375,109.453125,109.4375,109.4375,1293
2026-06-03T13:18:00.000Z,ZN,109.421875,109.4375,109.421875,109.421875,152
2026-06-03T13:19:00.000Z,ZN,109.421875,109.4375,109.421875,109.421875,1332
2026-06-03T13:20:00.000Z,ZN,109.4375,109.4375,109.40625,109.4375,4164
2026-06-03T13:21:00.000Z,ZN,109.4375,109.453125,109.421875,109.4375,4139
2026-06-03T13:22:00.000Z,ZN,109.4375,109.453125,109.4375,109.453125,1059
2026-06-03T13:23:00.000Z,ZN,109.4375,109.4375,109.4375,109.4375,1454
2026-06-03T13:24:00.000Z,ZN,109.4375,109.4375,109.421875,109.4375,724
2026-06-03T13:25:00.000Z,ZN,109.4375,109.453125,109.421875,109.4375,2714
2026-06-03T13:26:00.000Z,ZN,109.4375,109.4375,109.421875,109.421875,178
2026-06-03T13:27:00.000Z,ZN,109.4375,109.4375,109.421875,109.421875,394
2026-06-03T13:28:00.000Z,ZN,109.4375,109.453125,109.421875,109.4375,6992
2026-06-03T13:29:00.000Z,ZN,109.453125,109.453125,109.4375,109.4375,2906
2026-06-03T13:30:00.000Z,ZN,109.4375,109.453125,109.421875,109.4375,3993
2026-06-03T13:31:00.000Z,ZN,109.4375,109.453125,109.4375,109.453125,165
2026-06-03T13:32:00.000Z,ZN,109.4375,109.453125,109.4375,109.4375,136
2026-06-03T13:33:00.000Z,ZN,109.453125,109.453125,109.4375,109.453125,5383
2026-06-03T13:34:00.000Z,ZN,109.453125,109.453125,109.4375,109.4375,2763
2026-06-03T13:35:00.000Z,ZN,109.453125,109.453125,109.4375,109.453125,142
2026-06-03T13:36:00.000Z,ZN,109.4375,109.46875,109.4375,109.453125,1007
2026-06-03T13:37:00.000Z,ZN,109.453125,109.46875,109.453125,109.46875,185
2026-06-03T13:38:00.000Z,ZN,109.453125,109.46875,109.453125,109.453125,2748
2026-06-03T13:39:00.000Z,ZN,109.46875,109.46875,109.4375,109.4375,4181
2026-06-03T13:40:00.000Z,ZN,109.453125,109.453125,109.4375,109.4375,3662
2026-06-03T13:41:00.000Z,ZN,109.4375,109.4375,109.421875,109.4375,3865
2026-06-03T13:42:00.000Z,ZN,109.4375,109.46875,109.4375,109.453125,3589
2026-06-03T13:43:00.000Z,ZN,109.4375,109.453125,109.4375,109.4375,115
2026-06-03T13:44:00.000Z,ZN,109.453125,109.453125,109.4375,109.4375,2418
2026-06-03T13:45:00.000Z,ZN,109.4375,109.453125,109.421875,109.421875,4858
2026-06-03T13:46:00.000Z,ZN,109.421875,109.4375,109.421875,109.421875,1366
2026-06-03T13:47:00.000Z,ZN,109.421875,109.4375,109.40625,109.40625,1655
2026-06-03T13:48:00.000Z,ZN,109.40625,109.421875,109.40625,109.421875,1250
2026-06-03T13:49:00.000Z,ZN,109.421875,109.453125,109.421875,109.4375,3028
2026-06-03T13:50:00.000Z,ZN,109.4375,109.453125,109.421875,109.4375,3192
2026-06-03T13:51:00.000Z,ZN,109.421875,109.4375,109.421875,109.421875,178
2026-06-03T13:52:00.000Z,ZN,109.421875,109.4375,109.421875,109.4375,1712
2026-06-03T13:53:00.000Z,ZN,109.4375,109.453125,109.421875,109.453125,3614
2026-06-03T13:54:00.000Z,ZN,109.453125,109.453125,109.4375,109.453125,2050
2026-06-03T13:55:00.000Z,ZN,109.453125,109.46875,109.4375,109.453125,3187
2026-06-03T13:56:00.000Z,ZN,109.453125,109.46875,109.453125,109.453125,3867
2026-06-03T13:57:00.000Z,ZN,109.453125,109.46875,109.453125,109.453125,1706
2026-06-03T13:58:00.000Z,ZN,109.453125,109.46875,109.4375,109.453125,4972
2026-06-03T13:59:00.000Z,ZN,109.46875,109.46875,109.453125,109.46875,1351
2026-06-03T14:00:00.000Z,ZN,109.453125,109.515625,109.40625,109.5,17070
2026-06-03T14:01:00.000Z,ZN,109.5,109.53125,109.46875,109.484375,14552
2026-06-03T14:02:00.000Z,ZN,109.46875,109.484375,109.453125,109.46875,2467
2026-06-03T14:03:00.000Z,ZN,109.46875,109.5,109.46875,109.5,8299
2026-06-03T14:04:00.000Z,ZN,109.5,109.5,109.484375,109.5,4049
2026-06-03T14:05:00.000Z,ZN,109.5,109.5,109.484375,109.5,2551
2026-06-03T14:06:00.000Z,ZN,109.515625,109.53125,109.5,109.53125,2770
2026-06-03T14:07:00.000Z,ZN,109.53125,109.546875,109.515625,109.53125,5693
2026-06-03T14:08:00.000Z,ZN,109.53125,109.53125,109.53125,109.53125,1273
2026-06-03T14:09:00.000Z,ZN,109.515625,109.546875,109.515625,109.53125,2293
2026-06-03T14:10:00.000Z,ZN,109.53125,109.546875,109.53125,109.546875,4561
2026-06-03T14:11:00.000Z,ZN,109.546875,109.546875,109.53125,109.53125,1318
2026-06-03T14:12:00.000Z,ZN,109.515625,109.546875,109.515625,109.53125,7101
2026-06-03T14:13:00.000Z,ZN,109.53125,109.5625,109.53125,109.546875,698
2026-06-03T14:14:00.000Z,ZN,109.5625,109.578125,109.546875,109.5625,7095
2026-06-03T14:15:00.000Z,ZN,109.5625,109.5625,109.546875,109.546875,4461
2026-06-03T14:16:00.000Z,ZN,109.5625,109.578125,109.546875,109.546875,2844
2026-06-03T14:17:00.000Z,ZN,109.5625,109.578125,109.546875,109.5625,2872
2026-06-03T14:18:00.000Z,ZN,109.5625,109.5625,109.5625,109.5625,2709
2026-06-03T14:19:00.000Z,ZN,109.5625,109.5625,109.53125,109.546875,11424
2026-06-03T14:20:00.000Z,ZN,109.546875,109.5625,109.53125,109.546875,6201
2026-06-03T14:21:00.000Z,ZN,109.5625,109.5625,109.546875,109.546875,459
2026-06-03T14:22:00.000Z,ZN,109.5625,109.578125,109.546875,109.578125,991
2026-06-03T14:23:00.000Z,ZN,109.578125,109.578125,109.5625,109.5625,2786
2026-06-03T14:24:00.000Z,ZN,109.578125,109.578125,109.5625,109.578125,264
2026-06-03T14:25:00.000Z,ZN,109.578125,109.578125,109.5625,109.578125,133
2026-06-03T14:26:00.000Z,ZN,109.578125,109.578125,109.546875,109.546875,5252
2026-06-03T14:27:00.000Z,ZN,109.546875,109.5625,109.546875,109.546875,1638
2026-06-03T14:28:00.000Z,ZN,109.5625,109.5625,109.546875,109.5625,1426
2026-06-03T14:29:00.000Z,ZN,109.5625,109.578125,109.5625,109.578125,2459
2026-06-03T14:30:00.000Z,ZN,109.5625,109.578125,109.5625,109.5625,722
2026-06-03T14:31:00.000Z,ZN,109.5625,109.578125,109.5625,109.5625,446
2026-06-03T14:32:00.000Z,ZN,109.5625,109.5625,109.546875,109.5625,420
2026-06-03T14:33:00.000Z,ZN,109.5625,109.5625,109.53125,109.5625,3948
2026-06-03T14:34:00.000Z,ZN,109.546875,109.5625,109.546875,109.546875,1750
2026-06-03T14:35:00.000Z,ZN,109.5625,109.5625,109.546875,109.5625,1769
2026-06-03T14:36:00.000Z,ZN,109.5625,109.5625,109.546875,109.5625,58
2026-06-03T14:37:00.000Z,ZN,109.5625,109.5625,109.546875,109.5625,1518
2026-06-03T14:38:00.000Z,ZN,109.5625,109.5625,109.546875,109.546875,519
2026-06-03T14:39:00.000Z,ZN,109.5625,109.5625,109.546875,109.5625,191
2026-06-03T14:40:00.000Z,ZN,109.5625,109.5625,109.53125,109.53125,7157
2026-06-03T14:41:00.000Z,ZN,109.53125,109.546875,109.53125,109.53125,4101
2026-06-03T14:42:00.000Z,ZN,109.546875,109.546875,109.515625,109.53125,764
2026-06-03T14:43:00.000Z,ZN,109.515625,109.53125,109.5,109.515625,3489
2026-06-03T14:44:00.000Z,ZN,109.515625,109.53125,109.5,109.5,910
2026-06-03T14:45:00.000Z,ZN,109.515625,109.515625,109.5,109.515625,93
2026-06-03T14:46:00.000Z,ZN,109.515625,109.515625,109.5,109.5,181
2026-06-03T14:47:00.000Z,ZN,109.515625,109.515625,109.484375,109.515625,4245
2026-06-03T14:48:00.000Z,ZN,109.5,109.515625,109.5,109.515625,287
2026-06-03T14:49:00.000Z,ZN,109.515625,109.515625,109.5,109.5,3588
2026-06-03T14:50:00.000Z,ZN,109.5,109.515625,109.5,109.515625,1139
2026-06-03T14:51:00.000Z,ZN,109.515625,109.53125,109.5,109.515625,2701
2026-06-03T14:52:00.000Z,ZN,109.515625,109.53125,109.515625,109.53125,2127
2026-06-03T14:53:00.000Z,ZN,109.53125,109.546875,109.515625,109.546875,1204
2026-06-03T14:54:00.000Z,ZN,109.546875,109.546875,109.53125,109.546875,251
2026-06-03T14:55:00.000Z,ZN,109.546875,109.546875,109.53125,109.53125,606
2026-06-03T14:56:00.000Z,ZN,109.546875,109.546875,109.515625,109.515625,2571
2026-06-03T14:57:00.000Z,ZN,109.53125,109.53125,109.515625,109.53125,1510
2026-06-03T14:58:00.000Z,ZN,109.53125,109.546875,109.515625,109.546875,2777
2026-06-03T14:59:00.000Z,ZN,109.53125,109.546875,109.515625,109.53125,278
2026-06-03T15:00:00.000Z,ZN,109.515625,109.53125,109.515625,109.515625,1215
2026-06-03T15:01:00.000Z,ZN,109.53125,109.53125,109.515625,109.515625,228
2026-06-03T15:02:00.000Z,ZN,109.515625,109.53125,109.5,109.515625,4788
2026-06-03T15:03:00.000Z,ZN,109.515625,109.53125,109.515625,109.515625,1392
2026-06-03T15:04:00.000Z,ZN,109.515625,109.515625,109.484375,109.5,1181
2026-06-03T15:05:00.000Z,ZN,109.5,109.5,109.484375,109.484375,2071
2026-06-03T15:06:00.000Z,ZN,109.484375,109.5,109.484375,109.5,4372
2026-06-03T15:07:00.000Z,ZN,109.5,109.515625,109.484375,109.484375,2307
2026-06-03T15:08:00.000Z,ZN,109.5,109.5,109.484375,109.484375,1105
2026-06-03T15:09:00.000Z,ZN,109.484375,109.5,109.484375,109.5,926
2026-06-03T15:10:00.000Z,ZN,109.484375,109.515625,109.484375,109.5,1064
2026-06-03T15:11:00.000Z,ZN,109.515625,109.515625,109.484375,109.484375,3289
2026-06-03T15:12:00.000Z,ZN,109.5,109.5,109.46875,109.46875,10204
2026-06-03T15:13:00.000Z,ZN,109.46875,109.484375,109.46875,109.46875,413
2026-06-03T15:14:00.000Z,ZN,109.484375,109.5,109.484375,109.484375,1861
2026-06-03T15:15:00.000Z,ZN,109.484375,109.484375,109.46875,109.46875,1882
2026-06-03T15:16:00.000Z,ZN,109.484375,109.515625,109.484375,109.515625,4544
2026-06-03T15:17:00.000Z,ZN,109.515625,109.515625,109.5,109.5,1830
2026-06-03T15:18:00.000Z,ZN,109.484375,109.5,109.484375,109.5,315
2026-06-03T15:19:00.000Z,ZN,109.5,109.5,109.484375,109.484375,882
2026-06-03T15:20:00.000Z,ZN,109.484375,109.484375,109.484375,109.484375,993
2026-06-03T15:21:00.000Z,ZN,109.484375,109.484375,109.46875,109.484375,2097
2026-06-03T15:22:00.000Z,ZN,109.484375,109.5,109.46875,109.484375,2835
2026-06-03T15:23:00.000Z,ZN,109.46875,109.46875,109.453125,109.46875,668
2026-06-03T15:24:00.000Z,ZN,109.453125,109.46875,109.453125,109.46875,1195
2026-06-03T15:25:00.000Z,ZN,109.453125,109.46875,109.4375,109.453125,4871
2026-06-03T15:26:00.000Z,ZN,109.453125,109.46875,109.4375,109.46875,2581
2026-06-03T15:27:00.000Z,ZN,109.453125,109.46875,109.453125,109.453125,608
2026-06-03T15:28:00.000Z,ZN,109.453125,109.46875,109.453125,109.46875,7984
2026-06-03T15:29:00.000Z,ZN,109.453125,109.46875,109.453125,109.453125,485
2026-06-03T15:30:00.000Z,ZN,109.453125,109.46875,109.453125,109.46875,789
2026-06-03T15:31:00.000Z,ZN,109.46875,109.46875,109.453125,109.46875,2264
2026-06-03T15:32:00.000Z,ZN,109.46875,109.484375,109.453125,109.46875,3478
2026-06-03T15:33:00.000Z,ZN,109.453125,109.46875,109.4375,109.453125,3537
2026-06-03T15:34:00.000Z,ZN,109.4375,109.46875,109.4375,109.453125,2807
2026-06-03T15:35:00.000Z,ZN,109.4375,109.453125,109.421875,109.421875,3750
2026-06-03T15:36:00.000Z,ZN,109.421875,109.4375,109.421875,109.4375,353
2026-06-03T15:37:00.000Z,ZN,109.421875,109.4375,109.390625,109.40625,6982
2026-06-03T15:38:00.000Z,ZN,109.40625,109.4375,109.40625,109.421875,4172
2026-06-03T15:39:00.000Z,ZN,109.40625,109.421875,109.40625,109.421875,2699
2026-06-03T15:40:00.000Z,ZN,109.40625,109.4375,109.40625,109.421875,5812
2026-06-03T15:41:00.000Z,ZN,109.421875,109.421875,109.40625,109.40625,3426
2026-06-03T15:42:00.000Z,ZN,109.40625,109.421875,109.40625,109.421875,3848
2026-06-03T15:43:00.000Z,ZN,109.40625,109.421875,109.40625,109.421875,4987
2026-06-03T15:44:00.000Z,ZN,109.40625,109.421875,109.40625,109.40625,260
2026-06-03T15:45:00.000Z,ZN,109.40625,109.421875,109.40625,109.40625,159
2026-06-03T15:46:00.000Z,ZN,109.40625,109.40625,109.390625,109.390625,5039
2026-06-03T15:47:00.000Z,ZN,109.375,109.390625,109.375,109.375,381
2026-06-03T15:48:00.000Z,ZN,109.375,109.40625,109.375,109.390625,3642
2026-06-03T15:49:00.000Z,ZN,109.390625,109.40625,109.390625,109.390625,276
2026-06-03T15:50:00.000Z,ZN,109.390625,109.421875,109.390625,109.421875,1964
2026-06-03T15:51:00.000Z,ZN,109.40625,109.421875,109.40625,109.421875,122
2026-06-03T15:52:00.000Z,ZN,109.40625,109.421875,109.40625,109.421875,593
2026-06-03T15:53:00.000Z,ZN,109.40625,109.421875,109.40625,109.40625,107
2026-06-03T15:54:00.000Z,ZN,109.40625,109.421875,109.40625,109.40625,757
2026-06-03T15:55:00.000Z,ZN,109.40625,109.4375,109.40625,109.4375,2830
2026-06-03T15:56:00.000Z,ZN,109.421875,109.4375,109.40625,109.421875,4040
2026-06-03T15:57:00.000Z,ZN,109.40625,109.421875,109.40625,109.40625,125
2026-06-03T15:58:00.000Z,ZN,109.40625,109.421875,109.40625,109.40625,1481
2026-06-03T15:59:00.000Z,ZN,109.40625,109.421875,109.40625,109.421875,261
2026-06-03T16:00:00.000Z,ZN,109.421875,109.421875,109.40625,109.40625,2481
2026-06-03T16:01:00.000Z,ZN,109.40625,109.40625,109.390625,109.40625,403
2026-06-03T16:02:00.000Z,ZN,109.390625,109.40625,109.390625,109.40625,115
2026-06-03T16:03:00.000Z,ZN,109.390625,109.40625,109.390625,109.40625,102
2026-06-03T16:04:00.000Z,ZN,109.390625,109.40625,109.375,109.390625,3334
2026-06-03T16:05:00.000Z,ZN,109.40625,109.421875,109.390625,109.40625,3137
2026-06-03T16:06:00.000Z,ZN,109.40625,109.421875,109.40625,109.40625,627
2026-06-03T16:07:00.000Z,ZN,109.40625,109.40625,109.375,109.390625,1631
2026-06-03T16:08:00.000Z,ZN,109.390625,109.390625,109.390625,109.390625,891
2026-06-03T16:09:00.000Z,ZN,109.390625,109.40625,109.390625,109.390625,2004
2026-06-03T16:10:00.000Z,ZN,109.390625,109.40625,109.390625,109.40625,738
2026-06-03T16:11:00.000Z,ZN,109.390625,109.40625,109.390625,109.390625,106
2026-06-03T16:12:00.000Z,ZN,109.390625,109.40625,109.390625,109.390625,1948
2026-06-03T16:13:00.000Z,ZN,109.390625,109.40625,109.390625,109.390625,1249
2026-06-03T16:14:00.000Z,ZN,109.390625,109.40625,109.390625,109.390625,2573
2026-06-03T16:15:00.000Z,ZN,109.375,109.390625,109.375,109.375,136
2026-06-03T16:16:00.000Z,ZN,109.375,109.390625,109.375,109.390625,147
2026-06-03T16:17:00.000Z,ZN,109.390625,109.390625,109.375,109.390625,281
2026-06-03T16:18:00.000Z,ZN,109.390625,109.390625,109.359375,109.359375,3284
2026-06-03T16:19:00.000Z,ZN,109.359375,109.390625,109.359375,109.390625,1508
2026-06-03T16:20:00.000Z,ZN,109.390625,109.390625,109.375,109.375,367
2026-06-03T16:21:00.000Z,ZN,109.375,109.390625,109.375,109.375,300
2026-06-03T16:22:00.000Z,ZN,109.375,109.40625,109.375,109.390625,9069
2026-06-03T16:23:00.000Z,ZN,109.390625,109.390625,109.375,109.375,1101
2026-06-03T16:24:00.000Z,ZN,109.375,109.390625,109.375,109.375,326
2026-06-03T16:25:00.000Z,ZN,109.375,109.390625,109.375,109.375,355
2026-06-03T16:26:00.000Z,ZN,109.390625,109.390625,109.375,109.375,480
2026-06-03T16:27:00.000Z,ZN,109.375,109.390625,109.375,109.375,3047
2026-06-03T16:28:00.000Z,ZN,109.375,109.390625,109.375,109.375,150
2026-06-03T16:29:00.000Z,ZN,109.375,109.390625,109.375,109.375,642
2026-06-03T16:30:00.000Z,ZN,109.390625,109.40625,109.390625,109.40625,3337
2026-06-03T16:31:00.000Z,ZN,109.40625,109.40625,109.390625,109.390625,3242
2026-06-03T16:32:00.000Z,ZN,109.390625,109.40625,109.390625,109.40625,1304
2026-06-03T16:33:00.000Z,ZN,109.40625,109.421875,109.390625,109.40625,2592
2026-06-03T16:34:00.000Z,ZN,109.390625,109.40625,109.390625,109.390625,1423
2026-06-03T16:35:00.000Z,ZN,109.40625,109.40625,109.390625,109.390625,78
2026-06-03T16:36:00.000Z,ZN,109.40625,109.40625,109.390625,109.40625,2572
2026-06-03T16:37:00.000Z,ZN,109.40625,109.421875,109.40625,109.40625,49
2026-06-03T16:38:00.000Z,ZN,109.40625,109.421875,109.40625,109.40625,151
2026-06-03T16:39:00.000Z,ZN,109.40625,109.4375,109.40625,109.40625,2226
2026-06-03T16:40:00.000Z,ZN,109.40625,109.421875,109.40625,109.40625,269
2026-06-03T16:41:00.000Z,ZN,109.40625,109.4375,109.40625,109.421875,3010
2026-06-03T16:42:00.000Z,ZN,109.421875,109.4375,109.421875,109.4375,856
2026-06-03T16:43:00.000Z,ZN,109.421875,109.421875,109.40625,109.421875,1878
2026-06-03T16:44:00.000Z,ZN,109.421875,109.4375,109.421875,109.421875,406
2026-06-03T16:45:00.000Z,ZN,109.4375,109.4375,109.421875,109.4375,103
2026-06-03T16:46:00.000Z,ZN,109.421875,109.4375,109.421875,109.421875,334
2026-06-03T16:47:00.000Z,ZN,109.421875,109.4375,109.421875,109.421875,213
2026-06-03T16:48:00.000Z,ZN,109.421875,109.4375,109.421875,109.421875,67
2026-06-03T16:49:00.000Z,ZN,109.421875,109.4375,109.40625,109.421875,1851
2026-06-03T16:50:00.000Z,ZN,109.421875,109.4375,109.421875,109.4375,928
2026-06-03T16:51:00.000Z,ZN,109.421875,109.4375,109.421875,109.421875,1633
2026-06-03T16:52:00.000Z,ZN,109.421875,109.4375,109.40625,109.421875,4279
2026-06-03T16:53:00.000Z,ZN,109.421875,109.421875,109.40625,109.40625,918
2026-06-03T16:54:00.000Z,ZN,109.421875,109.421875,109.40625,109.40625,91
2026-06-03T16:55:00.000Z,ZN,109.421875,109.421875,109.40625,109.421875,2266
2026-06-03T16:56:00.000Z,ZN,109.421875,109.4375,109.421875,109.421875,625
2026-06-03T16:57:00.000Z,ZN,109.421875,109.4375,109.40625,109.4375,3506
2026-06-03T16:58:00.000Z,ZN,109.4375,109.4375,109.421875,109.4375,1796
2026-06-03T16:59:00.000Z,ZN,109.4375,109.4375,109.421875,109.421875,429
2026-06-03T17:00:00.000Z,ZN,109.4375,109.4375,109.421875,109.4375,600
2026-06-03T17:01:00.000Z,ZN,109.4375,109.453125,109.4375,109.453125,299
2026-06-03T17:02:00.000Z,ZN,109.453125,109.453125,109.4375,109.4375,663
2026-06-03T17:03:00.000Z,ZN,109.4375,109.453125,109.4375,109.4375,77
2026-06-03T17:04:00.000Z,ZN,109.4375,109.4375,109.4375,109.4375,897
2026-06-03T17:05:00.000Z,ZN,109.453125,109.453125,109.4375,109.453125,34
2026-06-03T17:06:00.000Z,ZN,109.453125,109.453125,109.4375,109.453125,63
2026-06-03T17:07:00.000Z,ZN,109.453125,109.46875,109.453125,109.453125,1836
2026-06-03T17:08:00.000Z,ZN,109.453125,109.453125,109.453125,109.453125,2652
2026-06-03T17:09:00.000Z,ZN,109.46875,109.484375,109.453125,109.46875,8627
2026-06-03T17:10:00.000Z,ZN,109.46875,109.46875,109.453125,109.46875,708
2026-06-03T17:11:00.000Z,ZN,109.453125,109.46875,109.453125,109.453125,580
2026-06-03T17:12:00.000Z,ZN,109.453125,109.453125,109.4375,109.453125,2164
2026-06-03T17:13:00.000Z,ZN,109.453125,109.453125,109.421875,109.421875,2058
2026-06-03T17:14:00.000Z,ZN,109.4375,109.4375,109.421875,109.421875,1879
2026-06-03T17:15:00.000Z,ZN,109.4375,109.453125,109.4375,109.4375,1240
2026-06-03T17:16:00.000Z,ZN,109.453125,109.453125,109.421875,109.4375,420
2026-06-03T17:17:00.000Z,ZN,109.4375,109.4375,109.4375,109.4375,22
2026-06-03T17:18:00.000Z,ZN,109.4375,109.4375,109.421875,109.4375,245
2026-06-03T17:19:00.000Z,ZN,109.421875,109.4375,109.40625,109.421875,3867
2026-06-03T17:20:00.000Z,ZN,109.421875,109.4375,109.421875,109.4375,688
2026-06-03T17:21:00.000Z,ZN,109.421875,109.421875,109.421875,109.421875,1448
2026-06-03T17:22:00.000Z,ZN,109.40625,109.421875,109.40625,109.421875,422
2026-06-03T17:23:00.000Z,ZN,109.421875,109.4375,109.421875,109.421875,835
2026-06-03T17:24:00.000Z,ZN,109.4375,109.4375,109.4375,109.4375,394
2026-06-03T17:25:00.000Z,ZN,109.421875,109.4375,109.421875,109.421875,116
2026-06-03T17:26:00.000Z,ZN,109.4375,109.4375,109.421875,109.421875,6
2026-06-03T17:27:00.000Z,ZN,109.4375,109.4375,109.4375,109.4375,17
2026-06-03T17:28:00.000Z,ZN,109.4375,109.4375,109.421875,109.4375,14
2026-06-03T17:29:00.000Z,ZN,109.421875,109.4375,109.421875,109.421875,891
2026-06-03T17:30:00.000Z,ZN,109.421875,109.421875,109.421875,109.421875,1
2026-06-03T17:31:00.000Z,ZN,109.421875,109.4375,109.421875,109.421875,32
2026-06-03T17:32:00.000Z,ZN,109.421875,109.421875,109.421875,109.421875,289
2026-06-03T17:33:00.000Z,ZN,109.421875,109.4375,109.421875,109.421875,48
2026-06-03T17:34:00.000Z,ZN,109.421875,109.453125,109.421875,109.4375,2259
2026-06-03T17:35:00.000Z,ZN,109.421875,109.4375,109.421875,109.421875,252
2026-06-03T17:36:00.000Z,ZN,109.421875,109.421875,109.421875,109.421875,99
2026-06-03T17:37:00.000Z,ZN,109.421875,109.4375,109.421875,109.4375,686
2026-06-03T17:38:00.000Z,ZN,109.421875,109.4375,109.421875,109.421875,53
2026-06-03T17:39:00.000Z,ZN,109.421875,109.4375,109.421875,109.421875,30
2026-06-03T17:40:00.000Z,ZN,109.421875,109.4375,109.421875,109.421875,49
2026-06-03T17:41:00.000Z,ZN,109.421875,109.453125,109.421875,109.4375,505
2026-06-03T17:42:00.000Z,ZN,109.4375,109.453125,109.421875,109.4375,1120
2026-06-03T17:43:00.000Z,ZN,109.421875,109.4375,109.421875,109.421875,28
2026-06-03T17:44:00.000Z,ZN,109.421875,109.4375,109.421875,109.4375,2068
2026-06-03T17:45:00.000Z,ZN,109.421875,109.4375,109.421875,109.421875,41
2026-06-03T17:46:00.000Z,ZN,109.421875,109.453125,109.421875,109.453125,2469
2026-06-03T17:47:00.000Z,ZN,109.4375,109.453125,109.4375,109.4375,73
2026-06-03T17:48:00.000Z,ZN,109.4375,109.453125,109.4375,109.453125,13
2026-06-03T17:49:00.000Z,ZN,109.4375,109.453125,109.4375,109.4375,225
2026-06-03T17:50:00.000Z,ZN,109.4375,109.453125,109.4375,109.4375,13
2026-06-03T17:51:00.000Z,ZN,109.4375,109.453125,109.4375,109.4375,40
2026-06-03T17:52:00.000Z,ZN,109.4375,109.4375,109.4375,109.4375,47
2026-06-03T17:53:00.000Z,ZN,109.4375,109.453125,109.4375,109.453125,31
2026-06-03T17:54:00.000Z,ZN,109.4375,109.453125,109.4375,109.4375,22
2026-06-03T17:55:00.000Z,ZN,109.4375,109.453125,109.4375,109.4375,51
2026-06-03T17:56:00.000Z,ZN,109.4375,109.453125,109.4375,109.4375,259
2026-06-03T17:57:00.000Z,ZN,109.4375,109.453125,109.4375,109.453125,1555
2026-06-03T17:58:00.000Z,ZN,109.453125,109.453125,109.453125,109.453125,104
2026-06-03T17:59:00.000Z,ZN,109.453125,109.46875,109.453125,109.453125,350
2026-06-03T18:00:00.000Z,ZN,109.46875,109.46875,109.453125,109.453125,34
2026-06-03T18:01:00.000Z,ZN,109.453125,109.46875,109.453125,109.46875,35
2026-06-03T18:02:00.000Z,ZN,109.453125,109.46875,109.453125,109.453125,65
2026-06-03T18:03:00.000Z,ZN,109.453125,109.46875,109.453125,109.46875,589
2026-06-03T18:04:00.000Z,ZN,109.453125,109.46875,109.453125,109.453125,117
2026-06-03T18:05:00.000Z,ZN,109.46875,109.484375,109.453125,109.453125,4141
2026-06-03T18:06:00.000Z,ZN,109.46875,109.484375,109.46875,109.484375,1151
2026-06-03T18:07:00.000Z,ZN,109.484375,109.484375,109.46875,109.46875,599
2026-06-03T18:08:00.000Z,ZN,109.46875,109.46875,109.453125,109.453125,719
2026-06-03T18:09:00.000Z,ZN,109.46875,109.46875,109.46875,109.46875,21
2026-06-03T18:10:00.000Z,ZN,109.46875,109.46875,109.453125,109.453125,152
2026-06-03T18:11:00.000Z,ZN,109.453125,109.46875,109.453125,109.453125,68
2026-06-03T18:12:00.000Z,ZN,109.46875,109.46875,109.453125,109.46875,889
2026-06-03T18:13:00.000Z,ZN,109.453125,109.46875,109.453125,109.46875,32
2026-06-03T18:14:00.000Z,ZN,109.453125,109.46875,109.453125,109.453125,85
2026-06-03T18:15:00.000Z,ZN,109.46875,109.46875,109.453125,109.46875,79
2026-06-03T18:16:00.000Z,ZN,109.46875,109.46875,109.453125,109.46875,25
2026-06-03T18:17:00.000Z,ZN,109.46875,109.46875,109.453125,109.46875,2387
2026-06-03T18:18:00.000Z,ZN,109.453125,109.46875,109.453125,109.46875,69
2026-06-03T18:19:00.000Z,ZN,109.453125,109.46875,109.453125,109.46875,26
2026-06-03T18:20:00.000Z,ZN,109.453125,109.46875,109.453125,109.453125,6594
2026-06-03T18:21:00.000Z,ZN,109.453125,109.46875,109.453125,109.453125,633
2026-06-03T18:22:00.000Z,ZN,109.453125,109.46875,109.453125,109.453125,1428
2026-06-03T18:23:00.000Z,ZN,109.46875,109.46875,109.453125,109.46875,58
2026-06-03T18:24:00.000Z,ZN,109.46875,109.484375,109.46875,109.484375,716
2026-06-03T18:25:00.000Z,ZN,109.484375,109.484375,109.46875,109.484375,38
2026-06-03T18:26:00.000Z,ZN,109.484375,109.484375,109.46875,109.46875,135
2026-06-03T18:27:00.000Z,ZN,109.484375,109.484375,109.46875,109.46875,616
2026-06-03T18:28:00.000Z,ZN,109.484375,109.484375,109.46875,109.484375,19
2026-06-03T18:29:00.000Z,ZN,109.46875,109.484375,109.46875,109.46875,212
2026-06-03T18:30:00.000Z,ZN,109.484375,109.5,109.484375,109.484375,2976
2026-06-03T18:31:00.000Z,ZN,109.484375,109.5,109.484375,109.484375,2946
2026-06-03T18:32:00.000Z,ZN,109.484375,109.484375,109.46875,109.46875,732
2026-06-03T18:33:00.000Z,ZN,109.484375,109.484375,109.46875,109.484375,2146
2026-06-03T18:34:00.000Z,ZN,109.46875,109.46875,109.453125,109.453125,7139
2026-06-03T18:35:00.000Z,ZN,109.453125,109.453125,109.4375,109.453125,44
2026-06-03T18:36:00.000Z,ZN,109.453125,109.453125,109.4375,109.453125,5194
2026-06-03T18:37:00.000Z,ZN,109.46875,109.46875,109.46875,109.46875,18
2026-06-03T18:38:00.000Z,ZN,109.46875,109.46875,109.453125,109.453125,4
2026-06-03T18:39:00.000Z,ZN,109.453125,109.46875,109.453125,109.46875,1072
2026-06-03T18:40:00.000Z,ZN,109.453125,109.46875,109.453125,109.453125,1294
2026-06-03T18:41:00.000Z,ZN,109.453125,109.453125,109.453125,109.453125,792
2026-06-03T18:42:00.000Z,ZN,109.453125,109.46875,109.453125,109.453125,110
2026-06-03T18:43:00.000Z,ZN,109.46875,109.46875,109.453125,109.453125,128
2026-06-03T18:44:00.000Z,ZN,109.453125,109.46875,109.453125,109.453125,190
2026-06-03T18:45:00.000Z,ZN,109.453125,109.46875,109.453125,109.46875,1263
2026-06-03T18:46:00.000Z,ZN,109.484375,109.484375,109.46875,109.46875,72
2026-06-03T18:47:00.000Z,ZN,109.46875,109.484375,109.46875,109.484375,73
2026-06-03T18:48:00.000Z,ZN,109.484375,109.484375,109.46875,109.46875,53
2026-06-03T18:49:00.000Z,ZN,109.46875,109.484375,109.46875,109.46875,73
2026-06-03T18:50:00.000Z,ZN,109.484375,109.484375,109.46875,109.46875,120
2026-06-03T18:51:00.000Z,ZN,109.46875,109.484375,109.46875,109.46875,1189
2026-06-03T18:52:00.000Z,ZN,109.484375,109.484375,109.46875,109.484375,88
2026-06-03T18:53:00.000Z,ZN,109.46875,109.484375,109.46875,109.484375,104
2026-06-03T18:54:00.000Z,ZN,109.484375,109.484375,109.46875,109.46875,117
2026-06-03T18:55:00.000Z,ZN,109.46875,109.484375,109.46875,109.484375,429
2026-06-03T18:56:00.000Z,ZN,109.484375,109.484375,109.46875,109.46875,282
2026-06-03T18:57:00.000Z,ZN,109.484375,109.484375,109.453125,109.453125,10478
2026-06-03T18:58:00.000Z,ZN,109.453125,109.46875,109.453125,109.453125,702
2026-06-03T18:59:00.000Z,ZN,109.46875,109.484375,109.4375,109.4375,30917
2026-06-03T19:00:00.000Z,ZN,109.453125,109.453125,109.421875,109.4375,17520
2026-06-03T19:01:00.000Z,ZN,109.4375,109.453125,109.4375,109.4375,1933
2026-06-03T19:02:00.000Z,ZN,109.4375,109.453125,109.421875,109.4375,3517
2026-06-03T19:03:00.000Z,ZN,109.4375,109.453125,109.421875,109.453125,1363
2026-06-03T19:04:00.000Z,ZN,109.453125,109.46875,109.453125,109.46875,2136
2026-06-03T19:05:00.000Z,ZN,109.46875,109.46875,109.46875,109.46875,8
2026-06-03T19:06:00.000Z,ZN,109.46875,109.46875,109.453125,109.46875,145
2026-06-03T19:07:00.000Z,ZN,109.46875,109.46875,109.453125,109.453125,3282
2026-06-03T19:08:00.000Z,ZN,109.46875,109.46875,109.453125,109.453125,1425
2026-06-03T19:09:00.000Z,ZN,109.46875,109.46875,109.46875,109.46875,32
2026-06-03T19:10:00.000Z,ZN,109.46875,109.46875,109.4375,109.453125,4604
2026-06-03T19:11:00.000Z,ZN,109.453125,109.46875,109.4375,109.4375,1381
2026-06-03T19:12:00.000Z,ZN,109.4375,109.453125,109.4375,109.453125,448
2026-06-03T19:13:00.000Z,ZN,109.46875,109.46875,109.453125,109.453125,6
2026-06-03T19:14:00.000Z,ZN,109.46875,109.46875,109.453125,109.453125,57
2026-06-03T19:15:00.000Z,ZN,109.453125,109.46875,109.453125,109.453125,117
2026-06-03T19:16:00.000Z,ZN,109.453125,109.453125,109.453125,109.453125,14
2026-06-03T19:17:00.000Z,ZN,109.453125,109.5,109.453125,109.46875,6315
2026-06-03T19:18:00.000Z,ZN,109.46875,109.484375,109.46875,109.46875,53
2026-06-03T19:19:00.000Z,ZN,109.484375,109.484375,109.46875,109.46875,33
2026-06-03T19:20:00.000Z,ZN,109.484375,109.484375,109.46875,109.484375,219
2026-06-03T19:21:00.000Z,ZN,109.484375,109.484375,109.46875,109.46875,2449
2026-06-03T19:22:00.000Z,ZN,109.46875,109.46875,109.453125,109.46875,1165
2026-06-03T19:23:00.000Z,ZN,109.46875,109.46875,109.46875,109.46875,2
2026-06-03T19:24:00.000Z,ZN,109.453125,109.453125,109.453125,109.453125,121
2026-06-03T19:25:00.000Z,ZN,109.46875,109.46875,109.453125,109.453125,297
2026-06-03T19:26:00.000Z,ZN,109.46875,109.46875,109.453125,109.453125,8
2026-06-03T19:27:00.000Z,ZN,109.453125,109.46875,109.453125,109.453125,258
2026-06-03T19:28:00.000Z,ZN,109.453125,109.453125,109.453125,109.453125,290
2026-06-03T19:29:00.000Z,ZN,109.453125,109.46875,109.453125,109.453125,41
2026-06-03T19:30:00.000Z,ZN,109.453125,109.46875,109.453125,109.453125,238
2026-06-03T19:31:00.000Z,ZN,109.453125,109.46875,109.453125,109.453125,374
2026-06-03T19:32:00.000Z,ZN,109.453125,109.46875,109.4375,109.453125,4564
2026-06-03T19:33:00.000Z,ZN,109.4375,109.453125,109.4375,109.4375,2612
2026-06-03T19:34:00.000Z,ZN,109.4375,109.453125,109.4375,109.4375,184
2026-06-03T19:35:00.000Z,ZN,109.4375,109.453125,109.4375,109.453125,1874
2026-06-03T19:36:00.000Z,ZN,109.453125,109.46875,109.4375,109.4375,2329
2026-06-03T19:37:00.000Z,ZN,109.453125,109.453125,109.4375,109.453125,665
2026-06-03T19:38:00.000Z,ZN,109.453125,109.46875,109.453125,109.453125,494
2026-06-03T19:39:00.000Z,ZN,109.453125,109.46875,109.453125,109.453125,55
2026-06-03T19:40:00.000Z,ZN,109.453125,109.46875,109.453125,109.453125,31
2026-06-03T19:41:00.000Z,ZN,109.46875,109.46875,109.453125,109.453125,117
2026-06-03T19:42:00.000Z,ZN,109.453125,109.46875,109.453125,109.453125,48
2026-06-03T19:43:00.000Z,ZN,109.453125,109.453125,109.453125,109.453125,17
2026-06-03T19:44:00.000Z,ZN,109.453125,109.46875,109.453125,109.46875,35
2026-06-03T19:45:00.000Z,ZN,109.453125,109.46875,109.453125,109.453125,2126
2026-06-03T19:46:00.000Z,ZN,109.46875,109.46875,109.453125,109.453125,14
2026-06-03T19:47:00.000Z,ZN,109.453125,109.46875,109.453125,109.453125,55
2026-06-03T19:48:00.000Z,ZN,109.453125,109.46875,109.453125,109.453125,24
2026-06-03T19:49:00.000Z,ZN,109.453125,109.46875,109.453125,109.46875,31
2026-06-03T19:50:00.000Z,ZN,109.453125,109.46875,109.453125,109.46875,45
2026-06-03T19:51:00.000Z,ZN,109.453125,109.46875,109.453125,109.453125,190
2026-06-03T19:52:00.000Z,ZN,109.453125,109.46875,109.453125,109.453125,55
2026-06-03T19:53:00.000Z,ZN,109.453125,109.46875,109.453125,109.453125,97
2026-06-03T19:54:00.000Z,ZN,109.453125,109.46875,109.453125,109.46875,1294
2026-06-03T19:55:00.000Z,ZN,109.453125,109.46875,109.453125,109.46875,256
2026-06-03T19:56:00.000Z,ZN,109.46875,109.46875,109.453125,109.46875,151
2026-06-03T19:57:00.000Z,ZN,109.46875,109.484375,109.46875,109.46875,5059
2026-06-03T19:58:00.000Z,ZN,109.46875,109.484375,109.453125,109.484375,15234
2026-06-03T19:59:00.000Z,ZN,109.46875,109.484375,109.453125,109.46875,8191
2026-06-03T20:00:00.000Z,ZN,109.484375,109.5,109.46875,109.46875,8101
2026-06-03T20:01:00.000Z,ZN,109.46875,109.484375,109.453125,109.46875,5450
2026-06-03T20:02:00.000Z,ZN,109.46875,109.46875,109.453125,109.453125,745
2026-06-03T20:03:00.000Z,ZN,109.453125,109.46875,109.453125,109.46875,364
2026-06-03T20:04:00.000Z,ZN,109.453125,109.46875,109.453125,109.453125,336
2026-06-03T20:05:00.000Z,ZN,109.453125,109.46875,109.4375,109.453125,3971
2026-06-03T20:06:00.000Z,ZN,109.453125,109.46875,109.4375,109.453125,2107
2026-06-03T20:07:00.000Z,ZN,109.453125,109.46875,109.453125,109.46875,156
2026-06-03T20:08:00.000Z,ZN,109.46875,109.46875,109.453125,109.453125,124
2026-06-03T20:09:00.000Z,ZN,109.453125,109.46875,109.453125,109.453125,1008
2026-06-03T20:10:00.000Z,ZN,109.453125,109.46875,109.453125,109.453125,64
2026-06-03T20:11:00.000Z,ZN,109.453125,109.46875,109.453125,109.453125,261
2026-06-03T20:12:00.000Z,ZN,109.453125,109.46875,109.453125,109.453125,198
2026-06-03T20:13:00.000Z,ZN,109.46875,109.46875,109.4375,109.453125,2280
2026-06-03T20:14:00.000Z,ZN,109.453125,109.46875,109.453125,109.453125,2863
2026-06-03T20:15:00.000Z,ZN,109.453125,109.46875,109.453125,109.453125,3299
2026-06-03T20:16:00.000Z,ZN,109.453125,109.46875,109.453125,109.46875,24
2026-06-03T20:17:00.000Z,ZN,109.453125,109.453125,109.453125,109.453125,2028
2026-06-03T20:18:00.000Z,ZN,109.453125,109.46875,109.453125,109.46875,1663
2026-06-03T20:20:00.000Z,ZN,109.46875,109.46875,109.453125,109.46875,542
2026-06-03T20:21:00.000Z,ZN,109.46875,109.46875,109.46875,109.46875,2
2026-06-03T20:23:00.000Z,ZN,109.453125,109.46875,109.453125,109.453125,181
2026-06-03T20:24:00.000Z,ZN,109.453125,109.453125,109.453125,109.453125,4
2026-06-03T20:25:00.000Z,ZN,109.453125,109.453125,109.453125,109.453125,8
2026-06-03T20:26:00.000Z,ZN,109.46875,109.46875,109.46875,109.46875,95
2026-06-03T20:27:00.000Z,ZN,109.453125,109.46875,109.453125,109.453125,87
2026-06-03T20:28:00.000Z,ZN,109.46875,109.46875,109.453125,109.453125,333
2026-06-03T20:29:00.000Z,ZN,109.46875,109.46875,109.453125,109.453125,212
2026-06-03T20:31:00.000Z,ZN,109.453125,109.453125,109.453125,109.453125,50
2026-06-03T20:32:00.000Z,ZN,109.453125,109.453125,109.453125,109.453125,10
2026-06-03T20:33:00.000Z,ZN,109.46875,109.46875,109.453125,109.453125,323
2026-06-03T20:34:00.000Z,ZN,109.453125,109.46875,109.453125,109.46875,31
2026-06-03T20:35:00.000Z,ZN,109.453125,109.453125,109.453125,109.453125,90
2026-06-03T20:36:00.000Z,ZN,109.453125,109.453125,109.4375,109.453125,859
2026-06-03T20:37:00.000Z,ZN,109.453125,109.453125,109.4375,109.4375,254
2026-06-03T20:38:00.000Z,ZN,109.4375,109.453125,109.4375,109.4375,226
2026-06-03T20:39:00.000Z,ZN,109.4375,109.453125,109.4375,109.4375,1171
2026-06-03T20:40:00.000Z,ZN,109.4375,109.453125,109.4375,109.4375,161
2026-06-03T20:42:00.000Z,ZN,109.4375,109.453125,109.4375,109.4375,5512
2026-06-03T20:43:00.000Z,ZN,109.4375,109.4375,109.4375,109.4375,440
2026-06-03T20:44:00.000Z,ZN,109.4375,109.453125,109.421875,109.4375,796
2026-06-03T20:45:00.000Z,ZN,109.4375,109.4375,109.421875,109.4375,750
2026-06-03T20:46:00.000Z,ZN,109.421875,109.4375,109.421875,109.4375,14
2026-06-03T20:47:00.000Z,ZN,109.4375,109.4375,109.4375,109.4375,126
2026-06-03T20:48:00.000Z,ZN,109.4375,109.4375,109.421875,109.421875,71
2026-06-03T20:49:00.000Z,ZN,109.4375,109.4375,109.421875,109.421875,51
2026-06-03T20:50:00.000Z,ZN,109.4375,109.4375,109.421875,109.421875,30
2026-06-03T20:51:00.000Z,ZN,109.421875,109.4375,109.40625,109.421875,4936
2026-06-03T20:52:00.000Z,ZN,109.421875,109.4375,109.40625,109.4375,2191
2026-06-03T20:53:00.000Z,ZN,109.421875,109.421875,109.421875,109.421875,27
2026-06-03T20:54:00.000Z,ZN,109.421875,109.421875,109.421875,109.421875,2109
2026-06-03T20:55:00.000Z,ZN,109.4375,109.4375,109.40625,109.40625,906
2026-06-03T20:56:00.000Z,ZN,109.40625,109.421875,109.40625,109.40625,183
2026-06-03T20:57:00.000Z,ZN,109.421875,109.421875,109.40625,109.40625,272
2026-06-03T20:58:00.000Z,ZN,109.40625,109.421875,109.40625,109.421875,323
2026-06-03T20:59:00.000Z,ZN,109.421875,109.421875,109.40625,109.421875,0
2026-06-03T22:00:00.000Z,ZN,109.390625,109.40625,109.390625,109.390625,3305
2026-06-03T22:01:00.000Z,ZN,109.40625,109.40625,109.390625,109.390625,5
2026-06-03T22:03:00.000Z,ZN,109.40625,109.40625,109.40625,109.40625,2
2026-06-03T22:04:00.000Z,ZN,109.40625,109.40625,109.390625,109.40625,127
2026-06-03T22:07:00.000Z,ZN,109.390625,109.390625,109.390625,109.390625,38
2026-06-03T22:08:00.000Z,ZN,109.390625,109.390625,109.390625,109.390625,1
2026-06-03T22:09:00.000Z,ZN,109.40625,109.40625,109.40625,109.40625,1
2026-06-03T22:12:00.000Z,ZN,109.40625,109.40625,109.390625,109.40625,1067
2026-06-03T22:13:00.000Z,ZN,109.421875,109.421875,109.421875,109.421875,41
2026-06-03T22:14:00.000Z,ZN,109.40625,109.40625,109.40625,109.40625,245
2026-06-03T22:15:00.000Z,ZN,109.40625,109.40625,109.40625,109.40625,1
2026-06-03T22:16:00.000Z,ZN,109.40625,109.40625,109.40625,109.40625,57
2026-06-03T22:17:00.000Z,ZN,109.421875,109.421875,109.40625,109.40625,6
2026-06-03T22:19:00.000Z,ZN,109.421875,109.421875,109.421875,109.421875,238
2026-06-03T22:20:00.000Z,ZN,109.421875,109.421875,109.421875,109.421875,12
2026-06-03T22:21:00.000Z,ZN,109.421875,109.421875,109.421875,109.421875,209
2026-06-03T22:22:00.000Z,ZN,109.40625,109.40625,109.40625,109.40625,1
2026-06-03T22:23:00.000Z,ZN,109.421875,109.421875,109.40625,109.421875,224
2026-06-03T22:26:00.000Z,ZN,109.421875,109.421875,109.421875,109.421875,1
2026-06-03T22:28:00.000Z,ZN,109.421875,109.421875,109.421875,109.421875,483
2026-06-03T22:30:00.000Z,ZN,109.4375,109.4375,109.4375,109.4375,203
2026-06-03T22:32:00.000Z,ZN,109.453125,109.453125,109.4375,109.4375,97
2026-06-03T22:33:00.000Z,ZN,109.4375,109.4375,109.4375,109.4375,1
2026-06-03T22:34:00.000Z,ZN,109.453125,109.46875,109.4375,109.46875,1435
2026-06-03T22:35:00.000Z,ZN,109.46875,109.46875,109.46875,109.46875,257
2026-06-03T22:36:00.000Z,ZN,109.46875,109.46875,109.453125,109.46875,924
2026-06-03T22:37:00.000Z,ZN,109.453125,109.453125,109.453125,109.453125,57
2026-06-03T22:38:00.000Z,ZN,109.453125,109.453125,109.453125,109.453125,239
2026-06-03T22:39:00.000Z,ZN,109.453125,109.453125,109.453125,109.453125,30
2026-06-03T22:40:00.000Z,ZN,109.453125,109.453125,109.453125,109.453125,20
2026-06-03T22:41:00.000Z,ZN,109.453125,109.453125,109.453125,109.453125,3
2026-06-03T22:42:00.000Z,ZN,109.453125,109.46875,109.453125,109.46875,120
2026-06-03T22:43:00.000Z,ZN,109.46875,109.46875,109.453125,109.453125,104
2026-06-03T22:44:00.000Z,ZN,109.453125,109.46875,109.453125,109.46875,64
2026-06-03T22:45:00.000Z,ZN,109.453125,109.46875,109.453125,109.46875,589
2026-06-03T22:46:00.000Z,ZN,109.453125,109.453125,109.453125,109.453125,213
2026-06-03T22:47:00.000Z,ZN,109.453125,109.453125,109.4375,109.453125,351
2026-06-03T22:48:00.000Z,ZN,109.4375,109.453125,109.4375,109.453125,113
2026-06-03T22:49:00.000Z,ZN,109.453125,109.453125,109.453125,109.453125,13
2026-06-03T22:50:00.000Z,ZN,109.453125,109.453125,109.453125,109.453125,1
2026-06-03T22:51:00.000Z,ZN,109.453125,109.46875,109.453125,109.453125,423
2026-06-03T22:52:00.000Z,ZN,109.453125,109.453125,109.453125,109.453125,19
2026-06-03T22:53:00.000Z,ZN,109.453125,109.453125,109.453125,109.453125,27
2026-06-03T22:54:00.000Z,ZN,109.453125,109.453125,109.453125,109.453125,2
2026-06-03T22:55:00.000Z,ZN,109.453125,109.46875,109.453125,109.46875,1310
2026-06-03T22:56:00.000Z,ZN,109.484375,109.5,109.484375,109.5,1728
2026-06-03T22:57:00.000Z,ZN,109.5,109.515625,109.5,109.5,1601
2026-06-03T22:58:00.000Z,ZN,109.5,109.5,109.5,109.5,11
2026-06-03T22:59:00.000Z,ZN,109.5,109.5,109.5,109.5,24
2026-06-03T23:00:00.000Z,ZN,109.484375,109.484375,109.484375,109.484375,50
2026-06-03T23:01:00.000Z,ZN,109.5,109.5,109.5,109.5,7
2026-06-03T23:02:00.000Z,ZN,109.5,109.515625,109.5,109.515625,2589
2026-06-03T23:03:00.000Z,ZN,109.515625,109.515625,109.5,109.515625,689
2026-06-03T23:04:00.000Z,ZN,109.5,109.515625,109.5,109.5,631
2026-06-03T23:05:00.000Z,ZN,109.5,109.5,109.5,109.5,9
2026-06-03T23:06:00.000Z,ZN,109.5,109.5,109.5,109.5,65
2026-06-03T23:08:00.000Z,ZN,109.5,109.5,109.5,109.5,50
2026-06-03T23:11:00.000Z,ZN,109.484375,109.484375,109.484375,109.484375,482
2026-06-03T23:12:00.000Z,ZN,109.484375,109.484375,109.484375,109.484375,168
2026-06-03T23:13:00.000Z,ZN,109.484375,109.484375,109.484375,109.484375,208
2026-06-03T23:14:00.000Z,ZN,109.484375,109.484375,109.484375,109.484375,102
2026-06-03T23:15:00.000Z,ZN,109.484375,109.484375,109.484375,109.484375,412
2026-06-03T23:20:00.000Z,ZN,109.484375,109.484375,109.484375,109.484375,100
2026-06-03T23:21:00.000Z,ZN,109.484375,109.484375,109.484375,109.484375,1
2026-06-03T23:23:00.000Z,ZN,109.484375,109.484375,109.484375,109.484375,10
2026-06-03T23:24:00.000Z,ZN,109.484375,109.484375,109.484375,109.484375,40
2026-06-03T23:32:00.000Z,ZN,109.484375,109.484375,109.484375,109.484375,99
2026-06-03T23:33:00.000Z,ZN,109.5,109.5,109.5,109.5,2
2026-06-03T23:34:00.000Z,ZN,109.5,109.5,109.5,109.5,100
2026-06-03T23:36:00.000Z,ZN,109.5,109.5,109.484375,109.5,1243
2026-06-03T23:37:00.000Z,ZN,109.5,109.5,109.5,109.5,5
2026-06-03T23:38:00.000Z,ZN,109.515625,109.515625,109.5,109.5,65
2026-06-03T23:39:00.000Z,ZN,109.5,109.5,109.5,109.5,133
2026-06-03T23:40:00.000Z,ZN,109.515625,109.515625,109.515625,109.515625,13
2026-06-03T23:42:00.000Z,ZN,109.515625,109.515625,109.515625,109.515625,547
2026-06-03T23:43:00.000Z,ZN,109.515625,109.515625,109.515625,109.515625,119
2026-06-03T23:44:00.000Z,ZN,109.515625,109.515625,109.515625,109.515625,12
2026-06-03T23:45:00.000Z,ZN,109.515625,109.515625,109.515625,109.515625,336
2026-06-03T23:46:00.000Z,ZN,109.53125,109.53125,109.515625,109.515625,224
2026-06-03T23:47:00.000Z,ZN,109.515625,109.515625,109.515625,109.515625,578
2026-06-03T23:48:00.000Z,ZN,109.515625,109.515625,109.515625,109.515625,207
2026-06-03T23:51:00.000Z,ZN,109.515625,109.515625,109.515625,109.515625,1
2026-06-03T23:52:00.000Z,ZN,109.515625,109.515625,109.515625,109.515625,897
2026-06-03T23:53:00.000Z,ZN,109.515625,109.515625,109.5,109.515625,290
2026-06-03T23:54:00.000Z,ZN,109.53125,109.53125,109.515625,109.515625,255
2026-06-03T23:55:00.000Z,ZN,109.515625,109.515625,109.515625,109.515625,97
2026-06-03T23:56:00.000Z,ZN,109.53125,109.53125,109.515625,109.515625,113
2026-06-03T23:57:00.000Z,ZN,109.515625,109.515625,109.515625,109.515625,92
2026-06-03T23:58:00.000Z,ZN,109.515625,109.515625,109.5,109.5,743
2026-06-03T23:59:00.000Z,ZN,109.5,109.5,109.5,109.5,8
2026-06-04T00:00:00.000Z,ZN,109.5,109.515625,109.484375,109.515625,2836
2026-06-04T00:01:00.000Z,ZN,109.515625,109.515625,109.515625,109.515625,205
2026-06-04T00:02:00.000Z,ZN,109.53125,109.53125,109.515625,109.53125,2573
2026-06-04T00:03:00.000Z,ZN,109.53125,109.53125,109.53125,109.53125,109
2026-06-04T00:04:00.000Z,ZN,109.53125,109.546875,109.515625,109.53125,1032
2026-06-04T00:05:00.000Z,ZN,109.53125,109.546875,109.53125,109.53125,197
2026-06-04T00:06:00.000Z,ZN,109.53125,109.53125,109.53125,109.53125,101
2026-06-04T00:07:00.000Z,ZN,109.53125,109.53125,109.53125,109.53125,109
2026-06-04T00:08:00.000Z,ZN,109.546875,109.546875,109.53125,109.53125,8
2026-06-04T00:09:00.000Z,ZN,109.53125,109.53125,109.53125,109.53125,131
2026-06-04T00:10:00.000Z,ZN,109.53125,109.53125,109.53125,109.53125,304
2026-06-04T00:11:00.000Z,ZN,109.515625,109.53125,109.515625,109.515625,406
2026-06-04T00:12:00.000Z,ZN,109.53125,109.53125,109.53125,109.53125,42
2026-06-04T00:15:00.000Z,ZN,109.515625,109.515625,109.5,109.5,1953
2026-06-04T00:16:00.000Z,ZN,109.5,109.5,109.484375,109.5,2210
2026-06-04T00:17:00.000Z,ZN,109.515625,109.515625,109.515625,109.515625,1655
2026-06-04T00:18:00.000Z,ZN,109.515625,109.53125,109.515625,109.515625,474
2026-06-04T00:20:00.000Z,ZN,109.515625,109.53125,109.515625,109.515625,396
2026-06-04T00:21:00.000Z,ZN,109.515625,109.515625,109.515625,109.515625,29
2026-06-04T00:22:00.000Z,ZN,109.515625,109.515625,109.515625,109.515625,20
2026-06-04T00:23:00.000Z,ZN,109.515625,109.515625,109.5,109.5,9
2026-06-04T00:24:00.000Z,ZN,109.5,109.515625,109.5,109.515625,181
2026-06-04T00:25:00.000Z,ZN,109.5,109.5,109.5,109.5,325
2026-06-04T00:26:00.000Z,ZN,109.5,109.5,109.5,109.5,61
2026-06-04T00:27:00.000Z,ZN,109.5,109.5,109.5,109.5,2
2026-06-04T00:28:00.000Z,ZN,109.5,109.5,109.5,109.5,287
2026-06-04T00:29:00.000Z,ZN,109.5,109.5,109.5,109.5,166
2026-06-04T00:30:00.000Z,ZN,109.5,109.515625,109.5,109.515625,29
2026-06-04T00:31:00.000Z,ZN,109.5,109.515625,109.5,109.515625,5
2026-06-04T00:32:00.000Z,ZN,109.5,109.515625,109.5,109.515625,8
2026-06-04T00:33:00.000Z,ZN,109.515625,109.515625,109.515625,109.515625,104
2026-06-04T00:34:00.000Z,ZN,109.53125,109.53125,109.53125,109.53125,1
2026-06-04T00:35:00.000Z,ZN,109.515625,109.53125,109.515625,109.53125,6
2026-06-04T00:36:00.000Z,ZN,109.53125,109.53125,109.53125,109.53125,86
2026-06-04T00:37:00.000Z,ZN,109.53125,109.53125,109.53125,109.53125,3
2026-06-04T00:38:00.000Z,ZN,109.515625,109.515625,109.515625,109.515625,638
2026-06-04T00:39:00.000Z,ZN,109.515625,109.515625,109.515625,109.515625,48
2026-06-04T00:40:00.000Z,ZN,109.515625,109.515625,109.515625,109.515625,3
2026-06-04T00:41:00.000Z,ZN,109.515625,109.515625,109.515625,109.515625,747
2026-06-04T00:42:00.000Z,ZN,109.53125,109.53125,109.515625,109.515625,430
2026-06-04T00:43:00.000Z,ZN,109.515625,109.53125,109.515625,109.53125,165
2026-06-04T00:44:00.000Z,ZN,109.53125,109.53125,109.515625,109.515625,13
2026-06-04T00:45:00.000Z,ZN,109.515625,109.515625,109.515625,109.515625,100
2026-06-04T00:46:00.000Z,ZN,109.515625,109.515625,109.515625,109.515625,394
2026-06-04T00:47:00.000Z,ZN,109.515625,109.515625,109.515625,109.515625,3
2026-06-04T00:48:00.000Z,ZN,109.515625,109.515625,109.515625,109.515625,374
2026-06-04T00:49:00.000Z,ZN,109.515625,109.515625,109.515625,109.515625,87
2026-06-04T00:50:00.000Z,ZN,109.515625,109.515625,109.515625,109.515625,46
2026-06-04T00:51:00.000Z,ZN,109.515625,109.515625,109.515625,109.515625,17
2026-06-04T00:52:00.000Z,ZN,109.515625,109.53125,109.515625,109.53125,13
2026-06-04T00:53:00.000Z,ZN,109.53125,109.53125,109.53125,109.53125,1
2026-06-04T00:54:00.000Z,ZN,109.53125,109.53125,109.53125,109.53125,1
2026-06-04T00:56:00.000Z,ZN,109.53125,109.53125,109.53125,109.53125,4
2026-06-04T00:57:00.000Z,ZN,109.53125,109.53125,109.53125,109.53125,1
2026-06-04T00:59:00.000Z,ZN,109.53125,109.53125,109.53125,109.53125,436
2026-06-04T01:00:00.000Z,ZN,109.53125,109.53125,109.515625,109.53125,6
2026-06-04T01:01:00.000Z,ZN,109.53125,109.53125,109.53125,109.53125,402
2026-06-04T01:02:00.000Z,ZN,109.53125,109.53125,109.53125,109.53125,15
2026-06-04T01:03:00.000Z,ZN,109.53125,109.53125,109.53125,109.53125,245
2026-06-04T01:04:00.000Z,ZN,109.53125,109.546875,109.53125,109.546875,121
2026-06-04T01:05:00.000Z,ZN,109.53125,109.546875,109.53125,109.53125,193
2026-06-04T01:06:00.000Z,ZN,109.53125,109.546875,109.53125,109.546875,540
2026-06-04T01:07:00.000Z,ZN,109.53125,109.546875,109.53125,109.53125,28
2026-06-04T01:10:00.000Z,ZN,109.546875,109.546875,109.546875,109.546875,1784
2026-06-04T01:11:00.000Z,ZN,109.546875,109.5625,109.546875,109.5625,167
2026-06-04T01:12:00.000Z,ZN,109.5625,109.5625,109.546875,109.546875,3
2026-06-04T01:13:00.000Z,ZN,109.546875,109.546875,109.53125,109.546875,1770
2026-06-04T01:14:00.000Z,ZN,109.546875,109.546875,109.53125,109.546875,377
2026-06-04T01:15:00.000Z,ZN,109.546875,109.546875,109.53125,109.53125,184
2026-06-04T01:16:00.000Z,ZN,109.53125,109.53125,109.53125,109.53125,301
2026-06-04T01:17:00.000Z,ZN,109.53125,109.53125,109.53125,109.53125,402
2026-06-04T01:18:00.000Z,ZN,109.53125,109.53125,109.53125,109.53125,140
2026-06-04T01:19:00.000Z,ZN,109.53125,109.53125,109.53125,109.53125,198
2026-06-04T01:20:00.000Z,ZN,109.53125,109.53125,109.53125,109.53125,2
2026-06-04T01:21:00.000Z,ZN,109.53125,109.53125,109.53125,109.53125,1
2026-06-04T01:22:00.000Z,ZN,109.546875,109.546875,109.546875,109.546875,52
2026-06-04T01:24:00.000Z,ZN,109.546875,109.546875,109.546875,109.546875,4
2026-06-04T01:25:00.000Z,ZN,109.53125,109.53125,109.53125,109.53125,1
2026-06-04T01:26:00.000Z,ZN,109.546875,109.546875,109.546875,109.546875,47
2026-06-04T01:27:00.000Z,ZN,109.546875,109.546875,109.546875,109.546875,1
2026-06-04T01:28:00.000Z,ZN,109.546875,109.546875,109.53125,109.546875,10
2026-06-04T01:29:00.000Z,ZN,109.53125,109.546875,109.53125,109.546875,5
2026-06-04T01:30:00.000Z,ZN,109.546875,109.546875,109.546875,109.546875,2504
2026-06-04T01:31:00.000Z,ZN,109.546875,109.546875,109.546875,109.546875,179
2026-06-04T01:32:00.000Z,ZN,109.5625,109.5625,109.546875,109.546875,12
2026-06-04T01:34:00.000Z,ZN,109.546875,109.546875,109.546875,109.546875,20
2026-06-04T01:36:00.000Z,ZN,109.546875,109.546875,109.53125,109.546875,49
2026-06-04T01:37:00.000Z,ZN,109.546875,109.546875,109.53125,109.53125,45
2026-06-04T01:38:00.000Z,ZN,109.546875,109.546875,109.53125,109.53125,112
2026-06-04T01:39:00.000Z,ZN,109.546875,109.546875,109.546875,109.546875,319
2026-06-04T01:40:00.000Z,ZN,109.5625,109.5625,109.546875,109.546875,67
2026-06-04T01:41:00.000Z,ZN,109.546875,109.546875,109.546875,109.546875,210
2026-06-04T01:42:00.000Z,ZN,109.546875,109.546875,109.546875,109.546875,3
2026-06-04T01:43:00.000Z,ZN,109.53125,109.53125,109.53125,109.53125,11
2026-06-04T01:44:00.000Z,ZN,109.546875,109.546875,109.546875,109.546875,1
2026-06-04T01:46:00.000Z,ZN,109.546875,109.546875,109.546875,109.546875,579
2026-06-04T01:47:00.000Z,ZN,109.546875,109.546875,109.546875,109.546875,13
2026-06-04T01:48:00.000Z,ZN,109.546875,109.546875,109.546875,109.546875,116
2026-06-04T01:49:00.000Z,ZN,109.546875,109.546875,109.546875,109.546875,92
2026-06-04T01:50:00.000Z,ZN,109.546875,109.546875,109.546875,109.546875,253
2026-06-04T01:51:00.000Z,ZN,109.546875,109.546875,109.53125,109.53125,389
2026-06-04T01:52:00.000Z,ZN,109.546875,109.546875,109.546875,109.546875,64
2026-06-04T01:53:00.000Z,ZN,109.546875,109.546875,109.53125,109.53125,163
2026-06-04T01:54:00.000Z,ZN,109.546875,109.546875,109.53125,109.53125,13
2026-06-04T01:55:00.000Z,ZN,109.546875,109.546875,109.546875,109.546875,316
2026-06-04T01:56:00.000Z,ZN,109.5625,109.5625,109.5625,109.5625,5
2026-06-04T01:58:00.000Z,ZN,109.5625,109.5625,109.5625,109.5625,101
2026-06-04T01:59:00.000Z,ZN,109.5625,109.5625,109.5625,109.5625,8
2026-06-04T02:00:00.000Z,ZN,109.546875,109.546875,109.546875,109.546875,302
2026-06-04T02:01:00.000Z,ZN,109.546875,109.546875,109.53125,109.546875,226
2026-06-04T02:02:00.000Z,ZN,109.546875,109.546875,109.546875,109.546875,18
2026-06-04T02:03:00.000Z,ZN,109.546875,109.546875,109.53125,109.546875,1379
2026-06-04T02:04:00.000Z,ZN,109.546875,109.546875,109.53125,109.546875,242
2026-06-04T02:05:00.000Z,ZN,109.546875,109.546875,109.546875,109.546875,412
2026-06-04T02:06:00.000Z,ZN,109.546875,109.5625,109.546875,109.546875,519
2026-06-04T02:07:00.000Z,ZN,109.5625,109.5625,109.546875,109.546875,3
2026-06-04T02:08:00.000Z,ZN,109.546875,109.546875,109.546875,109.546875,64
2026-06-04T02:09:00.000Z,ZN,109.546875,109.546875,109.546875,109.546875,1083
2026-06-04T02:10:00.000Z,ZN,109.546875,109.546875,109.546875,109.546875,5
2026-06-04T02:11:00.000Z,ZN,109.546875,109.546875,109.546875,109.546875,2
2026-06-04T02:12:00.000Z,ZN,109.546875,109.546875,109.546875,109.546875,311
2026-06-04T02:14:00.000Z,ZN,109.546875,109.546875,109.546875,109.546875,3
2026-06-04T02:15:00.000Z,ZN,109.53125,109.53125,109.53125,109.53125,150
2026-06-04T02:16:00.000Z,ZN,109.546875,109.546875,109.53125,109.53125,61
2026-06-04T02:18:00.000Z,ZN,109.546875,109.546875,109.546875,109.546875,37
2026-06-04T02:20:00.000Z,ZN,109.546875,109.546875,109.546875,109.546875,1089
2026-06-04T02:21:00.000Z,ZN,109.5625,109.5625,109.546875,109.546875,6
2026-06-04T02:22:00.000Z,ZN,109.546875,109.546875,109.546875,109.546875,15
2026-06-04T02:23:00.000Z,ZN,109.546875,109.546875,109.546875,109.546875,11
2026-06-04T02:24:00.000Z,ZN,109.546875,109.546875,109.546875,109.546875,1
2026-06-04T02:25:00.000Z,ZN,109.546875,109.546875,109.546875,109.546875,707
2026-06-04T02:27:00.000Z,ZN,109.546875,109.546875,109.546875,109.546875,136
2026-06-04T02:28:00.000Z,ZN,109.546875,109.546875,109.546875,109.546875,78
2026-06-04T02:29:00.000Z,ZN,109.546875,109.546875,109.546875,109.546875,68
2026-06-04T02:30:00.000Z,ZN,109.546875,109.546875,109.546875,109.546875,72
2026-06-04T02:31:00.000Z,ZN,109.546875,109.546875,109.546875,109.546875,60
2026-06-04T02:32:00.000Z,ZN,109.546875,109.546875,109.546875,109.546875,242
2026-06-04T02:33:00.000Z,ZN,109.546875,109.546875,109.546875,109.546875,67
2026-06-04T02:34:00.000Z,ZN,109.546875,109.546875,109.546875,109.546875,3
2026-06-04T02:36:00.000Z,ZN,109.546875,109.546875,109.546875,109.546875,820
2026-06-04T02:37:00.000Z,ZN,109.546875,109.546875,109.546875,109.546875,1
2026-06-04T02:38:00.000Z,ZN,109.546875,109.546875,109.546875,109.546875,6
2026-06-04T02:39:00.000Z,ZN,109.5625,109.5625,109.5625,109.5625,1
2026-06-04T02:40:00.000Z,ZN,109.5625,109.5625,109.5625,109.5625,1
2026-06-04T02:42:00.000Z,ZN,109.5625,109.5625,109.5625,109.5625,10
2026-06-04T02:43:00.000Z,ZN,109.5625,109.5625,109.5625,109.5625,101
2026-06-04T02:44:00.000Z,ZN,109.5625,109.5625,109.546875,109.546875,3537
2026-06-04T02:45:00.000Z,ZN,109.5625,109.5625,109.5625,109.5625,19
2026-06-04T02:46:00.000Z,ZN,109.5625,109.5625,109.5625,109.5625,88
2026-06-04T02:47:00.000Z,ZN,109.5625,109.5625,109.5625,109.5625,97
2026-06-04T02:48:00.000Z,ZN,109.5625,109.5625,109.546875,109.546875,390
2026-06-04T02:49:00.000Z,ZN,109.5625,109.5625,109.546875,109.5625,133
2026-06-04T02:50:00.000Z,ZN,109.5625,109.5625,109.5625,109.5625,1
2026-06-04T02:51:00.000Z,ZN,109.5625,109.5625,109.5625,109.5625,251
2026-06-04T02:52:00.000Z,ZN,109.5625,109.5625,109.5625,109.5625,102
2026-06-04T02:53:00.000Z,ZN,109.5625,109.5625,109.5625,109.5625,1001
2026-06-04T02:54:00.000Z,ZN,109.5625,109.5625,109.5625,109.5625,440
2026-06-04T02:55:00.000Z,ZN,109.5625,109.5625,109.5625,109.5625,3
2026-06-04T02:56:00.000Z,ZN,109.5625,109.5625,109.546875,109.546875,75
2026-06-04T02:57:00.000Z,ZN,109.5625,109.5625,109.546875,109.5625,9
2026-06-04T02:58:00.000Z,ZN,109.5625,109.5625,109.5625,109.5625,1
2026-06-04T02:59:00.000Z,ZN,109.5625,109.5625,109.5625,109.5625,1
2026-06-04T03:00:00.000Z,ZN,109.5625,109.5625,109.5625,109.5625,426
2026-06-04T03:01:00.000Z,ZN,109.5625,109.5625,109.5625,109.5625,20
2026-06-04T03:02:00.000Z,ZN,109.5625,109.5625,109.5625,109.5625,13
2026-06-04T03:03:00.000Z,ZN,109.5625,109.5625,109.5625,109.5625,1
2026-06-04T03:04:00.000Z,ZN,109.5625,109.5625,109.5625,109.5625,1
2026-06-04T03:05:00.000Z,ZN,109.5625,109.5625,109.5625,109.5625,8
2026-06-04T03:06:00.000Z,ZN,109.5625,109.5625,109.5625,109.5625,4
2026-06-04T03:07:00.000Z,ZN,109.5625,109.5625,109.5625,109.5625,3
2026-06-04T03:09:00.000Z,ZN,109.546875,109.5625,109.546875,109.546875,7
2026-06-04T03:10:00.000Z,ZN,109.5625,109.5625,109.5625,109.5625,51
2026-06-04T03:11:00.000Z,ZN,109.546875,109.5625,109.546875,109.5625,2
2026-06-04T03:12:00.000Z,ZN,109.546875,109.546875,109.546875,109.546875,46
2026-06-04T03:13:00.000Z,ZN,109.546875,109.546875,109.546875,109.546875,356
2026-06-04T03:14:00.000Z,ZN,109.546875,109.546875,109.546875,109.546875,1099
2026-06-04T03:15:00.000Z,ZN,109.546875,109.546875,109.53125,109.53125,98
2026-06-04T03:16:00.000Z,ZN,109.546875,109.546875,109.546875,109.546875,25
2026-06-04T03:17:00.000Z,ZN,109.53125,109.546875,109.53125,109.546875,87
2026-06-04T03:18:00.000Z,ZN,109.546875,109.546875,109.53125,109.53125,16
2026-06-04T03:19:00.000Z,ZN,109.53125,109.53125,109.53125,109.53125,4
2026-06-04T03:20:00.000Z,ZN,109.53125,109.546875,109.53125,109.546875,166
2026-06-04T03:21:00.000Z,ZN,109.546875,109.546875,109.546875,109.546875,91
2026-06-04T03:22:00.000Z,ZN,109.546875,109.546875,109.546875,109.546875,366
2026-06-04T03:23:00.000Z,ZN,109.546875,109.546875,109.546875,109.546875,125
2026-06-04T03:24:00.000Z,ZN,109.546875,109.546875,109.546875,109.546875,29
2026-06-04T03:25:00.000Z,ZN,109.546875,109.546875,109.546875,109.546875,1
2026-06-04T03:27:00.000Z,ZN,109.53125,109.53125,109.53125,109.53125,10
2026-06-04T03:28:00.000Z,ZN,109.53125,109.53125,109.53125,109.53125,1
2026-06-04T03:29:00.000Z,ZN,109.53125,109.53125,109.53125,109.53125,7
2026-06-04T03:30:00.000Z,ZN,109.53125,109.53125,109.53125,109.53125,889
2026-06-04T03:31:00.000Z,ZN,109.53125,109.53125,109.53125,109.53125,32
2026-06-04T03:33:00.000Z,ZN,109.53125,109.546875,109.53125,109.546875,286
2026-06-04T03:34:00.000Z,ZN,109.53125,109.546875,109.53125,109.53125,25
2026-06-04T03:35:00.000Z,ZN,109.53125,109.53125,109.515625,109.515625,87
2026-06-04T03:37:00.000Z,ZN,109.53125,109.53125,109.53125,109.53125,26
2026-06-04T03:38:00.000Z,ZN,109.515625,109.515625,109.515625,109.515625,156
2026-06-04T03:42:00.000Z,ZN,109.515625,109.515625,109.515625,109.515625,953
2026-06-04T03:43:00.000Z,ZN,109.515625,109.515625,109.515625,109.515625,16
2026-06-04T03:45:00.000Z,ZN,109.515625,109.515625,109.5,109.5,44
2026-06-04T03:47:00.000Z,ZN,109.515625,109.515625,109.515625,109.515625,57
2026-06-04T03:48:00.000Z,ZN,109.515625,109.515625,109.515625,109.515625,1158
2026-06-04T03:49:00.000Z,ZN,109.515625,109.515625,109.515625,109.515625,600
2026-06-04T03:52:00.000Z,ZN,109.53125,109.53125,109.515625,109.515625,2
2026-06-04T03:53:00.000Z,ZN,109.53125,109.53125,109.53125,109.53125,2
2026-06-04T03:56:00.000Z,ZN,109.53125,109.53125,109.53125,109.53125,1
2026-06-04T03:58:00.000Z,ZN,109.515625,109.515625,109.515625,109.515625,290
2026-06-04T04:00:00.000Z,ZN,109.53125,109.53125,109.53125,109.53125,26
2026-06-04T04:01:00.000Z,ZN,109.53125,109.53125,109.53125,109.53125,37
2026-06-04T04:02:00.000Z,ZN,109.53125,109.53125,109.53125,109.53125,2
2026-06-04T04:03:00.000Z,ZN,109.515625,109.53125,109.515625,109.515625,120
2026-06-04T04:04:00.000Z,ZN,109.515625,109.515625,109.515625,109.515625,325
2026-06-04T04:05:00.000Z,ZN,109.515625,109.515625,109.515625,109.515625,4
2026-06-04T04:06:00.000Z,ZN,109.53125,109.53125,109.515625,109.515625,2
2026-06-04T04:07:00.000Z,ZN,109.53125,109.53125,109.53125,109.53125,1
2026-06-04T04:08:00.000Z,ZN,109.515625,109.53125,109.515625,109.53125,336
2026-06-04T04:09:00.000Z,ZN,109.515625,109.515625,109.515625,109.515625,27
2026-06-04T04:12:00.000Z,ZN,109.515625,109.53125,109.515625,109.515625,382
2026-06-04T04:13:00.000Z,ZN,109.515625,109.515625,109.515625,109.515625,93
2026-06-04T04:15:00.000Z,ZN,109.53125,109.53125,109.53125,109.53125,251
2026-06-04T04:17:00.000Z,ZN,109.53125,109.53125,109.53125,109.53125,3
2026-06-04T04:21:00.000Z,ZN,109.53125,109.53125,109.53125,109.53125,13
2026-06-04T04:22:00.000Z,ZN,109.53125,109.53125,109.53125,109.53125,1
2026-06-04T04:23:00.000Z,ZN,109.53125,109.53125,109.515625,109.515625,109
2026-06-04T04:24:00.000Z,ZN,109.53125,109.53125,109.53125,109.53125,2
2026-06-04T04:26:00.000Z,ZN,109.515625,109.515625,109.515625,109.515625,91
2026-06-04T04:28:00.000Z,ZN,109.53125,109.53125,109.53125,109.53125,1
2026-06-04T04:29:00.000Z,ZN,109.515625,109.515625,109.515625,109.515625,56
2026-06-04T04:30:00.000Z,ZN,109.53125,109.53125,109.53125,109.53125,1532
2026-06-04T04:31:00.000Z,ZN,109.53125,109.53125,109.53125,109.53125,210
2026-06-04T04:32:00.000Z,ZN,109.53125,109.53125,109.53125,109.53125,25
2026-06-04T04:33:00.000Z,ZN,109.53125,109.53125,109.53125,109.53125,1
2026-06-04T04:34:00.000Z,ZN,109.53125,109.546875,109.53125,109.546875,1624
2026-06-04T04:35:00.000Z,ZN,109.53125,109.53125,109.53125,109.53125,224
2026-06-04T04:36:00.000Z,ZN,109.546875,109.546875,109.546875,109.546875,1
2026-06-04T04:38:00.000Z,ZN,109.53125,109.53125,109.53125,109.53125,1
2026-06-04T04:44:00.000Z,ZN,109.53125,109.53125,109.53125,109.53125,208
2026-06-04T04:45:00.000Z,ZN,109.53125,109.53125,109.53125,109.53125,133
2026-06-04T04:46:00.000Z,ZN,109.53125,109.53125,109.53125,109.53125,100
2026-06-04T04:47:00.000Z,ZN,109.53125,109.53125,109.53125,109.53125,12
2026-06-04T04:48:00.000Z,ZN,109.53125,109.53125,109.53125,109.53125,153
2026-06-04T04:49:00.000Z,ZN,109.53125,109.53125,109.53125,109.53125,1
2026-06-04T04:51:00.000Z,ZN,109.53125,109.53125,109.53125,109.53125,1
2026-06-04T04:53:00.000Z,ZN,109.53125,109.53125,109.53125,109.53125,53
2026-06-04T04:54:00.000Z,ZN,109.53125,109.53125,109.515625,109.53125,345
2026-06-04T04:55:00.000Z,ZN,109.53125,109.53125,109.53125,109.53125,594
2026-06-04T04:56:00.000Z,ZN,109.53125,109.53125,109.53125,109.53125,302
2026-06-04T04:58:00.000Z,ZN,109.515625,109.515625,109.515625,109.515625,1
2026-06-04T04:59:00.000Z,ZN,109.53125,109.53125,109.53125,109.53125,20
2026-06-04T05:00:00.000Z,ZN,109.53125,109.53125,109.53125,109.53125,155
2026-06-04T05:01:00.000Z,ZN,109.53125,109.53125,109.53125,109.53125,56
2026-06-04T05:02:00.000Z,ZN,109.53125,109.53125,109.53125,109.53125,135
2026-06-04T05:03:00.000Z,ZN,109.53125,109.53125,109.53125,109.53125,191
2026-06-04T05:04:00.000Z,ZN,109.515625,109.515625,109.515625,109.515625,102
2026-06-04T05:05:00.000Z,ZN,109.53125,109.53125,109.53125,109.53125,1
2026-06-04T05:06:00.000Z,ZN,109.515625,109.515625,109.5,109.515625,8589
2026-06-04T05:07:00.000Z,ZN,109.515625,109.515625,109.484375,109.484375,7445
2026-06-04T05:08:00.000Z,ZN,109.484375,109.484375,109.46875,109.46875,4324
2026-06-04T05:09:00.000Z,ZN,109.484375,109.484375,109.484375,109.484375,543
2026-06-04T05:10:00.000Z,ZN,109.484375,109.484375,109.484375,109.484375,622
2026-06-04T05:11:00.000Z,ZN,109.5,109.5,109.484375,109.484375,74
2026-06-04T05:12:00.000Z,ZN,109.5,109.5,109.484375,109.484375,184
2026-06-04T05:13:00.000Z,ZN,109.484375,109.484375,109.46875,109.46875,650
2026-06-04T05:14:00.000Z,ZN,109.484375,109.484375,109.484375,109.484375,1610
2026-06-04T05:15:00.000Z,ZN,109.484375,109.484375,109.484375,109.484375,217
2026-06-04T05:16:00.000Z,ZN,109.484375,109.484375,109.46875,109.46875,5
2026-06-04T05:17:00.000Z,ZN,109.46875,109.484375,109.46875,109.484375,157
2026-06-04T05:19:00.000Z,ZN,109.484375,109.484375,109.484375,109.484375,50
2026-06-04T05:21:00.000Z,ZN,109.484375,109.484375,109.453125,109.46875,560
2026-06-04T05:22:00.000Z,ZN,109.453125,109.453125,109.453125,109.453125,60
2026-06-04T05:23:00.000Z,ZN,109.453125,109.453125,109.453125,109.453125,1155
2026-06-04T05:24:00.000Z,ZN,109.4375,109.4375,109.4375,109.4375,221
2026-06-04T05:25:00.000Z,ZN,109.4375,109.4375,109.4375,109.4375,1870
2026-06-04T05:26:00.000Z,ZN,109.4375,109.4375,109.4375,109.4375,1957
2026-06-04T05:27:00.000Z,ZN,109.453125,109.453125,109.4375,109.453125,181
2026-06-04T05:28:00.000Z,ZN,109.4375,109.453125,109.4375,109.453125,902
2026-06-04T05:30:00.000Z,ZN,109.4375,109.453125,109.4375,109.453125,108
2026-06-04T05:31:00.000Z,ZN,109.453125,109.46875,109.453125,109.46875,2075
2026-06-04T05:32:00.000Z,ZN,109.453125,109.453125,109.453125,109.453125,259
2026-06-04T05:33:00.000Z,ZN,109.453125,109.453125,109.453125,109.453125,5
2026-06-04T05:34:00.000Z,ZN,109.453125,109.453125,109.453125,109.453125,15
2026-06-04T05:35:00.000Z,ZN,109.46875,109.46875,109.46875,109.46875,2
2026-06-04T05:36:00.000Z,ZN,109.453125,109.46875,109.453125,109.46875,25
2026-06-04T05:37:00.000Z,ZN,109.46875,109.46875,109.46875,109.46875,108
2026-06-04T05:38:00.000Z,ZN,109.453125,109.46875,109.453125,109.46875,55
2026-06-04T05:39:00.000Z,ZN,109.46875,109.46875,109.453125,109.453125,42
2026-06-04T05:40:00.000Z,ZN,109.453125,109.46875,109.453125,109.46875,36
2026-06-04T05:41:00.000Z,ZN,109.46875,109.46875,109.46875,109.46875,87
2026-06-04T05:42:00.000Z,ZN,109.46875,109.46875,109.46875,109.46875,2
2026-06-04T05:43:00.000Z,ZN,109.46875,109.46875,109.46875,109.46875,92
2026-06-04T05:44:00.000Z,ZN,109.46875,109.484375,109.46875,109.484375,1352
2026-06-04T05:45:00.000Z,ZN,109.484375,109.484375,109.46875,109.484375,38
2026-06-04T05:46:00.000Z,ZN,109.484375,109.484375,109.46875,109.46875,1988
2026-06-04T05:49:00.000Z,ZN,109.46875,109.46875,109.46875,109.46875,51
2026-06-04T05:52:00.000Z,ZN,109.484375,109.484375,109.484375,109.484375,2
2026-06-04T05:54:00.000Z,ZN,109.484375,109.484375,109.484375,109.484375,60
2026-06-04T05:55:00.000Z,ZN,109.46875,109.484375,109.46875,109.484375,10
2026-06-04T05:56:00.000Z,ZN,109.484375,109.484375,109.484375,109.484375,6
2026-06-04T05:57:00.000Z,ZN,109.484375,109.484375,109.484375,109.484375,5
2026-06-04T05:58:00.000Z,ZN,109.484375,109.484375,109.46875,109.484375,6
2026-06-04T05:59:00.000Z,ZN,109.484375,109.484375,109.484375,109.484375,9
2026-06-04T06:00:00.000Z,ZN,109.484375,109.5,109.46875,109.5,1526
2026-06-04T06:01:00.000Z,ZN,109.484375,109.5,109.484375,109.5,1216
2026-06-04T06:02:00.000Z,ZN,109.5,109.515625,109.484375,109.484375,1027
2026-06-04T06:03:00.000Z,ZN,109.5,109.5,109.484375,109.484375,677
2026-06-04T06:04:00.000Z,ZN,109.484375,109.5,109.484375,109.484375,168
2026-06-04T06:05:00.000Z,ZN,109.5,109.5,109.5,109.5,1105
2026-06-04T06:06:00.000Z,ZN,109.5,109.515625,109.5,109.5,595
2026-06-04T06:07:00.000Z,ZN,109.5,109.515625,109.484375,109.515625,238
2026-06-04T06:08:00.000Z,ZN,109.515625,109.515625,109.5,109.5,82
2026-06-04T06:09:00.000Z,ZN,109.515625,109.515625,109.5,109.5,744
2026-06-04T06:11:00.000Z,ZN,109.5,109.5,109.5,109.5,749
2026-06-04T06:12:00.000Z,ZN,109.5,109.515625,109.5,109.515625,769
2026-06-04T06:13:00.000Z,ZN,109.5,109.5,109.5,109.5,676
2026-06-04T06:14:00.000Z,ZN,109.5,109.5,109.5,109.5,9
2026-06-04T06:15:00.000Z,ZN,109.484375,109.484375,109.484375,109.484375,106
2026-06-04T06:16:00.000Z,ZN,109.484375,109.484375,109.484375,109.484375,1307
2026-06-04T06:17:00.000Z,ZN,109.484375,109.5,109.484375,109.5,146
2026-06-04T06:18:00.000Z,ZN,109.484375,109.484375,109.484375,109.484375,413
2026-06-04T06:19:00.000Z,ZN,109.484375,109.484375,109.484375,109.484375,226
2026-06-04T06:20:00.000Z,ZN,109.484375,109.5,109.484375,109.484375,454
2026-06-04T06:21:00.000Z,ZN,109.484375,109.484375,109.484375,109.484375,463
2026-06-04T06:22:00.000Z,ZN,109.484375,109.484375,109.484375,109.484375,677
2026-06-04T06:23:00.000Z,ZN,109.484375,109.484375,109.484375,109.484375,286
2026-06-04T06:24:00.000Z,ZN,109.484375,109.484375,109.484375,109.484375,105
2026-06-04T06:25:00.000Z,ZN,109.484375,109.484375,109.484375,109.484375,258
2026-06-04T06:26:00.000Z,ZN,109.484375,109.5,109.484375,109.484375,227
2026-06-04T06:27:00.000Z,ZN,109.484375,109.5,109.484375,109.5,152
2026-06-04T06:28:00.000Z,ZN,109.5,109.515625,109.5,109.515625,935
2026-06-04T06:29:00.000Z,ZN,109.5,109.5,109.5,109.5,610
2026-06-04T06:30:00.000Z,ZN,109.515625,109.515625,109.484375,109.515625,239
2026-06-04T06:32:00.000Z,ZN,109.5,109.515625,109.5,109.515625,225
2026-06-04T06:33:00.000Z,ZN,109.515625,109.53125,109.515625,109.53125,1435
2026-06-04T06:34:00.000Z,ZN,109.515625,109.53125,109.515625,109.53125,1338
2026-06-04T06:35:00.000Z,ZN,109.53125,109.546875,109.53125,109.546875,1999
2026-06-04T06:36:00.000Z,ZN,109.546875,109.5625,109.546875,109.546875,64
2026-06-04T06:37:00.000Z,ZN,109.546875,109.546875,109.546875,109.546875,14
2026-06-04T06:38:00.000Z,ZN,109.546875,109.5625,109.546875,109.546875,2062
2026-06-04T06:39:00.000Z,ZN,109.546875,109.5625,109.53125,109.546875,507
2026-06-04T06:40:00.000Z,ZN,109.546875,109.546875,109.546875,109.546875,240
2026-06-04T06:41:00.000Z,ZN,109.53125,109.546875,109.53125,109.546875,570
2026-06-04T06:43:00.000Z,ZN,109.53125,109.53125,109.53125,109.53125,141
2026-06-04T06:44:00.000Z,ZN,109.53125,109.53125,109.53125,109.53125,127
2026-06-04T06:46:00.000Z,ZN,109.515625,109.53125,109.515625,109.515625,1111
2026-06-04T06:47:00.000Z,ZN,109.515625,109.515625,109.515625,109.515625,106
2026-06-04T06:48:00.000Z,ZN,109.515625,109.515625,109.515625,109.515625,295
2026-06-04T06:50:00.000Z,ZN,109.53125,109.546875,109.53125,109.546875,6565
2026-06-04T06:51:00.000Z,ZN,109.53125,109.53125,109.53125,109.53125,301
2026-06-04T06:52:00.000Z,ZN,109.53125,109.53125,109.53125,109.53125,758
2026-06-04T06:53:00.000Z,ZN,109.53125,109.546875,109.53125,109.53125,286
2026-06-04T06:54:00.000Z,ZN,109.53125,109.546875,109.515625,109.53125,217
2026-06-04T06:55:00.000Z,ZN,109.53125,109.53125,109.515625,109.53125,745
2026-06-04T06:56:00.000Z,ZN,109.53125,109.53125,109.53125,109.53125,268
2026-06-04T06:57:00.000Z,ZN,109.53125,109.53125,109.53125,109.53125,1
2026-06-04T06:58:00.000Z,ZN,109.53125,109.53125,109.53125,109.53125,2
2026-06-04T06:59:00.000Z,ZN,109.53125,109.53125,109.53125,109.53125,1913
2026-06-04T07:00:00.000Z,ZN,109.53125,109.546875,109.53125,109.53125,2884
2026-06-04T07:01:00.000Z,ZN,109.53125,109.53125,109.53125,109.53125,88
2026-06-04T07:02:00.000Z,ZN,109.515625,109.53125,109.515625,109.53125,285
2026-06-04T07:03:00.000Z,ZN,109.53125,109.53125,109.53125,109.53125,592
2026-06-04T07:04:00.000Z,ZN,109.53125,109.53125,109.53125,109.53125,58
2026-06-04T07:05:00.000Z,ZN,109.53125,109.53125,109.53125,109.53125,300
2026-06-04T07:06:00.000Z,ZN,109.515625,109.515625,109.515625,109.515625,54
2026-06-04T07:07:00.000Z,ZN,109.515625,109.53125,109.515625,109.53125,4
2026-06-04T07:08:00.000Z,ZN,109.53125,109.53125,109.515625,109.515625,6
2026-06-04T07:09:00.000Z,ZN,109.515625,109.53125,109.515625,109.53125,806
2026-06-04T07:10:00.000Z,ZN,109.53125,109.53125,109.53125,109.53125,437
2026-06-04T07:11:00.000Z,ZN,109.53125,109.53125,109.53125,109.53125,14
2026-06-04T07:12:00.000Z,ZN,109.53125,109.546875,109.53125,109.53125,147
2026-06-04T07:13:00.000Z,ZN,109.546875,109.546875,109.546875,109.546875,6
2026-06-04T07:14:00.000Z,ZN,109.53125,109.546875,109.53125,109.546875,198
2026-06-04T07:15:00.000Z,ZN,109.546875,109.546875,109.53125,109.53125,262
2026-06-04T07:16:00.000Z,ZN,109.546875,109.546875,109.546875,109.546875,3
2026-06-04T07:17:00.000Z,ZN,109.53125,109.546875,109.53125,109.546875,525
2026-06-04T07:18:00.000Z,ZN,109.546875,109.546875,109.546875,109.546875,913
2026-06-04T07:19:00.000Z,ZN,109.546875,109.546875,109.546875,109.546875,28
2026-06-04T07:20:00.000Z,ZN,109.546875,109.546875,109.53125,109.53125,378
2026-06-04T07:22:00.000Z,ZN,109.546875,109.546875,109.546875,109.546875,2
2026-06-04T07:23:00.000Z,ZN,109.546875,109.546875,109.546875,109.546875,817
2026-06-04T07:24:00.000Z,ZN,109.546875,109.546875,109.546875,109.546875,50
2026-06-04T07:25:00.000Z,ZN,109.53125,109.546875,109.53125,109.546875,408
2026-06-04T07:26:00.000Z,ZN,109.53125,109.546875,109.53125,109.53125,692
2026-06-04T07:27:00.000Z,ZN,109.546875,109.546875,109.546875,109.546875,1
2026-06-04T07:28:00.000Z,ZN,109.546875,109.546875,109.546875,109.546875,35
2026-06-04T07:29:00.000Z,ZN,109.546875,109.546875,109.546875,109.546875,344
2026-06-04T07:30:00.000Z,ZN,109.53125,109.546875,109.53125,109.53125,47
2026-06-04T07:31:00.000Z,ZN,109.546875,109.5625,109.546875,109.546875,741
2026-06-04T07:32:00.000Z,ZN,109.546875,109.546875,109.546875,109.546875,54
2026-06-04T07:33:00.000Z,ZN,109.546875,109.546875,109.53125,109.53125,583
2026-06-04T07:34:00.000Z,ZN,109.53125,109.53125,109.53125,109.53125,996
2026-06-04T07:35:00.000Z,ZN,109.53125,109.53125,109.53125,109.53125,860
2026-06-04T07:36:00.000Z,ZN,109.53125,109.53125,109.5,109.515625,5730
2026-06-04T07:37:00.000Z,ZN,109.515625,109.515625,109.5,109.5,1079
2026-06-04T07:38:00.000Z,ZN,109.515625,109.515625,109.5,109.5,103
2026-06-04T07:39:00.000Z,ZN,109.515625,109.515625,109.5,109.5,1818
2026-06-04T07:40:00.000Z,ZN,109.5,109.515625,109.5,109.5,1976
2026-06-04T07:41:00.000Z,ZN,109.484375,109.484375,109.46875,109.46875,509
2026-06-04T07:42:00.000Z,ZN,109.484375,109.484375,109.484375,109.484375,950
2026-06-04T07:43:00.000Z,ZN,109.484375,109.484375,109.46875,109.484375,698
2026-06-04T07:44:00.000Z,ZN,109.46875,109.46875,109.453125,109.46875,4773
2026-06-04T07:45:00.000Z,ZN,109.46875,109.46875,109.46875,109.46875,561
2026-06-04T07:46:00.000Z,ZN,109.46875,109.46875,109.46875,109.46875,11
2026-06-04T07:47:00.000Z,ZN,109.46875,109.484375,109.46875,109.484375,3
2026-06-04T07:48:00.000Z,ZN,109.484375,109.484375,109.484375,109.484375,1
2026-06-04T07:49:00.000Z,ZN,109.484375,109.484375,109.484375,109.484375,737
2026-06-04T07:50:00.000Z,ZN,109.5,109.515625,109.5,109.5,1023
2026-06-04T07:53:00.000Z,ZN,109.484375,109.484375,109.484375,109.484375,189
2026-06-04T07:54:00.000Z,ZN,109.484375,109.515625,109.484375,109.5,2931
2026-06-04T07:55:00.000Z,ZN,109.5,109.5,109.484375,109.484375,469
2026-06-04T07:56:00.000Z,ZN,109.5,109.5,109.484375,109.5,241
2026-06-04T07:57:00.000Z,ZN,109.5,109.5,109.5,109.5,2
2026-06-04T07:58:00.000Z,ZN,109.5,109.5,109.5,109.5,1296
2026-06-04T07:59:00.000Z,ZN,109.5,109.5,109.484375,109.484375,1087
2026-06-04T08:00:00.000Z,ZN,109.5,109.5,109.484375,109.484375,2027
2026-06-04T08:01:00.000Z,ZN,109.484375,109.484375,109.484375,109.484375,966
2026-06-04T08:02:00.000Z,ZN,109.5,109.5,109.484375,109.484375,2
2026-06-04T08:03:00.000Z,ZN,109.484375,109.5,109.484375,109.484375,84
2026-06-04T08:04:00.000Z,ZN,109.5,109.5,109.484375,109.484375,2334
2026-06-04T08:06:00.000Z,ZN,109.5,109.5,109.484375,109.5,5273
2026-06-04T08:07:00.000Z,ZN,109.5,109.5,109.5,109.5,309
2026-06-04T08:08:00.000Z,ZN,109.5,109.515625,109.484375,109.5,2141
2026-06-04T08:09:00.000Z,ZN,109.515625,109.515625,109.5,109.5,176
2026-06-04T08:10:00.000Z,ZN,109.5,109.515625,109.5,109.515625,168
2026-06-04T08:11:00.000Z,ZN,109.515625,109.515625,109.484375,109.484375,1053
2026-06-04T08:12:00.000Z,ZN,109.484375,109.5,109.484375,109.484375,311
2026-06-04T08:13:00.000Z,ZN,109.484375,109.5,109.484375,109.484375,232
2026-06-04T08:14:00.000Z,ZN,109.484375,109.5,109.484375,109.484375,1118
2026-06-04T08:15:00.000Z,ZN,109.484375,109.484375,109.484375,109.484375,770
2026-06-04T08:16:00.000Z,ZN,109.5,109.5,109.5,109.5,352
2026-06-04T08:17:00.000Z,ZN,109.5,109.515625,109.5,109.515625,355
2026-06-04T08:19:00.000Z,ZN,109.5,109.5,109.5,109.5,924
2026-06-04T08:21:00.000Z,ZN,109.484375,109.484375,109.484375,109.484375,1071
2026-06-04T08:22:00.000Z,ZN,109.484375,109.5,109.484375,109.484375,401
2026-06-04T08:24:00.000Z,ZN,109.5,109.5,109.484375,109.484375,2492
2026-06-04T08:25:00.000Z,ZN,109.484375,109.484375,109.484375,109.484375,120
2026-06-04T08:26:00.000Z,ZN,109.484375,109.484375,109.484375,109.484375,1938
2026-06-04T08:27:00.000Z,ZN,109.5,109.5,109.5,109.5,2812
2026-06-04T08:28:00.000Z,ZN,109.5,109.5,109.5,109.5,1031
2026-06-04T08:29:00.000Z,ZN,109.5,109.53125,109.5,109.515625,4156
2026-06-04T08:30:00.000Z,ZN,109.515625,109.53125,109.515625,109.53125,4284
2026-06-04T08:31:00.000Z,ZN,109.53125,109.53125,109.484375,109.484375,5008
2026-06-04T08:32:00.000Z,ZN,109.484375,109.5,109.484375,109.5,92
2026-06-04T08:33:00.000Z,ZN,109.5,109.5,109.484375,109.5,1369
2026-06-04T08:34:00.000Z,ZN,109.5,109.5,109.5,109.5,476
2026-06-04T08:35:00.000Z,ZN,109.5,109.5,109.484375,109.484375,295
2026-06-04T08:36:00.000Z,ZN,109.5,109.5,109.5,109.5,62
2026-06-04T08:37:00.000Z,ZN,109.5,109.5,109.484375,109.484375,61
2026-06-04T08:38:00.000Z,ZN,109.484375,109.5,109.484375,109.5,462
2026-06-04T08:39:00.000Z,ZN,109.484375,109.5,109.484375,109.5,235
2026-06-04T08:40:00.000Z,ZN,109.484375,109.484375,109.484375,109.484375,242
2026-06-04T08:41:00.000Z,ZN,109.484375,109.484375,109.46875,109.484375,979
2026-06-04T08:42:00.000Z,ZN,109.484375,109.484375,109.484375,109.484375,461
2026-06-04T08:43:00.000Z,ZN,109.484375,109.484375,109.484375,109.484375,2
2026-06-04T08:44:00.000Z,ZN,109.484375,109.484375,109.484375,109.484375,13
2026-06-04T08:45:00.000Z,ZN,109.484375,109.5,109.484375,109.5,2974
2026-06-04T08:46:00.000Z,ZN,109.5,109.5,109.484375,109.5,1358
2026-06-04T08:47:00.000Z,ZN,109.5,109.5,109.484375,109.5,616
2026-06-04T08:48:00.000Z,ZN,109.5,109.5,109.484375,109.484375,15
2026-06-04T08:49:00.000Z,ZN,109.484375,109.5,109.46875,109.46875,2999
2026-06-04T08:50:00.000Z,ZN,109.484375,109.484375,109.484375,109.484375,43
2026-06-04T08:51:00.000Z,ZN,109.484375,109.484375,109.46875,109.484375,5796
2026-06-04T08:52:00.000Z,ZN,109.484375,109.484375,109.484375,109.484375,6
2026-06-04T08:53:00.000Z,ZN,109.484375,109.484375,109.484375,109.484375,16
2026-06-04T08:54:00.000Z,ZN,109.484375,109.484375,109.46875,109.484375,3140
2026-06-04T08:55:00.000Z,ZN,109.484375,109.5,109.484375,109.5,11
2026-06-04T08:56:00.000Z,ZN,109.5,109.5,109.5,109.5,528
2026-06-04T08:57:00.000Z,ZN,109.5,109.5,109.5,109.5,2
2026-06-04T08:58:00.000Z,ZN,109.484375,109.5,109.484375,109.5,104
2026-06-04T08:59:00.000Z,ZN,109.5,109.5,109.484375,109.484375,304
2026-06-04T09:00:00.000Z,ZN,109.5,109.5,109.5,109.5,691
2026-06-04T09:01:00.000Z,ZN,109.5,109.515625,109.5,109.5,2339
2026-06-04T09:03:00.000Z,ZN,109.515625,109.515625,109.515625,109.515625,30
2026-06-04T09:04:00.000Z,ZN,109.515625,109.53125,109.515625,109.515625,3198
2026-06-04T09:05:00.000Z,ZN,109.515625,109.53125,109.515625,109.53125,75
2026-06-04T09:06:00.000Z,ZN,109.53125,109.546875,109.53125,109.53125,1518
2026-06-04T09:07:00.000Z,ZN,109.53125,109.53125,109.53125,109.53125,2437
2026-06-04T09:08:00.000Z,ZN,109.53125,109.53125,109.53125,109.53125,1197
2026-06-04T09:09:00.000Z,ZN,109.53125,109.546875,109.53125,109.53125,1736
2026-06-04T09:10:00.000Z,ZN,109.53125,109.53125,109.53125,109.53125,270
2026-06-04T09:11:00.000Z,ZN,109.53125,109.53125,109.53125,109.53125,182
2026-06-04T09:12:00.000Z,ZN,109.53125,109.53125,109.515625,109.515625,4
2026-06-04T09:13:00.000Z,ZN,109.53125,109.53125,109.515625,109.515625,266
2026-06-04T09:14:00.000Z,ZN,109.515625,109.515625,109.515625,109.515625,1678
2026-06-04T09:15:00.000Z,ZN,109.515625,109.515625,109.515625,109.515625,1347
2026-06-04T09:16:00.000Z,ZN,109.5,109.5,109.5,109.5,1
2026-06-04T09:18:00.000Z,ZN,109.5,109.515625,109.5,109.515625,1006
2026-06-04T09:20:00.000Z,ZN,109.515625,109.515625,109.515625,109.515625,3
2026-06-04T09:21:00.000Z,ZN,109.53125,109.53125,109.53125,109.53125,43
2026-06-04T09:22:00.000Z,ZN,109.53125,109.53125,109.515625,109.515625,662
2026-06-04T09:23:00.000Z,ZN,109.5,109.5,109.5,109.5,285
2026-06-04T09:24:00.000Z,ZN,109.5,109.5,109.5,109.5,1
2026-06-04T09:25:00.000Z,ZN,109.5,109.515625,109.484375,109.5,1207
2026-06-04T09:26:00.000Z,ZN,109.484375,109.5,109.484375,109.484375,1897
2026-06-04T09:27:00.000Z,ZN,109.5,109.5,109.5,109.5,1086
2026-06-04T09:28:00.000Z,ZN,109.5,109.5,109.5,109.5,132
2026-06-04T09:30:00.000Z,ZN,109.5,109.515625,109.5,109.515625,79
2026-06-04T09:31:00.000Z,ZN,109.515625,109.515625,109.515625,109.515625,642
2026-06-04T09:32:00.000Z,ZN,109.515625,109.515625,109.5,109.5,48
2026-06-04T09:33:00.000Z,ZN,109.515625,109.515625,109.5,109.515625,574
2026-06-04T09:34:00.000Z,ZN,109.515625,109.515625,109.515625,109.515625,759
2026-06-04T09:35:00.000Z,ZN,109.515625,109.515625,109.515625,109.515625,14
2026-06-04T09:36:00.000Z,ZN,109.53125,109.53125,109.53125,109.53125,1
2026-06-04T09:37:00.000Z,ZN,109.53125,109.5625,109.515625,109.546875,5623
2026-06-04T09:38:00.000Z,ZN,109.546875,109.546875,109.546875,109.546875,136
2026-06-04T09:39:00.000Z,ZN,109.546875,109.546875,109.546875,109.546875,1970
2026-06-04T09:40:00.000Z,ZN,109.546875,109.546875,109.546875,109.546875,927
2026-06-04T09:41:00.000Z,ZN,109.5625,109.5625,109.5625,109.5625,1
2026-06-04T09:42:00.000Z,ZN,109.5625,109.5625,109.5625,109.5625,218
2026-06-04T09:43:00.000Z,ZN,109.5625,109.5625,109.5625,109.5625,33
2026-06-04T09:44:00.000Z,ZN,109.5625,109.5625,109.5625,109.5625,1804
2026-06-04T09:45:00.000Z,ZN,109.578125,109.609375,109.578125,109.609375,7384
2026-06-04T09:46:00.000Z,ZN,109.609375,109.609375,109.59375,109.59375,4725
2026-06-04T09:47:00.000Z,ZN,109.59375,109.609375,109.59375,109.59375,1195
2026-06-04T09:48:00.000Z,ZN,109.59375,109.59375,109.59375,109.59375,3293
2026-06-04T09:49:00.000Z,ZN,109.59375,109.59375,109.59375,109.59375,305
2026-06-04T09:50:00.000Z,ZN,109.59375,109.59375,109.59375,109.59375,390
2026-06-04T09:51:00.000Z,ZN,109.59375,109.59375,109.578125,109.59375,431
2026-06-04T09:52:00.000Z,ZN,109.59375,109.59375,109.59375,109.59375,34
2026-06-04T09:53:00.000Z,ZN,109.578125,109.578125,109.578125,109.578125,1168
2026-06-04T09:54:00.000Z,ZN,109.578125,109.578125,109.578125,109.578125,72
2026-06-04T09:55:00.000Z,ZN,109.578125,109.59375,109.578125,109.59375,568
2026-06-04T09:56:00.000Z,ZN,109.578125,109.578125,109.5625,109.578125,590
2026-06-04T09:57:00.000Z,ZN,109.578125,109.578125,109.5625,109.5625,315
2026-06-04T09:58:00.000Z,ZN,109.5625,109.5625,109.5625,109.5625,5
2026-06-04T09:59:00.000Z,ZN,109.578125,109.578125,109.5625,109.578125,476
2026-06-04T10:00:00.000Z,ZN,109.578125,109.578125,109.5625,109.5625,820
2026-06-04T10:01:00.000Z,ZN,109.5625,109.578125,109.5625,109.578125,78
2026-06-04T10:02:00.000Z,ZN,109.578125,109.578125,109.578125,109.578125,30
2026-06-04T10:03:00.000Z,ZN,109.578125,109.578125,109.578125,109.578125,1
2026-06-04T10:04:00.000Z,ZN,109.578125,109.578125,109.578125,109.578125,25
2026-06-04T10:06:00.000Z,ZN,109.578125,109.578125,109.578125,109.578125,85
2026-06-04T10:07:00.000Z,ZN,109.578125,109.59375,109.578125,109.59375,2418
2026-06-04T10:08:00.000Z,ZN,109.578125,109.578125,109.578125,109.578125,81
2026-06-04T10:09:00.000Z,ZN,109.578125,109.578125,109.578125,109.578125,1728
2026-06-04T10:10:00.000Z,ZN,109.578125,109.578125,109.578125,109.578125,17
2026-06-04T10:11:00.000Z,ZN,109.5625,109.578125,109.5625,109.578125,3320
2026-06-04T10:12:00.000Z,ZN,109.578125,109.578125,109.5625,109.5625,641
2026-06-04T10:13:00.000Z,ZN,109.578125,109.578125,109.578125,109.578125,88
2026-06-04T10:14:00.000Z,ZN,109.578125,109.578125,109.5625,109.578125,299
2026-06-04T10:15:00.000Z,ZN,109.578125,109.578125,109.578125,109.578125,298
2026-06-04T10:16:00.000Z,ZN,109.578125,109.578125,109.5625,109.578125,156
2026-06-04T10:17:00.000Z,ZN,109.578125,109.578125,109.578125,109.578125,15
2026-06-04T10:18:00.000Z,ZN,109.578125,109.578125,109.578125,109.578125,10
2026-06-04T10:19:00.000Z,ZN,109.578125,109.578125,109.5625,109.578125,802
2026-06-04T10:20:00.000Z,ZN,109.578125,109.578125,109.578125,109.578125,130
2026-06-04T10:21:00.000Z,ZN,109.578125,109.578125,109.578125,109.578125,158
2026-06-04T10:22:00.000Z,ZN,109.578125,109.578125,109.578125,109.578125,384
2026-06-04T10:23:00.000Z,ZN,109.59375,109.59375,109.578125,109.578125,44
2026-06-04T10:25:00.000Z,ZN,109.578125,109.578125,109.578125,109.578125,1
2026-06-04T10:27:00.000Z,ZN,109.59375,109.59375,109.578125,109.59375,114
2026-06-04T10:29:00.000Z,ZN,109.578125,109.59375,109.578125,109.59375,3061
2026-06-04T10:30:00.000Z,ZN,109.59375,109.59375,109.59375,109.59375,153
2026-06-04T10:32:00.000Z,ZN,109.578125,109.578125,109.578125,109.578125,1
2026-06-04T10:33:00.000Z,ZN,109.59375,109.59375,109.578125,109.578125,95
2026-06-04T10:35:00.000Z,ZN,109.59375,109.59375,109.578125,109.578125,10
2026-06-04T10:36:00.000Z,ZN,109.59375,109.59375,109.59375,109.59375,221
2026-06-04T10:37:00.000Z,ZN,109.59375,109.59375,109.578125,109.578125,734
2026-06-04T10:38:00.000Z,ZN,109.578125,109.578125,109.5625,109.578125,235
2026-06-04T10:39:00.000Z,ZN,109.5625,109.5625,109.5625,109.5625,42
2026-06-04T10:40:00.000Z,ZN,109.5625,109.5625,109.5625,109.5625,321
2026-06-04T10:41:00.000Z,ZN,109.5625,109.5625,109.5625,109.5625,25
2026-06-04T10:42:00.000Z,ZN,109.578125,109.578125,109.5625,109.578125,272
2026-06-04T10:43:00.000Z,ZN,109.59375,109.59375,109.578125,109.59375,875
2026-06-04T10:44:00.000Z,ZN,109.59375,109.59375,109.578125,109.59375,169
2026-06-04T10:45:00.000Z,ZN,109.59375,109.609375,109.59375,109.59375,1556
2026-06-04T10:46:00.000Z,ZN,109.59375,109.59375,109.59375,109.59375,330
2026-06-04T10:47:00.000Z,ZN,109.59375,109.59375,109.578125,109.59375,79
2026-06-04T10:48:00.000Z,ZN,109.578125,109.59375,109.578125,109.578125,1083
2026-06-04T10:49:00.000Z,ZN,109.578125,109.578125,109.578125,109.578125,79
2026-06-04T10:50:00.000Z,ZN,109.578125,109.578125,109.578125,109.578125,30
2026-06-04T10:51:00.000Z,ZN,109.578125,109.578125,109.578125,109.578125,984
2026-06-04T10:52:00.000Z,ZN,109.578125,109.578125,109.578125,109.578125,400
2026-06-04T10:53:00.000Z,ZN,109.5625,109.578125,109.5625,109.578125,162
2026-06-04T10:54:00.000Z,ZN,109.578125,109.578125,109.578125,109.578125,53
2026-06-04T10:55:00.000Z,ZN,109.578125,109.578125,109.578125,109.578125,1196
2026-06-04T10:56:00.000Z,ZN,109.578125,109.578125,109.578125,109.578125,7
2026-06-04T10:58:00.000Z,ZN,109.578125,109.578125,109.578125,109.578125,3684
2026-06-04T10:59:00.000Z,ZN,109.578125,109.578125,109.578125,109.578125,340
2026-06-04T11:00:00.000Z,ZN,109.59375,109.609375,109.59375,109.609375,522
2026-06-04T11:01:00.000Z,ZN,109.609375,109.609375,109.59375,109.59375,24
2026-06-04T11:02:00.000Z,ZN,109.59375,109.609375,109.578125,109.59375,786
2026-06-04T11:03:00.000Z,ZN,109.59375,109.59375,109.59375,109.59375,6
2026-06-04T11:04:00.000Z,ZN,109.59375,109.609375,109.59375,109.609375,798
2026-06-04T11:05:00.000Z,ZN,109.59375,109.609375,109.59375,109.609375,12
2026-06-04T11:06:00.000Z,ZN,109.609375,109.609375,109.59375,109.609375,4434
2026-06-04T11:07:00.000Z,ZN,109.609375,109.609375,109.59375,109.59375,6232
2026-06-04T11:08:00.000Z,ZN,109.609375,109.609375,109.609375,109.609375,1507
2026-06-04T11:09:00.000Z,ZN,109.59375,109.625,109.59375,109.625,2606
2026-06-04T11:10:00.000Z,ZN,109.625,109.640625,109.625,109.640625,4996
2026-06-04T11:11:00.000Z,ZN,109.640625,109.640625,109.625,109.640625,1145
2026-06-04T11:12:00.000Z,ZN,109.640625,109.65625,109.640625,109.65625,10691
2026-06-04T11:13:00.000Z,ZN,109.65625,109.65625,109.65625,109.65625,1884
2026-06-04T11:14:00.000Z,ZN,109.65625,109.671875,109.65625,109.671875,4314
2026-06-04T11:15:00.000Z,ZN,109.65625,109.65625,109.640625,109.65625,1869
2026-06-04T11:16:00.000Z,ZN,109.65625,109.65625,109.640625,109.65625,1616
2026-06-04T11:17:00.000Z,ZN,109.65625,109.671875,109.640625,109.65625,3201
2026-06-04T11:18:00.000Z,ZN,109.65625,109.671875,109.65625,109.65625,2924
2026-06-04T11:19:00.000Z,ZN,109.65625,109.671875,109.65625,109.671875,336
2026-06-04T11:20:00.000Z,ZN,109.65625,109.671875,109.640625,109.65625,2003
2026-06-04T11:21:00.000Z,ZN,109.65625,109.65625,109.65625,109.65625,1847
2026-06-04T11:22:00.000Z,ZN,109.65625,109.65625,109.65625,109.65625,1435
2026-06-04T11:23:00.000Z,ZN,109.640625,109.671875,109.640625,109.65625,1379
2026-06-04T11:24:00.000Z,ZN,109.671875,109.671875,109.65625,109.65625,1296
2026-06-04T11:25:00.000Z,ZN,109.671875,109.6875,109.671875,109.671875,1969
2026-06-04T11:26:00.000Z,ZN,109.671875,109.6875,109.671875,109.671875,472
2026-06-04T11:27:00.000Z,ZN,109.6875,109.6875,109.671875,109.671875,2280
2026-06-04T11:28:00.000Z,ZN,109.671875,109.6875,109.671875,109.671875,1572
2026-06-04T11:29:00.000Z,ZN,109.671875,109.671875,109.65625,109.671875,534
2026-06-04T11:30:00.000Z,ZN,109.671875,109.671875,109.640625,109.640625,1974
2026-06-04T11:31:00.000Z,ZN,109.65625,109.65625,109.65625,109.65625,382
2026-06-04T11:32:00.000Z,ZN,109.640625,109.640625,109.609375,109.625,6895
2026-06-04T11:33:00.000Z,ZN,109.640625,109.65625,109.640625,109.65625,7004
2026-06-04T11:34:00.000Z,ZN,109.671875,109.671875,109.65625,109.671875,279
2026-06-04T11:35:00.000Z,ZN,109.671875,109.671875,109.65625,109.671875,66
2026-06-04T11:36:00.000Z,ZN,109.671875,109.671875,109.65625,109.65625,57
2026-06-04T11:37:00.000Z,ZN,109.671875,109.671875,109.65625,109.65625,93
2026-06-04T11:38:00.000Z,ZN,109.671875,109.6875,109.671875,109.6875,3240
2026-06-04T11:39:00.000Z,ZN,109.6875,109.71875,109.671875,109.703125,6101
2026-06-04T11:40:00.000Z,ZN,109.703125,109.703125,109.6875,109.703125,997
2026-06-04T11:41:00.000Z,ZN,109.703125,109.71875,109.703125,109.71875,672
2026-06-04T11:42:00.000Z,ZN,109.71875,109.71875,109.703125,109.703125,1938
2026-06-04T11:43:00.000Z,ZN,109.703125,109.71875,109.703125,109.703125,3661
2026-06-04T11:44:00.000Z,ZN,109.703125,109.703125,109.6875,109.703125,3881
2026-06-04T11:45:00.000Z,ZN,109.703125,109.703125,109.6875,109.703125,1973
2026-06-04T11:46:00.000Z,ZN,109.703125,109.71875,109.703125,109.703125,360
2026-06-04T11:47:00.000Z,ZN,109.71875,109.71875,109.703125,109.71875,325
2026-06-04T11:48:00.000Z,ZN,109.71875,109.71875,109.6875,109.703125,1109
2026-06-04T11:49:00.000Z,ZN,109.703125,109.71875,109.703125,109.71875,4077
2026-06-04T11:50:00.000Z,ZN,109.71875,109.734375,109.71875,109.734375,219
2026-06-04T11:51:00.000Z,ZN,109.734375,109.734375,109.71875,109.734375,61
2026-06-04T11:52:00.000Z,ZN,109.734375,109.734375,109.703125,109.71875,3402
2026-06-04T11:53:00.000Z,ZN,109.71875,109.71875,109.703125,109.71875,352
2026-06-04T11:54:00.000Z,ZN,109.71875,109.734375,109.71875,109.71875,3257
2026-06-04T11:55:00.000Z,ZN,109.71875,109.734375,109.71875,109.734375,3335
2026-06-04T11:56:00.000Z,ZN,109.734375,109.734375,109.71875,109.734375,1317
2026-06-04T11:57:00.000Z,ZN,109.734375,109.75,109.734375,109.734375,3249
2026-06-04T11:58:00.000Z,ZN,109.734375,109.734375,109.71875,109.734375,890
2026-06-04T11:59:00.000Z,ZN,109.734375,109.734375,109.71875,109.734375,664
2026-06-04T12:00:00.000Z,ZN,109.734375,109.75,109.734375,109.734375,4437
2026-06-04T12:01:00.000Z,ZN,109.734375,109.734375,109.71875,109.734375,87
2026-06-04T12:02:00.000Z,ZN,109.734375,109.75,109.734375,109.75,1735
2026-06-04T12:03:00.000Z,ZN,109.75,109.75,109.734375,109.734375,1309
2026-06-04T12:04:00.000Z,ZN,109.734375,109.75,109.71875,109.734375,780
2026-06-04T12:05:00.000Z,ZN,109.734375,109.734375,109.734375,109.734375,851
2026-06-04T12:06:00.000Z,ZN,109.734375,109.75,109.734375,109.75,3779
2026-06-04T12:07:00.000Z,ZN,109.75,109.765625,109.75,109.75,5972
2026-06-04T12:08:00.000Z,ZN,109.765625,109.765625,109.75,109.75,3389
2026-06-04T12:09:00.000Z,ZN,109.75,109.75,109.71875,109.734375,7816
2026-06-04T12:10:00.000Z,ZN,109.734375,109.734375,109.71875,109.734375,2235
2026-06-04T12:11:00.000Z,ZN,109.734375,109.734375,109.6875,109.6875,7588
2026-06-04T12:12:00.000Z,ZN,109.6875,109.71875,109.6875,109.703125,2587
2026-06-04T12:13:00.000Z,ZN,109.71875,109.71875,109.6875,109.703125,2831
2026-06-04T12:14:00.000Z,ZN,109.703125,109.703125,109.703125,109.703125,45
2026-06-04T12:15:00.000Z,ZN,109.703125,109.71875,109.703125,109.703125,2668
2026-06-04T12:16:00.000Z,ZN,109.703125,109.71875,109.703125,109.703125,3633
2026-06-04T12:17:00.000Z,ZN,109.71875,109.71875,109.703125,109.703125,1015
2026-06-04T12:18:00.000Z,ZN,109.703125,109.71875,109.703125,109.703125,1053
2026-06-04T12:19:00.000Z,ZN,109.71875,109.71875,109.6875,109.6875,1613
2026-06-04T12:20:00.000Z,ZN,109.6875,109.71875,109.6875,109.71875,305
2026-06-04T12:21:00.000Z,ZN,109.71875,109.71875,109.703125,109.71875,126
2026-06-04T12:22:00.000Z,ZN,109.703125,109.734375,109.703125,109.71875,10827
2026-06-04T12:23:00.000Z,ZN,109.71875,109.75,109.71875,109.734375,1589
2026-06-04T12:24:00.000Z,ZN,109.734375,109.75,109.71875,109.71875,3685
2026-06-04T12:25:00.000Z,ZN,109.734375,109.734375,109.71875,109.734375,1222
2026-06-04T12:26:00.000Z,ZN,109.75,109.75,109.71875,109.71875,2690
2026-06-04T12:27:00.000Z,ZN,109.734375,109.734375,109.71875,109.734375,1786
2026-06-04T12:28:00.000Z,ZN,109.734375,109.734375,109.703125,109.71875,3118
2026-06-04T12:29:00.000Z,ZN,109.71875,109.734375,109.703125,109.734375,5280
2026-06-04T12:30:00.000Z,ZN,109.734375,109.765625,109.71875,109.734375,9078
2026-06-04T12:31:00.000Z,ZN,109.734375,109.734375,109.71875,109.734375,4665
2026-06-04T12:32:00.000Z,ZN,109.734375,109.734375,109.71875,109.71875,986
2026-06-04T12:33:00.000Z,ZN,109.734375,109.734375,109.703125,109.703125,1576
2026-06-04T12:34:00.000Z,ZN,109.71875,109.71875,109.703125,109.71875,1826
2026-06-04T12:35:00.000Z,ZN,109.71875,109.71875,109.703125,109.71875,122
2026-06-04T12:36:00.000Z,ZN,109.71875,109.734375,109.71875,109.71875,5479
2026-06-04T12:37:00.000Z,ZN,109.734375,109.734375,109.71875,109.734375,112
2026-06-04T12:38:00.000Z,ZN,109.734375,109.734375,109.71875,109.734375,1214
2026-06-04T12:39:00.000Z,ZN,109.71875,109.734375,109.71875,109.71875,1679
2026-06-04T12:40:00.000Z,ZN,109.734375,109.734375,109.71875,109.734375,412
2026-06-04T12:41:00.000Z,ZN,109.71875,109.71875,109.71875,109.71875,2979
2026-06-04T12:42:00.000Z,ZN,109.71875,109.734375,109.71875,109.734375,2015
2026-06-04T12:43:00.000Z,ZN,109.734375,109.734375,109.71875,109.734375,2576
2026-06-04T12:44:00.000Z,ZN,109.734375,109.734375,109.71875,109.71875,658
2026-06-04T12:45:00.000Z,ZN,109.734375,109.734375,109.703125,109.71875,7271
2026-06-04T12:46:00.000Z,ZN,109.734375,109.734375,109.71875,109.71875,1688
2026-06-04T12:47:00.000Z,ZN,109.71875,109.71875,109.703125,109.71875,1856
2026-06-04T12:48:00.000Z,ZN,109.71875,109.734375,109.703125,109.71875,2352
2026-06-04T12:49:00.000Z,ZN,109.734375,109.734375,109.71875,109.734375,141
2026-06-04T12:50:00.000Z,ZN,109.734375,109.734375,109.734375,109.734375,762
2026-06-04T12:51:00.000Z,ZN,109.734375,109.734375,109.71875,109.71875,1864
2026-06-04T12:52:00.000Z,ZN,109.734375,109.734375,109.71875,109.734375,2438
2026-06-04T12:53:00.000Z,ZN,109.734375,109.765625,109.71875,109.734375,7914
2026-06-04T12:54:00.000Z,ZN,109.734375,109.75,109.734375,109.734375,1567
2026-06-04T12:55:00.000Z,ZN,109.734375,109.734375,109.71875,109.71875,1153
2026-06-04T12:56:00.000Z,ZN,109.734375,109.734375,109.703125,109.71875,2217
2026-06-04T12:57:00.000Z,ZN,109.71875,109.71875,109.703125,109.703125,2602
2026-06-04T12:58:00.000Z,ZN,109.703125,109.71875,109.6875,109.703125,2504
2026-06-04T12:59:00.000Z,ZN,109.703125,109.71875,109.703125,109.703125,2066
2026-06-04T13:00:00.000Z,ZN,109.703125,109.71875,109.6875,109.71875,2370
2026-06-04T13:01:00.000Z,ZN,109.703125,109.71875,109.703125,109.71875,2505
2026-06-04T13:02:00.000Z,ZN,109.703125,109.71875,109.703125,109.71875,1013
2026-06-04T13:03:00.000Z,ZN,109.71875,109.71875,109.703125,109.703125,1357
2026-06-04T13:04:00.000Z,ZN,109.703125,109.71875,109.6875,109.703125,2307
2026-06-04T13:05:00.000Z,ZN,109.703125,109.71875,109.703125,109.71875,2120
2026-06-04T13:06:00.000Z,ZN,109.71875,109.71875,109.703125,109.703125,3141
2026-06-04T13:07:00.000Z,ZN,109.71875,109.71875,109.71875,109.71875,2
2026-06-04T13:08:00.000Z,ZN,109.71875,109.71875,109.71875,109.71875,28
2026-06-04T13:09:00.000Z,ZN,109.71875,109.71875,109.703125,109.703125,1493
2026-06-04T13:10:00.000Z,ZN,109.71875,109.71875,109.6875,109.6875,1873
2026-06-04T13:11:00.000Z,ZN,109.703125,109.703125,109.6875,109.703125,13
2026-06-04T13:12:00.000Z,ZN,109.6875,109.703125,109.6875,109.703125,1568
2026-06-04T13:13:00.000Z,ZN,109.703125,109.71875,109.6875,109.71875,1669
2026-06-04T13:14:00.000Z,ZN,109.71875,109.71875,109.703125,109.703125,1970
2026-06-04T13:15:00.000Z,ZN,109.703125,109.71875,109.703125,109.71875,25
2026-06-04T13:16:00.000Z,ZN,109.71875,109.71875,109.6875,109.703125,4320
2026-06-04T13:17:00.000Z,ZN,109.71875,109.71875,109.703125,109.703125,3100
2026-06-04T13:18:00.000Z,ZN,109.71875,109.71875,109.703125,109.703125,218
2026-06-04T13:19:00.000Z,ZN,109.71875,109.71875,109.6875,109.703125,6264
2026-06-04T13:20:00.000Z,ZN,109.703125,109.703125,109.703125,109.703125,3649
2026-06-04T13:21:00.000Z,ZN,109.703125,109.71875,109.6875,109.71875,2032
2026-06-04T13:22:00.000Z,ZN,109.71875,109.71875,109.71875,109.71875,75
2026-06-04T13:23:00.000Z,ZN,109.71875,109.71875,109.703125,109.703125,1973
2026-06-04T13:24:00.000Z,ZN,109.703125,109.703125,109.703125,109.703125,570
2026-06-04T13:25:00.000Z,ZN,109.6875,109.703125,109.6875,109.6875,219
2026-06-04T13:26:00.000Z,ZN,109.6875,109.703125,109.6875,109.6875,4813
2026-06-04T13:27:00.000Z,ZN,109.671875,109.6875,109.671875,109.671875,4363
2026-06-04T13:28:00.000Z,ZN,109.671875,109.703125,109.671875,109.6875,3184
2026-06-04T13:29:00.000Z,ZN,109.6875,109.6875,109.671875,109.6875,1559
2026-06-04T13:30:00.000Z,ZN,109.671875,109.6875,109.671875,109.6875,919
2026-06-04T13:31:00.000Z,ZN,109.6875,109.6875,109.671875,109.671875,1248
2026-06-04T13:32:00.000Z,ZN,109.671875,109.6875,109.65625,109.6875,2046
2026-06-04T13:33:00.000Z,ZN,109.6875,109.6875,109.6875,109.6875,18
2026-06-04T13:34:00.000Z,ZN,109.671875,109.6875,109.671875,109.671875,1813
2026-06-04T13:35:00.000Z,ZN,109.671875,109.6875,109.65625,109.6875,4427
2026-06-04T13:36:00.000Z,ZN,109.6875,109.6875,109.671875,109.6875,805
2026-06-04T13:37:00.000Z,ZN,109.6875,109.703125,109.6875,109.6875,1160
2026-06-04T13:38:00.000Z,ZN,109.6875,109.6875,109.671875,109.6875,1837
2026-06-04T13:39:00.000Z,ZN,109.6875,109.6875,109.671875,109.6875,1334
2026-06-04T13:40:00.000Z,ZN,109.6875,109.6875,109.6875,109.6875,2653
2026-06-04T13:41:00.000Z,ZN,109.671875,109.6875,109.671875,109.6875,335
2026-06-04T13:42:00.000Z,ZN,109.671875,109.6875,109.671875,109.671875,69
2026-06-04T13:43:00.000Z,ZN,109.6875,109.6875,109.671875,109.671875,65
2026-06-04T13:44:00.000Z,ZN,109.6875,109.6875,109.671875,109.6875,3585
2026-06-04T13:45:00.000Z,ZN,109.6875,109.703125,109.6875,109.703125,2337
2026-06-04T13:46:00.000Z,ZN,109.703125,109.703125,109.703125,109.703125,3524
2026-06-04T13:47:00.000Z,ZN,109.71875,109.734375,109.703125,109.71875,5932
2026-06-04T13:48:00.000Z,ZN,109.71875,109.71875,109.71875,109.71875,1212
2026-06-04T13:49:00.000Z,ZN,109.71875,109.75,109.71875,109.75,4108
2026-06-04T13:50:00.000Z,ZN,109.75,109.75,109.71875,109.734375,2852
2026-06-04T13:51:00.000Z,ZN,109.734375,109.75,109.71875,109.734375,4123
2026-06-04T13:52:00.000Z,ZN,109.71875,109.75,109.71875,109.734375,700
2026-06-04T13:53:00.000Z,ZN,109.734375,109.734375,109.703125,109.71875,1242
2026-06-04T13:54:00.000Z,ZN,109.71875,109.71875,109.703125,109.71875,1006
2026-06-04T13:55:00.000Z,ZN,109.734375,109.734375,109.703125,109.71875,3218
2026-06-04T13:56:00.000Z,ZN,109.71875,109.734375,109.703125,109.734375,2955
2026-06-04T13:57:00.000Z,ZN,109.734375,109.734375,109.71875,109.71875,239
2026-06-04T13:58:00.000Z,ZN,109.734375,109.75,109.71875,109.71875,3036
2026-06-04T13:59:00.000Z,ZN,109.734375,109.75,109.71875,109.75,965
2026-06-04T14:00:00.000Z,ZN,109.75,109.75,109.71875,109.734375,1305
2026-06-04T14:01:00.000Z,ZN,109.75,109.765625,109.734375,109.765625,5604
2026-06-04T14:02:00.000Z,ZN,109.765625,109.765625,109.75,109.765625,410
2026-06-04T14:03:00.000Z,ZN,109.765625,109.765625,109.734375,109.75,3976
2026-06-04T14:04:00.000Z,ZN,109.765625,109.765625,109.75,109.75,228
2026-06-04T14:05:00.000Z,ZN,109.765625,109.765625,109.75,109.75,4914
2026-06-04T14:06:00.000Z,ZN,109.765625,109.765625,109.734375,109.734375,6289
2026-06-04T14:07:00.000Z,ZN,109.75,109.75,109.71875,109.734375,1621
2026-06-04T14:08:00.000Z,ZN,109.75,109.75,109.71875,109.71875,993
2026-06-04T14:09:00.000Z,ZN,109.734375,109.734375,109.71875,109.734375,3951
2026-06-04T14:10:00.000Z,ZN,109.75,109.75,109.71875,109.734375,1391
2026-06-04T14:11:00.000Z,ZN,109.734375,109.75,109.734375,109.734375,1486
2026-06-04T14:12:00.000Z,ZN,109.75,109.75,109.71875,109.734375,6218
2026-06-04T14:13:00.000Z,ZN,109.75,109.75,109.734375,109.75,1166
2026-06-04T14:14:00.000Z,ZN,109.75,109.75,109.71875,109.75,3040
2026-06-04T14:15:00.000Z,ZN,109.734375,109.75,109.734375,109.75,1666
2026-06-04T14:16:00.000Z,ZN,109.734375,109.78125,109.734375,109.75,6005
2026-06-04T14:17:00.000Z,ZN,109.765625,109.765625,109.75,109.75,2038
2026-06-04T14:18:00.000Z,ZN,109.75,109.765625,109.75,109.75,51
2026-06-04T14:19:00.000Z,ZN,109.75,109.75,109.734375,109.734375,2105
2026-06-04T14:20:00.000Z,ZN,109.75,109.75,109.71875,109.71875,2375
2026-06-04T14:21:00.000Z,ZN,109.71875,109.734375,109.703125,109.71875,5537
2026-06-04T14:22:00.000Z,ZN,109.71875,109.71875,109.703125,109.71875,1728
2026-06-04T14:23:00.000Z,ZN,109.703125,109.71875,109.6875,109.703125,11154
2026-06-04T14:24:00.000Z,ZN,109.703125,109.703125,109.671875,109.6875,6941
2026-06-04T14:25:00.000Z,ZN,109.6875,109.703125,109.65625,109.671875,5283
2026-06-04T14:26:00.000Z,ZN,109.671875,109.6875,109.671875,109.6875,4034
2026-06-04T14:27:00.000Z,ZN,109.6875,109.6875,109.65625,109.671875,5169
2026-06-04T14:28:00.000Z,ZN,109.671875,109.6875,109.65625,109.65625,1988
2026-06-04T14:29:00.000Z,ZN,109.671875,109.671875,109.65625,109.65625,423
2026-06-04T14:30:00.000Z,ZN,109.671875,109.671875,109.625,109.640625,8895
2026-06-04T14:31:00.000Z,ZN,109.640625,109.65625,109.625,109.65625,3231
2026-06-04T14:32:00.000Z,ZN,109.640625,109.65625,109.640625,109.65625,484
2026-06-04T14:33:00.000Z,ZN,109.65625,109.65625,109.65625,109.65625,4128
2026-06-04T14:34:00.000Z,ZN,109.65625,109.671875,109.65625,109.671875,1401
2026-06-04T14:35:00.000Z,ZN,109.65625,109.65625,109.65625,109.65625,1226
2026-06-04T14:36:00.000Z,ZN,109.65625,109.65625,109.65625,109.65625,560
2026-06-04T14:37:00.000Z,ZN,109.671875,109.671875,109.640625,109.640625,1382
2026-06-04T14:38:00.000Z,ZN,109.65625,109.671875,109.640625,109.640625,558
2026-06-04T14:39:00.000Z,ZN,109.65625,109.65625,109.640625,109.65625,1225
2026-06-04T14:40:00.000Z,ZN,109.65625,109.65625,109.640625,109.640625,15
2026-06-04T14:41:00.000Z,ZN,109.640625,109.65625,109.640625,109.65625,61
2026-06-04T14:42:00.000Z,ZN,109.640625,109.65625,109.640625,109.65625,37
2026-06-04T14:43:00.000Z,ZN,109.65625,109.671875,109.640625,109.65625,4529
2026-06-04T14:44:00.000Z,ZN,109.65625,109.65625,109.65625,109.65625,905
2026-06-04T14:45:00.000Z,ZN,109.65625,109.671875,109.65625,109.671875,1173
2026-06-04T14:46:00.000Z,ZN,109.671875,109.671875,109.671875,109.671875,736
2026-06-04T14:47:00.000Z,ZN,109.671875,109.671875,109.671875,109.671875,204
2026-06-04T14:48:00.000Z,ZN,109.671875,109.671875,109.65625,109.65625,273
2026-06-04T14:49:00.000Z,ZN,109.671875,109.671875,109.65625,109.65625,2412
2026-06-04T14:50:00.000Z,ZN,109.671875,109.671875,109.65625,109.65625,103
2026-06-04T14:51:00.000Z,ZN,109.671875,109.671875,109.65625,109.671875,4081
2026-06-04T14:52:00.000Z,ZN,109.671875,109.671875,109.65625,109.671875,2279
2026-06-04T14:53:00.000Z,ZN,109.671875,109.6875,109.671875,109.671875,2160
2026-06-04T14:54:00.000Z,ZN,109.671875,109.671875,109.65625,109.65625,1001
2026-06-04T14:55:00.000Z,ZN,109.65625,109.671875,109.65625,109.671875,102
2026-06-04T14:56:00.000Z,ZN,109.65625,109.671875,109.65625,109.65625,1665
2026-06-04T14:57:00.000Z,ZN,109.65625,109.671875,109.640625,109.65625,3399
2026-06-04T14:58:00.000Z,ZN,109.65625,109.671875,109.640625,109.65625,1516
2026-06-04T14:59:00.000Z,ZN,109.640625,109.671875,109.640625,109.671875,1726
2026-06-04T15:00:00.000Z,ZN,109.65625,109.671875,109.65625,109.65625,4342
2026-06-04T15:01:00.000Z,ZN,109.65625,109.671875,109.640625,109.65625,922
2026-06-04T15:02:00.000Z,ZN,109.65625,109.671875,109.65625,109.671875,334
2026-06-04T15:03:00.000Z,ZN,109.671875,109.671875,109.65625,109.671875,887
2026-06-04T15:04:00.000Z,ZN,109.671875,109.671875,109.640625,109.640625,658
2026-06-04T15:05:00.000Z,ZN,109.65625,109.671875,109.640625,109.65625,3690
2026-06-04T15:06:00.000Z,ZN,109.65625,109.65625,109.640625,109.640625,364
2026-06-04T15:07:00.000Z,ZN,109.65625,109.65625,109.640625,109.65625,33
2026-06-04T15:08:00.000Z,ZN,109.640625,109.65625,109.640625,109.640625,515
2026-06-04T15:09:00.000Z,ZN,109.65625,109.671875,109.640625,109.671875,6005
2026-06-04T15:10:00.000Z,ZN,109.65625,109.671875,109.65625,109.671875,1592
2026-06-04T15:11:00.000Z,ZN,109.671875,109.671875,109.65625,109.65625,311
2026-06-04T15:12:00.000Z,ZN,109.671875,109.671875,109.65625,109.671875,512
2026-06-04T15:13:00.000Z,ZN,109.65625,109.671875,109.65625,109.65625,31
2026-06-04T15:14:00.000Z,ZN,109.65625,109.671875,109.65625,109.671875,4683
2026-06-04T15:15:00.000Z,ZN,109.671875,109.6875,109.671875,109.6875,602
2026-06-04T15:16:00.000Z,ZN,109.6875,109.6875,109.671875,109.671875,124
2026-06-04T15:17:00.000Z,ZN,109.6875,109.6875,109.671875,109.671875,408
2026-06-04T15:18:00.000Z,ZN,109.671875,109.671875,109.65625,109.671875,2121
2026-06-04T15:19:00.000Z,ZN,109.671875,109.6875,109.65625,109.671875,3070
2026-06-04T15:20:00.000Z,ZN,109.671875,109.6875,109.671875,109.671875,2604
2026-06-04T15:21:00.000Z,ZN,109.671875,109.671875,109.671875,109.671875,1862
2026-06-04T15:22:00.000Z,ZN,109.671875,109.6875,109.671875,109.6875,60
2026-06-04T15:23:00.000Z,ZN,109.671875,109.6875,109.671875,109.671875,1079
2026-06-04T15:24:00.000Z,ZN,109.6875,109.6875,109.671875,109.671875,107
2026-06-04T15:25:00.000Z,ZN,109.671875,109.671875,109.65625,109.671875,2735
2026-06-04T15:26:00.000Z,ZN,109.65625,109.6875,109.65625,109.671875,1245
2026-06-04T15:27:00.000Z,ZN,109.6875,109.6875,109.671875,109.671875,2777
2026-06-04T15:28:00.000Z,ZN,109.671875,109.671875,109.671875,109.671875,1768
2026-06-04T15:29:00.000Z,ZN,109.671875,109.671875,109.65625,109.65625,129
2026-06-04T15:30:00.000Z,ZN,109.671875,109.671875,109.65625,109.671875,1433
2026-06-04T15:31:00.000Z,ZN,109.671875,109.671875,109.65625,109.671875,585
2026-06-04T15:32:00.000Z,ZN,109.671875,109.671875,109.671875,109.671875,1470
2026-06-04T15:33:00.000Z,ZN,109.671875,109.671875,109.65625,109.671875,15
2026-06-04T15:34:00.000Z,ZN,109.671875,109.671875,109.65625,109.65625,3099
2026-06-04T15:35:00.000Z,ZN,109.65625,109.65625,109.640625,109.65625,1049
2026-06-04T15:36:00.000Z,ZN,109.640625,109.65625,109.640625,109.65625,3170
2026-06-04T15:37:00.000Z,ZN,109.65625,109.671875,109.640625,109.65625,1638
2026-06-04T15:38:00.000Z,ZN,109.65625,109.671875,109.65625,109.65625,1032
2026-06-04T15:39:00.000Z,ZN,109.671875,109.671875,109.65625,109.65625,6
2026-06-04T15:40:00.000Z,ZN,109.671875,109.671875,109.65625,109.65625,174
2026-06-04T15:41:00.000Z,ZN,109.671875,109.671875,109.640625,109.65625,1408
2026-06-04T15:42:00.000Z,ZN,109.640625,109.65625,109.640625,109.65625,10
2026-06-04T15:43:00.000Z,ZN,109.65625,109.65625,109.65625,109.65625,2522
2026-06-04T15:44:00.000Z,ZN,109.640625,109.65625,109.640625,109.65625,3387
2026-06-04T15:45:00.000Z,ZN,109.640625,109.65625,109.640625,109.65625,3317
2026-06-04T15:46:00.000Z,ZN,109.65625,109.671875,109.65625,109.671875,603
2026-06-04T15:47:00.000Z,ZN,109.65625,109.671875,109.65625,109.65625,184
2026-06-04T15:48:00.000Z,ZN,109.65625,109.6875,109.65625,109.65625,3259
2026-06-04T15:49:00.000Z,ZN,109.671875,109.671875,109.65625,109.65625,215
2026-06-04T15:50:00.000Z,ZN,109.671875,109.671875,109.65625,109.65625,2025
2026-06-04T15:51:00.000Z,ZN,109.65625,109.671875,109.65625,109.671875,24
2026-06-04T15:52:00.000Z,ZN,109.671875,109.671875,109.65625,109.65625,40
2026-06-04T15:53:00.000Z,ZN,109.671875,109.671875,109.65625,109.671875,212
2026-06-04T15:54:00.000Z,ZN,109.671875,109.671875,109.640625,109.65625,5290
2026-06-04T15:55:00.000Z,ZN,109.65625,109.671875,109.640625,109.65625,657
2026-06-04T15:56:00.000Z,ZN,109.65625,109.671875,109.640625,109.671875,416
2026-06-04T15:57:00.000Z,ZN,109.671875,109.671875,109.65625,109.671875,21
2026-06-04T15:58:00.000Z,ZN,109.671875,109.671875,109.640625,109.65625,1527
2026-06-04T15:59:00.000Z,ZN,109.65625,109.671875,109.65625,109.65625,1768
2026-06-04T16:00:00.000Z,ZN,109.671875,109.671875,109.65625,109.671875,1794
2026-06-04T16:01:00.000Z,ZN,109.65625,109.65625,109.640625,109.65625,575
2026-06-04T16:02:00.000Z,ZN,109.65625,109.671875,109.640625,109.65625,1887
2026-06-04T16:03:00.000Z,ZN,109.65625,109.65625,109.640625,109.65625,37
2026-06-04T16:04:00.000Z,ZN,109.65625,109.65625,109.640625,109.640625,210
2026-06-04T16:05:00.000Z,ZN,109.640625,109.65625,109.640625,109.65625,159
2026-06-04T16:06:00.000Z,ZN,109.65625,109.671875,109.640625,109.65625,2245
2026-06-04T16:07:00.000Z,ZN,109.65625,109.671875,109.65625,109.65625,3329
2026-06-04T16:08:00.000Z,ZN,109.65625,109.6875,109.65625,109.6875,2235
2026-06-04T16:09:00.000Z,ZN,109.6875,109.703125,109.671875,109.6875,2507
2026-06-04T16:10:00.000Z,ZN,109.6875,109.703125,109.671875,109.703125,2126
2026-06-04T16:11:00.000Z,ZN,109.6875,109.6875,109.671875,109.671875,864
2026-06-04T16:12:00.000Z,ZN,109.671875,109.6875,109.671875,109.671875,2044
2026-06-04T16:13:00.000Z,ZN,109.671875,109.6875,109.65625,109.6875,828
2026-06-04T16:14:00.000Z,ZN,109.671875,109.6875,109.671875,109.671875,411
2026-06-04T16:15:00.000Z,ZN,109.6875,109.6875,109.671875,109.671875,20
2026-06-04T16:16:00.000Z,ZN,109.671875,109.6875,109.671875,109.671875,8
2026-06-04T16:17:00.000Z,ZN,109.671875,109.6875,109.671875,109.6875,13
2026-06-04T16:18:00.000Z,ZN,109.6875,109.6875,109.671875,109.6875,116
2026-06-04T16:19:00.000Z,ZN,109.671875,109.671875,109.65625,109.671875,3003
2026-06-04T16:20:00.000Z,ZN,109.65625,109.671875,109.65625,109.65625,90
2026-06-04T16:21:00.000Z,ZN,109.671875,109.671875,109.65625,109.671875,81
2026-06-04T16:22:00.000Z,ZN,109.671875,109.671875,109.65625,109.671875,563
2026-06-04T16:23:00.000Z,ZN,109.671875,109.671875,109.65625,109.65625,903
2026-06-04T16:24:00.000Z,ZN,109.671875,109.671875,109.671875,109.671875,221
2026-06-04T16:25:00.000Z,ZN,109.65625,109.671875,109.65625,109.65625,117
2026-06-04T16:26:00.000Z,ZN,109.671875,109.671875,109.65625,109.671875,372
2026-06-04T16:27:00.000Z,ZN,109.65625,109.671875,109.65625,109.671875,3426
2026-06-04T16:28:00.000Z,ZN,109.671875,109.671875,109.65625,109.671875,65
2026-06-04T16:29:00.000Z,ZN,109.671875,109.671875,109.65625,109.65625,82
2026-06-04T16:30:00.000Z,ZN,109.671875,109.671875,109.65625,109.65625,489
2026-06-04T16:31:00.000Z,ZN,109.65625,109.65625,109.640625,109.65625,7266
2026-06-04T16:32:00.000Z,ZN,109.65625,109.671875,109.65625,109.671875,4
2026-06-04T16:33:00.000Z,ZN,109.671875,109.671875,109.65625,109.65625,250
2026-06-04T16:34:00.000Z,ZN,109.671875,109.6875,109.65625,109.671875,3067
2026-06-04T16:35:00.000Z,ZN,109.671875,109.671875,109.65625,109.65625,39
2026-06-04T16:36:00.000Z,ZN,109.65625,109.65625,109.65625,109.65625,2
2026-06-04T16:37:00.000Z,ZN,109.671875,109.671875,109.65625,109.671875,99
2026-06-04T16:38:00.000Z,ZN,109.65625,109.671875,109.65625,109.65625,5
2026-06-04T16:39:00.000Z,ZN,109.671875,109.671875,109.640625,109.65625,5102
2026-06-04T16:40:00.000Z,ZN,109.65625,109.65625,109.640625,109.65625,1250
2026-06-04T16:41:00.000Z,ZN,109.65625,109.671875,109.640625,109.65625,1450
2026-06-04T16:42:00.000Z,ZN,109.65625,109.65625,109.640625,109.640625,683
2026-06-04T16:43:00.000Z,ZN,109.640625,109.640625,109.625,109.640625,2693
2026-06-04T16:44:00.000Z,ZN,109.640625,109.640625,109.640625,109.640625,19
2026-06-04T16:45:00.000Z,ZN,109.65625,109.65625,109.625,109.640625,5829
2026-06-04T16:46:00.000Z,ZN,109.65625,109.65625,109.640625,109.65625,658
2026-06-04T16:47:00.000Z,ZN,109.65625,109.65625,109.640625,109.65625,67
2026-06-04T16:48:00.000Z,ZN,109.65625,109.65625,109.640625,109.65625,20
2026-06-04T16:49:00.000Z,ZN,109.65625,109.65625,109.640625,109.65625,90
2026-06-04T16:50:00.000Z,ZN,109.65625,109.65625,109.640625,109.65625,378
2026-06-04T16:51:00.000Z,ZN,109.65625,109.65625,109.640625,109.65625,18
2026-06-04T16:52:00.000Z,ZN,109.65625,109.65625,109.640625,109.65625,209
2026-06-04T16:53:00.000Z,ZN,109.65625,109.65625,109.640625,109.640625,4514
2026-06-04T16:54:00.000Z,ZN,109.65625,109.65625,109.640625,109.65625,33
2026-06-04T16:55:00.000Z,ZN,109.65625,109.65625,109.625,109.640625,3368
2026-06-04T16:56:00.000Z,ZN,109.65625,109.65625,109.640625,109.640625,778
2026-06-04T16:57:00.000Z,ZN,109.65625,109.65625,109.640625,109.640625,321
2026-06-04T16:58:00.000Z,ZN,109.65625,109.65625,109.640625,109.65625,202
2026-06-04T16:59:00.000Z,ZN,109.65625,109.65625,109.625,109.640625,1726
2026-06-04T17:00:00.000Z,ZN,109.640625,109.640625,109.625,109.625,3889
2026-06-04T17:01:00.000Z,ZN,109.640625,109.640625,109.625,109.625,95
2026-06-04T17:02:00.000Z,ZN,109.640625,109.640625,109.625,109.640625,93
2026-06-04T17:03:00.000Z,ZN,109.640625,109.640625,109.625,109.625,737
2026-06-04T17:04:00.000Z,ZN,109.640625,109.640625,109.625,109.640625,183
2026-06-04T17:05:00.000Z,ZN,109.640625,109.640625,109.625,109.640625,10
2026-06-04T17:06:00.000Z,ZN,109.640625,109.640625,109.625,109.625,59
2026-06-04T17:07:00.000Z,ZN,109.640625,109.640625,109.625,109.640625,1292
2026-06-04T17:08:00.000Z,ZN,109.625,109.640625,109.625,109.640625,12
2026-06-04T17:09:00.000Z,ZN,109.640625,109.640625,109.609375,109.625,3650
2026-06-04T17:10:00.000Z,ZN,109.625,109.640625,109.609375,109.640625,1496
2026-06-04T17:11:00.000Z,ZN,109.640625,109.640625,109.625,109.625,140
2026-06-04T17:12:00.000Z,ZN,109.640625,109.640625,109.640625,109.640625,59
2026-06-04T17:13:00.000Z,ZN,109.640625,109.640625,109.625,109.640625,121
2026-06-04T17:14:00.000Z,ZN,109.640625,109.640625,109.625,109.640625,1481
2026-06-04T17:15:00.000Z,ZN,109.640625,109.640625,109.625,109.625,24
2026-06-04T17:16:00.000Z,ZN,109.625,109.640625,109.609375,109.609375,3128
2026-06-04T17:17:00.000Z,ZN,109.625,109.625,109.625,109.625,2239
2026-06-04T17:18:00.000Z,ZN,109.625,109.625,109.625,109.625,1439
2026-06-04T17:19:00.000Z,ZN,109.625,109.625,109.625,109.625,27
2026-06-04T17:20:00.000Z,ZN,109.609375,109.625,109.609375,109.625,69
2026-06-04T17:21:00.000Z,ZN,109.609375,109.625,109.609375,109.625,79
2026-06-04T17:22:00.000Z,ZN,109.625,109.625,109.609375,109.625,104
2026-06-04T17:23:00.000Z,ZN,109.625,109.625,109.609375,109.609375,7
2026-06-04T17:24:00.000Z,ZN,109.625,109.625,109.625,109.625,3
2026-06-04T17:25:00.000Z,ZN,109.609375,109.625,109.609375,109.609375,153
2026-06-04T17:26:00.000Z,ZN,109.609375,109.625,109.609375,109.609375,69
2026-06-04T17:27:00.000Z,ZN,109.609375,109.625,109.609375,109.625,620
2026-06-04T17:28:00.000Z,ZN,109.609375,109.625,109.609375,109.625,2721
2026-06-04T17:29:00.000Z,ZN,109.609375,109.625,109.609375,109.625,1104
2026-06-04T17:30:00.000Z,ZN,109.609375,109.640625,109.609375,109.640625,796
2026-06-04T17:31:00.000Z,ZN,109.640625,109.640625,109.625,109.640625,94
2026-06-04T17:32:00.000Z,ZN,109.640625,109.640625,109.640625,109.640625,426
2026-06-04T17:33:00.000Z,ZN,109.640625,109.65625,109.640625,109.65625,3657
2026-06-04T17:34:00.000Z,ZN,109.65625,109.65625,109.640625,109.65625,53
2026-06-04T17:35:00.000Z,ZN,109.640625,109.65625,109.625,109.625,8221
2026-06-04T17:36:00.000Z,ZN,109.625,109.640625,109.625,109.625,97
2026-06-04T17:37:00.000Z,ZN,109.640625,109.640625,109.625,109.640625,268
2026-06-04T17:38:00.000Z,ZN,109.640625,109.640625,109.625,109.625,1018
2026-06-04T17:39:00.000Z,ZN,109.640625,109.640625,109.625,109.625,2802
2026-06-04T17:40:00.000Z,ZN,109.625,109.625,109.625,109.625,711
2026-06-04T17:41:00.000Z,ZN,109.625,109.625,109.609375,109.625,262
2026-06-04T17:42:00.000Z,ZN,109.609375,109.625,109.609375,109.625,2
2026-06-04T17:43:00.000Z,ZN,109.609375,109.640625,109.609375,109.640625,744
2026-06-04T17:44:00.000Z,ZN,109.625,109.625,109.609375,109.625,3043
2026-06-04T17:45:00.000Z,ZN,109.609375,109.625,109.609375,109.609375,563
2026-06-04T17:46:00.000Z,ZN,109.609375,109.625,109.609375,109.625,3
2026-06-04T17:47:00.000Z,ZN,109.609375,109.609375,109.609375,109.609375,7
2026-06-04T17:48:00.000Z,ZN,109.625,109.625,109.609375,109.609375,802
2026-06-04T17:49:00.000Z,ZN,109.625,109.625,109.625,109.625,3
2026-06-04T17:50:00.000Z,ZN,109.609375,109.625,109.609375,109.625,53
2026-06-04T17:51:00.000Z,ZN,109.625,109.625,109.609375,109.609375,25
2026-06-04T17:52:00.000Z,ZN,109.625,109.625,109.609375,109.609375,341
2026-06-04T17:53:00.000Z,ZN,109.625,109.625,109.59375,109.59375,1857
2026-06-04T17:54:00.000Z,ZN,109.59375,109.59375,109.59375,109.59375,192
2026-06-04T17:55:00.000Z,ZN,109.609375,109.609375,109.59375,109.59375,8
2026-06-04T17:56:00.000Z,ZN,109.609375,109.609375,109.59375,109.59375,71
2026-06-04T17:57:00.000Z,ZN,109.609375,109.609375,109.59375,109.609375,75
2026-06-04T17:58:00.000Z,ZN,109.59375,109.609375,109.59375,109.609375,95
2026-06-04T17:59:00.000Z,ZN,109.609375,109.609375,109.578125,109.59375,3489
2026-06-04T18:00:00.000Z,ZN,109.578125,109.640625,109.578125,109.609375,26935
2026-06-04T18:01:00.000Z,ZN,109.59375,109.609375,109.59375,109.59375,19
2026-06-04T18:02:00.000Z,ZN,109.59375,109.59375,109.59375,109.59375,500
2026-06-04T18:03:00.000Z,ZN,109.59375,109.609375,109.59375,109.59375,15
2026-06-04T18:04:00.000Z,ZN,109.59375,109.609375,109.59375,109.609375,65
2026-06-04T18:05:00.000Z,ZN,109.609375,109.609375,109.59375,109.609375,7014
2026-06-04T18:06:00.000Z,ZN,109.609375,109.609375,109.609375,109.609375,128
2026-06-04T18:07:00.000Z,ZN,109.625,109.625,109.609375,109.625,440
2026-06-04T18:08:00.000Z,ZN,109.625,109.625,109.609375,109.625,72
2026-06-04T18:09:00.000Z,ZN,109.609375,109.625,109.609375,109.609375,3989
2026-06-04T18:10:00.000Z,ZN,109.609375,109.609375,109.59375,109.609375,2262
2026-06-04T18:11:00.000Z,ZN,109.609375,109.625,109.609375,109.609375,875
2026-06-04T18:12:00.000Z,ZN,109.625,109.625,109.59375,109.609375,477
2026-06-04T18:13:00.000Z,ZN,109.609375,109.625,109.59375,109.609375,415
2026-06-04T18:14:00.000Z,ZN,109.609375,109.625,109.609375,109.609375,2287
2026-06-04T18:15:00.000Z,ZN,109.609375,109.609375,109.609375,109.609375,123
2026-06-04T18:16:00.000Z,ZN,109.609375,109.625,109.609375,109.609375,250
2026-06-04T18:17:00.000Z,ZN,109.609375,109.625,109.609375,109.609375,5740
2026-06-04T18:18:00.000Z,ZN,109.609375,109.609375,109.609375,109.609375,1
2026-06-04T18:19:00.000Z,ZN,109.625,109.625,109.609375,109.625,1620
2026-06-04T18:20:00.000Z,ZN,109.625,109.625,109.625,109.625,4155
2026-06-04T18:21:00.000Z,ZN,109.625,109.625,109.625,109.625,1665
2026-06-04T18:22:00.000Z,ZN,109.625,109.625,109.625,109.625,101
2026-06-04T18:23:00.000Z,ZN,109.625,109.625,109.59375,109.59375,1091
2026-06-04T18:25:00.000Z,ZN,109.59375,109.609375,109.59375,109.609375,20
2026-06-04T18:26:00.000Z,ZN,109.59375,109.59375,109.59375,109.59375,11
2026-06-04T18:27:00.000Z,ZN,109.59375,109.609375,109.59375,109.59375,60
2026-06-04T18:28:00.000Z,ZN,109.59375,109.609375,109.59375,109.59375,612
2026-06-04T18:29:00.000Z,ZN,109.59375,109.59375,109.59375,109.59375,1546
2026-06-04T18:30:00.000Z,ZN,109.59375,109.59375,109.578125,109.578125,2374
2026-06-04T18:31:00.000Z,ZN,109.578125,109.59375,109.5625,109.578125,3563
2026-06-04T18:32:00.000Z,ZN,109.578125,109.578125,109.5625,109.578125,2101
2026-06-04T18:33:00.000Z,ZN,109.578125,109.578125,109.5625,109.5625,300
2026-06-04T18:34:00.000Z,ZN,109.5625,109.578125,109.5625,109.578125,3
2026-06-04T18:35:00.000Z,ZN,109.5625,109.5625,109.5625,109.5625,175
2026-06-04T18:36:00.000Z,ZN,109.5625,109.5625,109.5625,109.5625,33
2026-06-04T18:37:00.000Z,ZN,109.5625,109.578125,109.5625,109.578125,26
2026-06-04T18:38:00.000Z,ZN,109.578125,109.578125,109.5625,109.578125,678
2026-06-04T18:39:00.000Z,ZN,109.5625,109.578125,109.5625,109.5625,19
2026-06-04T18:40:00.000Z,ZN,109.578125,109.578125,109.5625,109.5625,25
2026-06-04T18:41:00.000Z,ZN,109.578125,109.59375,109.578125,109.59375,2367
2026-06-04T18:42:00.000Z,ZN,109.59375,109.59375,109.578125,109.59375,2426
2026-06-04T18:43:00.000Z,ZN,109.578125,109.59375,109.578125,109.59375,1674
2026-06-04T18:44:00.000Z,ZN,109.59375,109.59375,109.578125,109.578125,15
2026-06-04T18:45:00.000Z,ZN,109.59375,109.59375,109.578125,109.578125,140
2026-06-04T18:46:00.000Z,ZN,109.59375,109.609375,109.578125,109.609375,2704
2026-06-04T18:47:00.000Z,ZN,109.609375,109.609375,109.59375,109.59375,24
2026-06-04T18:48:00.000Z,ZN,109.609375,109.609375,109.59375,109.59375,130
2026-06-04T18:49:00.000Z,ZN,109.59375,109.609375,109.59375,109.59375,64
2026-06-04T18:50:00.000Z,ZN,109.59375,109.609375,109.59375,109.59375,584
2026-06-04T18:51:00.000Z,ZN,109.609375,109.625,109.59375,109.609375,2258
2026-06-04T18:52:00.000Z,ZN,109.625,109.625,109.609375,109.609375,173
2026-06-04T18:53:00.000Z,ZN,109.625,109.625,109.59375,109.59375,9034
2026-06-04T18:54:00.000Z,ZN,109.609375,109.625,109.609375,109.609375,1554
2026-06-04T18:55:00.000Z,ZN,109.609375,109.625,109.59375,109.59375,2936
2026-06-04T18:56:00.000Z,ZN,109.609375,109.609375,109.59375,109.59375,178
2026-06-04T18:57:00.000Z,ZN,109.609375,109.609375,109.59375,109.59375,322
2026-06-04T18:58:00.000Z,ZN,109.59375,109.609375,109.578125,109.578125,4859
2026-06-04T18:59:00.000Z,ZN,109.59375,109.59375,109.5625,109.578125,23078
2026-06-04T19:00:00.000Z,ZN,109.59375,109.59375,109.578125,109.578125,7246
2026-06-04T19:01:00.000Z,ZN,109.578125,109.59375,109.578125,109.578125,17
2026-06-04T19:02:00.000Z,ZN,109.578125,109.59375,109.578125,109.578125,481
2026-06-04T19:03:00.000Z,ZN,109.578125,109.59375,109.578125,109.578125,80
2026-06-04T19:04:00.000Z,ZN,109.578125,109.59375,109.578125,109.578125,132
2026-06-04T19:05:00.000Z,ZN,109.578125,109.59375,109.578125,109.578125,4520
2026-06-04T19:06:00.000Z,ZN,109.5625,109.578125,109.5625,109.578125,911
2026-06-04T19:07:00.000Z,ZN,109.578125,109.59375,109.578125,109.59375,12
2026-06-04T19:08:00.000Z,ZN,109.578125,109.578125,109.578125,109.578125,8
2026-06-04T19:09:00.000Z,ZN,109.578125,109.578125,109.578125,109.578125,9
2026-06-04T19:10:00.000Z,ZN,109.59375,109.59375,109.578125,109.578125,781
2026-06-04T19:11:00.000Z,ZN,109.59375,109.609375,109.59375,109.609375,3269
2026-06-04T19:12:00.000Z,ZN,109.59375,109.609375,109.59375,109.609375,119
2026-06-04T19:13:00.000Z,ZN,109.59375,109.609375,109.59375,109.609375,144
2026-06-04T19:14:00.000Z,ZN,109.609375,109.609375,109.59375,109.609375,103
2026-06-04T19:15:00.000Z,ZN,109.609375,109.609375,109.59375,109.59375,15
2026-06-04T19:16:00.000Z,ZN,109.609375,109.609375,109.59375,109.59375,60
2026-06-04T19:17:00.000Z,ZN,109.609375,109.609375,109.59375,109.609375,572
2026-06-04T19:18:00.000Z,ZN,109.609375,109.609375,109.59375,109.59375,74
2026-06-04T19:19:00.000Z,ZN,109.609375,109.609375,109.59375,109.59375,91
2026-06-04T19:20:00.000Z,ZN,109.59375,109.609375,109.59375,109.609375,68
2026-06-04T19:21:00.000Z,ZN,109.609375,109.609375,109.59375,109.609375,7
2026-06-04T19:22:00.000Z,ZN,109.59375,109.609375,109.59375,109.609375,23
2026-06-04T19:23:00.000Z,ZN,109.59375,109.609375,109.59375,109.609375,7
2026-06-04T19:24:00.000Z,ZN,109.59375,109.609375,109.59375,109.59375,20
2026-06-04T19:25:00.000Z,ZN,109.59375,109.609375,109.59375,109.609375,29
2026-06-04T19:26:00.000Z,ZN,109.59375,109.609375,109.59375,109.609375,52
2026-06-04T19:27:00.000Z,ZN,109.59375,109.625,109.59375,109.609375,2861
2026-06-04T19:28:00.000Z,ZN,109.609375,109.625,109.609375,109.625,2649
2026-06-04T19:29:00.000Z,ZN,109.625,109.625,109.609375,109.625,144
2026-06-04T19:30:00.000Z,ZN,109.609375,109.625,109.609375,109.609375,24
2026-06-04T19:31:00.000Z,ZN,109.625,109.625,109.59375,109.59375,1942
2026-06-04T19:32:00.000Z,ZN,109.59375,109.609375,109.578125,109.59375,3615
2026-06-04T19:33:00.000Z,ZN,109.59375,109.59375,109.578125,109.59375,1396
2026-06-04T19:34:00.000Z,ZN,109.59375,109.609375,109.578125,109.59375,1322
2026-06-04T19:35:00.000Z,ZN,109.59375,109.59375,109.578125,109.59375,1882
2026-06-04T19:36:00.000Z,ZN,109.59375,109.609375,109.59375,109.59375,1345
2026-06-04T19:37:00.000Z,ZN,109.59375,109.609375,109.578125,109.578125,564
2026-06-04T19:38:00.000Z,ZN,109.59375,109.59375,109.578125,109.578125,6
2026-06-04T19:39:00.000Z,ZN,109.59375,109.59375,109.578125,109.578125,2
2026-06-04T19:40:00.000Z,ZN,109.578125,109.59375,109.578125,109.59375,214
2026-06-04T19:41:00.000Z,ZN,109.59375,109.59375,109.578125,109.578125,313
2026-06-04T19:42:00.000Z,ZN,109.578125,109.59375,109.578125,109.59375,158
2026-06-04T19:43:00.000Z,ZN,109.578125,109.59375,109.578125,109.59375,3
2026-06-04T19:44:00.000Z,ZN,109.578125,109.59375,109.578125,109.59375,81
2026-06-04T19:45:00.000Z,ZN,109.59375,109.59375,109.578125,109.578125,485
2026-06-04T19:46:00.000Z,ZN,109.578125,109.578125,109.578125,109.578125,105
2026-06-04T19:47:00.000Z,ZN,109.578125,109.59375,109.578125,109.578125,876
2026-06-04T19:48:00.000Z,ZN,109.578125,109.59375,109.578125,109.59375,14
2026-06-04T19:49:00.000Z,ZN,109.578125,109.59375,109.578125,109.59375,21
2026-06-04T19:50:00.000Z,ZN,109.578125,109.59375,109.578125,109.578125,61
2026-06-04T19:51:00.000Z,ZN,109.59375,109.59375,109.578125,109.578125,610
2026-06-04T19:52:00.000Z,ZN,109.578125,109.59375,109.578125,109.59375,40
2026-06-04T19:53:00.000Z,ZN,109.59375,109.59375,109.578125,109.59375,26
2026-06-04T19:54:00.000Z,ZN,109.59375,109.59375,109.578125,109.59375,493
2026-06-04T19:55:00.000Z,ZN,109.578125,109.59375,109.578125,109.578125,228
2026-06-04T19:56:00.000Z,ZN,109.59375,109.59375,109.578125,109.59375,354
2026-06-04T19:57:00.000Z,ZN,109.59375,109.59375,109.578125,109.578125,136
2026-06-04T19:58:00.000Z,ZN,109.578125,109.59375,109.578125,109.59375,162
2026-06-04T19:59:00.000Z,ZN,109.59375,109.609375,109.578125,109.609375,9194
2026-06-04T20:00:00.000Z,ZN,109.59375,109.609375,109.59375,109.609375,11009
2026-06-04T20:01:00.000Z,ZN,109.625,109.625,109.609375,109.609375,632
2026-06-04T20:02:00.000Z,ZN,109.609375,109.625,109.59375,109.59375,4261
2026-06-04T20:03:00.000Z,ZN,109.59375,109.609375,109.59375,109.59375,47
2026-06-04T20:04:00.000Z,ZN,109.59375,109.609375,109.59375,109.59375,6271
2026-06-04T20:05:00.000Z,ZN,109.59375,109.609375,109.59375,109.59375,2662
2026-06-04T20:06:00.000Z,ZN,109.59375,109.609375,109.59375,109.59375,263
2026-06-04T20:07:00.000Z,ZN,109.59375,109.609375,109.59375,109.609375,11
2026-06-04T20:08:00.000Z,ZN,109.609375,109.609375,109.59375,109.59375,14
2026-06-04T20:09:00.000Z,ZN,109.609375,109.609375,109.59375,109.59375,4578
2026-06-04T20:10:00.000Z,ZN,109.59375,109.59375,109.59375,109.59375,1
2026-06-04T20:11:00.000Z,ZN,109.59375,109.59375,109.578125,109.578125,7
2026-06-04T20:12:00.000Z,ZN,109.59375,109.59375,109.578125,109.578125,5
2026-06-04T20:13:00.000Z,ZN,109.59375,109.59375,109.578125,109.59375,113
2026-06-04T20:14:00.000Z,ZN,109.578125,109.59375,109.578125,109.59375,3
2026-06-04T20:16:00.000Z,ZN,109.578125,109.59375,109.578125,109.59375,27
2026-06-04T20:17:00.000Z,ZN,109.578125,109.578125,109.578125,109.578125,14
2026-06-04T20:18:00.000Z,ZN,109.578125,109.59375,109.578125,109.578125,534
2026-06-04T20:19:00.000Z,ZN,109.578125,109.59375,109.578125,109.578125,2306
2026-06-04T20:20:00.000Z,ZN,109.578125,109.578125,109.578125,109.578125,612
2026-06-04T20:21:00.000Z,ZN,109.578125,109.578125,109.578125,109.578125,774
2026-06-04T20:22:00.000Z,ZN,109.578125,109.578125,109.5625,109.5625,20
2026-06-04T20:24:00.000Z,ZN,109.578125,109.578125,109.578125,109.578125,1
2026-06-04T20:25:00.000Z,ZN,109.578125,109.578125,109.578125,109.578125,8091
2026-06-04T20:26:00.000Z,ZN,109.578125,109.578125,109.578125,109.578125,47
2026-06-04T20:27:00.000Z,ZN,109.578125,109.578125,109.578125,109.578125,15
2026-06-04T20:28:00.000Z,ZN,109.5625,109.578125,109.5625,109.5625,65
2026-06-04T20:29:00.000Z,ZN,109.578125,109.578125,109.5625,109.578125,103
2026-06-04T20:30:00.000Z,ZN,109.578125,109.59375,109.5625,109.578125,2736
2026-06-04T20:31:00.000Z,ZN,109.5625,109.5625,109.5625,109.5625,30
2026-06-04T20:32:00.000Z,ZN,109.5625,109.59375,109.5625,109.59375,1068
2026-06-04T20:33:00.000Z,ZN,109.59375,109.59375,109.578125,109.578125,30
2026-06-04T20:34:00.000Z,ZN,109.59375,109.59375,109.59375,109.59375,18
2026-06-04T20:35:00.000Z,ZN,109.59375,109.59375,109.578125,109.59375,21
2026-06-04T20:36:00.000Z,ZN,109.59375,109.609375,109.578125,109.59375,2737
2026-06-04T20:37:00.000Z,ZN,109.609375,109.609375,109.59375,109.609375,131
2026-06-04T20:38:00.000Z,ZN,109.609375,109.625,109.59375,109.625,2539
2026-06-04T20:39:00.000Z,ZN,109.625,109.640625,109.625,109.640625,3939
2026-06-04T20:40:00.000Z,ZN,109.640625,109.640625,109.625,109.625,517
2026-06-04T20:41:00.000Z,ZN,109.640625,109.640625,109.625,109.625,2851
2026-06-04T20:42:00.000Z,ZN,109.640625,109.640625,109.625,109.640625,1025
2026-06-04T20:43:00.000Z,ZN,109.625,109.640625,109.609375,109.609375,8204
2026-06-04T20:44:00.000Z,ZN,109.59375,109.609375,109.59375,109.59375,3967
2026-06-04T20:45:00.000Z,ZN,109.59375,109.609375,109.59375,109.609375,1880
2026-06-04T20:46:00.000Z,ZN,109.609375,109.609375,109.59375,109.59375,163
2026-06-04T20:47:00.000Z,ZN,109.59375,109.609375,109.59375,109.59375,2728
2026-06-04T20:48:00.000Z,ZN,109.59375,109.609375,109.578125,109.578125,900
2026-06-04T20:49:00.000Z,ZN,109.59375,109.59375,109.578125,109.59375,61
2026-06-04T20:50:00.000Z,ZN,109.578125,109.578125,109.578125,109.578125,129
2026-06-04T20:51:00.000Z,ZN,109.578125,109.59375,109.578125,109.59375,4670
2026-06-04T20:52:00.000Z,ZN,109.59375,109.609375,109.59375,109.59375,233
2026-06-04T20:53:00.000Z,ZN,109.609375,109.609375,109.609375,109.609375,147
2026-06-04T20:54:00.000Z,ZN,109.609375,109.609375,109.59375,109.609375,367
2026-06-04T20:55:00.000Z,ZN,109.59375,109.609375,109.59375,109.59375,416
2026-06-04T20:56:00.000Z,ZN,109.59375,109.609375,109.59375,109.59375,445
2026-06-04T20:57:00.000Z,ZN,109.609375,109.609375,109.59375,109.609375,2575
2026-06-04T20:58:00.000Z,ZN,109.59375,109.609375,109.59375,109.609375,41
2026-06-04T20:59:00.000Z,ZN,109.609375,109.609375,109.59375,109.609375,0
2026-06-04T22:00:00.000Z,ZN,109.59375,109.59375,109.578125,109.59375,57
2026-06-04T22:01:00.000Z,ZN,109.59375,109.609375,109.59375,109.609375,487
2026-06-04T22:02:00.000Z,ZN,109.609375,109.609375,109.609375,109.609375,10
2026-06-04T22:03:00.000Z,ZN,109.609375,109.609375,109.609375,109.609375,4
2026-06-04T22:04:00.000Z,ZN,109.609375,109.609375,109.609375,109.609375,12
2026-06-04T22:05:00.000Z,ZN,109.609375,109.609375,109.609375,109.609375,8
2026-06-04T22:06:00.000Z,ZN,109.609375,109.609375,109.609375,109.609375,4
2026-06-04T22:07:00.000Z,ZN,109.609375,109.609375,109.609375,109.609375,4
2026-06-04T22:08:00.000Z,ZN,109.609375,109.625,109.609375,109.625,511
2026-06-04T22:09:00.000Z,ZN,109.609375,109.625,109.609375,109.625,45
2026-06-04T22:10:00.000Z,ZN,109.625,109.625,109.625,109.625,2
2026-06-04T22:11:00.000Z,ZN,109.625,109.625,109.625,109.625,29
2026-06-04T22:12:00.000Z,ZN,109.625,109.625,109.625,109.625,2
2026-06-04T22:13:00.000Z,ZN,109.625,109.625,109.625,109.625,5
2026-06-04T22:14:00.000Z,ZN,109.625,109.625,109.625,109.625,1
2026-06-04T22:15:00.000Z,ZN,109.609375,109.625,109.609375,109.609375,76
2026-06-04T22:16:00.000Z,ZN,109.609375,109.625,109.609375,109.625,15
2026-06-04T22:17:00.000Z,ZN,109.609375,109.609375,109.609375,109.609375,151
2026-06-04T22:18:00.000Z,ZN,109.625,109.625,109.625,109.625,1
2026-06-04T22:19:00.000Z,ZN,109.609375,109.625,109.609375,109.625,13
2026-06-04T22:20:00.000Z,ZN,109.609375,109.609375,109.609375,109.609375,1
2026-06-04T22:21:00.000Z,ZN,109.609375,109.625,109.609375,109.609375,9
2026-06-04T22:22:00.000Z,ZN,109.625,109.625,109.625,109.625,1
2026-06-04T22:23:00.000Z,ZN,109.609375,109.609375,109.609375,109.609375,8
2026-06-04T22:24:00.000Z,ZN,109.609375,109.625,109.609375,109.625,2
2026-06-04T22:25:00.000Z,ZN,109.609375,109.625,109.609375,109.625,8
2026-06-04T22:26:00.000Z,ZN,109.609375,109.609375,109.609375,109.609375,2
2026-06-04T22:28:00.000Z,ZN,109.609375,109.609375,109.609375,109.609375,246
2026-06-04T22:30:00.000Z,ZN,109.625,109.625,109.609375,109.609375,175
2026-06-04T22:31:00.000Z,ZN,109.625,109.625,109.625,109.625,2007
2026-06-04T22:39:00.000Z,ZN,109.625,109.625,109.625,109.625,79
2026-06-04T22:42:00.000Z,ZN,109.625,109.640625,109.625,109.640625,2
2026-06-04T22:45:00.000Z,ZN,109.640625,109.640625,109.640625,109.640625,1
2026-06-04T22:46:00.000Z,ZN,109.625,109.625,109.625,109.625,5
2026-06-04T22:56:00.000Z,ZN,109.625,109.625,109.625,109.625,1
2026-06-04T22:57:00.000Z,ZN,109.625,109.625,109.625,109.625,17
2026-06-04T23:00:00.000Z,ZN,109.625,109.625,109.609375,109.609375,699
2026-06-04T23:09:00.000Z,ZN,109.609375,109.609375,109.609375,109.609375,100
2026-06-04T23:12:00.000Z,ZN,109.609375,109.609375,109.609375,109.609375,117
2026-06-04T23:13:00.000Z,ZN,109.609375,109.609375,109.609375,109.609375,691
2026-06-04T23:14:00.000Z,ZN,109.609375,109.609375,109.609375,109.609375,66
2026-06-04T23:15:00.000Z,ZN,109.609375,109.609375,109.609375,109.609375,8
2026-06-04T23:16:00.000Z,ZN,109.609375,109.609375,109.609375,109.609375,105
2026-06-04T23:18:00.000Z,ZN,109.609375,109.609375,109.609375,109.609375,53
2026-06-04T23:19:00.000Z,ZN,109.59375,109.59375,109.59375,109.59375,100
2026-06-04T23:22:00.000Z,ZN,109.59375,109.59375,109.59375,109.59375,84
2026-06-04T23:23:00.000Z,ZN,109.59375,109.59375,109.59375,109.59375,80
2026-06-04T23:25:00.000Z,ZN,109.609375,109.609375,109.609375,109.609375,301
2026-06-04T23:26:00.000Z,ZN,109.609375,109.609375,109.609375,109.609375,22
2026-06-04T23:27:00.000Z,ZN,109.59375,109.59375,109.59375,109.59375,1762
2026-06-04T23:28:00.000Z,ZN,109.59375,109.59375,109.59375,109.59375,2
2026-06-04T23:29:00.000Z,ZN,109.59375,109.59375,109.59375,109.59375,1
2026-06-04T23:30:00.000Z,ZN,109.59375,109.59375,109.59375,109.59375,6
2026-06-04T23:31:00.000Z,ZN,109.59375,109.59375,109.59375,109.59375,666
2026-06-04T23:32:00.000Z,ZN,109.59375,109.59375,109.59375,109.59375,251
2026-06-04T23:33:00.000Z,ZN,109.59375,109.59375,109.59375,109.59375,2
2026-06-04T23:36:00.000Z,ZN,109.59375,109.59375,109.59375,109.59375,418
2026-06-04T23:37:00.000Z,ZN,109.59375,109.59375,109.59375,109.59375,252
2026-06-04T23:40:00.000Z,ZN,109.59375,109.59375,109.59375,109.59375,278
2026-06-04T23:43:00.000Z,ZN,109.59375,109.59375,109.59375,109.59375,334
2026-06-04T23:44:00.000Z,ZN,109.59375,109.59375,109.59375,109.59375,105
2026-06-04T23:48:00.000Z,ZN,109.609375,109.609375,109.609375,109.609375,1
2026-06-04T23:49:00.000Z,ZN,109.609375,109.609375,109.59375,109.59375,71
2026-06-04T23:51:00.000Z,ZN,109.609375,109.609375,109.609375,109.609375,1
2026-06-04T23:55:00.000Z,ZN,109.609375,109.609375,109.609375,109.609375,27
2026-06-04T23:56:00.000Z,ZN,109.609375,109.609375,109.609375,109.609375,32
2026-06-04T23:58:00.000Z,ZN,109.609375,109.609375,109.609375,109.609375,16
2026-06-05T00:00:00.000Z,ZN,109.59375,109.609375,109.59375,109.609375,7
2026-06-05T00:01:00.000Z,ZN,109.609375,109.609375,109.609375,109.609375,101
2026-06-05T00:02:00.000Z,ZN,109.59375,109.609375,109.59375,109.609375,102
2026-06-05T00:03:00.000Z,ZN,109.59375,109.59375,109.59375,109.59375,1
2026-06-05T00:04:00.000Z,ZN,109.609375,109.609375,109.59375,109.59375,6
2026-06-05T00:05:00.000Z,ZN,109.59375,109.59375,109.59375,109.59375,86
2026-06-05T00:06:00.000Z,ZN,109.59375,109.59375,109.59375,109.59375,146
2026-06-05T00:07:00.000Z,ZN,109.59375,109.59375,109.59375,109.59375,477
2026-06-05T00:10:00.000Z,ZN,109.59375,109.59375,109.59375,109.59375,3
2026-06-05T00:11:00.000Z,ZN,109.59375,109.59375,109.59375,109.59375,938
2026-06-05T00:12:00.000Z,ZN,109.59375,109.59375,109.59375,109.59375,47
2026-06-05T00:13:00.000Z,ZN,109.59375,109.59375,109.59375,109.59375,1
2026-06-05T00:14:00.000Z,ZN,109.59375,109.59375,109.59375,109.59375,3
2026-06-05T00:15:00.000Z,ZN,109.59375,109.59375,109.59375,109.59375,474
2026-06-05T00:16:00.000Z,ZN,109.59375,109.59375,109.578125,109.578125,449
2026-06-05T00:17:00.000Z,ZN,109.578125,109.578125,109.578125,109.578125,38
2026-06-05T00:18:00.000Z,ZN,109.5625,109.578125,109.5625,109.578125,27
2026-06-05T00:19:00.000Z,ZN,109.578125,109.578125,109.578125,109.578125,455
2026-06-05T00:20:00.000Z,ZN,109.578125,109.578125,109.578125,109.578125,53
2026-06-05T00:21:00.000Z,ZN,109.59375,109.59375,109.59375,109.59375,14
2026-06-05T00:23:00.000Z,ZN,109.59375,109.59375,109.59375,109.59375,313
2026-06-05T00:24:00.000Z,ZN,109.59375,109.59375,109.59375,109.59375,319
2026-06-05T00:25:00.000Z,ZN,109.609375,109.609375,109.609375,109.609375,10
2026-06-05T00:26:00.000Z,ZN,109.609375,109.609375,109.609375,109.609375,647
2026-06-05T00:27:00.000Z,ZN,109.609375,109.625,109.609375,109.625,12
2026-06-05T00:28:00.000Z,ZN,109.625,109.625,109.609375,109.609375,17
2026-06-05T00:29:00.000Z,ZN,109.625,109.625,109.625,109.625,21
2026-06-05T00:30:00.000Z,ZN,109.625,109.625,109.609375,109.625,462
2026-06-05T00:31:00.000Z,ZN,109.640625,109.640625,109.625,109.640625,118
2026-06-05T00:32:00.000Z,ZN,109.640625,109.640625,109.625,109.625,38
2026-06-05T00:33:00.000Z,ZN,109.640625,109.640625,109.640625,109.640625,1
2026-06-05T00:36:00.000Z,ZN,109.640625,109.640625,109.625,109.625,43
2026-06-05T00:37:00.000Z,ZN,109.640625,109.640625,109.640625,109.640625,15
2026-06-05T00:38:00.000Z,ZN,109.640625,109.640625,109.625,109.625,6
2026-06-05T00:39:00.000Z,ZN,109.640625,109.640625,109.625,109.625,2
2026-06-05T00:40:00.000Z,ZN,109.640625,109.640625,109.640625,109.640625,599
2026-06-05T00:41:00.000Z,ZN,109.640625,109.640625,109.640625,109.640625,963
2026-06-05T00:42:00.000Z,ZN,109.640625,109.640625,109.640625,109.640625,282
2026-06-05T00:43:00.000Z,ZN,109.640625,109.640625,109.640625,109.640625,99
2026-06-05T00:44:00.000Z,ZN,109.65625,109.65625,109.640625,109.640625,127
2026-06-05T00:45:00.000Z,ZN,109.640625,109.640625,109.640625,109.640625,19
2026-06-05T00:46:00.000Z,ZN,109.640625,109.640625,109.640625,109.640625,286
2026-06-05T00:47:00.000Z,ZN,109.640625,109.640625,109.640625,109.640625,3
2026-06-05T00:48:00.000Z,ZN,109.640625,109.640625,109.640625,109.640625,242
2026-06-05T00:49:00.000Z,ZN,109.640625,109.640625,109.640625,109.640625,110
2026-06-05T00:50:00.000Z,ZN,109.640625,109.640625,109.640625,109.640625,234
2026-06-05T00:51:00.000Z,ZN,109.640625,109.640625,109.640625,109.640625,29
2026-06-05T00:52:00.000Z,ZN,109.640625,109.640625,109.640625,109.640625,553
2026-06-05T00:56:00.000Z,ZN,109.65625,109.65625,109.65625,109.65625,105
2026-06-05T00:57:00.000Z,ZN,109.65625,109.671875,109.65625,109.65625,1768
2026-06-05T00:58:00.000Z,ZN,109.65625,109.65625,109.65625,109.65625,135
2026-06-05T00:59:00.000Z,ZN,109.65625,109.65625,109.65625,109.65625,449
2026-06-05T01:00:00.000Z,ZN,109.65625,109.65625,109.65625,109.65625,318
2026-06-05T01:01:00.000Z,ZN,109.65625,109.65625,109.65625,109.65625,161
2026-06-05T01:02:00.000Z,ZN,109.65625,109.65625,109.65625,109.65625,100
2026-06-05T01:04:00.000Z,ZN,109.671875,109.671875,109.671875,109.671875,11
2026-06-05T01:05:00.000Z,ZN,109.671875,109.671875,109.671875,109.671875,51
2026-06-05T01:06:00.000Z,ZN,109.671875,109.671875,109.65625,109.65625,22
2026-06-05T01:07:00.000Z,ZN,109.671875,109.6875,109.671875,109.671875,1424
2026-06-05T01:08:00.000Z,ZN,109.671875,109.671875,109.671875,109.671875,335
2026-06-05T01:10:00.000Z,ZN,109.671875,109.671875,109.65625,109.65625,51
2026-06-05T01:11:00.000Z,ZN,109.65625,109.65625,109.65625,109.65625,1
2026-06-05T01:13:00.000Z,ZN,109.671875,109.671875,109.671875,109.671875,1
2026-06-05T01:14:00.000Z,ZN,109.65625,109.65625,109.65625,109.65625,786
2026-06-05T01:15:00.000Z,ZN,109.65625,109.65625,109.65625,109.65625,335
2026-06-05T01:16:00.000Z,ZN,109.65625,109.65625,109.65625,109.65625,91
2026-06-05T01:17:00.000Z,ZN,109.65625,109.65625,109.640625,109.640625,23
2026-06-05T01:18:00.000Z,ZN,109.640625,109.640625,109.625,109.640625,525
2026-06-05T01:21:00.000Z,ZN,109.640625,109.640625,109.640625,109.640625,3
2026-06-05T01:22:00.000Z,ZN,109.640625,109.640625,109.640625,109.640625,238
2026-06-05T01:23:00.000Z,ZN,109.625,109.625,109.625,109.625,11
2026-06-05T01:24:00.000Z,ZN,109.640625,109.640625,109.625,109.625,528
2026-06-05T01:25:00.000Z,ZN,109.625,109.625,109.625,109.625,178
2026-06-05T01:26:00.000Z,ZN,109.625,109.625,109.625,109.625,818
2026-06-05T01:28:00.000Z,ZN,109.640625,109.640625,109.640625,109.640625,167
2026-06-05T01:29:00.000Z,ZN,109.640625,109.640625,109.640625,109.640625,53
2026-06-05T01:30:00.000Z,ZN,109.640625,109.640625,109.640625,109.640625,50
2026-06-05T01:31:00.000Z,ZN,109.640625,109.640625,109.640625,109.640625,116
2026-06-05T01:32:00.000Z,ZN,109.640625,109.640625,109.640625,109.640625,165
2026-06-05T01:33:00.000Z,ZN,109.640625,109.640625,109.640625,109.640625,100
2026-06-05T01:34:00.000Z,ZN,109.640625,109.640625,109.640625,109.640625,41
2026-06-05T01:35:00.000Z,ZN,109.640625,109.640625,109.640625,109.640625,17
2026-06-05T01:36:00.000Z,ZN,109.640625,109.65625,109.640625,109.65625,3
2026-06-05T01:37:00.000Z,ZN,109.640625,109.640625,109.640625,109.640625,6
2026-06-05T01:39:00.000Z,ZN,109.640625,109.640625,109.640625,109.640625,12
2026-06-05T01:40:00.000Z,ZN,109.640625,109.640625,109.640625,109.640625,45
2026-06-05T01:42:00.000Z,ZN,109.625,109.625,109.625,109.625,31
2026-06-05T01:44:00.000Z,ZN,109.625,109.625,109.625,109.625,110
2026-06-05T01:49:00.000Z,ZN,109.625,109.640625,109.625,109.640625,51
2026-06-05T01:52:00.000Z,ZN,109.625,109.625,109.625,109.625,1
2026-06-05T01:54:00.000Z,ZN,109.640625,109.640625,109.625,109.625,12
2026-06-05T01:56:00.000Z,ZN,109.640625,109.640625,109.640625,109.640625,39
2026-06-05T01:58:00.000Z,ZN,109.625,109.625,109.625,109.625,390
2026-06-05T02:00:00.000Z,ZN,109.625,109.625,109.625,109.625,5
2026-06-05T02:01:00.000Z,ZN,109.625,109.625,109.625,109.625,521
2026-06-05T02:02:00.000Z,ZN,109.625,109.625,109.625,109.625,365
2026-06-05T02:03:00.000Z,ZN,109.625,109.625,109.625,109.625,90
2026-06-05T02:04:00.000Z,ZN,109.640625,109.640625,109.640625,109.640625,50
2026-06-05T02:06:00.000Z,ZN,109.625,109.625,109.625,109.625,96
2026-06-05T02:07:00.000Z,ZN,109.625,109.625,109.625,109.625,5
2026-06-05T02:08:00.000Z,ZN,109.625,109.625,109.625,109.625,1
2026-06-05T02:09:00.000Z,ZN,109.625,109.625,109.625,109.625,208
2026-06-05T02:10:00.000Z,ZN,109.625,109.625,109.625,109.625,331
2026-06-05T02:11:00.000Z,ZN,109.609375,109.609375,109.609375,109.609375,15
2026-06-05T02:12:00.000Z,ZN,109.625,109.625,109.625,109.625,27
2026-06-05T02:13:00.000Z,ZN,109.625,109.625,109.625,109.625,7
2026-06-05T02:14:00.000Z,ZN,109.625,109.625,109.625,109.625,25
2026-06-05T02:15:00.000Z,ZN,109.625,109.625,109.625,109.625,414
2026-06-05T02:16:00.000Z,ZN,109.625,109.640625,109.625,109.625,671
2026-06-05T02:17:00.000Z,ZN,109.625,109.625,109.625,109.625,125
2026-06-05T02:19:00.000Z,ZN,109.625,109.625,109.59375,109.609375,898
2026-06-05T02:20:00.000Z,ZN,109.609375,109.625,109.609375,109.609375,194
2026-06-05T02:21:00.000Z,ZN,109.609375,109.609375,109.609375,109.609375,191
2026-06-05T02:22:00.000Z,ZN,109.609375,109.609375,109.609375,109.609375,499
2026-06-05T02:23:00.000Z,ZN,109.609375,109.609375,109.609375,109.609375,4
2026-06-05T02:24:00.000Z,ZN,109.609375,109.609375,109.609375,109.609375,1
2026-06-05T02:25:00.000Z,ZN,109.609375,109.609375,109.609375,109.609375,261
2026-06-05T02:26:00.000Z,ZN,109.609375,109.609375,109.609375,109.609375,268
2026-06-05T02:27:00.000Z,ZN,109.609375,109.609375,109.609375,109.609375,3
2026-06-05T02:28:00.000Z,ZN,109.609375,109.609375,109.609375,109.609375,1
2026-06-05T02:30:00.000Z,ZN,109.59375,109.59375,109.59375,109.59375,75
2026-06-05T02:33:00.000Z,ZN,109.59375,109.59375,109.59375,109.59375,50
2026-06-05T02:34:00.000Z,ZN,109.59375,109.59375,109.59375,109.59375,153
2026-06-05T02:35:00.000Z,ZN,109.59375,109.59375,109.59375,109.59375,499
2026-06-05T02:36:00.000Z,ZN,109.59375,109.59375,109.578125,109.59375,3
2026-06-05T02:37:00.000Z,ZN,109.59375,109.59375,109.59375,109.59375,246
2026-06-05T02:38:00.000Z,ZN,109.59375,109.59375,109.59375,109.59375,155
2026-06-05T02:39:00.000Z,ZN,109.59375,109.59375,109.59375,109.59375,84
2026-06-05T02:42:00.000Z,ZN,109.59375,109.59375,109.59375,109.59375,315
2026-06-05T02:43:00.000Z,ZN,109.59375,109.59375,109.59375,109.59375,287
2026-06-05T02:45:00.000Z,ZN,109.59375,109.59375,109.59375,109.59375,1
2026-06-05T02:47:00.000Z,ZN,109.59375,109.59375,109.59375,109.59375,43
2026-06-05T02:48:00.000Z,ZN,109.59375,109.59375,109.59375,109.59375,255
2026-06-05T02:49:00.000Z,ZN,109.59375,109.59375,109.578125,109.59375,72
2026-06-05T02:50:00.000Z,ZN,109.609375,109.609375,109.59375,109.59375,722
2026-06-05T02:53:00.000Z,ZN,109.59375,109.59375,109.59375,109.59375,53
2026-06-05T02:55:00.000Z,ZN,109.59375,109.59375,109.59375,109.59375,24
2026-06-05T02:56:00.000Z,ZN,109.59375,109.59375,109.59375,109.59375,404
2026-06-05T02:57:00.000Z,ZN,109.59375,109.59375,109.59375,109.59375,249
2026-06-05T02:58:00.000Z,ZN,109.59375,109.59375,109.578125,109.59375,166
2026-06-05T02:59:00.000Z,ZN,109.59375,109.59375,109.59375,109.59375,307
2026-06-05T03:00:00.000Z,ZN,109.59375,109.59375,109.59375,109.59375,1
2026-06-05T03:01:00.000Z,ZN,109.59375,109.59375,109.578125,109.578125,965
2026-06-05T03:02:00.000Z,ZN,109.578125,109.578125,109.578125,109.578125,1
2026-06-05T03:03:00.000Z,ZN,109.578125,109.578125,109.578125,109.578125,2
2026-06-05T03:04:00.000Z,ZN,109.578125,109.578125,109.578125,109.578125,1
2026-06-05T03:05:00.000Z,ZN,109.578125,109.578125,109.578125,109.578125,2
2026-06-05T03:06:00.000Z,ZN,109.578125,109.578125,109.578125,109.578125,1
2026-06-05T03:07:00.000Z,ZN,109.578125,109.59375,109.578125,109.578125,3
2026-06-05T03:08:00.000Z,ZN,109.578125,109.578125,109.578125,109.578125,2
2026-06-05T03:09:00.000Z,ZN,109.578125,109.59375,109.578125,109.578125,14
2026-06-05T03:10:00.000Z,ZN,109.59375,109.59375,109.59375,109.59375,247
2026-06-05T03:11:00.000Z,ZN,109.578125,109.578125,109.578125,109.578125,2
2026-06-05T03:12:00.000Z,ZN,109.578125,109.578125,109.578125,109.578125,26
2026-06-05T03:13:00.000Z,ZN,109.578125,109.59375,109.578125,109.578125,28
2026-06-05T03:14:00.000Z,ZN,109.578125,109.578125,109.578125,109.578125,3
2026-06-05T03:15:00.000Z,ZN,109.59375,109.59375,109.59375,109.59375,480
2026-06-05T03:16:00.000Z,ZN,109.609375,109.609375,109.609375,109.609375,1
2026-06-05T03:20:00.000Z,ZN,109.59375,109.609375,109.59375,109.609375,2
2026-06-05T03:21:00.000Z,ZN,109.609375,109.609375,109.609375,109.609375,1
2026-06-05T03:23:00.000Z,ZN,109.609375,109.609375,109.609375,109.609375,1
2026-06-05T03:24:00.000Z,ZN,109.609375,109.609375,109.609375,109.609375,1
2026-06-05T03:27:00.000Z,ZN,109.59375,109.609375,109.59375,109.59375,577
2026-06-05T03:28:00.000Z,ZN,109.59375,109.59375,109.59375,109.59375,24
2026-06-05T03:29:00.000Z,ZN,109.59375,109.59375,109.59375,109.59375,16
2026-06-05T03:30:00.000Z,ZN,109.609375,109.609375,109.59375,109.609375,40
2026-06-05T03:32:00.000Z,ZN,109.59375,109.59375,109.59375,109.59375,308
2026-06-05T03:33:00.000Z,ZN,109.59375,109.59375,109.59375,109.59375,82
2026-06-05T03:34:00.000Z,ZN,109.609375,109.609375,109.609375,109.609375,1
2026-06-05T03:37:00.000Z,ZN,109.609375,109.609375,109.59375,109.59375,3
2026-06-05T03:38:00.000Z,ZN,109.59375,109.59375,109.59375,109.59375,2
2026-06-05T03:39:00.000Z,ZN,109.59375,109.59375,109.59375,109.59375,1
2026-06-05T03:40:00.000Z,ZN,109.59375,109.609375,109.59375,109.609375,10
2026-06-05T03:41:00.000Z,ZN,109.609375,109.609375,109.609375,109.609375,937
2026-06-05T03:42:00.000Z,ZN,109.609375,109.609375,109.609375,109.609375,91
2026-06-05T03:43:00.000Z,ZN,109.609375,109.609375,109.609375,109.609375,121
2026-06-05T03:44:00.000Z,ZN,109.609375,109.625,109.609375,109.609375,161
2026-06-05T03:45:00.000Z,ZN,109.625,109.625,109.625,109.625,9
2026-06-05T03:46:00.000Z,ZN,109.609375,109.609375,109.609375,109.609375,35
2026-06-05T03:47:00.000Z,ZN,109.625,109.625,109.625,109.625,25
2026-06-05T03:48:00.000Z,ZN,109.609375,109.609375,109.609375,109.609375,129
2026-06-05T03:51:00.000Z,ZN,109.625,109.625,109.625,109.625,1
2026-06-05T03:53:00.000Z,ZN,109.609375,109.609375,109.609375,109.609375,2
2026-06-05T03:54:00.000Z,ZN,109.625,109.625,109.625,109.625,1
2026-06-05T03:56:00.000Z,ZN,109.609375,109.609375,109.609375,109.609375,1
2026-06-05T03:57:00.000Z,ZN,109.609375,109.609375,109.609375,109.609375,22
2026-06-05T03:58:00.000Z,ZN,109.609375,109.625,109.609375,109.625,785
2026-06-05T04:00:00.000Z,ZN,109.609375,109.609375,109.609375,109.609375,18
2026-06-05T04:01:00.000Z,ZN,109.625,109.625,109.625,109.625,1
2026-06-05T04:03:00.000Z,ZN,109.609375,109.609375,109.609375,109.609375,300
2026-06-05T04:04:00.000Z,ZN,109.625,109.625,109.609375,109.609375,3
2026-06-05T04:05:00.000Z,ZN,109.625,109.625,109.625,109.625,910
2026-06-05T04:07:00.000Z,ZN,109.625,109.625,109.625,109.625,276
2026-06-05T04:08:00.000Z,ZN,109.625,109.640625,109.625,109.625,119
2026-06-05T04:09:00.000Z,ZN,109.625,109.625,109.625,109.625,36
2026-06-05T04:10:00.000Z,ZN,109.625,109.625,109.625,109.625,84
2026-06-05T04:11:00.000Z,ZN,109.625,109.640625,109.625,109.640625,307
2026-06-05T04:12:00.000Z,ZN,109.640625,109.640625,109.640625,109.640625,1
2026-06-05T04:13:00.000Z,ZN,109.640625,109.640625,109.625,109.625,3
2026-06-05T04:14:00.000Z,ZN,109.625,109.625,109.625,109.625,14
2026-06-05T04:15:00.000Z,ZN,109.625,109.640625,109.625,109.640625,8
2026-06-05T04:17:00.000Z,ZN,109.625,109.625,109.625,109.625,1
2026-06-05T04:18:00.000Z,ZN,109.625,109.625,109.625,109.625,176
2026-06-05T04:20:00.000Z,ZN,109.625,109.625,109.625,109.625,226
2026-06-05T04:22:00.000Z,ZN,109.640625,109.640625,109.640625,109.640625,2
2026-06-05T04:23:00.000Z,ZN,109.625,109.625,109.625,109.625,2
2026-06-05T04:24:00.000Z,ZN,109.625,109.625,109.625,109.625,8
2026-06-05T04:25:00.000Z,ZN,109.625,109.640625,109.625,109.625,215
2026-06-05T04:26:00.000Z,ZN,109.625,109.625,109.625,109.625,105
2026-06-05T04:29:00.000Z,ZN,109.625,109.625,109.625,109.625,1
2026-06-05T04:31:00.000Z,ZN,109.609375,109.609375,109.609375,109.609375,6
2026-06-05T04:32:00.000Z,ZN,109.625,109.625,109.625,109.625,1
2026-06-05T04:36:00.000Z,ZN,109.625,109.625,109.625,109.625,2
2026-06-05T04:38:00.000Z,ZN,109.625,109.625,109.625,109.625,3
2026-06-05T04:39:00.000Z,ZN,109.625,109.625,109.625,109.625,13
2026-06-05T04:40:00.000Z,ZN,109.625,109.625,109.625,109.625,303
2026-06-05T04:41:00.000Z,ZN,109.625,109.625,109.625,109.625,1
2026-06-05T04:42:00.000Z,ZN,109.625,109.625,109.625,109.625,1
2026-06-05T04:43:00.000Z,ZN,109.625,109.625,109.625,109.625,1
2026-06-05T04:46:00.000Z,ZN,109.625,109.625,109.625,109.625,59
2026-06-05T04:49:00.000Z,ZN,109.625,109.625,109.625,109.625,6
2026-06-05T04:50:00.000Z,ZN,109.625,109.625,109.625,109.625,17
2026-06-05T04:51:00.000Z,ZN,109.625,109.625,109.625,109.625,442
2026-06-05T04:53:00.000Z,ZN,109.625,109.625,109.625,109.625,31
2026-06-05T04:54:00.000Z,ZN,109.625,109.625,109.625,109.625,125
2026-06-05T04:56:00.000Z,ZN,109.625,109.625,109.625,109.625,119
2026-06-05T04:57:00.000Z,ZN,109.625,109.625,109.625,109.625,87
2026-06-05T05:00:00.000Z,ZN,109.625,109.625,109.625,109.625,60
2026-06-05T05:03:00.000Z,ZN,109.625,109.625,109.609375,109.609375,30
2026-06-05T05:06:00.000Z,ZN,109.625,109.625,109.625,109.625,6
2026-06-05T05:07:00.000Z,ZN,109.625,109.625,109.625,109.625,2
2026-06-05T05:10:00.000Z,ZN,109.609375,109.625,109.609375,109.625,16
2026-06-05T05:14:00.000Z,ZN,109.625,109.625,109.625,109.625,1
2026-06-05T05:15:00.000Z,ZN,109.609375,109.609375,109.609375,109.609375,6
2026-06-05T05:16:00.000Z,ZN,109.625,109.625,109.625,109.625,50
2026-06-05T05:17:00.000Z,ZN,109.625,109.625,109.625,109.625,6
2026-06-05T05:20:00.000Z,ZN,109.625,109.625,109.625,109.625,1
2026-06-05T05:21:00.000Z,ZN,109.625,109.625,109.625,109.625,1
2026-06-05T05:24:00.000Z,ZN,109.625,109.625,109.625,109.625,2
2026-06-05T05:25:00.000Z,ZN,109.625,109.625,109.625,109.625,265
2026-06-05T05:26:00.000Z,ZN,109.625,109.640625,109.609375,109.609375,127
2026-06-05T05:27:00.000Z,ZN,109.625,109.625,109.625,109.625,1
2026-06-05T05:28:00.000Z,ZN,109.625,109.625,109.625,109.625,314
2026-06-05T05:29:00.000Z,ZN,109.625,109.625,109.625,109.625,141
2026-06-05T05:30:00.000Z,ZN,109.625,109.640625,109.625,109.625,264
2026-06-05T05:31:00.000Z,ZN,109.640625,109.640625,109.640625,109.640625,1
2026-06-05T05:34:00.000Z,ZN,109.625,109.640625,109.625,109.625,32
2026-06-05T05:36:00.000Z,ZN,109.640625,109.640625,109.640625,109.640625,1
2026-06-05T05:38:00.000Z,ZN,109.640625,109.640625,109.625,109.625,2
2026-06-05T05:39:00.000Z,ZN,109.625,109.640625,109.625,109.625,52
2026-06-05T05:41:00.000Z,ZN,109.640625,109.640625,109.625,109.625,123
2026-06-05T05:42:00.000Z,ZN,109.625,109.625,109.625,109.625,433
2026-06-05T05:43:00.000Z,ZN,109.625,109.625,109.625,109.625,89
2026-06-05T05:45:00.000Z,ZN,109.640625,109.640625,109.640625,109.640625,31
2026-06-05T05:46:00.000Z,ZN,109.640625,109.640625,109.640625,109.640625,58
2026-06-05T05:48:00.000Z,ZN,109.640625,109.640625,109.640625,109.640625,1
2026-06-05T05:49:00.000Z,ZN,109.640625,109.640625,109.640625,109.640625,5
2026-06-05T05:50:00.000Z,ZN,109.640625,109.640625,109.640625,109.640625,308
2026-06-05T05:51:00.000Z,ZN,109.640625,109.640625,109.640625,109.640625,77
2026-06-05T05:52:00.000Z,ZN,109.640625,109.640625,109.640625,109.640625,2
2026-06-05T05:54:00.000Z,ZN,109.625,109.640625,109.625,109.625,38
2026-06-05T05:55:00.000Z,ZN,109.640625,109.640625,109.640625,109.640625,1
2026-06-05T05:56:00.000Z,ZN,109.625,109.625,109.625,109.625,54
2026-06-05T05:57:00.000Z,ZN,109.625,109.625,109.625,109.625,363
2026-06-05T05:58:00.000Z,ZN,109.640625,109.640625,109.625,109.625,3
2026-06-05T06:00:00.000Z,ZN,109.625,109.65625,109.625,109.640625,335
2026-06-05T06:01:00.000Z,ZN,109.640625,109.640625,109.625,109.640625,561
2026-06-05T06:02:00.000Z,ZN,109.640625,109.640625,109.625,109.625,74
2026-06-05T06:03:00.000Z,ZN,109.640625,109.640625,109.625,109.625,32
2026-06-05T06:04:00.000Z,ZN,109.625,109.65625,109.625,109.640625,391
2026-06-05T06:05:00.000Z,ZN,109.65625,109.65625,109.640625,109.65625,564
2026-06-05T06:06:00.000Z,ZN,109.65625,109.65625,109.65625,109.65625,3
2026-06-05T06:07:00.000Z,ZN,109.65625,109.65625,109.65625,109.65625,333
2026-06-05T06:08:00.000Z,ZN,109.65625,109.671875,109.65625,109.65625,182
2026-06-05T06:09:00.000Z,ZN,109.65625,109.671875,109.65625,109.65625,136
2026-06-05T06:10:00.000Z,ZN,109.65625,109.65625,109.65625,109.65625,78
2026-06-05T06:11:00.000Z,ZN,109.65625,109.65625,109.65625,109.65625,194
2026-06-05T06:12:00.000Z,ZN,109.65625,109.671875,109.65625,109.65625,12
2026-06-05T06:13:00.000Z,ZN,109.65625,109.671875,109.65625,109.671875,76
2026-06-05T06:15:00.000Z,ZN,109.65625,109.65625,109.65625,109.65625,267
2026-06-05T06:16:00.000Z,ZN,109.671875,109.671875,109.671875,109.671875,4
2026-06-05T06:17:00.000Z,ZN,109.65625,109.65625,109.65625,109.65625,175
2026-06-05T06:18:00.000Z,ZN,109.65625,109.65625,109.65625,109.65625,142
2026-06-05T06:19:00.000Z,ZN,109.65625,109.65625,109.65625,109.65625,36
2026-06-05T06:20:00.000Z,ZN,109.640625,109.640625,109.640625,109.640625,1
2026-06-05T06:23:00.000Z,ZN,109.65625,109.65625,109.65625,109.65625,8
2026-06-05T06:24:00.000Z,ZN,109.65625,109.65625,109.65625,109.65625,373
2026-06-05T06:25:00.000Z,ZN,109.65625,109.65625,109.640625,109.65625,359
2026-06-05T06:26:00.000Z,ZN,109.65625,109.671875,109.65625,109.671875,52
2026-06-05T06:27:00.000Z,ZN,109.671875,109.671875,109.671875,109.671875,1
2026-06-05T06:28:00.000Z,ZN,109.65625,109.65625,109.65625,109.65625,6
2026-06-05T06:29:00.000Z,ZN,109.65625,109.671875,109.65625,109.671875,372
2026-06-05T06:30:00.000Z,ZN,109.671875,109.671875,109.671875,109.671875,801
2026-06-05T06:31:00.000Z,ZN,109.671875,109.671875,109.671875,109.671875,26
2026-06-05T06:32:00.000Z,ZN,109.671875,109.671875,109.671875,109.671875,1
2026-06-05T06:34:00.000Z,ZN,109.65625,109.671875,109.65625,109.671875,11
2026-06-05T06:35:00.000Z,ZN,109.671875,109.6875,109.671875,109.671875,2132
2026-06-05T06:36:00.000Z,ZN,109.6875,109.6875,109.671875,109.671875,650
2026-06-05T06:37:00.000Z,ZN,109.671875,109.671875,109.671875,109.671875,1188
2026-06-05T06:38:00.000Z,ZN,109.671875,109.671875,109.671875,109.671875,447
2026-06-05T06:41:00.000Z,ZN,109.671875,109.671875,109.671875,109.671875,729
2026-06-05T06:43:00.000Z,ZN,109.6875,109.6875,109.6875,109.6875,1
2026-06-05T06:45:00.000Z,ZN,109.671875,109.671875,109.65625,109.65625,121
2026-06-05T06:46:00.000Z,ZN,109.65625,109.671875,109.65625,109.65625,519
2026-06-05T06:47:00.000Z,ZN,109.65625,109.65625,109.65625,109.65625,117
2026-06-05T06:48:00.000Z,ZN,109.65625,109.65625,109.65625,109.65625,133
2026-06-05T06:49:00.000Z,ZN,109.65625,109.65625,109.640625,109.65625,451
2026-06-05T06:52:00.000Z,ZN,109.65625,109.65625,109.65625,109.65625,3
2026-06-05T06:54:00.000Z,ZN,109.65625,109.65625,109.65625,109.65625,2
2026-06-05T06:55:00.000Z,ZN,109.640625,109.640625,109.640625,109.640625,1994
2026-06-05T06:56:00.000Z,ZN,109.640625,109.640625,109.640625,109.640625,23
2026-06-05T06:57:00.000Z,ZN,109.640625,109.640625,109.640625,109.640625,42
2026-06-05T06:58:00.000Z,ZN,109.640625,109.640625,109.640625,109.640625,1341
2026-06-05T06:59:00.000Z,ZN,109.640625,109.640625,109.640625,109.640625,502
2026-06-05T07:00:00.000Z,ZN,109.65625,109.65625,109.640625,109.65625,141
2026-06-05T07:01:00.000Z,ZN,109.65625,109.65625,109.65625,109.65625,1374
2026-06-05T07:02:00.000Z,ZN,109.671875,109.671875,109.671875,109.671875,11
2026-06-05T07:04:00.000Z,ZN,109.65625,109.671875,109.65625,109.671875,253
2026-06-05T07:05:00.000Z,ZN,109.671875,109.671875,109.671875,109.671875,41
2026-06-05T07:06:00.000Z,ZN,109.671875,109.671875,109.671875,109.671875,20
2026-06-05T07:07:00.000Z,ZN,109.671875,109.671875,109.65625,109.65625,745
2026-06-05T07:08:00.000Z,ZN,109.65625,109.65625,109.65625,109.65625,95
2026-06-05T07:09:00.000Z,ZN,109.65625,109.671875,109.65625,109.671875,23
2026-06-05T07:10:00.000Z,ZN,109.671875,109.671875,109.65625,109.65625,558
2026-06-05T07:11:00.000Z,ZN,109.65625,109.65625,109.640625,109.640625,261
2026-06-05T07:12:00.000Z,ZN,109.65625,109.671875,109.65625,109.671875,272
2026-06-05T07:13:00.000Z,ZN,109.65625,109.671875,109.65625,109.65625,50
2026-06-05T07:14:00.000Z,ZN,109.65625,109.6875,109.65625,109.671875,518
2026-06-05T07:15:00.000Z,ZN,109.671875,109.6875,109.671875,109.6875,117
2026-06-05T07:16:00.000Z,ZN,109.671875,109.671875,109.671875,109.671875,3
2026-06-05T07:17:00.000Z,ZN,109.671875,109.671875,109.65625,109.65625,587
2026-06-05T07:18:00.000Z,ZN,109.65625,109.671875,109.65625,109.671875,565
2026-06-05T07:19:00.000Z,ZN,109.671875,109.671875,109.65625,109.671875,1497
2026-06-05T07:20:00.000Z,ZN,109.65625,109.6875,109.65625,109.671875,847
2026-06-05T07:21:00.000Z,ZN,109.671875,109.6875,109.65625,109.6875,839
2026-06-05T07:22:00.000Z,ZN,109.671875,109.6875,109.671875,109.6875,91
2026-06-05T07:23:00.000Z,ZN,109.6875,109.703125,109.6875,109.6875,626
2026-06-05T07:24:00.000Z,ZN,109.6875,109.703125,109.6875,109.703125,3606
2026-06-05T07:26:00.000Z,ZN,109.6875,109.6875,109.6875,109.6875,685
2026-06-05T07:27:00.000Z,ZN,109.703125,109.703125,109.703125,109.703125,107
2026-06-05T07:29:00.000Z,ZN,109.703125,109.71875,109.703125,109.71875,3229
2026-06-05T07:30:00.000Z,ZN,109.71875,109.71875,109.703125,109.703125,821
2026-06-05T07:31:00.000Z,ZN,109.703125,109.71875,109.703125,109.703125,847
2026-06-05T07:32:00.000Z,ZN,109.703125,109.703125,109.703125,109.703125,852
2026-06-05T07:33:00.000Z,ZN,109.703125,109.71875,109.703125,109.703125,1017
2026-06-05T07:34:00.000Z,ZN,109.6875,109.703125,109.6875,109.703125,50
2026-06-05T07:35:00.000Z,ZN,109.6875,109.6875,109.6875,109.6875,1
2026-06-05T07:37:00.000Z,ZN,109.6875,109.6875,109.671875,109.671875,1678
2026-06-05T07:38:00.000Z,ZN,109.671875,109.6875,109.671875,109.6875,767
2026-06-05T07:39:00.000Z,ZN,109.6875,109.6875,109.6875,109.6875,25
2026-06-05T07:40:00.000Z,ZN,109.703125,109.703125,109.6875,109.6875,1335
2026-06-05T07:41:00.000Z,ZN,109.671875,109.671875,109.671875,109.671875,41
2026-06-05T07:42:00.000Z,ZN,109.6875,109.6875,109.6875,109.6875,527
2026-06-05T07:43:00.000Z,ZN,109.6875,109.6875,109.6875,109.6875,286
2026-06-05T07:44:00.000Z,ZN,109.6875,109.6875,109.6875,109.6875,370
2026-06-05T07:45:00.000Z,ZN,109.6875,109.703125,109.6875,109.6875,679
2026-06-05T07:46:00.000Z,ZN,109.6875,109.703125,109.6875,109.703125,255
2026-06-05T07:47:00.000Z,ZN,109.6875,109.6875,109.6875,109.6875,8
2026-06-05T07:48:00.000Z,ZN,109.703125,109.703125,109.703125,109.703125,47
2026-06-05T07:49:00.000Z,ZN,109.703125,109.703125,109.703125,109.703125,38
2026-06-05T07:50:00.000Z,ZN,109.6875,109.703125,109.6875,109.6875,5
2026-06-05T07:52:00.000Z,ZN,109.6875,109.6875,109.6875,109.6875,2
2026-06-05T07:53:00.000Z,ZN,109.6875,109.703125,109.6875,109.6875,17
2026-06-05T07:54:00.000Z,ZN,109.6875,109.6875,109.6875,109.6875,643
2026-06-05T07:55:00.000Z,ZN,109.6875,109.6875,109.6875,109.6875,150
2026-06-05T07:57:00.000Z,ZN,109.6875,109.703125,109.6875,109.6875,180
2026-06-05T07:58:00.000Z,ZN,109.6875,109.6875,109.6875,109.6875,99
2026-06-05T07:59:00.000Z,ZN,109.6875,109.6875,109.6875,109.6875,59
2026-06-05T08:00:00.000Z,ZN,109.6875,109.6875,109.671875,109.671875,126
2026-06-05T08:01:00.000Z,ZN,109.671875,109.6875,109.671875,109.6875,140
2026-06-05T08:02:00.000Z,ZN,109.671875,109.6875,109.671875,109.6875,661
2026-06-05T08:03:00.000Z,ZN,109.6875,109.703125,109.6875,109.6875,521
2026-06-05T08:04:00.000Z,ZN,109.6875,109.703125,109.6875,109.6875,305
2026-06-05T08:05:00.000Z,ZN,109.6875,109.6875,109.6875,109.6875,115
2026-06-05T08:06:00.000Z,ZN,109.6875,109.6875,109.6875,109.6875,61
2026-06-05T08:07:00.000Z,ZN,109.6875,109.6875,109.6875,109.6875,417
2026-06-05T08:08:00.000Z,ZN,109.6875,109.6875,109.6875,109.6875,627
2026-06-05T08:09:00.000Z,ZN,109.6875,109.6875,109.6875,109.6875,770
2026-06-05T08:10:00.000Z,ZN,109.6875,109.6875,109.6875,109.6875,102
2026-06-05T08:11:00.000Z,ZN,109.6875,109.6875,109.6875,109.6875,877
2026-06-05T08:12:00.000Z,ZN,109.6875,109.6875,109.6875,109.6875,779
2026-06-05T08:13:00.000Z,ZN,109.6875,109.6875,109.6875,109.6875,45
2026-06-05T08:14:00.000Z,ZN,109.6875,109.703125,109.6875,109.6875,481
2026-06-05T08:15:00.000Z,ZN,109.6875,109.703125,109.6875,109.703125,136
2026-06-05T08:16:00.000Z,ZN,109.6875,109.703125,109.6875,109.6875,842
2026-06-05T08:17:00.000Z,ZN,109.6875,109.6875,109.6875,109.6875,287
2026-06-05T08:18:00.000Z,ZN,109.6875,109.6875,109.6875,109.6875,1288
2026-06-05T08:19:00.000Z,ZN,109.6875,109.6875,109.6875,109.6875,365
2026-06-05T08:20:00.000Z,ZN,109.6875,109.6875,109.6875,109.6875,225
2026-06-05T08:21:00.000Z,ZN,109.6875,109.703125,109.6875,109.703125,444
2026-06-05T08:22:00.000Z,ZN,109.6875,109.703125,109.6875,109.703125,31
2026-06-05T08:24:00.000Z,ZN,109.6875,109.703125,109.6875,109.703125,954
2026-06-05T08:25:00.000Z,ZN,109.703125,109.703125,109.703125,109.703125,557
2026-06-05T08:26:00.000Z,ZN,109.703125,109.703125,109.703125,109.703125,933
2026-06-05T08:27:00.000Z,ZN,109.703125,109.703125,109.703125,109.703125,206
2026-06-05T08:28:00.000Z,ZN,109.703125,109.703125,109.703125,109.703125,280
2026-06-05T08:29:00.000Z,ZN,109.703125,109.703125,109.703125,109.703125,1368
2026-06-05T08:30:00.000Z,ZN,109.703125,109.71875,109.703125,109.703125,2735
2026-06-05T08:31:00.000Z,ZN,109.703125,109.71875,109.703125,109.703125,1057
2026-06-05T08:32:00.000Z,ZN,109.703125,109.703125,109.703125,109.703125,478
2026-06-05T08:33:00.000Z,ZN,109.703125,109.71875,109.703125,109.703125,500
2026-06-05T08:35:00.000Z,ZN,109.6875,109.703125,109.6875,109.703125,6
2026-06-05T08:36:00.000Z,ZN,109.703125,109.703125,109.6875,109.6875,905
2026-06-05T08:37:00.000Z,ZN,109.6875,109.6875,109.6875,109.6875,1367
2026-06-05T08:38:00.000Z,ZN,109.6875,109.6875,109.6875,109.6875,1685
2026-06-05T08:39:00.000Z,ZN,109.6875,109.6875,109.6875,109.6875,66
2026-06-05T08:41:00.000Z,ZN,109.703125,109.703125,109.703125,109.703125,64
2026-06-05T08:42:00.000Z,ZN,109.6875,109.6875,109.6875,109.6875,521
2026-06-05T08:43:00.000Z,ZN,109.6875,109.703125,109.6875,109.6875,289
2026-06-05T08:44:00.000Z,ZN,109.703125,109.703125,109.703125,109.703125,152
2026-06-05T08:45:00.000Z,ZN,109.6875,109.6875,109.6875,109.6875,314
2026-06-05T08:46:00.000Z,ZN,109.6875,109.6875,109.6875,109.6875,119
2026-06-05T08:47:00.000Z,ZN,109.6875,109.6875,109.6875,109.6875,305
2026-06-05T08:49:00.000Z,ZN,109.6875,109.6875,109.6875,109.6875,106
2026-06-05T08:50:00.000Z,ZN,109.6875,109.6875,109.6875,109.6875,545
2026-06-05T08:51:00.000Z,ZN,109.6875,109.6875,109.6875,109.6875,624
2026-06-05T08:52:00.000Z,ZN,109.6875,109.6875,109.6875,109.6875,148
2026-06-05T08:54:00.000Z,ZN,109.671875,109.671875,109.671875,109.671875,10
2026-06-05T08:56:00.000Z,ZN,109.671875,109.671875,109.671875,109.671875,46
2026-06-05T08:57:00.000Z,ZN,109.671875,109.671875,109.671875,109.671875,3
2026-06-05T08:58:00.000Z,ZN,109.671875,109.671875,109.671875,109.671875,149
2026-06-05T08:59:00.000Z,ZN,109.671875,109.671875,109.671875,109.671875,1232
2026-06-05T09:00:00.000Z,ZN,109.671875,109.671875,109.65625,109.671875,291
2026-06-05T09:01:00.000Z,ZN,109.671875,109.671875,109.65625,109.671875,116
2026-06-05T09:02:00.000Z,ZN,109.671875,109.671875,109.65625,109.671875,1964
2026-06-05T09:03:00.000Z,ZN,109.671875,109.671875,109.671875,109.671875,21
2026-06-05T09:04:00.000Z,ZN,109.671875,109.671875,109.65625,109.65625,155
2026-06-05T09:05:00.000Z,ZN,109.671875,109.671875,109.671875,109.671875,348
2026-06-05T09:06:00.000Z,ZN,109.65625,109.671875,109.65625,109.65625,7
2026-06-05T09:07:00.000Z,ZN,109.65625,109.65625,109.65625,109.65625,3338
2026-06-05T09:08:00.000Z,ZN,109.65625,109.65625,109.65625,109.65625,132
2026-06-05T09:09:00.000Z,ZN,109.65625,109.65625,109.640625,109.640625,967
2026-06-05T09:10:00.000Z,ZN,109.65625,109.65625,109.65625,109.65625,293
2026-06-05T09:11:00.000Z,ZN,109.65625,109.65625,109.65625,109.65625,68
2026-06-05T09:12:00.000Z,ZN,109.65625,109.65625,109.65625,109.65625,11
2026-06-05T09:13:00.000Z,ZN,109.65625,109.734375,109.65625,109.734375,19292
2026-06-05T09:14:00.000Z,ZN,109.734375,109.75,109.703125,109.703125,7167
2026-06-05T09:15:00.000Z,ZN,109.703125,109.71875,109.703125,109.703125,3849
2026-06-05T09:16:00.000Z,ZN,109.703125,109.703125,109.703125,109.703125,1068
2026-06-05T09:17:00.000Z,ZN,109.703125,109.703125,109.6875,109.6875,3242
2026-06-05T09:18:00.000Z,ZN,109.6875,109.6875,109.671875,109.6875,1448
2026-06-05T09:19:00.000Z,ZN,109.703125,109.703125,109.6875,109.6875,270
2026-06-05T09:20:00.000Z,ZN,109.6875,109.6875,109.6875,109.6875,428
2026-06-05T09:21:00.000Z,ZN,109.703125,109.703125,109.703125,109.703125,376
2026-06-05T09:22:00.000Z,ZN,109.703125,109.703125,109.703125,109.703125,3
2026-06-05T09:23:00.000Z,ZN,109.703125,109.703125,109.703125,109.703125,830
2026-06-05T09:24:00.000Z,ZN,109.703125,109.703125,109.703125,109.703125,398
2026-06-05T09:25:00.000Z,ZN,109.703125,109.703125,109.6875,109.703125,1498
2026-06-05T09:26:00.000Z,ZN,109.6875,109.6875,109.6875,109.6875,387
2026-06-05T09:27:00.000Z,ZN,109.671875,109.6875,109.671875,109.6875,551
2026-06-05T09:28:00.000Z,ZN,109.6875,109.6875,109.6875,109.6875,198
2026-06-05T09:29:00.000Z,ZN,109.6875,109.6875,109.671875,109.671875,475
2026-06-05T09:30:00.000Z,ZN,109.671875,109.671875,109.671875,109.671875,4
2026-06-05T09:31:00.000Z,ZN,109.671875,109.671875,109.671875,109.671875,20
2026-06-05T09:32:00.000Z,ZN,109.671875,109.671875,109.671875,109.671875,1196
2026-06-05T09:33:00.000Z,ZN,109.671875,109.6875,109.671875,109.6875,2590
2026-06-05T09:34:00.000Z,ZN,109.6875,109.703125,109.6875,109.6875,818
2026-06-05T09:35:00.000Z,ZN,109.6875,109.6875,109.6875,109.6875,414
2026-06-05T09:36:00.000Z,ZN,109.6875,109.6875,109.6875,109.6875,722
2026-06-05T09:37:00.000Z,ZN,109.6875,109.703125,109.6875,109.6875,510
2026-06-05T09:38:00.000Z,ZN,109.671875,109.671875,109.671875,109.671875,7
2026-06-05T09:41:00.000Z,ZN,109.6875,109.6875,109.671875,109.671875,17
2026-06-05T09:42:00.000Z,ZN,109.671875,109.671875,109.671875,109.671875,37
2026-06-05T09:43:00.000Z,ZN,109.671875,109.671875,109.65625,109.65625,942
2026-06-05T09:44:00.000Z,ZN,109.671875,109.671875,109.671875,109.671875,21
2026-06-05T09:45:00.000Z,ZN,109.65625,109.671875,109.65625,109.671875,928
2026-06-05T09:46:00.000Z,ZN,109.65625,109.65625,109.65625,109.65625,5
2026-06-05T09:47:00.000Z,ZN,109.65625,109.671875,109.65625,109.671875,10
2026-06-05T09:49:00.000Z,ZN,109.65625,109.671875,109.65625,109.671875,16
2026-06-05T09:50:00.000Z,ZN,109.65625,109.65625,109.65625,109.65625,28
2026-06-05T09:52:00.000Z,ZN,109.65625,109.65625,109.65625,109.65625,187
2026-06-05T09:53:00.000Z,ZN,109.65625,109.65625,109.65625,109.65625,330
2026-06-05T09:54:00.000Z,ZN,109.671875,109.671875,109.671875,109.671875,4
2026-06-05T09:55:00.000Z,ZN,109.65625,109.65625,109.640625,109.640625,6536
2026-06-05T09:56:00.000Z,ZN,109.625,109.625,109.609375,109.625,1156
2026-06-05T09:57:00.000Z,ZN,109.609375,109.625,109.609375,109.625,134
2026-06-05T09:58:00.000Z,ZN,109.625,109.625,109.625,109.625,5
2026-06-05T09:59:00.000Z,ZN,109.609375,109.625,109.609375,109.625,1319
2026-06-05T10:00:00.000Z,ZN,109.625,109.640625,109.625,109.625,870
2026-06-05T10:01:00.000Z,ZN,109.625,109.625,109.609375,109.609375,1061
2026-06-05T10:02:00.000Z,ZN,109.609375,109.609375,109.59375,109.59375,1308
2026-06-05T10:03:00.000Z,ZN,109.609375,109.609375,109.609375,109.609375,1807
2026-06-05T10:04:00.000Z,ZN,109.609375,109.609375,109.59375,109.609375,1829
2026-06-05T10:05:00.000Z,ZN,109.609375,109.609375,109.609375,109.609375,826
2026-06-05T10:06:00.000Z,ZN,109.625,109.625,109.609375,109.609375,146
2026-06-05T10:07:00.000Z,ZN,109.59375,109.59375,109.59375,109.59375,4
2026-06-05T10:08:00.000Z,ZN,109.59375,109.59375,109.59375,109.59375,1077
2026-06-05T10:09:00.000Z,ZN,109.59375,109.609375,109.59375,109.609375,914
2026-06-05T10:10:00.000Z,ZN,109.609375,109.609375,109.609375,109.609375,305
2026-06-05T10:11:00.000Z,ZN,109.609375,109.609375,109.609375,109.609375,9
2026-06-05T10:12:00.000Z,ZN,109.609375,109.609375,109.609375,109.609375,1288
2026-06-05T10:13:00.000Z,ZN,109.609375,109.609375,109.59375,109.59375,22
2026-06-05T10:14:00.000Z,ZN,109.609375,109.609375,109.59375,109.59375,46
2026-06-05T10:15:00.000Z,ZN,109.59375,109.609375,109.59375,109.59375,16
2026-06-05T10:16:00.000Z,ZN,109.609375,109.609375,109.59375,109.59375,135
2026-06-05T10:17:00.000Z,ZN,109.59375,109.59375,109.59375,109.59375,42
2026-06-05T10:18:00.000Z,ZN,109.609375,109.609375,109.59375,109.59375,59
2026-06-05T10:19:00.000Z,ZN,109.59375,109.609375,109.59375,109.609375,97
2026-06-05T10:20:00.000Z,ZN,109.609375,109.609375,109.59375,109.609375,1718
2026-06-05T10:21:00.000Z,ZN,109.609375,109.609375,109.609375,109.609375,217
2026-06-05T10:22:00.000Z,ZN,109.609375,109.625,109.609375,109.609375,489
2026-06-05T10:23:00.000Z,ZN,109.625,109.625,109.609375,109.609375,503
2026-06-05T10:24:00.000Z,ZN,109.609375,109.609375,109.59375,109.609375,11
2026-06-05T10:25:00.000Z,ZN,109.609375,109.609375,109.609375,109.609375,61
2026-06-05T10:26:00.000Z,ZN,109.609375,109.609375,109.609375,109.609375,7
2026-06-05T10:27:00.000Z,ZN,109.609375,109.609375,109.609375,109.609375,1
2026-06-05T10:28:00.000Z,ZN,109.609375,109.609375,109.609375,109.609375,1
2026-06-05T10:29:00.000Z,ZN,109.59375,109.609375,109.59375,109.609375,11
2026-06-05T10:30:00.000Z,ZN,109.609375,109.609375,109.609375,109.609375,1611
2026-06-05T10:31:00.000Z,ZN,109.609375,109.609375,109.59375,109.609375,143
2026-06-05T10:32:00.000Z,ZN,109.609375,109.609375,109.59375,109.609375,210
2026-06-05T10:33:00.000Z,ZN,109.625,109.625,109.609375,109.609375,453
2026-06-05T10:34:00.000Z,ZN,109.609375,109.609375,109.609375,109.609375,293
2026-06-05T10:36:00.000Z,ZN,109.625,109.625,109.609375,109.609375,981
2026-06-05T10:37:00.000Z,ZN,109.609375,109.625,109.609375,109.625,346
2026-06-05T10:38:00.000Z,ZN,109.609375,109.609375,109.609375,109.609375,239
2026-06-05T10:39:00.000Z,ZN,109.609375,109.609375,109.609375,109.609375,3
2026-06-05T10:41:00.000Z,ZN,109.609375,109.609375,109.609375,109.609375,474
2026-06-05T10:42:00.000Z,ZN,109.609375,109.609375,109.609375,109.609375,44
2026-06-05T10:43:00.000Z,ZN,109.609375,109.609375,109.609375,109.609375,63
2026-06-05T10:44:00.000Z,ZN,109.609375,109.609375,109.609375,109.609375,78
2026-06-05T10:45:00.000Z,ZN,109.609375,109.609375,109.609375,109.609375,633
2026-06-05T10:46:00.000Z,ZN,109.609375,109.609375,109.609375,109.609375,327
2026-06-05T10:47:00.000Z,ZN,109.609375,109.609375,109.609375,109.609375,707
2026-06-05T10:48:00.000Z,ZN,109.625,109.625,109.609375,109.609375,24
2026-06-05T10:49:00.000Z,ZN,109.609375,109.609375,109.609375,109.609375,86
2026-06-05T10:50:00.000Z,ZN,109.625,109.625,109.625,109.625,3343
2026-06-05T10:51:00.000Z,ZN,109.625,109.625,109.625,109.625,217
2026-06-05T10:52:00.000Z,ZN,109.640625,109.640625,109.625,109.640625,222
2026-06-05T10:53:00.000Z,ZN,109.625,109.640625,109.625,109.625,215
2026-06-05T10:54:00.000Z,ZN,109.625,109.640625,109.625,109.640625,826
2026-06-05T10:56:00.000Z,ZN,109.625,109.625,109.625,109.625,35
2026-06-05T10:57:00.000Z,ZN,109.625,109.640625,109.625,109.625,522
2026-06-05T10:58:00.000Z,ZN,109.625,109.640625,109.625,109.625,99
2026-06-05T10:59:00.000Z,ZN,109.640625,109.640625,109.625,109.625,152
2026-06-05T11:00:00.000Z,ZN,109.625,109.640625,109.625,109.625,696
2026-06-05T11:01:00.000Z,ZN,109.625,109.640625,109.625,109.640625,640
2026-06-05T11:02:00.000Z,ZN,109.625,109.640625,109.625,109.640625,817
2026-06-05T11:03:00.000Z,ZN,109.640625,109.671875,109.625,109.65625,5447
2026-06-05T11:04:00.000Z,ZN,109.671875,109.671875,109.671875,109.671875,1230
2026-06-05T11:06:00.000Z,ZN,109.671875,109.671875,109.65625,109.65625,1019
2026-06-05T11:07:00.000Z,ZN,109.65625,109.65625,109.65625,109.65625,12
2026-06-05T11:08:00.000Z,ZN,109.671875,109.671875,109.671875,109.671875,111
2026-06-05T11:09:00.000Z,ZN,109.65625,109.65625,109.65625,109.65625,1
2026-06-05T11:10:00.000Z,ZN,109.671875,109.671875,109.65625,109.65625,347
2026-06-05T11:11:00.000Z,ZN,109.65625,109.671875,109.640625,109.640625,664
2026-06-05T11:12:00.000Z,ZN,109.65625,109.65625,109.65625,109.65625,343
2026-06-05T11:13:00.000Z,ZN,109.65625,109.65625,109.640625,109.65625,931
2026-06-05T11:14:00.000Z,ZN,109.65625,109.65625,109.65625,109.65625,85
2026-06-05T11:15:00.000Z,ZN,109.65625,109.65625,109.65625,109.65625,693
2026-06-05T11:16:00.000Z,ZN,109.65625,109.65625,109.640625,109.65625,117
2026-06-05T11:17:00.000Z,ZN,109.640625,109.640625,109.640625,109.640625,100
2026-06-05T11:18:00.000Z,ZN,109.640625,109.671875,109.640625,109.671875,1623
2026-06-05T11:19:00.000Z,ZN,109.65625,109.671875,109.640625,109.65625,6772
2026-06-05T11:20:00.000Z,ZN,109.640625,109.640625,109.640625,109.640625,91
2026-06-05T11:22:00.000Z,ZN,109.65625,109.65625,109.65625,109.65625,340
2026-06-05T11:23:00.000Z,ZN,109.65625,109.65625,109.640625,109.640625,7
2026-06-05T11:24:00.000Z,ZN,109.640625,109.65625,109.59375,109.609375,10311
2026-06-05T11:25:00.000Z,ZN,109.625,109.640625,109.609375,109.640625,6361
2026-06-05T11:26:00.000Z,ZN,109.65625,109.65625,109.640625,109.640625,474
2026-06-05T11:27:00.000Z,ZN,109.65625,109.65625,109.65625,109.65625,4
2026-06-05T11:28:00.000Z,ZN,109.65625,109.65625,109.65625,109.65625,12
2026-06-05T11:29:00.000Z,ZN,109.65625,109.65625,109.65625,109.65625,139
2026-06-05T11:30:00.000Z,ZN,109.65625,109.671875,109.65625,109.671875,1070
2026-06-05T11:31:00.000Z,ZN,109.65625,109.65625,109.640625,109.65625,494
2026-06-05T11:32:00.000Z,ZN,109.65625,109.65625,109.640625,109.65625,597
2026-06-05T11:33:00.000Z,ZN,109.640625,109.65625,109.640625,109.640625,22
2026-06-05T11:34:00.000Z,ZN,109.640625,109.640625,109.640625,109.640625,120
2026-06-05T11:35:00.000Z,ZN,109.640625,109.640625,109.625,109.640625,1198
2026-06-05T11:36:00.000Z,ZN,109.640625,109.640625,109.625,109.625,100
2026-06-05T11:37:00.000Z,ZN,109.625,109.625,109.625,109.625,47
2026-06-05T11:38:00.000Z,ZN,109.640625,109.65625,109.640625,109.65625,463
2026-06-05T11:39:00.000Z,ZN,109.65625,109.65625,109.609375,109.609375,5509
2026-06-05T11:40:00.000Z,ZN,109.609375,109.625,109.609375,109.609375,1151
2026-06-05T11:41:00.000Z,ZN,109.609375,109.609375,109.609375,109.609375,564
2026-06-05T11:42:00.000Z,ZN,109.609375,109.625,109.609375,109.625,179
2026-06-05T11:43:00.000Z,ZN,109.625,109.625,109.625,109.625,26
2026-06-05T11:44:00.000Z,ZN,109.609375,109.625,109.609375,109.625,17
2026-06-05T11:45:00.000Z,ZN,109.625,109.625,109.625,109.625,100
2026-06-05T11:46:00.000Z,ZN,109.625,109.625,109.609375,109.609375,191
2026-06-05T11:47:00.000Z,ZN,109.625,109.625,109.609375,109.609375,2547
2026-06-05T11:48:00.000Z,ZN,109.609375,109.625,109.609375,109.625,2138
2026-06-05T11:49:00.000Z,ZN,109.625,109.625,109.625,109.625,80
2026-06-05T11:50:00.000Z,ZN,109.625,109.625,109.625,109.625,23
2026-06-05T11:51:00.000Z,ZN,109.609375,109.609375,109.609375,109.609375,313
2026-06-05T11:52:00.000Z,ZN,109.609375,109.640625,109.609375,109.625,10621
2026-06-05T11:53:00.000Z,ZN,109.640625,109.640625,109.640625,109.640625,1
2026-06-05T11:54:00.000Z,ZN,109.640625,109.65625,109.625,109.640625,1353
2026-06-05T11:55:00.000Z,ZN,109.65625,109.65625,109.640625,109.65625,64
2026-06-05T11:56:00.000Z,ZN,109.640625,109.640625,109.625,109.640625,673
2026-06-05T11:57:00.000Z,ZN,109.625,109.625,109.625,109.625,210
2026-06-05T11:58:00.000Z,ZN,109.625,109.640625,109.625,109.640625,17
2026-06-05T11:59:00.000Z,ZN,109.640625,109.640625,109.609375,109.609375,5765
2026-06-05T12:00:00.000Z,ZN,109.625,109.640625,109.625,109.640625,3443
2026-06-05T12:01:00.000Z,ZN,109.640625,109.65625,109.625,109.640625,2711
2026-06-05T12:02:00.000Z,ZN,109.640625,109.640625,109.609375,109.640625,2943
2026-06-05T12:03:00.000Z,ZN,109.640625,109.640625,109.625,109.625,61
2026-06-05T12:04:00.000Z,ZN,109.640625,109.640625,109.625,109.640625,1282
2026-06-05T12:05:00.000Z,ZN,109.640625,109.65625,109.640625,109.640625,1970
2026-06-05T12:06:00.000Z,ZN,109.65625,109.65625,109.640625,109.640625,140
2026-06-05T12:07:00.000Z,ZN,109.65625,109.65625,109.640625,109.65625,1788
2026-06-05T12:08:00.000Z,ZN,109.640625,109.65625,109.640625,109.65625,2782
2026-06-05T12:09:00.000Z,ZN,109.640625,109.65625,109.640625,109.640625,1565
2026-06-05T12:10:00.000Z,ZN,109.640625,109.65625,109.640625,109.65625,587
2026-06-05T12:11:00.000Z,ZN,109.65625,109.65625,109.640625,109.65625,666
2026-06-05T12:12:00.000Z,ZN,109.65625,109.65625,109.640625,109.65625,1813
2026-06-05T12:13:00.000Z,ZN,109.640625,109.671875,109.640625,109.65625,3359
2026-06-05T12:14:00.000Z,ZN,109.65625,109.65625,109.640625,109.65625,656
2026-06-05T12:15:00.000Z,ZN,109.65625,109.671875,109.640625,109.65625,1645
2026-06-05T12:16:00.000Z,ZN,109.671875,109.671875,109.640625,109.640625,2482
2026-06-05T12:17:00.000Z,ZN,109.640625,109.65625,109.625,109.625,2476
2026-06-05T12:18:00.000Z,ZN,109.640625,109.65625,109.625,109.65625,2598
2026-06-05T12:19:00.000Z,ZN,109.640625,109.671875,109.640625,109.65625,1723
2026-06-05T12:20:00.000Z,ZN,109.65625,109.6875,109.65625,109.671875,3830
2026-06-05T12:21:00.000Z,ZN,109.6875,109.6875,109.671875,109.671875,1885
2026-06-05T12:22:00.000Z,ZN,109.671875,109.6875,109.65625,109.65625,2248
2026-06-05T12:23:00.000Z,ZN,109.65625,109.671875,109.640625,109.640625,996
2026-06-05T12:24:00.000Z,ZN,109.65625,109.65625,109.625,109.640625,4903
2026-06-05T12:25:00.000Z,ZN,109.640625,109.640625,109.625,109.640625,3632
2026-06-05T12:26:00.000Z,ZN,109.625,109.640625,109.625,109.640625,985
2026-06-05T12:27:00.000Z,ZN,109.640625,109.640625,109.625,109.640625,678
2026-06-05T12:28:00.000Z,ZN,109.625,109.640625,109.609375,109.609375,3661
2026-06-05T12:29:00.000Z,ZN,109.609375,109.625,109.59375,109.59375,2560
2026-06-05T12:30:00.000Z,ZN,109.625,109.625,109.28125,109.296875,47975
2026-06-05T12:31:00.000Z,ZN,109.28125,109.28125,109.21875,109.25,48185
2026-06-05T12:32:00.000Z,ZN,109.25,109.265625,109.15625,109.171875,38642
2026-06-05T12:33:00.000Z,ZN,109.15625,109.1875,109.140625,109.171875,20098
2026-06-05T12:34:00.000Z,ZN,109.171875,109.203125,109.15625,109.171875,32717
2026-06-05T12:35:00.000Z,ZN,109.171875,109.203125,109.15625,109.1875,17496
2026-06-05T12:36:00.000Z,ZN,109.171875,109.1875,109.140625,109.140625,15600
2026-06-05T12:37:00.000Z,ZN,109.140625,109.15625,109.125,109.140625,15877
2026-06-05T12:38:00.000Z,ZN,109.15625,109.171875,109.125,109.15625,23619
2026-06-05T12:39:00.000Z,ZN,109.15625,109.171875,109.140625,109.171875,18473
2026-06-05T12:40:00.000Z,ZN,109.171875,109.171875,109.15625,109.171875,8048
2026-06-05T12:41:00.000Z,ZN,109.171875,109.171875,109.125,109.140625,11812
2026-06-05T12:42:00.000Z,ZN,109.140625,109.171875,109.125,109.140625,5639
2026-06-05T12:43:00.000Z,ZN,109.140625,109.1875,109.140625,109.171875,8469
2026-06-05T12:44:00.000Z,ZN,109.1875,109.1875,109.140625,109.15625,6096
2026-06-05T12:45:00.000Z,ZN,109.140625,109.15625,109.125,109.125,14228
2026-06-05T12:46:00.000Z,ZN,109.140625,109.171875,109.125,109.171875,11519
2026-06-05T12:47:00.000Z,ZN,109.15625,109.171875,109.140625,109.15625,9323
2026-06-05T12:48:00.000Z,ZN,109.15625,109.171875,109.140625,109.140625,2468
2026-06-05T12:49:00.000Z,ZN,109.140625,109.140625,109.125,109.125,15601
2026-06-05T12:50:00.000Z,ZN,109.125,109.140625,109.109375,109.140625,4004
2026-06-05T12:51:00.000Z,ZN,109.125,109.125,109.09375,109.09375,13204
2026-06-05T12:52:00.000Z,ZN,109.09375,109.125,109.078125,109.125,8202
2026-06-05T12:53:00.000Z,ZN,109.125,109.140625,109.078125,109.09375,10294
2026-06-05T12:54:00.000Z,ZN,109.09375,109.09375,109.0625,109.09375,16844
2026-06-05T12:55:00.000Z,ZN,109.078125,109.09375,109.078125,109.078125,6115
2026-06-05T12:56:00.000Z,ZN,109.078125,109.09375,109.078125,109.078125,7606
2026-06-05T12:57:00.000Z,ZN,109.078125,109.109375,109.078125,109.109375,6267
2026-06-05T12:58:00.000Z,ZN,109.109375,109.109375,109.0625,109.09375,12241
2026-06-05T12:59:00.000Z,ZN,109.09375,109.109375,109.078125,109.09375,10316
2026-06-05T13:00:00.000Z,ZN,109.078125,109.09375,109.0625,109.078125,5567
2026-06-05T13:01:00.000Z,ZN,109.078125,109.125,109.078125,109.125,19858
2026-06-05T13:02:00.000Z,ZN,109.125,109.140625,109.109375,109.109375,10470
2026-06-05T13:03:00.000Z,ZN,109.109375,109.125,109.109375,109.125,4180
2026-06-05T13:04:00.000Z,ZN,109.109375,109.125,109.09375,109.109375,6245
2026-06-05T13:05:00.000Z,ZN,109.109375,109.125,109.109375,109.125,4133
2026-06-05T13:06:00.000Z,ZN,109.125,109.125,109.09375,109.125,7708
2026-06-05T13:07:00.000Z,ZN,109.109375,109.140625,109.109375,109.125,4584
2026-06-05T13:08:00.000Z,ZN,109.125,109.140625,109.09375,109.109375,6976
2026-06-05T13:09:00.000Z,ZN,109.125,109.140625,109.109375,109.109375,3164
2026-06-05T13:10:00.000Z,ZN,109.125,109.125,109.109375,109.125,7257
2026-06-05T13:11:00.000Z,ZN,109.125,109.125,109.109375,109.109375,2686
2026-06-05T13:12:00.000Z,ZN,109.125,109.140625,109.109375,109.140625,17653
2026-06-05T13:13:00.000Z,ZN,109.140625,109.15625,109.125,109.125,18052
2026-06-05T13:14:00.000Z,ZN,109.125,109.15625,109.125,109.140625,7694
2026-06-05T13:15:00.000Z,ZN,109.140625,109.15625,109.140625,109.140625,6227
2026-06-05T13:16:00.000Z,ZN,109.140625,109.171875,109.140625,109.15625,4701
2026-06-05T13:17:00.000Z,ZN,109.15625,109.171875,109.15625,109.15625,6636
2026-06-05T13:18:00.000Z,ZN,109.15625,109.171875,109.140625,109.171875,2862
2026-06-05T13:19:00.000Z,ZN,109.15625,109.171875,109.140625,109.140625,7641
2026-06-05T13:20:00.000Z,ZN,109.140625,109.15625,109.140625,109.15625,1451
2026-06-05T13:21:00.000Z,ZN,109.140625,109.171875,109.140625,109.15625,9658
2026-06-05T13:22:00.000Z,ZN,109.15625,109.171875,109.140625,109.140625,12582
2026-06-05T13:23:00.000Z,ZN,109.15625,109.15625,109.140625,109.15625,3356
2026-06-05T13:24:00.000Z,ZN,109.15625,109.15625,109.125,109.125,6031
2026-06-05T13:25:00.000Z,ZN,109.125,109.140625,109.125,109.125,1360
2026-06-05T13:26:00.000Z,ZN,109.125,109.140625,109.125,109.125,3890
2026-06-05T13:27:00.000Z,ZN,109.125,109.125,109.109375,109.109375,5364
2026-06-05T13:28:00.000Z,ZN,109.109375,109.125,109.109375,109.109375,1484
2026-06-05T13:29:00.000Z,ZN,109.09375,109.125,109.078125,109.109375,7739
2026-06-05T13:30:00.000Z,ZN,109.125,109.140625,109.109375,109.125,5187
2026-06-05T13:31:00.000Z,ZN,109.125,109.15625,109.109375,109.15625,5746
2026-06-05T13:32:00.000Z,ZN,109.15625,109.15625,109.125,109.140625,2299
2026-06-05T13:33:00.000Z,ZN,109.140625,109.15625,109.140625,109.140625,2414
2026-06-05T13:34:00.000Z,ZN,109.140625,109.15625,109.125,109.15625,2476
2026-06-05T13:35:00.000Z,ZN,109.140625,109.15625,109.140625,109.15625,7096
2026-06-05T13:36:00.000Z,ZN,109.15625,109.171875,109.15625,109.15625,997
2026-06-05T13:37:00.000Z,ZN,109.15625,109.171875,109.140625,109.15625,1689
2026-06-05T13:38:00.000Z,ZN,109.140625,109.15625,109.125,109.125,6647
2026-06-05T13:39:00.000Z,ZN,109.125,109.140625,109.109375,109.109375,4211
2026-06-05T13:40:00.000Z,ZN,109.109375,109.140625,109.109375,109.140625,6370
2026-06-05T13:41:00.000Z,ZN,109.140625,109.15625,109.125,109.125,1676
2026-06-05T13:42:00.000Z,ZN,109.125,109.140625,109.109375,109.125,4388
2026-06-05T13:43:00.000Z,ZN,109.125,109.140625,109.109375,109.125,3499
2026-06-05T13:44:00.000Z,ZN,109.109375,109.140625,109.109375,109.125,1877
2026-06-05T13:45:00.000Z,ZN,109.140625,109.15625,109.125,109.125,2656
2026-06-05T13:46:00.000Z,ZN,109.140625,109.140625,109.125,109.140625,953
2026-06-05T13:47:00.000Z,ZN,109.140625,109.15625,109.125,109.140625,1402
2026-06-05T13:48:00.000Z,ZN,109.125,109.140625,109.125,109.125,1039
2026-06-05T13:49:00.000Z,ZN,109.140625,109.15625,109.140625,109.15625,3876
2026-06-05T13:50:00.000Z,ZN,109.15625,109.171875,109.140625,109.15625,3908
2026-06-05T13:51:00.000Z,ZN,109.140625,109.15625,109.140625,109.140625,2528
2026-06-05T13:52:00.000Z,ZN,109.140625,109.15625,109.109375,109.125,9556
2026-06-05T13:53:00.000Z,ZN,109.125,109.15625,109.125,109.125,3145
2026-06-05T13:54:00.000Z,ZN,109.125,109.15625,109.125,109.140625,2216
2026-06-05T13:55:00.000Z,ZN,109.125,109.140625,109.125,109.125,435
2026-06-05T13:56:00.000Z,ZN,109.125,109.125,109.109375,109.125,3086
2026-06-05T13:57:00.000Z,ZN,109.109375,109.125,109.109375,109.109375,1159
2026-06-05T13:58:00.000Z,ZN,109.109375,109.109375,109.078125,109.078125,3462
2026-06-05T13:59:00.000Z,ZN,109.078125,109.09375,109.0625,109.0625,5315
2026-06-05T14:00:00.000Z,ZN,109.078125,109.078125,109.03125,109.03125,8766
2026-06-05T14:01:00.000Z,ZN,109.03125,109.0625,109.03125,109.046875,7092
2026-06-05T14:02:00.000Z,ZN,109.03125,109.140625,109.03125,109.140625,22726
2026-06-05T14:03:00.000Z,ZN,109.125,109.140625,109.09375,109.125,11866
2026-06-05T14:04:00.000Z,ZN,109.109375,109.125,109.078125,109.09375,3220
2026-06-05T14:05:00.000Z,ZN,109.09375,109.140625,109.09375,109.109375,6675
2026-06-05T14:06:00.000Z,ZN,109.09375,109.125,109.0625,109.078125,5230
2026-06-05T14:07:00.000Z,ZN,109.078125,109.09375,109.0625,109.078125,3741
2026-06-05T14:08:00.000Z,ZN,109.0625,109.078125,109.0625,109.0625,1244
2026-06-05T14:09:00.000Z,ZN,109.0625,109.09375,109.0625,109.078125,3949
2026-06-05T14:10:00.000Z,ZN,109.078125,109.109375,109.078125,109.09375,3325
2026-06-05T14:11:00.000Z,ZN,109.09375,109.109375,109.0625,109.0625,2232
2026-06-05T14:12:00.000Z,ZN,109.0625,109.09375,109.0625,109.0625,3205
2026-06-05T14:13:00.000Z,ZN,109.0625,109.09375,109.0625,109.078125,8478
2026-06-05T14:14:00.000Z,ZN,109.078125,109.109375,109.0625,109.109375,2409
2026-06-05T14:15:00.000Z,ZN,109.09375,109.125,109.09375,109.109375,5059
2026-06-05T14:16:00.000Z,ZN,109.109375,109.109375,109.09375,109.09375,1086
2026-06-05T14:17:00.000Z,ZN,109.09375,109.109375,109.078125,109.09375,5442
2026-06-05T14:18:00.000Z,ZN,109.078125,109.09375,109.0625,109.0625,1060
2026-06-05T14:19:00.000Z,ZN,109.0625,109.078125,109.0625,109.078125,1435
2026-06-05T14:20:00.000Z,ZN,109.078125,109.09375,109.046875,109.046875,3486
2026-06-05T14:21:00.000Z,ZN,109.046875,109.0625,109.03125,109.046875,6024
2026-06-05T14:22:00.000Z,ZN,109.03125,109.0625,109.015625,109.03125,4860
2026-06-05T14:23:00.000Z,ZN,109.03125,109.0625,109.03125,109.0625,4198
2026-06-05T14:24:00.000Z,ZN,109.046875,109.0625,109.046875,109.046875,479
2026-06-05T14:25:00.000Z,ZN,109.046875,109.078125,109.046875,109.046875,5385
2026-06-05T14:26:00.000Z,ZN,109.046875,109.078125,109.046875,109.078125,1225
2026-06-05T14:27:00.000Z,ZN,109.0625,109.09375,109.0625,109.078125,1630
2026-06-05T14:28:00.000Z,ZN,109.078125,109.09375,109.0625,109.078125,2361
2026-06-05T14:29:00.000Z,ZN,109.078125,109.09375,109.078125,109.078125,768
2026-06-05T14:30:00.000Z,ZN,109.078125,109.109375,109.078125,109.09375,3802
2026-06-05T14:31:00.000Z,ZN,109.09375,109.109375,109.09375,109.09375,2722
2026-06-05T14:32:00.000Z,ZN,109.109375,109.109375,109.09375,109.09375,1556
2026-06-05T14:33:00.000Z,ZN,109.078125,109.109375,109.078125,109.09375,1180
2026-06-05T14:34:00.000Z,ZN,109.09375,109.09375,109.078125,109.078125,2843
2026-06-05T14:35:00.000Z,ZN,109.078125,109.078125,109.046875,109.0625,3515
2026-06-05T14:36:00.000Z,ZN,109.046875,109.0625,109.046875,109.0625,1797
2026-06-05T14:37:00.000Z,ZN,109.0625,109.078125,109.046875,109.0625,5370
2026-06-05T14:38:00.000Z,ZN,109.0625,109.078125,109.0625,109.0625,1498
2026-06-05T14:39:00.000Z,ZN,109.0625,109.0625,109.046875,109.0625,918
2026-06-05T14:40:00.000Z,ZN,109.0625,109.0625,109.03125,109.046875,3599
2026-06-05T14:41:00.000Z,ZN,109.03125,109.046875,109.015625,109.015625,3358
2026-06-05T14:42:00.000Z,ZN,109.03125,109.046875,109.015625,109.03125,6212
2026-06-05T14:43:00.000Z,ZN,109.03125,109.046875,109.03125,109.03125,1931
2026-06-05T14:44:00.000Z,ZN,109.03125,109.046875,109.015625,109.03125,3574
2026-06-05T14:45:00.000Z,ZN,109.046875,109.0625,109.046875,109.046875,4750
2026-06-05T14:46:00.000Z,ZN,109.046875,109.078125,109.03125,109.0625,2405
2026-06-05T14:47:00.000Z,ZN,109.0625,109.078125,109.046875,109.078125,3041
2026-06-05T14:48:00.000Z,ZN,109.0625,109.109375,109.0625,109.109375,7610
2026-06-05T14:49:00.000Z,ZN,109.09375,109.109375,109.09375,109.09375,3827
2026-06-05T14:50:00.000Z,ZN,109.109375,109.109375,109.09375,109.09375,313
2026-06-05T14:51:00.000Z,ZN,109.109375,109.125,109.078125,109.109375,3407
2026-06-05T14:52:00.000Z,ZN,109.109375,109.109375,109.09375,109.109375,88
2026-06-05T14:53:00.000Z,ZN,109.09375,109.109375,109.078125,109.078125,2684
2026-06-05T14:54:00.000Z,ZN,109.078125,109.109375,109.078125,109.078125,5131
2026-06-05T14:55:00.000Z,ZN,109.078125,109.109375,109.078125,109.09375,2473
2026-06-05T14:56:00.000Z,ZN,109.09375,109.109375,109.078125,109.078125,840
2026-06-05T14:57:00.000Z,ZN,109.078125,109.109375,109.078125,109.078125,2073
2026-06-05T14:58:00.000Z,ZN,109.078125,109.09375,109.078125,109.078125,163
2026-06-05T14:59:00.000Z,ZN,109.078125,109.109375,109.078125,109.09375,3830
2026-06-05T15:00:00.000Z,ZN,109.09375,109.125,109.09375,109.109375,3331
2026-06-05T15:01:00.000Z,ZN,109.09375,109.109375,109.078125,109.09375,3724
2026-06-05T15:02:00.000Z,ZN,109.09375,109.125,109.09375,109.109375,5482
2026-06-05T15:03:00.000Z,ZN,109.109375,109.125,109.09375,109.09375,2192
2026-06-05T15:04:00.000Z,ZN,109.09375,109.109375,109.09375,109.09375,1838
2026-06-05T15:05:00.000Z,ZN,109.09375,109.109375,109.078125,109.078125,5617
2026-06-05T15:06:00.000Z,ZN,109.078125,109.109375,109.078125,109.09375,2183
2026-06-05T15:07:00.000Z,ZN,109.09375,109.109375,109.078125,109.09375,2708
2026-06-05T15:08:00.000Z,ZN,109.09375,109.09375,109.09375,109.09375,342
2026-06-05T15:09:00.000Z,ZN,109.09375,109.109375,109.078125,109.09375,3107
2026-06-05T15:10:00.000Z,ZN,109.078125,109.09375,109.078125,109.078125,3788
2026-06-05T15:11:00.000Z,ZN,109.0625,109.09375,109.0625,109.09375,4192
2026-06-05T15:12:00.000Z,ZN,109.09375,109.109375,109.09375,109.109375,2548
2026-06-05T15:13:00.000Z,ZN,109.09375,109.109375,109.078125,109.109375,1586
2026-06-05T15:14:00.000Z,ZN,109.09375,109.09375,109.078125,109.078125,2017
2026-06-05T15:15:00.000Z,ZN,109.078125,109.09375,109.078125,109.078125,1008
2026-06-05T15:16:00.000Z,ZN,109.078125,109.09375,109.0625,109.0625,516
2026-06-05T15:17:00.000Z,ZN,109.0625,109.078125,109.0625,109.0625,633
2026-06-05T15:18:00.000Z,ZN,109.0625,109.0625,109.046875,109.046875,3093
2026-06-05T15:19:00.000Z,ZN,109.046875,109.078125,109.046875,109.078125,4112
2026-06-05T15:20:00.000Z,ZN,109.0625,109.0625,109.046875,109.046875,785
2026-06-05T15:21:00.000Z,ZN,109.046875,109.078125,109.046875,109.0625,2454
2026-06-05T15:22:00.000Z,ZN,109.0625,109.0625,109.046875,109.0625,2681
2026-06-05T15:23:00.000Z,ZN,109.0625,109.09375,109.046875,109.078125,10318
2026-06-05T15:24:00.000Z,ZN,109.078125,109.078125,109.0625,109.0625,629
2026-06-05T15:25:00.000Z,ZN,109.0625,109.09375,109.0625,109.078125,4818
2026-06-05T15:26:00.000Z,ZN,109.0625,109.09375,109.0625,109.09375,1781
2026-06-05T15:27:00.000Z,ZN,109.078125,109.09375,109.0625,109.078125,4822
2026-06-05T15:28:00.000Z,ZN,109.0625,109.078125,109.0625,109.078125,742
2026-06-05T15:29:00.000Z,ZN,109.0625,109.078125,109.0625,109.078125,2787
2026-06-05T15:30:00.000Z,ZN,109.078125,109.109375,109.078125,109.109375,2189
2026-06-05T15:31:00.000Z,ZN,109.109375,109.109375,109.09375,109.09375,2794
2026-06-05T15:32:00.000Z,ZN,109.078125,109.09375,109.078125,109.09375,199
2026-06-05T15:33:00.000Z,ZN,109.09375,109.09375,109.078125,109.078125,471
2026-06-05T15:34:00.000Z,ZN,109.09375,109.09375,109.078125,109.09375,689
2026-06-05T15:35:00.000Z,ZN,109.09375,109.09375,109.078125,109.09375,461
2026-06-05T15:36:00.000Z,ZN,109.09375,109.09375,109.078125,109.09375,470
2026-06-05T15:37:00.000Z,ZN,109.09375,109.09375,109.078125,109.078125,525
2026-06-05T15:38:00.000Z,ZN,109.078125,109.09375,109.046875,109.0625,7535
2026-06-05T15:39:00.000Z,ZN,109.0625,109.0625,109.046875,109.0625,3449
2026-06-05T15:40:00.000Z,ZN,109.0625,109.0625,109.046875,109.0625,1453
2026-06-05T15:41:00.000Z,ZN,109.0625,109.078125,109.046875,109.0625,3753
2026-06-05T15:42:00.000Z,ZN,109.078125,109.078125,109.0625,109.0625,22
2026-06-05T15:43:00.000Z,ZN,109.078125,109.078125,109.0625,109.078125,277
2026-06-05T15:44:00.000Z,ZN,109.0625,109.09375,109.0625,109.09375,912
2026-06-05T15:45:00.000Z,ZN,109.09375,109.09375,109.078125,109.09375,37
2026-06-05T15:46:00.000Z,ZN,109.078125,109.09375,109.078125,109.09375,289
2026-06-05T15:47:00.000Z,ZN,109.09375,109.09375,109.0625,109.078125,1215
2026-06-05T15:48:00.000Z,ZN,109.078125,109.078125,109.0625,109.0625,3579
2026-06-05T15:49:00.000Z,ZN,109.0625,109.078125,109.0625,109.0625,56
2026-06-05T15:50:00.000Z,ZN,109.0625,109.078125,109.0625,109.0625,94
2026-06-05T15:51:00.000Z,ZN,109.0625,109.078125,109.0625,109.0625,66
2026-06-05T15:52:00.000Z,ZN,109.078125,109.078125,109.0625,109.078125,54
2026-06-05T15:53:00.000Z,ZN,109.0625,109.078125,109.0625,109.0625,2640
2026-06-05T15:54:00.000Z,ZN,109.0625,109.078125,109.0625,109.0625,99
2026-06-05T15:55:00.000Z,ZN,109.0625,109.078125,109.0625,109.0625,194
2026-06-05T15:56:00.000Z,ZN,109.0625,109.078125,109.0625,109.0625,172
2026-06-05T15:57:00.000Z,ZN,109.078125,109.078125,109.046875,109.0625,2963
2026-06-05T15:58:00.000Z,ZN,109.0625,109.078125,109.0625,109.0625,2608
2026-06-05T15:59:00.000Z,ZN,109.0625,109.078125,109.0625,109.0625,461
2026-06-05T16:00:00.000Z,ZN,109.0625,109.0625,109.046875,109.046875,2389
2026-06-05T16:01:00.000Z,ZN,109.046875,109.0625,109.046875,109.0625,2233
2026-06-05T16:02:00.000Z,ZN,109.0625,109.078125,109.0625,109.0625,2241
2026-06-05T16:03:00.000Z,ZN,109.0625,109.078125,109.0625,109.078125,2963
2026-06-05T16:04:00.000Z,ZN,109.0625,109.078125,109.0625,109.078125,2318
2026-06-05T16:05:00.000Z,ZN,109.0625,109.078125,109.0625,109.0625,5445
2026-06-05T16:06:00.000Z,ZN,109.0625,109.078125,109.0625,109.078125,236
2026-06-05T16:07:00.000Z,ZN,109.0625,109.0625,109.046875,109.046875,3958
2026-06-05T16:08:00.000Z,ZN,109.046875,109.0625,109.03125,109.046875,9395
2026-06-05T16:09:00.000Z,ZN,109.03125,109.046875,109.015625,109.015625,5083
2026-06-05T16:10:00.000Z,ZN,109.015625,109.046875,109.015625,109.03125,3846
2026-06-05T16:11:00.000Z,ZN,109.03125,109.046875,109.03125,109.046875,15
2026-06-05T16:12:00.000Z,ZN,109.03125,109.03125,109.03125,109.03125,32
2026-06-05T16:13:00.000Z,ZN,109.03125,109.0625,109.03125,109.046875,2382
2026-06-05T16:14:00.000Z,ZN,109.046875,109.0625,109.046875,109.046875,455
2026-06-05T16:15:00.000Z,ZN,109.03125,109.046875,109.015625,109.015625,2462
2026-06-05T16:16:00.000Z,ZN,109.015625,109.015625,109.0,109.0,4842
2026-06-05T16:17:00.000Z,ZN,109.0,109.015625,108.984375,109.0,10530
2026-06-05T16:18:00.000Z,ZN,108.984375,109.0,108.984375,109.0,1974
2026-06-05T16:19:00.000Z,ZN,109.0,109.015625,108.984375,109.015625,4319
2026-06-05T16:20:00.000Z,ZN,109.0,109.015625,109.0,109.015625,927
2026-06-05T16:21:00.000Z,ZN,109.0,109.015625,109.0,109.0,296
2026-06-05T16:22:00.000Z,ZN,109.0,109.015625,109.0,109.0,855
2026-06-05T16:23:00.000Z,ZN,109.0,109.03125,109.0,109.03125,3704
2026-06-05T16:24:00.000Z,ZN,109.015625,109.046875,109.015625,109.046875,1270
2026-06-05T16:25:00.000Z,ZN,109.03125,109.0625,109.03125,109.046875,2376
2026-06-05T16:26:00.000Z,ZN,109.046875,109.078125,109.046875,109.0625,2401
2026-06-05T16:27:00.000Z,ZN,109.0625,109.078125,109.046875,109.046875,1773
2026-06-05T16:28:00.000Z,ZN,109.046875,109.0625,109.046875,109.046875,1795
2026-06-05T16:29:00.000Z,ZN,109.046875,109.0625,109.046875,109.046875,3414
2026-06-05T16:30:00.000Z,ZN,109.046875,109.046875,109.03125,109.046875,2704
2026-06-05T16:31:00.000Z,ZN,109.046875,109.046875,109.03125,109.03125,480
2026-06-05T16:32:00.000Z,ZN,109.046875,109.046875,109.03125,109.03125,398
2026-06-05T16:33:00.000Z,ZN,109.03125,109.046875,109.03125,109.03125,25
2026-06-05T16:34:00.000Z,ZN,109.03125,109.0625,109.03125,109.046875,3059
2026-06-05T16:35:00.000Z,ZN,109.046875,109.0625,109.046875,109.0625,2365
2026-06-05T16:36:00.000Z,ZN,109.0625,109.0625,109.03125,109.046875,1611
2026-06-05T16:37:00.000Z,ZN,109.046875,109.0625,109.046875,109.046875,252
2026-06-05T16:38:00.000Z,ZN,109.046875,109.0625,109.046875,109.046875,745
2026-06-05T16:39:00.000Z,ZN,109.046875,109.09375,109.046875,109.078125,5911
2026-06-05T16:40:00.000Z,ZN,109.078125,109.078125,109.0625,109.078125,6705
2026-06-05T16:41:00.000Z,ZN,109.0625,109.078125,109.0625,109.0625,470
2026-06-05T16:42:00.000Z,ZN,109.0625,109.078125,109.0625,109.078125,2544
2026-06-05T16:43:00.000Z,ZN,109.078125,109.078125,109.078125,109.078125,1317
2026-06-05T16:44:00.000Z,ZN,109.078125,109.09375,109.078125,109.09375,1628
2026-06-05T16:45:00.000Z,ZN,109.09375,109.109375,109.09375,109.109375,950
2026-06-05T16:46:00.000Z,ZN,109.109375,109.125,109.09375,109.109375,2452
2026-06-05T16:47:00.000Z,ZN,109.125,109.140625,109.109375,109.140625,2825
2026-06-05T16:48:00.000Z,ZN,109.140625,109.15625,109.140625,109.140625,7708
2026-06-05T16:49:00.000Z,ZN,109.140625,109.15625,109.140625,109.15625,2634
2026-06-05T16:50:00.000Z,ZN,109.15625,109.15625,109.125,109.125,4514
2026-06-05T16:51:00.000Z,ZN,109.125,109.15625,109.125,109.140625,1932
2026-06-05T16:52:00.000Z,ZN,109.140625,109.15625,109.140625,109.140625,1523
2026-06-05T16:53:00.000Z,ZN,109.140625,109.15625,109.125,109.15625,1681
2026-06-05T16:54:00.000Z,ZN,109.140625,109.15625,109.140625,109.15625,141
2026-06-05T16:55:00.000Z,ZN,109.15625,109.171875,109.15625,109.15625,7319
2026-06-05T16:56:00.000Z,ZN,109.171875,109.171875,109.15625,109.15625,4130
2026-06-05T16:57:00.000Z,ZN,109.15625,109.171875,109.15625,109.171875,3895
2026-06-05T16:58:00.000Z,ZN,109.1875,109.1875,109.15625,109.171875,1069
2026-06-05T16:59:00.000Z,ZN,109.171875,109.171875,109.15625,109.15625,934
2026-06-05T17:00:00.000Z,ZN,109.15625,109.15625,109.140625,109.140625,2826
2026-06-05T17:01:00.000Z,ZN,109.140625,109.15625,109.140625,109.15625,1158
2026-06-05T17:02:00.000Z,ZN,109.140625,109.171875,109.140625,109.140625,4609
2026-06-05T17:03:00.000Z,ZN,109.140625,109.15625,109.140625,109.15625,2999
2026-06-05T17:04:00.000Z,ZN,109.140625,109.15625,109.140625,109.15625,140
2026-06-05T17:05:00.000Z,ZN,109.140625,109.15625,109.140625,109.15625,5435
2026-06-05T17:06:00.000Z,ZN,109.15625,109.171875,109.140625,109.15625,1179
2026-06-05T17:07:00.000Z,ZN,109.140625,109.15625,109.140625,109.15625,122
2026-06-05T17:08:00.000Z,ZN,109.140625,109.171875,109.140625,109.15625,3204
2026-06-05T17:09:00.000Z,ZN,109.15625,109.15625,109.140625,109.140625,625
2026-06-05T17:10:00.000Z,ZN,109.140625,109.15625,109.140625,109.140625,1437
2026-06-05T17:11:00.000Z,ZN,109.140625,109.15625,109.125,109.140625,5746
2026-06-05T17:12:00.000Z,ZN,109.125,109.140625,109.125,109.125,2282
2026-06-05T17:13:00.000Z,ZN,109.125,109.140625,109.125,109.125,1796
2026-06-05T17:14:00.000Z,ZN,109.125,109.140625,109.125,109.140625,121
2026-06-05T17:15:00.000Z,ZN,109.125,109.140625,109.109375,109.109375,4377
2026-06-05T17:16:00.000Z,ZN,109.109375,109.125,109.09375,109.109375,3741
2026-06-05T17:17:00.000Z,ZN,109.109375,109.125,109.109375,109.109375,8
2026-06-05T17:18:00.000Z,ZN,109.109375,109.125,109.09375,109.09375,2176
2026-06-05T17:19:00.000Z,ZN,109.09375,109.109375,109.09375,109.109375,1021
2026-06-05T17:20:00.000Z,ZN,109.109375,109.109375,109.09375,109.109375,2487
2026-06-05T17:21:00.000Z,ZN,109.109375,109.125,109.09375,109.09375,1642
2026-06-05T17:22:00.000Z,ZN,109.09375,109.109375,109.09375,109.09375,10
2026-06-05T17:23:00.000Z,ZN,109.09375,109.109375,109.078125,109.078125,2326
2026-06-05T17:24:00.000Z,ZN,109.078125,109.09375,109.0625,109.078125,7191
2026-06-05T17:25:00.000Z,ZN,109.078125,109.09375,109.078125,109.078125,3864
2026-06-05T17:26:00.000Z,ZN,109.078125,109.09375,109.0625,109.078125,2903
2026-06-05T17:27:00.000Z,ZN,109.078125,109.09375,109.046875,109.0625,4994
2026-06-05T17:28:00.000Z,ZN,109.0625,109.0625,109.046875,109.0625,3422
2026-06-05T17:29:00.000Z,ZN,109.0625,109.078125,109.0625,109.0625,152
2026-06-05T17:30:00.000Z,ZN,109.0625,109.078125,109.0625,109.0625,618
2026-06-05T17:31:00.000Z,ZN,109.078125,109.078125,109.0625,109.078125,159
2026-06-05T17:32:00.000Z,ZN,109.078125,109.078125,109.0625,109.078125,12
2026-06-05T17:33:00.000Z,ZN,109.0625,109.078125,109.0625,109.0625,823
2026-06-05T17:34:00.000Z,ZN,109.0625,109.078125,109.046875,109.0625,9463
2026-06-05T17:35:00.000Z,ZN,109.078125,109.078125,109.078125,109.078125,6
2026-06-05T17:36:00.000Z,ZN,109.0625,109.0625,109.046875,109.0625,1682
2026-06-05T17:37:00.000Z,ZN,109.0625,109.0625,109.046875,109.0625,93
2026-06-05T17:38:00.000Z,ZN,109.0625,109.078125,109.0625,109.0625,5116
2026-06-05T17:39:00.000Z,ZN,109.0625,109.078125,109.0625,109.078125,1563
2026-06-05T17:40:00.000Z,ZN,109.09375,109.09375,109.078125,109.078125,3773
2026-06-05T17:41:00.000Z,ZN,109.078125,109.078125,109.0625,109.0625,2623
2026-06-05T17:42:00.000Z,ZN,109.0625,109.0625,109.0625,109.0625,4140
2026-06-05T17:43:00.000Z,ZN,109.0625,109.0625,109.0625,109.0625,2454
2026-06-05T17:44:00.000Z,ZN,109.046875,109.0625,109.046875,109.0625,1742
2026-06-05T17:45:00.000Z,ZN,109.078125,109.078125,109.0625,109.0625,15
2026-06-05T17:46:00.000Z,ZN,109.0625,109.078125,109.03125,109.046875,3170
2026-06-05T17:47:00.000Z,ZN,109.03125,109.046875,109.03125,109.03125,866
2026-06-05T17:48:00.000Z,ZN,109.03125,109.046875,109.03125,109.03125,1919
2026-06-05T17:49:00.000Z,ZN,109.03125,109.046875,109.015625,109.03125,10693
2026-06-05T17:50:00.000Z,ZN,109.03125,109.046875,109.03125,109.03125,1624
2026-06-05T17:51:00.000Z,ZN,109.046875,109.046875,109.03125,109.046875,689
2026-06-05T17:52:00.000Z,ZN,109.03125,109.03125,109.03125,109.03125,4227
2026-06-05T17:53:00.000Z,ZN,109.03125,109.03125,109.015625,109.03125,3030
2026-06-05T17:54:00.000Z,ZN,109.03125,109.03125,109.03125,109.03125,638
2026-06-05T17:55:00.000Z,ZN,109.03125,109.046875,109.03125,109.03125,1935
2026-06-05T17:56:00.000Z,ZN,109.03125,109.046875,109.03125,109.03125,3592
2026-06-05T17:57:00.000Z,ZN,109.03125,109.03125,109.015625,109.015625,1966
2026-06-05T17:58:00.000Z,ZN,109.015625,109.046875,109.015625,109.03125,293
2026-06-05T17:59:00.000Z,ZN,109.03125,109.046875,109.03125,109.03125,3075
2026-06-05T18:00:00.000Z,ZN,109.03125,109.046875,109.03125,109.046875,227
2026-06-05T18:01:00.000Z,ZN,109.03125,109.046875,109.03125,109.046875,165
2026-06-05T18:02:00.000Z,ZN,109.03125,109.046875,109.03125,109.046875,96
2026-06-05T18:03:00.000Z,ZN,109.03125,109.046875,109.015625,109.015625,4247
2026-06-05T18:04:00.000Z,ZN,109.015625,109.03125,109.0,109.0,2843
2026-06-05T18:05:00.000Z,ZN,109.0,109.0,108.984375,108.984375,2152
2026-06-05T18:06:00.000Z,ZN,108.984375,109.0,108.96875,108.96875,5296
2026-06-05T18:07:00.000Z,ZN,108.96875,109.0,108.96875,108.984375,1493
2026-06-05T18:08:00.000Z,ZN,108.984375,108.984375,108.96875,108.96875,944
2026-06-05T18:09:00.000Z,ZN,108.96875,109.0,108.96875,109.0,6710
2026-06-05T18:10:00.000Z,ZN,108.984375,109.0,108.984375,109.0,358
2026-06-05T18:11:00.000Z,ZN,109.0,109.0,108.96875,108.96875,1378
2026-06-05T18:12:00.000Z,ZN,108.96875,108.984375,108.96875,108.984375,922
2026-06-05T18:13:00.000Z,ZN,108.984375,109.015625,108.984375,109.015625,15778
2026-06-05T18:14:00.000Z,ZN,109.0,109.015625,109.0,109.0,154
2026-06-05T18:15:00.000Z,ZN,109.0,109.0,109.0,109.0,338
2026-06-05T18:16:00.000Z,ZN,109.0,109.03125,109.0,109.015625,3308
2026-06-05T18:17:00.000Z,ZN,109.015625,109.03125,109.015625,109.015625,51
2026-06-05T18:18:00.000Z,ZN,109.015625,109.03125,109.015625,109.015625,43
2026-06-05T18:19:00.000Z,ZN,109.015625,109.03125,109.015625,109.03125,7217
2026-06-05T18:20:00.000Z,ZN,109.03125,109.0625,109.03125,109.0625,3051
2026-06-05T18:21:00.000Z,ZN,109.046875,109.0625,109.046875,109.046875,3753
2026-06-05T18:22:00.000Z,ZN,109.046875,109.0625,109.046875,109.0625,85
2026-06-05T18:23:00.000Z,ZN,109.046875,109.0625,109.046875,109.046875,59
2026-06-05T18:24:00.000Z,ZN,109.046875,109.0625,109.046875,109.0625,2686
2026-06-05T18:25:00.000Z,ZN,109.0625,109.0625,109.046875,109.0625,254
2026-06-05T18:26:00.000Z,ZN,109.046875,109.0625,109.046875,109.0625,307
2026-06-05T18:27:00.000Z,ZN,109.0625,109.0625,109.046875,109.046875,3064
2026-06-05T18:28:00.000Z,ZN,109.046875,109.0625,109.046875,109.0625,3220
2026-06-05T18:29:00.000Z,ZN,109.046875,109.046875,109.046875,109.046875,629
2026-06-05T18:30:00.000Z,ZN,109.0625,109.0625,109.046875,109.0625,1284
2026-06-05T18:31:00.000Z,ZN,109.046875,109.0625,109.046875,109.046875,170
2026-06-05T18:32:00.000Z,ZN,109.046875,109.0625,109.046875,109.0625,449
2026-06-05T18:33:00.000Z,ZN,109.046875,109.0625,109.046875,109.046875,53
2026-06-05T18:34:00.000Z,ZN,109.046875,109.0625,109.046875,109.0625,663
2026-06-05T18:35:00.000Z,ZN,109.078125,109.078125,109.0625,109.0625,1439
2026-06-05T18:36:00.000Z,ZN,109.0625,109.0625,109.0625,109.0625,8
2026-06-05T18:37:00.000Z,ZN,109.0625,109.0625,109.046875,109.0625,1028
2026-06-05T18:38:00.000Z,ZN,109.0625,109.0625,109.046875,109.0625,1301
2026-06-05T18:39:00.000Z,ZN,109.0625,109.0625,109.046875,109.046875,1224
2026-06-05T18:40:00.000Z,ZN,109.0625,109.0625,109.046875,109.046875,173
2026-06-05T18:41:00.000Z,ZN,109.046875,109.0625,109.046875,109.0625,23
2026-06-05T18:42:00.000Z,ZN,109.0625,109.0625,109.03125,109.046875,1976
2026-06-05T18:43:00.000Z,ZN,109.046875,109.046875,109.03125,109.046875,15
2026-06-05T18:44:00.000Z,ZN,109.03125,109.046875,109.03125,109.03125,51
2026-06-05T18:45:00.000Z,ZN,109.03125,109.046875,109.03125,109.03125,463
2026-06-05T18:46:00.000Z,ZN,109.046875,109.0625,109.03125,109.046875,1298
2026-06-05T18:47:00.000Z,ZN,109.046875,109.0625,109.046875,109.046875,2136
2026-06-05T18:48:00.000Z,ZN,109.0625,109.078125,109.046875,109.0625,654
2026-06-05T18:49:00.000Z,ZN,109.0625,109.078125,109.0625,109.0625,536
2026-06-05T18:50:00.000Z,ZN,109.0625,109.0625,109.046875,109.0625,1712
2026-06-05T18:51:00.000Z,ZN,109.0625,109.078125,109.046875,109.0625,4615
2026-06-05T18:52:00.000Z,ZN,109.0625,109.078125,109.0625,109.078125,3319
2026-06-05T18:53:00.000Z,ZN,109.078125,109.09375,109.078125,109.078125,536
2026-06-05T18:54:00.000Z,ZN,109.09375,109.09375,109.078125,109.09375,118
2026-06-05T18:55:00.000Z,ZN,109.09375,109.09375,109.0625,109.078125,6405
2026-06-05T18:56:00.000Z,ZN,109.0625,109.125,109.0625,109.109375,27523
2026-06-05T18:57:00.000Z,ZN,109.09375,109.09375,109.046875,109.0625,12361
2026-06-05T18:58:00.000Z,ZN,109.0625,109.09375,109.046875,109.078125,7045
2026-06-05T18:59:00.000Z,ZN,109.0625,109.109375,109.0625,109.078125,22300
2026-06-05T19:00:00.000Z,ZN,109.09375,109.109375,109.078125,109.09375,10001
2026-06-05T19:01:00.000Z,ZN,109.078125,109.09375,109.0625,109.078125,4752
2026-06-05T19:02:00.000Z,ZN,109.078125,109.09375,109.0625,109.078125,2432
2026-06-05T19:03:00.000Z,ZN,109.0625,109.09375,109.0625,109.078125,5300
2026-06-05T19:04:00.000Z,ZN,109.09375,109.09375,109.078125,109.078125,1117
2026-06-05T19:05:00.000Z,ZN,109.078125,109.09375,109.078125,109.078125,19
2026-06-05T19:06:00.000Z,ZN,109.078125,109.09375,109.015625,109.03125,22932
2026-06-05T19:07:00.000Z,ZN,109.03125,109.046875,109.015625,109.015625,4008
2026-06-05T19:08:00.000Z,ZN,109.03125,109.03125,109.015625,109.015625,126
2026-06-05T19:09:00.000Z,ZN,109.015625,109.046875,109.015625,109.03125,3190
2026-06-05T19:10:00.000Z,ZN,109.046875,109.046875,109.046875,109.046875,356
2026-06-05T19:11:00.000Z,ZN,109.03125,109.046875,109.03125,109.046875,374
2026-06-05T19:12:00.000Z,ZN,109.03125,109.03125,109.015625,109.015625,2925
2026-06-05T19:13:00.000Z,ZN,109.03125,109.03125,109.03125,109.03125,2319
2026-06-05T19:14:00.000Z,ZN,109.03125,109.03125,109.03125,109.03125,801
2026-06-05T19:15:00.000Z,ZN,109.03125,109.046875,109.03125,109.046875,11
2026-06-05T19:16:00.000Z,ZN,109.046875,109.046875,109.03125,109.046875,27
2026-06-05T19:17:00.000Z,ZN,109.046875,109.046875,109.046875,109.046875,115
2026-06-05T19:18:00.000Z,ZN,109.046875,109.046875,109.046875,109.046875,1419
2026-06-05T19:19:00.000Z,ZN,109.046875,109.0625,109.046875,109.046875,154
2026-06-05T19:20:00.000Z,ZN,109.0625,109.0625,109.046875,109.046875,240
2026-06-05T19:21:00.000Z,ZN,109.046875,109.046875,109.046875,109.046875,2242
2026-06-05T19:22:00.000Z,ZN,109.046875,109.078125,109.03125,109.0625,21652
2026-06-05T19:23:00.000Z,ZN,109.046875,109.046875,109.046875,109.046875,207
2026-06-05T19:25:00.000Z,ZN,109.0625,109.078125,109.046875,109.0625,4892
2026-06-05T19:26:00.000Z,ZN,109.046875,109.0625,109.046875,109.046875,18
2026-06-05T19:27:00.000Z,ZN,109.0625,109.0625,109.046875,109.046875,2127
2026-06-05T19:28:00.000Z,ZN,109.046875,109.0625,109.046875,109.0625,121
2026-06-05T19:29:00.000Z,ZN,109.046875,109.046875,109.03125,109.046875,3641
2026-06-05T19:30:00.000Z,ZN,109.046875,109.0625,109.046875,109.0625,1005
2026-06-05T19:31:00.000Z,ZN,109.046875,109.0625,109.046875,109.046875,165
2026-06-05T19:32:00.000Z,ZN,109.0625,109.0625,109.046875,109.0625,112
2026-06-05T19:33:00.000Z,ZN,109.0625,109.078125,109.0625,109.0625,2808
2026-06-05T19:34:00.000Z,ZN,109.0625,109.0625,109.046875,109.0625,1224
2026-06-05T19:35:00.000Z,ZN,109.046875,109.0625,109.046875,109.046875,1969
2026-06-05T19:36:00.000Z,ZN,109.046875,109.0625,109.03125,109.046875,3007
2026-06-05T19:37:00.000Z,ZN,109.046875,109.0625,109.046875,109.046875,511
2026-06-05T19:38:00.000Z,ZN,109.046875,109.0625,109.046875,109.0625,1270
2026-06-05T19:39:00.000Z,ZN,109.0625,109.0625,109.046875,109.0625,192
2026-06-05T19:40:00.000Z,ZN,109.0625,109.0625,109.03125,109.03125,3371
2026-06-05T19:41:00.000Z,ZN,109.03125,109.046875,109.03125,109.03125,184
2026-06-05T19:42:00.000Z,ZN,109.03125,109.046875,109.03125,109.046875,23
2026-06-05T19:43:00.000Z,ZN,109.046875,109.046875,109.03125,109.046875,27
2026-06-05T19:44:00.000Z,ZN,109.03125,109.0625,109.03125,109.046875,7610
2026-06-05T19:45:00.000Z,ZN,109.046875,109.046875,109.03125,109.046875,1530
2026-06-05T19:46:00.000Z,ZN,109.03125,109.03125,109.03125,109.03125,48
2026-06-05T19:47:00.000Z,ZN,109.03125,109.046875,109.015625,109.03125,2101
2026-06-05T19:48:00.000Z,ZN,109.03125,109.03125,109.015625,109.015625,3637
2026-06-05T19:49:00.000Z,ZN,109.015625,109.03125,109.015625,109.015625,61
2026-06-05T19:50:00.000Z,ZN,109.03125,109.046875,109.015625,109.046875,2620
2026-06-05T19:51:00.000Z,ZN,109.03125,109.046875,109.03125,109.046875,385
2026-06-05T19:52:00.000Z,ZN,109.03125,109.046875,109.03125,109.046875,850
2026-06-05T19:53:00.000Z,ZN,109.03125,109.046875,109.03125,109.03125,106
2026-06-05T19:54:00.000Z,ZN,109.046875,109.046875,109.03125,109.03125,2580
2026-06-05T19:55:00.000Z,ZN,109.03125,109.046875,109.03125,109.03125,3727
2026-06-05T19:56:00.000Z,ZN,109.03125,109.046875,109.03125,109.046875,243
2026-06-05T19:57:00.000Z,ZN,109.03125,109.046875,109.015625,109.03125,4416
2026-06-05T19:58:00.000Z,ZN,109.03125,109.046875,109.03125,109.03125,189
2026-06-05T19:59:00.000Z,ZN,109.046875,109.0625,109.03125,109.046875,6806
2026-06-05T20:00:00.000Z,ZN,109.0625,109.0625,109.03125,109.03125,17970
2026-06-05T20:01:00.000Z,ZN,109.046875,109.046875,109.03125,109.046875,2048
2026-06-05T20:02:00.000Z,ZN,109.046875,109.046875,109.03125,109.046875,3500
2026-06-05T20:03:00.000Z,ZN,109.046875,109.0625,109.046875,109.0625,667
2026-06-05T20:04:00.000Z,ZN,109.0625,109.0625,109.046875,109.0625,15
2026-06-05T20:05:00.000Z,ZN,109.046875,109.0625,109.046875,109.046875,134
2026-06-05T20:06:00.000Z,ZN,109.046875,109.046875,109.03125,109.03125,3268
2026-06-05T20:07:00.000Z,ZN,109.046875,109.046875,109.046875,109.046875,763
2026-06-05T20:08:00.000Z,ZN,109.046875,109.046875,109.046875,109.046875,1257
2026-06-05T20:09:00.000Z,ZN,109.046875,109.0625,109.046875,109.0625,89
2026-06-05T20:10:00.000Z,ZN,109.046875,109.078125,109.046875,109.0625,1765
2026-06-05T20:11:00.000Z,ZN,109.0625,109.078125,109.046875,109.046875,4608
2026-06-05T20:12:00.000Z,ZN,109.046875,109.0625,109.046875,109.046875,187
2026-06-05T20:13:00.000Z,ZN,109.0625,109.0625,109.046875,109.046875,1144
2026-06-05T20:14:00.000Z,ZN,109.046875,109.0625,109.046875,109.046875,134
2026-06-05T20:15:00.000Z,ZN,109.046875,109.0625,109.046875,109.0625,19
2026-06-05T20:16:00.000Z,ZN,109.0625,109.0625,109.0625,109.0625,99
2026-06-05T20:17:00.000Z,ZN,109.046875,109.078125,109.046875,109.078125,2519
2026-06-05T20:18:00.000Z,ZN,109.0625,109.078125,109.0625,109.0625,4427
2026-06-05T20:19:00.000Z,ZN,109.078125,109.078125,109.0625,109.078125,20
2026-06-05T20:20:00.000Z,ZN,109.078125,109.078125,109.078125,109.078125,1888
2026-06-05T20:21:00.000Z,ZN,109.078125,109.09375,109.078125,109.09375,2556
2026-06-05T20:22:00.000Z,ZN,109.109375,109.109375,109.078125,109.078125,1305
2026-06-05T20:23:00.000Z,ZN,109.078125,109.078125,109.078125,109.078125,191
2026-06-05T20:24:00.000Z,ZN,109.078125,109.09375,109.078125,109.078125,3399
2026-06-05T20:25:00.000Z,ZN,109.078125,109.09375,109.078125,109.09375,592
2026-06-05T20:26:00.000Z,ZN,109.09375,109.09375,109.078125,109.078125,197
2026-06-05T20:27:00.000Z,ZN,109.078125,109.09375,109.078125,109.09375,559
2026-06-05T20:28:00.000Z,ZN,109.078125,109.078125,109.078125,109.078125,148
2026-06-05T20:29:00.000Z,ZN,109.09375,109.09375,109.078125,109.09375,126
2026-06-05T20:30:00.000Z,ZN,109.09375,109.109375,109.09375,109.09375,3367
2026-06-05T20:31:00.000Z,ZN,109.109375,109.109375,109.09375,109.09375,187
2026-06-05T20:32:00.000Z,ZN,109.109375,109.140625,109.09375,109.125,10693
2026-06-05T20:33:00.000Z,ZN,109.125,109.125,109.109375,109.125,481
2026-06-05T20:34:00.000Z,ZN,109.125,109.125,109.109375,109.125,3318
2026-06-05T20:35:00.000Z,ZN,109.125,109.140625,109.125,109.125,4529
2026-06-05T20:36:00.000Z,ZN,109.125,109.125,109.109375,109.109375,282
2026-06-05T20:37:00.000Z,ZN,109.125,109.125,109.125,109.125,19
2026-06-05T20:38:00.000Z,ZN,109.125,109.125,109.109375,109.109375,432
2026-06-05T20:39:00.000Z,ZN,109.125,109.125,109.109375,109.109375,447
2026-06-05T20:40:00.000Z,ZN,109.109375,109.109375,109.109375,109.109375,119
2026-06-05T20:41:00.000Z,ZN,109.125,109.125,109.109375,109.125,3527
2026-06-05T20:42:00.000Z,ZN,109.125,109.140625,109.125,109.125,509
2026-06-05T20:43:00.000Z,ZN,109.140625,109.140625,109.140625,109.140625,303
2026-06-05T20:44:00.000Z,ZN,109.140625,109.15625,109.140625,109.15625,1987
2026-06-05T20:45:00.000Z,ZN,109.140625,109.15625,109.140625,109.140625,122
2026-06-05T20:46:00.000Z,ZN,109.140625,109.15625,109.140625,109.15625,1817
2026-06-05T20:47:00.000Z,ZN,109.15625,109.171875,109.15625,109.15625,6309
2026-06-05T20:48:00.000Z,ZN,109.15625,109.15625,109.15625,109.15625,1229
2026-06-05T20:49:00.000Z,ZN,109.15625,109.171875,109.15625,109.15625,1530
2026-06-05T20:50:00.000Z,ZN,109.15625,109.15625,109.140625,109.140625,1302
2026-06-05T20:51:00.000Z,ZN,109.140625,109.140625,109.125,109.140625,1893
2026-06-05T20:52:00.000Z,ZN,109.140625,109.140625,109.140625,109.140625,23
2026-06-05T20:53:00.000Z,ZN,109.140625,109.140625,109.125,109.125,266
2026-06-05T20:54:00.000Z,ZN,109.125,109.140625,109.125,109.140625,684
2026-06-05T20:55:00.000Z,ZN,109.140625,109.15625,109.125,109.140625,2850
2026-06-05T20:56:00.000Z,ZN,109.140625,109.15625,109.140625,109.140625,81
2026-06-05T20:57:00.000Z,ZN,109.15625,109.15625,109.140625,109.140625,186
2026-06-05T20:58:00.000Z,ZN,109.15625,109.15625,109.140625,109.15625,589
2026-06-05T20:59:00.000Z,ZN,109.15625,109.15625,109.078125,109.078125,754
2026-06-07T22:10:00.000Z,ZN,108.984375,108.984375,108.984375,108.984375,0
2026-06-07T22:11:00.000Z,ZN,108.984375,109.0,108.984375,108.984375,912
2026-06-07T22:12:00.000Z,ZN,108.984375,109.0,108.984375,109.0,28
2026-06-07T22:13:00.000Z,ZN,109.0,109.0,109.0,109.0,14
2026-06-07T22:14:00.000Z,ZN,109.0,109.0,109.0,109.0,17
2026-06-07T22:15:00.000Z,ZN,109.0,109.03125,109.0,109.015625,1672
2026-06-07T22:16:00.000Z,ZN,109.015625,109.015625,109.015625,109.015625,277
2026-06-07T22:17:00.000Z,ZN,109.015625,109.015625,109.015625,109.015625,18
2026-06-07T22:18:00.000Z,ZN,109.0,109.015625,109.0,109.015625,10
2026-06-07T22:19:00.000Z,ZN,109.015625,109.03125,109.015625,109.015625,271
2026-06-07T22:20:00.000Z,ZN,109.03125,109.03125,109.03125,109.03125,110
2026-06-07T22:21:00.000Z,ZN,109.03125,109.046875,109.03125,109.046875,1097
2026-06-07T22:22:00.000Z,ZN,109.046875,109.046875,109.03125,109.03125,170
2026-06-07T22:23:00.000Z,ZN,109.046875,109.046875,109.046875,109.046875,32
2026-06-07T22:24:00.000Z,ZN,109.03125,109.03125,109.03125,109.03125,832
2026-06-07T22:25:00.000Z,ZN,109.03125,109.03125,109.03125,109.03125,694
2026-06-07T22:26:00.000Z,ZN,109.03125,109.03125,109.03125,109.03125,142
2026-06-07T22:27:00.000Z,ZN,109.03125,109.03125,109.015625,109.015625,2
2026-06-07T22:28:00.000Z,ZN,109.015625,109.03125,109.015625,109.03125,88
2026-06-07T22:32:00.000Z,ZN,109.015625,109.015625,109.015625,109.015625,52
2026-06-07T22:33:00.000Z,ZN,109.03125,109.03125,109.03125,109.03125,39
2026-06-07T22:34:00.000Z,ZN,109.015625,109.03125,109.015625,109.03125,20
2026-06-07T22:35:00.000Z,ZN,109.03125,109.03125,109.03125,109.03125,22
2026-06-07T22:38:00.000Z,ZN,109.03125,109.03125,109.03125,109.03125,1
2026-06-07T22:39:00.000Z,ZN,109.03125,109.03125,109.03125,109.03125,1
2026-06-07T22:42:00.000Z,ZN,109.015625,109.015625,109.015625,109.015625,305
2026-06-07T22:45:00.000Z,ZN,109.015625,109.015625,109.015625,109.015625,115
2026-06-07T22:46:00.000Z,ZN,109.0,109.015625,109.0,109.015625,301
2026-06-07T22:47:00.000Z,ZN,109.015625,109.015625,109.015625,109.015625,350
2026-06-07T22:48:00.000Z,ZN,109.015625,109.015625,109.015625,109.015625,100
2026-06-07T22:49:00.000Z,ZN,109.03125,109.03125,109.03125,109.03125,2
2026-06-07T22:50:00.000Z,ZN,109.015625,109.015625,109.015625,109.015625,940
2026-06-07T22:54:00.000Z,ZN,109.03125,109.03125,109.03125,109.03125,1
2026-06-07T22:55:00.000Z,ZN,109.015625,109.015625,109.015625,109.015625,10
2026-06-07T22:56:00.000Z,ZN,109.015625,109.015625,109.015625,109.015625,295
2026-06-07T22:57:00.000Z,ZN,109.0,109.015625,109.0,109.0,638
2026-06-07T22:58:00.000Z,ZN,109.0,109.0,109.0,109.0,10
2026-06-07T22:59:00.000Z,ZN,109.0,109.0,109.0,109.0,15
2026-06-07T23:00:00.000Z,ZN,109.0,109.0,109.0,109.0,1547
2026-06-07T23:01:00.000Z,ZN,109.0,109.03125,109.0,109.03125,748
2026-06-07T23:02:00.000Z,ZN,109.015625,109.015625,109.015625,109.015625,136
2026-06-07T23:03:00.000Z,ZN,109.03125,109.03125,109.015625,109.015625,204
2026-06-07T23:04:00.000Z,ZN,109.015625,109.015625,109.015625,109.015625,67
2026-06-07T23:05:00.000Z,ZN,109.015625,109.015625,109.015625,109.015625,23
2026-06-07T23:06:00.000Z,ZN,109.015625,109.015625,109.015625,109.015625,79
2026-06-07T23:10:00.000Z,ZN,109.015625,109.015625,109.015625,109.015625,43
2026-06-07T23:11:00.000Z,ZN,109.015625,109.015625,109.015625,109.015625,670
2026-06-07T23:13:00.000Z,ZN,109.015625,109.015625,109.015625,109.015625,1
2026-06-07T23:14:00.000Z,ZN,109.015625,109.015625,109.0,109.0,6
2026-06-07T23:15:00.000Z,ZN,109.015625,109.015625,109.015625,109.015625,576
2026-06-07T23:17:00.000Z,ZN,109.03125,109.03125,109.03125,109.03125,5
2026-06-07T23:18:00.000Z,ZN,109.015625,109.015625,109.015625,109.015625,1
2026-06-07T23:20:00.000Z,ZN,109.015625,109.015625,109.015625,109.015625,1
2026-06-07T23:21:00.000Z,ZN,109.015625,109.015625,109.015625,109.015625,7
2026-06-07T23:23:00.000Z,ZN,109.015625,109.015625,109.015625,109.015625,22
2026-06-07T23:24:00.000Z,ZN,109.015625,109.015625,109.015625,109.015625,3
2026-06-07T23:25:00.000Z,ZN,109.015625,109.015625,109.015625,109.015625,1
2026-06-07T23:27:00.000Z,ZN,109.03125,109.03125,109.03125,109.03125,130
2026-06-07T23:28:00.000Z,ZN,109.03125,109.03125,109.03125,109.03125,10
2026-06-07T23:29:00.000Z,ZN,109.015625,109.015625,109.015625,109.015625,54
2026-06-07T23:30:00.000Z,ZN,109.03125,109.03125,109.015625,109.03125,209
2026-06-07T23:33:00.000Z,ZN,109.015625,109.015625,109.015625,109.015625,31
2026-06-07T23:34:00.000Z,ZN,109.015625,109.03125,109.015625,109.03125,411
2026-06-07T23:35:00.000Z,ZN,109.015625,109.03125,109.015625,109.015625,2152
2026-06-07T23:36:00.000Z,ZN,109.015625,109.015625,109.015625,109.015625,204
2026-06-07T23:37:00.000Z,ZN,109.015625,109.015625,109.0,109.015625,852
2026-06-07T23:40:00.000Z,ZN,109.03125,109.03125,109.015625,109.015625,54
2026-06-07T23:41:00.000Z,ZN,109.015625,109.015625,109.015625,109.015625,1
2026-06-07T23:43:00.000Z,ZN,109.03125,109.03125,109.03125,109.03125,839
2026-06-07T23:44:00.000Z,ZN,109.03125,109.03125,109.03125,109.03125,28
2026-06-07T23:45:00.000Z,ZN,109.03125,109.03125,109.015625,109.015625,239
2026-06-07T23:49:00.000Z,ZN,109.03125,109.03125,109.015625,109.015625,486
2026-06-07T23:50:00.000Z,ZN,109.015625,109.015625,109.015625,109.015625,297
2026-06-07T23:52:00.000Z,ZN,109.015625,109.015625,109.015625,109.015625,4
2026-06-07T23:54:00.000Z,ZN,109.015625,109.015625,109.015625,109.015625,100
2026-06-07T23:56:00.000Z,ZN,109.03125,109.046875,109.03125,109.046875,1243
2026-06-07T23:57:00.000Z,ZN,109.046875,109.046875,109.046875,109.046875,3
2026-06-07T23:58:00.000Z,ZN,109.046875,109.0625,109.046875,109.046875,1580
2026-06-07T23:59:00.000Z,ZN,109.046875,109.046875,109.03125,109.03125,584
2026-06-08T00:01:00.000Z,ZN,109.046875,109.0625,109.03125,109.0625,706
2026-06-08T00:02:00.000Z,ZN,109.078125,109.078125,109.046875,109.046875,472
2026-06-08T00:03:00.000Z,ZN,109.0625,109.0625,109.03125,109.046875,819
2026-06-08T00:04:00.000Z,ZN,109.046875,109.046875,109.046875,109.046875,24
2026-06-08T00:05:00.000Z,ZN,109.046875,109.046875,109.03125,109.046875,744
2026-06-08T00:06:00.000Z,ZN,109.046875,109.0625,109.046875,109.046875,549
2026-06-08T00:07:00.000Z,ZN,109.046875,109.046875,109.046875,109.046875,20
2026-06-08T00:08:00.000Z,ZN,109.046875,109.046875,109.046875,109.046875,481
2026-06-08T00:09:00.000Z,ZN,109.046875,109.046875,109.046875,109.046875,261
2026-06-08T00:10:00.000Z,ZN,109.046875,109.046875,109.046875,109.046875,41
2026-06-08T00:12:00.000Z,ZN,109.03125,109.046875,109.03125,109.03125,19
2026-06-08T00:13:00.000Z,ZN,109.03125,109.03125,109.03125,109.03125,412
2026-06-08T00:14:00.000Z,ZN,109.03125,109.03125,109.03125,109.03125,261
2026-06-08T00:15:00.000Z,ZN,109.03125,109.03125,109.03125,109.03125,325
2026-06-08T00:16:00.000Z,ZN,109.046875,109.046875,109.046875,109.046875,750
2026-06-08T00:17:00.000Z,ZN,109.046875,109.046875,109.046875,109.046875,21
2026-06-08T00:19:00.000Z,ZN,109.046875,109.046875,109.046875,109.046875,22
2026-06-08T00:20:00.000Z,ZN,109.046875,109.046875,109.046875,109.046875,857
2026-06-08T00:21:00.000Z,ZN,109.046875,109.046875,109.046875,109.046875,88
2026-06-08T00:23:00.000Z,ZN,109.046875,109.046875,109.046875,109.046875,23
2026-06-08T00:24:00.000Z,ZN,109.046875,109.046875,109.03125,109.03125,486
2026-06-08T00:26:00.000Z,ZN,109.03125,109.046875,109.03125,109.046875,639
2026-06-08T00:27:00.000Z,ZN,109.03125,109.03125,109.015625,109.03125,1848
2026-06-08T00:28:00.000Z,ZN,109.03125,109.03125,109.015625,109.015625,1492
2026-06-08T00:29:00.000Z,ZN,109.015625,109.03125,109.015625,109.03125,87
2026-06-08T00:30:00.000Z,ZN,109.015625,109.015625,109.015625,109.015625,581
2026-06-08T00:31:00.000Z,ZN,109.03125,109.03125,109.015625,109.015625,379
2026-06-08T00:32:00.000Z,ZN,109.015625,109.015625,109.0,109.0,1002
2026-06-08T00:33:00.000Z,ZN,109.0,109.0,109.0,109.0,1449
2026-06-08T00:34:00.000Z,ZN,109.0,109.015625,109.0,109.0,987
2026-06-08T00:35:00.000Z,ZN,109.0,109.0,108.984375,108.984375,289
2026-06-08T00:36:00.000Z,ZN,109.0,109.0,108.984375,108.984375,551
2026-06-08T00:37:00.000Z,ZN,109.0,109.0,108.984375,108.984375,234
2026-06-08T00:38:00.000Z,ZN,109.0,109.0,109.0,109.0,2
2026-06-08T00:39:00.000Z,ZN,108.984375,108.984375,108.984375,108.984375,526
2026-06-08T00:40:00.000Z,ZN,108.984375,109.0,108.984375,109.0,237
2026-06-08T00:41:00.000Z,ZN,109.0,109.0,108.96875,108.984375,1971
2026-06-08T00:42:00.000Z,ZN,108.984375,108.984375,108.984375,108.984375,224
2026-06-08T00:43:00.000Z,ZN,109.0,109.0,109.0,109.0,2
2026-06-08T00:44:00.000Z,ZN,108.984375,109.0,108.984375,109.0,163
2026-06-08T00:45:00.000Z,ZN,108.984375,109.0,108.984375,109.0,6
2026-06-08T00:47:00.000Z,ZN,108.984375,109.0,108.984375,108.984375,1238
2026-06-08T00:48:00.000Z,ZN,108.984375,109.0,108.984375,109.0,2
2026-06-08T00:49:00.000Z,ZN,109.0,109.0,108.984375,108.984375,10
2026-06-08T00:50:00.000Z,ZN,108.984375,108.984375,108.984375,108.984375,303
2026-06-08T00:51:00.000Z,ZN,108.984375,108.984375,108.984375,108.984375,253
2026-06-08T00:52:00.000Z,ZN,108.984375,109.0,108.984375,108.984375,255
2026-06-08T00:53:00.000Z,ZN,108.984375,108.984375,108.984375,108.984375,217
2026-06-08T00:54:00.000Z,ZN,108.984375,108.984375,108.96875,108.984375,195
2026-06-08T00:55:00.000Z,ZN,108.96875,108.96875,108.96875,108.96875,249
2026-06-08T00:56:00.000Z,ZN,108.96875,108.96875,108.96875,108.96875,3
2026-06-08T00:57:00.000Z,ZN,108.96875,108.984375,108.96875,108.984375,1019
2026-06-08T00:58:00.000Z,ZN,108.984375,108.984375,108.96875,108.96875,2
2026-06-08T00:59:00.000Z,ZN,108.984375,108.984375,108.984375,108.984375,163
2026-06-08T01:00:00.000Z,ZN,108.984375,108.984375,108.984375,108.984375,32
2026-06-08T01:01:00.000Z,ZN,108.984375,108.984375,108.984375,108.984375,683
2026-06-08T01:02:00.000Z,ZN,108.984375,108.984375,108.984375,108.984375,15
2026-06-08T01:03:00.000Z,ZN,108.984375,108.984375,108.984375,108.984375,2
2026-06-08T01:04:00.000Z,ZN,108.984375,109.0,108.984375,109.0,818
2026-06-08T01:05:00.000Z,ZN,108.984375,109.0,108.96875,108.96875,757
2026-06-08T01:06:00.000Z,ZN,108.984375,108.984375,108.96875,108.984375,548
2026-06-08T01:07:00.000Z,ZN,108.984375,109.0,108.984375,109.0,320
2026-06-08T01:08:00.000Z,ZN,109.0,109.0,109.0,109.0,60
2026-06-08T01:09:00.000Z,ZN,108.984375,108.984375,108.984375,108.984375,640
2026-06-08T01:10:00.000Z,ZN,108.984375,108.984375,108.953125,108.953125,4114
2026-06-08T01:11:00.000Z,ZN,108.953125,108.96875,108.953125,108.96875,1070
2026-06-08T01:12:00.000Z,ZN,108.96875,108.96875,108.90625,108.921875,4004
2026-06-08T01:13:00.000Z,ZN,108.921875,108.9375,108.90625,108.9375,3133
2026-06-08T01:14:00.000Z,ZN,108.9375,108.9375,108.875,108.890625,10359
2026-06-08T01:15:00.000Z,ZN,108.90625,108.90625,108.796875,108.859375,23339
2026-06-08T01:16:00.000Z,ZN,108.859375,108.875,108.859375,108.859375,1722
2026-06-08T01:17:00.000Z,ZN,108.875,108.875,108.859375,108.859375,3122
2026-06-08T01:18:00.000Z,ZN,108.875,108.875,108.859375,108.875,490
2026-06-08T01:19:00.000Z,ZN,108.875,108.875,108.875,108.875,692
2026-06-08T01:20:00.000Z,ZN,108.859375,108.875,108.859375,108.875,3227
2026-06-08T01:21:00.000Z,ZN,108.875,108.890625,108.859375,108.875,2160
2026-06-08T01:22:00.000Z,ZN,108.890625,108.890625,108.875,108.890625,1426
2026-06-08T01:23:00.000Z,ZN,108.890625,108.90625,108.890625,108.90625,1948
2026-06-08T01:24:00.000Z,ZN,108.90625,108.90625,108.875,108.890625,637
2026-06-08T01:25:00.000Z,ZN,108.875,108.890625,108.84375,108.859375,8069
2026-06-08T01:26:00.000Z,ZN,108.84375,108.875,108.84375,108.875,2192
2026-06-08T01:27:00.000Z,ZN,108.875,108.890625,108.875,108.875,3299
2026-06-08T01:28:00.000Z,ZN,108.890625,108.890625,108.859375,108.859375,1440
2026-06-08T01:29:00.000Z,ZN,108.875,108.875,108.859375,108.859375,718
2026-06-08T01:30:00.000Z,ZN,108.859375,108.859375,108.84375,108.84375,4567
2026-06-08T01:31:00.000Z,ZN,108.84375,108.90625,108.84375,108.890625,4434
2026-06-08T01:32:00.000Z,ZN,108.875,108.890625,108.859375,108.875,813
2026-06-08T01:33:00.000Z,ZN,108.890625,108.890625,108.859375,108.875,1813
2026-06-08T01:34:00.000Z,ZN,108.859375,108.890625,108.859375,108.875,4224
2026-06-08T01:35:00.000Z,ZN,108.875,108.875,108.875,108.875,554
2026-06-08T01:36:00.000Z,ZN,108.875,108.890625,108.875,108.890625,78
2026-06-08T01:37:00.000Z,ZN,108.875,108.890625,108.875,108.890625,364
2026-06-08T01:38:00.000Z,ZN,108.890625,108.890625,108.890625,108.890625,362
2026-06-08T01:39:00.000Z,ZN,108.890625,108.890625,108.875,108.890625,554
2026-06-08T01:40:00.000Z,ZN,108.890625,108.890625,108.875,108.890625,3251
2026-06-08T01:41:00.000Z,ZN,108.90625,108.90625,108.890625,108.90625,818
2026-06-08T01:42:00.000Z,ZN,108.90625,108.90625,108.90625,108.90625,1898
2026-06-08T01:43:00.000Z,ZN,108.890625,108.890625,108.890625,108.890625,712
2026-06-08T01:44:00.000Z,ZN,108.90625,108.90625,108.90625,108.90625,27
2026-06-08T01:45:00.000Z,ZN,108.890625,108.9375,108.890625,108.9375,4988
2026-06-08T01:46:00.000Z,ZN,108.9375,108.9375,108.921875,108.921875,2733
2026-06-08T01:47:00.000Z,ZN,108.921875,108.921875,108.921875,108.921875,1488
2026-06-08T01:48:00.000Z,ZN,108.921875,108.9375,108.921875,108.9375,157
2026-06-08T01:49:00.000Z,ZN,108.9375,108.9375,108.921875,108.921875,274
2026-06-08T01:50:00.000Z,ZN,108.921875,108.921875,108.921875,108.921875,511
2026-06-08T01:51:00.000Z,ZN,108.921875,108.921875,108.921875,108.921875,1264
2026-06-08T01:52:00.000Z,ZN,108.921875,108.9375,108.921875,108.921875,2999
2026-06-08T01:53:00.000Z,ZN,108.921875,108.921875,108.90625,108.90625,7
2026-06-08T01:54:00.000Z,ZN,108.921875,108.921875,108.921875,108.921875,1
2026-06-08T01:55:00.000Z,ZN,108.90625,108.90625,108.90625,108.90625,238
2026-06-08T01:56:00.000Z,ZN,108.90625,108.921875,108.90625,108.921875,58
2026-06-08T01:58:00.000Z,ZN,108.90625,108.90625,108.90625,108.90625,405
2026-06-08T01:59:00.000Z,ZN,108.90625,108.90625,108.90625,108.90625,416
2026-06-08T02:00:00.000Z,ZN,108.921875,108.921875,108.90625,108.90625,142
2026-06-08T02:01:00.000Z,ZN,108.90625,108.921875,108.90625,108.90625,743
2026-06-08T02:02:00.000Z,ZN,108.90625,108.921875,108.90625,108.921875,433
2026-06-08T02:03:00.000Z,ZN,108.90625,108.921875,108.90625,108.90625,191
2026-06-08T02:04:00.000Z,ZN,108.890625,108.90625,108.890625,108.90625,22
2026-06-08T02:05:00.000Z,ZN,108.890625,108.90625,108.890625,108.90625,158
2026-06-08T02:06:00.000Z,ZN,108.890625,108.90625,108.890625,108.890625,2046
2026-06-08T02:07:00.000Z,ZN,108.890625,108.890625,108.875,108.875,446
2026-06-08T02:08:00.000Z,ZN,108.890625,108.90625,108.890625,108.90625,364
2026-06-08T02:09:00.000Z,ZN,108.890625,108.90625,108.890625,108.890625,858
2026-06-08T02:10:00.000Z,ZN,108.890625,108.890625,108.890625,108.890625,5
2026-06-08T02:11:00.000Z,ZN,108.890625,108.90625,108.890625,108.890625,2716
2026-06-08T02:12:00.000Z,ZN,108.890625,108.890625,108.890625,108.890625,267
2026-06-08T02:13:00.000Z,ZN,108.875,108.890625,108.875,108.875,5
2026-06-08T02:14:00.000Z,ZN,108.875,108.890625,108.875,108.890625,1532
2026-06-08T02:15:00.000Z,ZN,108.875,108.875,108.875,108.875,75
2026-06-08T02:16:00.000Z,ZN,108.875,108.875,108.875,108.875,1190
2026-06-08T02:17:00.000Z,ZN,108.875,108.875,108.875,108.875,13
2026-06-08T02:18:00.000Z,ZN,108.875,108.875,108.875,108.875,13
2026-06-08T02:19:00.000Z,ZN,108.875,108.875,108.875,108.875,156
2026-06-08T02:20:00.000Z,ZN,108.875,108.875,108.875,108.875,1
2026-06-08T02:21:00.000Z,ZN,108.890625,108.890625,108.890625,108.890625,10
2026-06-08T02:22:00.000Z,ZN,108.890625,108.890625,108.890625,108.890625,19
2026-06-08T02:24:00.000Z,ZN,108.890625,108.890625,108.875,108.875,19
2026-06-08T02:25:00.000Z,ZN,108.890625,108.890625,108.890625,108.890625,1
2026-06-08T02:27:00.000Z,ZN,108.875,108.875,108.875,108.875,29
2026-06-08T02:28:00.000Z,ZN,108.875,108.890625,108.859375,108.859375,2163
2026-06-08T02:29:00.000Z,ZN,108.875,108.875,108.875,108.875,8
2026-06-08T02:30:00.000Z,ZN,108.859375,108.875,108.84375,108.84375,384
2026-06-08T02:31:00.000Z,ZN,108.859375,108.859375,108.84375,108.859375,2394
2026-06-08T02:32:00.000Z,ZN,108.859375,108.859375,108.84375,108.859375,469
2026-06-08T02:33:00.000Z,ZN,108.859375,108.875,108.859375,108.875,588
2026-06-08T02:34:00.000Z,ZN,108.875,108.875,108.875,108.875,1
2026-06-08T02:35:00.000Z,ZN,108.875,108.875,108.875,108.875,56
2026-06-08T02:36:00.000Z,ZN,108.875,108.875,108.875,108.875,768
2026-06-08T02:38:00.000Z,ZN,108.890625,108.890625,108.875,108.890625,144
2026-06-08T02:41:00.000Z,ZN,108.890625,108.890625,108.890625,108.890625,100
2026-06-08T02:42:00.000Z,ZN,108.890625,108.890625,108.875,108.875,570
2026-06-08T02:43:00.000Z,ZN,108.890625,108.890625,108.875,108.875,4
2026-06-08T02:44:00.000Z,ZN,108.875,108.875,108.875,108.875,50
2026-06-08T02:45:00.000Z,ZN,108.890625,108.890625,108.875,108.875,56
2026-06-08T02:46:00.000Z,ZN,108.890625,108.890625,108.890625,108.890625,856
2026-06-08T02:47:00.000Z,ZN,108.890625,108.890625,108.875,108.890625,1437
2026-06-08T02:48:00.000Z,ZN,108.890625,108.890625,108.890625,108.890625,23
2026-06-08T02:49:00.000Z,ZN,108.890625,108.890625,108.875,108.875,513
2026-06-08T02:50:00.000Z,ZN,108.875,108.875,108.875,108.875,22
2026-06-08T02:51:00.000Z,ZN,108.875,108.875,108.859375,108.875,517
2026-06-08T02:52:00.000Z,ZN,108.875,108.875,108.875,108.875,149
2026-06-08T02:53:00.000Z,ZN,108.875,108.890625,108.875,108.875,27
2026-06-08T02:54:00.000Z,ZN,108.875,108.875,108.875,108.875,770
2026-06-08T02:55:00.000Z,ZN,108.875,108.890625,108.875,108.875,24
2026-06-08T02:56:00.000Z,ZN,108.875,108.890625,108.875,108.875,272
2026-06-08T02:57:00.000Z,ZN,108.875,108.875,108.875,108.875,26
2026-06-08T02:58:00.000Z,ZN,108.890625,108.890625,108.875,108.875,292
2026-06-08T02:59:00.000Z,ZN,108.890625,108.890625,108.875,108.875,25
2026-06-08T03:00:00.000Z,ZN,108.875,108.875,108.875,108.875,7
2026-06-08T03:01:00.000Z,ZN,108.875,108.875,108.875,108.875,16
2026-06-08T03:02:00.000Z,ZN,108.875,108.875,108.875,108.875,473
2026-06-08T03:03:00.000Z,ZN,108.875,108.875,108.859375,108.859375,279
2026-06-08T03:04:00.000Z,ZN,108.875,108.875,108.859375,108.875,44
2026-06-08T03:05:00.000Z,ZN,108.875,108.875,108.859375,108.859375,151
2026-06-08T03:06:00.000Z,ZN,108.859375,108.859375,108.859375,108.859375,7
2026-06-08T03:07:00.000Z,ZN,108.859375,108.859375,108.859375,108.859375,14
2026-06-08T03:08:00.000Z,ZN,108.875,108.875,108.859375,108.875,375
2026-06-08T03:09:00.000Z,ZN,108.859375,108.875,108.859375,108.859375,15
2026-06-08T03:10:00.000Z,ZN,108.859375,108.859375,108.859375,108.859375,7
2026-06-08T03:11:00.000Z,ZN,108.859375,108.859375,108.859375,108.859375,14
2026-06-08T03:12:00.000Z,ZN,108.859375,108.859375,108.859375,108.859375,2069
2026-06-08T03:13:00.000Z,ZN,108.859375,108.859375,108.859375,108.859375,213
2026-06-08T03:14:00.000Z,ZN,108.875,108.875,108.859375,108.859375,18
2026-06-08T03:15:00.000Z,ZN,108.859375,108.859375,108.859375,108.859375,12
2026-06-08T03:16:00.000Z,ZN,108.859375,108.875,108.859375,108.859375,19
2026-06-08T03:17:00.000Z,ZN,108.859375,108.875,108.859375,108.875,8
2026-06-08T03:18:00.000Z,ZN,108.859375,108.875,108.859375,108.859375,354
2026-06-08T03:19:00.000Z,ZN,108.859375,108.859375,108.859375,108.859375,10
2026-06-08T03:20:00.000Z,ZN,108.859375,108.875,108.859375,108.875,18
2026-06-08T03:21:00.000Z,ZN,108.859375,108.859375,108.859375,108.859375,126
2026-06-08T03:22:00.000Z,ZN,108.859375,108.875,108.859375,108.875,8
2026-06-08T03:23:00.000Z,ZN,108.859375,108.875,108.859375,108.859375,15
2026-06-08T03:24:00.000Z,ZN,108.859375,108.859375,108.859375,108.859375,7
2026-06-08T03:25:00.000Z,ZN,108.859375,108.859375,108.859375,108.859375,14
2026-06-08T03:26:00.000Z,ZN,108.859375,108.875,108.859375,108.875,8
2026-06-08T03:27:00.000Z,ZN,108.859375,108.875,108.859375,108.859375,16
2026-06-08T03:28:00.000Z,ZN,108.875,108.875,108.859375,108.875,37
2026-06-08T03:29:00.000Z,ZN,108.859375,108.875,108.859375,108.875,774
2026-06-08T03:30:00.000Z,ZN,108.875,108.890625,108.875,108.875,504
2026-06-08T03:31:00.000Z,ZN,108.890625,108.890625,108.890625,108.890625,43
2026-06-08T03:32:00.000Z,ZN,108.890625,108.890625,108.890625,108.890625,22
2026-06-08T03:33:00.000Z,ZN,108.890625,108.890625,108.890625,108.890625,3
2026-06-08T03:34:00.000Z,ZN,108.890625,108.890625,108.890625,108.890625,10
2026-06-08T03:35:00.000Z,ZN,108.890625,108.890625,108.890625,108.890625,9
2026-06-08T03:36:00.000Z,ZN,108.890625,108.890625,108.890625,108.890625,8
2026-06-08T03:37:00.000Z,ZN,108.890625,108.890625,108.890625,108.890625,10
2026-06-08T03:38:00.000Z,ZN,108.890625,108.890625,108.890625,108.890625,21
2026-06-08T03:39:00.000Z,ZN,108.890625,108.890625,108.890625,108.890625,15
2026-06-08T03:40:00.000Z,ZN,108.890625,108.890625,108.890625,108.890625,270
2026-06-08T03:41:00.000Z,ZN,108.890625,108.890625,108.890625,108.890625,1
2026-06-08T03:42:00.000Z,ZN,108.875,108.890625,108.875,108.890625,239
2026-06-08T03:43:00.000Z,ZN,108.890625,108.890625,108.875,108.875,605
2026-06-08T03:44:00.000Z,ZN,108.875,108.890625,108.875,108.875,1040
2026-06-08T03:45:00.000Z,ZN,108.875,108.875,108.875,108.875,1
2026-06-08T03:46:00.000Z,ZN,108.875,108.875,108.875,108.875,1
2026-06-08T03:47:00.000Z,ZN,108.875,108.875,108.875,108.875,1
2026-06-08T03:50:00.000Z,ZN,108.875,108.875,108.875,108.875,17
2026-06-08T03:52:00.000Z,ZN,108.890625,108.890625,108.890625,108.890625,1
2026-06-08T03:54:00.000Z,ZN,108.875,108.875,108.875,108.875,3
2026-06-08T03:56:00.000Z,ZN,108.890625,108.890625,108.875,108.875,23
2026-06-08T03:57:00.000Z,ZN,108.890625,108.890625,108.890625,108.890625,1
2026-06-08T03:58:00.000Z,ZN,108.890625,108.890625,108.875,108.875,2
2026-06-08T04:00:00.000Z,ZN,108.890625,108.890625,108.875,108.875,29
2026-06-08T04:01:00.000Z,ZN,108.890625,108.890625,108.890625,108.890625,54
2026-06-08T04:03:00.000Z,ZN,108.890625,108.890625,108.859375,108.859375,974
2026-06-08T04:05:00.000Z,ZN,108.875,108.875,108.875,108.875,2
2026-06-08T04:06:00.000Z,ZN,108.859375,108.875,108.859375,108.875,14
2026-06-08T04:07:00.000Z,ZN,108.875,108.875,108.875,108.875,3
2026-06-08T04:08:00.000Z,ZN,108.875,108.875,108.875,108.875,6
2026-06-08T04:09:00.000Z,ZN,108.859375,108.875,108.859375,108.875,125
2026-06-08T04:11:00.000Z,ZN,108.859375,108.875,108.859375,108.859375,147
2026-06-08T04:12:00.000Z,ZN,108.859375,108.875,108.859375,108.875,5
2026-06-08T04:13:00.000Z,ZN,108.859375,108.875,108.859375,108.875,52
2026-06-08T04:14:00.000Z,ZN,108.859375,108.859375,108.859375,108.859375,1
2026-06-08T04:15:00.000Z,ZN,108.875,108.875,108.875,108.875,676
2026-06-08T04:16:00.000Z,ZN,108.875,108.890625,108.875,108.875,708
2026-06-08T04:17:00.000Z,ZN,108.859375,108.859375,108.859375,108.859375,156
2026-06-08T04:19:00.000Z,ZN,108.875,108.875,108.875,108.875,1554
2026-06-08T04:20:00.000Z,ZN,108.875,108.875,108.875,108.875,105
2026-06-08T04:22:00.000Z,ZN,108.859375,108.859375,108.859375,108.859375,11
2026-06-08T04:23:00.000Z,ZN,108.875,108.875,108.875,108.875,826
2026-06-08T04:24:00.000Z,ZN,108.875,108.890625,108.875,108.875,1184
2026-06-08T04:25:00.000Z,ZN,108.890625,108.890625,108.890625,108.890625,8
2026-06-08T04:29:00.000Z,ZN,108.875,108.875,108.875,108.875,56
2026-06-08T04:31:00.000Z,ZN,108.875,108.875,108.875,108.875,342
2026-06-08T04:32:00.000Z,ZN,108.875,108.875,108.875,108.875,253
2026-06-08T04:33:00.000Z,ZN,108.875,108.890625,108.859375,108.859375,1657
2026-06-08T04:34:00.000Z,ZN,108.859375,108.859375,108.859375,108.859375,560
2026-06-08T04:35:00.000Z,ZN,108.859375,108.875,108.859375,108.859375,1199
2026-06-08T04:36:00.000Z,ZN,108.859375,108.859375,108.859375,108.859375,157
2026-06-08T04:37:00.000Z,ZN,108.859375,108.859375,108.859375,108.859375,909
2026-06-08T04:38:00.000Z,ZN,108.859375,108.859375,108.84375,108.859375,176
2026-06-08T04:39:00.000Z,ZN,108.859375,108.859375,108.859375,108.859375,46
2026-06-08T04:40:00.000Z,ZN,108.859375,108.875,108.859375,108.859375,366
2026-06-08T04:41:00.000Z,ZN,108.859375,108.859375,108.84375,108.84375,110
2026-06-08T04:42:00.000Z,ZN,108.859375,108.859375,108.859375,108.859375,57
2026-06-08T04:43:00.000Z,ZN,108.859375,108.859375,108.859375,108.859375,1
2026-06-08T04:44:00.000Z,ZN,108.84375,108.84375,108.84375,108.84375,200
2026-06-08T04:45:00.000Z,ZN,108.859375,108.859375,108.859375,108.859375,10
2026-06-08T04:46:00.000Z,ZN,108.859375,108.859375,108.859375,108.859375,51
2026-06-08T04:47:00.000Z,ZN,108.84375,108.859375,108.84375,108.859375,58
2026-06-08T04:48:00.000Z,ZN,108.859375,108.859375,108.84375,108.84375,31
2026-06-08T04:50:00.000Z,ZN,108.84375,108.84375,108.84375,108.84375,20
2026-06-08T04:51:00.000Z,ZN,108.859375,108.859375,108.84375,108.84375,7
2026-06-08T04:52:00.000Z,ZN,108.84375,108.859375,108.84375,108.859375,3
2026-06-08T04:53:00.000Z,ZN,108.84375,108.859375,108.84375,108.859375,104
2026-06-08T04:54:00.000Z,ZN,108.859375,108.859375,108.859375,108.859375,1
2026-06-08T04:56:00.000Z,ZN,108.84375,108.859375,108.84375,108.84375,513
2026-06-08T04:57:00.000Z,ZN,108.84375,108.84375,108.84375,108.84375,185
2026-06-08T04:58:00.000Z,ZN,108.859375,108.859375,108.84375,108.84375,331
2026-06-08T04:59:00.000Z,ZN,108.84375,108.84375,108.84375,108.84375,100
2026-06-08T05:00:00.000Z,ZN,108.859375,108.875,108.859375,108.859375,620
2026-06-08T05:01:00.000Z,ZN,108.859375,108.859375,108.84375,108.859375,233
2026-06-08T05:02:00.000Z,ZN,108.859375,108.859375,108.859375,108.859375,172
2026-06-08T05:03:00.000Z,ZN,108.859375,108.875,108.859375,108.859375,380
2026-06-08T05:05:00.000Z,ZN,108.859375,108.859375,108.859375,108.859375,803
2026-06-08T05:06:00.000Z,ZN,108.859375,108.875,108.859375,108.875,471
2026-06-08T05:07:00.000Z,ZN,108.859375,108.875,108.84375,108.875,460
2026-06-08T05:10:00.000Z,ZN,108.859375,108.875,108.859375,108.875,60
2026-06-08T05:11:00.000Z,ZN,108.875,108.875,108.859375,108.859375,6
2026-06-08T05:12:00.000Z,ZN,108.859375,108.859375,108.859375,108.859375,184
2026-06-08T05:13:00.000Z,ZN,108.859375,108.859375,108.84375,108.84375,367
2026-06-08T05:14:00.000Z,ZN,108.859375,108.859375,108.859375,108.859375,4
2026-06-08T05:15:00.000Z,ZN,108.859375,108.859375,108.859375,108.859375,7
2026-06-08T05:16:00.000Z,ZN,108.859375,108.859375,108.859375,108.859375,46
2026-06-08T05:17:00.000Z,ZN,108.859375,108.875,108.859375,108.875,217
2026-06-08T05:18:00.000Z,ZN,108.875,108.875,108.875,108.875,2
2026-06-08T05:19:00.000Z,ZN,108.875,108.875,108.875,108.875,73
2026-06-08T05:20:00.000Z,ZN,108.875,108.875,108.875,108.875,7
2026-06-08T05:21:00.000Z,ZN,108.875,108.890625,108.875,108.875,635
2026-06-08T05:22:00.000Z,ZN,108.875,108.875,108.875,108.875,805
2026-06-08T05:23:00.000Z,ZN,108.890625,108.890625,108.890625,108.890625,25
2026-06-08T05:24:00.000Z,ZN,108.875,108.890625,108.875,108.890625,51
2026-06-08T05:26:00.000Z,ZN,108.890625,108.890625,108.890625,108.890625,1
2026-06-08T05:27:00.000Z,ZN,108.890625,108.890625,108.890625,108.890625,30
2026-06-08T05:28:00.000Z,ZN,108.890625,108.890625,108.890625,108.890625,29
2026-06-08T05:29:00.000Z,ZN,108.875,108.875,108.875,108.875,17
2026-06-08T05:30:00.000Z,ZN,108.875,108.875,108.875,108.875,278
2026-06-08T05:31:00.000Z,ZN,108.875,108.875,108.875,108.875,1
2026-06-08T05:32:00.000Z,ZN,108.875,108.875,108.875,108.875,7
2026-06-08T05:34:00.000Z,ZN,108.875,108.875,108.859375,108.859375,2
2026-06-08T05:35:00.000Z,ZN,108.859375,108.875,108.859375,108.875,1479
2026-06-08T05:36:00.000Z,ZN,108.859375,108.875,108.859375,108.875,94
2026-06-08T05:37:00.000Z,ZN,108.859375,108.859375,108.84375,108.84375,315
2026-06-08T05:38:00.000Z,ZN,108.859375,108.859375,108.84375,108.859375,258
2026-06-08T05:39:00.000Z,ZN,108.859375,108.875,108.859375,108.859375,478
2026-06-08T05:40:00.000Z,ZN,108.859375,108.859375,108.859375,108.859375,25
2026-06-08T05:41:00.000Z,ZN,108.84375,108.859375,108.828125,108.828125,613
2026-06-08T05:42:00.000Z,ZN,108.84375,108.859375,108.828125,108.859375,596
2026-06-08T05:43:00.000Z,ZN,108.84375,108.84375,108.84375,108.84375,26
2026-06-08T05:44:00.000Z,ZN,108.84375,108.859375,108.84375,108.859375,5
2026-06-08T05:45:00.000Z,ZN,108.84375,108.84375,108.84375,108.84375,3
2026-06-08T05:47:00.000Z,ZN,108.859375,108.859375,108.859375,108.859375,5
2026-06-08T05:48:00.000Z,ZN,108.84375,108.859375,108.84375,108.84375,9
2026-06-08T05:49:00.000Z,ZN,108.84375,108.84375,108.828125,108.828125,475
2026-06-08T05:50:00.000Z,ZN,108.84375,108.859375,108.84375,108.859375,720
2026-06-08T05:51:00.000Z,ZN,108.859375,108.859375,108.859375,108.859375,25
2026-06-08T05:53:00.000Z,ZN,108.859375,108.859375,108.84375,108.84375,107
2026-06-08T05:54:00.000Z,ZN,108.84375,108.859375,108.828125,108.828125,972
2026-06-08T05:55:00.000Z,ZN,108.84375,108.84375,108.8125,108.8125,1200
2026-06-08T05:56:00.000Z,ZN,108.8125,108.828125,108.8125,108.828125,196
2026-06-08T05:57:00.000Z,ZN,108.8125,108.828125,108.8125,108.8125,219
2026-06-08T05:58:00.000Z,ZN,108.828125,108.828125,108.8125,108.8125,2014
2026-06-08T05:59:00.000Z,ZN,108.8125,108.828125,108.8125,108.8125,370
2026-06-08T06:00:00.000Z,ZN,108.828125,108.84375,108.8125,108.828125,2097
2026-06-08T06:01:00.000Z,ZN,108.828125,108.84375,108.828125,108.84375,444
2026-06-08T06:02:00.000Z,ZN,108.828125,108.84375,108.828125,108.828125,594
2026-06-08T06:03:00.000Z,ZN,108.828125,108.84375,108.828125,108.828125,1255
2026-06-08T06:04:00.000Z,ZN,108.828125,108.828125,108.8125,108.828125,1916
2026-06-08T06:05:00.000Z,ZN,108.8125,108.828125,108.8125,108.828125,481
2026-06-08T06:06:00.000Z,ZN,108.828125,108.828125,108.8125,108.828125,1989
2026-06-08T06:07:00.000Z,ZN,108.8125,108.8125,108.796875,108.796875,877
2026-06-08T06:08:00.000Z,ZN,108.8125,108.8125,108.796875,108.8125,45
2026-06-08T06:09:00.000Z,ZN,108.8125,108.8125,108.796875,108.796875,138
2026-06-08T06:10:00.000Z,ZN,108.8125,108.8125,108.796875,108.8125,314
2026-06-08T06:11:00.000Z,ZN,108.8125,108.8125,108.796875,108.8125,71
2026-06-08T06:12:00.000Z,ZN,108.796875,108.8125,108.78125,108.796875,3154
2026-06-08T06:13:00.000Z,ZN,108.796875,108.8125,108.796875,108.796875,896
2026-06-08T06:14:00.000Z,ZN,108.8125,108.8125,108.796875,108.8125,560
2026-06-08T06:15:00.000Z,ZN,108.796875,108.8125,108.796875,108.796875,1678
2026-06-08T06:16:00.000Z,ZN,108.796875,108.828125,108.796875,108.828125,3398
2026-06-08T06:17:00.000Z,ZN,108.8125,108.828125,108.8125,108.828125,6914
2026-06-08T06:19:00.000Z,ZN,108.828125,108.828125,108.8125,108.8125,257
2026-06-08T06:20:00.000Z,ZN,108.8125,108.8125,108.8125,108.8125,4
2026-06-08T06:21:00.000Z,ZN,108.828125,108.828125,108.8125,108.828125,1561
2026-06-08T06:22:00.000Z,ZN,108.828125,108.84375,108.828125,108.84375,2162
2026-06-08T06:23:00.000Z,ZN,108.84375,108.84375,108.828125,108.828125,1762
2026-06-08T06:24:00.000Z,ZN,108.828125,108.828125,108.828125,108.828125,331
2026-06-08T06:25:00.000Z,ZN,108.828125,108.828125,108.8125,108.828125,499
2026-06-08T06:26:00.000Z,ZN,108.828125,108.84375,108.828125,108.84375,1002
2026-06-08T06:27:00.000Z,ZN,108.84375,108.859375,108.828125,108.84375,1312
2026-06-08T06:28:00.000Z,ZN,108.84375,108.84375,108.84375,108.84375,4
2026-06-08T06:29:00.000Z,ZN,108.84375,108.84375,108.84375,108.84375,405
2026-06-08T06:30:00.000Z,ZN,108.84375,108.84375,108.828125,108.828125,921
2026-06-08T06:31:00.000Z,ZN,108.828125,108.828125,108.828125,108.828125,776
2026-06-08T06:32:00.000Z,ZN,108.828125,108.828125,108.828125,108.828125,879
2026-06-08T06:33:00.000Z,ZN,108.8125,108.828125,108.8125,108.8125,2134
2026-06-08T06:34:00.000Z,ZN,108.8125,108.8125,108.8125,108.8125,6
2026-06-08T06:35:00.000Z,ZN,108.8125,108.8125,108.8125,108.8125,1561
2026-06-08T06:36:00.000Z,ZN,108.8125,108.8125,108.8125,108.8125,2142
2026-06-08T06:37:00.000Z,ZN,108.8125,108.8125,108.796875,108.796875,3131
2026-06-08T06:38:00.000Z,ZN,108.796875,108.796875,108.796875,108.796875,27
2026-06-08T06:39:00.000Z,ZN,108.8125,108.8125,108.796875,108.796875,157
2026-06-08T06:40:00.000Z,ZN,108.796875,108.796875,108.796875,108.796875,169
2026-06-08T06:41:00.000Z,ZN,108.8125,108.8125,108.8125,108.8125,1
2026-06-08T06:42:00.000Z,ZN,108.796875,108.8125,108.78125,108.8125,2477
2026-06-08T06:43:00.000Z,ZN,108.8125,108.8125,108.796875,108.796875,1958
2026-06-08T06:44:00.000Z,ZN,108.796875,108.8125,108.796875,108.8125,56
2026-06-08T06:45:00.000Z,ZN,108.8125,108.8125,108.796875,108.796875,21
2026-06-08T06:46:00.000Z,ZN,108.8125,108.8125,108.8125,108.8125,109
2026-06-08T06:47:00.000Z,ZN,108.796875,108.8125,108.796875,108.8125,16
2026-06-08T06:48:00.000Z,ZN,108.796875,108.8125,108.796875,108.8125,39
2026-06-08T06:49:00.000Z,ZN,108.8125,108.8125,108.8125,108.8125,5
2026-06-08T06:50:00.000Z,ZN,108.8125,108.8125,108.796875,108.8125,4398
2026-06-08T06:51:00.000Z,ZN,108.8125,108.8125,108.8125,108.8125,884
2026-06-08T06:52:00.000Z,ZN,108.8125,108.828125,108.8125,108.8125,1609
2026-06-08T06:53:00.000Z,ZN,108.8125,108.8125,108.796875,108.796875,33
2026-06-08T06:54:00.000Z,ZN,108.796875,108.796875,108.796875,108.796875,9
2026-06-08T06:55:00.000Z,ZN,108.796875,108.796875,108.78125,108.78125,342
2026-06-08T06:56:00.000Z,ZN,108.78125,108.796875,108.78125,108.796875,599
2026-06-08T06:58:00.000Z,ZN,108.796875,108.796875,108.796875,108.796875,3
2026-06-08T06:59:00.000Z,ZN,108.796875,108.8125,108.796875,108.8125,5
2026-06-08T07:00:00.000Z,ZN,108.796875,108.828125,108.796875,108.8125,4933
2026-06-08T07:01:00.000Z,ZN,108.8125,108.828125,108.796875,108.8125,3031
2026-06-08T07:02:00.000Z,ZN,108.8125,108.8125,108.8125,108.8125,1768
2026-06-08T07:03:00.000Z,ZN,108.8125,108.828125,108.8125,108.828125,1664
2026-06-08T07:04:00.000Z,ZN,108.828125,108.828125,108.828125,108.828125,755
2026-06-08T07:05:00.000Z,ZN,108.828125,108.828125,108.828125,108.828125,320
2026-06-08T07:06:00.000Z,ZN,108.828125,108.828125,108.8125,108.828125,988
2026-06-08T07:07:00.000Z,ZN,108.8125,108.8125,108.8125,108.8125,106
2026-06-08T07:08:00.000Z,ZN,108.8125,108.828125,108.8125,108.828125,2003
2026-06-08T07:10:00.000Z,ZN,108.8125,108.8125,108.8125,108.8125,226
2026-06-08T07:11:00.000Z,ZN,108.828125,108.84375,108.828125,108.828125,3531
2026-06-08T07:12:00.000Z,ZN,108.84375,108.84375,108.84375,108.84375,2669
2026-06-08T07:13:00.000Z,ZN,108.84375,108.859375,108.84375,108.84375,1813
2026-06-08T07:14:00.000Z,ZN,108.84375,108.859375,108.84375,108.859375,266
2026-06-08T07:15:00.000Z,ZN,108.859375,108.859375,108.828125,108.84375,8477
2026-06-08T07:16:00.000Z,ZN,108.84375,108.859375,108.84375,108.859375,1462
2026-06-08T07:17:00.000Z,ZN,108.859375,108.875,108.859375,108.859375,1388
2026-06-08T07:18:00.000Z,ZN,108.859375,108.875,108.84375,108.84375,265
2026-06-08T07:19:00.000Z,ZN,108.84375,108.859375,108.84375,108.859375,2356
2026-06-08T07:20:00.000Z,ZN,108.859375,108.859375,108.859375,108.859375,789
2026-06-08T07:21:00.000Z,ZN,108.859375,108.875,108.84375,108.875,1047
2026-06-08T07:22:00.000Z,ZN,108.859375,108.875,108.859375,108.875,1065
2026-06-08T07:23:00.000Z,ZN,108.859375,108.875,108.859375,108.859375,22
2026-06-08T07:24:00.000Z,ZN,108.875,108.875,108.875,108.875,820
2026-06-08T07:25:00.000Z,ZN,108.859375,108.875,108.859375,108.859375,987
2026-06-08T07:26:00.000Z,ZN,108.859375,108.890625,108.859375,108.875,2406
2026-06-08T07:27:00.000Z,ZN,108.875,108.890625,108.875,108.890625,4723
2026-06-08T07:28:00.000Z,ZN,108.890625,108.890625,108.875,108.890625,412
2026-06-08T07:29:00.000Z,ZN,108.875,108.890625,108.875,108.875,580
2026-06-08T07:30:00.000Z,ZN,108.890625,108.890625,108.875,108.875,2621
2026-06-08T07:31:00.000Z,ZN,108.875,108.890625,108.875,108.890625,1062
2026-06-08T07:32:00.000Z,ZN,108.875,108.890625,108.875,108.875,26
2026-06-08T07:33:00.000Z,ZN,108.875,108.890625,108.875,108.875,32
2026-06-08T07:34:00.000Z,ZN,108.875,108.90625,108.875,108.90625,1316
2026-06-08T07:35:00.000Z,ZN,108.890625,108.90625,108.890625,108.890625,874
2026-06-08T07:36:00.000Z,ZN,108.875,108.875,108.875,108.875,739
2026-06-08T07:37:00.000Z,ZN,108.859375,108.875,108.859375,108.859375,2541
2026-06-08T07:38:00.000Z,ZN,108.84375,108.875,108.84375,108.859375,2014
2026-06-08T07:39:00.000Z,ZN,108.875,108.875,108.859375,108.859375,1166
2026-06-08T07:40:00.000Z,ZN,108.859375,108.859375,108.859375,108.859375,27
2026-06-08T07:41:00.000Z,ZN,108.859375,108.875,108.859375,108.859375,63
2026-06-08T07:42:00.000Z,ZN,108.859375,108.875,108.859375,108.859375,197
2026-06-08T07:43:00.000Z,ZN,108.859375,108.875,108.859375,108.859375,176
2026-06-08T07:44:00.000Z,ZN,108.859375,108.859375,108.859375,108.859375,7
2026-06-08T07:45:00.000Z,ZN,108.875,108.875,108.859375,108.875,1152
2026-06-08T07:46:00.000Z,ZN,108.875,108.875,108.875,108.875,4
2026-06-08T07:47:00.000Z,ZN,108.875,108.890625,108.875,108.890625,30
2026-06-08T07:48:00.000Z,ZN,108.890625,108.890625,108.890625,108.890625,16
2026-06-08T07:49:00.000Z,ZN,108.875,108.875,108.875,108.875,10
2026-06-08T07:50:00.000Z,ZN,108.875,108.890625,108.875,108.875,31
2026-06-08T07:51:00.000Z,ZN,108.875,108.890625,108.859375,108.875,2678
2026-06-08T07:52:00.000Z,ZN,108.875,108.875,108.859375,108.859375,655
2026-06-08T07:53:00.000Z,ZN,108.875,108.875,108.859375,108.859375,49
2026-06-08T07:54:00.000Z,ZN,108.859375,108.859375,108.859375,108.859375,1071
2026-06-08T07:55:00.000Z,ZN,108.859375,108.875,108.859375,108.875,987
2026-06-08T07:56:00.000Z,ZN,108.859375,108.859375,108.84375,108.84375,434
2026-06-08T07:57:00.000Z,ZN,108.859375,108.859375,108.859375,108.859375,538
2026-06-08T07:58:00.000Z,ZN,108.859375,108.859375,108.859375,108.859375,1
2026-06-08T07:59:00.000Z,ZN,108.859375,108.859375,108.84375,108.84375,334
2026-06-08T08:00:00.000Z,ZN,108.84375,108.859375,108.84375,108.84375,472
2026-06-08T08:01:00.000Z,ZN,108.84375,108.859375,108.84375,108.859375,3
2026-06-08T08:02:00.000Z,ZN,108.84375,108.84375,108.84375,108.84375,1659
2026-06-08T08:03:00.000Z,ZN,108.84375,108.84375,108.84375,108.84375,53
2026-06-08T08:04:00.000Z,ZN,108.84375,108.859375,108.84375,108.84375,360
2026-06-08T08:05:00.000Z,ZN,108.84375,108.859375,108.84375,108.859375,28
2026-06-08T08:06:00.000Z,ZN,108.859375,108.859375,108.859375,108.859375,1535
2026-06-08T08:07:00.000Z,ZN,108.859375,108.875,108.859375,108.859375,485
2026-06-08T08:08:00.000Z,ZN,108.859375,108.875,108.859375,108.859375,167
2026-06-08T08:09:00.000Z,ZN,108.859375,108.859375,108.859375,108.859375,1926
2026-06-08T08:10:00.000Z,ZN,108.859375,108.859375,108.84375,108.84375,3929
2026-06-08T08:11:00.000Z,ZN,108.84375,108.84375,108.84375,108.84375,31
2026-06-08T08:12:00.000Z,ZN,108.84375,108.84375,108.84375,108.84375,2015
2026-06-08T08:13:00.000Z,ZN,108.84375,108.84375,108.84375,108.84375,359
2026-06-08T08:14:00.000Z,ZN,108.84375,108.84375,108.84375,108.84375,219
2026-06-08T08:15:00.000Z,ZN,108.84375,108.84375,108.84375,108.84375,562
2026-06-08T08:16:00.000Z,ZN,108.84375,108.859375,108.84375,108.84375,808
2026-06-08T08:17:00.000Z,ZN,108.84375,108.84375,108.828125,108.84375,1171
2026-06-08T08:18:00.000Z,ZN,108.84375,108.859375,108.84375,108.84375,768
2026-06-08T08:19:00.000Z,ZN,108.84375,108.84375,108.84375,108.84375,132
2026-06-08T08:20:00.000Z,ZN,108.859375,108.859375,108.84375,108.84375,20
2026-06-08T08:21:00.000Z,ZN,108.84375,108.84375,108.84375,108.84375,600
2026-06-08T08:22:00.000Z,ZN,108.84375,108.84375,108.828125,108.828125,602
2026-06-08T08:23:00.000Z,ZN,108.828125,108.828125,108.8125,108.828125,45
2026-06-08T08:24:00.000Z,ZN,108.8125,108.828125,108.8125,108.828125,1809
2026-06-08T08:25:00.000Z,ZN,108.828125,108.828125,108.8125,108.828125,247
2026-06-08T08:26:00.000Z,ZN,108.828125,108.828125,108.828125,108.828125,22
2026-06-08T08:27:00.000Z,ZN,108.84375,108.84375,108.828125,108.84375,232
2026-06-08T08:28:00.000Z,ZN,108.828125,108.828125,108.828125,108.828125,54
2026-06-08T08:29:00.000Z,ZN,108.828125,108.828125,108.828125,108.828125,50
2026-06-08T08:30:00.000Z,ZN,108.828125,108.859375,108.828125,108.84375,2830
2026-06-08T08:31:00.000Z,ZN,108.84375,108.84375,108.828125,108.828125,347
2026-06-08T08:32:00.000Z,ZN,108.84375,108.84375,108.84375,108.84375,752
2026-06-08T08:33:00.000Z,ZN,108.84375,108.84375,108.84375,108.84375,506
2026-06-08T08:34:00.000Z,ZN,108.859375,108.859375,108.84375,108.84375,1263
2026-06-08T08:35:00.000Z,ZN,108.84375,108.84375,108.84375,108.84375,23
2026-06-08T08:36:00.000Z,ZN,108.84375,108.84375,108.84375,108.84375,38
2026-06-08T08:37:00.000Z,ZN,108.84375,108.84375,108.84375,108.84375,26
2026-06-08T08:38:00.000Z,ZN,108.84375,108.84375,108.84375,108.84375,4
2026-06-08T08:39:00.000Z,ZN,108.828125,108.828125,108.828125,108.828125,1677
2026-06-08T08:40:00.000Z,ZN,108.828125,108.828125,108.8125,108.8125,1251
2026-06-08T08:41:00.000Z,ZN,108.8125,108.8125,108.796875,108.8125,2040
2026-06-08T08:42:00.000Z,ZN,108.8125,108.8125,108.8125,108.8125,732
2026-06-08T08:43:00.000Z,ZN,108.8125,108.828125,108.8125,108.828125,1346
2026-06-08T08:44:00.000Z,ZN,108.828125,108.828125,108.828125,108.828125,457
2026-06-08T08:45:00.000Z,ZN,108.828125,108.828125,108.828125,108.828125,14
2026-06-08T08:46:00.000Z,ZN,108.828125,108.828125,108.828125,108.828125,150
2026-06-08T08:47:00.000Z,ZN,108.8125,108.8125,108.8125,108.8125,1065
2026-06-08T08:48:00.000Z,ZN,108.828125,108.828125,108.8125,108.8125,17
2026-06-08T08:49:00.000Z,ZN,108.8125,108.8125,108.8125,108.8125,15
2026-06-08T08:50:00.000Z,ZN,108.8125,108.8125,108.8125,108.8125,10
2026-06-08T08:51:00.000Z,ZN,108.828125,108.828125,108.828125,108.828125,5
2026-06-08T08:52:00.000Z,ZN,108.828125,108.828125,108.828125,108.828125,28
2026-06-08T08:53:00.000Z,ZN,108.828125,108.84375,108.828125,108.84375,617
2026-06-08T08:54:00.000Z,ZN,108.828125,108.828125,108.828125,108.828125,1793
2026-06-08T08:55:00.000Z,ZN,108.828125,108.828125,108.828125,108.828125,1674
2026-06-08T08:56:00.000Z,ZN,108.828125,108.84375,108.8125,108.84375,3598
2026-06-08T08:57:00.000Z,ZN,108.84375,108.84375,108.828125,108.828125,1456
2026-06-08T08:58:00.000Z,ZN,108.828125,108.828125,108.828125,108.828125,3
2026-06-08T08:59:00.000Z,ZN,108.828125,108.84375,108.828125,108.828125,160
2026-06-08T09:01:00.000Z,ZN,108.828125,108.84375,108.828125,108.84375,67
2026-06-08T09:02:00.000Z,ZN,108.84375,108.84375,108.828125,108.84375,68
2026-06-08T09:03:00.000Z,ZN,108.84375,108.84375,108.828125,108.828125,694
2026-06-08T09:04:00.000Z,ZN,108.828125,108.84375,108.828125,108.84375,1101
2026-06-08T09:05:00.000Z,ZN,108.84375,108.84375,108.84375,108.84375,692
2026-06-08T09:06:00.000Z,ZN,108.84375,108.859375,108.84375,108.84375,502
2026-06-08T09:07:00.000Z,ZN,108.84375,108.84375,108.84375,108.84375,337
2026-06-08T09:08:00.000Z,ZN,108.84375,108.84375,108.84375,108.84375,200
2026-06-08T09:10:00.000Z,ZN,108.84375,108.84375,108.828125,108.84375,964
2026-06-08T09:11:00.000Z,ZN,108.84375,108.84375,108.84375,108.84375,447
2026-06-08T09:12:00.000Z,ZN,108.84375,108.859375,108.84375,108.859375,312
2026-06-08T09:13:00.000Z,ZN,108.859375,108.859375,108.859375,108.859375,1
2026-06-08T09:14:00.000Z,ZN,108.859375,108.859375,108.859375,108.859375,337
2026-06-08T09:15:00.000Z,ZN,108.859375,108.859375,108.859375,108.859375,400
2026-06-08T09:17:00.000Z,ZN,108.859375,108.859375,108.84375,108.84375,2
2026-06-08T09:19:00.000Z,ZN,108.859375,108.859375,108.859375,108.859375,270
2026-06-08T09:20:00.000Z,ZN,108.84375,108.859375,108.84375,108.84375,1588
2026-06-08T09:21:00.000Z,ZN,108.859375,108.859375,108.859375,108.859375,1113
2026-06-08T09:22:00.000Z,ZN,108.859375,108.859375,108.84375,108.84375,91
2026-06-08T09:23:00.000Z,ZN,108.84375,108.84375,108.84375,108.84375,1
2026-06-08T09:24:00.000Z,ZN,108.859375,108.859375,108.859375,108.859375,4
2026-06-08T09:26:00.000Z,ZN,108.859375,108.859375,108.859375,108.859375,75
2026-06-08T09:27:00.000Z,ZN,108.859375,108.859375,108.859375,108.859375,441
2026-06-08T09:28:00.000Z,ZN,108.859375,108.859375,108.859375,108.859375,408
2026-06-08T09:29:00.000Z,ZN,108.859375,108.859375,108.859375,108.859375,360
2026-06-08T09:30:00.000Z,ZN,108.859375,108.875,108.859375,108.875,590
2026-06-08T09:31:00.000Z,ZN,108.875,108.875,108.875,108.875,3
2026-06-08T09:32:00.000Z,ZN,108.875,108.890625,108.875,108.890625,1736
2026-06-08T09:33:00.000Z,ZN,108.875,108.875,108.875,108.875,3873
2026-06-08T09:34:00.000Z,ZN,108.875,108.890625,108.875,108.875,2016
2026-06-08T09:35:00.000Z,ZN,108.875,108.890625,108.875,108.875,2087
2026-06-08T09:36:00.000Z,ZN,108.875,108.953125,108.875,108.921875,16820
2026-06-08T09:37:00.000Z,ZN,108.90625,108.90625,108.890625,108.890625,3561
2026-06-08T09:38:00.000Z,ZN,108.890625,108.90625,108.890625,108.890625,189
2026-06-08T09:39:00.000Z,ZN,108.890625,108.921875,108.890625,108.90625,1005
2026-06-08T09:40:00.000Z,ZN,108.90625,108.90625,108.90625,108.90625,19
2026-06-08T09:41:00.000Z,ZN,108.90625,108.921875,108.90625,108.90625,2046
2026-06-08T09:42:00.000Z,ZN,108.90625,108.921875,108.90625,108.921875,722
2026-06-08T09:43:00.000Z,ZN,108.921875,108.921875,108.90625,108.90625,225
2026-06-08T09:44:00.000Z,ZN,108.921875,108.921875,108.90625,108.90625,529
2026-06-08T09:45:00.000Z,ZN,108.90625,108.921875,108.90625,108.921875,1528
2026-06-08T09:46:00.000Z,ZN,108.921875,108.921875,108.90625,108.90625,54
2026-06-08T09:48:00.000Z,ZN,108.90625,108.921875,108.90625,108.90625,6172
2026-06-08T09:49:00.000Z,ZN,108.921875,108.921875,108.921875,108.921875,1540
2026-06-08T09:50:00.000Z,ZN,108.921875,108.921875,108.921875,108.921875,1328
2026-06-08T09:51:00.000Z,ZN,108.921875,108.9375,108.90625,108.9375,1333
2026-06-08T09:52:00.000Z,ZN,108.921875,108.921875,108.90625,108.90625,1507
2026-06-08T09:53:00.000Z,ZN,108.921875,108.921875,108.921875,108.921875,1
2026-06-08T09:54:00.000Z,ZN,108.921875,108.921875,108.921875,108.921875,9
2026-06-08T09:55:00.000Z,ZN,108.921875,108.921875,108.921875,108.921875,701
2026-06-08T09:56:00.000Z,ZN,108.921875,108.921875,108.921875,108.921875,365
2026-06-08T09:57:00.000Z,ZN,108.921875,108.921875,108.921875,108.921875,1338
2026-06-08T09:58:00.000Z,ZN,108.921875,108.921875,108.921875,108.921875,1613
2026-06-08T10:00:00.000Z,ZN,108.90625,108.921875,108.90625,108.921875,83
2026-06-08T10:01:00.000Z,ZN,108.921875,108.921875,108.90625,108.90625,5772
2026-06-08T10:02:00.000Z,ZN,108.90625,108.90625,108.875,108.90625,7868
2026-06-08T10:03:00.000Z,ZN,108.90625,108.90625,108.90625,108.90625,679
2026-06-08T10:04:00.000Z,ZN,108.90625,108.90625,108.890625,108.90625,1416
2026-06-08T10:05:00.000Z,ZN,108.921875,108.921875,108.921875,108.921875,3522
2026-06-08T10:06:00.000Z,ZN,108.90625,108.921875,108.90625,108.921875,3606
2026-06-08T10:07:00.000Z,ZN,108.9375,108.9375,108.9375,108.9375,20
2026-06-08T10:08:00.000Z,ZN,108.9375,108.9375,108.9375,108.9375,4121
2026-06-08T10:09:00.000Z,ZN,108.921875,108.9375,108.921875,108.9375,39
2026-06-08T10:10:00.000Z,ZN,108.9375,108.9375,108.921875,108.9375,902
2026-06-08T10:11:00.000Z,ZN,108.9375,108.9375,108.9375,108.9375,214
2026-06-08T10:12:00.000Z,ZN,108.9375,108.9375,108.9375,108.9375,523
2026-06-08T10:13:00.000Z,ZN,108.953125,108.953125,108.9375,108.9375,86
2026-06-08T10:14:00.000Z,ZN,108.9375,108.9375,108.9375,108.9375,862
2026-06-08T10:15:00.000Z,ZN,108.9375,108.9375,108.9375,108.9375,744
2026-06-08T10:16:00.000Z,ZN,108.9375,108.9375,108.921875,108.921875,1448
2026-06-08T10:17:00.000Z,ZN,108.921875,108.921875,108.921875,108.921875,1296
2026-06-08T10:18:00.000Z,ZN,108.921875,108.921875,108.921875,108.921875,1028
2026-06-08T10:19:00.000Z,ZN,108.921875,108.921875,108.921875,108.921875,1232
2026-06-08T10:20:00.000Z,ZN,108.921875,108.921875,108.921875,108.921875,812
2026-06-08T10:21:00.000Z,ZN,108.9375,108.9375,108.9375,108.9375,201
2026-06-08T10:22:00.000Z,ZN,108.9375,108.9375,108.9375,108.9375,133
2026-06-08T10:23:00.000Z,ZN,108.9375,108.953125,108.9375,108.953125,293
2026-06-08T10:24:00.000Z,ZN,108.953125,108.953125,108.9375,108.9375,833
2026-06-08T10:25:00.000Z,ZN,108.9375,108.953125,108.9375,108.953125,663
2026-06-08T10:26:00.000Z,ZN,108.9375,108.953125,108.9375,108.9375,1656
2026-06-08T10:27:00.000Z,ZN,108.921875,108.9375,108.921875,108.9375,27
2026-06-08T10:28:00.000Z,ZN,108.9375,108.9375,108.921875,108.9375,82
2026-06-08T10:29:00.000Z,ZN,108.9375,108.9375,108.9375,108.9375,1781
2026-06-08T10:30:00.000Z,ZN,108.9375,108.953125,108.9375,108.9375,579
2026-06-08T10:31:00.000Z,ZN,108.9375,108.9375,108.9375,108.9375,308
2026-06-08T10:32:00.000Z,ZN,108.9375,108.953125,108.9375,108.9375,971
2026-06-08T10:33:00.000Z,ZN,108.9375,108.9375,108.9375,108.9375,404
2026-06-08T10:34:00.000Z,ZN,108.953125,109.0625,108.953125,109.015625,40032
2026-06-08T10:35:00.000Z,ZN,109.0,109.0,108.984375,108.984375,2839
2026-06-08T10:36:00.000Z,ZN,108.984375,109.0,108.984375,108.984375,4241
2026-06-08T10:37:00.000Z,ZN,109.0,109.0,108.984375,108.984375,2264
2026-06-08T10:38:00.000Z,ZN,109.0,109.0,108.984375,108.984375,1041
2026-06-08T10:39:00.000Z,ZN,108.984375,109.0,108.984375,108.984375,827
2026-06-08T10:40:00.000Z,ZN,108.984375,108.984375,108.984375,108.984375,649
2026-06-08T10:41:00.000Z,ZN,108.984375,109.0,108.984375,108.984375,111
2026-06-08T10:42:00.000Z,ZN,108.984375,109.0,108.984375,108.984375,30
2026-06-08T10:43:00.000Z,ZN,109.0,109.0,108.984375,109.0,1361
2026-06-08T10:44:00.000Z,ZN,109.0,109.0,108.984375,109.0,82
2026-06-08T10:45:00.000Z,ZN,109.0,109.015625,109.0,109.0,2196
2026-06-08T10:46:00.000Z,ZN,109.0,109.0,108.984375,108.984375,292
2026-06-08T10:47:00.000Z,ZN,108.984375,108.984375,108.984375,108.984375,507
2026-06-08T10:48:00.000Z,ZN,109.0,109.0,109.0,109.0,324
2026-06-08T10:49:00.000Z,ZN,109.015625,109.015625,109.0,109.0,687
2026-06-08T10:50:00.000Z,ZN,109.0,109.015625,109.0,109.0,806
2026-06-08T10:51:00.000Z,ZN,108.984375,108.984375,108.984375,108.984375,81
2026-06-08T10:52:00.000Z,ZN,109.0,109.0,109.0,109.0,21
2026-06-08T10:53:00.000Z,ZN,109.0,109.0,109.0,109.0,1146
2026-06-08T10:54:00.000Z,ZN,109.0,109.0,108.984375,109.0,957
2026-06-08T10:55:00.000Z,ZN,109.0,109.015625,109.0,109.015625,218
2026-06-08T10:56:00.000Z,ZN,109.015625,109.015625,109.0,109.0,1540
2026-06-08T10:57:00.000Z,ZN,109.0,109.0,109.0,109.0,861
2026-06-08T10:58:00.000Z,ZN,109.0,109.015625,109.0,109.015625,106
2026-06-08T10:59:00.000Z,ZN,109.015625,109.015625,109.0,109.0,539
2026-06-08T11:00:00.000Z,ZN,109.0,109.015625,109.0,109.0,249
2026-06-08T11:01:00.000Z,ZN,109.0,109.015625,109.0,109.0,18
2026-06-08T11:02:00.000Z,ZN,109.0,109.015625,109.0,109.0,145
2026-06-08T11:03:00.000Z,ZN,109.0,109.03125,109.0,109.0,2422
2026-06-08T11:04:00.000Z,ZN,109.0,109.015625,108.96875,108.984375,5720
2026-06-08T11:05:00.000Z,ZN,108.984375,108.984375,108.984375,108.984375,361
2026-06-08T11:06:00.000Z,ZN,108.984375,108.984375,108.96875,108.96875,590
2026-06-08T11:07:00.000Z,ZN,108.96875,108.96875,108.96875,108.96875,6
2026-06-08T11:08:00.000Z,ZN,108.96875,109.0,108.96875,108.984375,598
2026-06-08T11:09:00.000Z,ZN,108.984375,109.0,108.984375,109.0,3105
2026-06-08T11:10:00.000Z,ZN,109.0,109.0625,108.984375,109.0625,10739
2026-06-08T11:11:00.000Z,ZN,109.0625,109.0625,109.03125,109.03125,4972
2026-06-08T11:12:00.000Z,ZN,109.015625,109.03125,109.015625,109.015625,575
2026-06-08T11:13:00.000Z,ZN,109.03125,109.03125,109.0,109.015625,1551
2026-06-08T11:14:00.000Z,ZN,109.0,109.109375,109.0,109.109375,10306
2026-06-08T11:15:00.000Z,ZN,109.09375,109.109375,109.046875,109.078125,13284
2026-06-08T11:16:00.000Z,ZN,109.0625,109.078125,109.0625,109.0625,3500
2026-06-08T11:17:00.000Z,ZN,109.0625,109.078125,109.046875,109.0625,1831
2026-06-08T11:18:00.000Z,ZN,109.0625,109.0625,109.046875,109.0625,1184
2026-06-08T11:19:00.000Z,ZN,109.0625,109.078125,109.046875,109.0625,4377
2026-06-08T11:20:00.000Z,ZN,109.078125,109.078125,109.046875,109.078125,623
2026-06-08T11:21:00.000Z,ZN,109.078125,109.09375,109.078125,109.09375,1445
2026-06-08T11:22:00.000Z,ZN,109.078125,109.078125,109.0625,109.078125,1255
2026-06-08T11:23:00.000Z,ZN,109.0625,109.078125,109.0625,109.0625,188
2026-06-08T11:24:00.000Z,ZN,109.0625,109.078125,109.0625,109.0625,718
2026-06-08T11:25:00.000Z,ZN,109.0625,109.09375,109.0625,109.078125,1603
2026-06-08T11:26:00.000Z,ZN,109.0625,109.09375,109.0625,109.078125,2178
2026-06-08T11:27:00.000Z,ZN,109.0625,109.078125,109.0625,109.0625,123
2026-06-08T11:28:00.000Z,ZN,109.0625,109.078125,109.0625,109.078125,1016
2026-06-08T11:29:00.000Z,ZN,109.0625,109.09375,109.0625,109.078125,339
2026-06-08T11:30:00.000Z,ZN,109.09375,109.09375,109.078125,109.078125,2159
2026-06-08T11:31:00.000Z,ZN,109.078125,109.09375,109.078125,109.09375,331
2026-06-08T11:32:00.000Z,ZN,109.078125,109.09375,109.078125,109.078125,1298
2026-06-08T11:33:00.000Z,ZN,109.09375,109.109375,109.09375,109.09375,2315
2026-06-08T11:34:00.000Z,ZN,109.09375,109.09375,109.09375,109.09375,361
2026-06-08T11:35:00.000Z,ZN,109.09375,109.09375,109.09375,109.09375,2044
2026-06-08T11:36:00.000Z,ZN,109.109375,109.109375,109.09375,109.09375,2756
2026-06-08T11:37:00.000Z,ZN,109.109375,109.109375,109.109375,109.109375,886
2026-06-08T11:38:00.000Z,ZN,109.125,109.125,109.109375,109.109375,236
2026-06-08T11:39:00.000Z,ZN,109.125,109.125,109.109375,109.125,114
2026-06-08T11:40:00.000Z,ZN,109.125,109.140625,109.109375,109.109375,5363
2026-06-08T11:41:00.000Z,ZN,109.109375,109.125,109.109375,109.109375,4421
2026-06-08T11:42:00.000Z,ZN,109.109375,109.125,109.109375,109.109375,3290
2026-06-08T11:43:00.000Z,ZN,109.109375,109.109375,109.09375,109.109375,698
2026-06-08T11:44:00.000Z,ZN,109.109375,109.109375,109.09375,109.109375,1165
2026-06-08T11:45:00.000Z,ZN,109.109375,109.109375,109.09375,109.09375,2063
2026-06-08T11:46:00.000Z,ZN,109.109375,109.109375,109.09375,109.109375,1854
2026-06-08T11:47:00.000Z,ZN,109.109375,109.109375,109.09375,109.109375,231
2026-06-08T11:48:00.000Z,ZN,109.109375,109.109375,109.09375,109.09375,4278
2026-06-08T11:49:00.000Z,ZN,109.09375,109.109375,109.09375,109.109375,1033
2026-06-08T11:50:00.000Z,ZN,109.125,109.125,109.109375,109.109375,1583
2026-06-08T11:51:00.000Z,ZN,109.109375,109.109375,109.09375,109.09375,475
2026-06-08T11:52:00.000Z,ZN,109.09375,109.109375,109.09375,109.09375,31
2026-06-08T11:53:00.000Z,ZN,109.09375,109.109375,109.09375,109.09375,487
2026-06-08T11:54:00.000Z,ZN,109.109375,109.125,109.09375,109.125,1536
2026-06-08T11:55:00.000Z,ZN,109.125,109.125,109.09375,109.109375,2008
2026-06-08T11:56:00.000Z,ZN,109.125,109.125,109.109375,109.125,687
2026-06-08T11:57:00.000Z,ZN,109.125,109.125,109.109375,109.125,79
2026-06-08T11:58:00.000Z,ZN,109.125,109.125,109.109375,109.109375,215
2026-06-08T11:59:00.000Z,ZN,109.125,109.125,109.09375,109.09375,5006
2026-06-08T12:00:00.000Z,ZN,109.109375,109.125,109.09375,109.109375,4533
2026-06-08T12:01:00.000Z,ZN,109.109375,109.125,109.09375,109.109375,1430
2026-06-08T12:02:00.000Z,ZN,109.109375,109.109375,109.09375,109.109375,366
2026-06-08T12:03:00.000Z,ZN,109.109375,109.125,109.09375,109.09375,1998
2026-06-08T12:04:00.000Z,ZN,109.09375,109.109375,109.09375,109.09375,1949
2026-06-08T12:05:00.000Z,ZN,109.109375,109.109375,109.09375,109.09375,1797
2026-06-08T12:06:00.000Z,ZN,109.109375,109.109375,109.078125,109.09375,2614
2026-06-08T12:07:00.000Z,ZN,109.09375,109.109375,109.09375,109.109375,1107
2026-06-08T12:08:00.000Z,ZN,109.109375,109.109375,109.109375,109.109375,81
2026-06-08T12:09:00.000Z,ZN,109.109375,109.109375,109.09375,109.09375,90
2026-06-08T12:10:00.000Z,ZN,109.09375,109.109375,109.09375,109.09375,1353
2026-06-08T12:11:00.000Z,ZN,109.09375,109.109375,109.078125,109.09375,2413
2026-06-08T12:12:00.000Z,ZN,109.09375,109.09375,109.078125,109.09375,2142
2026-06-08T12:13:00.000Z,ZN,109.09375,109.109375,109.09375,109.09375,6957
2026-06-08T12:14:00.000Z,ZN,109.09375,109.09375,109.078125,109.078125,2912
2026-06-08T12:15:00.000Z,ZN,109.078125,109.09375,109.078125,109.078125,1153
2026-06-08T12:16:00.000Z,ZN,109.078125,109.09375,109.078125,109.078125,2219
2026-06-08T12:17:00.000Z,ZN,109.078125,109.09375,109.078125,109.09375,2119
2026-06-08T12:18:00.000Z,ZN,109.09375,109.09375,109.078125,109.078125,1534
2026-06-08T12:19:00.000Z,ZN,109.09375,109.09375,109.078125,109.078125,4705
2026-06-08T12:20:00.000Z,ZN,109.078125,109.140625,109.078125,109.140625,3973
2026-06-08T12:21:00.000Z,ZN,109.140625,109.15625,109.125,109.140625,7345
2026-06-08T12:22:00.000Z,ZN,109.140625,109.1875,109.125,109.171875,4818
2026-06-08T12:23:00.000Z,ZN,109.1875,109.1875,109.15625,109.171875,5889
2026-06-08T12:24:00.000Z,ZN,109.171875,109.1875,109.15625,109.1875,2738
2026-06-08T12:25:00.000Z,ZN,109.171875,109.1875,109.15625,109.171875,4155
2026-06-08T12:26:00.000Z,ZN,109.171875,109.1875,109.171875,109.171875,2962
2026-06-08T12:27:00.000Z,ZN,109.171875,109.1875,109.171875,109.171875,5271
2026-06-08T12:28:00.000Z,ZN,109.171875,109.203125,109.171875,109.1875,3696
2026-06-08T12:29:00.000Z,ZN,109.1875,109.21875,109.1875,109.203125,6607
2026-06-08T12:30:00.000Z,ZN,109.203125,109.21875,109.1875,109.203125,2536
2026-06-08T12:31:00.000Z,ZN,109.203125,109.203125,109.171875,109.1875,4967
2026-06-08T12:32:00.000Z,ZN,109.1875,109.1875,109.171875,109.1875,3726
2026-06-08T12:33:00.000Z,ZN,109.171875,109.1875,109.171875,109.1875,10111
2026-06-08T12:34:00.000Z,ZN,109.1875,109.1875,109.15625,109.171875,2672
2026-06-08T12:35:00.000Z,ZN,109.171875,109.171875,109.15625,109.171875,132
2026-06-08T12:36:00.000Z,ZN,109.171875,109.171875,109.15625,109.15625,237
2026-06-08T12:37:00.000Z,ZN,109.171875,109.171875,109.171875,109.171875,3689
2026-06-08T12:38:00.000Z,ZN,109.171875,109.171875,109.15625,109.171875,321
2026-06-08T12:39:00.000Z,ZN,109.171875,109.171875,109.140625,109.15625,6293
2026-06-08T12:40:00.000Z,ZN,109.15625,109.171875,109.15625,109.171875,4032
2026-06-08T12:41:00.000Z,ZN,109.171875,109.1875,109.171875,109.171875,345
2026-06-08T12:42:00.000Z,ZN,109.1875,109.25,109.1875,109.203125,44903
2026-06-08T12:43:00.000Z,ZN,109.203125,109.203125,109.1875,109.1875,1815
2026-06-08T12:44:00.000Z,ZN,109.1875,109.1875,109.171875,109.171875,716
2026-06-08T12:45:00.000Z,ZN,109.1875,109.203125,109.171875,109.1875,1637
2026-06-08T12:46:00.000Z,ZN,109.1875,109.1875,109.1875,109.1875,522
2026-06-08T12:47:00.000Z,ZN,109.1875,109.1875,109.171875,109.1875,1813
2026-06-08T12:48:00.000Z,ZN,109.1875,109.1875,109.171875,109.171875,111
2026-06-08T12:49:00.000Z,ZN,109.171875,109.1875,109.171875,109.1875,1186
2026-06-08T12:50:00.000Z,ZN,109.1875,109.1875,109.15625,109.15625,1833
2026-06-08T12:51:00.000Z,ZN,109.15625,109.171875,109.15625,109.15625,2246
2026-06-08T12:52:00.000Z,ZN,109.15625,109.15625,109.140625,109.15625,1418
2026-06-08T12:53:00.000Z,ZN,109.140625,109.15625,109.125,109.15625,5441
2026-06-08T12:54:00.000Z,ZN,109.15625,109.1875,109.15625,109.171875,1159
2026-06-08T12:55:00.000Z,ZN,109.1875,109.1875,109.171875,109.1875,273
2026-06-08T12:56:00.000Z,ZN,109.1875,109.1875,109.15625,109.171875,2579
2026-06-08T12:57:00.000Z,ZN,109.171875,109.1875,109.15625,109.171875,1449
2026-06-08T12:58:00.000Z,ZN,109.1875,109.1875,109.171875,109.171875,1178
2026-06-08T12:59:00.000Z,ZN,109.1875,109.1875,109.171875,109.171875,3317
2026-06-08T13:00:00.000Z,ZN,109.171875,109.203125,109.15625,109.1875,9259
2026-06-08T13:01:00.000Z,ZN,109.171875,109.171875,109.171875,109.171875,2346
2026-06-08T13:02:00.000Z,ZN,109.171875,109.1875,109.171875,109.1875,1146
2026-06-08T13:03:00.000Z,ZN,109.1875,109.203125,109.1875,109.1875,3519
2026-06-08T13:04:00.000Z,ZN,109.1875,109.1875,109.1875,109.1875,952
2026-06-08T13:05:00.000Z,ZN,109.1875,109.1875,109.171875,109.1875,993
2026-06-08T13:06:00.000Z,ZN,109.1875,109.1875,109.171875,109.171875,2219
2026-06-08T13:07:00.000Z,ZN,109.171875,109.1875,109.15625,109.171875,3531
2026-06-08T13:08:00.000Z,ZN,109.171875,109.1875,109.171875,109.171875,807
2026-06-08T13:09:00.000Z,ZN,109.171875,109.171875,109.171875,109.171875,1370
2026-06-08T13:10:00.000Z,ZN,109.171875,109.171875,109.15625,109.171875,1015
2026-06-08T13:11:00.000Z,ZN,109.171875,109.171875,109.15625,109.171875,1340
2026-06-08T13:12:00.000Z,ZN,109.171875,109.1875,109.171875,109.171875,529
2026-06-08T13:13:00.000Z,ZN,109.1875,109.1875,109.171875,109.1875,97
2026-06-08T13:14:00.000Z,ZN,109.1875,109.1875,109.171875,109.1875,40
2026-06-08T13:15:00.000Z,ZN,109.171875,109.171875,109.15625,109.15625,551
2026-06-08T13:16:00.000Z,ZN,109.171875,109.171875,109.140625,109.140625,1352
2026-06-08T13:17:00.000Z,ZN,109.15625,109.15625,109.125,109.15625,5128
2026-06-08T13:18:00.000Z,ZN,109.15625,109.171875,109.15625,109.171875,3010
2026-06-08T13:19:00.000Z,ZN,109.15625,109.171875,109.15625,109.15625,106
2026-06-08T13:20:00.000Z,ZN,109.171875,109.203125,109.15625,109.203125,2865
2026-06-08T13:21:00.000Z,ZN,109.203125,109.234375,109.203125,109.234375,3460
2026-06-08T13:22:00.000Z,ZN,109.21875,109.234375,109.203125,109.234375,5075
2026-06-08T13:23:00.000Z,ZN,109.21875,109.234375,109.203125,109.21875,3506
2026-06-08T13:24:00.000Z,ZN,109.203125,109.203125,109.203125,109.203125,1518
2026-06-08T13:25:00.000Z,ZN,109.203125,109.21875,109.1875,109.21875,2478
2026-06-08T13:26:00.000Z,ZN,109.21875,109.234375,109.203125,109.234375,851
2026-06-08T13:27:00.000Z,ZN,109.21875,109.234375,109.21875,109.234375,5733
2026-06-08T13:28:00.000Z,ZN,109.234375,109.25,109.21875,109.21875,5386
2026-06-08T13:29:00.000Z,ZN,109.21875,109.21875,109.203125,109.21875,2058
2026-06-08T13:30:00.000Z,ZN,109.203125,109.25,109.203125,109.234375,3663
2026-06-08T13:31:00.000Z,ZN,109.234375,109.265625,109.234375,109.25,8232
2026-06-08T13:32:00.000Z,ZN,109.265625,109.265625,109.25,109.265625,16964
2026-06-08T13:33:00.000Z,ZN,109.265625,109.265625,109.25,109.25,1705
2026-06-08T13:34:00.000Z,ZN,109.25,109.25,109.25,109.25,2771
2026-06-08T13:35:00.000Z,ZN,109.25,109.265625,109.25,109.25,3653
2026-06-08T13:36:00.000Z,ZN,109.25,109.265625,109.25,109.265625,5427
2026-06-08T13:37:00.000Z,ZN,109.25,109.265625,109.25,109.265625,4545
2026-06-08T13:38:00.000Z,ZN,109.265625,109.28125,109.25,109.265625,6108
2026-06-08T13:39:00.000Z,ZN,109.25,109.265625,109.25,109.25,9612
2026-06-08T13:40:00.000Z,ZN,109.25,109.25,109.234375,109.234375,5813
2026-06-08T13:41:00.000Z,ZN,109.234375,109.234375,109.21875,109.234375,2516
2026-06-08T13:42:00.000Z,ZN,109.234375,109.25,109.21875,109.21875,4954
2026-06-08T13:43:00.000Z,ZN,109.21875,109.21875,109.1875,109.203125,3218
2026-06-08T13:44:00.000Z,ZN,109.1875,109.203125,109.1875,109.203125,37
2026-06-08T13:45:00.000Z,ZN,109.203125,109.203125,109.171875,109.1875,11441
2026-06-08T13:46:00.000Z,ZN,109.1875,109.1875,109.171875,109.1875,1242
2026-06-08T13:47:00.000Z,ZN,109.171875,109.1875,109.171875,109.1875,6188
2026-06-08T13:48:00.000Z,ZN,109.171875,109.171875,109.171875,109.171875,5959
2026-06-08T13:49:00.000Z,ZN,109.171875,109.171875,109.15625,109.171875,1881
2026-06-08T13:50:00.000Z,ZN,109.171875,109.171875,109.15625,109.15625,1615
2026-06-08T13:51:00.000Z,ZN,109.15625,109.15625,109.125,109.125,5037
2026-06-08T13:52:00.000Z,ZN,109.125,109.140625,109.125,109.140625,3112
2026-06-08T13:53:00.000Z,ZN,109.140625,109.140625,109.125,109.140625,689
2026-06-08T13:54:00.000Z,ZN,109.140625,109.140625,109.109375,109.125,3086
2026-06-08T13:55:00.000Z,ZN,109.125,109.140625,109.109375,109.125,3694
2026-06-08T13:56:00.000Z,ZN,109.125,109.140625,109.125,109.140625,2428
2026-06-08T13:57:00.000Z,ZN,109.140625,109.140625,109.109375,109.125,3096
2026-06-08T13:58:00.000Z,ZN,109.125,109.140625,109.109375,109.140625,886
2026-06-08T13:59:00.000Z,ZN,109.140625,109.140625,109.109375,109.109375,1540
2026-06-08T14:00:00.000Z,ZN,109.109375,109.125,109.109375,109.125,1925
2026-06-08T14:01:00.000Z,ZN,109.125,109.140625,109.109375,109.125,3184
2026-06-08T14:02:00.000Z,ZN,109.140625,109.140625,109.109375,109.109375,2063
2026-06-08T14:03:00.000Z,ZN,109.109375,109.109375,109.09375,109.09375,593
2026-06-08T14:04:00.000Z,ZN,109.109375,109.109375,109.078125,109.09375,2057
2026-06-08T14:05:00.000Z,ZN,109.09375,109.109375,109.078125,109.078125,7804
2026-06-08T14:06:00.000Z,ZN,109.09375,109.109375,109.078125,109.109375,7451
2026-06-08T14:07:00.000Z,ZN,109.109375,109.109375,109.078125,109.078125,806
2026-06-08T14:08:00.000Z,ZN,109.09375,109.09375,109.0625,109.09375,2288
2026-06-08T14:09:00.000Z,ZN,109.09375,109.09375,109.0625,109.078125,1729
2026-06-08T14:10:00.000Z,ZN,109.078125,109.09375,109.0625,109.0625,2894
2026-06-08T14:11:00.000Z,ZN,109.078125,109.09375,109.078125,109.09375,3761
2026-06-08T14:12:00.000Z,ZN,109.09375,109.09375,109.046875,109.046875,1747
2026-06-08T14:13:00.000Z,ZN,109.0625,109.078125,109.046875,109.0625,6241
2026-06-08T14:14:00.000Z,ZN,109.078125,109.078125,109.046875,109.0625,3295
2026-06-08T14:15:00.000Z,ZN,109.078125,109.078125,109.046875,109.046875,1015
2026-06-08T14:16:00.000Z,ZN,109.0625,109.0625,109.03125,109.046875,5053
2026-06-08T14:17:00.000Z,ZN,109.0625,109.0625,109.046875,109.0625,517
2026-06-08T14:18:00.000Z,ZN,109.0625,109.0625,109.046875,109.046875,535
2026-06-08T14:19:00.000Z,ZN,109.0625,109.0625,109.046875,109.0625,331
2026-06-08T14:20:00.000Z,ZN,109.0625,109.0625,109.03125,109.03125,2091
2026-06-08T14:21:00.000Z,ZN,109.046875,109.0625,109.03125,109.0625,800
2026-06-08T14:22:00.000Z,ZN,109.0625,109.0625,109.03125,109.03125,1357
2026-06-08T14:23:00.000Z,ZN,109.046875,109.046875,109.015625,109.015625,1891
2026-06-08T14:24:00.000Z,ZN,109.015625,109.03125,109.015625,109.03125,2822
2026-06-08T14:25:00.000Z,ZN,109.03125,109.03125,109.03125,109.03125,3283
2026-06-08T14:26:00.000Z,ZN,109.03125,109.046875,109.015625,109.015625,1203
2026-06-08T14:27:00.000Z,ZN,109.015625,109.03125,109.015625,109.015625,51
2026-06-08T14:28:00.000Z,ZN,109.015625,109.03125,109.015625,109.015625,3468
2026-06-08T14:29:00.000Z,ZN,109.015625,109.0625,109.015625,109.0625,10350
2026-06-08T14:30:00.000Z,ZN,109.046875,109.046875,109.03125,109.046875,4459
2026-06-08T14:31:00.000Z,ZN,109.046875,109.046875,109.03125,109.046875,166
2026-06-08T14:32:00.000Z,ZN,109.03125,109.046875,109.03125,109.03125,701
2026-06-08T14:33:00.000Z,ZN,109.046875,109.046875,109.015625,109.03125,3043
2026-06-08T14:34:00.000Z,ZN,109.03125,109.03125,109.03125,109.03125,1495
2026-06-08T14:35:00.000Z,ZN,109.03125,109.046875,109.015625,109.03125,3646
2026-06-08T14:36:00.000Z,ZN,109.03125,109.03125,109.015625,109.03125,476
2026-06-08T14:37:00.000Z,ZN,109.015625,109.03125,109.015625,109.015625,3629
2026-06-08T14:38:00.000Z,ZN,109.015625,109.046875,109.015625,109.03125,4700
2026-06-08T14:39:00.000Z,ZN,109.03125,109.03125,108.96875,109.0,31679
2026-06-08T14:40:00.000Z,ZN,109.0,109.015625,108.984375,108.984375,9905
2026-06-08T14:41:00.000Z,ZN,108.984375,109.0,108.984375,109.0,2118
2026-06-08T14:42:00.000Z,ZN,109.0,109.015625,108.984375,109.0,4366
2026-06-08T14:43:00.000Z,ZN,109.015625,109.03125,109.0,109.0,2098
2026-06-08T14:44:00.000Z,ZN,109.0,109.015625,109.0,109.015625,2442
2026-06-08T14:45:00.000Z,ZN,109.015625,109.03125,109.015625,109.015625,2560
2026-06-08T14:46:00.000Z,ZN,109.03125,109.03125,109.0,109.015625,7686
2026-06-08T14:47:00.000Z,ZN,109.015625,109.03125,109.015625,109.015625,4091
2026-06-08T14:48:00.000Z,ZN,109.015625,109.015625,109.0,109.015625,1853
2026-06-08T14:49:00.000Z,ZN,109.015625,109.015625,109.0,109.0,646
2026-06-08T14:50:00.000Z,ZN,109.0,109.015625,109.0,109.015625,742
2026-06-08T14:51:00.000Z,ZN,109.015625,109.015625,109.0,109.015625,3490
2026-06-08T14:52:00.000Z,ZN,109.015625,109.015625,109.0,109.0,70
2026-06-08T14:53:00.000Z,ZN,109.0,109.015625,109.0,109.015625,2388
2026-06-08T14:54:00.000Z,ZN,109.015625,109.03125,109.0,109.015625,1275
2026-06-08T14:55:00.000Z,ZN,109.015625,109.03125,109.015625,109.015625,43
2026-06-08T14:56:00.000Z,ZN,109.015625,109.03125,109.015625,109.03125,204
2026-06-08T14:57:00.000Z,ZN,109.015625,109.03125,109.015625,109.015625,1412
2026-06-08T14:58:00.000Z,ZN,109.015625,109.03125,109.015625,109.015625,407
2026-06-08T14:59:00.000Z,ZN,109.015625,109.046875,109.015625,109.046875,1838
2026-06-08T15:00:00.000Z,ZN,109.03125,109.0625,109.03125,109.046875,11820
2026-06-08T15:01:00.000Z,ZN,109.046875,109.078125,109.046875,109.078125,13727
2026-06-08T15:02:00.000Z,ZN,109.0625,109.09375,109.0625,109.09375,560
2026-06-08T15:03:00.000Z,ZN,109.078125,109.078125,109.046875,109.046875,2913
2026-06-08T15:04:00.000Z,ZN,109.046875,109.0625,109.046875,109.046875,2842
2026-06-08T15:05:00.000Z,ZN,109.03125,109.0625,109.03125,109.046875,905
2026-06-08T15:06:00.000Z,ZN,109.03125,109.0625,109.03125,109.0625,1495
2026-06-08T15:07:00.000Z,ZN,109.046875,109.046875,109.03125,109.03125,541
2026-06-08T15:08:00.000Z,ZN,109.03125,109.046875,109.03125,109.046875,2379
2026-06-08T15:09:00.000Z,ZN,109.03125,109.046875,109.03125,109.03125,72
2026-06-08T15:10:00.000Z,ZN,109.03125,109.046875,109.015625,109.015625,5906
2026-06-08T15:11:00.000Z,ZN,109.015625,109.03125,109.015625,109.015625,1220
2026-06-08T15:12:00.000Z,ZN,109.015625,109.0625,109.015625,109.0625,2215
2026-06-08T15:13:00.000Z,ZN,109.046875,109.0625,109.03125,109.046875,1533
2026-06-08T15:14:00.000Z,ZN,109.03125,109.046875,109.03125,109.03125,2060
2026-06-08T15:15:00.000Z,ZN,109.046875,109.0625,109.03125,109.046875,2367
2026-06-08T15:16:00.000Z,ZN,109.03125,109.046875,109.03125,109.03125,1889
2026-06-08T15:17:00.000Z,ZN,109.03125,109.046875,109.015625,109.015625,651
2026-06-08T15:18:00.000Z,ZN,109.015625,109.0625,109.015625,109.0625,9862
2026-06-08T15:19:00.000Z,ZN,109.046875,109.078125,109.046875,109.078125,840
2026-06-08T15:20:00.000Z,ZN,109.0625,109.078125,109.0625,109.0625,696
2026-06-08T15:21:00.000Z,ZN,109.0625,109.078125,109.046875,109.046875,1378
2026-06-08T15:22:00.000Z,ZN,109.046875,109.0625,109.046875,109.0625,4290
2026-06-08T15:23:00.000Z,ZN,109.046875,109.0625,109.046875,109.0625,3175
2026-06-08T15:24:00.000Z,ZN,109.046875,109.078125,109.046875,109.078125,2763
2026-06-08T15:25:00.000Z,ZN,109.078125,109.078125,109.046875,109.0625,1375
2026-06-08T15:26:00.000Z,ZN,109.0625,109.0625,109.03125,109.03125,1457
2026-06-08T15:27:00.000Z,ZN,109.046875,109.046875,109.03125,109.03125,2596
2026-06-08T15:28:00.000Z,ZN,109.03125,109.03125,109.0,109.0,3364
2026-06-08T15:29:00.000Z,ZN,109.015625,109.03125,109.0,109.015625,2628
2026-06-08T15:30:00.000Z,ZN,109.015625,109.015625,108.984375,108.984375,4312
2026-06-08T15:31:00.000Z,ZN,109.0,109.0,108.984375,109.0,3381
2026-06-08T15:32:00.000Z,ZN,109.0,109.0,108.96875,108.984375,2802
2026-06-08T15:33:00.000Z,ZN,108.984375,108.984375,108.96875,108.984375,1972
2026-06-08T15:34:00.000Z,ZN,108.984375,109.0,108.984375,108.984375,1967
2026-06-08T15:35:00.000Z,ZN,109.0,109.0,108.96875,108.984375,1701
2026-06-08T15:36:00.000Z,ZN,108.984375,108.984375,108.96875,108.984375,3647
2026-06-08T15:37:00.000Z,ZN,108.96875,108.984375,108.96875,108.984375,1606
2026-06-08T15:38:00.000Z,ZN,108.984375,108.984375,108.96875,108.984375,106
2026-06-08T15:39:00.000Z,ZN,108.984375,109.0,108.984375,109.0,2112
2026-06-08T15:40:00.000Z,ZN,109.0,109.0,108.984375,108.984375,553
2026-06-08T15:41:00.000Z,ZN,108.984375,109.0,108.984375,108.984375,567
2026-06-08T15:42:00.000Z,ZN,108.984375,109.0,108.96875,109.0,5226
2026-06-08T15:43:00.000Z,ZN,109.0,109.0,108.984375,108.984375,19
2026-06-08T15:44:00.000Z,ZN,108.984375,108.984375,108.96875,108.984375,3424
2026-06-08T15:45:00.000Z,ZN,108.984375,108.984375,108.96875,108.984375,293
2026-06-08T15:46:00.000Z,ZN,108.984375,108.984375,108.96875,108.96875,555
2026-06-08T15:47:00.000Z,ZN,108.96875,108.96875,108.96875,108.96875,48
2026-06-08T15:48:00.000Z,ZN,108.96875,108.984375,108.96875,108.96875,2633
2026-06-08T15:49:00.000Z,ZN,108.96875,108.96875,108.96875,108.96875,4502
2026-06-08T15:50:00.000Z,ZN,108.96875,108.984375,108.96875,108.96875,1036
2026-06-08T15:51:00.000Z,ZN,108.96875,108.984375,108.953125,108.984375,5408
2026-06-08T15:52:00.000Z,ZN,108.96875,108.984375,108.96875,108.96875,2306
2026-06-08T15:53:00.000Z,ZN,108.96875,108.984375,108.96875,108.96875,2104
2026-06-08T15:54:00.000Z,ZN,108.96875,109.0,108.96875,108.984375,2189
2026-06-08T15:55:00.000Z,ZN,108.96875,109.0,108.96875,108.984375,5799
2026-06-08T15:56:00.000Z,ZN,108.984375,109.0,108.984375,108.984375,1268
2026-06-08T15:57:00.000Z,ZN,108.984375,109.0,108.96875,108.984375,1806
2026-06-08T15:58:00.000Z,ZN,108.96875,108.984375,108.96875,108.96875,349
2026-06-08T15:59:00.000Z,ZN,108.96875,108.984375,108.96875,108.96875,1227
2026-06-08T16:00:00.000Z,ZN,108.96875,108.984375,108.96875,108.984375,75
2026-06-08T16:01:00.000Z,ZN,108.96875,109.0,108.96875,108.984375,3248
2026-06-08T16:02:00.000Z,ZN,108.984375,108.984375,108.984375,108.984375,2522
2026-06-08T16:03:00.000Z,ZN,108.96875,108.984375,108.96875,108.96875,934
2026-06-08T16:04:00.000Z,ZN,108.96875,109.0,108.96875,109.0,1622
2026-06-08T16:05:00.000Z,ZN,108.984375,109.0,108.984375,109.0,734
2026-06-08T16:06:00.000Z,ZN,108.984375,109.0,108.984375,108.984375,2650
2026-06-08T16:07:00.000Z,ZN,108.984375,108.984375,108.984375,108.984375,53
2026-06-08T16:08:00.000Z,ZN,108.984375,109.0,108.984375,109.0,1128
2026-06-08T16:09:00.000Z,ZN,108.984375,108.984375,108.96875,108.984375,2985
2026-06-08T16:10:00.000Z,ZN,108.96875,108.984375,108.96875,108.96875,557
2026-06-08T16:11:00.000Z,ZN,108.96875,108.984375,108.96875,108.96875,23
2026-06-08T16:12:00.000Z,ZN,108.96875,108.984375,108.96875,108.96875,2031
2026-06-08T16:13:00.000Z,ZN,108.96875,108.984375,108.96875,108.96875,17
2026-06-08T16:14:00.000Z,ZN,108.96875,108.984375,108.96875,108.96875,54
2026-06-08T16:15:00.000Z,ZN,108.96875,109.0,108.96875,108.984375,3413
2026-06-08T16:16:00.000Z,ZN,108.96875,108.984375,108.96875,108.984375,87
2026-06-08T16:17:00.000Z,ZN,108.96875,108.984375,108.96875,108.96875,2956
2026-06-08T16:18:00.000Z,ZN,108.953125,108.96875,108.953125,108.96875,2989
2026-06-08T16:19:00.000Z,ZN,108.96875,108.96875,108.96875,108.96875,1029
2026-06-08T16:20:00.000Z,ZN,108.96875,108.96875,108.96875,108.96875,28
2026-06-08T16:21:00.000Z,ZN,108.96875,108.96875,108.96875,108.96875,12
2026-06-08T16:22:00.000Z,ZN,108.96875,108.984375,108.96875,108.96875,434
2026-06-08T16:23:00.000Z,ZN,108.96875,109.0,108.96875,108.984375,2251
2026-06-08T16:24:00.000Z,ZN,108.984375,108.984375,108.96875,108.96875,1564
2026-06-08T16:25:00.000Z,ZN,108.96875,108.96875,108.96875,108.96875,7
2026-06-08T16:26:00.000Z,ZN,108.96875,109.0,108.96875,109.0,1928
2026-06-08T16:27:00.000Z,ZN,108.984375,108.984375,108.984375,108.984375,16
2026-06-08T16:28:00.000Z,ZN,109.0,109.0,108.984375,108.984375,1655
2026-06-08T16:29:00.000Z,ZN,108.984375,108.984375,108.96875,108.96875,1603
2026-06-08T16:30:00.000Z,ZN,108.96875,108.984375,108.96875,108.984375,247
2026-06-08T16:31:00.000Z,ZN,108.984375,109.0,108.984375,108.984375,21
2026-06-08T16:32:00.000Z,ZN,108.984375,109.0,108.984375,108.984375,359
2026-06-08T16:33:00.000Z,ZN,109.0,109.0,108.984375,108.984375,115
2026-06-08T16:34:00.000Z,ZN,109.0,109.0,108.984375,108.984375,4337
2026-06-08T16:35:00.000Z,ZN,108.984375,108.984375,108.984375,108.984375,2778
2026-06-08T16:36:00.000Z,ZN,108.984375,108.984375,108.984375,108.984375,4024
2026-06-08T16:37:00.000Z,ZN,108.984375,108.984375,108.984375,108.984375,1450
2026-06-08T16:38:00.000Z,ZN,108.984375,108.984375,108.984375,108.984375,674
2026-06-08T16:39:00.000Z,ZN,109.0,109.0,109.0,109.0,1
2026-06-08T16:40:00.000Z,ZN,108.984375,108.984375,108.984375,108.984375,239
2026-06-08T16:41:00.000Z,ZN,108.984375,108.984375,108.96875,108.984375,1596
2026-06-08T16:42:00.000Z,ZN,108.984375,108.984375,108.984375,108.984375,1545
2026-06-08T16:43:00.000Z,ZN,109.0,109.0,108.984375,108.984375,66
2026-06-08T16:44:00.000Z,ZN,109.0,109.0,108.984375,108.984375,21
2026-06-08T16:45:00.000Z,ZN,109.0,109.0,108.984375,108.984375,3342
2026-06-08T16:46:00.000Z,ZN,108.984375,108.984375,108.984375,108.984375,1079
2026-06-08T16:47:00.000Z,ZN,108.984375,108.984375,108.984375,108.984375,41
2026-06-08T16:48:00.000Z,ZN,109.0,109.0,108.984375,108.984375,2165
2026-06-08T16:49:00.000Z,ZN,109.0,109.0,108.984375,108.984375,37
2026-06-08T16:50:00.000Z,ZN,109.0,109.0,109.0,109.0,325
2026-06-08T16:51:00.000Z,ZN,108.984375,108.984375,108.984375,108.984375,1836
2026-06-08T16:52:00.000Z,ZN,108.984375,108.984375,108.96875,108.984375,2095
2026-06-08T16:53:00.000Z,ZN,108.984375,109.0,108.984375,108.984375,791
2026-06-08T16:54:00.000Z,ZN,109.0,109.0,108.984375,108.984375,64
2026-06-08T16:55:00.000Z,ZN,109.0,109.015625,108.984375,109.0,971
2026-06-08T16:56:00.000Z,ZN,109.015625,109.015625,108.984375,109.0,3255
2026-06-08T16:57:00.000Z,ZN,109.015625,109.015625,108.984375,108.984375,3035
2026-06-08T16:58:00.000Z,ZN,109.0,109.0,108.984375,108.984375,119
2026-06-08T16:59:00.000Z,ZN,109.0,109.0,108.984375,108.984375,812
2026-06-08T17:00:00.000Z,ZN,108.984375,108.984375,108.96875,108.96875,860
2026-06-08T17:01:00.000Z,ZN,108.984375,109.0,108.96875,108.984375,1486
2026-06-08T17:02:00.000Z,ZN,108.984375,109.0,108.96875,108.96875,1391
2026-06-08T17:03:00.000Z,ZN,108.96875,108.984375,108.96875,108.984375,3999
2026-06-08T17:04:00.000Z,ZN,108.984375,109.0,108.984375,108.984375,370
2026-06-08T17:05:00.000Z,ZN,108.984375,109.0,108.984375,108.984375,32
2026-06-08T17:06:00.000Z,ZN,108.984375,109.0,108.984375,108.984375,16
2026-06-08T17:07:00.000Z,ZN,109.0,109.0,108.984375,109.0,285
2026-06-08T17:08:00.000Z,ZN,108.984375,109.0,108.984375,108.984375,455
2026-06-08T17:09:00.000Z,ZN,108.984375,109.0,108.984375,108.984375,169
2026-06-08T17:10:00.000Z,ZN,108.984375,109.0,108.984375,108.984375,24
2026-06-08T17:11:00.000Z,ZN,109.0,109.0,108.984375,108.984375,116
2026-06-08T17:12:00.000Z,ZN,108.984375,109.0,108.984375,109.0,1491
2026-06-08T17:13:00.000Z,ZN,109.015625,109.015625,109.0,109.0,2665
2026-06-08T17:14:00.000Z,ZN,109.0,109.015625,108.984375,109.0,2132
2026-06-08T17:15:00.000Z,ZN,109.0,109.015625,109.0,109.0,2261
2026-06-08T17:16:00.000Z,ZN,109.0,109.0,108.984375,108.984375,104
2026-06-08T17:17:00.000Z,ZN,108.984375,108.984375,108.984375,108.984375,31
2026-06-08T17:18:00.000Z,ZN,108.984375,109.0,108.984375,108.984375,2481
2026-06-08T17:19:00.000Z,ZN,108.984375,108.984375,108.984375,108.984375,72
2026-06-08T17:20:00.000Z,ZN,108.984375,108.984375,108.984375,108.984375,272
2026-06-08T17:21:00.000Z,ZN,108.984375,109.0,108.984375,108.984375,216
2026-06-08T17:22:00.000Z,ZN,108.984375,109.0,108.984375,109.0,6748
2026-06-08T17:23:00.000Z,ZN,109.0,109.0,108.984375,109.0,1010
2026-06-08T17:24:00.000Z,ZN,109.0,109.0,108.984375,109.0,480
2026-06-08T17:25:00.000Z,ZN,109.0,109.0,109.0,109.0,1300
2026-06-08T17:26:00.000Z,ZN,109.0,109.0,108.984375,108.984375,613
2026-06-08T17:27:00.000Z,ZN,108.984375,109.0,108.984375,109.0,21
2026-06-08T17:28:00.000Z,ZN,108.984375,109.015625,108.984375,109.015625,531
2026-06-08T17:29:00.000Z,ZN,109.0,109.015625,109.0,109.0,25
2026-06-08T17:30:00.000Z,ZN,109.0,109.0,109.0,109.0,1925
2026-06-08T17:31:00.000Z,ZN,109.015625,109.015625,108.984375,108.984375,7897
2026-06-08T17:32:00.000Z,ZN,108.984375,109.0,108.984375,109.0,1302
2026-06-08T17:33:00.000Z,ZN,108.984375,109.0,108.984375,109.0,2550
2026-06-08T17:34:00.000Z,ZN,108.984375,108.984375,108.984375,108.984375,8
2026-06-08T17:35:00.000Z,ZN,109.0,109.0,109.0,109.0,1
2026-06-08T17:36:00.000Z,ZN,108.984375,109.015625,108.984375,109.015625,496
2026-06-08T17:37:00.000Z,ZN,109.0,109.0,108.984375,109.0,1194
2026-06-08T17:38:00.000Z,ZN,109.0,109.0,109.0,109.0,775
2026-06-08T17:39:00.000Z,ZN,109.0,109.0,109.0,109.0,429
2026-06-08T17:40:00.000Z,ZN,109.0,109.015625,109.0,109.015625,442
2026-06-08T17:41:00.000Z,ZN,109.0,109.0,109.0,109.0,61
2026-06-08T17:42:00.000Z,ZN,109.015625,109.015625,109.0,109.0,24
2026-06-08T17:44:00.000Z,ZN,109.015625,109.015625,109.0,109.0,120
2026-06-08T17:45:00.000Z,ZN,109.0,109.015625,109.0,109.015625,2917
2026-06-08T17:46:00.000Z,ZN,109.03125,109.03125,109.03125,109.03125,3521
2026-06-08T17:47:00.000Z,ZN,109.03125,109.046875,109.03125,109.03125,1980
2026-06-08T17:48:00.000Z,ZN,109.03125,109.03125,109.03125,109.03125,100
2026-06-08T17:49:00.000Z,ZN,109.03125,109.046875,109.03125,109.03125,1811
2026-06-08T17:50:00.000Z,ZN,109.046875,109.046875,109.03125,109.046875,3
2026-06-08T17:51:00.000Z,ZN,109.03125,109.03125,109.015625,109.015625,642
2026-06-08T17:52:00.000Z,ZN,109.03125,109.03125,109.015625,109.015625,110
2026-06-08T17:53:00.000Z,ZN,109.03125,109.03125,109.015625,109.015625,159
2026-06-08T17:54:00.000Z,ZN,109.03125,109.03125,109.015625,109.03125,281
2026-06-08T17:55:00.000Z,ZN,109.03125,109.03125,109.015625,109.015625,67
2026-06-08T17:56:00.000Z,ZN,109.03125,109.03125,109.015625,109.015625,75
2026-06-08T17:57:00.000Z,ZN,109.03125,109.03125,109.015625,109.03125,84
2026-06-08T17:58:00.000Z,ZN,109.03125,109.046875,109.015625,109.046875,1340
2026-06-08T17:59:00.000Z,ZN,109.046875,109.046875,109.015625,109.015625,1500
2026-06-08T18:00:00.000Z,ZN,109.03125,109.046875,109.015625,109.046875,1262
2026-06-08T18:01:00.000Z,ZN,109.046875,109.046875,109.03125,109.046875,7
2026-06-08T18:02:00.000Z,ZN,109.046875,109.046875,109.03125,109.046875,916
2026-06-08T18:03:00.000Z,ZN,109.0625,109.0625,109.046875,109.046875,2905
2026-06-08T18:04:00.000Z,ZN,109.046875,109.0625,109.046875,109.046875,1526
2026-06-08T18:05:00.000Z,ZN,109.0625,109.0625,109.046875,109.046875,718
2026-06-08T18:06:00.000Z,ZN,109.0625,109.0625,109.03125,109.046875,381
2026-06-08T18:07:00.000Z,ZN,109.046875,109.046875,109.03125,109.046875,20
2026-06-08T18:08:00.000Z,ZN,109.046875,109.0625,109.03125,109.046875,1071
2026-06-08T18:09:00.000Z,ZN,109.0625,109.0625,109.0625,109.0625,221
2026-06-08T18:10:00.000Z,ZN,109.0625,109.0625,109.03125,109.03125,1213
2026-06-08T18:11:00.000Z,ZN,109.046875,109.046875,109.03125,109.046875,2300
2026-06-08T18:12:00.000Z,ZN,109.046875,109.046875,109.046875,109.046875,31
2026-06-08T18:13:00.000Z,ZN,109.046875,109.0625,109.03125,109.03125,860
2026-06-08T18:14:00.000Z,ZN,109.046875,109.046875,109.03125,109.03125,2374
2026-06-08T18:15:00.000Z,ZN,109.046875,109.046875,109.03125,109.03125,329
2026-06-08T18:16:00.000Z,ZN,109.046875,109.046875,109.03125,109.046875,3147
2026-06-08T18:17:00.000Z,ZN,109.046875,109.0625,109.03125,109.046875,1692
2026-06-08T18:18:00.000Z,ZN,109.0625,109.0625,109.03125,109.046875,338
2026-06-08T18:19:00.000Z,ZN,109.046875,109.046875,109.046875,109.046875,361
2026-06-08T18:20:00.000Z,ZN,109.046875,109.0625,109.046875,109.046875,546
2026-06-08T18:21:00.000Z,ZN,109.0625,109.0625,109.046875,109.046875,211
2026-06-08T18:22:00.000Z,ZN,109.0625,109.0625,109.046875,109.0625,10668
2026-06-08T18:23:00.000Z,ZN,109.046875,109.0625,109.046875,109.0625,2221
2026-06-08T18:24:00.000Z,ZN,109.078125,109.078125,109.046875,109.0625,6492
2026-06-08T18:25:00.000Z,ZN,109.046875,109.078125,109.046875,109.078125,4858
2026-06-08T18:26:00.000Z,ZN,109.078125,109.078125,109.078125,109.078125,110
2026-06-08T18:27:00.000Z,ZN,109.078125,109.078125,109.0625,109.078125,194
2026-06-08T18:28:00.000Z,ZN,109.078125,109.09375,109.078125,109.09375,2849
2026-06-08T18:29:00.000Z,ZN,109.078125,109.09375,109.078125,109.078125,145
2026-06-08T18:30:00.000Z,ZN,109.078125,109.09375,109.0625,109.078125,2821
2026-06-08T18:31:00.000Z,ZN,109.078125,109.078125,109.0625,109.078125,653
2026-06-08T18:32:00.000Z,ZN,109.078125,109.078125,109.078125,109.078125,64
2026-06-08T18:33:00.000Z,ZN,109.078125,109.09375,109.078125,109.09375,4330
2026-06-08T18:34:00.000Z,ZN,109.09375,109.09375,109.078125,109.09375,474
2026-06-08T18:35:00.000Z,ZN,109.078125,109.09375,109.078125,109.09375,157
2026-06-08T18:36:00.000Z,ZN,109.078125,109.09375,109.078125,109.078125,1708
2026-06-08T18:37:00.000Z,ZN,109.078125,109.078125,109.0625,109.0625,3576
2026-06-08T18:38:00.000Z,ZN,109.0625,109.078125,109.0625,109.0625,47
2026-06-08T18:39:00.000Z,ZN,109.0625,109.09375,109.0625,109.09375,676
2026-06-08T18:40:00.000Z,ZN,109.09375,109.09375,109.078125,109.078125,2
2026-06-08T18:41:00.000Z,ZN,109.09375,109.09375,109.078125,109.078125,47
2026-06-08T18:42:00.000Z,ZN,109.09375,109.09375,109.078125,109.078125,84
2026-06-08T18:43:00.000Z,ZN,109.09375,109.09375,109.0625,109.0625,2408
2026-06-08T18:44:00.000Z,ZN,109.0625,109.078125,109.0625,109.078125,5773
2026-06-08T18:45:00.000Z,ZN,109.078125,109.078125,109.078125,109.078125,570
2026-06-08T18:46:00.000Z,ZN,109.078125,109.078125,109.0625,109.0625,63
2026-06-08T18:47:00.000Z,ZN,109.078125,109.078125,109.0625,109.0625,150
2026-06-08T18:48:00.000Z,ZN,109.078125,109.078125,109.0625,109.0625,94
2026-06-08T18:49:00.000Z,ZN,109.078125,109.078125,109.0625,109.0625,176
2026-06-08T18:50:00.000Z,ZN,109.078125,109.078125,109.046875,109.046875,2202
2026-06-08T18:51:00.000Z,ZN,109.046875,109.0625,109.046875,109.046875,43
2026-06-08T18:52:00.000Z,ZN,109.0625,109.078125,109.046875,109.0625,4641
2026-06-08T18:53:00.000Z,ZN,109.078125,109.078125,109.0625,109.0625,566
2026-06-08T18:54:00.000Z,ZN,109.078125,109.078125,109.0625,109.078125,141
2026-06-08T18:55:00.000Z,ZN,109.078125,109.078125,109.0625,109.0625,3315
2026-06-08T18:56:00.000Z,ZN,109.046875,109.078125,109.046875,109.046875,5052
2026-06-08T18:57:00.000Z,ZN,109.046875,109.0625,109.046875,109.0625,386
2026-06-08T18:58:00.000Z,ZN,109.046875,109.0625,109.046875,109.0625,1587
2026-06-08T18:59:00.000Z,ZN,109.0625,109.0625,109.03125,109.03125,18691
2026-06-08T19:00:00.000Z,ZN,109.03125,109.046875,109.015625,109.03125,24135
2026-06-08T19:01:00.000Z,ZN,109.03125,109.046875,109.03125,109.03125,263
2026-06-08T19:02:00.000Z,ZN,109.03125,109.046875,109.03125,109.03125,82
2026-06-08T19:03:00.000Z,ZN,109.03125,109.046875,109.03125,109.03125,4830
2026-06-08T19:04:00.000Z,ZN,109.03125,109.046875,109.03125,109.03125,353
2026-06-08T19:05:00.000Z,ZN,109.03125,109.046875,109.03125,109.03125,2030
2026-06-08T19:06:00.000Z,ZN,109.03125,109.046875,109.03125,109.03125,71
2026-06-08T19:07:00.000Z,ZN,109.03125,109.0625,109.03125,109.03125,1356
2026-06-08T19:08:00.000Z,ZN,109.03125,109.046875,109.03125,109.03125,91
2026-06-08T19:09:00.000Z,ZN,109.03125,109.046875,109.03125,109.046875,472
2026-06-08T19:10:00.000Z,ZN,109.03125,109.046875,109.03125,109.046875,565
2026-06-08T19:11:00.000Z,ZN,109.046875,109.0625,109.03125,109.0625,2324
2026-06-08T19:12:00.000Z,ZN,109.0625,109.0625,109.046875,109.046875,1367
2026-06-08T19:13:00.000Z,ZN,109.046875,109.0625,109.046875,109.046875,2682
2026-06-08T19:14:00.000Z,ZN,109.03125,109.046875,109.03125,109.03125,811
2026-06-08T19:15:00.000Z,ZN,109.03125,109.046875,109.03125,109.046875,3
2026-06-08T19:16:00.000Z,ZN,109.046875,109.046875,109.046875,109.046875,5
2026-06-08T19:17:00.000Z,ZN,109.046875,109.046875,109.03125,109.03125,382
2026-06-08T19:18:00.000Z,ZN,109.046875,109.046875,109.03125,109.03125,448
2026-06-08T19:19:00.000Z,ZN,109.046875,109.046875,109.03125,109.03125,192
2026-06-08T19:20:00.000Z,ZN,109.03125,109.046875,109.03125,109.03125,196
2026-06-08T19:21:00.000Z,ZN,109.03125,109.046875,109.03125,109.03125,182
2026-06-08T19:22:00.000Z,ZN,109.03125,109.03125,109.015625,109.03125,2958
2026-06-08T19:23:00.000Z,ZN,109.03125,109.03125,109.015625,109.03125,40
2026-06-08T19:24:00.000Z,ZN,109.015625,109.03125,109.015625,109.015625,191
2026-06-08T19:25:00.000Z,ZN,109.015625,109.03125,109.015625,109.015625,115
2026-06-08T19:26:00.000Z,ZN,109.015625,109.03125,109.015625,109.015625,3772
2026-06-08T19:27:00.000Z,ZN,109.015625,109.015625,109.0,109.015625,2667
2026-06-08T19:28:00.000Z,ZN,109.015625,109.015625,109.0,109.015625,113
2026-06-08T19:29:00.000Z,ZN,109.015625,109.015625,109.0,109.015625,477
2026-06-08T19:30:00.000Z,ZN,109.015625,109.015625,109.0,109.0,159
2026-06-08T19:31:00.000Z,ZN,109.015625,109.015625,109.0,109.015625,103
2026-06-08T19:32:00.000Z,ZN,109.015625,109.015625,109.0,109.0,284
2026-06-08T19:33:00.000Z,ZN,109.015625,109.015625,109.0,109.015625,141
2026-06-08T19:34:00.000Z,ZN,109.0,109.0,108.984375,109.0,5541
2026-06-08T19:35:00.000Z,ZN,109.0,109.015625,109.0,109.015625,2
2026-06-08T19:36:00.000Z,ZN,109.0,109.015625,108.984375,109.0,2892
2026-06-08T19:37:00.000Z,ZN,109.0,109.0,108.984375,109.0,3545
2026-06-08T19:38:00.000Z,ZN,108.984375,109.0,108.984375,109.0,2227
2026-06-08T19:39:00.000Z,ZN,109.0,109.0,108.984375,108.984375,1189
2026-06-08T19:40:00.000Z,ZN,108.984375,109.0,108.984375,108.984375,325
2026-06-08T19:41:00.000Z,ZN,109.0,109.0,108.984375,108.984375,63
2026-06-08T19:42:00.000Z,ZN,108.984375,108.984375,108.984375,108.984375,2329
2026-06-08T19:43:00.000Z,ZN,108.984375,109.0,108.984375,108.984375,10
2026-06-08T19:44:00.000Z,ZN,108.984375,109.0,108.984375,108.984375,1901
2026-06-08T19:45:00.000Z,ZN,109.0,109.0,108.984375,109.0,5051
2026-06-08T19:46:00.000Z,ZN,109.0,109.015625,109.0,109.015625,405
2026-06-08T19:47:00.000Z,ZN,109.0,109.015625,109.0,109.0,85
2026-06-08T19:48:00.000Z,ZN,109.0,109.0,108.984375,108.984375,940
2026-06-08T19:49:00.000Z,ZN,109.0,109.0,108.984375,108.984375,878
2026-06-08T19:50:00.000Z,ZN,109.0,109.0,109.0,109.0,6616
2026-06-08T19:51:00.000Z,ZN,109.0,109.015625,108.984375,109.0,932
2026-06-08T19:52:00.000Z,ZN,109.0,109.0,108.984375,109.0,2479
2026-06-08T19:53:00.000Z,ZN,108.984375,109.0,108.984375,108.984375,1188
2026-06-08T19:54:00.000Z,ZN,108.984375,108.984375,108.96875,108.96875,1411
2026-06-08T19:55:00.000Z,ZN,108.984375,108.984375,108.96875,108.96875,265
2026-06-08T19:56:00.000Z,ZN,108.96875,108.96875,108.953125,108.96875,5089
2026-06-08T19:57:00.000Z,ZN,108.953125,108.96875,108.953125,108.953125,7518
2026-06-08T19:58:00.000Z,ZN,108.953125,108.96875,108.953125,108.953125,3190
2026-06-08T19:59:00.000Z,ZN,108.953125,108.96875,108.9375,108.9375,11009
2026-06-08T20:00:00.000Z,ZN,108.953125,108.96875,108.9375,108.96875,4617
2026-06-08T20:01:00.000Z,ZN,108.953125,108.96875,108.953125,108.953125,1645
2026-06-08T20:02:00.000Z,ZN,108.953125,108.96875,108.953125,108.953125,4185
2026-06-08T20:03:00.000Z,ZN,108.953125,108.96875,108.953125,108.96875,179
2026-06-08T20:04:00.000Z,ZN,108.96875,108.96875,108.953125,108.953125,58
2026-06-08T20:05:00.000Z,ZN,108.953125,108.953125,108.953125,108.953125,2052
2026-06-08T20:06:00.000Z,ZN,108.953125,108.953125,108.9375,108.9375,842
2026-06-08T20:07:00.000Z,ZN,108.9375,108.9375,108.9375,108.9375,403
2026-06-08T20:08:00.000Z,ZN,108.9375,108.953125,108.9375,108.953125,281
2026-06-08T20:09:00.000Z,ZN,108.953125,108.953125,108.921875,108.921875,3641
2026-06-08T20:10:00.000Z,ZN,108.921875,108.921875,108.921875,108.921875,251
2026-06-08T20:11:00.000Z,ZN,108.921875,108.921875,108.921875,108.921875,410
2026-06-08T20:12:00.000Z,ZN,108.921875,108.9375,108.921875,108.9375,300
2026-06-08T20:13:00.000Z,ZN,108.921875,108.9375,108.921875,108.921875,5120
2026-06-08T20:14:00.000Z,ZN,108.921875,108.9375,108.921875,108.9375,1545
2026-06-08T20:15:00.000Z,ZN,108.9375,108.9375,108.9375,108.9375,462
2026-06-08T20:16:00.000Z,ZN,108.9375,108.953125,108.9375,108.953125,1073
2026-06-08T20:17:00.000Z,ZN,108.9375,108.953125,108.9375,108.953125,5
2026-06-08T20:18:00.000Z,ZN,108.953125,108.96875,108.953125,108.96875,1175
2026-06-08T20:19:00.000Z,ZN,108.953125,108.953125,108.953125,108.953125,273
2026-06-08T20:20:00.000Z,ZN,108.953125,108.953125,108.953125,108.953125,200
2026-06-08T20:21:00.000Z,ZN,108.953125,108.953125,108.953125,108.953125,1
2026-06-08T20:22:00.000Z,ZN,108.953125,108.953125,108.953125,108.953125,147
2026-06-08T20:23:00.000Z,ZN,108.9375,108.9375,108.9375,108.9375,25
2026-06-08T20:24:00.000Z,ZN,108.9375,108.9375,108.9375,108.9375,88
2026-06-08T20:25:00.000Z,ZN,108.9375,108.9375,108.9375,108.9375,14
2026-06-08T20:26:00.000Z,ZN,108.9375,108.953125,108.9375,108.9375,7080
2026-06-08T20:27:00.000Z,ZN,108.953125,108.953125,108.9375,108.953125,266
2026-06-08T20:28:00.000Z,ZN,108.9375,108.953125,108.9375,108.9375,11
2026-06-08T20:29:00.000Z,ZN,108.9375,108.96875,108.9375,108.953125,1649
2026-06-08T20:30:00.000Z,ZN,108.953125,108.96875,108.953125,108.96875,73
2026-06-08T20:31:00.000Z,ZN,108.953125,108.96875,108.953125,108.96875,249
2026-06-08T20:32:00.000Z,ZN,108.96875,108.96875,108.953125,108.953125,10
2026-06-08T20:33:00.000Z,ZN,108.96875,108.96875,108.953125,108.953125,21
2026-06-08T20:34:00.000Z,ZN,108.953125,108.953125,108.953125,108.953125,15
2026-06-08T20:35:00.000Z,ZN,108.96875,108.96875,108.953125,108.953125,1309
2026-06-08T20:36:00.000Z,ZN,108.953125,108.953125,108.9375,108.9375,2537
2026-06-08T20:38:00.000Z,ZN,108.953125,108.96875,108.953125,108.953125,1653
2026-06-08T20:39:00.000Z,ZN,108.953125,108.953125,108.953125,108.953125,1100
2026-06-08T20:40:00.000Z,ZN,108.953125,108.953125,108.953125,108.953125,803
2026-06-08T20:41:00.000Z,ZN,108.953125,108.96875,108.953125,108.96875,422
2026-06-08T20:42:00.000Z,ZN,108.953125,108.96875,108.953125,108.953125,1523
2026-06-08T20:43:00.000Z,ZN,108.9375,108.9375,108.9375,108.9375,1
2026-06-08T20:44:00.000Z,ZN,108.953125,108.953125,108.9375,108.9375,87
2026-06-08T20:45:00.000Z,ZN,108.9375,108.9375,108.9375,108.9375,3
2026-06-08T20:46:00.000Z,ZN,108.953125,108.953125,108.953125,108.953125,1
2026-06-08T20:47:00.000Z,ZN,108.953125,108.953125,108.9375,108.9375,75
2026-06-08T20:48:00.000Z,ZN,108.9375,108.9375,108.9375,108.9375,87
2026-06-08T20:49:00.000Z,ZN,108.9375,108.953125,108.9375,108.9375,3106
2026-06-08T20:50:00.000Z,ZN,108.921875,108.9375,108.921875,108.9375,189
2026-06-08T20:51:00.000Z,ZN,108.9375,108.953125,108.9375,108.953125,2600
2026-06-08T20:52:00.000Z,ZN,108.953125,108.96875,108.953125,108.953125,2623
2026-06-08T20:53:00.000Z,ZN,108.96875,108.96875,108.953125,108.953125,573
2026-06-08T20:54:00.000Z,ZN,108.96875,108.96875,108.953125,108.953125,3013
2026-06-08T20:56:00.000Z,ZN,108.953125,108.96875,108.953125,108.953125,1095
2026-06-08T20:57:00.000Z,ZN,108.953125,108.96875,108.953125,108.953125,509
2026-06-08T20:58:00.000Z,ZN,108.96875,108.96875,108.953125,108.96875,432
2026-06-08T20:59:00.000Z,ZN,108.96875,108.96875,108.9375,108.96875,3371
2026-06-08T22:00:00.000Z,ZN,108.953125,108.984375,108.953125,108.96875,0
2026-06-08T22:02:00.000Z,ZN,108.984375,108.984375,108.96875,108.96875,376
2026-06-08T22:03:00.000Z,ZN,108.953125,108.96875,108.953125,108.96875,8
2026-06-08T22:04:00.000Z,ZN,108.953125,108.953125,108.953125,108.953125,89
2026-06-08T22:10:00.000Z,ZN,108.96875,108.96875,108.953125,108.953125,18
2026-06-08T22:11:00.000Z,ZN,108.96875,108.96875,108.953125,108.953125,12
2026-06-08T22:12:00.000Z,ZN,108.953125,108.953125,108.953125,108.953125,5
2026-06-08T22:13:00.000Z,ZN,108.953125,108.953125,108.953125,108.953125,12
2026-06-08T22:14:00.000Z,ZN,108.953125,108.953125,108.953125,108.953125,6
2026-06-08T22:15:00.000Z,ZN,108.953125,108.953125,108.953125,108.953125,3
2026-06-08T22:16:00.000Z,ZN,108.953125,108.96875,108.953125,108.953125,4
2026-06-08T22:17:00.000Z,ZN,108.953125,108.953125,108.953125,108.953125,2
2026-06-08T22:27:00.000Z,ZN,109.03125,109.03125,109.03125,109.03125,26
2026-06-08T22:28:00.000Z,ZN,108.953125,108.953125,108.953125,108.953125,2
2026-06-08T22:29:00.000Z,ZN,108.953125,108.953125,108.953125,108.953125,1
2026-06-08T22:30:00.000Z,ZN,108.953125,108.953125,108.953125,108.953125,1
2026-06-08T22:31:00.000Z,ZN,108.953125,108.953125,108.953125,108.953125,1
2026-06-08T22:32:00.000Z,ZN,108.953125,108.953125,108.953125,108.953125,1
2026-06-08T22:33:00.000Z,ZN,108.953125,108.953125,108.953125,108.953125,1
2026-06-08T22:34:00.000Z,ZN,108.953125,108.953125,108.953125,108.953125,2
2026-06-08T22:35:00.000Z,ZN,108.953125,108.953125,108.953125,108.953125,1
2026-06-08T22:36:00.000Z,ZN,108.953125,108.953125,108.953125,108.953125,1
2026-06-08T22:37:00.000Z,ZN,108.953125,108.953125,108.953125,108.953125,1
2026-06-08T22:38:00.000Z,ZN,108.953125,108.953125,108.953125,108.953125,1
2026-06-08T22:39:00.000Z,ZN,108.96875,108.96875,108.953125,108.953125,14
2026-06-08T22:40:00.000Z,ZN,108.953125,108.953125,108.953125,108.953125,1
2026-06-08T22:41:00.000Z,ZN,108.953125,108.953125,108.953125,108.953125,1
2026-06-08T22:42:00.000Z,ZN,108.953125,108.96875,108.953125,108.96875,4
2026-06-08T22:43:00.000Z,ZN,108.953125,108.953125,108.953125,108.953125,4
2026-06-08T22:44:00.000Z,ZN,108.953125,108.953125,108.953125,108.953125,101
2026-06-08T22:45:00.000Z,ZN,108.953125,108.96875,108.953125,108.96875,2
2026-06-08T22:46:00.000Z,ZN,108.953125,108.96875,108.953125,108.96875,3
2026-06-08T22:47:00.000Z,ZN,108.953125,108.953125,108.953125,108.953125,1
2026-06-08T22:48:00.000Z,ZN,108.953125,108.96875,108.953125,108.96875,11
2026-06-08T22:49:00.000Z,ZN,108.953125,108.953125,108.953125,108.953125,1
2026-06-08T22:50:00.000Z,ZN,108.953125,108.953125,108.953125,108.953125,3
2026-06-08T22:51:00.000Z,ZN,108.96875,108.96875,108.96875,108.96875,913
2026-06-08T22:52:00.000Z,ZN,108.984375,108.984375,108.96875,108.984375,13
2026-06-08T22:54:00.000Z,ZN,108.984375,108.984375,108.984375,108.984375,3
2026-06-08T22:56:00.000Z,ZN,108.984375,108.984375,108.96875,108.96875,549
2026-06-08T22:57:00.000Z,ZN,108.96875,108.96875,108.96875,108.96875,59
2026-06-08T22:58:00.000Z,ZN,108.953125,108.953125,108.953125,108.953125,1
2026-06-08T22:59:00.000Z,ZN,108.953125,108.953125,108.953125,108.953125,4
2026-06-08T23:00:00.000Z,ZN,108.953125,108.953125,108.953125,108.953125,4
2026-06-08T23:01:00.000Z,ZN,108.953125,108.953125,108.953125,108.953125,1
2026-06-08T23:02:00.000Z,ZN,108.953125,108.953125,108.953125,108.953125,3
2026-06-08T23:03:00.000Z,ZN,108.953125,108.953125,108.953125,108.953125,2
2026-06-08T23:04:00.000Z,ZN,108.953125,108.953125,108.953125,108.953125,2
2026-06-08T23:05:00.000Z,ZN,108.953125,108.953125,108.953125,108.953125,3
2026-06-08T23:06:00.000Z,ZN,108.953125,108.953125,108.953125,108.953125,3
2026-06-08T23:07:00.000Z,ZN,108.953125,108.953125,108.953125,108.953125,2
2026-06-08T23:08:00.000Z,ZN,108.953125,108.953125,108.953125,108.953125,230
2026-06-08T23:09:00.000Z,ZN,108.953125,108.953125,108.953125,108.953125,6
2026-06-08T23:10:00.000Z,ZN,108.953125,108.953125,108.953125,108.953125,13
2026-06-08T23:11:00.000Z,ZN,108.953125,108.953125,108.953125,108.953125,2
2026-06-08T23:12:00.000Z,ZN,108.953125,108.953125,108.953125,108.953125,1
2026-06-08T23:13:00.000Z,ZN,108.953125,108.953125,108.953125,108.953125,2
2026-06-08T23:14:00.000Z,ZN,108.953125,108.96875,108.953125,108.96875,2
2026-06-08T23:15:00.000Z,ZN,108.96875,108.984375,108.96875,108.984375,468
2026-06-08T23:16:00.000Z,ZN,108.984375,108.984375,108.984375,108.984375,3
2026-06-08T23:18:00.000Z,ZN,108.96875,108.96875,108.96875,108.96875,3
2026-06-08T23:20:00.000Z,ZN,108.984375,108.984375,108.984375,108.984375,3
2026-06-08T23:21:00.000Z,ZN,108.984375,108.984375,108.984375,108.984375,1
2026-06-08T23:24:00.000Z,ZN,108.984375,108.984375,108.96875,108.96875,2
2026-06-08T23:25:00.000Z,ZN,108.96875,108.96875,108.96875,108.96875,1
2026-06-08T23:26:00.000Z,ZN,108.96875,108.96875,108.96875,108.96875,1
2026-06-08T23:27:00.000Z,ZN,108.96875,108.96875,108.96875,108.96875,1
2026-06-08T23:28:00.000Z,ZN,108.984375,108.984375,108.96875,108.96875,2
2026-06-08T23:29:00.000Z,ZN,108.96875,108.984375,108.96875,108.984375,2
2026-06-08T23:30:00.000Z,ZN,108.96875,108.96875,108.96875,108.96875,1
2026-06-08T23:31:00.000Z,ZN,108.984375,108.984375,108.96875,108.96875,10
2026-06-08T23:32:00.000Z,ZN,108.984375,108.984375,108.96875,108.96875,3
2026-06-08T23:34:00.000Z,ZN,108.96875,108.96875,108.96875,108.96875,101
2026-06-08T23:35:00.000Z,ZN,108.984375,108.984375,108.96875,108.96875,2
2026-06-08T23:36:00.000Z,ZN,108.984375,108.984375,108.984375,108.984375,18
2026-06-08T23:37:00.000Z,ZN,108.984375,108.984375,108.96875,108.96875,3
2026-06-08T23:39:00.000Z,ZN,108.984375,108.984375,108.96875,108.96875,7
2026-06-08T23:40:00.000Z,ZN,108.96875,108.96875,108.96875,108.96875,4
2026-06-08T23:41:00.000Z,ZN,108.96875,108.96875,108.96875,108.96875,1
2026-06-08T23:43:00.000Z,ZN,108.984375,108.984375,108.96875,108.96875,2
2026-06-08T23:45:00.000Z,ZN,108.96875,108.96875,108.96875,108.96875,101
2026-06-08T23:46:00.000Z,ZN,108.96875,108.96875,108.96875,108.96875,20
2026-06-08T23:47:00.000Z,ZN,108.96875,108.96875,108.96875,108.96875,1
2026-06-08T23:50:00.000Z,ZN,108.96875,108.96875,108.96875,108.96875,2
2026-06-08T23:52:00.000Z,ZN,108.984375,108.984375,108.96875,108.96875,144
2026-06-08T23:54:00.000Z,ZN,108.984375,108.984375,108.96875,108.96875,3
2026-06-08T23:56:00.000Z,ZN,108.96875,108.96875,108.96875,108.96875,13
2026-06-08T23:58:00.000Z,ZN,108.96875,108.984375,108.96875,108.984375,3
2026-06-09T00:00:00.000Z,ZN,108.984375,109.0,108.953125,108.953125,3646
2026-06-09T00:01:00.000Z,ZN,108.953125,108.96875,108.953125,108.96875,1258
2026-06-09T00:02:00.000Z,ZN,108.953125,108.953125,108.953125,108.953125,116
2026-06-09T00:03:00.000Z,ZN,108.96875,108.96875,108.953125,108.953125,73
2026-06-09T00:04:00.000Z,ZN,108.953125,108.953125,108.921875,108.9375,1572
2026-06-09T00:05:00.000Z,ZN,108.9375,108.9375,108.921875,108.9375,376
2026-06-09T00:06:00.000Z,ZN,108.953125,108.953125,108.953125,108.953125,43
2026-06-09T00:07:00.000Z,ZN,108.953125,108.953125,108.9375,108.953125,1012
2026-06-09T00:08:00.000Z,ZN,108.953125,108.953125,108.9375,108.953125,78
2026-06-09T00:09:00.000Z,ZN,108.953125,108.953125,108.9375,108.953125,106
2026-06-09T00:10:00.000Z,ZN,108.9375,108.953125,108.9375,108.953125,352
2026-06-09T00:11:00.000Z,ZN,108.953125,108.953125,108.9375,108.9375,4
2026-06-09T00:12:00.000Z,ZN,108.953125,108.953125,108.9375,108.9375,262
2026-06-09T00:13:00.000Z,ZN,108.953125,108.953125,108.9375,108.9375,462
2026-06-09T00:14:00.000Z,ZN,108.9375,108.9375,108.9375,108.9375,5
2026-06-09T00:15:00.000Z,ZN,108.953125,108.953125,108.9375,108.9375,618
2026-06-09T00:18:00.000Z,ZN,108.9375,108.9375,108.9375,108.9375,3
2026-06-09T00:19:00.000Z,ZN,108.9375,108.953125,108.9375,108.9375,155
2026-06-09T00:22:00.000Z,ZN,108.9375,108.9375,108.9375,108.9375,59
2026-06-09T00:23:00.000Z,ZN,108.953125,108.953125,108.953125,108.953125,2
2026-06-09T00:26:00.000Z,ZN,108.9375,108.9375,108.921875,108.9375,1722
2026-06-09T00:27:00.000Z,ZN,108.921875,108.921875,108.90625,108.90625,1398
2026-06-09T00:28:00.000Z,ZN,108.90625,108.90625,108.90625,108.90625,1
2026-06-09T00:31:00.000Z,ZN,108.921875,108.921875,108.90625,108.921875,116
2026-06-09T00:32:00.000Z,ZN,108.921875,108.921875,108.890625,108.890625,842
2026-06-09T00:33:00.000Z,ZN,108.90625,108.90625,108.875,108.875,851
2026-06-09T00:34:00.000Z,ZN,108.875,108.890625,108.875,108.875,756
2026-06-09T00:35:00.000Z,ZN,108.875,108.890625,108.875,108.890625,296
2026-06-09T00:37:00.000Z,ZN,108.90625,108.90625,108.890625,108.890625,107
2026-06-09T00:38:00.000Z,ZN,108.90625,108.90625,108.90625,108.90625,25
2026-06-09T00:39:00.000Z,ZN,108.90625,108.90625,108.890625,108.90625,107
2026-06-09T00:40:00.000Z,ZN,108.890625,108.90625,108.890625,108.890625,1436
2026-06-09T00:41:00.000Z,ZN,108.90625,108.90625,108.890625,108.890625,196
2026-06-09T00:42:00.000Z,ZN,108.890625,108.890625,108.890625,108.890625,10
2026-06-09T00:44:00.000Z,ZN,108.90625,108.921875,108.90625,108.921875,464
2026-06-09T00:45:00.000Z,ZN,108.921875,108.921875,108.921875,108.921875,30
2026-06-09T00:46:00.000Z,ZN,108.921875,108.921875,108.90625,108.90625,2030
2026-06-09T00:47:00.000Z,ZN,108.90625,108.90625,108.90625,108.90625,3
2026-06-09T00:48:00.000Z,ZN,108.90625,108.90625,108.90625,108.90625,683
2026-06-09T00:49:00.000Z,ZN,108.90625,108.921875,108.90625,108.90625,577
2026-06-09T00:51:00.000Z,ZN,108.921875,108.921875,108.90625,108.90625,117
2026-06-09T00:52:00.000Z,ZN,108.890625,108.890625,108.890625,108.890625,6
2026-06-09T00:53:00.000Z,ZN,108.890625,108.890625,108.890625,108.890625,80
2026-06-09T00:54:00.000Z,ZN,108.890625,108.890625,108.890625,108.890625,20
2026-06-09T00:55:00.000Z,ZN,108.890625,108.890625,108.875,108.890625,1600
2026-06-09T00:58:00.000Z,ZN,108.90625,108.90625,108.890625,108.890625,379
2026-06-09T00:59:00.000Z,ZN,108.890625,108.90625,108.890625,108.90625,2
2026-06-09T01:00:00.000Z,ZN,108.90625,108.90625,108.890625,108.90625,1165
2026-06-09T01:02:00.000Z,ZN,108.90625,108.90625,108.890625,108.90625,475
2026-06-09T01:03:00.000Z,ZN,108.90625,108.90625,108.90625,108.90625,1
2026-06-09T01:04:00.000Z,ZN,108.90625,108.921875,108.90625,108.921875,449
2026-06-09T01:05:00.000Z,ZN,108.90625,108.90625,108.890625,108.90625,190
2026-06-09T01:06:00.000Z,ZN,108.890625,108.90625,108.890625,108.890625,276
2026-06-09T01:07:00.000Z,ZN,108.890625,108.890625,108.859375,108.875,1765
2026-06-09T01:08:00.000Z,ZN,108.859375,108.875,108.859375,108.875,620
2026-06-09T01:09:00.000Z,ZN,108.875,108.875,108.875,108.875,1
2026-06-09T01:10:00.000Z,ZN,108.875,108.875,108.875,108.875,738
2026-06-09T01:11:00.000Z,ZN,108.890625,108.890625,108.875,108.890625,168
2026-06-09T01:12:00.000Z,ZN,108.890625,108.890625,108.875,108.890625,19
2026-06-09T01:13:00.000Z,ZN,108.890625,108.890625,108.890625,108.890625,11
2026-06-09T01:14:00.000Z,ZN,108.890625,108.890625,108.875,108.890625,608
2026-06-09T01:15:00.000Z,ZN,108.890625,108.890625,108.875,108.890625,212
2026-06-09T01:16:00.000Z,ZN,108.890625,108.890625,108.890625,108.890625,66
2026-06-09T01:17:00.000Z,ZN,108.90625,108.90625,108.890625,108.890625,13
2026-06-09T01:18:00.000Z,ZN,108.890625,108.90625,108.890625,108.890625,427
2026-06-09T01:19:00.000Z,ZN,108.875,108.90625,108.875,108.875,125
2026-06-09T01:20:00.000Z,ZN,108.890625,108.890625,108.875,108.875,1019
2026-06-09T01:21:00.000Z,ZN,108.890625,108.890625,108.890625,108.890625,157
2026-06-09T01:22:00.000Z,ZN,108.890625,108.921875,108.890625,108.921875,1247
2026-06-09T01:23:00.000Z,ZN,108.921875,108.921875,108.90625,108.90625,378
2026-06-09T01:25:00.000Z,ZN,108.90625,108.921875,108.90625,108.90625,614
2026-06-09T01:26:00.000Z,ZN,108.921875,108.921875,108.921875,108.921875,201
2026-06-09T01:27:00.000Z,ZN,108.90625,108.921875,108.90625,108.921875,14
2026-06-09T01:28:00.000Z,ZN,108.921875,108.921875,108.921875,108.921875,25
2026-06-09T01:29:00.000Z,ZN,108.921875,108.921875,108.90625,108.921875,1901
2026-06-09T01:32:00.000Z,ZN,108.921875,108.921875,108.90625,108.921875,5
2026-06-09T01:33:00.000Z,ZN,108.921875,108.921875,108.921875,108.921875,6
2026-06-09T01:34:00.000Z,ZN,108.921875,108.921875,108.90625,108.90625,1308
2026-06-09T01:38:00.000Z,ZN,108.921875,108.921875,108.90625,108.90625,106
2026-06-09T01:39:00.000Z,ZN,108.921875,108.9375,108.90625,108.90625,956
2026-06-09T01:40:00.000Z,ZN,108.921875,108.9375,108.921875,108.921875,134
2026-06-09T01:41:00.000Z,ZN,108.921875,108.921875,108.921875,108.921875,386
2026-06-09T01:42:00.000Z,ZN,108.921875,108.921875,108.921875,108.921875,252
2026-06-09T01:43:00.000Z,ZN,108.921875,108.921875,108.921875,108.921875,5
2026-06-09T01:44:00.000Z,ZN,108.921875,108.9375,108.921875,108.9375,1167
2026-06-09T01:45:00.000Z,ZN,108.921875,108.921875,108.921875,108.921875,7
2026-06-09T01:46:00.000Z,ZN,108.9375,108.9375,108.9375,108.9375,1
2026-06-09T01:47:00.000Z,ZN,108.921875,108.921875,108.921875,108.921875,30
2026-06-09T01:48:00.000Z,ZN,108.9375,108.9375,108.921875,108.921875,383
2026-06-09T01:49:00.000Z,ZN,108.9375,108.9375,108.921875,108.921875,937
2026-06-09T01:50:00.000Z,ZN,108.921875,108.921875,108.921875,108.921875,141
2026-06-09T01:51:00.000Z,ZN,108.921875,108.921875,108.921875,108.921875,176
2026-06-09T01:52:00.000Z,ZN,108.921875,108.921875,108.90625,108.90625,249
2026-06-09T01:53:00.000Z,ZN,108.921875,108.921875,108.921875,108.921875,139
2026-06-09T01:54:00.000Z,ZN,108.921875,108.921875,108.921875,108.921875,217
2026-06-09T01:55:00.000Z,ZN,108.921875,108.921875,108.921875,108.921875,156
2026-06-09T01:56:00.000Z,ZN,108.921875,108.921875,108.921875,108.921875,4
2026-06-09T01:57:00.000Z,ZN,108.90625,108.90625,108.90625,108.90625,0
