ts,symbol,open,high,low,close,volume
2026-04-14 00:00:00+00:00,ES,6924.0,6924.25,6923.5,6923.75,95
2026-04-14 00:15:00+00:00,ES,6923.75,6925.75,6923.75,6924.75,790
2026-04-14 00:30:00+00:00,ES,6924.75,6925.0,6923.75,6924.0,573
2026-04-14 00:45:00+00:00,ES,6924.25,6925.5,6924.25,6925.25,419
2026-04-14 01:00:00+00:00,ES,6925.25,6925.5,6924.5,6925.25,552
2026-04-14 01:15:00+00:00,ES,6925.5,6926.0,6923.25,6924.75,1009
2026-04-14 01:30:00+00:00,ES,6924.75,6924.75,6921.5,6922.75,976
2026-04-14 01:45:00+00:00,ES,6922.5,6923.75,6921.75,6922.0,724
2026-04-14 02:00:00+00:00,ES,6922.0,6922.75,6920.75,6921.5,1493
2026-04-14 02:15:00+00:00,ES,6921.5,6924.0,6920.25,6923.25,1973
2026-04-14 02:30:00+00:00,ES,6923.0,6927.5,6922.5,6926.25,2542
2026-04-14 02:45:00+00:00,ES,6926.25,6926.75,6923.5,6926.0,1576
2026-04-14 03:00:00+00:00,ES,6926.0,6936.5,6924.75,6933.75,8419
2026-04-14 03:15:00+00:00,ES,6933.75,6936.0,6931.25,6934.0,4121
2026-04-14 03:30:00+00:00,ES,6933.75,6938.0,6932.25,6933.5,4006
2026-04-14 03:45:00+00:00,ES,6933.25,6935.0,6931.25,6933.25,2574
2026-04-14 04:00:00+00:00,ES,6933.25,6937.0,6931.75,6935.5,3871
2026-04-14 04:15:00+00:00,ES,6935.5,6937.25,6932.75,6936.75,2356
2026-04-14 04:30:00+00:00,ES,6937.0,6939.0,6934.5,6937.5,2494
2026-04-14 04:45:00+00:00,ES,6937.75,6940.75,6937.5,6939.75,3050
2026-04-14 05:00:00+00:00,ES,6940.0,6942.25,6939.5,6941.0,2921
2026-04-14 05:15:00+00:00,ES,6941.0,6941.75,6936.5,6937.25,2454
2026-04-14 05:30:00+00:00,ES,6937.0,6937.0,6932.75,6934.5,2756
2026-04-14 05:45:00+00:00,ES,6934.5,6934.5,6932.5,6933.5,2848
2026-04-14 06:00:00+00:00,ES,6933.5,6936.5,6931.25,6935.75,3614
2026-04-14 06:15:00+00:00,ES,6935.75,6937.25,6933.5,6935.5,2098
2026-04-14 06:30:00+00:00,ES,6935.5,6936.5,6928.0,6928.5,5431
2026-04-14 06:45:00+00:00,ES,6928.75,6932.25,6928.25,6929.5,3035
2026-04-14 07:00:00+00:00,ES,6929.25,6933.0,6928.0,6931.5,3357
2026-04-14 07:15:00+00:00,ES,6931.5,6937.5,6931.5,6936.25,3955
2026-04-14 07:30:00+00:00,ES,6936.5,6937.5,6934.25,6935.25,3180
2026-04-14 07:45:00+00:00,ES,6935.25,6945.25,6934.75,6939.0,11163
2026-04-14 08:00:00+00:00,ES,6939.25,6944.75,6939.0,6940.5,7210
2026-04-14 08:15:00+00:00,ES,6940.5,6945.0,6937.25,6944.75,7040
2026-04-14 08:30:00+00:00,ES,6944.75,6949.5,6939.0,6940.75,12452
2026-04-14 08:45:00+00:00,ES,6941.0,6941.25,6936.5,6939.75,7014
2026-04-14 09:00:00+00:00,ES,6939.75,6941.5,6937.25,6940.0,7827
2026-04-14 09:15:00+00:00,ES,6940.25,6942.75,6937.75,6937.75,11646
2026-04-14 09:30:00+00:00,ES,6937.5,6961.25,6937.5,6960.0,97316
2026-04-14 09:45:00+00:00,ES,6959.75,6960.25,6955.5,6956.5,53895
2026-04-14 10:00:00+00:00,ES,6956.5,6971.0,6956.0,6970.5,58980
2026-04-14 10:15:00+00:00,ES,6970.75,6972.25,6967.25,6971.75,48285
2026-04-14 10:30:00+00:00,ES,6971.5,6975.75,6967.75,6970.5,40574
2026-04-14 10:45:00+00:00,ES,6970.75,6979.0,6970.25,6977.0,35638
2026-04-14 11:00:00+00:00,ES,6977.0,6977.75,6970.75,6971.75,35742
2026-04-14 11:15:00+00:00,ES,6971.75,6987.0,6971.25,6984.75,46243
2026-04-14 11:30:00+00:00,ES,6984.75,6993.5,6984.5,6990.25,37782
2026-04-14 11:45:00+00:00,ES,6990.5,6995.25,6990.0,6990.5,34060
2026-04-14 12:00:00+00:00,ES,6990.75,6993.75,6989.75,6992.0,24504
2026-04-14 12:15:00+00:00,ES,6992.0,6999.25,6991.5,6998.25,26739
2026-04-14 12:30:00+00:00,ES,6998.25,6999.5,6993.75,6997.0,24781
2026-04-14 12:45:00+00:00,ES,6996.75,6998.25,6990.0,6991.25,25333
2026-04-14 13:00:00+00:00,ES,6991.5,6995.75,6991.25,6994.25,21672
2026-04-14 13:15:00+00:00,ES,6994.5,7002.5,6994.0,6999.5,27489
2026-04-14 13:30:00+00:00,ES,6999.5,7003.25,6999.25,7002.25,19557
2026-04-14 13:45:00+00:00,ES,7002.25,7002.5,6998.0,6999.5,16888
2026-04-14 14:00:00+00:00,ES,6999.5,7001.5,6997.0,6997.5,19109
2026-04-14 14:15:00+00:00,ES,6997.25,6998.0,6983.25,6988.25,48693
2026-04-14 14:30:00+00:00,ES,6988.0,6994.0,6987.0,6987.75,26159
2026-04-14 14:45:00+00:00,ES,6987.75,6990.0,6985.0,6989.75,22237
2026-04-14 15:00:00+00:00,ES,6989.5,6999.75,6988.75,6997.0,29970
2026-04-14 15:15:00+00:00,ES,6997.0,7005.0,6996.75,7004.5,29659
2026-04-14 15:30:00+00:00,ES,7004.75,7008.0,6999.25,7002.75,41173
2026-04-14 15:45:00+00:00,ES,7002.75,7006.5,6997.0,7006.0,119578
2026-04-14 16:00:00+00:00,ES,7006.0,7007.25,7000.5,7003.25,37417
2026-04-14 16:15:00+00:00,ES,7003.0,7005.5,7002.75,7005.5,5334
2026-04-14 16:30:00+00:00,ES,7005.5,7006.0,7003.5,7005.25,3172
2026-04-14 16:45:00+00:00,ES,7005.0,7005.25,7003.75,7004.25,5167
2026-04-14 18:00:00+00:00,ES,7004.0,7008.5,7001.75,7006.75,2508
2026-04-14 18:15:00+00:00,ES,7006.75,7009.0,7006.25,7006.75,1250
2026-04-14 18:30:00+00:00,ES,7006.75,7007.5,7005.0,7007.0,1142
2026-04-14 18:45:00+00:00,ES,7007.0,7008.0,7004.75,7005.25,808
2026-04-14 19:00:00+00:00,ES,7005.25,7008.0,7005.0,7006.75,720
2026-04-14 19:15:00+00:00,ES,7006.75,7008.25,7006.5,7007.75,586
2026-04-14 19:30:00+00:00,ES,7007.75,7012.25,7006.5,7009.75,3223
2026-04-14 19:45:00+00:00,ES,7010.0,7013.75,7008.5,7008.75,2219
2026-04-14 20:00:00+00:00,ES,7008.5,7009.75,7006.0,7008.25,2619
2026-04-14 20:15:00+00:00,ES,7008.0,7009.5,7006.75,7008.25,1601
2026-04-14 20:30:00+00:00,ES,7008.5,7009.0,7005.0,7005.75,1654
2026-04-14 20:45:00+00:00,ES,7005.75,7009.75,7005.25,7008.75,1275
2026-04-14 21:00:00+00:00,ES,7008.75,7012.5,7007.0,7012.25,1723
2026-04-14 21:15:00+00:00,ES,7012.25,7012.5,7009.75,7011.75,1621
2026-04-14 21:30:00+00:00,ES,7011.75,7012.0,7008.75,7011.0,1552
2026-04-14 21:45:00+00:00,ES,7011.0,7012.5,7010.75,7011.25,964
2026-04-14 22:00:00+00:00,ES,7011.25,7011.5,7008.25,7009.25,1456
2026-04-14 22:15:00+00:00,ES,7009.25,7009.75,7007.0,7007.25,1347
2026-04-14 22:30:00+00:00,ES,7007.25,7007.5,7003.75,7005.5,2110
2026-04-14 22:45:00+00:00,ES,7005.25,7006.25,7004.25,7005.0,920
2026-04-14 23:00:00+00:00,ES,7005.0,7006.75,7004.75,7005.5,978
2026-04-14 23:15:00+00:00,ES,7005.25,7006.5,7005.0,7005.5,810
2026-04-14 23:30:00+00:00,ES,7005.75,7008.25,7005.5,7008.25,1476
2026-04-14 23:45:00+00:00,ES,7008.0,7011.0,7007.25,7010.25,904
2026-04-15 00:00:00+00:00,ES,7008.75,7010.5,7008.75,7010.0,227
2026-04-15 00:15:00+00:00,ES,7010.0,7011.0,7009.75,7010.5,648
2026-04-15 00:30:00+00:00,ES,7010.5,7010.75,7009.5,7009.75,619
2026-04-15 00:45:00+00:00,ES,7009.75,7009.75,7007.25,7007.75,1432
2026-04-15 01:00:00+00:00,ES,7007.75,7017.25,7005.5,7008.75,5086
2026-04-15 01:15:00+00:00,ES,7008.75,7009.0,7003.25,7004.75,1952
2026-04-15 01:30:00+00:00,ES,7004.75,7005.0,7000.5,7001.75,2074
2026-04-15 01:45:00+00:00,ES,7001.75,7004.25,7001.0,7003.75,1992
2026-04-15 02:00:00+00:00,ES,7004.0,7006.5,7003.0,7003.75,1777
2026-04-15 02:15:00+00:00,ES,7003.75,7006.5,7003.25,7006.25,1899
2026-04-15 02:30:00+00:00,ES,7006.0,7008.0,7006.0,7007.25,1880
2026-04-15 02:45:00+00:00,ES,7007.5,7007.5,7004.5,7005.25,1736
2026-04-15 03:00:00+00:00,ES,7005.25,7006.5,7003.0,7005.0,3061
2026-04-15 03:15:00+00:00,ES,7005.25,7005.25,7001.75,7002.75,2843
2026-04-15 03:30:00+00:00,ES,7002.5,7005.75,7002.25,7004.5,1937
2026-04-15 03:45:00+00:00,ES,7004.25,7007.0,6999.25,7005.25,4516
2026-04-15 04:00:00+00:00,ES,7005.5,7007.5,7003.75,7005.5,2616
2026-04-15 04:15:00+00:00,ES,7005.5,7007.75,7002.5,7007.5,3009
2026-04-15 04:30:00+00:00,ES,7007.5,7009.75,7006.75,7007.25,2647
2026-04-15 04:45:00+00:00,ES,7007.25,7010.5,7006.5,7008.5,2030
2026-04-15 05:00:00+00:00,ES,7008.75,7010.25,7000.0,7002.5,8495
2026-04-15 05:15:00+00:00,ES,7002.5,7004.75,7000.5,7001.75,3646
2026-04-15 05:30:00+00:00,ES,7001.5,7003.25,6999.25,7000.75,2105
2026-04-15 05:45:00+00:00,ES,7000.5,7002.5,7000.25,7000.25,1999
2026-04-15 06:00:00+00:00,ES,7000.25,7005.25,6999.5,7002.0,3695
2026-04-15 06:15:00+00:00,ES,7002.0,7002.25,6992.75,6994.75,9473
2026-04-15 06:30:00+00:00,ES,6994.75,7002.0,6991.75,7001.75,8693
2026-04-15 06:45:00+00:00,ES,7001.5,7003.75,6999.5,7002.0,4716
2026-04-15 07:00:00+00:00,ES,7002.0,7006.25,7001.5,7005.5,6250
2026-04-15 07:15:00+00:00,ES,7005.5,7006.25,7001.5,7003.25,4396
2026-04-15 07:30:00+00:00,ES,7003.5,7008.0,7003.0,7005.0,5458
2026-04-15 07:45:00+00:00,ES,7005.0,7018.0,7003.5,7009.0,11422
2026-04-15 08:00:00+00:00,ES,7009.25,7011.25,7002.25,7005.0,8498
2026-04-15 08:15:00+00:00,ES,7005.25,7007.5,7001.5,7005.25,4154
2026-04-15 08:30:00+00:00,ES,7005.25,7012.0,7004.25,7010.75,5414
2026-04-15 08:45:00+00:00,ES,7010.75,7011.0,7008.0,7008.5,5257
2026-04-15 09:00:00+00:00,ES,7008.75,7011.0,7006.0,7010.25,8164
2026-04-15 09:15:00+00:00,ES,7010.25,7015.0,7008.5,7014.25,15428
2026-04-15 09:30:00+00:00,ES,7014.25,7024.75,7004.0,7005.25,91579
2026-04-15 09:45:00+00:00,ES,7005.5,7018.5,7005.25,7018.0,55282
2026-04-15 10:00:00+00:00,ES,7017.75,7021.0,7011.5,7021.0,44377
2026-04-15 10:15:00+00:00,ES,7021.0,7031.0,7019.5,7031.0,57086
2026-04-15 10:30:00+00:00,ES,7031.0,7032.25,7020.75,7029.0,48585
2026-04-15 10:45:00+00:00,ES,7029.25,7033.0,7027.75,7029.0,32600
2026-04-15 11:00:00+00:00,ES,7029.25,7035.0,7026.0,7034.75,42400
2026-04-15 11:15:00+00:00,ES,7035.0,7037.5,7033.5,7035.75,32439
2026-04-15 11:30:00+00:00,ES,7035.75,7037.5,7030.25,7036.25,31277
2026-04-15 11:45:00+00:00,ES,7036.0,7037.5,7031.0,7032.0,25408
2026-04-15 12:00:00+00:00,ES,7032.0,7036.75,7029.75,7035.5,24991
2026-04-15 12:15:00+00:00,ES,7035.75,7040.25,7034.25,7035.75,26276
2026-04-15 12:30:00+00:00,ES,7035.75,7037.25,7025.75,7026.0,38602
2026-04-15 12:45:00+00:00,ES,7026.0,7030.0,7019.25,7027.25,47235
2026-04-15 13:00:00+00:00,ES,7027.25,7036.25,7026.5,7033.75,24875
2026-04-15 13:15:00+00:00,ES,7033.75,7038.25,7032.75,7036.0,19182
2026-04-15 13:30:00+00:00,ES,7036.25,7042.25,7035.0,7036.75,28088
2026-04-15 13:45:00+00:00,ES,7036.75,7040.75,7036.5,7037.0,16495
2026-04-15 14:00:00+00:00,ES,7036.75,7048.5,7033.75,7045.0,44275
2026-04-15 14:15:00+00:00,ES,7045.0,7048.75,7044.0,7047.0,23404
2026-04-15 14:30:00+00:00,ES,7047.0,7054.0,7046.75,7051.0,32284
2026-04-15 14:45:00+00:00,ES,7051.0,7060.5,7051.0,7058.25,28920
2026-04-15 15:00:00+00:00,ES,7058.5,7061.5,7055.75,7056.5,32664
2026-04-15 15:15:00+00:00,ES,7056.5,7062.25,7055.5,7061.75,24304
2026-04-15 15:30:00+00:00,ES,7061.75,7063.25,7054.25,7056.75,35393
2026-04-15 15:45:00+00:00,ES,7056.75,7064.5,7055.25,7060.0,135293
2026-04-15 16:00:00+00:00,ES,7060.0,7062.5,7054.25,7056.0,38240
2026-04-15 16:15:00+00:00,ES,7055.75,7058.75,7055.75,7057.25,5146
2026-04-15 16:30:00+00:00,ES,7057.0,7060.0,7057.0,7058.5,3962
2026-04-15 16:45:00+00:00,ES,7058.5,7059.75,7056.5,7058.25,4548
2026-04-15 18:00:00+00:00,ES,7057.25,7062.25,7055.5,7061.0,1671
2026-04-15 18:15:00+00:00,ES,7060.75,7062.5,7059.75,7061.75,1360
2026-04-15 18:30:00+00:00,ES,7062.0,7065.75,7062.0,7064.0,1779
2026-04-15 18:45:00+00:00,ES,7064.25,7065.5,7064.0,7065.5,1021
2026-04-15 19:00:00+00:00,ES,7065.5,7066.75,7064.5,7065.25,1094
2026-04-15 19:15:00+00:00,ES,7065.25,7066.25,7064.0,7065.0,549
2026-04-15 19:30:00+00:00,ES,7065.25,7067.5,7064.75,7067.0,621
2026-04-15 19:45:00+00:00,ES,7067.25,7070.0,7066.75,7069.0,2000
2026-04-15 20:00:00+00:00,ES,7069.0,7070.0,7066.0,7069.25,2948
2026-04-15 20:15:00+00:00,ES,7069.0,7072.0,7067.5,7068.0,2863
2026-04-15 20:30:00+00:00,ES,7068.25,7072.5,7068.25,7071.5,2463
2026-04-15 20:45:00+00:00,ES,7071.75,7076.0,7071.0,7073.75,3299
2026-04-15 21:00:00+00:00,ES,7073.75,7074.5,7071.25,7073.25,2780
2026-04-15 21:15:00+00:00,ES,7073.5,7075.75,7073.25,7074.0,1527
2026-04-15 21:30:00+00:00,ES,7073.75,7077.5,7072.0,7075.75,2367
2026-04-15 21:45:00+00:00,ES,7075.5,7075.75,7072.25,7072.5,1360
2026-04-15 22:00:00+00:00,ES,7072.75,7075.0,7072.5,7073.5,1213
2026-04-15 22:15:00+00:00,ES,7073.25,7074.0,7072.25,7073.75,1036
2026-04-15 22:30:00+00:00,ES,7073.75,7075.75,7072.75,7074.5,1275
2026-04-15 22:45:00+00:00,ES,7074.75,7075.25,7070.5,7072.0,1758
2026-04-15 23:00:00+00:00,ES,7072.0,7075.5,7071.75,7073.75,1294
2026-04-15 23:15:00+00:00,ES,7073.75,7074.5,7072.25,7072.75,821
2026-04-15 23:30:00+00:00,ES,7073.0,7073.5,7071.5,7072.25,1057
2026-04-15 23:45:00+00:00,ES,7072.0,7073.25,7071.5,7071.75,606
2026-04-16 00:00:00+00:00,ES,7070.5,7071.5,7070.5,7071.5,350
2026-04-16 00:15:00+00:00,ES,7071.5,7072.75,7070.25,7070.5,822
2026-04-16 00:30:00+00:00,ES,7070.5,7071.25,7069.75,7071.0,1004
2026-04-16 00:45:00+00:00,ES,7071.0,7071.75,7070.5,7071.25,804
2026-04-16 01:00:00+00:00,ES,7071.5,7071.75,7068.25,7068.75,1305
2026-04-16 01:15:00+00:00,ES,7068.5,7072.5,7068.5,7072.25,1289
2026-04-16 01:30:00+00:00,ES,7072.25,7074.5,7071.75,7072.0,1795
2026-04-16 01:45:00+00:00,ES,7072.25,7074.0,7072.0,7073.5,991
2026-04-16 02:00:00+00:00,ES,7073.25,7078.0,7073.25,7076.75,3107
2026-04-16 02:15:00+00:00,ES,7077.0,7077.75,7074.75,7076.75,2555
2026-04-16 02:30:00+00:00,ES,7076.75,7078.5,7074.0,7076.5,2213
2026-04-16 02:45:00+00:00,ES,7076.75,7077.75,7076.5,7077.0,1646
2026-04-16 03:00:00+00:00,ES,7077.0,7077.25,7072.75,7073.0,3359
2026-04-16 03:15:00+00:00,ES,7073.0,7076.25,7072.75,7075.25,2031
2026-04-16 03:30:00+00:00,ES,7075.25,7077.0,7074.0,7076.25,3191
2026-04-16 03:45:00+00:00,ES,7076.25,7076.5,7069.25,7070.75,3913
2026-04-16 04:00:00+00:00,ES,7070.75,7072.0,7065.75,7065.75,4942
2026-04-16 04:15:00+00:00,ES,7066.25,7068.0,7063.5,7065.25,5426
2026-04-16 04:30:00+00:00,ES,7065.25,7066.5,7062.0,7066.25,4146
2026-04-16 04:45:00+00:00,ES,7066.0,7068.5,7066.0,7067.75,1930
2026-04-16 05:00:00+00:00,ES,7067.75,7070.5,7067.0,7069.0,2387
2026-04-16 05:15:00+00:00,ES,7069.0,7069.5,7066.5,7067.0,1795
2026-04-16 05:30:00+00:00,ES,7067.0,7068.25,7066.5,7067.25,1902
2026-04-16 05:45:00+00:00,ES,7067.0,7068.5,7065.0,7068.5,1627
2026-04-16 06:00:00+00:00,ES,7068.5,7070.75,7068.25,7069.0,1953
2026-04-16 06:15:00+00:00,ES,7069.0,7069.5,7066.25,7066.75,1943
2026-04-16 06:30:00+00:00,ES,7067.0,7067.0,7061.5,7062.25,3744
2026-04-16 06:45:00+00:00,ES,7062.25,7065.5,7059.0,7064.75,4522
2026-04-16 07:00:00+00:00,ES,7064.5,7067.0,7064.5,7066.75,4004
2026-04-16 07:15:00+00:00,ES,7066.75,7068.0,7062.75,7065.0,2418
2026-04-16 07:30:00+00:00,ES,7065.0,7069.5,7065.0,7066.75,3349
2026-04-16 07:45:00+00:00,ES,7066.75,7070.0,7065.5,7068.5,2629
2026-04-16 08:00:00+00:00,ES,7068.75,7071.25,7065.5,7067.5,5555
2026-04-16 08:15:00+00:00,ES,7067.25,7070.75,7067.0,7070.5,3046
2026-04-16 08:30:00+00:00,ES,7070.75,7073.25,7067.5,7071.5,5802
2026-04-16 08:45:00+00:00,ES,7071.25,7071.25,7067.0,7069.5,5158
2026-04-16 09:00:00+00:00,ES,7069.5,7073.75,7069.5,7071.5,6213
2026-04-16 09:15:00+00:00,ES,7071.5,7072.5,7067.5,7071.75,12097
2026-04-16 09:30:00+00:00,ES,7071.75,7074.0,7062.0,7069.25,75574
2026-04-16 09:45:00+00:00,ES,7069.25,7070.0,7046.5,7056.25,78009
2026-04-16 10:00:00+00:00,ES,7056.0,7062.5,7048.0,7057.5,56383
2026-04-16 10:15:00+00:00,ES,7057.5,7059.5,7047.75,7052.5,49347
2026-04-16 10:30:00+00:00,ES,7052.5,7056.25,7049.75,7055.75,35332
2026-04-16 10:45:00+00:00,ES,7055.75,7063.0,7054.75,7060.5,41881
2026-04-16 11:00:00+00:00,ES,7060.25,7076.0,7060.25,7075.75,53243
2026-04-16 11:15:00+00:00,ES,7075.75,7081.75,7069.0,7069.25,49642
2026-04-16 11:30:00+00:00,ES,7069.25,7085.75,7067.5,7075.25,70267
2026-04-16 11:45:00+00:00,ES,7075.25,7084.5,7071.25,7084.0,37335
2026-04-16 12:00:00+00:00,ES,7084.0,7086.75,7082.25,7085.75,26401
2026-04-16 12:15:00+00:00,ES,7086.0,7089.0,7080.25,7081.75,28634
2026-04-16 12:30:00+00:00,ES,7081.75,7082.25,7063.25,7075.0,63636
2026-04-16 12:45:00+00:00,ES,7075.0,7078.0,7069.0,7069.5,31179
2026-04-16 13:00:00+00:00,ES,7069.75,7070.25,7061.5,7062.0,37592
2026-04-16 13:15:00+00:00,ES,7062.0,7071.0,7059.5,7068.25,34012
2026-04-16 13:30:00+00:00,ES,7068.5,7075.75,7067.25,7075.0,22050
2026-04-16 13:45:00+00:00,ES,7075.0,7076.5,7062.75,7067.75,28610
2026-04-16 14:00:00+00:00,ES,7067.5,7073.5,7061.0,7067.0,33371
2026-04-16 14:15:00+00:00,ES,7067.0,7069.0,7056.25,7059.5,28296
2026-04-16 14:30:00+00:00,ES,7059.5,7071.0,7059.25,7069.5,25422
2026-04-16 14:45:00+00:00,ES,7069.5,7072.0,7065.25,7068.75,18567
2026-04-16 15:00:00+00:00,ES,7068.75,7073.25,7067.5,7069.75,23872
2026-04-16 15:15:00+00:00,ES,7069.5,7073.75,7069.5,7070.5,16605
2026-04-16 15:30:00+00:00,ES,7070.75,7077.75,7069.75,7074.75,21364
2026-04-16 15:45:00+00:00,ES,7074.75,7080.75,7073.0,7076.5,103459
2026-04-16 16:00:00+00:00,ES,7076.75,7078.5,7074.5,7075.5,30714
2026-04-16 16:15:00+00:00,ES,7075.25,7077.0,7074.75,7076.5,4512
2026-04-16 16:30:00+00:00,ES,7076.5,7079.75,7076.25,7078.75,4729
2026-04-16 16:45:00+00:00,ES,7078.75,7080.0,7078.0,7078.25,4148
2026-04-16 18:00:00+00:00,ES,7077.25,7081.5,7075.5,7080.75,1826
2026-04-16 18:15:00+00:00,ES,7080.75,7082.25,7079.75,7082.0,1159
2026-04-16 18:30:00+00:00,ES,7082.0,7083.25,7081.5,7082.75,1167
2026-04-16 18:45:00+00:00,ES,7082.5,7083.0,7081.75,7082.25,854
2026-04-16 19:00:00+00:00,ES,7082.25,7083.5,7081.25,7081.5,692
2026-04-16 19:15:00+00:00,ES,7081.5,7084.75,7081.25,7083.0,736
2026-04-16 19:30:00+00:00,ES,7082.75,7085.5,7082.0,7084.25,980
2026-04-16 19:45:00+00:00,ES,7084.25,7084.5,7082.25,7083.5,1038
2026-04-16 20:00:00+00:00,ES,7083.5,7083.5,7078.0,7079.0,2499
2026-04-16 20:15:00+00:00,ES,7078.75,7084.0,7077.75,7083.0,2011
2026-04-16 20:30:00+00:00,ES,7083.0,7084.25,7082.0,7082.25,1242
2026-04-16 20:45:00+00:00,ES,7082.5,7083.75,7081.75,7082.75,713
2026-04-16 21:00:00+00:00,ES,7082.75,7084.5,7081.75,7083.25,1135
2026-04-16 21:15:00+00:00,ES,7083.25,7084.5,7081.25,7082.0,1395
2026-04-16 21:30:00+00:00,ES,7082.25,7084.25,7081.75,7083.75,883
2026-04-16 21:45:00+00:00,ES,7083.5,7084.5,7081.75,7083.25,1185
2026-04-16 22:00:00+00:00,ES,7083.25,7084.0,7079.75,7081.0,858
2026-04-16 22:15:00+00:00,ES,7081.0,7081.25,7077.25,7078.75,1127
2026-04-16 22:30:00+00:00,ES,7078.75,7080.75,7078.25,7079.25,734
2026-04-16 22:45:00+00:00,ES,7079.0,7079.5,7078.0,7078.75,473
2026-04-16 23:00:00+00:00,ES,7078.5,7079.5,7076.5,7076.75,883
2026-04-16 23:15:00+00:00,ES,7077.0,7078.75,7076.25,7077.75,667
2026-04-16 23:30:00+00:00,ES,7077.75,7078.25,7076.5,7077.5,885
2026-04-16 23:45:00+00:00,ES,7077.5,7078.5,7077.25,7078.25,553
2026-04-17 00:00:00+00:00,ES,7080.5,7081.0,7080.0,7081.0,169
2026-04-17 00:15:00+00:00,ES,7081.0,7083.0,7080.75,7082.0,602
2026-04-17 00:30:00+00:00,ES,7082.0,7082.75,7080.75,7081.0,485
2026-04-17 00:45:00+00:00,ES,7081.0,7082.0,7079.25,7079.25,585
2026-04-17 01:00:00+00:00,ES,7079.5,7079.5,7075.25,7077.5,1305
2026-04-17 01:15:00+00:00,ES,7077.5,7079.25,7077.0,7079.0,618
2026-04-17 01:30:00+00:00,ES,7079.0,7082.0,7076.75,7081.0,1155
2026-04-17 01:45:00+00:00,ES,7081.0,7081.75,7080.75,7081.25,491
2026-04-17 02:00:00+00:00,ES,7081.5,7083.75,7080.5,7082.75,1861
2026-04-17 02:15:00+00:00,ES,7082.5,7083.5,7079.75,7080.5,1252
2026-04-17 02:30:00+00:00,ES,7080.25,7080.25,7077.25,7079.75,1562
2026-04-17 02:45:00+00:00,ES,7079.5,7082.0,7079.25,7079.75,982
2026-04-17 03:00:00+00:00,ES,7080.0,7086.5,7080.0,7084.0,3172
2026-04-17 03:15:00+00:00,ES,7084.0,7084.0,7080.75,7082.75,1824
2026-04-17 03:30:00+00:00,ES,7082.75,7084.5,7082.0,7084.0,1556
2026-04-17 03:45:00+00:00,ES,7083.75,7087.75,7081.75,7086.5,2637
2026-04-17 04:00:00+00:00,ES,7086.5,7087.75,7084.5,7085.75,2540
2026-04-17 04:15:00+00:00,ES,7085.75,7088.0,7084.75,7087.25,2417
2026-04-17 04:30:00+00:00,ES,7087.5,7090.5,7085.75,7090.25,3115
2026-04-17 04:45:00+00:00,ES,7090.0,7091.0,7088.5,7090.75,2079
2026-04-17 05:00:00+00:00,ES,7090.75,7092.75,7088.75,7089.5,3172
2026-04-17 05:15:00+00:00,ES,7089.75,7092.0,7087.75,7091.5,2219
2026-04-17 05:30:00+00:00,ES,7091.75,7091.75,7088.75,7091.25,2547
2026-04-17 05:45:00+00:00,ES,7091.5,7093.75,7089.75,7093.0,4281
2026-04-17 06:00:00+00:00,ES,7093.0,7095.5,7092.0,7094.75,3339
2026-04-17 06:15:00+00:00,ES,7094.75,7095.0,7090.5,7091.0,2100
2026-04-17 06:30:00+00:00,ES,7091.25,7091.25,7088.0,7089.5,2130
2026-04-17 06:45:00+00:00,ES,7089.5,7092.75,7088.5,7091.75,2754
2026-04-17 07:00:00+00:00,ES,7091.5,7095.0,7091.25,7093.5,3116
2026-04-17 07:15:00+00:00,ES,7093.75,7096.25,7093.25,7095.25,2847
2026-04-17 07:30:00+00:00,ES,7095.5,7098.5,7095.25,7098.0,4700
2026-04-17 07:45:00+00:00,ES,7098.25,7102.25,7097.5,7101.0,4700
2026-04-17 08:00:00+00:00,ES,7101.25,7106.75,7099.5,7105.75,7208
2026-04-17 08:15:00+00:00,ES,7105.75,7114.25,7101.75,7114.25,18294
2026-04-17 08:30:00+00:00,ES,7114.25,7120.0,7109.75,7110.25,16485
2026-04-17 08:45:00+00:00,ES,7110.0,7137.0,7109.25,7136.0,53133
2026-04-17 09:00:00+00:00,ES,7136.0,7147.5,7127.5,7145.5,49805
2026-04-17 09:15:00+00:00,ES,7145.5,7145.5,7119.0,7121.0,67549
2026-04-17 09:30:00+00:00,ES,7121.25,7135.5,7119.25,7130.75,117071
2026-04-17 09:45:00+00:00,ES,7130.75,7143.75,7117.0,7143.5,95368
2026-04-17 10:00:00+00:00,ES,7143.5,7154.75,7141.5,7151.75,75056
2026-04-17 10:15:00+00:00,ES,7152.0,7155.75,7145.75,7153.25,62608
2026-04-17 10:30:00+00:00,ES,7153.25,7171.25,7153.0,7170.0,66718
2026-04-17 10:45:00+00:00,ES,7170.0,7174.75,7163.0,7166.0,58199
2026-04-17 11:00:00+00:00,ES,7166.0,7173.0,7162.25,7163.5,62428
2026-04-17 11:15:00+00:00,ES,7163.5,7168.5,7159.5,7167.5,45428
2026-04-17 11:30:00+00:00,ES,7167.5,7175.0,7165.5,7165.75,42988
2026-04-17 11:45:00+00:00,ES,7165.75,7175.0,7165.75,7169.0,40025
2026-04-17 12:00:00+00:00,ES,7169.25,7178.25,7166.75,7175.25,37999
2026-04-17 12:15:00+00:00,ES,7175.25,7177.5,7171.0,7177.25,28520
2026-04-17 12:30:00+00:00,ES,7177.25,7184.25,7177.0,7184.0,30868
2026-04-17 12:45:00+00:00,ES,7184.0,7185.75,7180.75,7181.0,20958
2026-04-17 13:00:00+00:00,ES,7181.25,7183.75,7169.0,7174.0,46758
2026-04-17 13:15:00+00:00,ES,7174.0,7175.75,7151.5,7160.5,77752
2026-04-17 13:30:00+00:00,ES,7160.25,7165.25,7157.25,7160.75,36737
2026-04-17 13:45:00+00:00,ES,7160.5,7169.0,7160.25,7164.5,25771
2026-04-17 14:00:00+00:00,ES,7164.75,7166.75,7155.0,7156.5,33485
2026-04-17 14:15:00+00:00,ES,7156.25,7165.5,7152.75,7159.5,42506
2026-04-17 14:30:00+00:00,ES,7159.75,7165.5,7159.0,7162.75,22526
2026-04-17 14:45:00+00:00,ES,7162.75,7163.5,7153.5,7158.0,32146
2026-04-17 15:00:00+00:00,ES,7157.75,7160.5,7151.0,7153.0,27442
2026-04-17 15:15:00+00:00,ES,7152.75,7157.5,7152.25,7153.75,27112
2026-04-17 15:30:00+00:00,ES,7154.0,7165.0,7153.75,7164.25,33959
2026-04-17 15:45:00+00:00,ES,7164.0,7165.5,7158.25,7161.25,113416
2026-04-17 16:00:00+00:00,ES,7161.5,7166.25,7160.75,7165.25,34189
2026-04-17 16:15:00+00:00,ES,7165.5,7166.25,7159.5,7161.75,9868
2026-04-17 16:30:00+00:00,ES,7161.75,7165.0,7160.75,7162.5,3902
2026-04-17 16:45:00+00:00,ES,7162.5,7165.25,7161.5,7161.5,6080
2026-04-19 18:00:00+00:00,ES,7109.75,7112.0,7103.25,7103.5,3020
2026-04-19 18:15:00+00:00,ES,7103.5,7108.0,7101.75,7102.75,6147
2026-04-19 18:30:00+00:00,ES,7102.5,7116.0,7101.25,7113.75,5371
2026-04-19 18:45:00+00:00,ES,7113.75,7116.0,7110.25,7110.75,2829
2026-04-19 19:00:00+00:00,ES,7110.75,7114.0,7106.75,7107.5,3098
2026-04-19 19:15:00+00:00,ES,7107.5,7109.25,7106.0,7107.75,2084
2026-04-19 19:30:00+00:00,ES,7108.0,7108.5,7104.5,7106.5,2203
2026-04-19 19:45:00+00:00,ES,7106.5,7108.5,7102.5,7106.5,2334
2026-04-19 20:00:00+00:00,ES,7106.75,7108.75,7101.5,7104.75,4246
2026-04-19 20:15:00+00:00,ES,7104.5,7112.5,7104.5,7111.75,3758
2026-04-19 20:30:00+00:00,ES,7111.5,7113.25,7108.75,7111.0,1919
2026-04-19 20:45:00+00:00,ES,7111.5,7114.0,7111.0,7112.75,1780
2026-04-19 21:00:00+00:00,ES,7112.75,7122.0,7112.25,7121.25,5842
2026-04-19 21:15:00+00:00,ES,7121.25,7121.75,7118.25,7119.5,2155
2026-04-19 21:30:00+00:00,ES,7119.25,7125.25,7119.25,7124.25,2611
2026-04-19 21:45:00+00:00,ES,7124.25,7126.75,7123.75,7124.5,1801
2026-04-19 22:00:00+00:00,ES,7124.5,7124.5,7120.75,7121.75,1797
2026-04-19 22:15:00+00:00,ES,7121.5,7123.75,7121.0,7122.5,1277
2026-04-19 22:30:00+00:00,ES,7122.75,7123.0,7121.25,7121.75,946
2026-04-19 22:45:00+00:00,ES,7121.75,7122.25,7119.5,7122.0,1327
2026-04-19 23:00:00+00:00,ES,7122.0,7123.0,7120.25,7121.0,952
2026-04-19 23:15:00+00:00,ES,7121.0,7123.0,7119.75,7122.0,618
2026-04-19 23:30:00+00:00,ES,7122.25,7123.75,7120.75,7121.25,962
2026-04-19 23:45:00+00:00,ES,7121.0,7121.0,7118.75,7119.25,1083
2026-04-20 00:00:00+00:00,ES,7119.25,7120.5,7117.5,7119.5,1171
2026-04-20 00:15:00+00:00,ES,7119.5,7119.5,7117.5,7118.25,932
2026-04-20 00:30:00+00:00,ES,7118.25,7119.5,7116.0,7119.25,1416
2026-04-20 00:45:00+00:00,ES,7119.25,7121.75,7117.75,7120.25,1581
2026-04-20 01:00:00+00:00,ES,7120.5,7121.0,7118.5,7119.5,1195
2026-04-20 01:15:00+00:00,ES,7119.25,7120.5,7115.0,7115.0,1869
2026-04-20 01:30:00+00:00,ES,7115.25,7116.0,7109.5,7109.75,2678
2026-04-20 01:45:00+00:00,ES,7109.75,7115.25,7109.75,7113.75,2378
2026-04-20 02:00:00+00:00,ES,7114.0,7116.0,7113.5,7115.75,431
2026-04-20 05:30:00+00:00,ES,7161.5,7161.5,7127.0,7130.75,60674
2026-04-20 05:45:00+00:00,ES,7130.75,7131.0,7127.75,7128.0,1737
2026-04-20 06:00:00+00:00,ES,7128.25,7136.25,7127.5,7132.5,3414
2026-04-20 06:15:00+00:00,ES,7132.25,7135.5,7129.0,7130.5,2824
2026-04-20 06:30:00+00:00,ES,7130.5,7131.25,7125.75,7127.0,1576
2026-04-20 06:45:00+00:00,ES,7127.0,7161.5,7125.25,7126.5,2502
2026-04-20 07:00:00+00:00,ES,7126.25,7127.0,7121.0,7126.0,3711
2026-04-20 07:15:00+00:00,ES,7126.25,7127.0,7121.5,7122.0,2270
2026-04-20 07:30:00+00:00,ES,7121.75,7127.75,7121.25,7125.75,5122
2026-04-20 07:45:00+00:00,ES,7161.5,7161.5,7126.75,7129.0,4382
2026-04-20 08:00:00+00:00,ES,7129.25,7134.0,7126.75,7129.25,5514
2026-04-20 08:15:00+00:00,ES,7129.5,7134.25,7128.0,7130.25,4139
2026-04-20 08:30:00+00:00,ES,7130.25,7135.5,7130.0,7134.5,5507
2026-04-20 08:45:00+00:00,ES,7134.75,7141.0,7134.25,7136.5,8656
2026-04-20 09:00:00+00:00,ES,7136.5,7147.5,7134.75,7141.0,19685
2026-04-20 09:15:00+00:00,ES,7141.0,7148.25,7139.5,7148.25,13877
2026-04-20 09:30:00+00:00,ES,7148.25,7154.5,7142.25,7148.5,75743
2026-04-20 09:45:00+00:00,ES,7148.5,7159.5,7144.5,7156.75,53713
2026-04-20 10:00:00+00:00,ES,7157.0,7157.5,7146.75,7153.0,47537
2026-04-20 10:15:00+00:00,ES,7152.75,7156.75,7148.0,7149.75,43310
2026-04-20 10:30:00+00:00,ES,7149.75,7150.5,7139.5,7141.5,51977
2026-04-20 10:45:00+00:00,ES,7141.5,7148.25,7124.75,7131.75,87940
2026-04-20 11:00:00+00:00,ES,7131.75,7136.25,7121.5,7127.75,58881
2026-04-20 11:15:00+00:00,ES,7127.5,7145.25,7124.0,7143.0,72399
2026-04-20 11:30:00+00:00,ES,7143.25,7143.25,7132.75,7135.5,39227
2026-04-20 11:45:00+00:00,ES,7135.75,7139.0,7131.25,7136.0,25840
2026-04-20 12:00:00+00:00,ES,7136.25,7137.75,7130.75,7136.0,23311
2026-04-20 12:15:00+00:00,ES,7136.0,7138.25,7130.25,7136.5,21892
2026-04-20 12:30:00+00:00,ES,7136.75,7141.25,7134.0,7137.0,24156
2026-04-20 12:45:00+00:00,ES,7137.25,7139.25,7135.0,7136.75,16524
2026-04-20 13:00:00+00:00,ES,7136.75,7141.75,7132.75,7140.75,23114
2026-04-20 13:15:00+00:00,ES,7140.75,7144.25,7139.75,7140.25,19573
2026-04-20 13:30:00+00:00,ES,7140.0,7143.0,7136.25,7140.0,30078
2026-04-20 13:45:00+00:00,ES,7140.0,7141.0,7137.0,7137.75,11187
2026-04-20 14:00:00+00:00,ES,7137.75,7143.0,7135.0,7142.25,27476
2026-04-20 14:15:00+00:00,ES,7142.25,7146.5,7140.5,7143.5,24284
2026-04-20 14:30:00+00:00,ES,7143.75,7144.25,7139.0,7141.5,24933
2026-04-20 14:45:00+00:00,ES,7141.75,7146.75,7140.75,7143.0,14445
2026-04-20 15:00:00+00:00,ES,7143.25,7146.0,7142.25,7145.0,14457
2026-04-20 15:15:00+00:00,ES,7145.0,7145.5,7140.0,7140.75,13055
2026-04-20 15:30:00+00:00,ES,7140.5,7142.25,7136.75,7137.5,25082
2026-04-20 15:45:00+00:00,ES,7137.5,7149.25,7136.5,7148.25,115196
2026-04-20 16:00:00+00:00,ES,7148.25,7149.5,7146.5,7146.5,39170
2026-04-20 16:15:00+00:00,ES,7146.5,7148.25,7145.25,7147.5,4939
2026-04-20 16:30:00+00:00,ES,7147.5,7160.5,7145.0,7157.75,16520
2026-04-20 16:45:00+00:00,ES,7157.5,7157.5,7151.25,7152.0,5658
2026-04-20 18:00:00+00:00,ES,7150.75,7160.75,7150.0,7157.25,2302
2026-04-20 18:15:00+00:00,ES,7157.0,7158.25,7155.75,7156.5,632
2026-04-20 18:30:00+00:00,ES,7156.5,7157.75,7155.0,7157.0,818
2026-04-20 18:45:00+00:00,ES,7157.0,7158.75,7156.75,7158.25,822
2026-04-20 19:00:00+00:00,ES,7158.25,7158.5,7156.75,7158.0,549
2026-04-20 19:15:00+00:00,ES,7157.75,7158.25,7155.5,7155.75,640
2026-04-20 19:30:00+00:00,ES,7155.5,7156.5,7155.0,7155.75,560
2026-04-20 19:45:00+00:00,ES,7155.75,7155.75,7154.25,7155.0,854
2026-04-20 20:00:00+00:00,ES,7155.0,7158.0,7153.75,7156.0,2467
2026-04-20 20:15:00+00:00,ES,7155.75,7156.75,7152.25,7152.25,1710
2026-04-20 20:30:00+00:00,ES,7152.5,7153.75,7150.0,7152.75,1765
2026-04-20 20:45:00+00:00,ES,7153.0,7160.5,7152.75,7158.25,3588
2026-04-20 21:00:00+00:00,ES,7158.5,7158.5,7155.75,7156.5,1562
2026-04-20 21:15:00+00:00,ES,7156.25,7160.0,7155.5,7159.75,1015
2026-04-20 21:30:00+00:00,ES,7159.75,7162.5,7159.25,7162.25,2709
2026-04-20 21:45:00+00:00,ES,7162.0,7162.25,7157.25,7158.75,1583
2026-04-20 22:00:00+00:00,ES,7158.75,7160.5,7158.25,7160.0,907
2026-04-20 22:15:00+00:00,ES,7160.0,7160.75,7159.0,7160.0,619
2026-04-20 22:30:00+00:00,ES,7160.25,7160.5,7157.75,7160.0,1122
2026-04-20 22:45:00+00:00,ES,7160.25,7160.25,7157.5,7158.0,620
2026-04-20 23:00:00+00:00,ES,7158.0,7158.75,7156.25,7156.75,780
2026-04-20 23:15:00+00:00,ES,7156.5,7157.0,7153.5,7155.5,1331
2026-04-20 23:30:00+00:00,ES,7155.5,7156.0,7154.0,7155.25,656
2026-04-20 23:45:00+00:00,ES,7155.25,7157.0,7155.0,7156.75,972
2026-04-21 00:00:00+00:00,ES,7158.0,7158.25,7157.0,7158.0,284
2026-04-21 00:15:00+00:00,ES,7158.0,7160.5,7158.0,7160.0,667
2026-04-21 00:30:00+00:00,ES,7160.0,7161.25,7159.75,7160.0,597
2026-04-21 00:45:00+00:00,ES,7160.0,7161.25,7160.0,7160.75,711
2026-04-21 01:00:00+00:00,ES,7160.75,7164.5,7160.0,7164.25,1999
2026-04-21 01:15:00+00:00,ES,7164.25,7165.25,7162.75,7164.0,1616
2026-04-21 01:30:00+00:00,ES,7163.75,7163.75,7162.25,7162.5,635
2026-04-21 01:45:00+00:00,ES,7162.5,7162.5,7160.25,7160.5,1647
2026-04-21 02:00:00+00:00,ES,7160.75,7165.25,7159.5,7164.5,2152
2026-04-21 02:15:00+00:00,ES,7164.5,7165.75,7163.5,7163.5,950
2026-04-21 02:30:00+00:00,ES,7148.0,7165.0,7148.0,7163.75,1362
2026-04-21 02:45:00+00:00,ES,7163.75,7164.25,7162.5,7162.75,851
2026-04-21 03:00:00+00:00,ES,7163.0,7163.0,7156.5,7158.0,3616
2026-04-21 03:15:00+00:00,ES,7158.25,7161.0,7157.25,7159.0,2498
2026-04-21 03:30:00+00:00,ES,7159.0,7160.25,7156.75,7159.25,2129
2026-04-21 03:45:00+00:00,ES,7159.25,7163.25,7158.0,7158.25,2876
2026-04-21 04:00:00+00:00,ES,7158.0,7159.25,7154.5,7155.25,2876
2026-04-21 04:15:00+00:00,ES,7155.25,7162.75,7155.25,7161.75,2233
2026-04-21 04:30:00+00:00,ES,7161.5,7167.0,7160.25,7165.25,2438
2026-04-21 04:45:00+00:00,ES,7165.25,7166.75,7163.75,7164.0,1502
2026-04-21 05:00:00+00:00,ES,7164.0,7164.0,7158.5,7160.0,2450
2026-04-21 05:15:00+00:00,ES,7159.75,7162.0,7159.25,7161.0,1443
2026-04-21 05:30:00+00:00,ES,7161.0,7163.0,7161.0,7162.25,1018
2026-04-21 05:45:00+00:00,ES,7162.25,7169.75,7161.75,7168.5,3888
2026-04-21 06:00:00+00:00,ES,7168.5,7172.0,7168.0,7169.75,3390
2026-04-21 06:15:00+00:00,ES,7169.25,7170.0,7168.0,7169.5,1463
2026-04-21 06:30:00+00:00,ES,7169.5,7173.75,7169.25,7173.0,2039
2026-04-21 06:45:00+00:00,ES,7172.75,7177.5,7172.75,7176.0,3243
2026-04-21 07:00:00+00:00,ES,7175.75,7177.75,7170.0,7172.75,10999
2026-04-21 07:15:00+00:00,ES,7173.0,7178.75,7171.25,7178.5,4289
2026-04-21 07:30:00+00:00,ES,7178.5,7183.0,7178.0,7180.25,6838
2026-04-21 07:45:00+00:00,ES,7180.25,7181.25,7175.0,7175.5,5850
2026-04-21 08:00:00+00:00,ES,7175.75,7177.25,7172.5,7172.5,6605
2026-04-21 08:15:00+00:00,ES,7172.5,7174.5,7166.5,7174.25,7124
2026-04-21 08:30:00+00:00,ES,7173.75,7176.25,7161.75,7165.0,14160
2026-04-21 08:45:00+00:00,ES,7165.0,7168.0,7160.75,7164.0,8755
2026-04-21 09:00:00+00:00,ES,7164.25,7165.5,7160.25,7161.25,7661
2026-04-21 09:15:00+00:00,ES,7161.0,7163.75,7160.0,7162.25,12018
2026-04-21 09:30:00+00:00,ES,7162.25,7164.0,7147.0,7156.5,83741
2026-04-21 09:45:00+00:00,ES,7156.25,7168.5,7153.25,7167.75,51781
2026-04-21 10:00:00+00:00,ES,7167.5,7171.75,7164.5,7170.0,41463
2026-04-21 10:15:00+00:00,ES,7170.25,7172.5,7161.25,7165.5,46220
2026-04-21 10:30:00+00:00,ES,7165.5,7167.5,7156.75,7158.5,45270
2026-04-21 10:45:00+00:00,ES,7158.25,7158.75,7134.0,7135.25,69109
2026-04-21 11:00:00+00:00,ES,7135.5,7140.25,7120.75,7138.5,95623
2026-04-21 11:15:00+00:00,ES,7138.25,7141.5,7121.75,7126.25,58079
2026-04-21 11:30:00+00:00,ES,7126.25,7133.25,7119.25,7128.5,52324
2026-04-21 11:45:00+00:00,ES,7128.5,7134.25,7123.5,7126.5,45823
2026-04-21 12:00:00+00:00,ES,7126.5,7138.25,7125.25,7128.25,47904
2026-04-21 12:15:00+00:00,ES,7128.0,7131.25,7121.75,7122.75,29592
2026-04-21 12:30:00+00:00,ES,7122.75,7131.0,7115.5,7117.75,32984
2026-04-21 12:45:00+00:00,ES,7117.75,7125.5,7113.5,7114.75,30228
2026-04-21 13:00:00+00:00,ES,7114.5,7122.0,7102.0,7105.75,78671
2026-04-21 13:15:00+00:00,ES,7105.75,7108.5,7096.75,7105.5,49032
2026-04-21 13:30:00+00:00,ES,7105.5,7133.25,7105.0,7124.0,86582
2026-04-21 13:45:00+00:00,ES,7124.25,7124.75,7111.75,7116.75,39979
2026-04-21 14:00:00+00:00,ES,7116.75,7123.5,7113.5,7118.25,31394
2026-04-21 14:15:00+00:00,ES,7118.25,7120.75,7105.5,7109.75,42161
2026-04-21 14:30:00+00:00,ES,7110.0,7116.5,7109.75,7113.25,19782
2026-04-21 14:45:00+00:00,ES,7113.5,7128.0,7109.0,7122.0,53505
2026-04-21 15:00:00+00:00,ES,7122.25,7132.5,7121.0,7125.5,46542
2026-04-21 15:15:00+00:00,ES,7125.5,7137.5,7121.75,7136.75,51075
2026-04-21 15:30:00+00:00,ES,7136.75,7138.5,7085.0,7090.75,99815
2026-04-21 15:45:00+00:00,ES,7090.5,7107.0,7089.75,7100.5,151647
2026-04-21 16:00:00+00:00,ES,7100.5,7140.0,7091.75,7124.75,67531
2026-04-21 16:15:00+00:00,ES,7125.25,7130.25,7120.75,7122.25,18365
2026-04-21 16:30:00+00:00,ES,7122.0,7126.25,7120.0,7120.75,7684
2026-04-21 16:45:00+00:00,ES,7121.0,7128.5,7118.25,7122.25,6551
2026-04-21 18:00:00+00:00,ES,7125.0,7130.5,7123.75,7129.0,2139
2026-04-21 18:15:00+00:00,ES,7128.75,7129.75,7126.5,7127.75,1066
2026-04-21 18:30:00+00:00,ES,7127.75,7128.75,7125.75,7126.75,746
2026-04-21 18:45:00+00:00,ES,7126.5,7127.5,7121.25,7124.25,2026
2026-04-21 19:00:00+00:00,ES,7124.25,7127.75,7123.0,7126.75,1219
2026-04-21 19:15:00+00:00,ES,7126.5,7128.0,7125.0,7126.0,1030
2026-04-21 19:30:00+00:00,ES,7126.25,7129.5,7124.25,7129.0,1033
2026-04-21 19:45:00+00:00,ES,7129.0,7131.25,7128.75,7131.0,2146
2026-04-21 20:00:00+00:00,ES,7131.25,7138.0,7131.25,7136.25,4000
2026-04-21 20:15:00+00:00,ES,7136.5,7140.0,7134.25,7136.5,2894
2026-04-21 20:30:00+00:00,ES,7136.25,7138.75,7136.0,7137.25,1238
2026-04-21 20:45:00+00:00,ES,7137.0,7137.25,7133.5,7134.5,1634
2026-04-21 21:00:00+00:00,ES,7134.5,7138.0,7134.25,7136.0,1549
2026-04-21 21:15:00+00:00,ES,7136.0,7136.75,7134.25,7135.75,1031
2026-04-21 21:30:00+00:00,ES,7135.75,7142.0,7135.25,7138.75,2431
2026-04-21 21:45:00+00:00,ES,7138.75,7140.25,7136.75,7139.75,1370
2026-04-21 22:00:00+00:00,ES,7139.75,7142.25,7139.0,7141.5,1316
2026-04-21 22:15:00+00:00,ES,7142.0,7143.0,7140.0,7142.25,1228
2026-04-21 22:30:00+00:00,ES,7142.25,7143.0,7139.75,7140.0,940
2026-04-21 22:45:00+00:00,ES,7140.0,7140.75,7139.25,7139.75,585
2026-04-21 23:00:00+00:00,ES,7139.75,7141.5,7137.75,7137.75,960
2026-04-21 23:15:00+00:00,ES,7137.75,7138.5,7136.75,7138.0,818
2026-04-21 23:30:00+00:00,ES,7138.0,7140.25,7135.5,7137.5,1248
2026-04-21 23:45:00+00:00,ES,7137.5,7138.0,7135.5,7136.75,498
2026-04-22 00:00:00+00:00,ES,7137.0,7138.0,7134.25,7137.25,1117
2026-04-22 00:15:00+00:00,ES,7137.25,7137.75,7134.0,7134.0,830
2026-04-22 00:30:00+00:00,ES,7134.0,7134.5,7132.0,7134.0,738
2026-04-22 00:45:00+00:00,ES,7133.75,7135.0,7129.5,7130.25,1198
2026-04-22 01:00:00+00:00,ES,7130.25,7134.5,7128.5,7133.5,1285
2026-04-22 01:15:00+00:00,ES,7133.5,7147.5,7133.5,7140.5,10194
2026-04-22 01:30:00+00:00,ES,7140.5,7143.75,7139.75,7143.0,1658
2026-04-22 01:45:00+00:00,ES,7142.75,7143.75,7140.75,7141.0,977
2026-04-22 02:00:00+00:00,ES,7141.0,7141.25,7134.75,7135.75,2033
2026-04-22 02:15:00+00:00,ES,7135.5,7138.25,7134.0,7138.0,1626
2026-04-22 02:30:00+00:00,ES,7138.0,7143.75,7138.0,7141.5,2405
2026-04-22 02:45:00+00:00,ES,7141.25,7143.5,7140.25,7142.0,1368
2026-04-22 03:00:00+00:00,ES,7142.0,7145.25,7141.25,7144.25,3234
2026-04-22 03:15:00+00:00,ES,7144.0,7145.25,7139.5,7144.75,2358
2026-04-22 03:30:00+00:00,ES,7144.75,7146.75,7141.5,7146.5,3176
2026-04-22 03:45:00+00:00,ES,7146.25,7147.0,7142.0,7142.25,2474
2026-04-22 04:00:00+00:00,ES,7142.5,7144.0,7139.0,7140.25,2752
2026-04-22 04:15:00+00:00,ES,7140.25,7140.25,7134.5,7135.25,3987
2026-04-22 04:30:00+00:00,ES,7135.5,7137.25,7130.0,7135.0,4812
2026-04-22 04:45:00+00:00,ES,7135.25,7139.25,7132.75,7138.5,2197
2026-04-22 05:00:00+00:00,ES,7138.5,7145.5,7137.5,7144.25,5417
2026-04-22 05:15:00+00:00,ES,7144.25,7146.5,7142.25,7145.5,1806
2026-04-22 05:30:00+00:00,ES,7145.5,7146.5,7143.5,7146.25,1792
2026-04-22 05:45:00+00:00,ES,7146.0,7146.5,7134.0,7138.25,4016
2026-04-22 06:00:00+00:00,ES,7138.5,7141.5,7132.75,7135.25,4690
2026-04-22 06:15:00+00:00,ES,7135.25,7140.0,7135.25,7139.75,2193
2026-04-22 06:30:00+00:00,ES,7139.75,7143.5,7138.25,7139.0,3466
2026-04-22 06:45:00+00:00,ES,7139.25,7140.25,7138.0,7139.0,1466
2026-04-22 07:00:00+00:00,ES,7138.75,7140.25,7135.75,7136.5,2951
2026-04-22 07:15:00+00:00,ES,7136.25,7139.75,7135.5,7137.0,2920
2026-04-22 07:30:00+00:00,ES,7137.25,7139.5,7135.75,7136.75,3620
2026-04-22 07:45:00+00:00,ES,7136.75,7143.0,7136.25,7142.0,3764
2026-04-22 08:00:00+00:00,ES,7142.0,7156.5,7142.0,7155.25,10919
2026-04-22 08:15:00+00:00,ES,7155.5,7157.25,7148.25,7148.75,11690
2026-04-22 08:30:00+00:00,ES,7148.75,7150.5,7143.0,7143.5,13950
2026-04-22 08:45:00+00:00,ES,7143.5,7146.0,7138.0,7139.0,8340
2026-04-22 09:00:00+00:00,ES,7139.0,7150.75,7137.5,7142.25,18829
2026-04-22 09:15:00+00:00,ES,7142.25,7152.75,7139.5,7150.0,25600
2026-04-22 09:30:00+00:00,ES,7150.25,7152.25,7140.75,7145.75,60765
2026-04-22 09:45:00+00:00,ES,7146.0,7153.5,7141.0,7152.75,45154
2026-04-22 10:00:00+00:00,ES,7152.75,7160.5,7146.25,7160.0,48683
2026-04-22 10:15:00+00:00,ES,7160.0,7166.25,7159.75,7164.5,46882
2026-04-22 10:30:00+00:00,ES,7164.25,7165.75,7153.25,7156.25,56380
2026-04-22 10:45:00+00:00,ES,7156.25,7162.25,7153.75,7159.25,31729
2026-04-22 11:00:00+00:00,ES,7159.25,7161.25,7151.75,7157.25,38956
2026-04-22 11:15:00+00:00,ES,7157.25,7164.0,7154.5,7160.75,33613
2026-04-22 11:30:00+00:00,ES,7160.75,7163.25,7151.25,7151.5,30442
2026-04-22 11:45:00+00:00,ES,7151.5,7159.25,7150.0,7154.75,26804
2026-04-22 12:00:00+00:00,ES,7155.0,7160.25,7152.5,7157.75,25049
2026-04-22 12:15:00+00:00,ES,7158.0,7159.0,7148.75,7150.0,19375
2026-04-22 12:30:00+00:00,ES,7150.0,7155.5,7146.5,7149.25,32223
2026-04-22 12:45:00+00:00,ES,7149.25,7152.75,7146.75,7147.75,25812
2026-04-22 13:00:00+00:00,ES,7147.75,7162.75,7147.75,7158.0,37419
2026-04-22 13:15:00+00:00,ES,7158.25,7163.0,7154.5,7159.0,22152
2026-04-22 13:30:00+00:00,ES,7159.25,7162.0,7157.5,7160.75,15120
2026-04-22 13:45:00+00:00,ES,7161.0,7162.75,7156.75,7158.25,24109
2026-04-22 14:00:00+00:00,ES,7158.25,7160.5,7156.75,7157.75,16016
2026-04-22 14:15:00+00:00,ES,7157.75,7157.75,7150.5,7152.75,24279
2026-04-22 14:30:00+00:00,ES,7152.75,7158.0,7151.75,7156.75,13572
2026-04-22 14:45:00+00:00,ES,7157.0,7159.5,7153.25,7154.5,17270
2026-04-22 15:00:00+00:00,ES,7154.5,7158.5,7150.0,7157.75,29312
2026-04-22 15:15:00+00:00,ES,7157.75,7164.0,7157.25,7162.75,24093
2026-04-22 15:30:00+00:00,ES,7162.75,7164.0,7159.5,7162.75,21082
2026-04-22 15:45:00+00:00,ES,7162.5,7173.0,7162.0,7170.25,104732
2026-04-22 16:00:00+00:00,ES,7170.25,7173.0,7163.25,7163.75,31938
2026-04-22 16:15:00+00:00,ES,7163.5,7165.25,7160.0,7163.25,7482
2026-04-22 16:30:00+00:00,ES,7163.5,7165.25,7156.0,7161.75,6249
2026-04-22 16:45:00+00:00,ES,7161.5,7164.75,7161.25,7164.5,3701
2026-04-22 18:00:00+00:00,ES,7163.0,7164.0,7158.25,7161.0,1406
2026-04-22 18:15:00+00:00,ES,7160.75,7163.5,7160.25,7160.5,936
2026-04-22 18:30:00+00:00,ES,7160.5,7161.25,7158.5,7159.75,862
2026-04-22 18:45:00+00:00,ES,7160.0,7161.75,7159.75,7161.0,452
2026-04-22 19:00:00+00:00,ES,7161.0,7162.0,7159.5,7161.5,406
2026-04-22 19:15:00+00:00,ES,7161.75,7163.25,7161.0,7162.75,726
2026-04-22 19:30:00+00:00,ES,7162.5,7162.5,7160.75,7161.75,393
2026-04-22 19:45:00+00:00,ES,7161.75,7163.25,7161.5,7162.75,756
2026-04-22 20:00:00+00:00,ES,7162.5,7163.0,7122.75,7123.25,12102
2026-04-22 20:15:00+00:00,ES,7123.5,7154.75,7105.5,7153.0,32252
2026-04-22 20:30:00+00:00,ES,7153.25,7158.25,7149.25,7152.0,4986
2026-04-22 20:45:00+00:00,ES,7152.0,7156.25,7150.0,7154.75,2870
2026-04-22 21:00:00+00:00,ES,7154.75,7155.25,7146.5,7149.0,2917
2026-04-22 21:15:00+00:00,ES,7149.0,7150.25,7144.5,7145.25,1902
2026-04-22 21:30:00+00:00,ES,7145.5,7148.5,7141.5,7145.0,3219
2026-04-22 21:45:00+00:00,ES,7145.0,7145.5,7139.5,7141.5,2511
2026-04-22 22:00:00+00:00,ES,7141.5,7141.5,7133.75,7134.0,2986
2026-04-22 22:15:00+00:00,ES,7134.0,7142.5,7132.0,7136.0,4470
2026-04-22 22:30:00+00:00,ES,7136.25,7140.25,7133.0,7136.0,2537
2026-04-22 22:45:00+00:00,ES,7135.75,7138.25,7132.25,7133.0,2914
2026-04-22 23:00:00+00:00,ES,7133.5,7136.5,7127.5,7129.0,2983
2026-04-22 23:15:00+00:00,ES,7128.75,7129.25,7124.0,7124.75,2640
2026-04-22 23:30:00+00:00,ES,7124.5,7126.0,7118.75,7121.75,3089
2026-04-22 23:45:00+00:00,ES,7121.75,7128.25,7121.25,7126.5,3217
2026-04-23 00:00:00+00:00,ES,7127.0,7131.5,7127.0,7131.0,1062
2026-04-23 00:15:00+00:00,ES,7130.75,7132.5,7129.5,7131.25,1235
2026-04-23 00:30:00+00:00,ES,7131.0,7135.0,7131.0,7133.5,1266
2026-04-23 00:45:00+00:00,ES,7133.5,7135.5,7132.5,7135.25,1007
2026-04-23 01:00:00+00:00,ES,7135.25,7137.25,7134.0,7135.5,1718
2026-04-23 01:15:00+00:00,ES,7135.75,7136.0,7131.5,7133.75,1190
2026-04-23 01:30:00+00:00,ES,7134.0,7136.0,7131.0,7132.0,2043
2026-04-23 01:45:00+00:00,ES,7131.75,7142.0,7131.75,7138.25,2335
2026-04-23 02:00:00+00:00,ES,7138.25,7141.5,7138.25,7140.5,3092
2026-04-23 02:15:00+00:00,ES,7140.5,7144.25,7140.0,7143.5,2764
2026-04-23 02:30:00+00:00,ES,7143.25,7144.5,7142.25,7142.5,1837
2026-04-23 02:45:00+00:00,ES,7142.5,7144.75,7140.5,7143.25,3268
2026-04-23 03:00:00+00:00,ES,7143.25,7144.5,7141.25,7144.5,3783
2026-04-23 03:15:00+00:00,ES,7144.5,7145.25,7140.75,7143.0,3043
2026-04-23 03:30:00+00:00,ES,7143.0,7146.0,7140.25,7145.5,3484
2026-04-23 03:45:00+00:00,ES,7145.5,7149.0,7142.75,7145.0,3201
2026-04-23 04:00:00+00:00,ES,7145.0,7146.0,7137.75,7141.5,4174
2026-04-23 04:15:00+00:00,ES,7141.75,7146.5,7140.5,7142.25,2898
2026-04-23 04:30:00+00:00,ES,7142.25,7142.5,7133.0,7133.5,3876
2026-04-23 04:45:00+00:00,ES,7133.25,7135.25,7130.75,7133.0,3453
2026-04-23 05:00:00+00:00,ES,7132.75,7133.0,7125.75,7128.0,5737
2026-04-23 05:15:00+00:00,ES,7128.0,7138.5,7127.75,7135.5,4252
2026-04-23 05:30:00+00:00,ES,7135.75,7140.5,7135.0,7136.25,3150
2026-04-23 05:45:00+00:00,ES,7136.5,7137.5,7134.25,7135.0,2112
2026-04-23 06:00:00+00:00,ES,7135.0,7136.0,7129.0,7130.25,4418
2026-04-23 06:15:00+00:00,ES,7130.25,7137.5,7130.25,7134.5,3192
2026-04-23 06:30:00+00:00,ES,7134.5,7142.25,7133.5,7135.5,4610
2026-04-23 06:45:00+00:00,ES,7135.5,7143.0,7134.75,7141.75,5023
2026-04-23 07:00:00+00:00,ES,7141.75,7145.25,7139.0,7141.75,5289
2026-04-23 07:15:00+00:00,ES,7141.5,7142.75,7135.75,7138.5,3098
2026-04-23 07:30:00+00:00,ES,7138.5,7144.25,7134.25,7144.25,8131
2026-04-23 07:45:00+00:00,ES,7144.25,7160.75,7143.5,7158.25,17738
2026-04-23 08:00:00+00:00,ES,7158.0,7169.5,7157.0,7164.5,12213
2026-04-23 08:15:00+00:00,ES,7164.5,7164.5,7155.75,7158.75,7048
2026-04-23 08:30:00+00:00,ES,7158.5,7161.5,7154.5,7156.25,10028
2026-04-23 08:45:00+00:00,ES,7156.25,7158.25,7136.25,7152.0,21811
2026-04-23 09:00:00+00:00,ES,7152.25,7155.5,7142.5,7148.75,11091
2026-04-23 09:15:00+00:00,ES,7148.5,7153.75,7146.25,7152.25,15132
2026-04-23 09:30:00+00:00,ES,7152.0,7163.75,7149.75,7163.75,62927
2026-04-23 09:45:00+00:00,ES,7163.75,7171.0,7158.75,7159.75,56928
2026-04-23 10:00:00+00:00,ES,7159.75,7161.5,7149.0,7158.75,57526
2026-04-23 10:15:00+00:00,ES,7158.75,7167.25,7158.0,7163.0,44291
2026-04-23 10:30:00+00:00,ES,7163.0,7169.5,7161.75,7167.25,32689
2026-04-23 10:45:00+00:00,ES,7167.25,7178.5,7166.25,7175.0,38518
2026-04-23 11:00:00+00:00,ES,7175.0,7178.0,7171.75,7174.0,30111
2026-04-23 11:15:00+00:00,ES,7174.0,7180.5,7172.75,7177.75,26585
2026-04-23 11:30:00+00:00,ES,7177.75,7181.5,7172.25,7173.5,30700
2026-04-23 11:45:00+00:00,ES,7173.25,7173.75,7164.25,7168.75,56095
2026-04-23 12:00:00+00:00,ES,7168.75,7169.75,7160.25,7166.5,34778
2026-04-23 12:15:00+00:00,ES,7166.25,7168.25,7161.25,7164.75,25861
2026-04-23 12:30:00+00:00,ES,7164.5,7170.25,7163.5,7166.75,22777
2026-04-23 12:45:00+00:00,ES,7167.0,7169.5,7163.0,7166.25,21432
2026-04-23 13:00:00+00:00,ES,7166.25,7168.25,7130.0,7134.25,108311
2026-04-23 13:15:00+00:00,ES,7134.25,7134.25,7115.5,7117.0,94621
2026-04-23 13:30:00+00:00,ES,7117.25,7133.75,7090.0,7094.25,114869
2026-04-23 13:45:00+00:00,ES,7094.25,7127.5,7079.25,7123.5,157047
2026-04-23 14:00:00+00:00,ES,7123.25,7139.75,7119.0,7135.25,80089
2026-04-23 14:15:00+00:00,ES,7135.25,7143.25,7133.5,7142.5,46052
2026-04-23 14:30:00+00:00,ES,7142.25,7152.25,7138.0,7143.75,45794
2026-04-23 14:45:00+00:00,ES,7144.0,7144.5,7124.5,7128.25,42692
2026-04-23 15:00:00+00:00,ES,7128.25,7139.25,7124.5,7139.25,40548
2026-04-23 15:15:00+00:00,ES,7139.25,7144.0,7139.0,7141.25,25612
2026-04-23 15:30:00+00:00,ES,7141.25,7146.25,7128.0,7130.5,45723
2026-04-23 15:45:00+00:00,ES,7130.5,7146.75,7121.5,7142.25,105983
2026-04-23 16:00:00+00:00,ES,7142.0,7144.5,7133.0,7134.0,36421
2026-04-23 16:15:00+00:00,ES,7133.75,7139.5,7128.75,7136.5,7949
2026-04-23 16:30:00+00:00,ES,7136.25,7138.75,7134.75,7137.75,2466
2026-04-23 16:45:00+00:00,ES,7137.75,7138.25,7129.5,7132.5,4298
2026-04-23 18:00:00+00:00,ES,7143.0,7147.5,7139.75,7146.0,2646
2026-04-23 18:15:00+00:00,ES,7146.25,7147.25,7143.0,7144.25,1444
2026-04-23 18:30:00+00:00,ES,7144.25,7147.0,7142.0,7144.25,2089
2026-04-23 18:45:00+00:00,ES,7144.25,7148.0,7144.25,7146.5,1525
2026-04-23 19:00:00+00:00,ES,7146.5,7147.5,7144.5,7145.0,654
2026-04-23 19:15:00+00:00,ES,7145.0,7147.75,7144.25,7147.5,441
2026-04-23 19:30:00+00:00,ES,7147.5,7151.75,7147.5,7150.0,1496
2026-04-23 19:45:00+00:00,ES,7150.25,7153.75,7150.0,7153.25,1678
2026-04-23 20:00:00+00:00,ES,7153.5,7158.5,7150.5,7158.5,3312
2026-04-23 20:15:00+00:00,ES,7158.25,7160.25,7156.5,7159.75,2873
2026-04-23 20:30:00+00:00,ES,7159.5,7161.25,7155.75,7156.75,2844
2026-04-23 20:45:00+00:00,ES,7157.25,7159.0,7154.0,7156.25,2269
2026-04-23 21:00:00+00:00,ES,7156.5,7157.75,7154.75,7155.75,2073
2026-04-23 21:15:00+00:00,ES,7155.75,7157.75,7153.75,7156.5,1384
2026-04-23 21:30:00+00:00,ES,7156.5,7157.0,7150.75,7154.25,2406
2026-04-23 21:45:00+00:00,ES,7154.0,7157.75,7154.0,7156.75,1765
2026-04-23 22:00:00+00:00,ES,7156.5,7157.0,7149.25,7150.0,2419
2026-04-23 22:15:00+00:00,ES,7150.25,7151.25,7144.25,7145.25,2246
2026-04-23 22:30:00+00:00,ES,7145.25,7148.5,7144.5,7146.25,1633
2026-04-23 22:45:00+00:00,ES,7146.25,7146.25,7140.5,7142.5,2092
2026-04-23 23:00:00+00:00,ES,7142.75,7144.5,7139.25,7140.5,1670
2026-04-23 23:15:00+00:00,ES,7140.25,7142.25,7138.0,7138.75,1599
2026-04-23 23:30:00+00:00,ES,7138.5,7140.5,7136.25,7138.25,1458
2026-04-23 23:45:00+00:00,ES,7138.25,7142.75,7138.25,7139.25,1360
2026-04-24 00:00:00+00:00,ES,7141.0,7142.75,7140.75,7142.0,482
2026-04-24 00:15:00+00:00,ES,7142.25,7142.25,7137.0,7138.5,992
2026-04-24 00:30:00+00:00,ES,7138.5,7141.5,7138.25,7141.25,852
2026-04-24 00:45:00+00:00,ES,7141.25,7145.25,7141.25,7144.5,1459
2026-04-24 01:00:00+00:00,ES,7144.5,7144.75,7140.0,7143.0,1425
2026-04-24 01:15:00+00:00,ES,7143.25,7146.5,7142.5,7145.0,1526
2026-04-24 01:30:00+00:00,ES,7145.25,7149.5,7145.25,7148.75,1552
2026-04-24 01:45:00+00:00,ES,7148.75,7151.25,7148.5,7150.75,1198
2026-04-24 02:00:00+00:00,ES,7151.0,7152.5,7148.25,7150.75,1994
2026-04-24 02:15:00+00:00,ES,7150.75,7151.5,7146.25,7146.5,1082
2026-04-24 02:30:00+00:00,ES,7146.75,7150.0,7146.75,7147.75,1685
2026-04-24 02:45:00+00:00,ES,7147.75,7148.0,7145.0,7147.25,1361
2026-04-24 03:00:00+00:00,ES,7147.0,7153.75,7146.5,7153.0,3571
2026-04-24 03:15:00+00:00,ES,7152.75,7155.5,7149.75,7154.5,2290
2026-04-24 03:30:00+00:00,ES,7154.25,7154.25,7147.5,7148.75,2361
2026-04-24 03:45:00+00:00,ES,7148.75,7154.25,7148.0,7153.75,2868
2026-04-24 04:00:00+00:00,ES,7153.5,7154.75,7146.75,7147.0,4802
2026-04-24 04:15:00+00:00,ES,7147.25,7159.25,7147.25,7149.25,5885
2026-04-24 04:30:00+00:00,ES,7149.5,7149.5,7141.25,7142.75,4392
2026-04-24 04:45:00+00:00,ES,7142.75,7148.25,7141.5,7143.5,3025
2026-04-24 05:00:00+00:00,ES,7143.75,7146.25,7140.5,7145.25,2917
2026-04-24 05:15:00+00:00,ES,7145.25,7146.75,7135.5,7142.75,5072
2026-04-24 05:30:00+00:00,ES,7142.5,7146.0,7141.0,7146.0,2592
2026-04-24 05:45:00+00:00,ES,7146.0,7146.75,7142.25,7143.75,2048
2026-04-24 06:00:00+00:00,ES,7143.75,7145.5,7141.5,7144.25,3347
2026-04-24 06:15:00+00:00,ES,7144.5,7151.75,7144.0,7151.0,3266
2026-04-24 06:30:00+00:00,ES,7151.0,7152.0,7148.25,7150.5,2559
2026-04-24 06:45:00+00:00,ES,7150.75,7152.5,7148.75,7151.25,2775
2026-04-24 07:00:00+00:00,ES,7150.75,7175.75,7150.5,7170.5,23036
2026-04-24 07:15:00+00:00,ES,7170.5,7187.5,7166.25,7187.25,24031
2026-04-24 07:30:00+00:00,ES,7187.0,7189.5,7173.0,7174.75,12265
2026-04-24 07:45:00+00:00,ES,7174.5,7174.75,7169.0,7171.0,9474
2026-04-24 08:00:00+00:00,ES,7171.25,7177.0,7168.5,7175.25,9742
2026-04-24 08:15:00+00:00,ES,7175.25,7177.75,7167.0,7173.5,12847
2026-04-24 08:30:00+00:00,ES,7173.5,7173.75,7160.75,7163.75,13949
2026-04-24 08:45:00+00:00,ES,7164.0,7167.25,7154.25,7162.25,16041
2026-04-24 09:00:00+00:00,ES,7162.5,7170.25,7162.0,7165.75,12600
2026-04-24 09:15:00+00:00,ES,7165.75,7170.5,7161.75,7162.75,17634
2026-04-24 09:30:00+00:00,ES,7162.5,7166.75,7150.75,7154.75,86750
2026-04-24 09:45:00+00:00,ES,7155.0,7160.5,7145.0,7154.75,59073
2026-04-24 10:00:00+00:00,ES,7154.75,7162.5,7146.5,7155.75,69086
2026-04-24 10:15:00+00:00,ES,7155.5,7162.0,7150.25,7154.0,41828
2026-04-24 10:30:00+00:00,ES,7154.0,7166.5,7149.5,7165.25,48084
2026-04-24 10:45:00+00:00,ES,7165.25,7171.75,7162.25,7170.0,38768
2026-04-24 11:00:00+00:00,ES,7170.0,7174.5,7167.5,7173.25,38275
2026-04-24 11:15:00+00:00,ES,7173.25,7177.0,7170.75,7174.0,34824
2026-04-24 11:30:00+00:00,ES,7174.25,7191.5,7170.5,7189.75,54136
2026-04-24 11:45:00+00:00,ES,7189.75,7197.25,7182.0,7193.5,93920
2026-04-24 12:00:00+00:00,ES,7193.5,7195.75,7186.75,7189.0,35125
2026-04-24 12:15:00+00:00,ES,7189.25,7192.0,7185.25,7189.0,23086
2026-04-24 12:30:00+00:00,ES,7189.0,7194.5,7184.25,7186.75,34118
2026-04-24 12:45:00+00:00,ES,7187.0,7194.0,7185.5,7191.5,26464
2026-04-24 13:00:00+00:00,ES,7191.5,7193.5,7187.75,7188.75,21103
2026-04-24 13:15:00+00:00,ES,7188.75,7189.0,7183.0,7186.0,22555
2026-04-24 13:30:00+00:00,ES,7186.0,7191.5,7182.75,7191.0,26606
2026-04-24 13:45:00+00:00,ES,7191.0,7200.5,7189.0,7192.25,31601
2026-04-24 14:00:00+00:00,ES,7192.25,7193.5,7188.0,7190.5,20928
2026-04-24 14:15:00+00:00,ES,7190.75,7191.75,7184.75,7185.5,24623
2026-04-24 14:30:00+00:00,ES,7185.5,7192.0,7185.25,7188.75,19954
2026-04-24 14:45:00+00:00,ES,7188.75,7191.5,7187.0,7190.75,18141
2026-04-24 15:00:00+00:00,ES,7191.0,7199.5,7190.75,7197.5,29277
2026-04-24 15:15:00+00:00,ES,7197.75,7200.0,7190.75,7193.0,29297
2026-04-24 15:30:00+00:00,ES,7193.0,7195.25,7189.75,7193.5,28056
2026-04-24 15:45:00+00:00,ES,7193.25,7199.0,7191.0,7194.75,109514
2026-04-24 16:00:00+00:00,ES,7194.75,7197.25,7190.75,7192.5,31112
2026-04-24 16:15:00+00:00,ES,7192.5,7194.5,7190.0,7190.75,6318
2026-04-24 16:30:00+00:00,ES,7191.0,7196.25,7190.75,7195.75,4626
2026-04-24 16:45:00+00:00,ES,7195.5,7197.0,7194.25,7194.75,4693
2026-04-26 18:00:00+00:00,ES,7175.0,7175.5,7171.5,7174.25,867
2026-04-26 18:15:00+00:00,ES,7174.25,7178.25,7174.0,7178.0,1978
2026-04-26 18:30:00+00:00,ES,7177.75,7180.25,7175.5,7179.5,2340
2026-04-26 18:45:00+00:00,ES,7179.5,7182.5,7178.75,7182.0,1858
2026-04-26 19:00:00+00:00,ES,7182.25,7182.75,7177.5,7178.0,1886
2026-04-26 19:15:00+00:00,ES,7178.25,7181.0,7177.75,7178.5,1274
2026-04-26 19:30:00+00:00,ES,7178.25,7178.25,7175.0,7176.75,1754
2026-04-26 19:45:00+00:00,ES,7177.0,7179.25,7175.5,7178.5,1093
2026-04-26 20:00:00+00:00,ES,7178.75,7182.5,7177.25,7181.5,2838
2026-04-26 20:15:00+00:00,ES,7181.5,7183.0,7179.0,7181.75,1835
2026-04-26 20:30:00+00:00,ES,7182.0,7186.5,7181.0,7185.0,2298
2026-04-26 20:45:00+00:00,ES,7185.0,7193.0,7184.5,7190.5,4078
2026-04-26 21:00:00+00:00,ES,7190.75,7202.25,7190.75,7193.0,8021
2026-04-26 21:15:00+00:00,ES,7193.0,7198.25,7189.75,7198.0,3642
2026-04-26 21:30:00+00:00,ES,7198.0,7203.5,7197.0,7202.0,3748
2026-04-26 21:45:00+00:00,ES,7202.0,7208.0,7201.25,7207.5,3643
2026-04-26 22:00:00+00:00,ES,7207.75,7208.5,7203.0,7205.25,2043
2026-04-26 22:15:00+00:00,ES,7205.0,7207.0,7201.75,7204.25,2096
2026-04-26 22:30:00+00:00,ES,7204.0,7206.25,7203.25,7203.75,1274
2026-04-26 22:45:00+00:00,ES,7203.75,7205.25,7203.0,7203.25,803
2026-04-26 23:00:00+00:00,ES,7203.5,7206.75,7201.75,7202.75,3465
2026-04-26 23:15:00+00:00,ES,7202.75,7204.25,7202.0,7204.0,891
2026-04-26 23:30:00+00:00,ES,7204.0,7204.5,7202.5,7204.0,978
2026-04-26 23:45:00+00:00,ES,7204.0,7204.0,7202.75,7203.0,1220
2026-04-27 00:00:00+00:00,ES,7202.75,7203.0,7200.0,7201.0,1878
2026-04-27 00:15:00+00:00,ES,7201.25,7204.25,7201.0,7203.25,1125
2026-04-27 00:30:00+00:00,ES,7203.25,7205.25,7202.75,7203.5,1390
2026-04-27 00:45:00+00:00,ES,7203.5,7204.25,7199.75,7200.75,1461
2026-04-27 01:00:00+00:00,ES,7200.5,7201.0,7194.75,7195.0,1856
2026-04-27 01:15:00+00:00,ES,7195.0,7196.0,7191.75,7192.0,1801
2026-04-27 01:30:00+00:00,ES,7192.0,7193.0,7188.0,7190.75,2299
2026-04-27 01:45:00+00:00,ES,7190.75,7192.25,7188.5,7189.75,1296
2026-04-27 02:00:00+00:00,ES,7189.75,7190.75,7186.5,7190.0,1967
2026-04-27 02:15:00+00:00,ES,7189.75,7191.5,7187.75,7190.5,1657
2026-04-27 02:30:00+00:00,ES,7190.75,7191.0,7186.0,7188.25,2971
2026-04-27 02:45:00+00:00,ES,7188.25,7190.25,7186.75,7188.0,1705
2026-04-27 03:00:00+00:00,ES,7188.0,7190.25,7185.0,7188.25,3589
2026-04-27 03:15:00+00:00,ES,7188.5,7189.5,7186.0,7187.25,1883
2026-04-27 03:30:00+00:00,ES,7187.5,7188.5,7185.5,7187.0,2138
2026-04-27 03:45:00+00:00,ES,7187.0,7189.0,7186.25,7187.0,1728
2026-04-27 04:00:00+00:00,ES,7186.75,7189.0,7181.5,7181.5,5085
2026-04-27 04:15:00+00:00,ES,7181.5,7186.75,7181.5,7186.25,3060
2026-04-27 04:30:00+00:00,ES,7186.0,7188.25,7185.75,7187.75,2821
2026-04-27 04:45:00+00:00,ES,7187.75,7190.0,7187.75,7188.75,2818
2026-04-27 05:00:00+00:00,ES,7189.0,7190.75,7187.75,7190.0,1978
2026-04-27 05:15:00+00:00,ES,7190.0,7190.25,7187.25,7188.5,2009
2026-04-27 05:30:00+00:00,ES,7188.5,7190.5,7188.0,7189.25,1628
2026-04-27 05:45:00+00:00,ES,7189.25,7191.25,7188.0,7189.0,1747
2026-04-27 06:00:00+00:00,ES,7189.0,7189.5,7186.5,7187.5,1843
2026-04-27 06:15:00+00:00,ES,7187.5,7191.0,7187.25,7189.0,2222
2026-04-27 06:30:00+00:00,ES,7189.0,7194.75,7188.5,7194.5,2612
2026-04-27 06:45:00+00:00,ES,7194.25,7195.25,7192.5,7194.0,3404
2026-04-27 07:00:00+00:00,ES,7193.75,7196.0,7193.75,7194.25,3136
2026-04-27 07:15:00+00:00,ES,7194.25,7197.75,7193.5,7196.5,3884
2026-04-27 07:30:00+00:00,ES,7196.75,7198.0,7195.75,7196.75,3223
2026-04-27 07:45:00+00:00,ES,7197.0,7198.5,7195.5,7196.5,2733
2026-04-27 08:00:00+00:00,ES,7196.75,7197.25,7192.75,7195.0,3850
2026-04-27 08:15:00+00:00,ES,7195.0,7195.75,7185.5,7188.75,6748
2026-04-27 08:30:00+00:00,ES,7188.75,7190.75,7185.0,7189.25,7359
2026-04-27 08:45:00+00:00,ES,7189.5,7193.0,7186.75,7188.25,6878
2026-04-27 09:00:00+00:00,ES,7188.5,7191.5,7183.25,7187.25,15225
2026-04-27 09:15:00+00:00,ES,7187.0,7188.75,7184.75,7186.25,9232
2026-04-27 09:30:00+00:00,ES,7186.5,7198.5,7183.25,7191.5,71175
2026-04-27 09:45:00+00:00,ES,7191.5,7197.5,7180.25,7195.5,68601
2026-04-27 10:00:00+00:00,ES,7195.5,7197.25,7189.5,7193.25,46068
2026-04-27 10:15:00+00:00,ES,7193.0,7194.0,7188.0,7189.25,37196
2026-04-27 10:30:00+00:00,ES,7189.25,7199.0,7185.25,7194.25,49211
2026-04-27 10:45:00+00:00,ES,7194.25,7194.75,7187.75,7190.75,24856
2026-04-27 11:00:00+00:00,ES,7190.75,7192.75,7182.25,7183.25,35359
2026-04-27 11:15:00+00:00,ES,7183.0,7186.75,7177.0,7184.5,40595
2026-04-27 11:30:00+00:00,ES,7184.5,7188.5,7182.0,7187.25,24233
2026-04-27 11:45:00+00:00,ES,7187.25,7189.5,7185.0,7188.75,21218
2026-04-27 12:00:00+00:00,ES,7188.75,7195.0,7186.25,7194.0,26427
2026-04-27 12:15:00+00:00,ES,7194.25,7196.0,7192.0,7193.5,18193
2026-04-27 12:30:00+00:00,ES,7193.5,7197.75,7193.25,7195.75,17239
2026-04-27 12:45:00+00:00,ES,7196.0,7197.5,7193.5,7196.0,15826
2026-04-27 13:00:00+00:00,ES,7196.25,7198.5,7195.5,7198.0,14688
2026-04-27 13:15:00+00:00,ES,7198.0,7202.0,7193.75,7201.0,28431
2026-04-27 13:30:00+00:00,ES,7201.0,7207.25,7200.75,7203.0,27738
2026-04-27 13:45:00+00:00,ES,7203.0,7204.75,7201.25,7203.5,13299
2026-04-27 14:00:00+00:00,ES,7203.5,7206.0,7202.0,7205.5,13158
2026-04-27 14:15:00+00:00,ES,7205.5,7207.25,7204.75,7205.75,16163
2026-04-27 14:30:00+00:00,ES,7205.5,7207.0,7202.5,7203.75,16035
2026-04-27 14:45:00+00:00,ES,7203.5,7206.0,7201.75,7203.0,14233
2026-04-27 15:00:00+00:00,ES,7203.25,7204.75,7201.5,7204.0,16839
2026-04-27 15:15:00+00:00,ES,7204.0,7206.75,7203.75,7206.0,21544
2026-04-27 15:30:00+00:00,ES,7206.0,7207.75,7203.5,7206.75,28176
2026-04-27 15:45:00+00:00,ES,7206.75,7211.25,7204.75,7207.0,102123
2026-04-27 16:00:00+00:00,ES,7207.0,7208.0,7203.25,7204.75,23670
2026-04-27 16:15:00+00:00,ES,7204.5,7205.25,7202.25,7204.5,5521
2026-04-27 16:30:00+00:00,ES,7204.25,7207.5,7204.25,7206.75,3500
2026-04-27 16:45:00+00:00,ES,7207.0,7207.5,7204.75,7205.25,3372
2026-04-27 18:00:00+00:00,ES,7204.75,7218.25,7204.75,7217.25,3942
2026-04-27 18:15:00+00:00,ES,7217.25,7221.75,7217.25,7218.75,1779
2026-04-27 18:30:00+00:00,ES,7218.75,7220.0,7217.25,7218.5,1071
2026-04-27 18:45:00+00:00,ES,7218.75,7219.0,7215.75,7216.5,1000
2026-04-27 19:00:00+00:00,ES,7216.5,7217.5,7215.0,7215.25,687
2026-04-27 19:15:00+00:00,ES,7215.5,7218.25,7215.5,7217.5,704
2026-04-27 19:30:00+00:00,ES,7217.25,7220.0,7216.75,7218.5,700
2026-04-27 19:45:00+00:00,ES,7218.75,7219.25,7216.5,7217.25,760
2026-04-27 20:00:00+00:00,ES,7217.25,7223.25,7216.75,7220.75,3113
2026-04-27 20:15:00+00:00,ES,7220.75,7220.75,7212.25,7215.0,2777
2026-04-27 20:30:00+00:00,ES,7215.25,7217.25,7213.25,7216.25,1925
2026-04-27 20:45:00+00:00,ES,7216.25,7217.0,7213.5,7213.75,1790
2026-04-27 21:00:00+00:00,ES,7213.75,7214.75,7211.75,7214.0,2154
2026-04-27 21:15:00+00:00,ES,7214.0,7216.25,7212.75,7215.75,1122
2026-04-27 21:30:00+00:00,ES,7215.75,7219.25,7213.75,7218.0,1548
2026-04-27 21:45:00+00:00,ES,7218.0,7218.5,7208.0,7208.75,3275
2026-04-27 22:00:00+00:00,ES,7209.0,7210.5,7207.0,7210.25,1788
2026-04-27 22:15:00+00:00,ES,7210.0,7212.0,7209.75,7210.5,1108
2026-04-27 22:30:00+00:00,ES,7210.25,7210.25,7206.5,7207.0,1525
2026-04-27 22:45:00+00:00,ES,7207.0,7208.25,7204.5,7206.0,1794
2026-04-27 23:00:00+00:00,ES,7205.75,7208.75,7205.0,7208.5,1345
2026-04-27 23:15:00+00:00,ES,7208.25,7210.75,7207.5,7210.5,860
2026-04-27 23:30:00+00:00,ES,7210.5,7212.0,7210.25,7210.25,871
2026-04-27 23:45:00+00:00,ES,7210.25,7210.25,7207.5,7208.25,969
2026-04-28 00:00:00+00:00,ES,7207.75,7210.75,7207.75,7210.0,418
2026-04-28 00:15:00+00:00,ES,7210.0,7211.0,7209.5,7210.5,417
2026-04-28 00:30:00+00:00,ES,7210.5,7212.5,7210.5,7212.5,694
2026-04-28 00:45:00+00:00,ES,7212.25,7213.0,7209.0,7209.5,702
2026-04-28 01:00:00+00:00,ES,7209.75,7210.5,7202.0,7204.5,2322
2026-04-28 01:15:00+00:00,ES,7204.5,7205.5,7202.5,7204.75,1156
2026-04-28 01:30:00+00:00,ES,7204.5,7205.0,7196.0,7200.25,2850
2026-04-28 01:45:00+00:00,ES,7200.25,7200.5,7197.25,7198.25,1570
2026-04-28 02:00:00+00:00,ES,7198.25,7200.5,7196.25,7200.0,1874
2026-04-28 02:15:00+00:00,ES,7200.0,7201.0,7197.5,7199.75,1658
2026-04-28 02:30:00+00:00,ES,7199.75,7200.5,7189.5,7193.25,3279
2026-04-28 02:45:00+00:00,ES,7193.5,7195.0,7191.0,7194.0,1857
2026-04-28 03:00:00+00:00,ES,7193.75,7195.0,7190.75,7193.5,2987
2026-04-28 03:15:00+00:00,ES,7193.5,7195.25,7190.75,7192.25,2396
2026-04-28 03:30:00+00:00,ES,7192.5,7198.0,7191.75,7195.75,2328
2026-04-28 03:45:00+00:00,ES,7195.75,7197.75,7193.5,7196.75,3060
2026-04-28 04:00:00+00:00,ES,7197.0,7197.25,7188.5,7191.25,5885
2026-04-28 04:15:00+00:00,ES,7191.25,7201.75,7191.25,7201.75,3286
2026-04-28 04:30:00+00:00,ES,7201.5,7201.75,7198.75,7199.5,2916
2026-04-28 04:45:00+00:00,ES,7199.5,7200.75,7197.25,7200.5,1588
2026-04-28 05:00:00+00:00,ES,7200.5,7200.75,7196.5,7200.0,2586
2026-04-28 05:15:00+00:00,ES,7200.0,7201.0,7194.0,7196.0,3300
2026-04-28 05:30:00+00:00,ES,7196.0,7196.5,7190.25,7192.5,3432
2026-04-28 05:45:00+00:00,ES,7192.5,7194.0,7188.0,7191.75,3842
2026-04-28 06:00:00+00:00,ES,7191.75,7194.5,7186.5,7186.75,4496
2026-04-28 06:15:00+00:00,ES,7186.75,7191.75,7186.0,7189.25,2991
2026-04-28 06:30:00+00:00,ES,7189.25,7190.75,7186.5,7186.5,3695
2026-04-28 06:45:00+00:00,ES,7186.75,7190.0,7186.25,7189.0,3894
2026-04-28 07:00:00+00:00,ES,7189.0,7191.75,7178.5,7179.5,8977
2026-04-28 07:15:00+00:00,ES,7179.25,7179.75,7166.75,7169.75,12207
2026-04-28 07:30:00+00:00,ES,7169.5,7169.75,7160.5,7168.25,13708
2026-04-28 07:45:00+00:00,ES,7168.25,7169.5,7155.25,7158.5,12762
2026-04-28 08:00:00+00:00,ES,7158.75,7160.25,7151.0,7158.75,12311
2026-04-28 08:15:00+00:00,ES,7159.0,7164.0,7149.5,7152.0,22026
2026-04-28 08:30:00+00:00,ES,7152.0,7159.25,7147.5,7156.25,11778
2026-04-28 08:45:00+00:00,ES,7156.25,7170.0,7155.5,7169.5,14222
2026-04-28 09:00:00+00:00,ES,7169.25,7171.25,7163.0,7163.5,15191
2026-04-28 09:15:00+00:00,ES,7163.25,7175.0,7160.5,7172.25,21102
2026-04-28 09:30:00+00:00,ES,7172.0,7183.0,7161.75,7177.75,88970
2026-04-28 09:45:00+00:00,ES,7178.0,7180.0,7163.5,7169.5,62657
2026-04-28 10:00:00+00:00,ES,7169.75,7177.5,7164.75,7170.0,45190
2026-04-28 10:15:00+00:00,ES,7170.25,7172.0,7163.5,7166.5,45475
2026-04-28 10:30:00+00:00,ES,7166.5,7169.75,7150.25,7158.5,72944
2026-04-28 10:45:00+00:00,ES,7158.75,7160.75,7146.25,7159.0,82976
2026-04-28 11:00:00+00:00,ES,7158.75,7164.75,7152.5,7160.5,54173
2026-04-28 11:15:00+00:00,ES,7160.75,7162.0,7152.0,7152.75,33805
2026-04-28 11:30:00+00:00,ES,7153.0,7155.5,7148.0,7151.75,38736
2026-04-28 11:45:00+00:00,ES,7151.75,7154.25,7147.75,7153.75,28096
2026-04-28 12:00:00+00:00,ES,7153.75,7158.75,7151.75,7158.25,27730
2026-04-28 12:15:00+00:00,ES,7158.25,7159.75,7154.5,7157.25,22403
2026-04-28 12:30:00+00:00,ES,7157.25,7158.25,7147.25,7148.75,26551
2026-04-28 12:45:00+00:00,ES,7148.75,7158.0,7147.5,7155.5,31118
2026-04-28 13:00:00+00:00,ES,7155.5,7157.5,7148.0,7153.5,23973
2026-04-28 13:15:00+00:00,ES,7153.25,7156.75,7149.0,7154.75,17305
2026-04-28 13:30:00+00:00,ES,7155.0,7163.75,7154.75,7161.25,27728
2026-04-28 13:45:00+00:00,ES,7161.25,7165.5,7159.5,7164.5,20447
2026-04-28 14:00:00+00:00,ES,7164.5,7165.5,7161.5,7164.5,19122
2026-04-28 14:15:00+00:00,ES,7164.25,7170.5,7164.25,7167.5,34856
2026-04-28 14:30:00+00:00,ES,7167.5,7167.75,7162.0,7167.5,21312
2026-04-28 14:45:00+00:00,ES,7167.75,7170.0,7166.5,7169.25,15608
2026-04-28 15:00:00+00:00,ES,7169.25,7176.25,7168.25,7173.25,25751
2026-04-28 15:15:00+00:00,ES,7173.25,7173.5,7168.25,7170.25,22277
2026-04-28 15:30:00+00:00,ES,7170.25,7172.5,7166.25,7171.0,24995
2026-04-28 15:45:00+00:00,ES,7170.75,7174.5,7168.25,7171.5,98826
2026-04-28 16:00:00+00:00,ES,7171.5,7176.25,7167.5,7173.25,29869
2026-04-28 16:15:00+00:00,ES,7173.25,7175.25,7172.25,7174.0,4661
2026-04-28 16:30:00+00:00,ES,7174.0,7174.0,7171.5,7172.0,4120
2026-04-28 16:45:00+00:00,ES,7172.0,7172.75,7170.75,7172.5,3306
2026-04-28 18:00:00+00:00,ES,7172.5,7178.0,7172.5,7176.75,1436
2026-04-28 18:15:00+00:00,ES,7177.0,7177.25,7174.5,7174.75,572
2026-04-28 18:30:00+00:00,ES,7174.75,7176.25,7174.25,7175.25,641
2026-04-28 18:45:00+00:00,ES,7175.0,7176.0,7174.75,7176.0,405
2026-04-28 19:00:00+00:00,ES,7176.0,7176.25,7174.25,7175.5,488
2026-04-28 19:15:00+00:00,ES,7175.5,7176.0,7175.25,7175.75,225
2026-04-28 19:30:00+00:00,ES,7176.0,7178.5,7175.75,7178.5,821
2026-04-28 19:45:00+00:00,ES,7178.5,7179.5,7177.75,7179.5,730
2026-04-28 20:00:00+00:00,ES,7179.5,7186.0,7179.5,7185.25,3548
2026-04-28 20:15:00+00:00,ES,7185.0,7186.75,7183.25,7186.75,1738
2026-04-28 20:30:00+00:00,ES,7186.75,7188.0,7185.0,7186.0,1705
2026-04-28 20:45:00+00:00,ES,7186.0,7186.0,7183.0,7183.5,2003
2026-04-28 21:00:00+00:00,ES,7183.25,7183.5,7169.0,7175.5,6902
2026-04-28 21:15:00+00:00,ES,7175.5,7179.5,7174.25,7176.75,2329
2026-04-28 21:30:00+00:00,ES,7176.75,7183.25,7175.75,7181.75,2480
2026-04-28 21:45:00+00:00,ES,7181.75,7182.25,7177.25,7178.25,1658
2026-04-28 22:00:00+00:00,ES,7178.5,7183.0,7178.5,7183.0,1922
2026-04-28 22:15:00+00:00,ES,7182.75,7185.25,7181.75,7182.25,1454
2026-04-28 22:30:00+00:00,ES,7182.5,7182.75,7179.25,7180.5,981
2026-04-28 22:45:00+00:00,ES,7180.75,7182.75,7180.0,7181.5,998
2026-04-28 23:00:00+00:00,ES,7181.75,7185.25,7181.5,7184.25,1361
2026-04-28 23:15:00+00:00,ES,7184.0,7185.25,7183.75,7184.75,1121
2026-04-28 23:30:00+00:00,ES,7184.5,7184.75,7182.0,7182.75,690
2026-04-28 23:45:00+00:00,ES,7182.5,7183.0,7181.25,7182.75,977
2026-04-29 00:00:00+00:00,ES,7184.0,7184.75,7183.75,7184.5,184
2026-04-29 00:15:00+00:00,ES,7184.5,7184.75,7183.5,7184.5,595
2026-04-29 00:30:00+00:00,ES,7184.25,7187.0,7184.25,7185.25,1372
2026-04-29 00:45:00+00:00,ES,7185.0,7186.0,7184.0,7184.5,1037
2026-04-29 01:00:00+00:00,ES,7184.75,7185.75,7182.5,7183.0,1060
2026-04-29 01:15:00+00:00,ES,7183.0,7185.0,7182.0,7184.75,871
2026-04-29 01:30:00+00:00,ES,7184.75,7187.0,7184.25,7186.75,1149
2026-04-29 01:45:00+00:00,ES,7186.5,7187.25,7185.0,7185.0,1097
2026-04-29 02:00:00+00:00,ES,7185.0,7188.5,7184.25,7185.0,1430
2026-04-29 02:15:00+00:00,ES,7184.75,7185.0,7182.5,7183.25,1477
2026-04-29 02:30:00+00:00,ES,7183.25,7185.25,7181.0,7183.75,2029
2026-04-29 02:45:00+00:00,ES,7183.75,7184.5,7179.25,7179.75,2292
2026-04-29 03:00:00+00:00,ES,7179.5,7183.5,7177.0,7177.5,3183
2026-04-29 03:15:00+00:00,ES,7177.5,7179.0,7175.75,7178.0,3088
2026-04-29 03:30:00+00:00,ES,7178.0,7180.25,7174.0,7174.25,3396
2026-04-29 03:45:00+00:00,ES,7174.25,7175.25,7169.25,7174.5,5809
2026-04-29 04:00:00+00:00,ES,7174.75,7180.25,7169.25,7169.75,6847
2026-04-29 04:15:00+00:00,ES,7169.75,7176.5,7166.5,7175.5,4995
2026-04-29 04:30:00+00:00,ES,7175.5,7176.0,7166.75,7173.75,6072
2026-04-29 04:45:00+00:00,ES,7173.75,7175.5,7171.0,7172.75,2216
2026-04-29 05:00:00+00:00,ES,7172.75,7175.75,7170.0,7174.25,2669
2026-04-29 05:15:00+00:00,ES,7174.0,7177.0,7172.25,7174.0,2021
2026-04-29 05:30:00+00:00,ES,7174.0,7177.75,7171.0,7171.5,2601
2026-04-29 05:45:00+00:00,ES,7171.75,7173.5,7167.5,7169.5,3140
2026-04-29 06:00:00+00:00,ES,7169.25,7174.0,7166.5,7173.75,2298
2026-04-29 06:15:00+00:00,ES,7173.75,7181.0,7173.75,7179.25,3817
2026-04-29 06:30:00+00:00,ES,7179.25,7181.0,7175.25,7176.5,2737
2026-04-29 06:45:00+00:00,ES,7176.5,7178.0,7174.5,7176.5,2377
2026-04-29 07:00:00+00:00,ES,7176.25,7178.5,7173.0,7176.5,3934
2026-04-29 07:15:00+00:00,ES,7176.5,7178.0,7174.0,7174.75,2367
2026-04-29 07:30:00+00:00,ES,7174.5,7180.0,7171.0,7172.75,4357
2026-04-29 07:45:00+00:00,ES,7172.75,7175.5,7169.75,7173.5,4615
2026-04-29 08:00:00+00:00,ES,7173.25,7174.5,7170.0,7171.0,3952
2026-04-29 08:15:00+00:00,ES,7171.25,7174.75,7167.0,7170.75,6241
2026-04-29 08:30:00+00:00,ES,7171.0,7171.5,7161.25,7170.0,11674
2026-04-29 08:45:00+00:00,ES,7170.0,7170.5,7166.0,7169.0,5140
2026-04-29 09:00:00+00:00,ES,7169.0,7174.0,7169.0,7170.75,7313
2026-04-29 09:15:00+00:00,ES,7170.75,7172.0,7161.75,7163.25,18468
2026-04-29 09:30:00+00:00,ES,7163.25,7165.0,7152.5,7153.25,74583
2026-04-29 09:45:00+00:00,ES,7153.5,7163.5,7149.5,7160.75,53645
2026-04-29 10:00:00+00:00,ES,7160.75,7166.0,7155.75,7164.75,41565
2026-04-29 10:15:00+00:00,ES,7164.75,7169.75,7162.75,7168.0,34559
2026-04-29 10:30:00+00:00,ES,7168.25,7175.25,7166.25,7171.75,37586
2026-04-29 10:45:00+00:00,ES,7172.0,7172.5,7167.25,7168.0,27763
2026-04-29 11:00:00+00:00,ES,7167.75,7168.5,7154.75,7155.75,44744
2026-04-29 11:15:00+00:00,ES,7155.75,7164.5,7154.25,7162.0,35803
2026-04-29 11:30:00+00:00,ES,7161.75,7164.0,7157.25,7159.0,31135
2026-04-29 11:45:00+00:00,ES,7158.75,7163.75,7145.25,7153.5,73034
2026-04-29 12:00:00+00:00,ES,7153.75,7160.75,7152.25,7155.75,29571
2026-04-29 12:15:00+00:00,ES,7155.75,7158.75,7149.0,7150.75,23267
2026-04-29 12:30:00+00:00,ES,7150.75,7152.0,7142.0,7150.75,40976
2026-04-29 12:45:00+00:00,ES,7151.0,7153.75,7147.25,7150.25,20644
2026-04-29 13:00:00+00:00,ES,7150.0,7151.5,7145.25,7149.75,19412
2026-04-29 13:15:00+00:00,ES,7149.75,7154.75,7147.0,7152.25,26314
2026-04-29 13:30:00+00:00,ES,7152.5,7155.75,7151.0,7153.5,20005
2026-04-29 13:45:00+00:00,ES,7153.5,7160.75,7153.0,7159.25,23237
2026-04-29 14:00:00+00:00,ES,7159.25,7160.25,7137.5,7143.5,47473
2026-04-29 14:15:00+00:00,ES,7143.75,7152.5,7142.75,7145.75,27511
2026-04-29 14:30:00+00:00,ES,7145.75,7155.25,7139.75,7140.25,41835
2026-04-29 14:45:00+00:00,ES,7140.25,7160.0,7137.0,7158.75,37241
2026-04-29 15:00:00+00:00,ES,7159.0,7166.25,7153.0,7165.5,37683
2026-04-29 15:15:00+00:00,ES,7165.75,7168.25,7162.0,7162.0,27641
2026-04-29 15:30:00+00:00,ES,7162.0,7164.25,7154.0,7159.0,34353
2026-04-29 15:45:00+00:00,ES,7159.0,7170.75,7157.5,7170.25,100534
2026-04-29 16:00:00+00:00,ES,7170.25,7190.75,7135.25,7137.75,76511
2026-04-29 16:15:00+00:00,ES,7137.75,7162.75,7131.25,7162.0,30041
2026-04-29 16:30:00+00:00,ES,7161.75,7167.5,7155.5,7161.5,11696
2026-04-29 16:45:00+00:00,ES,7161.75,7164.5,7140.75,7141.5,12996
2026-04-29 18:00:00+00:00,ES,7150.0,7186.25,7148.5,7185.75,15112
2026-04-29 18:15:00+00:00,ES,7186.0,7196.5,7184.0,7188.0,10703
2026-04-29 18:30:00+00:00,ES,7188.0,7191.5,7183.75,7187.25,4078
2026-04-29 18:45:00+00:00,ES,7187.25,7191.5,7183.5,7184.25,3406
2026-04-29 19:00:00+00:00,ES,7184.5,7186.5,7183.0,7185.5,2106
2026-04-29 19:15:00+00:00,ES,7185.25,7185.25,7180.0,7183.5,2124
2026-04-29 19:30:00+00:00,ES,7183.75,7189.75,7183.75,7189.25,2372
2026-04-29 19:45:00+00:00,ES,7189.5,7193.25,7187.5,7192.75,2739
2026-04-29 20:00:00+00:00,ES,7192.75,7198.5,7191.0,7195.25,4483
2026-04-29 20:15:00+00:00,ES,7195.5,7198.25,7194.0,7196.5,2180
2026-04-29 20:30:00+00:00,ES,7196.5,7200.5,7196.5,7198.25,3072
2026-04-29 20:45:00+00:00,ES,7198.25,7201.5,7198.0,7199.25,2037
2026-04-29 21:00:00+00:00,ES,7199.0,7199.75,7195.75,7196.5,2373
2026-04-29 21:15:00+00:00,ES,7196.75,7198.5,7196.25,7198.0,1492
2026-04-29 21:30:00+00:00,ES,7198.0,7200.5,7193.75,7196.25,3335
2026-04-29 21:45:00+00:00,ES,7196.25,7199.75,7194.25,7199.25,1787
2026-04-29 22:00:00+00:00,ES,7199.25,7199.75,7195.75,7197.75,1690
2026-04-29 22:15:00+00:00,ES,7197.5,7197.75,7187.5,7189.75,3023
2026-04-29 22:30:00+00:00,ES,7189.5,7189.5,7165.5,7176.75,11759
2026-04-29 22:45:00+00:00,ES,7177.0,7179.0,7170.25,7177.25,4082
2026-04-29 23:00:00+00:00,ES,7177.0,7181.5,7172.75,7174.5,3130
2026-04-29 23:15:00+00:00,ES,7174.5,7175.5,7171.75,7174.75,2191
2026-04-29 23:30:00+00:00,ES,7175.0,7177.75,7173.0,7175.75,1610
2026-04-29 23:45:00+00:00,ES,7175.75,7176.25,7171.75,7172.5,1428
2026-04-30 00:00:00+00:00,ES,7165.75,7167.25,7160.0,7163.0,1448
2026-04-30 00:15:00+00:00,ES,7163.25,7164.25,7153.75,7155.0,4794
2026-04-30 00:30:00+00:00,ES,7155.0,7155.25,7146.5,7150.5,4892
2026-04-30 00:45:00+00:00,ES,7150.75,7153.0,7144.75,7145.25,2994
2026-04-30 01:00:00+00:00,ES,7145.5,7158.25,7145.25,7158.0,4402
2026-04-30 01:15:00+00:00,ES,7157.75,7158.75,7148.75,7150.5,2931
2026-04-30 01:30:00+00:00,ES,7150.5,7157.5,7150.5,7153.5,2699
2026-04-30 01:45:00+00:00,ES,7153.25,7154.0,7143.0,7143.5,2344
2026-04-30 02:00:00+00:00,ES,7143.25,7144.5,7133.75,7137.25,7405
2026-04-30 02:15:00+00:00,ES,7137.5,7143.25,7136.75,7142.5,4201
2026-04-30 02:30:00+00:00,ES,7142.5,7158.0,7142.5,7151.5,7918
2026-04-30 02:45:00+00:00,ES,7151.25,7154.25,7146.25,7153.25,4169
2026-04-30 03:00:00+00:00,ES,7153.25,7162.25,7149.75,7158.5,6317
2026-04-30 03:15:00+00:00,ES,7158.25,7163.5,7154.75,7163.25,3484
2026-04-30 03:30:00+00:00,ES,7163.25,7165.75,7161.0,7163.5,3870
2026-04-30 03:45:00+00:00,ES,7163.25,7165.5,7157.75,7161.25,4172
2026-04-30 04:00:00+00:00,ES,7160.75,7169.0,7160.5,7165.5,4349
2026-04-30 04:15:00+00:00,ES,7165.25,7165.25,7159.25,7165.0,3049
2026-04-30 04:30:00+00:00,ES,7165.0,7170.5,7163.75,7168.5,4490
2026-04-30 04:45:00+00:00,ES,7168.5,7171.0,7165.0,7165.0,2695
2026-04-30 05:00:00+00:00,ES,7164.75,7168.5,7162.25,7163.75,3749
2026-04-30 05:15:00+00:00,ES,7163.75,7173.5,7158.5,7172.75,3691
2026-04-30 05:30:00+00:00,ES,7172.5,7184.75,7171.0,7172.75,8883
2026-04-30 05:45:00+00:00,ES,7172.75,7177.75,7169.25,7171.25,8695
2026-04-30 06:00:00+00:00,ES,7171.0,7180.0,7171.0,7175.0,5174
2026-04-30 06:15:00+00:00,ES,7175.0,7183.0,7173.5,7181.75,3867
2026-04-30 06:30:00+00:00,ES,7181.5,7187.25,7175.25,7177.0,8471
2026-04-30 06:45:00+00:00,ES,7176.75,7183.75,7175.25,7180.5,6534
2026-04-30 07:00:00+00:00,ES,7180.75,7196.0,7180.0,7187.75,7376
2026-04-30 07:15:00+00:00,ES,7188.0,7200.5,7187.25,7199.5,9077
2026-04-30 07:30:00+00:00,ES,7199.75,7199.75,7190.75,7192.0,6615
2026-04-30 07:45:00+00:00,ES,7192.0,7197.75,7191.25,7194.5,5175
2026-04-30 08:00:00+00:00,ES,7194.5,7202.5,7193.25,7202.0,6763
2026-04-30 08:15:00+00:00,ES,7201.5,7211.5,7201.5,7209.25,12849
2026-04-30 08:30:00+00:00,ES,7209.75,7210.25,7197.0,7199.5,12134
2026-04-30 08:45:00+00:00,ES,7199.5,7205.5,7198.25,7204.0,7432
2026-04-30 09:00:00+00:00,ES,7204.0,7209.75,7200.75,7202.0,11221
2026-04-30 09:15:00+00:00,ES,7202.25,7204.5,7199.25,7200.25,12268
2026-04-30 09:30:00+00:00,ES,7200.0,7200.75,7166.75,7181.5,108002
2026-04-30 09:45:00+00:00,ES,7181.25,7185.0,7160.25,7165.25,75629
2026-04-30 10:00:00+00:00,ES,7165.25,7175.5,7159.25,7169.25,71127
2026-04-30 10:15:00+00:00,ES,7169.5,7176.5,7157.25,7173.25,56430
2026-04-30 10:30:00+00:00,ES,7173.25,7181.25,7164.75,7175.5,59226
2026-04-30 10:45:00+00:00,ES,7175.5,7194.75,7175.25,7192.0,56377
2026-04-30 11:00:00+00:00,ES,7192.0,7198.75,7188.75,7196.5,54604
2026-04-30 11:15:00+00:00,ES,7196.75,7199.5,7191.0,7197.75,36350
2026-04-30 11:30:00+00:00,ES,7197.5,7203.0,7190.75,7192.5,41134
2026-04-30 11:45:00+00:00,ES,7192.25,7204.25,7187.75,7199.25,34358
2026-04-30 12:00:00+00:00,ES,7199.5,7207.5,7194.25,7206.75,29927
2026-04-30 12:15:00+00:00,ES,7206.5,7207.25,7201.0,7205.5,23373
2026-04-30 12:30:00+00:00,ES,7205.5,7207.0,7199.5,7201.0,19708
2026-04-30 12:45:00+00:00,ES,7201.25,7202.5,7192.5,7197.0,30342
2026-04-30 13:00:00+00:00,ES,7197.25,7210.0,7196.75,7209.0,29294
2026-04-30 13:15:00+00:00,ES,7209.0,7213.0,7205.5,7212.0,22606
2026-04-30 13:30:00+00:00,ES,7212.0,7220.75,7212.0,7218.25,33708
2026-04-30 13:45:00+00:00,ES,7218.25,7225.5,7218.0,7224.75,24831
2026-04-30 14:00:00+00:00,ES,7224.75,7233.25,7224.25,7231.5,43769
2026-04-30 14:15:00+00:00,ES,7231.75,7235.0,7230.0,7232.5,28054
2026-04-30 14:30:00+00:00,ES,7232.5,7240.75,7232.25,7239.5,31899
2026-04-30 14:45:00+00:00,ES,7239.25,7242.0,7236.5,7237.5,23499
2026-04-30 15:00:00+00:00,ES,7237.5,7247.5,7236.25,7246.5,34493
2026-04-30 15:15:00+00:00,ES,7246.5,7248.0,7243.75,7245.0,26069
2026-04-30 15:30:00+00:00,ES,7245.0,7248.5,7241.25,7248.25,34126
2026-04-30 15:45:00+00:00,ES,7248.0,7251.75,7237.25,7238.25,194835
2026-04-30 16:00:00+00:00,ES,7238.25,7247.0,7238.0,7245.0,56233
2026-04-30 16:15:00+00:00,ES,7245.0,7251.5,7243.75,7249.5,8871
2026-04-30 16:30:00+00:00,ES,7249.25,7253.5,7242.5,7244.25,8881
2026-04-30 16:45:00+00:00,ES,7244.25,7249.0,7243.75,7246.75,5734
2026-04-30 18:00:00+00:00,ES,7256.0,7263.5,7252.0,7261.5,5328
2026-04-30 18:15:00+00:00,ES,7261.75,7262.25,7256.25,7257.5,2496
2026-04-30 18:30:00+00:00,ES,7257.5,7257.75,7254.5,7256.25,1541
2026-04-30 18:45:00+00:00,ES,7256.25,7256.25,7246.25,7250.0,3074
2026-04-30 19:00:00+00:00,ES,7250.0,7252.75,7249.0,7249.75,1498
2026-04-30 19:15:00+00:00,ES,7249.75,7254.75,7249.0,7254.0,1712
2026-04-30 19:30:00+00:00,ES,7254.0,7257.25,7252.5,7254.25,1199
2026-04-30 19:45:00+00:00,ES,7254.0,7256.25,7249.75,7252.75,2771
2026-04-30 20:00:00+00:00,ES,7252.75,7258.0,7250.5,7252.25,3203
2026-04-30 20:15:00+00:00,ES,7252.0,7259.0,7252.0,7259.0,1897
2026-04-30 20:30:00+00:00,ES,7258.75,7260.0,7257.0,7258.75,1543
2026-04-30 20:45:00+00:00,ES,7259.0,7261.0,7257.25,7258.0,1518
2026-04-30 21:00:00+00:00,ES,7257.75,7260.75,7255.5,7260.5,1422
2026-04-30 21:15:00+00:00,ES,7260.75,7262.75,7259.5,7261.75,1537
2026-04-30 21:30:00+00:00,ES,7262.0,7264.0,7261.75,7262.25,2090
2026-04-30 21:45:00+00:00,ES,7262.25,7263.25,7261.25,7262.75,1340
2026-04-30 22:00:00+00:00,ES,7262.75,7263.0,7261.0,7261.25,949
2026-04-30 22:15:00+00:00,ES,7261.25,7262.5,7260.0,7260.75,927
2026-04-30 22:30:00+00:00,ES,7260.5,7260.75,7258.75,7259.75,1025
2026-04-30 22:45:00+00:00,ES,7259.5,7261.25,7258.25,7260.75,1002
2026-04-30 23:00:00+00:00,ES,7261.0,7263.25,7260.0,7262.25,1427
2026-04-30 23:15:00+00:00,ES,7262.0,7264.0,7261.75,7263.5,729
2026-04-30 23:30:00+00:00,ES,7263.5,7265.75,7259.75,7260.5,2491
2026-04-30 23:45:00+00:00,ES,7260.25,7261.25,7259.25,7260.75,732
2026-05-01 00:00:00+00:00,ES,7259.0,7259.25,7258.0,7259.0,207
2026-05-01 00:15:00+00:00,ES,7259.0,7259.75,7258.5,7258.75,483
2026-05-01 00:30:00+00:00,ES,7258.75,7259.25,7256.75,7258.0,479
2026-05-01 00:45:00+00:00,ES,7258.0,7259.0,7257.5,7258.0,439
2026-05-01 01:00:00+00:00,ES,7258.0,7260.25,7256.75,7260.25,881
2026-05-01 01:15:00+00:00,ES,7260.0,7260.25,7257.5,7260.0,829
2026-05-01 01:30:00+00:00,ES,7260.0,7260.25,7258.0,7259.25,817
2026-05-01 01:45:00+00:00,ES,7259.0,7259.0,7256.25,7257.0,898
2026-05-01 02:00:00+00:00,ES,7257.25,7258.0,7256.0,7257.5,1006
2026-05-01 02:15:00+00:00,ES,7257.5,7258.25,7255.0,7255.25,1063
2026-05-01 02:30:00+00:00,ES,7255.5,7256.0,7251.75,7253.0,1358
2026-05-01 02:45:00+00:00,ES,7253.25,7253.5,7251.0,7252.0,1585
2026-05-01 03:00:00+00:00,ES,7252.0,7256.5,7251.5,7256.25,2273
2026-05-01 03:15:00+00:00,ES,7256.25,7257.0,7253.25,7254.25,1984
2026-05-01 03:30:00+00:00,ES,7254.25,7254.25,7250.0,7250.25,2609
2026-05-01 03:45:00+00:00,ES,7250.25,7254.0,7248.5,7249.75,5355
2026-05-01 04:00:00+00:00,ES,7249.75,7252.5,7249.0,7251.5,2418
2026-05-01 04:15:00+00:00,ES,7251.5,7253.0,7250.75,7251.5,1448
2026-05-01 04:30:00+00:00,ES,7251.75,7251.75,7248.5,7249.25,1941
2026-05-01 04:45:00+00:00,ES,7249.25,7250.5,7247.75,7250.25,1799
2026-05-01 05:00:00+00:00,ES,7250.25,7250.25,7246.5,7249.0,1575
2026-05-01 05:15:00+00:00,ES,7249.0,7252.25,7249.0,7251.25,1069
2026-05-01 05:30:00+00:00,ES,7251.25,7253.25,7250.25,7252.25,1264
2026-05-01 05:45:00+00:00,ES,7252.0,7254.25,7251.5,7253.25,1164
2026-05-01 06:00:00+00:00,ES,7253.25,7253.75,7251.25,7253.0,937
2026-05-01 06:15:00+00:00,ES,7253.25,7254.5,7252.0,7252.5,1231
2026-05-01 06:30:00+00:00,ES,7252.5,7253.5,7248.75,7250.75,1977
2026-05-01 06:45:00+00:00,ES,7250.5,7254.25,7250.25,7254.0,1979
2026-05-01 07:00:00+00:00,ES,7254.25,7255.0,7249.0,7250.5,2381
2026-05-01 07:15:00+00:00,ES,7250.25,7254.75,7249.0,7253.0,2524
2026-05-01 07:30:00+00:00,ES,7252.75,7254.0,7251.0,7253.0,1420
2026-05-01 07:45:00+00:00,ES,7253.0,7257.0,7252.5,7256.25,2167
2026-05-01 08:00:00+00:00,ES,7256.25,7271.5,7254.5,7266.0,12117
2026-05-01 08:15:00+00:00,ES,7266.0,7268.75,7262.5,7266.25,8512
2026-05-01 08:30:00+00:00,ES,7266.0,7266.5,7258.0,7258.5,7237
2026-05-01 08:45:00+00:00,ES,7258.25,7260.75,7257.0,7258.5,5006
2026-05-01 09:00:00+00:00,ES,7258.25,7265.75,7258.0,7262.25,7488
2026-05-01 09:15:00+00:00,ES,7262.0,7265.5,7261.0,7264.5,8082
2026-05-01 09:30:00+00:00,ES,7264.5,7277.5,7258.75,7276.25,84618
2026-05-01 09:45:00+00:00,ES,7276.5,7293.25,7270.25,7293.25,78000
2026-05-01 10:00:00+00:00,ES,7293.0,7298.5,7289.5,7296.5,58828
2026-05-01 10:15:00+00:00,ES,7296.5,7300.75,7293.75,7294.5,42765
2026-05-01 10:30:00+00:00,ES,7294.5,7294.75,7274.5,7281.25,73862
2026-05-01 10:45:00+00:00,ES,7281.0,7285.5,7277.75,7278.5,35807
2026-05-01 11:00:00+00:00,ES,7278.75,7281.5,7272.0,7281.25,43804
2026-05-01 11:15:00+00:00,ES,7281.25,7285.25,7279.0,7284.25,27537
2026-05-01 11:30:00+00:00,ES,7284.5,7292.25,7283.0,7291.75,28713
2026-05-01 11:45:00+00:00,ES,7292.0,7295.75,7278.5,7285.25,42785
2026-05-01 12:00:00+00:00,ES,7285.25,7287.75,7275.25,7276.75,28029
2026-05-01 12:15:00+00:00,ES,7276.5,7283.25,7270.25,7272.75,42826
2026-05-01 12:30:00+00:00,ES,7272.75,7274.75,7267.75,7268.0,29302
2026-05-01 12:45:00+00:00,ES,7268.0,7275.0,7266.0,7270.25,27153
2026-05-01 13:00:00+00:00,ES,7270.0,7276.75,7269.75,7276.5,18019
2026-05-01 13:15:00+00:00,ES,7276.25,7281.0,7274.25,7280.75,16236
2026-05-01 13:30:00+00:00,ES,7280.75,7282.25,7277.5,7280.25,15783
2026-05-01 13:45:00+00:00,ES,7280.25,7283.75,7279.0,7279.5,20020
2026-05-01 14:00:00+00:00,ES,7279.5,7280.75,7268.75,7269.5,24519
2026-05-01 14:15:00+00:00,ES,7269.75,7273.75,7266.25,7272.75,24809
2026-05-01 14:30:00+00:00,ES,7272.75,7273.5,7262.25,7263.25,27897
2026-05-01 14:45:00+00:00,ES,7263.25,7264.75,7259.0,7262.75,25695
2026-05-01 15:00:00+00:00,ES,7262.75,7272.5,7262.0,7271.75,24460
2026-05-01 15:15:00+00:00,ES,7271.75,7277.0,7271.0,7275.25,23124
2026-05-01 15:30:00+00:00,ES,7275.5,7276.5,7271.0,7272.5,25853
2026-05-01 15:45:00+00:00,ES,7272.5,7273.0,7255.5,7257.5,118609
2026-05-01 16:00:00+00:00,ES,7257.5,7258.25,7252.0,7254.25,35015
2026-05-01 16:15:00+00:00,ES,7254.25,7254.75,7247.5,7249.25,7482
2026-05-01 16:30:00+00:00,ES,7249.25,7249.5,7245.75,7246.75,6621
2026-05-01 16:45:00+00:00,ES,7247.0,7258.0,7240.75,7258.0,7304
2026-05-04 00:30:00+00:00,ES,7258.0,7270.75,7258.0,7269.0,724
2026-05-04 00:45:00+00:00,ES,7269.25,7269.5,7267.25,7267.75,606
2026-05-04 01:00:00+00:00,ES,7267.75,7270.75,7267.25,7270.0,1186
2026-05-04 01:15:00+00:00,ES,7270.25,7274.5,7268.25,7268.5,2727
2026-05-04 01:30:00+00:00,ES,7268.75,7272.25,7267.75,7272.25,1301
2026-05-04 01:45:00+00:00,ES,7272.25,7272.75,7269.25,7270.0,1637
2026-05-04 02:00:00+00:00,ES,7270.0,7271.25,7265.75,7269.0,2297
2026-05-04 02:15:00+00:00,ES,7269.0,7269.25,7263.75,7267.25,1541
2026-05-04 02:30:00+00:00,ES,7267.25,7268.75,7259.75,7261.25,3043
2026-05-04 02:45:00+00:00,ES,7261.5,7264.0,7259.5,7262.75,1798
2026-05-04 03:00:00+00:00,ES,7263.0,7270.75,7259.5,7269.0,4650
2026-05-04 03:15:00+00:00,ES,7269.0,7273.5,7269.0,7271.25,4150
2026-05-04 03:30:00+00:00,ES,7271.5,7271.5,7268.0,7271.0,2436
2026-05-04 03:45:00+00:00,ES,7271.0,7273.0,7265.25,7265.25,2061
2026-05-04 04:00:00+00:00,ES,7265.0,7265.5,7255.0,7259.75,6300
2026-05-04 04:15:00+00:00,ES,7259.5,7263.75,7256.25,7262.5,3603
2026-05-04 04:30:00+00:00,ES,7262.75,7264.75,7260.75,7262.5,2807
2026-05-04 04:45:00+00:00,ES,7262.75,7264.5,7261.5,7262.25,2389
2026-05-04 05:00:00+00:00,ES,7262.5,7266.75,7260.5,7266.0,2288
2026-05-04 05:15:00+00:00,ES,7266.0,7266.25,7264.0,7265.25,1574
2026-05-04 05:30:00+00:00,ES,7265.25,7267.75,7264.25,7266.25,2113
2026-05-04 05:45:00+00:00,ES,7266.0,7267.5,7263.5,7263.75,2192
2026-05-04 06:00:00+00:00,ES,7264.0,7265.5,7214.5,7222.75,34429
2026-05-04 06:15:00+00:00,ES,7223.0,7235.5,7213.75,7232.75,19000
2026-05-04 06:30:00+00:00,ES,7232.75,7254.0,7230.5,7249.25,20141
2026-05-04 06:45:00+00:00,ES,7249.0,7252.75,7246.0,7247.0,5480
2026-05-04 07:00:00+00:00,ES,7247.25,7254.25,7244.25,7248.75,9674
2026-05-04 07:15:00+00:00,ES,7248.75,7252.0,7245.5,7246.0,3532
2026-05-04 07:30:00+00:00,ES,7246.0,7248.0,7236.75,7243.0,10187
2026-05-04 07:45:00+00:00,ES,7242.75,7248.0,7239.25,7245.25,5705
2026-05-04 08:00:00+00:00,ES,7245.25,7251.5,7245.25,7248.75,5302
2026-05-04 08:15:00+00:00,ES,7248.5,7256.0,7245.25,7252.0,9825
2026-05-04 08:30:00+00:00,ES,7251.75,7254.5,7247.25,7252.75,6001
2026-05-04 08:45:00+00:00,ES,7252.25,7254.25,7246.5,7249.25,7452
2026-05-04 09:00:00+00:00,ES,7249.25,7256.0,7238.25,7249.5,31463
2026-05-04 09:15:00+00:00,ES,7249.5,7252.0,7246.5,7250.5,10878
2026-05-04 09:30:00+00:00,ES,7250.75,7253.0,7242.25,7249.25,66983
2026-05-04 09:45:00+00:00,ES,7249.25,7257.75,7248.0,7257.75,42959
2026-05-04 10:00:00+00:00,ES,7257.5,7261.75,7248.0,7259.5,52144
2026-05-04 10:15:00+00:00,ES,7259.75,7267.0,7258.5,7262.25,36407
2026-05-04 10:30:00+00:00,ES,7262.25,7270.75,7261.0,7269.0,33239
2026-05-04 10:45:00+00:00,ES,7269.25,7271.0,7257.0,7258.75,41622
2026-05-04 11:00:00+00:00,ES,7259.0,7264.25,7249.75,7252.25,62049
2026-05-04 11:15:00+00:00,ES,7252.0,7254.5,7223.75,7234.0,119445
2026-05-04 11:30:00+00:00,ES,7234.0,7235.0,7222.25,7232.5,75694
2026-05-04 11:45:00+00:00,ES,7232.25,7232.75,7218.75,7225.25,59942
2026-05-04 12:00:00+00:00,ES,7225.25,7227.0,7199.5,7208.5,79616
2026-05-04 12:15:00+00:00,ES,7208.75,7228.25,7204.0,7219.25,68651
2026-05-04 12:30:00+00:00,ES,7219.5,7226.25,7215.5,7218.25,36201
2026-05-04 12:45:00+00:00,ES,7218.5,7220.5,7212.75,7215.0,30520
2026-05-04 13:00:00+00:00,ES,7214.75,7226.25,7214.25,7224.0,34476
2026-05-04 13:15:00+00:00,ES,7224.0,7236.25,7222.0,7235.25,38979
2026-05-04 13:30:00+00:00,ES,7235.5,7235.75,7225.25,7231.5,25651
2026-05-04 13:45:00+00:00,ES,7231.75,7236.0,7230.25,7232.75,17706
2026-05-04 14:00:00+00:00,ES,7233.0,7239.5,7232.25,7234.0,24944
2026-05-04 14:15:00+00:00,ES,7234.0,7234.25,7221.0,7227.0,31426
2026-05-04 14:30:00+00:00,ES,7227.0,7228.0,7219.25,7219.75,23922
2026-05-04 14:45:00+00:00,ES,7219.75,7225.0,7217.5,7223.75,29829
2026-05-04 15:00:00+00:00,ES,7224.0,7231.5,7220.5,7229.5,39826
2026-05-04 15:15:00+00:00,ES,7229.5,7231.0,7223.25,7226.75,24556
2026-05-04 15:30:00+00:00,ES,7226.75,7231.5,7225.75,7226.5,20701
2026-05-04 15:45:00+00:00,ES,7226.5,7231.5,7223.25,7231.25,89972
2026-05-04 16:00:00+00:00,ES,7231.0,7231.5,7222.75,7225.25,24900
2026-05-04 16:15:00+00:00,ES,7225.0,7228.5,7222.75,7227.75,6347
2026-05-04 16:30:00+00:00,ES,7227.75,7228.75,7224.5,7224.75,2838
2026-05-04 16:45:00+00:00,ES,7224.5,7226.0,7223.5,7225.25,3020
2026-05-04 18:00:00+00:00,ES,7228.75,7234.75,7227.75,7232.25,2193
2026-05-04 18:15:00+00:00,ES,7232.25,7233.75,7231.5,7233.5,795
2026-05-04 18:30:00+00:00,ES,7233.25,7234.0,7229.75,7230.0,1122
2026-05-04 18:45:00+00:00,ES,7229.75,7230.0,7226.0,7227.5,1163
2026-05-04 19:00:00+00:00,ES,7227.5,7229.25,7225.5,7229.0,1035
2026-05-04 19:15:00+00:00,ES,7229.0,7229.25,7227.0,7228.25,574
2026-05-04 19:30:00+00:00,ES,7228.0,7228.75,7226.25,7226.75,518
2026-05-04 19:45:00+00:00,ES,7226.75,7228.25,7224.5,7227.0,926
2026-05-04 20:00:00+00:00,ES,7227.25,7235.75,7227.0,7233.25,2573
2026-05-04 20:15:00+00:00,ES,7233.0,7233.0,7223.75,7225.75,2681
2026-05-04 20:30:00+00:00,ES,7225.75,7229.75,7225.25,7227.0,1563
2026-05-04 20:45:00+00:00,ES,7227.25,7232.75,7226.75,7231.75,1408
2026-05-04 21:00:00+00:00,ES,7231.75,7233.75,7227.25,7232.25,2200
2026-05-04 21:15:00+00:00,ES,7232.5,7234.75,7232.0,7232.75,1339
2026-05-04 21:30:00+00:00,ES,7233.0,7239.0,7231.0,7235.0,2570
2026-05-04 21:45:00+00:00,ES,7235.0,7237.75,7234.75,7235.5,1520
2026-05-04 22:00:00+00:00,ES,7235.75,7237.75,7234.75,7235.0,1334
2026-05-04 22:15:00+00:00,ES,7235.25,7239.25,7235.0,7239.0,1356
2026-05-04 22:30:00+00:00,ES,7238.75,7241.0,7238.5,7240.25,1711
2026-05-04 22:45:00+00:00,ES,7240.0,7240.25,7233.75,7236.5,2563
2026-05-04 23:00:00+00:00,ES,7236.25,7240.0,7235.5,7239.75,1037
2026-05-04 23:15:00+00:00,ES,7239.75,7242.0,7239.25,7241.0,1126
2026-05-04 23:30:00+00:00,ES,7240.75,7241.0,7239.75,7240.0,572
2026-05-04 23:45:00+00:00,ES,7240.0,7241.75,7239.75,7240.75,746
2026-05-05 00:00:00+00:00,ES,7242.75,7243.0,7241.25,7241.25,333
2026-05-05 00:15:00+00:00,ES,7241.5,7241.5,7240.25,7240.75,646
2026-05-05 00:30:00+00:00,ES,7240.5,7240.5,7238.5,7240.0,736
2026-05-05 00:45:00+00:00,ES,7240.0,7243.25,7239.5,7240.0,1273
2026-05-05 01:00:00+00:00,ES,7239.75,7240.75,7238.5,7240.25,1057
2026-05-05 01:15:00+00:00,ES,7240.0,7241.75,7239.5,7239.75,751
2026-05-05 01:30:00+00:00,ES,7240.0,7243.75,7238.25,7242.25,1784
2026-05-05 01:45:00+00:00,ES,7242.25,7244.25,7241.75,7243.75,869
2026-05-05 02:00:00+00:00,ES,7243.75,7247.75,7241.0,7241.0,3405
2026-05-05 02:15:00+00:00,ES,7241.25,7241.75,7235.75,7238.25,2195
2026-05-05 02:30:00+00:00,ES,7237.75,7248.25,7237.75,7244.5,3184
2026-05-05 02:45:00+00:00,ES,7244.75,7248.25,7243.75,7247.5,2645
2026-05-05 03:00:00+00:00,ES,7247.75,7252.0,7246.75,7250.75,5448
2026-05-05 03:15:00+00:00,ES,7250.75,7252.0,7247.75,7248.5,3066
2026-05-05 03:30:00+00:00,ES,7248.5,7256.75,7248.0,7250.5,6000
2026-05-05 03:45:00+00:00,ES,7250.5,7251.25,7245.75,7247.25,2755
2026-05-05 04:00:00+00:00,ES,7247.5,7256.25,7247.25,7255.25,4423
2026-05-05 04:15:00+00:00,ES,7255.25,7257.0,7253.25,7254.0,3599
2026-05-05 04:30:00+00:00,ES,7254.0,7256.0,7252.75,7254.75,3106
2026-05-05 04:45:00+00:00,ES,7254.75,7256.75,7253.25,7254.75,2790
2026-05-05 05:00:00+00:00,ES,7254.75,7255.0,7249.75,7252.5,3118
2026-05-05 05:15:00+00:00,ES,7252.5,7253.75,7250.75,7253.0,1683
2026-05-05 05:30:00+00:00,ES,7253.0,7256.5,7252.75,7255.25,2039
2026-05-05 05:45:00+00:00,ES,7255.25,7258.0,7253.75,7255.5,2665
2026-05-05 06:00:00+00:00,ES,7255.25,7256.5,7253.25,7255.0,1881
2026-05-05 06:15:00+00:00,ES,7255.0,7256.5,7254.25,7255.75,1316
2026-05-05 06:30:00+00:00,ES,7256.0,7261.75,7253.5,7253.5,6075
2026-05-05 06:45:00+00:00,ES,7253.75,7256.0,7253.0,7255.5,2084
2026-05-05 07:00:00+00:00,ES,7255.5,7256.75,7249.0,7251.0,5641
2026-05-05 07:15:00+00:00,ES,7251.0,7256.5,7248.75,7255.0,5475
2026-05-05 07:30:00+00:00,ES,7255.0,7258.75,7254.25,7258.0,3236
2026-05-05 07:45:00+00:00,ES,7258.25,7259.25,7257.0,7258.25,3358
2026-05-05 08:00:00+00:00,ES,7258.25,7267.0,7256.25,7266.25,11714
2026-05-05 08:15:00+00:00,ES,7266.25,7269.0,7263.0,7265.25,8644
2026-05-05 08:30:00+00:00,ES,7265.25,7266.25,7261.25,7261.5,4784
2026-05-05 08:45:00+00:00,ES,7261.75,7263.0,7260.25,7261.75,4109
2026-05-05 09:00:00+00:00,ES,7261.75,7268.75,7261.5,7266.0,6782
2026-05-05 09:15:00+00:00,ES,7266.0,7267.5,7262.5,7267.25,11710
2026-05-05 09:30:00+00:00,ES,7267.5,7274.0,7264.25,7271.5,64869
2026-05-05 09:45:00+00:00,ES,7271.5,7277.25,7270.0,7275.0,53134
2026-05-05 10:00:00+00:00,ES,7275.0,7283.5,7270.5,7272.25,67209
2026-05-05 10:15:00+00:00,ES,7272.25,7286.25,7266.75,7282.5,85943
2026-05-05 10:30:00+00:00,ES,7282.5,7283.5,7274.75,7276.25,40646
2026-05-05 10:45:00+00:00,ES,7276.25,7281.0,7273.0,7280.75,30178
2026-05-05 11:00:00+00:00,ES,7280.5,7285.75,7279.25,7284.75,32801
2026-05-05 11:15:00+00:00,ES,7284.75,7285.75,7280.25,7284.25,26761
2026-05-05 11:30:00+00:00,ES,7284.25,7284.75,7278.5,7280.75,24795
2026-05-05 11:45:00+00:00,ES,7280.5,7283.5,7278.75,7279.5,21201
2026-05-05 12:00:00+00:00,ES,7279.75,7285.25,7279.25,7284.0,16328
2026-05-05 12:15:00+00:00,ES,7284.25,7288.0,7279.0,7285.25,24130
2026-05-05 12:30:00+00:00,ES,7285.25,7286.0,7281.75,7283.5,16813
2026-05-05 12:45:00+00:00,ES,7283.75,7286.75,7282.75,7284.0,12547
2026-05-05 13:00:00+00:00,ES,7284.0,7285.0,7280.25,7281.75,14703
2026-05-05 13:15:00+00:00,ES,7282.0,7288.0,7281.75,7287.75,16729
2026-05-05 13:30:00+00:00,ES,7287.75,7289.5,7286.25,7287.5,15138
2026-05-05 13:45:00+00:00,ES,7287.75,7291.5,7287.75,7289.25,15247
2026-05-05 14:00:00+00:00,ES,7289.25,7295.75,7289.0,7295.5,19228
2026-05-05 14:15:00+00:00,ES,7295.5,7296.25,7293.5,7293.75,15960
2026-05-05 14:30:00+00:00,ES,7294.0,7294.5,7290.25,7291.75,15335
2026-05-05 14:45:00+00:00,ES,7291.75,7294.0,7290.5,7292.75,14580
2026-05-05 15:00:00+00:00,ES,7292.75,7299.5,7292.25,7296.75,23325
2026-05-05 15:15:00+00:00,ES,7296.75,7299.75,7294.75,7296.5,24053
2026-05-05 15:30:00+00:00,ES,7296.5,7298.5,7294.0,7297.0,22229
2026-05-05 15:45:00+00:00,ES,7297.0,7297.5,7282.5,7287.0,123720
2026-05-05 16:00:00+00:00,ES,7286.75,7290.75,7286.0,7290.25,26041
2026-05-05 16:15:00+00:00,ES,7290.25,7304.25,7284.75,7302.0,19123
2026-05-05 16:30:00+00:00,ES,7302.0,7302.0,7295.5,7295.5,8165
2026-05-05 16:45:00+00:00,ES,7295.5,7297.5,7292.75,7295.5,4728
2026-05-05 18:00:00+00:00,ES,7300.5,7301.25,7294.0,7294.75,2688
2026-05-05 18:15:00+00:00,ES,7295.0,7296.75,7293.5,7296.25,1380
2026-05-05 18:30:00+00:00,ES,7296.5,7300.0,7296.0,7299.0,1775
2026-05-05 18:45:00+00:00,ES,7299.0,7320.0,7298.5,7316.75,16417
2026-05-05 19:00:00+00:00,ES,7316.75,7319.0,7312.25,7318.75,4976
2026-05-05 19:15:00+00:00,ES,7319.0,7319.25,7313.5,7313.75,3097
2026-05-05 19:30:00+00:00,ES,7313.75,7316.5,7313.75,7313.75,2031
2026-05-05 19:45:00+00:00,ES,7314.0,7315.5,7313.5,7314.25,1360
2026-05-05 20:00:00+00:00,ES,7314.25,7316.0,7307.75,7308.5,5331
2026-05-05 20:15:00+00:00,ES,7308.5,7308.5,7301.0,7301.5,5013
2026-05-05 20:30:00+00:00,ES,7301.25,7305.0,7300.75,7302.75,2803
2026-05-05 20:45:00+00:00,ES,7302.75,7304.0,7299.25,7303.5,2485
2026-05-05 21:00:00+00:00,ES,7303.25,7307.5,7302.75,7306.5,2424
2026-05-05 21:15:00+00:00,ES,7306.75,7308.5,7304.75,7305.5,2029
2026-05-05 21:30:00+00:00,ES,7305.5,7308.25,7303.75,7308.0,1923
2026-05-05 21:45:00+00:00,ES,7308.0,7310.25,7305.5,7307.75,2031
2026-05-05 22:00:00+00:00,ES,7307.75,7308.25,7304.0,7306.5,1997
2026-05-05 22:15:00+00:00,ES,7306.5,7308.25,7303.75,7304.25,1526
2026-05-05 22:30:00+00:00,ES,7304.0,7305.5,7302.5,7303.75,1614
2026-05-05 22:45:00+00:00,ES,7303.5,7305.25,7303.25,7304.25,1070
2026-05-05 23:00:00+00:00,ES,7304.25,7307.25,7303.25,7306.5,1554
2026-05-05 23:15:00+00:00,ES,7306.5,7308.5,7305.25,7308.0,1404
2026-05-05 23:30:00+00:00,ES,7308.25,7311.0,7308.0,7309.0,1381
2026-05-05 23:45:00+00:00,ES,7309.0,7309.25,7306.75,7307.75,915
2026-05-06 00:00:00+00:00,ES,7308.25,7308.5,7306.75,7308.0,462
2026-05-06 00:15:00+00:00,ES,7308.0,7310.0,7307.5,7309.0,941
2026-05-06 00:30:00+00:00,ES,7309.25,7310.0,7306.5,7308.0,1479
2026-05-06 00:45:00+00:00,ES,7308.25,7310.25,7308.0,7308.75,1200
2026-05-06 01:00:00+00:00,ES,7308.5,7310.5,7307.25,7309.25,1298
2026-05-06 01:15:00+00:00,ES,7309.0,7310.0,7307.0,7309.0,1489
2026-05-06 01:30:00+00:00,ES,7309.25,7309.5,7307.25,7308.5,1441
2026-05-06 01:45:00+00:00,ES,7308.75,7312.75,7308.75,7311.5,1855
2026-05-06 02:00:00+00:00,ES,7311.5,7314.75,7309.25,7310.25,3502
2026-05-06 02:15:00+00:00,ES,7310.25,7311.25,7308.25,7309.25,2233
2026-05-06 02:30:00+00:00,ES,7309.5,7311.0,7303.75,7308.5,5637
2026-05-06 02:45:00+00:00,ES,7308.5,7309.75,7306.0,7309.75,2041
2026-05-06 03:00:00+00:00,ES,7309.75,7311.5,7306.75,7307.5,5981
2026-05-06 03:15:00+00:00,ES,7307.25,7309.75,7307.0,7308.75,3147
2026-05-06 03:30:00+00:00,ES,7308.75,7309.25,7306.5,7308.75,2709
2026-05-06 03:45:00+00:00,ES,7308.75,7311.75,7308.0,7310.75,4249
2026-05-06 04:00:00+00:00,ES,7311.0,7312.25,7307.75,7308.75,7216
2026-05-06 04:15:00+00:00,ES,7308.5,7308.75,7305.5,7306.75,3277
2026-05-06 04:30:00+00:00,ES,7307.0,7310.75,7306.25,7309.75,3466
2026-05-06 04:45:00+00:00,ES,7310.0,7343.25,7309.75,7335.25,34284
2026-05-06 05:00:00+00:00,ES,7335.25,7339.75,7323.0,7329.75,11075
2026-05-06 05:15:00+00:00,ES,7330.0,7336.25,7329.5,7333.0,8184
2026-05-06 05:30:00+00:00,ES,7332.75,7341.75,7331.25,7340.0,10035
2026-05-06 05:45:00+00:00,ES,7340.0,7343.0,7336.75,7341.75,6438
2026-05-06 06:00:00+00:00,ES,7341.75,7347.75,7340.5,7342.25,9182
2026-05-06 06:15:00+00:00,ES,7342.25,7352.75,7341.75,7350.5,11268
2026-05-06 06:30:00+00:00,ES,7350.5,7358.5,7350.0,7357.25,11702
2026-05-06 06:45:00+00:00,ES,7357.25,7363.75,7351.25,7358.0,17605
2026-05-06 07:00:00+00:00,ES,7357.75,7366.25,7355.5,7362.0,13873
2026-05-06 07:15:00+00:00,ES,7361.75,7363.75,7356.0,7356.5,10566
2026-05-06 07:30:00+00:00,ES,7356.75,7360.75,7350.0,7350.25,16592
2026-05-06 07:45:00+00:00,ES,7350.5,7352.0,7345.0,7348.0,15654
2026-05-06 08:00:00+00:00,ES,7348.25,7348.75,7331.75,7333.5,19767
2026-05-06 08:15:00+00:00,ES,7333.5,7345.75,7326.5,7343.0,15755
2026-05-06 08:30:00+00:00,ES,7343.0,7344.25,7338.75,7340.0,10236
2026-05-06 08:45:00+00:00,ES,7340.25,7342.75,7334.75,7338.5,7966
2026-05-06 09:00:00+00:00,ES,7338.5,7339.25,7328.5,7334.75,21553
2026-05-06 09:15:00+00:00,ES,7334.75,7338.0,7329.75,7331.25,17257
2026-05-06 09:30:00+00:00,ES,7331.0,7345.0,7327.25,7340.75,79677
2026-05-06 09:45:00+00:00,ES,7341.0,7347.5,7331.5,7346.0,66209
2026-05-06 10:00:00+00:00,ES,7346.0,7352.0,7336.25,7350.25,68584
2026-05-06 10:15:00+00:00,ES,7350.25,7356.5,7345.0,7350.0,59078
2026-05-06 10:30:00+00:00,ES,7350.0,7369.5,7349.75,7368.25,65612
2026-05-06 10:45:00+00:00,ES,7368.25,7372.0,7364.5,7371.25,49329
2026-05-06 11:00:00+00:00,ES,7371.5,7375.0,7363.75,7367.0,51286
2026-05-06 11:15:00+00:00,ES,7367.0,7373.5,7365.0,7370.0,38195
2026-05-06 11:30:00+00:00,ES,7370.0,7371.0,7358.75,7362.75,50462
2026-05-06 11:45:00+00:00,ES,7362.75,7368.5,7361.25,7365.75,30254
2026-05-06 12:00:00+00:00,ES,7365.75,7369.25,7364.0,7368.5,20670
2026-05-06 12:15:00+00:00,ES,7368.5,7369.75,7366.25,7367.0,15413
2026-05-06 12:30:00+00:00,ES,7366.75,7367.75,7364.0,7365.25,14855
2026-05-06 12:45:00+00:00,ES,7365.5,7365.75,7354.5,7359.0,36148
2026-05-06 13:00:00+00:00,ES,7359.25,7366.75,7355.5,7364.5,24259
2026-05-06 13:15:00+00:00,ES,7364.5,7367.75,7363.0,7366.0,14684
2026-05-06 13:30:00+00:00,ES,7366.0,7368.75,7364.75,7368.25,13717
2026-05-06 13:45:00+00:00,ES,7368.25,7371.0,7367.25,7371.0,11733
2026-05-06 14:00:00+00:00,ES,7371.0,7375.5,7369.75,7374.5,27893
2026-05-06 14:15:00+00:00,ES,7374.75,7381.75,7374.5,7380.0,30884
2026-05-06 14:30:00+00:00,ES,7380.25,7384.5,7378.5,7379.75,23583
2026-05-06 14:45:00+00:00,ES,7380.0,7381.25,7376.75,7379.25,24358
2026-05-06 15:00:00+00:00,ES,7379.25,7388.0,7379.0,7387.5,31897
2026-05-06 15:15:00+00:00,ES,7387.25,7390.0,7385.75,7388.5,30127
2026-05-06 15:30:00+00:00,ES,7388.25,7390.0,7385.25,7386.75,29501
2026-05-06 15:45:00+00:00,ES,7386.75,7395.75,7385.75,7387.0,157941
2026-05-06 16:00:00+00:00,ES,7387.0,7395.75,7385.0,7394.0,52374
2026-05-06 16:15:00+00:00,ES,7394.25,7394.75,7390.0,7392.75,7950
2026-05-06 16:30:00+00:00,ES,7392.75,7393.0,7387.0,7387.75,5577
2026-05-06 16:45:00+00:00,ES,7387.75,7387.75,7384.5,7386.75,6253
2026-05-06 18:00:00+00:00,ES,7380.5,7383.75,7378.5,7380.5,2884
2026-05-06 18:15:00+00:00,ES,7380.25,7382.75,7377.0,7377.5,1877
2026-05-06 18:30:00+00:00,ES,7377.5,7380.0,7377.0,7379.75,1057
2026-05-06 18:45:00+00:00,ES,7379.5,7380.25,7378.0,7378.75,829
2026-05-06 19:00:00+00:00,ES,7378.75,7381.5,7378.0,7380.25,1034
2026-05-06 19:15:00+00:00,ES,7380.25,7381.75,7378.75,7379.75,879
2026-05-06 19:30:00+00:00,ES,7379.75,7380.5,7378.25,7380.0,777
2026-05-06 19:45:00+00:00,ES,7380.0,7382.5,7377.5,7379.75,1959
2026-05-06 20:00:00+00:00,ES,7379.75,7385.0,7378.75,7383.0,3244
2026-05-06 20:15:00+00:00,ES,7383.0,7383.75,7378.5,7380.25,2710
2026-05-06 20:30:00+00:00,ES,7380.25,7383.0,7379.25,7382.75,2270
2026-05-06 20:45:00+00:00,ES,7382.75,7385.5,7382.0,7384.75,2168
2026-05-06 21:00:00+00:00,ES,7384.75,7385.75,7381.0,7384.75,2729
2026-05-06 21:15:00+00:00,ES,7384.75,7386.5,7384.5,7386.0,1336
2026-05-06 21:30:00+00:00,ES,7385.75,7389.5,7385.75,7389.0,2095
2026-05-06 21:45:00+00:00,ES,7389.0,7393.0,7388.75,7390.25,2525
2026-05-06 22:00:00+00:00,ES,7390.25,7391.25,7383.25,7383.75,2609
2026-05-06 22:15:00+00:00,ES,7383.5,7388.25,7383.5,7388.0,1962
2026-05-06 22:30:00+00:00,ES,7388.25,7389.5,7385.5,7386.5,1439
2026-05-06 22:45:00+00:00,ES,7386.25,7389.5,7386.25,7388.5,1133
2026-05-06 23:00:00+00:00,ES,7388.5,7388.75,7386.75,7387.75,1116
2026-05-06 23:15:00+00:00,ES,7387.75,7390.75,7387.0,7389.5,1522
2026-05-06 23:30:00+00:00,ES,7389.5,7391.5,7389.5,7391.25,995
2026-05-06 23:45:00+00:00,ES,7391.25,7392.0,7390.25,7390.75,987
2026-05-07 00:00:00+00:00,ES,7391.0,7392.25,7390.75,7391.75,467
2026-05-07 00:15:00+00:00,ES,7391.75,7394.25,7391.75,7393.25,1308
2026-05-07 00:30:00+00:00,ES,7393.5,7394.0,7391.75,7392.75,1048
2026-05-07 00:45:00+00:00,ES,7392.75,7394.5,7392.0,7393.5,1296
2026-05-07 01:00:00+00:00,ES,7393.25,7395.0,7392.25,7394.25,1665
2026-05-07 01:15:00+00:00,ES,7394.25,7394.5,7392.0,7392.75,1108
2026-05-07 01:30:00+00:00,ES,7392.75,7395.75,7392.75,7394.75,1979
2026-05-07 01:45:00+00:00,ES,7394.75,7395.25,7393.5,7394.0,1234
2026-05-07 02:00:00+00:00,ES,7393.75,7395.75,7390.75,7390.75,2397
2026-05-07 02:15:00+00:00,ES,7390.75,7395.75,7390.25,7394.0,2295
2026-05-07 02:30:00+00:00,ES,7394.0,7403.0,7393.0,7401.5,5046
2026-05-07 02:45:00+00:00,ES,7401.25,7401.5,7396.75,7399.5,2594
2026-05-07 03:00:00+00:00,ES,7399.25,7409.5,7395.5,7409.25,11823
2026-05-07 03:15:00+00:00,ES,7409.5,7410.5,7400.0,7401.75,8544
2026-05-07 03:30:00+00:00,ES,7402.0,7405.75,7401.25,7403.5,4584
2026-05-07 03:45:00+00:00,ES,7403.5,7403.75,7399.0,7402.0,2673
2026-05-07 04:00:00+00:00,ES,7402.0,7408.5,7400.25,7402.25,6242
2026-05-07 04:15:00+00:00,ES,7402.25,7402.5,7394.25,7398.25,7178
2026-05-07 04:30:00+00:00,ES,7398.25,7400.0,7396.0,7396.5,4496
2026-05-07 04:45:00+00:00,ES,7396.25,7399.25,7393.75,7395.25,3681
2026-05-07 05:00:00+00:00,ES,7395.25,7396.25,7392.25,7395.0,3566
2026-05-07 05:15:00+00:00,ES,7395.25,7399.5,7395.25,7396.5,3861
2026-05-07 05:30:00+00:00,ES,7396.5,7398.25,7395.25,7395.75,2725
2026-05-07 05:45:00+00:00,ES,7395.75,7399.5,7392.0,7394.0,3780
2026-05-07 06:00:00+00:00,ES,7393.75,7394.75,7389.75,7393.25,4276
2026-05-07 06:15:00+00:00,ES,7393.25,7396.75,7391.5,7395.0,2619
2026-05-07 06:30:00+00:00,ES,7395.25,7398.75,7393.75,7398.25,3852
2026-05-07 06:45:00+00:00,ES,7398.0,7398.5,7394.75,7395.25,2501
2026-05-07 07:00:00+00:00,ES,7395.5,7399.0,7395.25,7396.5,5003
2026-05-07 07:15:00+00:00,ES,7396.5,7397.0,7393.0,7393.75,6175
2026-05-07 07:30:00+00:00,ES,7393.75,7398.25,7392.75,7396.0,4684
2026-05-07 07:45:00+00:00,ES,7396.0,7397.75,7393.25,7396.75,3531
2026-05-07 08:00:00+00:00,ES,7396.5,7402.25,7395.25,7401.5,5373
2026-05-07 08:15:00+00:00,ES,7401.5,7402.0,7396.75,7400.5,5235
2026-05-07 08:30:00+00:00,ES,7400.5,7402.75,7398.75,7401.75,6429
2026-05-07 08:45:00+00:00,ES,7402.0,7402.75,7398.5,7401.75,5779
2026-05-07 09:00:00+00:00,ES,7402.0,7402.0,7395.75,7397.25,7799
2026-05-07 09:15:00+00:00,ES,7397.5,7402.0,7397.5,7399.25,12493
2026-05-07 09:30:00+00:00,ES,7399.25,7400.25,7390.0,7391.0,70516
2026-05-07 09:45:00+00:00,ES,7391.0,7393.0,7383.75,7387.75,66820
2026-05-07 10:00:00+00:00,ES,7387.75,7397.5,7387.25,7393.25,50585
2026-05-07 10:15:00+00:00,ES,7393.25,7398.75,7389.0,7393.75,49493
2026-05-07 10:30:00+00:00,ES,7394.0,7401.75,7393.0,7400.25,44242
2026-05-07 10:45:00+00:00,ES,7400.25,7409.5,7398.25,7409.25,38101
2026-05-07 11:00:00+00:00,ES,7409.5,7410.0,7400.25,7401.5,38611
2026-05-07 11:15:00+00:00,ES,7401.5,7404.5,7391.25,7397.5,52496
2026-05-07 11:30:00+00:00,ES,7397.5,7404.75,7396.75,7401.25,39061
2026-05-07 11:45:00+00:00,ES,7401.0,7402.5,7386.0,7388.0,41379
2026-05-07 12:00:00+00:00,ES,7388.0,7388.5,7374.25,7375.0,70361
2026-05-07 12:15:00+00:00,ES,7375.0,7382.5,7365.75,7382.0,78802
2026-05-07 12:30:00+00:00,ES,7381.75,7386.5,7373.25,7375.75,43756
2026-05-07 12:45:00+00:00,ES,7375.75,7377.0,7364.0,7368.5,42890
2026-05-07 13:00:00+00:00,ES,7368.5,7374.75,7364.75,7368.0,40646
2026-05-07 13:15:00+00:00,ES,7368.0,7373.75,7345.75,7354.25,92342
2026-05-07 13:30:00+00:00,ES,7354.5,7365.25,7350.0,7356.0,50799
2026-05-07 13:45:00+00:00,ES,7355.75,7366.25,7349.5,7365.25,52986
2026-05-07 14:00:00+00:00,ES,7365.25,7369.75,7358.75,7364.5,42143
2026-05-07 14:15:00+00:00,ES,7364.75,7370.5,7359.75,7361.25,27326
2026-05-07 14:30:00+00:00,ES,7361.0,7367.5,7347.5,7351.25,38899
2026-05-07 14:45:00+00:00,ES,7351.25,7360.25,7345.5,7359.75,54061
2026-05-07 15:00:00+00:00,ES,7359.75,7363.75,7355.0,7360.25,28707
2026-05-07 15:15:00+00:00,ES,7360.5,7361.75,7348.5,7354.0,45516
2026-05-07 15:30:00+00:00,ES,7353.75,7363.5,7352.5,7361.25,32269
2026-05-07 15:45:00+00:00,ES,7361.5,7367.5,7354.75,7364.25,144933
2026-05-07 16:00:00+00:00,ES,7364.25,7378.75,7355.0,7369.5,58331
2026-05-07 16:15:00+00:00,ES,7369.5,7371.25,7366.5,7368.75,7280
2026-05-07 16:30:00+00:00,ES,7368.75,7370.75,7352.0,7360.25,18244
2026-05-07 16:45:00+00:00,ES,7360.0,7362.0,7351.25,7352.25,9619
2026-05-07 18:00:00+00:00,ES,7340.0,7353.5,7336.25,7349.75,5902
2026-05-07 18:15:00+00:00,ES,7349.75,7359.25,7347.5,7357.0,6374
2026-05-07 18:30:00+00:00,ES,7357.25,7357.75,7345.75,7351.25,4790
2026-05-07 18:45:00+00:00,ES,7351.5,7352.25,7347.5,7349.5,1288
2026-05-07 19:00:00+00:00,ES,7349.5,7353.0,7348.25,7351.5,1646
2026-05-07 19:15:00+00:00,ES,7351.75,7355.25,7351.25,7354.25,868
2026-05-07 19:30:00+00:00,ES,7354.25,7356.5,7352.25,7356.5,1013
2026-05-07 19:45:00+00:00,ES,7356.5,7363.0,7354.75,7362.75,2034
2026-05-07 20:00:00+00:00,ES,7363.0,7372.75,7363.0,7370.5,5524
2026-05-07 20:15:00+00:00,ES,7370.5,7370.5,7365.5,7367.5,3186
2026-05-07 20:30:00+00:00,ES,7367.25,7371.75,7366.5,7371.0,2665
2026-05-07 20:45:00+00:00,ES,7371.25,7373.25,7367.25,7372.75,2256
2026-05-07 21:00:00+00:00,ES,7372.5,7378.25,7372.5,7377.0,3895
2026-05-07 21:15:00+00:00,ES,7377.25,7379.25,7375.0,7377.0,2539
2026-05-07 21:30:00+00:00,ES,7377.0,7378.25,7375.5,7377.5,2324
2026-05-07 21:45:00+00:00,ES,7377.25,7380.5,7375.75,7376.25,2635
2026-05-07 22:00:00+00:00,ES,7376.25,7377.5,7374.5,7376.25,2315
2026-05-07 22:15:00+00:00,ES,7376.25,7376.5,7372.25,7375.25,2486
2026-05-07 22:30:00+00:00,ES,7375.25,7376.25,7367.25,7373.25,3505
2026-05-07 22:45:00+00:00,ES,7373.5,7379.5,7373.5,7374.75,1727
2026-05-07 23:00:00+00:00,ES,7374.5,7376.75,7373.5,7375.5,914
2026-05-07 23:15:00+00:00,ES,7375.5,7376.5,7374.0,7375.75,878
2026-05-07 23:30:00+00:00,ES,7376.0,7379.5,7375.0,7376.5,1796
2026-05-07 23:45:00+00:00,ES,7376.5,7379.25,7375.25,7378.25,1190
2026-05-08 00:00:00+00:00,ES,7378.25,7379.5,7377.25,7377.5,335
2026-05-08 00:15:00+00:00,ES,7377.5,7379.0,7375.5,7378.0,1218
2026-05-08 00:30:00+00:00,ES,7378.0,7378.75,7375.25,7376.5,946
2026-05-08 00:45:00+00:00,ES,7376.5,7382.5,7376.0,7379.25,1881
2026-05-08 01:00:00+00:00,ES,7379.25,7381.5,7378.75,7380.25,1125
2026-05-08 01:15:00+00:00,ES,7380.5,7382.0,7380.0,7381.75,1112
2026-05-08 01:30:00+00:00,ES,7381.75,7385.5,7381.25,7383.5,3086
2026-05-08 01:45:00+00:00,ES,7383.5,7384.25,7382.25,7382.75,1239
2026-05-08 02:00:00+00:00,ES,7382.5,7386.75,7379.25,7385.0,2512
2026-05-08 02:15:00+00:00,ES,7385.0,7388.75,7384.5,7387.5,2508
2026-05-08 02:30:00+00:00,ES,7387.75,7388.25,7384.75,7387.0,2364
2026-05-08 02:45:00+00:00,ES,7387.0,7388.75,7384.75,7388.0,1647
2026-05-08 03:00:00+00:00,ES,7388.0,7388.25,7380.75,7381.75,5777
2026-05-08 03:15:00+00:00,ES,7382.0,7386.25,7381.25,7385.0,3466
2026-05-08 03:30:00+00:00,ES,7385.0,7386.0,7382.0,7384.75,2668
2026-05-08 03:45:00+00:00,ES,7385.0,7388.5,7384.25,7387.25,2259
2026-05-08 04:00:00+00:00,ES,7387.25,7392.75,7386.25,7389.75,4519
2026-05-08 04:15:00+00:00,ES,7389.5,7393.75,7389.5,7392.5,3761
2026-05-08 04:30:00+00:00,ES,7392.5,7393.5,7390.75,7391.75,2577
2026-05-08 04:45:00+00:00,ES,7391.5,7394.5,7390.25,7393.75,2998
2026-05-08 05:00:00+00:00,ES,7394.0,7399.75,7393.25,7399.25,4546
2026-05-08 05:15:00+00:00,ES,7399.25,7402.25,7398.25,7399.75,4825
2026-05-08 05:30:00+00:00,ES,7399.75,7399.75,7396.25,7396.5,4731
2026-05-08 05:45:00+00:00,ES,7396.25,7396.5,7390.5,7394.5,5172
2026-05-08 06:00:00+00:00,ES,7394.75,7397.25,7394.5,7395.5,2760
2026-05-08 06:15:00+00:00,ES,7395.75,7398.25,7395.25,7396.25,2637
2026-05-08 06:30:00+00:00,ES,7396.25,7399.75,7395.75,7398.0,2290
2026-05-08 06:45:00+00:00,ES,7397.75,7397.75,7391.0,7396.25,5701
2026-05-08 07:00:00+00:00,ES,7396.25,7400.0,7396.25,7399.25,5271
2026-05-08 07:15:00+00:00,ES,7399.25,7400.25,7396.5,7399.75,3850
2026-05-08 07:30:00+00:00,ES,7399.75,7401.25,7398.75,7399.75,2612
2026-05-08 07:45:00+00:00,ES,7399.75,7402.0,7399.0,7399.75,3725
2026-05-08 08:00:00+00:00,ES,7399.75,7401.5,7398.25,7399.0,5914
2026-05-08 08:15:00+00:00,ES,7399.0,7401.5,7396.5,7401.0,5582
2026-05-08 08:30:00+00:00,ES,7401.0,7412.5,7400.25,7408.25,19473
2026-05-08 08:45:00+00:00,ES,7408.25,7408.25,7394.5,7398.25,12881
2026-05-08 09:00:00+00:00,ES,7398.0,7400.75,7389.0,7392.75,17823
2026-05-08 09:15:00+00:00,ES,7392.75,7397.25,7390.75,7396.0,13041
2026-05-08 09:30:00+00:00,ES,7395.75,7401.25,7391.75,7399.5,67485
2026-05-08 09:45:00+00:00,ES,7399.5,7413.75,7399.25,7413.5,51322
2026-05-08 10:00:00+00:00,ES,7413.5,7416.0,7409.25,7415.25,58408
2026-05-08 10:15:00+00:00,ES,7415.25,7422.75,7412.5,7415.25,51569
2026-05-08 10:30:00+00:00,ES,7415.25,7418.75,7408.25,7418.5,42131
2026-05-08 10:45:00+00:00,ES,7418.75,7422.0,7416.75,7417.75,31272
2026-05-08 11:00:00+00:00,ES,7417.75,7420.75,7411.5,7412.75,33870
2026-05-08 11:15:00+00:00,ES,7412.75,7416.75,7407.25,7416.0,34926
2026-05-08 11:30:00+00:00,ES,7416.0,7420.5,7410.0,7414.5,40631
2026-05-08 11:45:00+00:00,ES,7414.5,7420.5,7413.25,7416.0,27192
2026-05-08 12:00:00+00:00,ES,7415.75,7422.25,7415.5,7420.75,25497
2026-05-08 12:15:00+00:00,ES,7420.75,7424.25,7419.0,7422.25,18062
2026-05-08 12:30:00+00:00,ES,7422.5,7423.25,7415.0,7415.25,21667
2026-05-08 12:45:00+00:00,ES,7415.25,7420.25,7415.0,7415.75,21285
2026-05-08 13:00:00+00:00,ES,7415.75,7423.0,7414.75,7418.5,23997
2026-05-08 13:15:00+00:00,ES,7418.5,7425.0,7418.5,7423.5,19663
2026-05-08 13:30:00+00:00,ES,7423.5,7426.0,7419.5,7419.75,17247
2026-05-08 13:45:00+00:00,ES,7419.75,7423.0,7417.5,7418.75,19186
2026-05-08 14:00:00+00:00,ES,7418.75,7427.75,7418.5,7425.0,32020
2026-05-08 14:15:00+00:00,ES,7424.75,7426.5,7423.25,7424.0,14399
2026-05-08 14:30:00+00:00,ES,7424.25,7426.75,7419.0,7419.25,16846
2026-05-08 14:45:00+00:00,ES,7419.25,7419.25,7407.5,7410.75,40741
2026-05-08 15:00:00+00:00,ES,7410.5,7417.25,7410.0,7414.75,23572
2026-05-08 15:15:00+00:00,ES,7414.75,7418.75,7412.75,7412.75,24204
2026-05-08 15:30:00+00:00,ES,7413.0,7420.75,7411.5,7419.75,30856
2026-05-08 15:45:00+00:00,ES,7419.75,7422.0,7417.0,7421.25,121912
2026-05-08 16:00:00+00:00,ES,7421.25,7425.0,7418.5,7420.5,45538
2026-05-08 16:15:00+00:00,ES,7420.5,7421.75,7417.25,7421.0,6735
2026-05-08 16:30:00+00:00,ES,7420.75,7422.0,7419.5,7421.25,3332
2026-05-08 16:45:00+00:00,ES,7421.0,7422.5,7419.0,7419.0,6528
2026-05-10 18:00:00+00:00,ES,7399.5,7403.5,7398.75,7399.5,1033
2026-05-10 18:15:00+00:00,ES,7399.5,7400.25,7390.5,7399.75,3697
2026-05-10 18:30:00+00:00,ES,7399.5,7400.0,7395.25,7398.75,1538
2026-05-10 18:45:00+00:00,ES,7398.75,7406.25,7398.5,7404.5,2561
2026-05-10 19:00:00+00:00,ES,7404.25,7409.0,7403.25,7406.25,2776
2026-05-10 19:15:00+00:00,ES,7406.25,7409.0,7403.25,7404.0,1580
2026-05-10 19:30:00+00:00,ES,7404.0,7405.0,7402.0,7403.75,1664
2026-05-10 19:45:00+00:00,ES,7404.0,7405.5,7401.25,7402.75,1922
2026-05-10 20:00:00+00:00,ES,7402.75,7408.75,7402.5,7408.25,3734
2026-05-10 20:15:00+00:00,ES,7408.0,7412.0,7405.25,7410.25,3100
2026-05-10 20:30:00+00:00,ES,7410.5,7412.75,7410.25,7411.25,3129
2026-05-10 20:45:00+00:00,ES,7411.0,7411.5,7397.0,7402.25,6869
2026-05-10 21:00:00+00:00,ES,7402.25,7405.5,7398.0,7404.5,5364
2026-05-10 21:15:00+00:00,ES,7404.75,7410.25,7403.25,7408.5,2792
2026-05-10 21:30:00+00:00,ES,7408.5,7409.0,7405.75,7408.75,2185
2026-05-10 21:45:00+00:00,ES,7408.75,7411.25,7407.75,7411.0,2056
2026-05-10 22:00:00+00:00,ES,7411.0,7413.0,7409.5,7411.75,2399
2026-05-10 22:15:00+00:00,ES,7411.5,7413.75,7410.0,7413.25,1385
2026-05-10 22:30:00+00:00,ES,7413.25,7414.5,7410.25,7412.75,1678
2026-05-10 22:45:00+00:00,ES,7412.75,7413.5,7411.0,7411.25,1132
2026-05-10 23:00:00+00:00,ES,7411.25,7411.25,7407.5,7410.5,2165
2026-05-10 23:15:00+00:00,ES,7410.5,7413.25,7409.0,7413.0,1519
2026-05-10 23:30:00+00:00,ES,7413.0,7415.5,7412.0,7414.75,1800
2026-05-10 23:45:00+00:00,ES,7414.75,7414.75,7411.0,7411.5,1140
2026-05-11 00:00:00+00:00,ES,7411.25,7411.5,7406.75,7409.75,1506
2026-05-11 00:15:00+00:00,ES,7410.0,7412.75,7410.0,7411.5,1195
2026-05-11 00:30:00+00:00,ES,7411.75,7412.5,7411.0,7411.5,748
2026-05-11 00:45:00+00:00,ES,7411.25,7413.25,7410.75,7412.75,695
2026-05-11 01:00:00+00:00,ES,7413.0,7413.75,7411.75,7412.75,973
2026-05-11 01:15:00+00:00,ES,7412.75,7415.0,7412.0,7413.75,1548
2026-05-11 01:30:00+00:00,ES,7413.75,7415.0,7410.5,7410.75,1412
2026-05-11 01:45:00+00:00,ES,7410.75,7412.75,7410.25,7410.5,1579
2026-05-11 02:00:00+00:00,ES,7410.5,7414.75,7410.5,7413.5,1798
2026-05-11 02:15:00+00:00,ES,7413.5,7416.25,7411.5,7415.0,1939
2026-05-11 02:30:00+00:00,ES,7414.75,7415.25,7410.0,7411.25,1970
2026-05-11 02:45:00+00:00,ES,7411.25,7413.75,7409.5,7413.0,2612
2026-05-11 03:00:00+00:00,ES,7413.0,7413.75,7410.0,7410.75,4022
2026-05-11 03:15:00+00:00,ES,7410.75,7413.25,7410.0,7412.0,2332
2026-05-11 03:30:00+00:00,ES,7412.0,7415.0,7410.0,7412.0,3761
2026-05-11 03:45:00+00:00,ES,7412.0,7414.25,7411.75,7414.25,1553
2026-05-11 04:00:00+00:00,ES,7414.25,7416.75,7410.0,7412.5,6216
2026-05-11 04:15:00+00:00,ES,7412.5,7417.75,7412.25,7412.25,3448
2026-05-11 04:30:00+00:00,ES,7412.5,7415.0,7412.0,7414.5,2661
2026-05-11 04:45:00+00:00,ES,7414.5,7416.25,7414.0,7414.0,2034
2026-05-11 05:00:00+00:00,ES,7413.75,7417.75,7413.0,7414.75,3997
2026-05-11 05:15:00+00:00,ES,7414.75,7418.25,7414.25,7416.5,2293
2026-05-11 05:30:00+00:00,ES,7416.5,7419.25,7416.5,7419.25,2524
2026-05-11 05:45:00+00:00,ES,7419.25,7420.75,7414.75,7415.0,5088
2026-05-11 06:00:00+00:00,ES,7414.75,7416.75,7414.0,7415.75,2573
2026-05-11 06:15:00+00:00,ES,7415.5,7416.5,7414.25,7415.0,2001
2026-05-11 06:30:00+00:00,ES,7415.0,7415.25,7411.0,7413.75,3148
2026-05-11 06:45:00+00:00,ES,7413.75,7414.0,7411.25,7412.25,1999
2026-05-11 07:00:00+00:00,ES,7412.25,7415.75,7412.0,7414.0,4506
2026-05-11 07:15:00+00:00,ES,7413.75,7417.75,7413.0,7417.25,3171
2026-05-11 07:30:00+00:00,ES,7417.25,7420.25,7415.0,7415.25,5052
2026-05-11 07:45:00+00:00,ES,7415.5,7415.5,7410.75,7414.0,4370
2026-05-11 08:00:00+00:00,ES,7414.0,7415.75,7408.5,7410.25,9578
2026-05-11 08:15:00+00:00,ES,7410.25,7412.25,7408.25,7411.75,5400
2026-05-11 08:30:00+00:00,ES,7411.5,7414.5,7408.75,7409.0,6305
2026-05-11 08:45:00+00:00,ES,7408.75,7411.0,7402.5,7408.75,10693
2026-05-11 09:00:00+00:00,ES,7408.75,7412.75,7406.75,7412.25,7053
2026-05-11 09:15:00+00:00,ES,7412.25,7414.0,7409.0,7410.25,9056
2026-05-11 09:30:00+00:00,ES,7410.0,7429.5,7410.0,7429.5,75420
2026-05-11 09:45:00+00:00,ES,7429.5,7437.25,7429.0,7432.75,57281
2026-05-11 10:00:00+00:00,ES,7432.5,7436.5,7430.5,7436.5,33612
2026-05-11 10:15:00+00:00,ES,7436.5,7442.0,7430.25,7430.25,47705
2026-05-11 10:30:00+00:00,ES,7430.25,7437.0,7421.5,7435.75,63317
2026-05-11 10:45:00+00:00,ES,7435.75,7445.75,7432.5,7443.0,45393
2026-05-11 11:00:00+00:00,ES,7442.75,7443.75,7436.75,7437.5,25827
2026-05-11 11:15:00+00:00,ES,7437.5,7447.25,7435.75,7447.0,26980
2026-05-11 11:30:00+00:00,ES,7447.0,7448.25,7443.25,7444.75,33043
2026-05-11 11:45:00+00:00,ES,7445.0,7449.75,7443.5,7448.5,27214
2026-05-11 12:00:00+00:00,ES,7448.25,7449.25,7446.25,7447.25,15580
2026-05-11 12:15:00+00:00,ES,7447.25,7450.5,7445.5,7449.5,19418
2026-05-11 12:30:00+00:00,ES,7449.5,7450.5,7434.25,7442.75,42560
2026-05-11 12:45:00+00:00,ES,7442.75,7445.25,7436.5,7439.5,28376
2026-05-11 13:00:00+00:00,ES,7439.5,7442.75,7436.0,7436.75,18920
2026-05-11 13:15:00+00:00,ES,7436.5,7444.75,7434.75,7444.0,25492
2026-05-11 13:30:00+00:00,ES,7444.0,7453.0,7444.0,7452.5,24674
2026-05-11 13:45:00+00:00,ES,7452.75,7454.75,7447.75,7448.0,19779
2026-05-11 14:00:00+00:00,ES,7448.25,7452.75,7448.0,7449.75,15604
2026-05-11 14:15:00+00:00,ES,7449.5,7451.5,7447.0,7449.5,17441
2026-05-11 14:30:00+00:00,ES,7449.75,7449.75,7442.25,7443.75,20708
2026-05-11 14:45:00+00:00,ES,7443.75,7444.0,7431.0,7431.25,32949
2026-05-11 15:00:00+00:00,ES,7431.5,7438.0,7428.0,7434.0,42294
2026-05-11 15:15:00+00:00,ES,7433.75,7434.25,7427.5,7431.25,30166
2026-05-11 15:30:00+00:00,ES,7431.25,7435.0,7428.25,7428.5,31041
2026-05-11 15:45:00+00:00,ES,7428.25,7439.0,7427.75,7438.75,104924
2026-05-11 16:00:00+00:00,ES,7439.0,7440.25,7426.0,7434.5,39016
2026-05-11 16:15:00+00:00,ES,7434.5,7435.5,7431.75,7434.5,4960
2026-05-11 16:30:00+00:00,ES,7434.25,7436.75,7434.0,7435.75,3546
2026-05-11 16:45:00+00:00,ES,7435.5,7436.75,7433.5,7435.0,3955
2026-05-11 18:00:00+00:00,ES,7435.5,7440.75,7434.25,7440.5,1432
2026-05-11 18:15:00+00:00,ES,7440.25,7442.0,7439.75,7441.25,1067
2026-05-11 18:30:00+00:00,ES,7441.25,7443.25,7441.25,7443.25,794
2026-05-11 18:45:00+00:00,ES,7443.0,7443.75,7440.5,7441.0,820
2026-05-11 19:00:00+00:00,ES,7441.25,7441.75,7440.25,7440.5,516
2026-05-11 19:15:00+00:00,ES,7440.5,7441.5,7438.5,7441.5,920
2026-05-11 19:30:00+00:00,ES,7441.25,7441.5,7439.5,7440.5,571
2026-05-11 19:45:00+00:00,ES,7440.5,7440.5,7436.25,7438.75,1271
2026-05-11 20:00:00+00:00,ES,7438.5,7438.75,7432.0,7433.0,2654
2026-05-11 20:15:00+00:00,ES,7433.0,7434.75,7428.75,7431.75,2584
2026-05-11 20:30:00+00:00,ES,7431.75,7434.25,7429.25,7430.25,2307
2026-05-11 20:45:00+00:00,ES,7430.25,7432.0,7429.5,7429.75,1389
2026-05-11 21:00:00+00:00,ES,7429.75,7432.0,7429.0,7430.0,1654
2026-05-11 21:15:00+00:00,ES,7430.0,7430.0,7423.0,7424.75,4747
2026-05-11 21:30:00+00:00,ES,7424.25,7425.25,7411.25,7416.5,9004
2026-05-11 21:45:00+00:00,ES,7416.5,7422.0,7416.0,7419.0,4402
2026-05-11 22:00:00+00:00,ES,7419.25,7429.0,7417.75,7427.75,3800
2026-05-11 22:15:00+00:00,ES,7428.0,7428.25,7423.5,7426.0,2701
2026-05-11 22:30:00+00:00,ES,7425.75,7426.75,7423.25,7424.75,1471
2026-05-11 22:45:00+00:00,ES,7425.0,7430.75,7425.0,7429.25,1962
2026-05-11 23:00:00+00:00,ES,7429.25,7430.25,7425.0,7427.25,1123
2026-05-11 23:15:00+00:00,ES,7427.25,7427.5,7425.75,7427.0,814
2026-05-11 23:30:00+00:00,ES,7427.0,7429.75,7427.0,7428.5,738
2026-05-11 23:45:00+00:00,ES,7428.5,7429.0,7424.25,7425.25,1697
2026-05-12 00:00:00+00:00,ES,7427.5,7427.5,7424.5,7425.25,727
2026-05-12 00:15:00+00:00,ES,7425.0,7427.5,7425.0,7426.0,1154
2026-05-12 00:30:00+00:00,ES,7426.0,7427.5,7425.25,7427.0,858
2026-05-12 00:45:00+00:00,ES,7427.25,7427.5,7420.75,7420.75,1962
2026-05-12 01:00:00+00:00,ES,7420.75,7423.5,7419.25,7420.25,1525
2026-05-12 01:15:00+00:00,ES,7420.25,7424.0,7418.5,7423.0,1587
2026-05-12 01:30:00+00:00,ES,7422.75,7423.25,7419.0,7420.0,1613
2026-05-12 01:45:00+00:00,ES,7420.0,7424.0,7420.0,7421.5,1338
2026-05-12 02:00:00+00:00,ES,7421.5,7422.75,7417.75,7419.75,2567
2026-05-12 02:15:00+00:00,ES,7419.75,7420.75,7415.0,7415.75,2493
2026-05-12 02:30:00+00:00,ES,7416.0,7416.75,7412.0,7413.75,2679
2026-05-12 02:45:00+00:00,ES,7413.75,7415.0,7408.25,7408.75,3642
2026-05-12 03:00:00+00:00,ES,7409.0,7410.5,7402.25,7409.75,8474
2026-05-12 03:15:00+00:00,ES,7409.75,7416.25,7409.5,7412.75,4596
2026-05-12 03:30:00+00:00,ES,7413.0,7417.25,7412.5,7415.0,2697
2026-05-12 03:45:00+00:00,ES,7415.0,7417.25,7413.5,7416.0,2761
2026-05-12 04:00:00+00:00,ES,7416.0,7416.75,7407.5,7407.5,6154
2026-05-12 04:15:00+00:00,ES,7407.5,7411.25,7405.5,7410.25,3908
2026-05-12 04:30:00+00:00,ES,7410.5,7411.25,7406.25,7407.0,2957
2026-05-12 04:45:00+00:00,ES,7407.0,7409.5,7405.75,7409.5,2606
2026-05-12 05:00:00+00:00,ES,7409.5,7411.25,7403.25,7408.5,3540
2026-05-12 05:15:00+00:00,ES,7408.5,7411.5,7406.25,7409.5,2362
2026-05-12 05:30:00+00:00,ES,7409.5,7416.5,7409.5,7410.25,5831
2026-05-12 05:45:00+00:00,ES,7410.25,7413.25,7409.25,7411.5,1985
2026-05-12 06:00:00+00:00,ES,7411.5,7416.0,7411.5,7415.25,2198
2026-05-12 06:15:00+00:00,ES,7415.0,7415.25,7410.0,7412.5,2823
2026-05-12 06:30:00+00:00,ES,7412.5,7413.0,7407.75,7409.75,2666
2026-05-12 06:45:00+00:00,ES,7409.5,7412.0,7406.75,7412.0,3063
2026-05-12 07:00:00+00:00,ES,7411.75,7413.75,7402.0,7405.25,9032
2026-05-12 07:15:00+00:00,ES,7405.25,7406.5,7402.75,7406.0,3554
2026-05-12 07:30:00+00:00,ES,7406.25,7412.0,7405.5,7409.0,3606
2026-05-12 07:45:00+00:00,ES,7409.25,7411.25,7407.75,7407.75,2912
2026-05-12 08:00:00+00:00,ES,7407.75,7408.25,7402.0,7407.5,5401
2026-05-12 08:15:00+00:00,ES,7407.25,7407.75,7402.75,7407.5,4740
2026-05-12 08:30:00+00:00,ES,7407.5,7416.5,7398.75,7414.25,19712
2026-05-12 08:45:00+00:00,ES,7414.5,7420.75,7414.0,7419.5,9511
2026-05-12 09:00:00+00:00,ES,7419.5,7421.25,7415.75,7418.5,9178
2026-05-12 09:15:00+00:00,ES,7418.5,7418.5,7412.75,7414.0,12048
2026-05-12 09:30:00+00:00,ES,7414.0,7417.5,7400.25,7412.25,85799
2026-05-12 09:45:00+00:00,ES,7412.5,7414.0,7393.5,7396.25,77730
2026-05-12 10:00:00+00:00,ES,7396.0,7406.5,7391.5,7406.0,72353
2026-05-12 10:15:00+00:00,ES,7406.25,7408.75,7390.5,7394.25,56066
2026-05-12 10:30:00+00:00,ES,7394.25,7397.0,7380.0,7391.25,82284
2026-05-12 10:45:00+00:00,ES,7391.25,7391.5,7381.75,7383.0,49213
2026-05-12 11:00:00+00:00,ES,7383.0,7385.5,7376.75,7377.25,51136
2026-05-12 11:15:00+00:00,ES,7377.25,7377.5,7363.25,7368.25,67290
2026-05-12 11:30:00+00:00,ES,7368.25,7380.75,7366.0,7380.25,49663
2026-05-12 11:45:00+00:00,ES,7380.5,7382.75,7368.75,7369.75,37008
2026-05-12 12:00:00+00:00,ES,7370.0,7380.0,7366.25,7378.5,37306
2026-05-12 12:15:00+00:00,ES,7378.5,7379.25,7370.75,7372.5,23986
2026-05-12 12:30:00+00:00,ES,7372.5,7375.5,7367.0,7369.5,29117
2026-05-12 12:45:00+00:00,ES,7369.25,7371.0,7363.5,7366.25,30011
2026-05-12 13:00:00+00:00,ES,7366.25,7379.25,7365.25,7378.5,33936
2026-05-12 13:15:00+00:00,ES,7378.25,7395.75,7378.25,7388.75,47307
2026-05-12 13:30:00+00:00,ES,7388.75,7395.25,7386.75,7393.0,35767
2026-05-12 13:45:00+00:00,ES,7393.25,7397.25,7389.0,7396.0,31013
2026-05-12 14:00:00+00:00,ES,7396.0,7397.75,7391.75,7395.75,34013
2026-05-12 14:15:00+00:00,ES,7395.75,7410.0,7395.25,7407.0,46833
2026-05-12 14:30:00+00:00,ES,7407.0,7409.75,7403.5,7407.5,27535
2026-05-12 14:45:00+00:00,ES,7407.5,7410.5,7402.75,7405.25,27444
2026-05-12 15:00:00+00:00,ES,7405.25,7418.5,7404.75,7416.25,31140
2026-05-12 15:15:00+00:00,ES,7416.5,7419.5,7410.5,7416.0,27520
2026-05-12 15:30:00+00:00,ES,7416.0,7425.75,7415.75,7425.0,35935
2026-05-12 15:45:00+00:00,ES,7424.75,7433.75,7422.5,7428.0,152062
2026-05-12 16:00:00+00:00,ES,7428.25,7428.75,7415.75,7420.0,41486
2026-05-12 16:15:00+00:00,ES,7420.0,7422.0,7416.5,7419.5,6222
2026-05-12 16:30:00+00:00,ES,7419.25,7421.0,7416.0,7419.75,4259
2026-05-12 16:45:00+00:00,ES,7419.75,7422.25,7419.5,7420.5,4602
2026-05-12 18:00:00+00:00,ES,7419.25,7425.0,7419.25,7423.0,1545
2026-05-12 18:15:00+00:00,ES,7422.75,7427.5,7422.75,7425.5,1913
2026-05-12 18:30:00+00:00,ES,7425.5,7426.75,7424.5,7424.75,779
2026-05-12 18:45:00+00:00,ES,7424.75,7425.75,7421.5,7421.75,1128
2026-05-12 19:00:00+00:00,ES,7421.75,7423.5,7418.0,7420.25,2039
2026-05-12 19:15:00+00:00,ES,7420.5,7421.5,7418.75,7419.25,760
2026-05-12 19:30:00+00:00,ES,7419.25,7419.5,7412.25,7413.0,1840
2026-05-12 19:45:00+00:00,ES,7413.0,7416.25,7411.75,7412.0,1864
2026-05-12 20:00:00+00:00,ES,7411.75,7416.5,7410.0,7412.5,3359
2026-05-12 20:15:00+00:00,ES,7412.5,7423.25,7412.25,7417.25,3296
2026-05-12 20:30:00+00:00,ES,7417.5,7421.75,7415.0,7419.75,2436
2026-05-12 20:45:00+00:00,ES,7419.75,7421.25,7415.75,7420.5,1788
2026-05-12 21:00:00+00:00,ES,7420.25,7425.75,7420.0,7425.0,2668
2026-05-12 21:15:00+00:00,ES,7424.75,7427.0,7421.75,7426.75,2538
2026-05-12 21:30:00+00:00,ES,7426.75,7429.75,7424.75,7429.25,2229
2026-05-12 21:45:00+00:00,ES,7429.5,7436.5,7428.5,7429.0,4673
2026-05-12 22:00:00+00:00,ES,7428.75,7431.0,7425.25,7427.75,2833
2026-05-12 22:15:00+00:00,ES,7427.75,7431.5,7427.0,7431.0,1861
2026-05-12 22:30:00+00:00,ES,7431.0,7432.0,7429.0,7429.5,1052
2026-05-12 22:45:00+00:00,ES,7429.75,7430.5,7428.25,7429.25,1051
2026-05-12 23:00:00+00:00,ES,7429.0,7429.75,7425.5,7426.0,2129
2026-05-12 23:15:00+00:00,ES,7426.0,7430.75,7425.75,7430.75,1335
2026-05-12 23:30:00+00:00,ES,7431.0,7436.0,7431.0,7435.5,1422
2026-05-12 23:45:00+00:00,ES,7435.25,7435.5,7433.0,7434.75,1124
